global_signal	global_signal_derivative1	global_signal_derivative1_power2	global_signal_power2	csf	csf_derivative1	csf_derivative1_power2	csf_power2	white_matter	white_matter_derivative1	white_matter_derivative1_power2	white_matter_power2	csf_wm	tcompcor	std_dvars	dvars	framewise_displacement	rmsd	t_comp_cor_00	t_comp_cor_01	t_comp_cor_02	t_comp_cor_03	t_comp_cor_04	t_comp_cor_05	t_comp_cor_06	c_comp_cor_00	c_comp_cor_01	c_comp_cor_02	c_comp_cor_03	w_comp_cor_00	w_comp_cor_01	w_comp_cor_02	w_comp_cor_03	w_comp_cor_04	w_comp_cor_05	w_comp_cor_06	w_comp_cor_07	a_comp_cor_00	a_comp_cor_01	a_comp_cor_02	a_comp_cor_03	a_comp_cor_04	a_comp_cor_05	a_comp_cor_06	a_comp_cor_07	a_comp_cor_08	edge_comp_00	edge_comp_01	edge_comp_02	edge_comp_03	edge_comp_04	edge_comp_05	edge_comp_06	edge_comp_07	edge_comp_08	edge_comp_09	edge_comp_10	edge_comp_11	edge_comp_12	edge_comp_13	edge_comp_14	edge_comp_15	edge_comp_16	edge_comp_17	edge_comp_18	edge_comp_19	edge_comp_20	edge_comp_21	edge_comp_22	edge_comp_23	cosine00	cosine01	cosine02	cosine03	cosine04	trans_x	trans_x_derivative1	trans_x_power2	trans_x_derivative1_power2	trans_y	trans_y_derivative1	trans_y_derivative1_power2	trans_y_power2	trans_z	trans_z_derivative1	trans_z_derivative1_power2	trans_z_power2	rot_x	rot_x_derivative1	rot_x_derivative1_power2	rot_x_power2	rot_y	rot_y_derivative1	rot_y_power2	rot_y_derivative1_power2	rot_z	rot_z_derivative1	rot_z_derivative1_power2	rot_z_power2	motion_outlier00	motion_outlier01	motion_outlier02	motion_outlier03	motion_outlier04	motion_outlier05	motion_outlier06	motion_outlier07	motion_outlier08	motion_outlier09	motion_outlier10	motion_outlier11	motion_outlier12	motion_outlier13	motion_outlier14	motion_outlier15	motion_outlier16	motion_outlier17	motion_outlier18	motion_outlier19	motion_outlier20	motion_outlier21	motion_outlier22	motion_outlier23	motion_outlier24	motion_outlier25	motion_outlier26	motion_outlier27	motion_outlier28	motion_outlier29	motion_outlier30	motion_outlier31	motion_outlier32	motion_outlier33	motion_outlier34	motion_outlier35	motion_outlier36	motion_outlier37	motion_outlier38	motion_outlier39	motion_outlier40	motion_outlier41	motion_outlier42	motion_outlier43	motion_outlier44	motion_outlier45	motion_outlier46	motion_outlier47	motion_outlier48	motion_outlier49	motion_outlier50	motion_outlier51	motion_outlier52	motion_outlier53	motion_outlier54	motion_outlier55	motion_outlier56	motion_outlier57	motion_outlier58	motion_outlier59	motion_outlier60	motion_outlier61	motion_outlier62	motion_outlier63	motion_outlier64	motion_outlier65	motion_outlier66	motion_outlier67	motion_outlier68	motion_outlier69	motion_outlier70	motion_outlier71	motion_outlier72	motion_outlier73	motion_outlier74	motion_outlier75	motion_outlier76	motion_outlier77	motion_outlier78	motion_outlier79	motion_outlier80	motion_outlier81	motion_outlier82	motion_outlier83	motion_outlier84	motion_outlier85	motion_outlier86	motion_outlier87	motion_outlier88	motion_outlier89	motion_outlier90	motion_outlier91	motion_outlier92	motion_outlier93	motion_outlier94	motion_outlier95	motion_outlier96	motion_outlier97	motion_outlier98	motion_outlier99	motion_outlier100	motion_outlier101	motion_outlier102	motion_outlier103	motion_outlier104	motion_outlier105	motion_outlier106	motion_outlier107	motion_outlier108	motion_outlier109
5272.834806016586	n/a	n/a	27802786.89153997	4146.190842664282	n/a	n/a	17190898.50379315	3460.2256791170544	n/a	n/a	11973161.75042108	3531.880419314747	6765.22889112928	n/a	n/a	n/a	n/a	0.006829296	-0.0330733254	0.0470259467	0.0870549064	-0.014820106	0.0342798736	-0.1119262423	0.0894533382	-0.1783777414	0.2929299601	-0.3268044742	-0.0138874377	-0.2823705853	0.3821391775	0.0012771541	-0.0505760807	0.0110520692	-0.1678312388	0.1545840414	0.0167866225	-0.2951235402	0.2653884803	0.1193781633	-0.2215514383	0.0777769475	-0.1144155098	0.2639797416	-0.0942092538	-0.0086285455	0.0352051166	-0.007945637	-0.120028218	0.0800224386	-0.0821978073	0.1045288776	-0.0711337269	0.1412008077	-0.2183087507	0.0228287947	-0.0551428381	0.1705403095	-0.1349722396	0.0744456286	-0.2281417408	0.0162042406	-0.0834298549	0.1134514036	-0.1474074676	0.0938388558	-0.2869480409	0.585865654	-0.1825849539	0.0955612383	0.0955538639	0.0955415737	0.0955243683	0.0955022485	0.0018657614276094	n/a	3.4810657047550665e-06	n/a	-0.4056436306647697	n/a	n/a	0.1645467550988961	-2.46007878777705	n/a	n/a	6.0519876420706	-0.0213437877525166	n/a	n/a	0.0004555572756244	0.0053049375636855	n/a	2.814236255460145e-05	n/a	-0.0022776722428929	n/a	n/a	5.187790846044773e-06	0.0	0.0	0.0	0.0	0.0	0.0	0.0	0.0	0.0	0.0	0.0	0.0	0.0	0.0	0.0	0.0	0.0	0.0	0.0	0.0	0.0	0.0	0.0	0.0	0.0	0.0	0.0	0.0	0.0	0.0	0.0	0.0	0.0	0.0	0.0	0.0	0.0	0.0	0.0	0.0	0.0	0.0	0.0	0.0	0.0	0.0	0.0	0.0	0.0	0.0	0.0	0.0	0.0	0.0	0.0	0.0	0.0	0.0	0.0	0.0	0.0	0.0	0.0	0.0	0.0	0.0	0.0	0.0	0.0	0.0	0.0	0.0	0.0	0.0	0.0	0.0	0.0	0.0	0.0	0.0	0.0	0.0	0.0	0.0	0.0	0.0	0.0	0.0	0.0	0.0	0.0	0.0	0.0	0.0	0.0	0.0	0.0	0.0	0.0	0.0	0.0	0.0	0.0	0.0	0.0	0.0	0.0	0.0	0.0	0.0
4948.242188299185	-324.5926177174015	105360.36747663512	24485100.754063904	3566.5748605565404	-579.6159821077417	335954.686714722	12720456.235953908	3303.122335386184	-157.10334373087017	24681.46061141994	10910617.16252708	3363.395400786064	5626.778035988008	4.249959	263.866516	5.981773069185743	4.087589636620329	0.4387257419	0.1817752785	0.0839431385	-0.1148748625	-0.0542174849	0.0634635562	-0.1182896493	-0.3189888296	-0.1471993493	-0.2791913925	0.0644187489	-0.361862887	-0.1786067684	-0.3122361022	-0.1360227326	0.1613869049	-0.2737993572	0.3439555947	0.0099632069	0.3550233748	-0.0851453584	-0.1811210667	-0.0889132134	0.4172854609	-0.3512974537	0.1965220019	-0.0427287684	-0.2673346909	0.4709506765	-0.085073821	0.1611405534	-0.4150981163	-0.4943229177	0.2720306795	-0.2837556711	0.031768528	-0.1955164086	-0.1320784626	-0.1437067496	0.1051852839	0.094731873	-0.0201908899	0.0321227118	0.0029182657	-0.0392106523	0.0522181927	0.0519452068	0.0173293621	-0.025665387	0.0079794001	0.0048953116	0.0603155561	0.0955415737	0.0954752155	0.0953646527	0.0952099364	0.0950111383	-0.4024421344594202	-0.4043078958870296	0.161959671588254	0.1634648746765971	-0.0815637651087399	0.3240798655560298	0.1050277592588143	0.0066526477787136	1.437072558153659	3.897151345930709	15.187788613089536	2.0651775373983017	-0.0377482734967167	-0.0164044857442001	0.0002691071525316	0.0014249321519829	0.0147333635839834	0.0094284260202978	0.0002170720024978	8.889521722023047e-05	-0.0009859047711514	0.0012917674717415	1.6686632010494267e-06	9.720082177790944e-07	1.0	0.0	0.0	0.0	0.0	0.0	0.0	0.0	0.0	0.0	0.0	0.0	0.0	0.0	0.0	0.0	0.0	0.0	0.0	0.0	0.0	0.0	0.0	0.0	0.0	0.0	0.0	0.0	0.0	0.0	0.0	0.0	0.0	0.0	0.0	0.0	0.0	0.0	0.0	0.0	0.0	0.0	0.0	0.0	0.0	0.0	0.0	0.0	0.0	0.0	0.0	0.0	0.0	0.0	0.0	0.0	0.0	0.0	0.0	0.0	0.0	0.0	0.0	0.0	0.0	0.0	0.0	0.0	0.0	0.0	0.0	0.0	0.0	0.0	0.0	0.0	0.0	0.0	0.0	0.0	0.0	0.0	0.0	0.0	0.0	0.0	0.0	0.0	0.0	0.0	0.0	0.0	0.0	0.0	0.0	0.0	0.0	0.0	0.0	0.0	0.0	0.0	0.0	0.0	0.0	0.0	0.0	0.0	0.0	0.0
5002.877953191088	54.63576489190291	2985.0668053232903	25028787.814525448	3217.8425980916204	-348.73226246492004	121614.19088390189	10354510.98609303	3311.191160698157	8.068825311972887	65.10594191513435	10963986.902685609	3267.360100168577	5599.762415655246	4.021732	249.696655	1.733334014558301	1.049830645534901	0.2898475071	-0.0403265881	-0.1279938192	-0.0822396115	-0.0063098412	-0.37021134	0.3724638022	-0.4139175205	-0.35861042	0.1373282619	0.2464738494	-0.3393038625	-0.1246472612	0.1441895105	-0.5198285825	0.0703056195	0.2367512406	-0.1441495745	-0.0021806324	0.3896140125	-0.1589512661	0.4044971428	-0.227616559	0.2234391804	0.3241201953	-0.1263261393	-0.1593587082	0.1097700988	0.0841946007	0.0342182082	0.1037276137	-0.2650412889	-0.0650399259	-0.0400647629	0.3431647504	-0.0896320861	0.4884210227	-0.0925143723	0.0827337621	0.0112534064	-0.4210277357	0.2145557049	-0.0577443853	-0.0632478916	-0.2212022273	-0.113624486	-0.1255487401	-0.0913302003	-0.100198542	-0.0244631788	-0.0732902401	-0.0084860919	0.0955022485	0.0953179834	0.0950111383	0.0945821078	0.0940314435	-0.4865584226637622	-0.084116288204342	0.2367390986650482	0.0070755499412759	-0.1832335115378498	-0.1016697464291099	0.0103367373389595	0.0335745197504913	2.420034283796753	0.982961725643094	0.9662137540792493	5.856565934751663	-0.0322911729600331	0.0054571005366836	2.9779946267472437e-05	0.0010427198511347	0.0100639970252842	-0.0046693665586991	0.0001012840361249	2.1802984059498404e-05	-0.0021511627614037	-0.0011652579902523	1.3578261838468292e-06	4.627501226049992e-06	0.0	1.0	0.0	0.0	0.0	0.0	0.0	0.0	0.0	0.0	0.0	0.0	0.0	0.0	0.0	0.0	0.0	0.0	0.0	0.0	0.0	0.0	0.0	0.0	0.0	0.0	0.0	0.0	0.0	0.0	0.0	0.0	0.0	0.0	0.0	0.0	0.0	0.0	0.0	0.0	0.0	0.0	0.0	0.0	0.0	0.0	0.0	0.0	0.0	0.0	0.0	0.0	0.0	0.0	0.0	0.0	0.0	0.0	0.0	0.0	0.0	0.0	0.0	0.0	0.0	0.0	0.0	0.0	0.0	0.0	0.0	0.0	0.0	0.0	0.0	0.0	0.0	0.0	0.0	0.0	0.0	0.0	0.0	0.0	0.0	0.0	0.0	0.0	0.0	0.0	0.0	0.0	0.0	0.0	0.0	0.0	0.0	0.0	0.0	0.0	0.0	0.0	0.0	0.0	0.0	0.0	0.0	0.0	0.0	0.0
4874.707218171216	-128.17073501987215	16427.737315534283	23762770.46289055	3614.8694862131374	397.026888121517	157630.34989145558	13067281.402354833	3232.208608520743	-78.98255217741416	6238.243548457951	10447172.488995597	3304.463716117429	5681.904344571437	4.797365	297.853241	4.225363218576893	2.11433174528431	0.5616064406	0.0975180843	0.2813254195	-0.1222422446	-0.1275237303	-0.0434707204	-0.1618665983	-0.4174900043	0.1882892152	-0.3832166536	-0.4798673204	-0.4971075388	0.5208096962	0.0446524102	0.2057331803	-0.1862251076	-0.1073387952	-0.2747202807	0.0900233173	0.4863271145	0.4698323632	-0.2339494202	0.1801086642	-0.2939000073	0.1704854825	-0.2373286211	0.0879342347	-0.1110118564	0.7340577487	-0.2227879994	-0.0777723957	0.438293459	0.3673668171	-0.0454067442	-0.0049049759	-0.0203169203	0.0397714221	0.0060939012	-0.0033924169	-0.0379227526	-0.0335112011	0.0099121451	0.0069690009	0.0243308951	-0.0065517665	-0.0631630931	-0.0579731861	-0.0001730764	0.0389633219	-0.022447654	-0.0340521139	-0.01642499	0.0954432708	0.0950822971	0.0944816852	0.0936429488	0.0925682019	-0.0713786817351973	0.4151797409285649	0.0050949162062545	0.1723742172775103	0.455048445955839	0.6382819574936888	0.4074038572619751	0.2070690881668241	3.2376431447498675	0.8176088609531145	0.6684842495090493	10.482333132745811	0.0011830027441434	0.0334741757041765	0.001120520439074	1.3994954926508149e-06	0.0039396963427862	-0.006124300682498	1.552120727336296e-05	3.750705884964547e-05	0.0053362140359523	0.0074873767973559	5.6060811305584985e-05	2.8475180237494333e-05	0.0	0.0	1.0	0.0	0.0	0.0	0.0	0.0	0.0	0.0	0.0	0.0	0.0	0.0	0.0	0.0	0.0	0.0	0.0	0.0	0.0	0.0	0.0	0.0	0.0	0.0	0.0	0.0	0.0	0.0	0.0	0.0	0.0	0.0	0.0	0.0	0.0	0.0	0.0	0.0	0.0	0.0	0.0	0.0	0.0	0.0	0.0	0.0	0.0	0.0	0.0	0.0	0.0	0.0	0.0	0.0	0.0	0.0	0.0	0.0	0.0	0.0	0.0	0.0	0.0	0.0	0.0	0.0	0.0	0.0	0.0	0.0	0.0	0.0	0.0	0.0	0.0	0.0	0.0	0.0	0.0	0.0	0.0	0.0	0.0	0.0	0.0	0.0	0.0	0.0	0.0	0.0	0.0	0.0	0.0	0.0	0.0	0.0	0.0	0.0	0.0	0.0	0.0	0.0	0.0	0.0	0.0	0.0	0.0	0.0
5234.845803017427	360.1385848462114	129699.80029503182	27403610.58136917	4599.523726844137	984.6542406309997	969543.9735926104	21155618.51380218	3467.5167903128386	235.30818179209564	55369.94041830193	12023672.69110145	3591.9739756517006	6571.735186857561	5.000851	310.48703	4.562284514497421	3.3414505362897065	-0.0425178545	0.0192580012	0.026336069	0.048485058	0.0167033233	0.1359791777	-0.1821829166	0.3558227396	-0.2201524186	-0.3928015931	0.3430557471	-0.0361991176	-0.2931480539	-0.2555584621	0.3061045066	-0.120858752	-0.267880583	-0.255510618	-0.0564873514	0.0152466759	-0.3217701567	-0.3990176512	0.0992723811	-0.0491359283	-0.1311549753	-0.250566104	-0.0802532651	-0.1017075473	-0.0536341137	0.0663172145	0.0020207963	0.0097507155	0.0442330279	-0.0939516171	-0.0236188848	-0.034932207	-0.0599838046	0.0376653036	-0.0214442844	0.0016172423	0.2347087741	-0.0693860529	-0.0379888731	-0.1789522612	0.1776801238	0.0643079704	-0.0620279184	0.0458990501	-0.0615406213	-0.1094707741	0.1036123552	0.1657337791	0.0953646527	0.0947683504	0.0937772737	0.092395551	0.0906289382	0.0647275239324756	0.1361062056676729	0.0041896523544292	0.0185248992212508	-0.2625808267613934	-0.7176292727172324	0.5149917730606639	0.0689486905826968	-0.0371380383099477	-3.2747811830598152	10.724191796922645	0.0013792338895111	-0.0018550035597052	-0.0030380063038486	9.229482302223832e-06	3.441038206518964e-06	0.0023823425544844	-0.0015573537883017	5.675556046907257e-06	2.425350821937967e-06	0.0012562170670487	-0.0040799969689036	1.6646375266262566e-05	1.578081319544438e-06	0.0	0.0	0.0	1.0	0.0	0.0	0.0	0.0	0.0	0.0	0.0	0.0	0.0	0.0	0.0	0.0	0.0	0.0	0.0	0.0	0.0	0.0	0.0	0.0	0.0	0.0	0.0	0.0	0.0	0.0	0.0	0.0	0.0	0.0	0.0	0.0	0.0	0.0	0.0	0.0	0.0	0.0	0.0	0.0	0.0	0.0	0.0	0.0	0.0	0.0	0.0	0.0	0.0	0.0	0.0	0.0	0.0	0.0	0.0	0.0	0.0	0.0	0.0	0.0	0.0	0.0	0.0	0.0	0.0	0.0	0.0	0.0	0.0	0.0	0.0	0.0	0.0	0.0	0.0	0.0	0.0	0.0	0.0	0.0	0.0	0.0	0.0	0.0	0.0	0.0	0.0	0.0	0.0	0.0	0.0	0.0	0.0	0.0	0.0	0.0	0.0	0.0	0.0	0.0	0.0	0.0	0.0	0.0	0.0	0.0
5366.341407385038	131.49560436761112	17291.093968003308	28797620.100615237	4281.499617592874	-318.0241092512633	101139.33406505948	18331238.975447923	3564.268583421456	96.75179310861722	9360.909469732673	12704010.534765191	3652.282797128382	6740.498511036643	2.439173	151.440582	0.5047863694286506	0.2909612152429087	-0.0786881905	-0.1378327868	-0.0040332589	-0.0199911603	0.0850498487	-0.0213997494	0.0456109224	0.0689983738	0.0803875364	0.1097730815	0.1131948628	0.1133524697	0.0284471656	0.0442649045	0.0034485216	-0.0853900786	0.0981552565	0.1412818262	-0.0619918047	-0.1161781834	0.0353901735	0.0574299913	-0.071391648	-0.0809768595	-0.0673223656	0.0971018577	-0.037634552	0.0138830469	-0.0469580443	0.1126204719	0.0295066408	0.0234714113	-0.0468118753	-0.0178692461	0.0125762756	-0.0316005406	0.0115473241	0.0245679983	-0.0134878334	0.0574112638	-0.1367161045	0.0782552708	0.0211493659	-0.0124511797	-0.0149946989	0.1396622023	-0.1150186367	-0.0322092181	0.0246511555	0.0595615229	-0.1565420873	-0.1075639239	0.0952664105	0.0943764019	0.0928992083	0.0908440203	0.0882236248	0.0309028786092397	-0.0338246453232359	0.0009549879063374	0.0011441066312427	-0.0585573696897512	0.2040234570716421	0.0416255710354642	0.0034289655449821	-0.0043531727135501	0.0327848655963975	0.0010748474121738	1.895011267399714e-05	0.0017737526676492	0.0036287562273544	1.3167871757563338e-05	3.1461985259926533e-06	0.0019061293121322	-0.0004762132423522	3.633328954569574e-06	2.2677905219159538e-07	0.0018343156260896	0.0005780985590409	3.341979439651651e-07	3.3647138161164813e-06	0.0	0.0	0.0	0.0	1.0	0.0	0.0	0.0	0.0	0.0	0.0	0.0	0.0	0.0	0.0	0.0	0.0	0.0	0.0	0.0	0.0	0.0	0.0	0.0	0.0	0.0	0.0	0.0	0.0	0.0	0.0	0.0	0.0	0.0	0.0	0.0	0.0	0.0	0.0	0.0	0.0	0.0	0.0	0.0	0.0	0.0	0.0	0.0	0.0	0.0	0.0	0.0	0.0	0.0	0.0	0.0	0.0	0.0	0.0	0.0	0.0	0.0	0.0	0.0	0.0	0.0	0.0	0.0	0.0	0.0	0.0	0.0	0.0	0.0	0.0	0.0	0.0	0.0	0.0	0.0	0.0	0.0	0.0	0.0	0.0	0.0	0.0	0.0	0.0	0.0	0.0	0.0	0.0	0.0	0.0	0.0	0.0	0.0	0.0	0.0	0.0	0.0	0.0	0.0	0.0	0.0	0.0	0.0	0.0	0.0
5288.89301091497	-77.44839647006847	5998.254115784915	27972389.280905213	4187.87277190433	-93.62684568854364	8765.986233586365	17538278.353657655	3529.244526867385	-35.02405655407074	1226.6845375027456	12455566.930423392	3598.8470389540767	6388.32550688779	1.586281	98.487167	0.5276649053822617	0.3029673371844426	-0.0429306022	-0.0350868122	-0.0739086165	0.0447104739	0.0622918137	0.0318544348	-0.0035964815	0.0313939699	-0.0005468042	0.0774143655	-0.0260900488	0.0462752719	0.0224099585	-0.0808508808	0.0291303543	-0.0055814826	0.0870581348	-0.0389359222	0.03279768	-0.0420069994	0.0059038024	-0.0608355939	-0.0861165906	-0.0383207856	0.075733704	0.0318231355	0.0111145191	0.0181940666	-0.0675449969	0.0816130521	0.0430797567	0.0009486462	0.0869278491	-0.0498187606	-0.0600884963	-0.0292761781	-0.0087115253	0.0453914141	-0.0714037824	0.0116519328	0.1007226504	-0.0306004946	-0.0536221255	-0.0864468345	0.1047760518	0.0483034195	0.0108884706	-0.0081907032	0.0353416359	-0.0378522354	0.0157828547	0.2154024793	0.0951485642	0.0939067741	0.091849115	0.0889934638	0.0853646308	0.0061491083308879	-0.0247537702783517	3.7811533264994975e-05	0.0006127491429934	0.0420873262566914	0.1006446959464426	0.0101293548221518	0.0017713430314371	0.1830889952637022	0.1874421679772523	0.0351345663360124	0.0335215801866719	-0.0019527230484067	-0.0037264757160559	1.3886621262354336e-05	3.8131273037787553e-06	0.0022019796677057	0.0002958503555734	4.848714456989305e-06	8.752743289296637e-08	0.0015601562741147	-0.0002741593519749	7.516335027529719e-08	2.4340875996594627e-06	0.0	0.0	0.0	0.0	0.0	1.0	0.0	0.0	0.0	0.0	0.0	0.0	0.0	0.0	0.0	0.0	0.0	0.0	0.0	0.0	0.0	0.0	0.0	0.0	0.0	0.0	0.0	0.0	0.0	0.0	0.0	0.0	0.0	0.0	0.0	0.0	0.0	0.0	0.0	0.0	0.0	0.0	0.0	0.0	0.0	0.0	0.0	0.0	0.0	0.0	0.0	0.0	0.0	0.0	0.0	0.0	0.0	0.0	0.0	0.0	0.0	0.0	0.0	0.0	0.0	0.0	0.0	0.0	0.0	0.0	0.0	0.0	0.0	0.0	0.0	0.0	0.0	0.0	0.0	0.0	0.0	0.0	0.0	0.0	0.0	0.0	0.0	0.0	0.0	0.0	0.0	0.0	0.0	0.0	0.0	0.0	0.0	0.0	0.0	0.0	0.0	0.0	0.0	0.0	0.0	0.0	0.0	0.0	0.0	0.0
5314.630031065132	25.737020150162607	662.3942062098761	28245292.367099367	4253.403196341349	65.53042443701906	4294.236526895866	18091438.750646804	3543.228508608113	13.983981740727812	195.55174532500888	12554468.264213271	3633.2292542927694	6528.32744268737	1.047928	65.062546	0.1223663937039298	0.0790098281616869	-0.0436022022	-0.0859264541	-0.0662508036	0.0033067165	0.0382052096	0.0033313135	0.0353951307	0.0488068045	0.0787697606	0.0273222529	0.0278147279	0.0719248174	0.0105718684	-0.0220086569	0.0141617051	-0.0698627278	0.1039662445	0.0540470746	-0.0315541523	-0.0765148279	0.0264664171	-0.0146542921	-0.0824887773	-0.0577291786	-0.0436145357	0.0845306644	0.0510387375	0.0262452516	-0.0517358108	0.0919968773	0.0568872891	-0.0116892115	0.025339083	-0.0279305708	-0.0335940353	-0.0285568043	0.0091651066	0.0524485365	-0.0327924805	0.0213503822	-0.0752380618	0.0472078945	-0.0146714603	-0.0132763812	0.0394746971	0.0568406029	-0.0623659597	-0.0536540087	0.0330402286	0.0243496937	-0.0849039241	0.0095460712	0.0950111383	0.0933598536	0.0906289382	0.0868499729	0.0820666583	0.0037108447748295	-0.0024382635560584	1.3770368942879405e-05	5.9451291688025535e-06	0.1154133367956262	0.0733260105389348	0.0053767038215559	0.0133202383103006	0.1632422138911806	-0.0198467813725216	0.0003938947308486	0.0266480203960939	-0.0017181109940986	0.0002346120543081	5.5042816026666886e-08	2.95190538804248e-06	0.0023253209061486	0.0001233412384428	5.4071173165717455e-06	1.5213061100628283e-08	0.0013830028021374	-0.0001771534719772	3.138335263361198e-08	1.9126967507199007e-06	0.0	0.0	0.0	0.0	0.0	0.0	0.0	0.0	0.0	0.0	0.0	0.0	0.0	0.0	0.0	0.0	0.0	0.0	0.0	0.0	0.0	0.0	0.0	0.0	0.0	0.0	0.0	0.0	0.0	0.0	0.0	0.0	0.0	0.0	0.0	0.0	0.0	0.0	0.0	0.0	0.0	0.0	0.0	0.0	0.0	0.0	0.0	0.0	0.0	0.0	0.0	0.0	0.0	0.0	0.0	0.0	0.0	0.0	0.0	0.0	0.0	0.0	0.0	0.0	0.0	0.0	0.0	0.0	0.0	0.0	0.0	0.0	0.0	0.0	0.0	0.0	0.0	0.0	0.0	0.0	0.0	0.0	0.0	0.0	0.0	0.0	0.0	0.0	0.0	0.0	0.0	0.0	0.0	0.0	0.0	0.0	0.0	0.0	0.0	0.0	0.0	0.0	0.0	0.0	0.0	0.0	0.0	0.0	0.0	0.0
5297.883847814133	-16.74618325099891	280.43465347603643	28067573.264929887	4250.500235521753	-2.9029608195960463	8.42718152010975	18066752.25217048	3537.088768872682	-6.139739735430794	37.6964040188278	12510996.958885266	3629.262804622381	6528.943180519827	1.051362	65.27578	0.716708732658536	0.4382763192297045	-0.0636479586	-0.035707136	-0.004633511	-0.024860011	0.1218325139	-0.0071759476	-0.0037617352	0.0640896996	0.0066585815	-0.0124149924	-0.0010901994	0.0652950234	-0.0053068558	-0.025233622	0.0551108102	-0.0116543131	0.0034729409	-0.0149948968	-0.0669967368	-0.068718771	-0.0089881543	-0.039740681	0.029365494	-0.0245861901	-0.0308402164	-0.0015190413	-0.0419888878	0.035448608	-0.0660757799	0.061248853	-0.0191726323	0.0587163784	0.0002639025	-0.0251330201	0.0093283463	-0.0313471572	-0.0685341088	0.0455206459	0.0133186745	0.0879710953	0.0272617003	0.0119904733	0.0016631243	-0.0156665552	0.0663973648	0.062436636	0.0261377214	0.0653027686	0.0399077383	-0.0148664768	-0.0184015624	0.072856634	0.094854161	0.0927360906	0.0892409375	0.0844206031	0.0783466667	0.0345527567521912	0.0308419119773617	0.001193892999176	0.0009512235344193	0.1679475769827831	0.0525342401871569	0.0027598463920418	0.0282063886143878	-0.1580215550963117	-0.3212637689874923	0.1032104092640488	0.0249708118750566	0.0028600455009355	0.0045781564950341	2.095951689302292e-05	8.179860267421395e-06	0.0010740706488572	-0.0012512502572913	1.1536277587365269e-06	1.565627206371794e-06	0.0017949722799424	0.0004119694778049	1.697188506429243e-07	3.2219254857616173e-06	0.0	0.0	0.0	0.0	0.0	0.0	1.0	0.0	0.0	0.0	0.0	0.0	0.0	0.0	0.0	0.0	0.0	0.0	0.0	0.0	0.0	0.0	0.0	0.0	0.0	0.0	0.0	0.0	0.0	0.0	0.0	0.0	0.0	0.0	0.0	0.0	0.0	0.0	0.0	0.0	0.0	0.0	0.0	0.0	0.0	0.0	0.0	0.0	0.0	0.0	0.0	0.0	0.0	0.0	0.0	0.0	0.0	0.0	0.0	0.0	0.0	0.0	0.0	0.0	0.0	0.0	0.0	0.0	0.0	0.0	0.0	0.0	0.0	0.0	0.0	0.0	0.0	0.0	0.0	0.0	0.0	0.0	0.0	0.0	0.0	0.0	0.0	0.0	0.0	0.0	0.0	0.0	0.0	0.0	0.0	0.0	0.0	0.0	0.0	0.0	0.0	0.0	0.0	0.0	0.0	0.0	0.0	0.0	0.0	0.0
5327.773807763125	29.889959948991415	893.4097057523111	28385173.746686783	4229.401501912713	-21.09873360904021	445.1565599052429	17887837.06438151	3548.5969084223343	11.508139549652242	132.4372758942701	12592540.018464549	3635.1866772477056	6514.552093310799	0.917327	56.953934	0.2834365128588273	0.1778315577263569	-0.0587658559	-0.0086106967	-0.026322914	0.012031748	0.1333065302	-0.0078105483	-0.0512212404	0.0359446617	0.0562576248	-0.016335813	0.0086464127	0.078244241	0.0212727823	-0.017170415	0.0114970478	-0.0185432125	0.0673597898	0.0453766728	-0.0278041878	-0.0808252729	0.0332373959	-0.0077273799	-0.0254143606	-0.0205996913	-0.0378417361	0.0631965403	0.013501153	0.0639896936	-0.0548797767	0.0601064576	0.0158303048	0.0244694066	-0.0015359952	-0.0112382119	-0.0248857736	-0.0355293446	-0.0372927275	0.0781686665	0.0367230223	0.0990467871	-0.037940819	0.0613408516	0.0036331607	0.0179682044	0.0544583392	0.0335594092	-0.0683094378	-0.0186957828	-0.0353417256	-0.0428225242	-0.079021899	-0.0439269628	0.0946776645	0.0920359983	0.0876876832	0.081713351	0.0742237856	0.0338730805913201	-0.0006796761608711	0.001147385588746	4.619596836564845e-07	0.1512195844754558	-0.0167279925073272	0.0002798257333251	0.0228673627289295	-0.0842215994783259	0.0737999556179857	0.0054464334492166	0.0070932778186875	7.951201741603683e-05	-0.0027805334835194	7.73136645297288e-06	6.322160913568144e-09	0.0019050673652467	0.0008309967163894	3.629281666128003e-06	6.905555426501309e-07	0.0015619247083985	-0.0002330475715439	5.4311170602509197e-08	2.439608794705739e-06	0.0	0.0	0.0	0.0	0.0	0.0	0.0	0.0	0.0	0.0	0.0	0.0	0.0	0.0	0.0	0.0	0.0	0.0	0.0	0.0	0.0	0.0	0.0	0.0	0.0	0.0	0.0	0.0	0.0	0.0	0.0	0.0	0.0	0.0	0.0	0.0	0.0	0.0	0.0	0.0	0.0	0.0	0.0	0.0	0.0	0.0	0.0	0.0	0.0	0.0	0.0	0.0	0.0	0.0	0.0	0.0	0.0	0.0	0.0	0.0	0.0	0.0	0.0	0.0	0.0	0.0	0.0	0.0	0.0	0.0	0.0	0.0	0.0	0.0	0.0	0.0	0.0	0.0	0.0	0.0	0.0	0.0	0.0	0.0	0.0	0.0	0.0	0.0	0.0	0.0	0.0	0.0	0.0	0.0	0.0	0.0	0.0	0.0	0.0	0.0	0.0	0.0	0.0	0.0	0.0	0.0	0.0	0.0	0.0	0.0
5260.234777634825	-67.5390301282996	4561.520590671361	27670069.915838897	4202.550941975043	-26.85055993766946	720.9525689663801	17661434.419895325	3520.747332093344	-27.849576328990224	775.5989017042526	12395661.7764424	3601.8975644178795	6434.067220486021	1.084238	67.31694	0.397117420523518	0.2782950163043188	-0.0323297541	0.0500141611	-0.0108612953	0.063915837	0.1040777633	0.0128145216	-0.0296724694	0.0278030771	0.0215573031	-0.0185201587	-0.0506104649	0.0325677756	0.0245316876	-0.0357140556	0.0435437612	-0.0134793917	0.0118512046	-0.0203772796	0.0414266235	-0.0360523598	0.0187262357	-0.0443899241	0.0260063539	-0.0212924701	0.0056789784	-0.0246500809	0.0031882632	0.0448696672	-0.0562212586	0.0205551857	-0.0134157555	0.0109916279	0.0134944952	-0.0288772734	0.0105359483	-0.0199905432	-0.0556221223	0.0623713832	0.0532962658	0.1164846551	0.0712508916	-0.0053231131	0.0645444339	-0.0077537764	0.0615002437	-0.0309531454	-0.0833643884	0.0931424205	0.0754236057	-0.0182452696	0.01587549	0.0408727869	0.0944816852	0.0912601531	0.0859720514	0.0787371281	0.0697192167	0.0339271629929953	5.408240167520395e-05	0.0011510523887532	2.924906170958103e-09	0.0734046526006295	-0.0778149318748263	0.0060551636226838	0.0053882430234191	-0.3438556346311543	-0.2596340351528284	0.0674098322097401	0.1182366974675939	0.000558895905686	0.0004793838882699	2.298089123328285e-07	3.1236463339257415e-07	0.0023958777647434	0.0004908103994967	5.74023026359183e-06	2.4089484825411025e-07	0.0013398315742814	-0.000222093134117	4.932536022195609e-08	1.7951486474413748e-06	0.0	0.0	0.0	0.0	0.0	0.0	0.0	0.0	0.0	0.0	0.0	0.0	0.0	0.0	0.0	0.0	0.0	0.0	0.0	0.0	0.0	0.0	0.0	0.0	0.0	0.0	0.0	0.0	0.0	0.0	0.0	0.0	0.0	0.0	0.0	0.0	0.0	0.0	0.0	0.0	0.0	0.0	0.0	0.0	0.0	0.0	0.0	0.0	0.0	0.0	0.0	0.0	0.0	0.0	0.0	0.0	0.0	0.0	0.0	0.0	0.0	0.0	0.0	0.0	0.0	0.0	0.0	0.0	0.0	0.0	0.0	0.0	0.0	0.0	0.0	0.0	0.0	0.0	0.0	0.0	0.0	0.0	0.0	0.0	0.0	0.0	0.0	0.0	0.0	0.0	0.0	0.0	0.0	0.0	0.0	0.0	0.0	0.0	0.0	0.0	0.0	0.0	0.0	0.0	0.0	0.0	0.0	0.0	0.0	0.0
5334.487117412604	74.25233977777862	5513.409962474684	28456752.805841032	4329.880624321947	127.3296823469036	16212.848006563378	18747866.22087861	3558.542303125753	37.79497103240874	1428.4598353406157	12663223.323135538	3646.382408813692	6761.234810412222	1.529335	94.951553	1.0950341164750506	0.7794594567273307	-0.0442064327	-0.1142728546	0.0431100915	0.0368798006	-0.0564267207	0.0208682265	0.0254969039	0.1040801005	0.035024366	0.1291511776	-0.0404085595	0.0999395044	0.0203893274	0.0350576623	0.0455360139	-0.0444548421	0.0271575476	0.1056540146	0.0498300351	-0.1014266106	0.0046844588	0.038529723	-0.0153255092	-0.0784339395	0.0054126043	0.0200119138	-0.0696924472	-0.0501613349	-0.0544014871	0.0569577263	-0.0495170311	-0.0160927272	-0.0095546076	0.0132665995	0.0958776014	0.0794376286	-0.0442307525	-0.0410039056	-0.0488617792	-0.135173675	-0.0525408957	-0.0460511042	0.0757429172	0.1365788922	0.0001726187	0.051480112	0.0514069283	-0.0211994721	0.106954502	0.0787472277	-0.0639777458	-0.0564577204	0.0942662634	0.0904091936	0.0840972192	0.0755017308	0.0648561241	-0.0033026033218561	-0.0372297663148514	1.0907188701534944e-05	0.0013860554998584	0.2405542219849366	0.167149569384307	0.0279389785453592	0.0578663337147781	-0.2661813620036923	0.077674272627462	0.0060332926282052	0.0708525174781406	0.0152602152714024	0.0147013193657163	0.0002161287910927	0.0002328741701295	0.0034490727529228	0.0010531949881794	1.1896102854954464e-05	1.1092196831262069e-06	0.0008347357652086	-0.0005050958090728	2.551217763429065e-07	6.96783797718387e-07	0.0	0.0	0.0	0.0	0.0	0.0	0.0	1.0	0.0	0.0	0.0	0.0	0.0	0.0	0.0	0.0	0.0	0.0	0.0	0.0	0.0	0.0	0.0	0.0	0.0	0.0	0.0	0.0	0.0	0.0	0.0	0.0	0.0	0.0	0.0	0.0	0.0	0.0	0.0	0.0	0.0	0.0	0.0	0.0	0.0	0.0	0.0	0.0	0.0	0.0	0.0	0.0	0.0	0.0	0.0	0.0	0.0	0.0	0.0	0.0	0.0	0.0	0.0	0.0	0.0	0.0	0.0	0.0	0.0	0.0	0.0	0.0	0.0	0.0	0.0	0.0	0.0	0.0	0.0	0.0	0.0	0.0	0.0	0.0	0.0	0.0	0.0	0.0	0.0	0.0	0.0	0.0	0.0	0.0	0.0	0.0	0.0	0.0	0.0	0.0	0.0	0.0	0.0	0.0	0.0	0.0	0.0	0.0	0.0	0.0
5385.466550320002	50.9794329073984	2598.9025795599355	29003249.964615624	4224.807593596266	-105.07303072568084	11040.34178587987	17848999.202908672	3557.164074573749	-1.3782285520037476	1.8995139415583469	12653416.253438115	3633.683810180342	6808.152410164575	1.356266	84.206299	0.9344265113701422	0.577006468376159	-0.0700902371	-0.0825180442	0.0301725201	-0.027686383	-0.0179295171	-0.0052704187	-0.0528764607	0.0236145875	0.0226904614	0.0478320197	0.0674353854	0.0858785709	0.0193891215	-0.0218486587	0.021414664	-0.0337374573	0.0145785745	0.0080166021	0.0022882179	-0.083366598	0.0171251174	-0.0051900516	-0.0445739999	-0.0388481504	-0.0036598297	0.0032749691	-0.0193702181	0.0025154226	-0.0590943882	0.0619912445	-0.0199108063	0.074623431	-0.0192929966	-0.0176580625	0.027769388	0.0113545261	-0.0567314648	0.0332219608	-0.0252546255	0.0162658726	0.0251729284	-0.032896474	0.0215829049	0.0231146881	0.0631115284	0.0501829392	-0.0305716476	0.0269900975	-0.0212486397	-0.0558672487	-0.0347915308	0.0183375552	0.0940314435	0.0894838202	0.0820666583	0.072017809	0.0596595157	0.0140922784731287	0.0173948817949847	0.0001985923125642	0.0003025819126614	0.0306074225751018	-0.2099467994098348	0.0440776585824334	0.0009368143166908	-0.1325427065982296	0.1336386554054627	0.01785929021858	0.0175675690723843	0.006055224656582	-0.0092049906148204	8.473185221893163e-05	3.6665745641678605e-05	0.0018099399429802	-0.0016391328099426	3.2758825971951697e-06	2.686756368630324e-06	0.0014595358356428	0.0006248000704342	3.903751280145813e-07	2.1302448555255265e-06	0.0	0.0	0.0	0.0	0.0	0.0	0.0	0.0	1.0	0.0	0.0	0.0	0.0	0.0	0.0	0.0	0.0	0.0	0.0	0.0	0.0	0.0	0.0	0.0	0.0	0.0	0.0	0.0	0.0	0.0	0.0	0.0	0.0	0.0	0.0	0.0	0.0	0.0	0.0	0.0	0.0	0.0	0.0	0.0	0.0	0.0	0.0	0.0	0.0	0.0	0.0	0.0	0.0	0.0	0.0	0.0	0.0	0.0	0.0	0.0	0.0	0.0	0.0	0.0	0.0	0.0	0.0	0.0	0.0	0.0	0.0	0.0	0.0	0.0	0.0	0.0	0.0	0.0	0.0	0.0	0.0	0.0	0.0	0.0	0.0	0.0	0.0	0.0	0.0	0.0	0.0	0.0	0.0	0.0	0.0	0.0	0.0	0.0	0.0	0.0	0.0	0.0	0.0	0.0	0.0	0.0	0.0	0.0	0.0	0.0
5364.682765562707	-20.783784757295507	431.965708837589	28779821.17512553	4296.865379984469	72.05778638820266	5192.324579167845	18463052.093709078	3567.034574945997	9.870500372247989	97.42677759854767	12723735.65886017	3656.324594511113	6753.703304823371	0.8675279999999999	53.86208	0.2947712651939531	0.1794609469077044	-0.0761373463	-0.0749376839	-0.0033752239	-0.0062341341	0.0130422265	-0.0167168454	-0.0217387252	0.0596332541	0.0705543952	0.0603006509	-0.0095228458	0.0999607859	0.0183809388	-0.0150005871	-0.0121313466	-0.0466761352	0.0650641745	0.0310872704	0.0010469344	-0.1012294252	0.0270011997	0.0009807985	-0.0604710303	-0.0376261515	-0.0130280144	0.0145637226	-0.0105931759	0.0214909326	-0.0516113701	0.0707216651	0.0107820432	0.0537742482	-0.0295072403	0.0001157855	0.0019727067	-0.0194213969	-0.0112695702	0.0451309656	-0.0139414551	0.0701433936	-0.0172763071	-0.0036882135	0.0270743327	-0.0115187228	0.0091375217	0.0787282237	-0.1102272845	0.0180328878	0.0498705606	0.0542202172	-0.0568794804	-0.0649494861	0.0937772737	0.0884847944	0.0798841288	0.0682968306	0.0541561147	0.0038161024869651	-0.0102761759861635	1.456263819102122e-05	0.0001055997928986	-0.0657496769269414	-0.0963570995020432	0.0092846906244466	0.0043230200159971	-0.1172387369312133	0.0153039696670162	0.0002342114875689	0.0137449214372262	0.0033809389452124	-0.0026742857113696	7.151804066035608e-06	1.1430748151253937e-05	0.0021336962819549	0.0003237563389747	4.552659823628164e-06	1.0481816702630085e-07	0.0010008974852125	-0.0004586383504303	2.1034913648542682e-07	1.0017957759047065e-06	0.0	0.0	0.0	0.0	0.0	0.0	0.0	0.0	0.0	0.0	0.0	0.0	0.0	0.0	0.0	0.0	0.0	0.0	0.0	0.0	0.0	0.0	0.0	0.0	0.0	0.0	0.0	0.0	0.0	0.0	0.0	0.0	0.0	0.0	0.0	0.0	0.0	0.0	0.0	0.0	0.0	0.0	0.0	0.0	0.0	0.0	0.0	0.0	0.0	0.0	0.0	0.0	0.0	0.0	0.0	0.0	0.0	0.0	0.0	0.0	0.0	0.0	0.0	0.0	0.0	0.0	0.0	0.0	0.0	0.0	0.0	0.0	0.0	0.0	0.0	0.0	0.0	0.0	0.0	0.0	0.0	0.0	0.0	0.0	0.0	0.0	0.0	0.0	0.0	0.0	0.0	0.0	0.0	0.0	0.0	0.0	0.0	0.0	0.0	0.0	0.0	0.0	0.0	0.0	0.0	0.0	0.0	0.0	0.0	0.0
5349.145724226823	-15.53704133588326	241.39965347294503	28613359.979014102	4289.762756009151	-7.102623975317329	50.44726733475253	18402064.50284323	3554.269027798162	-12.76554714783515	162.95919398360215	12632828.32196529	3649.271261295802	6778.008950475589	1.014532	62.989109	0.8349157875617658	0.4783925647076936	-0.0822472696	0.0475820476	0.0492281099	-0.0020188649	-0.0501159265	0.031466545	-0.0207311197	0.0575495411	0.0351541667	-0.0011735035	-0.0009651266	0.0843158414	0.0072102612	-0.0080516323	0.0473180999	0.0732230498	-0.0312594347	0.0008750483	-0.025600612	-0.0878342898	0.0170295902	-0.0162618199	0.0673754035	0.0450879621	-0.0278393853	0.0478153127	0.0023116769	0.0448610755	-0.0652223666	-0.0434553406	-0.0640398984	0.0137390921	-0.0413983884	-0.0331246702	0.0437409532	0.0479187996	-0.044231063	0.0305243385	0.029028586	-0.0023722551	0.0605070176	-0.0412085072	0.0009682987	0.0656736854	0.0012178167	-0.0602922328	-0.0805811341	0.0517124205	-0.1055656627	0.0336801587	0.0205496112	-0.0342881048	0.0935038064	0.0874129386	0.0775536723	0.0643510435	0.0483742215	0.0003865776356093	-0.0034295248513558	1.4944226835327673e-07	1.176164070606702e-05	-0.0081231175434197	0.0576265593835217	0.0033208203463825	6.598503862421292e-05	-0.4762438313068884	-0.3590050943756751	0.1288846577876874	0.226808186857864	0.0076940569648235	0.0043131180196111	1.8602987051093985e-05	5.919851257794901e-05	-5.206905246946114e-05	-0.0021857653344243	2.711186225067497e-09	4.77757009717124e-06	-0.0007973113397763	-0.0017982088249887	3.2335549782676004e-06	6.357053725358785e-07	0.0	0.0	0.0	0.0	0.0	0.0	0.0	0.0	0.0	1.0	0.0	0.0	0.0	0.0	0.0	0.0	0.0	0.0	0.0	0.0	0.0	0.0	0.0	0.0	0.0	0.0	0.0	0.0	0.0	0.0	0.0	0.0	0.0	0.0	0.0	0.0	0.0	0.0	0.0	0.0	0.0	0.0	0.0	0.0	0.0	0.0	0.0	0.0	0.0	0.0	0.0	0.0	0.0	0.0	0.0	0.0	0.0	0.0	0.0	0.0	0.0	0.0	0.0	0.0	0.0	0.0	0.0	0.0	0.0	0.0	0.0	0.0	0.0	0.0	0.0	0.0	0.0	0.0	0.0	0.0	0.0	0.0	0.0	0.0	0.0	0.0	0.0	0.0	0.0	0.0	0.0	0.0	0.0	0.0	0.0	0.0	0.0	0.0	0.0	0.0	0.0	0.0	0.0	0.0	0.0	0.0	0.0	0.0	0.0	0.0
5377.933692042155	28.787967815331285	828.74709093655	28922170.79600216	4234.7176539450375	-55.04510206411396	3029.963261248723	17932833.60863376	3571.2277827719195	16.95875497375755	287.59937025994645	12753667.87644204	3643.889951309688	6836.638051834887	1.018781	63.252918	0.214594555768027	0.1311225373230506	-0.0825805744	-0.0388868231	0.0309414904	-0.0335248614	-0.0378469509	-0.0102995102	0.0187882501	0.0252379815	0.0471484553	0.0499600947	0.023100825	0.1027494255	0.0299537543	0.0013495398	-0.0218889914	-0.037644618	0.0056594874	0.0248926355	-0.0044710114	-0.0972429908	0.0199467007	0.0166897776	-0.0420128397	-0.0268726682	0.0459537261	-0.0680685503	-0.1004138232	-0.0307250308	-0.0620778389	0.0114308569	-0.0454541923	0.0636937365	-0.0684442402	-0.0104647989	0.0442435613	-0.0049167858	0.0112720129	-0.0375424294	-0.0159569766	0.060414579	-0.0084154317	-0.025204982	0.0174233086	0.0047601136	-0.0333699107	0.0039558659	-0.0202069144	0.0535632585	0.1215523687	0.0919056523	-0.0580980971	-0.0447565785	0.0932110979	0.0862691351	0.0750796043	0.060193436	0.0423435691	0.0065639536293531	0.0061773759937438	4.308548724829773e-05	3.81599741680822e-05	-0.0421220684301175	-0.0339989508866978	0.001155928661396	0.0017742686488315	-0.3938283911432449	0.0824154401636435	0.0067923047773671	0.1551008016704767	0.0062023907916936	-0.0014916661731299	2.225067972060001e-06	3.846965153288556e-05	-0.0003899428860389	-0.0003378738335694	1.520554543723466e-07	1.1415872741090889e-07	-0.0007867955719968	1.051576777949992e-05	1.1058137199236868e-10	6.190472721137717e-07	0.0	0.0	0.0	0.0	0.0	0.0	0.0	0.0	0.0	0.0	0.0	0.0	0.0	0.0	0.0	0.0	0.0	0.0	0.0	0.0	0.0	0.0	0.0	0.0	0.0	0.0	0.0	0.0	0.0	0.0	0.0	0.0	0.0	0.0	0.0	0.0	0.0	0.0	0.0	0.0	0.0	0.0	0.0	0.0	0.0	0.0	0.0	0.0	0.0	0.0	0.0	0.0	0.0	0.0	0.0	0.0	0.0	0.0	0.0	0.0	0.0	0.0	0.0	0.0	0.0	0.0	0.0	0.0	0.0	0.0	0.0	0.0	0.0	0.0	0.0	0.0	0.0	0.0	0.0	0.0	0.0	0.0	0.0	0.0	0.0	0.0	0.0	0.0	0.0	0.0	0.0	0.0	0.0	0.0	0.0	0.0	0.0	0.0	0.0	0.0	0.0	0.0	0.0	0.0	0.0	0.0	0.0	0.0	0.0	0.0
5225.775784359238	-152.15790768291663	23152.02887044298	27308732.54839541	4164.183740752549	-70.5339131924884	4975.032910245489	17340426.226747893	3471.3676177253305	-99.86016504658892	9972.05256313198	12050393.137392037	3565.7298872504434	6675.3225347197495	1.55222	96.372444	0.6246345609946782	0.4574257500781047	-0.0360164528	0.1215838616	0.0393915126	0.1441502348	0.0010337486	0.0830451024	0.0858723925	-0.032513963	0.0897848085	-0.0084903972	0.0061416114	-0.0493992035	0.0621428496	0.1062463092	0.0879398738	0.1004527734	-0.0443525568	0.0028971116	-0.0281908512	0.0414283091	0.0900414071	0.0550301103	0.1430204921	0.0252363896	-0.0502934978	0.1275339024	0.1045165737	-0.0094755769	-0.0517984012	-0.0706720382	-0.0695680516	-0.0586510252	0.0767520103	-0.0528632728	0.0241104262	0.0218009779	-0.0016559541	-0.1134198198	0.0592135992	0.0206530952	0.1490579456	-0.0172459906	0.0007235072	-0.095599363	-0.0908940884	0.0008224276	0.0863559943	0.1035834732	0.0255191936	0.2036954076	-0.0125300258	-0.0368944297	0.0928992083	0.0850543252	0.0724665061	0.0558376933	0.0360951694	0.0559842633609832	0.0494203097316301	0.0031342377440719	0.0024423670139702	-0.0244318082342402	0.0176902601958773	0.0003129453057978	0.0005969132535946	-0.8324741995051284	-0.4386458083618834	0.1924101451934501	0.6930132928417042	0.0070120599036527	0.000809669111959	6.555640708606373e-07	4.916898409241391e-05	0.000388016292496	0.0007779591785349	1.5055664324234146e-07	6.052204834666964e-07	3.1397916149481647e-06	0.0007899353636117	6.239978786844249e-07	9.858291385298805e-12	0.0	0.0	0.0	0.0	0.0	0.0	0.0	0.0	0.0	0.0	1.0	0.0	0.0	0.0	0.0	0.0	0.0	0.0	0.0	0.0	0.0	0.0	0.0	0.0	0.0	0.0	0.0	0.0	0.0	0.0	0.0	0.0	0.0	0.0	0.0	0.0	0.0	0.0	0.0	0.0	0.0	0.0	0.0	0.0	0.0	0.0	0.0	0.0	0.0	0.0	0.0	0.0	0.0	0.0	0.0	0.0	0.0	0.0	0.0	0.0	0.0	0.0	0.0	0.0	0.0	0.0	0.0	0.0	0.0	0.0	0.0	0.0	0.0	0.0	0.0	0.0	0.0	0.0	0.0	0.0	0.0	0.0	0.0	0.0	0.0	0.0	0.0	0.0	0.0	0.0	0.0	0.0	0.0	0.0	0.0	0.0	0.0	0.0	0.0	0.0	0.0	0.0	0.0	0.0	0.0	0.0	0.0	0.0	0.0	0.0
5295.218766717764	69.44298235852602	4822.327798846556	28039341.7874	4347.631137418259	183.44739666570968	33652.94734342623	18901896.507048786	3503.2093334161245	31.84171569079399	1013.894858133356	12272475.633733848	3620.116110479328	6654.777117665157	1.889556	117.316582	1.4497421449108765	0.9941202241816572	-0.0710280279	-0.0901233691	-0.069236865	0.0215841316	0.0551196448	0.0661307485	0.0803881663	0.0245392319	0.1611677304	0.0516115184	0.0887042964	-0.0080363014	0.137883979	-0.0150255787	0.0484547427	0.1953704176	0.1849718524	0.2533417727	-0.2155724465	-0.0011096865	0.1681300749	0.0486907923	-0.0027145013	0.0486594256	-0.1350294057	0.3665653573	-0.0386368698	0.1941229393	-0.0345942743	0.0696524433	0.0516715721	0.0349627506	-0.0011678122	-0.0152244534	-0.0583934288	-0.010279512	-0.0440743158	0.0935064184	0.0158121858	0.0278304791	-0.0426385493	0.0459400838	-0.0829187608	0.0371339475	0.044018095	0.0108956506	0.0239192995	-0.0520056377	-0.1758388892	-0.0249972563	0.0050379167	-0.0966302828	0.0925682019	0.0837695089	0.0697192167	0.0512981531	0.0296611541	-0.0143572771463595	-0.0703415405073427	0.0002061314070573	0.0049479323209461	0.1345017110672159	0.1589335193014561	0.0252598635575463	0.0180907102800088	0.0362033779881443	0.8686775774932727	0.7546007336395808	0.0013106845777524	0.000677983349061	-0.0063340765545917	4.012052579942826e-05	4.596614216039698e-07	8.213521651945221e-05	-0.0003058810759765	6.746193792697296e-09	9.35632326405706e-08	0.0003989723132228	0.0003958325216078	1.566833851624305e-07	1.5917890671835205e-07	0.0	0.0	0.0	0.0	0.0	0.0	0.0	0.0	0.0	0.0	0.0	1.0	0.0	0.0	0.0	0.0	0.0	0.0	0.0	0.0	0.0	0.0	0.0	0.0	0.0	0.0	0.0	0.0	0.0	0.0	0.0	0.0	0.0	0.0	0.0	0.0	0.0	0.0	0.0	0.0	0.0	0.0	0.0	0.0	0.0	0.0	0.0	0.0	0.0	0.0	0.0	0.0	0.0	0.0	0.0	0.0	0.0	0.0	0.0	0.0	0.0	0.0	0.0	0.0	0.0	0.0	0.0	0.0	0.0	0.0	0.0	0.0	0.0	0.0	0.0	0.0	0.0	0.0	0.0	0.0	0.0	0.0	0.0	0.0	0.0	0.0	0.0	0.0	0.0	0.0	0.0	0.0	0.0	0.0	0.0	0.0	0.0	0.0	0.0	0.0	0.0	0.0	0.0	0.0	0.0	0.0	0.0	0.0	0.0	0.0
5339.575513774663	44.35674705689871	1967.5210094696924	28511066.667301957	4043.55724024854	-304.07389716971875	92460.9349399807	16350355.15516639	3554.496094416408	51.286761000283605	2630.331853900211	12634442.4852215	3602.1483071689872	6450.156138458269	1.562259	96.995705	0.1982671331280667	0.0975651271713154	-0.0491353051	-0.0878114068	-0.102662165	-0.0571860894	0.0522424374	0.0091382422	0.0085709788	-0.0653899218	-0.0033097683	0.0743052533	0.06693716	0.0573244652	0.0648700921	-0.0841001764	-0.0361798861	-0.0602213062	0.0910981987	0.0194710023	-0.0286604005	-0.0447984906	0.046434527	-0.0287261394	-0.1601569492	-0.0296703475	0.0804201901	-0.0179173515	-0.1040664094	-0.0073811763	-0.0562793315	0.09354314	0.0719080096	0.0626412703	0.0235515073	-0.0246144632	-0.0816763353	-0.0396336308	0.0010159718	0.0670433592	-0.0767009249	0.0494760061	-0.0356875573	0.0177983007	-0.0401169026	0.0046323391	-0.0233990802	0.0031425527	0.0204914467	0.0363384801	0.1249408636	0.0306503727	-0.0153006079	0.0791393653	0.0922181468	0.0824157435	0.0668428233	0.0465897578	0.0230746094	0.0130618814389862	0.0274191585853457	0.0001706127467261	0.0007518102575283	0.1010270872908734	-0.0334746237763425	0.0011205504369676	0.0102064723664777	0.0881351740897002	0.0519317961015559	0.0026969114463335	0.0077678089118217	0.0009513272561462	0.0002733439070852	7.471689154060248e-08	9.050235482866576e-07	-0.0012132468219365	-0.0012953820384559	1.4719678509390174e-06	1.6780146255542982e-06	0.0005390774609781	0.0001401051477552	1.9629452427534442e-08	2.906045089345949e-07	0.0	0.0	0.0	0.0	0.0	0.0	0.0	0.0	0.0	0.0	0.0	0.0	1.0	0.0	0.0	0.0	0.0	0.0	0.0	0.0	0.0	0.0	0.0	0.0	0.0	0.0	0.0	0.0	0.0	0.0	0.0	0.0	0.0	0.0	0.0	0.0	0.0	0.0	0.0	0.0	0.0	0.0	0.0	0.0	0.0	0.0	0.0	0.0	0.0	0.0	0.0	0.0	0.0	0.0	0.0	0.0	0.0	0.0	0.0	0.0	0.0	0.0	0.0	0.0	0.0	0.0	0.0	0.0	0.0	0.0	0.0	0.0	0.0	0.0	0.0	0.0	0.0	0.0	0.0	0.0	0.0	0.0	0.0	0.0	0.0	0.0	0.0	0.0	0.0	0.0	0.0	0.0	0.0	0.0	0.0	0.0	0.0	0.0	0.0	0.0	0.0	0.0	0.0	0.0	0.0	0.0	0.0	0.0	0.0	0.0
5297.69971621803	-41.87579755663319	1753.582421004126	28065622.283216592	4191.362308072556	147.80506782401562	21846.33807446186	17567517.997531302	3533.6781812213367	-20.81791319507147	433.3855097975308	12486881.488439731	3620.961095353248	6501.4450699043255	0.973605	60.448055	0.1494064624472157	0.0749651876131834	-0.050573757	-0.0781377953	-0.078541196	-0.029165913	0.0615536132	0.0704905713	0.0629550229	0.0124803128	0.0337850968	0.0859546685	-0.0282144077	0.0317589828	0.014777467	-0.0101320707	0.0006387586	-0.0729512506	0.0790054845	0.0488122015	0.0137824302	-0.0354957291	0.0198034211	0.0091280219	-0.0649997211	-0.0535243172	-0.0489634995	0.0521576775	0.0383908782	0.0564426139	-0.0451850607	0.0897594292	0.0727152653	0.0373230167	-0.0016424039	-0.0325290805	-0.0847682411	-0.0312557728	-0.0199391026	0.075082676	-0.0402396578	0.028587879	-0.0492556864	0.0530247528	-0.0682298363	-0.0031060407	-0.0026467403	0.0068448019	0.0720645766	-0.0231140888	-0.0229751527	0.0313869248	-0.0446127557	-0.0367392848	0.091849115	0.0809941435	0.0638426524	0.0417280058	0.016369406	0.0084716903747334	-0.0045901910642528	7.176953780535053e-05	2.1069854006346263e-05	0.1294929556372182	0.0284658683463447	0.0008103056607114	0.0167684255596625	0.1439123432438833	0.0557771691541831	0.0031110925988543	0.0207107625379452	0.0005771536821153	-0.0003741735740309	1.4000586350305744e-07	3.331063727792488e-07	-0.0016924490041607	-0.0004792021822241	2.864383631684545e-06	2.296347314484353e-07	0.0001809885395845	-0.0003580889213936	1.2822767562483184e-07	3.2756851460930126e-08	0.0	0.0	0.0	0.0	0.0	0.0	0.0	0.0	0.0	0.0	0.0	0.0	0.0	0.0	0.0	0.0	0.0	0.0	0.0	0.0	0.0	0.0	0.0	0.0	0.0	0.0	0.0	0.0	0.0	0.0	0.0	0.0	0.0	0.0	0.0	0.0	0.0	0.0	0.0	0.0	0.0	0.0	0.0	0.0	0.0	0.0	0.0	0.0	0.0	0.0	0.0	0.0	0.0	0.0	0.0	0.0	0.0	0.0	0.0	0.0	0.0	0.0	0.0	0.0	0.0	0.0	0.0	0.0	0.0	0.0	0.0	0.0	0.0	0.0	0.0	0.0	0.0	0.0	0.0	0.0	0.0	0.0	0.0	0.0	0.0	0.0	0.0	0.0	0.0	0.0	0.0	0.0	0.0	0.0	0.0	0.0	0.0	0.0	0.0	0.0	0.0	0.0	0.0	0.0	0.0	0.0	0.0	0.0	0.0	0.0
5344.553902911976	46.85418669394676	2195.314810751217	28564256.42113164	4209.302465393274	17.940157320718754	321.8492446921387	17718227.2451659	3557.701560195012	24.02337897367533	577.1227373128262	12657240.391414022	3630.16605342274	6432.2872514287965	0.922543	57.277775	0.3037217971833461	0.1626395000670463	-0.0567990843	-0.0210742428	-0.107704061	-0.0230703133	0.0602540264	-0.0107917696	0.0194656043	0.0127391176	0.0352206185	0.0239074905	-0.0024352169	0.0595373113	0.039030663	-0.0876389861	-0.0353709641	-0.0104964899	0.0733278056	-0.0043517734	-0.0436784165	-0.0534212045	0.0328134326	-0.0417827477	-0.1076123883	0.0022593056	0.0395237885	0.0058630767	-0.0431198028	0.063838446	-0.0556743246	0.0668099308	0.0630747007	0.0610780051	0.0170272828	-0.0059978733	-0.0843049149	-0.034765831	0.0141531249	0.0901968283	-0.0429857216	0.0820688899	0.0028206188	-0.0009103999	-0.0451219545	-0.0258014347	0.0004186059	-0.0055107851	-0.0101179532	0.0035813991	0.0742201409	0.0377805842	-0.0279645775	0.0614648083	0.0914611824	0.0795058789	0.0607242596	0.0367289002	0.0095800247	-0.007770546253468	-0.0162422366282014	6.038138907728557e-05	0.0002638102506864	0.0630910563177309	-0.0664018993194872	0.0044092122332353	0.003980481387287	0.0089147488602208	-0.1349975943836625	0.0182243504893758	7.947274724080804e-05	0.0002571578387853	-0.0003199958433299	1.0239733974847788e-07	6.613015404872635e-08	-0.0006189343433413	0.0010735146608193	3.8307972136732617e-07	1.152433726994191e-06	0.000509079372475	0.0003280908328905	1.07643594626782e-07	2.591618074795398e-07	0.0	0.0	0.0	0.0	0.0	0.0	0.0	0.0	0.0	0.0	0.0	0.0	0.0	0.0	0.0	0.0	0.0	0.0	0.0	0.0	0.0	0.0	0.0	0.0	0.0	0.0	0.0	0.0	0.0	0.0	0.0	0.0	0.0	0.0	0.0	0.0	0.0	0.0	0.0	0.0	0.0	0.0	0.0	0.0	0.0	0.0	0.0	0.0	0.0	0.0	0.0	0.0	0.0	0.0	0.0	0.0	0.0	0.0	0.0	0.0	0.0	0.0	0.0	0.0	0.0	0.0	0.0	0.0	0.0	0.0	0.0	0.0	0.0	0.0	0.0	0.0	0.0	0.0	0.0	0.0	0.0	0.0	0.0	0.0	0.0	0.0	0.0	0.0	0.0	0.0	0.0	0.0	0.0	0.0	0.0	0.0	0.0	0.0	0.0	0.0	0.0	0.0	0.0	0.0	0.0	0.0	0.0	0.0	0.0	0.0
5189.555436474578	-154.99846643739875	24024.524597945427	26931485.628242843	4179.2967314736425	-30.005733919631894	900.3440680557479	17466521.16970627	3482.126146614207	-75.57541358080516	5711.643137909749	12125202.500934305	3569.624755832511	6494.830261984418	2.003968	124.420044	0.7684529130689879	0.4076192234441277	0.0140729112	-0.1177499602	-0.0953154908	0.0611860121	-0.0464434905	0.1295030078	0.1750889355	0.0339245852	-0.0374044791	0.0181921955	-0.0337045661	-0.0490026031	-0.1456083878	-0.0163962145	0.0709566862	-0.0858267383	0.1467686516	0.1116087539	0.1023427761	0.040102075	-0.1142321254	-0.016906625	-0.0779829804	-0.1057581265	-0.1078445665	0.1191042258	0.1517815649	0.0734066986	0.0030032502	0.0862901403	0.0613022203	-0.0409155321	0.0363534152	-0.0506989236	-0.0118242921	0.0762050528	-0.027919152	0.0615376353	-0.0241010181	-0.1569746672	-0.0262018719	-0.0209321964	-0.1814990696	0.0123010074	0.091242376	-0.073538928	0.3107182627	-0.1793178104	-0.0409375796	0.0650714048	-0.1007154459	-0.073354804	0.0910544289	0.0779521747	0.0574934194	0.0316088963	0.0027413792	-0.0304533499778614	-0.0226828037243934	0.0009274065248741	0.0005145095847993	0.2239936095930232	0.1609025532752923	0.0258896316505082	0.0501731371385116	0.2104299885673981	0.2015152397071773	0.0406083918342411	0.0442807800884753	0.006820940027257	0.0065637821884717	4.3083236617698336e-05	4.652522285543672e-05	0.0003651475208474	0.0009840818641887	1.333327119810024e-07	9.684171154251068e-07	0.0006282616470571	0.0001191822745821	1.4204414574563084e-08	3.947126971629001e-07	0.0	0.0	0.0	0.0	0.0	0.0	0.0	0.0	0.0	0.0	0.0	0.0	0.0	1.0	0.0	0.0	0.0	0.0	0.0	0.0	0.0	0.0	0.0	0.0	0.0	0.0	0.0	0.0	0.0	0.0	0.0	0.0	0.0	0.0	0.0	0.0	0.0	0.0	0.0	0.0	0.0	0.0	0.0	0.0	0.0	0.0	0.0	0.0	0.0	0.0	0.0	0.0	0.0	0.0	0.0	0.0	0.0	0.0	0.0	0.0	0.0	0.0	0.0	0.0	0.0	0.0	0.0	0.0	0.0	0.0	0.0	0.0	0.0	0.0	0.0	0.0	0.0	0.0	0.0	0.0	0.0	0.0	0.0	0.0	0.0	0.0	0.0	0.0	0.0	0.0	0.0	0.0	0.0	0.0	0.0	0.0	0.0	0.0	0.0	0.0	0.0	0.0	0.0	0.0	0.0	0.0	0.0	0.0	0.0	0.0
5375.542135124043	185.98669864946527	34591.052074527026	28896453.246493954	4229.057755180594	49.76102370695117	2476.159480363756	17884929.49665312	3551.0170755355725	68.89092892136568	4745.960087648659	12609722.27074521	3636.522337913513	7039.321213194295	2.229399	138.416336	2.0027158812217003	0.999135404175272	-0.0601838812	-0.0484918727	0.1185632984	-0.0619357605	-0.0827096451	0.1739756879	-0.0835459689	0.1007991956	-0.1328903412	-0.0234577294	-0.0400416733	0.054613807	-0.0834328032	0.0371545265	0.0189497481	-0.0989654684	-0.063791238	0.0134241818	0.1302029631	-0.0546822277	-0.105194502	0.0067605979	0.0517402441	-0.0355210192	0.0166272477	-0.1038593733	-0.0502837628	-0.1037545255	-0.0437157386	-0.0061522841	-0.0911898751	-0.0413306433	-0.0337463034	-0.1681375616	0.0222308436	-0.0127476988	-0.1339771154	-0.0453707743	-0.178983581	-0.1290853031	-0.0366507178	0.0292511486	-0.0510317954	0.1384621651	0.0521044717	-0.0560427818	-0.0834207943	0.0347266101	0.0002452489	-0.1008915693	-0.0066051579	0.0082801835	0.0906289382	0.0763343096	0.0541561147	0.0263848473	-0.0041113636	0.2184555953518128	0.2489089453296742	0.0477228471405149	0.0619556630651307	0.0482792888557384	-0.1757143207372848	0.0308755225121653	0.0023308897324158	-0.4663207096261885	-0.6767506981935866	0.4579915075055069	0.217455004226272	0.0153700153414778	0.0085490753142208	7.308668872821947e-05	0.0002362373715972	-0.0069329021875892	-0.0072980497084365	4.806513274267912e-05	5.3261529546811536e-05	0.0028079749636228	0.0021797133165657	4.751150142413844e-06	7.884723396332464e-06	0.0	0.0	0.0	0.0	0.0	0.0	0.0	0.0	0.0	0.0	0.0	0.0	0.0	0.0	1.0	0.0	0.0	0.0	0.0	0.0	0.0	0.0	0.0	0.0	0.0	0.0	0.0	0.0	0.0	0.0	0.0	0.0	0.0	0.0	0.0	0.0	0.0	0.0	0.0	0.0	0.0	0.0	0.0	0.0	0.0	0.0	0.0	0.0	0.0	0.0	0.0	0.0	0.0	0.0	0.0	0.0	0.0	0.0	0.0	0.0	0.0	0.0	0.0	0.0	0.0	0.0	0.0	0.0	0.0	0.0	0.0	0.0	0.0	0.0	0.0	0.0	0.0	0.0	0.0	0.0	0.0	0.0	0.0	0.0	0.0	0.0	0.0	0.0	0.0	0.0	0.0	0.0	0.0	0.0	0.0	0.0	0.0	0.0	0.0	0.0	0.0	0.0	0.0	0.0	0.0	0.0	0.0	0.0	0.0	0.0
5397.602504348171	22.060369224128408	486.6598903048718	29134112.79494565	4232.993726502506	3.9359713219128025	15.491870246920014	17918235.888609577	3582.871649181682	31.854573646109657	1014.713862175424	12836969.254509866	3660.6514863564935	6854.163890275387	1.473667	91.495316	0.9133680432955832	0.4197550095512549	-0.0670113835	0.0059306258	0.0308367222	-0.0226130409	-0.0912788023	0.0392780019	0.1157488298	-0.010792897	0.0685960861	-0.0014421081	0.0350395805	0.0998252008	0.0600948689	-0.0337274034	-0.0122442324	0.0771105923	-0.0262899781	-0.0002082373	-0.0012065783	-0.0927778024	0.0661348366	-0.0079946116	-0.0003729328	0.0604642485	0.0425629502	0.0053510197	-0.0521559103	-0.0149689382	-0.049997473	-0.0500922893	-0.0836133114	0.0077101773	-0.0329933537	-0.0752554891	0.010813383	0.0180725512	-0.0200265448	-0.035254587	-0.0367601456	-0.0263300552	-0.0358759653	-0.0237932546	0.0070365977	0.0287440923	-0.0756520573	-0.0485432012	0.0087207749	0.0236291721	0.106286515	0.126515286	-0.0369802447	-0.0129189362	0.0901847978	0.0746536153	0.0507185253	0.0210739489	-0.0109429642	0.0824249721956817	-0.1360306231561311	0.0067938760414589	0.0185043304362453	0.0629285535474935	0.014649264691755	0.0002146009560091	0.0039600028515797	-0.6387706399872854	-0.1724499303610969	0.0297389784815471	0.4080279305097662	0.0105638410287025	-0.0048061743127753	2.309931152478113e-05	0.0001115947372796	-0.0021011726989148	0.0048317294886743	4.414926710664904e-06	2.334560985172577e-05	0.0006411142633405	-0.0021668607002823	4.6952852944279e-06	4.1102749865863204e-07	0.0	0.0	0.0	0.0	0.0	0.0	0.0	0.0	0.0	0.0	0.0	0.0	0.0	0.0	0.0	1.0	0.0	0.0	0.0	0.0	0.0	0.0	0.0	0.0	0.0	0.0	0.0	0.0	0.0	0.0	0.0	0.0	0.0	0.0	0.0	0.0	0.0	0.0	0.0	0.0	0.0	0.0	0.0	0.0	0.0	0.0	0.0	0.0	0.0	0.0	0.0	0.0	0.0	0.0	0.0	0.0	0.0	0.0	0.0	0.0	0.0	0.0	0.0	0.0	0.0	0.0	0.0	0.0	0.0	0.0	0.0	0.0	0.0	0.0	0.0	0.0	0.0	0.0	0.0	0.0	0.0	0.0	0.0	0.0	0.0	0.0	0.0	0.0	0.0	0.0	0.0	0.0	0.0	0.0	0.0	0.0	0.0	0.0	0.0	0.0	0.0	0.0	0.0	0.0	0.0	0.0	0.0	0.0	0.0	0.0
5335.31231967062	-62.29018467755122	3880.067107163437	28465557.54842909	4133.805309152441	-99.18841735006572	9838.342136410818	17088346.333976906	3537.381489914813	-45.49015926686934	2069.3545901251387	12513067.805191942	3604.353120105368	6871.444199492105	1.189661	73.862274	0.3358662460889867	0.1698205232644339	-0.0732488688	0.0734801445	0.0377286869	0.0132732484	-0.0473250644	0.0357472522	0.0319051961	0.011845911	-0.0934958587	0.0160001235	0.0646313211	0.0297815203	-0.0427158202	0.0748794877	-0.0168366266	0.043907811	-0.0173143484	-0.0278145547	0.0077403667	-0.0252052378	-0.0615026696	0.0775497607	0.040995496	0.0178648434	0.0732767152	-0.0020100211	-0.0529248758	-0.0141896505	-0.0664499208	-0.0752553138	-0.0770750256	-0.0330932901	0.0387146869	-0.0112131328	-0.0155499515	0.0014123607	-0.0372250011	-0.0566033502	0.0045354843	-0.0896352771	-0.0260988918	0.0124485953	-0.0286659088	0.0688315828	-0.0756702547	0.0129270796	0.0760458142	0.0354163292	-0.0963430502	-0.0063892557	0.0344533454	0.0462577404	0.0897220992	0.0729114752	0.0471870168	0.0156936827	-0.0177182917	0.0513930080293931	-0.0310319641662886	0.0026412412743092	0.0009629828000178	0.1098632475377883	0.0469346939902948	0.0022028654999626	0.0120699331595493	-0.7641117339262138	-0.1253410939389283	0.0157103898298072	0.5838667419237249	0.0111923808668828	0.0006285398381803	3.950623281797181e-07	0.0001252693894693	-0.0012655954181841	0.0008355772807306	1.601731762528587e-06	6.981893920733108e-07	-0.000545938497618	-0.0011870527609585	1.409094257299198e-06	2.98048843181399e-07	0.0	0.0	0.0	0.0	0.0	0.0	0.0	0.0	0.0	0.0	0.0	0.0	0.0	0.0	0.0	0.0	0.0	0.0	0.0	0.0	0.0	0.0	0.0	0.0	0.0	0.0	0.0	0.0	0.0	0.0	0.0	0.0	0.0	0.0	0.0	0.0	0.0	0.0	0.0	0.0	0.0	0.0	0.0	0.0	0.0	0.0	0.0	0.0	0.0	0.0	0.0	0.0	0.0	0.0	0.0	0.0	0.0	0.0	0.0	0.0	0.0	0.0	0.0	0.0	0.0	0.0	0.0	0.0	0.0	0.0	0.0	0.0	0.0	0.0	0.0	0.0	0.0	0.0	0.0	0.0	0.0	0.0	0.0	0.0	0.0	0.0	0.0	0.0	0.0	0.0	0.0	0.0	0.0	0.0	0.0	0.0	0.0	0.0	0.0	0.0	0.0	0.0	0.0	0.0	0.0	0.0	0.0	0.0	0.0	0.0
5367.1638647971085	31.851545126488418	1014.520926944728	28806447.95158384	4273.493866995333	139.6885578428919	19512.893192226955	18262749.83124672	3562.506770707892	25.125280793079128	631.279734931071	12691454.491339574	3649.204775662489	6801.698855548077	0.974751	60.519241	0.4178783618795584	0.1841445810111846	-0.0428699486	0.1044334876	0.0171389227	0.095784713	-0.0397389605	0.0246976612	0.0355884704	0.0684233516	-0.0414661151	-0.0349367587	-0.0358385522	0.0691659153	-0.0229132875	0.0410522633	-0.0048559339	0.0989406318	-0.0266871935	-0.0560797381	0.0143813934	-0.0660402814	-0.0549006812	-0.0139417417	0.1006147957	0.0538421858	0.1271006989	-0.0042682432	0.0162771571	-0.0326278552	-0.0536954715	-0.0929644797	-0.0558244086	-0.0493579738	0.0570670837	0.0069658917	-0.0106084836	0.0224419365	-0.0056657763	-0.0678728814	0.0591233789	-0.0171345532	0.0427942881	0.0212144879	0.0148377542	0.0022703523	-0.0672497072	-0.0452407492	0.0125468983	0.0478301681	-0.059522526	0.0592944688	-0.0208573909	-0.0109790023	0.0892409375	0.0711093231	0.0435681289	0.0102617584	-0.0244025048	0.023414391125442	-0.0279786169039511	0.0005482337117751	0.000782803003858	0.0227974211931467	-0.0870658263446416	0.0075804581170752	0.0005197224130577	-0.8614909960792545	-0.0973792621530407	0.0094827206974706	0.7421667363256261	0.0098260983684308	-0.001366282498452	1.8667278655762395e-06	9.655220914607845e-05	0.0006150974091199	0.0018806928273039	3.783448227060136e-07	3.5370055106727124e-06	-0.0014080563014205	-0.0008621178038025	7.43247107633246e-07	1.982622547969978e-06	0.0	0.0	0.0	0.0	0.0	0.0	0.0	0.0	0.0	0.0	0.0	0.0	0.0	0.0	0.0	0.0	0.0	0.0	0.0	0.0	0.0	0.0	0.0	0.0	0.0	0.0	0.0	0.0	0.0	0.0	0.0	0.0	0.0	0.0	0.0	0.0	0.0	0.0	0.0	0.0	0.0	0.0	0.0	0.0	0.0	0.0	0.0	0.0	0.0	0.0	0.0	0.0	0.0	0.0	0.0	0.0	0.0	0.0	0.0	0.0	0.0	0.0	0.0	0.0	0.0	0.0	0.0	0.0	0.0	0.0	0.0	0.0	0.0	0.0	0.0	0.0	0.0	0.0	0.0	0.0	0.0	0.0	0.0	0.0	0.0	0.0	0.0	0.0	0.0	0.0	0.0	0.0	0.0	0.0	0.0	0.0	0.0	0.0	0.0	0.0	0.0	0.0	0.0	0.0	0.0	0.0	0.0	0.0	0.0	0.0
5361.550329595852	-5.613535201256127	31.511777455741665	28746221.936789397	4175.122831663581	-98.37103533175195	9676.860592240791	17431650.659478515	3568.093039844001	5.586269136108967	31.206402861043628	12731287.940983204	3644.5175722954978	6804.047806507007	0.7796079999999999	48.403374	0.204221932460045	0.1050828842194037	-0.0483525967	0.1208488718	0.0266780559	0.0663727699	-0.0293782088	0.0283422697	-0.0072694178	-0.0170028174	-0.009426869	-0.0062917074	0.0294988309	0.0696046103	0.024041469	-0.0177810605	-0.0054191711	0.0641344571	-0.0516168422	-0.0041287363	0.056605893	-0.0635905151	0.0223018612	0.006618925	0.043726633	0.0884646531	0.0431507652	0.0122551846	0.0081999346	-0.0451384865	-0.0683895114	-0.0996498201	-0.0613281013	-0.05626669	0.0403762573	0.0058709519	-0.018729513	0.0275339699	-0.042700836	-0.0431737964	0.0664362092	-0.027834019	0.029942041	0.0199342074	0.0011000382	0.0538472544	-0.0304036987	-0.0783881303	-0.0040266882	0.0603253873	-0.1270912108	-0.0524658559	-0.0171528889	0.0061972076	0.0887414118	0.0692486424	0.0398685628	0.0047960562	-0.0309612306	0.0195656338488845	-0.0038487572765575	0.0003828140279086	1.4812932573854308e-05	0.0700677092079615	0.0472702880148148	0.0022344801290035	0.0049094838736514	-0.8245831842640285	0.0369078118152259	0.0013621865729881	0.6799374277710049	0.0084001281741875	-0.0014259701942433	2.0333909948702764e-06	7.056215334277861e-05	5.098851645346514e-05	-0.0005641088926664	2.599828810125285e-09	3.182188427853513e-07	-0.0010742338812613	0.0003338224201592	1.1143740820094554e-07	1.1539784316497167e-06	0.0	0.0	0.0	0.0	0.0	0.0	0.0	0.0	0.0	0.0	0.0	0.0	0.0	0.0	0.0	0.0	0.0	0.0	0.0	0.0	0.0	0.0	0.0	0.0	0.0	0.0	0.0	0.0	0.0	0.0	0.0	0.0	0.0	0.0	0.0	0.0	0.0	0.0	0.0	0.0	0.0	0.0	0.0	0.0	0.0	0.0	0.0	0.0	0.0	0.0	0.0	0.0	0.0	0.0	0.0	0.0	0.0	0.0	0.0	0.0	0.0	0.0	0.0	0.0	0.0	0.0	0.0	0.0	0.0	0.0	0.0	0.0	0.0	0.0	0.0	0.0	0.0	0.0	0.0	0.0	0.0	0.0	0.0	0.0	0.0	0.0	0.0	0.0	0.0	0.0	0.0	0.0	0.0	0.0	0.0	0.0	0.0	0.0	0.0	0.0	0.0	0.0	0.0	0.0	0.0	0.0	0.0	0.0	0.0	0.0
5353.599457281514	-7.950872314338085	63.216370558907855	28661027.149004925	4301.767236703085	126.64440503950392	16038.805327809923	18505201.35877209	3553.901015951148	-14.19202389285283	201.4135421753056	12630212.431178603	3646.153738827773	6755.728073968947	0.88571	54.990967	0.1011945484427237	0.0537068456730767	-0.0208824362	0.101433899	0.0041919457	0.1095300306	-0.0310314902	0.0171998629	-0.0123399702	0.0330850033	0.0561396899	0.0020396032	-0.0233168122	0.0467788109	-0.0154923261	0.024792927	-0.008735182	0.0748776838	-0.0431469772	-0.0453057537	0.0158469023	-0.0478705927	-0.012293551	-0.0032814754	0.0681107164	0.0527381524	0.0514935055	-0.0227507684	0.036850884	-0.0348172469	-0.0491548339	-0.0859393176	-0.0394812794	-0.0492721358	0.0255061211	0.0182522752	0.0108822623	0.0369049049	0.0051318271	-0.0507450916	0.0762804005	0.0364239511	0.0399929262	-0.0086996758	0.0429385865	0.0065835219	-0.0091624945	-0.161177883	-0.0261872628	0.0537715529	0.0718128552	0.0660101556	-0.0441076231	-0.0636050836	0.0882236248	0.0673309646	0.0360951694	-0.000685433	-0.0373607416	0.0001940059865717	-0.0193716278623128	3.7638322825658646e-08	0.0003752599660359	0.065636486722127	-0.0044312224858344	1.963573271896525e-05	0.0043081483892239	-0.8459841497444387	-0.0214009654804101	0.0004580013234937	0.7156891816188209	0.007495104145122	-0.0009050240290654	8.190684931859493e-07	5.617658614622499e-05	5.017213627733774e-05	-8.163801761273959e-07	2.5172432586317493e-09	6.664765919737979e-13	-0.001288208124303	-0.0002139742430417	4.5784976685268536e-08	1.6594801715202537e-06	0.0	0.0	0.0	0.0	0.0	0.0	0.0	0.0	0.0	0.0	0.0	0.0	0.0	0.0	0.0	0.0	0.0	0.0	0.0	0.0	0.0	0.0	0.0	0.0	0.0	0.0	0.0	0.0	0.0	0.0	0.0	0.0	0.0	0.0	0.0	0.0	0.0	0.0	0.0	0.0	0.0	0.0	0.0	0.0	0.0	0.0	0.0	0.0	0.0	0.0	0.0	0.0	0.0	0.0	0.0	0.0	0.0	0.0	0.0	0.0	0.0	0.0	0.0	0.0	0.0	0.0	0.0	0.0	0.0	0.0	0.0	0.0	0.0	0.0	0.0	0.0	0.0	0.0	0.0	0.0	0.0	0.0	0.0	0.0	0.0	0.0	0.0	0.0	0.0	0.0	0.0	0.0	0.0	0.0	0.0	0.0	0.0	0.0	0.0	0.0	0.0	0.0	0.0	0.0	0.0	0.0	0.0	0.0	0.0	0.0
5324.62366537037	-28.97579191114437	839.5965168779395	28351617.177822195	4292.53706974381	-9.230166959274356	85.19598209608002	18425874.495124776	3545.843248900191	-8.057767050956954	64.92760984748753	12573004.345771063	3636.758956210714	6657.106334379272	1.181214	73.337845	0.4545631265050317	0.2083338670656007	-0.0327433069	0.0895453208	-0.0037638985	0.0031766718	0.015279708	-0.01595595	0.0223035906	0.0354105118	0.0170428238	0.0179359444	-0.0103016888	0.0281390716	0.0088531295	0.0181552073	0.001395961	0.0226824479	-0.0484302609	-0.003655302	0.0301680561	-0.0307104434	0.0106341857	0.0230421458	0.060920169	0.0423605748	-0.0014420318	-0.0117385964	0.0251605897	-0.0258803408	-0.0380322255	-0.0842467105	-0.0529666476	0.0023208231	0.0509660806	0.0295221595	-0.0011857922	0.0063995042	-0.0290231505	-0.0102715627	0.0817773423	-0.0280631401	0.017645174	0.0152774493	-0.0651796786	0.0364355417	-0.1044920265	0.0291912885	0.1883605673	0.0671282292	-0.1074109403	0.0111353797	0.0487095265	0.0651538427	0.0876876832	0.065357868	0.0322549359	-0.0061646659	-0.0435681289	-0.0038658502046899	-0.0040598561912616	1.4944797805100942e-05	1.6482432293725145e-05	0.1897897939733894	0.1241533072512624	0.0154140437014263	0.0360201658964616	-0.7402911635373641	0.1056929862070745	0.0111710073333688	0.5480310068115044	0.0095820299795683	0.0020869258344463	4.355259438479386e-06	9.181529852934568e-05	0.0015722199754593	0.0015220478391819	2.4718756512332423e-06	2.3166296247584806e-06	-0.0004840422608226	0.0008041658634804	6.466827359871774e-07	2.34296910262254e-07	0.0	0.0	0.0	0.0	0.0	0.0	0.0	0.0	0.0	0.0	0.0	0.0	0.0	0.0	0.0	0.0	0.0	0.0	0.0	0.0	0.0	0.0	0.0	0.0	0.0	0.0	0.0	0.0	0.0	0.0	0.0	0.0	0.0	0.0	0.0	0.0	0.0	0.0	0.0	0.0	0.0	0.0	0.0	0.0	0.0	0.0	0.0	0.0	0.0	0.0	0.0	0.0	0.0	0.0	0.0	0.0	0.0	0.0	0.0	0.0	0.0	0.0	0.0	0.0	0.0	0.0	0.0	0.0	0.0	0.0	0.0	0.0	0.0	0.0	0.0	0.0	0.0	0.0	0.0	0.0	0.0	0.0	0.0	0.0	0.0	0.0	0.0	0.0	0.0	0.0	0.0	0.0	0.0	0.0	0.0	0.0	0.0	0.0	0.0	0.0	0.0	0.0	0.0	0.0	0.0	0.0	0.0	0.0	0.0	0.0
5319.195783035918	-5.427882334452079	29.46190663665695	28293843.778267093	4269.994977827365	-22.542091916445315	508.1459079694693	18232857.11067092	3518.755331148455	-27.087917751736317	733.7552881248313	12381639.080485672	3612.123733157842	6754.365875233328	1.372519	85.215401	0.7326998874135221	0.400740854163281	-0.0290072033	-0.06060658	0.001336951	-0.0730637319	-0.068589858	0.0291236632	-0.0577499696	-0.0103353777	0.0808495842	-0.0025887035	-0.0279971059	-0.0177930105	0.1061580223	0.095350108	0.0123242712	0.0182933514	-0.0131415889	0.0770491628	-0.0569730481	0.0126442263	0.1094625263	0.0919163505	0.0316408667	-0.0346269216	-0.0691251991	0.0721120055	0.022923807	0.0625539868	-0.0295517238	-0.0082900355	-0.0276324915	0.0034067957	-0.0362410014	0.015483787	0.0007026053	0.0614497529	-0.0686438162	0.0328800687	-0.0481024011	-0.1586196273	-0.1089646808	-0.0091075961	0.0208477096	0.1756742501	0.0693400812	-0.0790433129	-0.0447831867	-0.0300517227	-0.1025753566	-0.1046741099	0.0300890849	-0.0202328315	0.0871336971	0.0633309768	0.0283549738	-0.011623607	-0.0495514717	-0.0131893219009953	-0.0093234716963053	0.000173958212208	8.692712447180786e-05	0.1978832719227057	0.0080934779493162	6.550438531606886e-05	0.0391577893068354	-0.4028921935163936	0.3373989700209705	0.1138380649712117	0.1623221195964511	0.0138223749604309	0.0042403449808625	1.7980525556726638e-05	0.0001910580495467	-0.0013909620935343	-0.0029631820689936	1.934775545649323e-06	8.780447974005192e-06	-0.0001298899557402	0.0003541523050824	1.2542385519517738e-07	1.6871400602191117e-08	0.0	0.0	0.0	0.0	0.0	0.0	0.0	0.0	0.0	0.0	0.0	0.0	0.0	0.0	0.0	0.0	1.0	0.0	0.0	0.0	0.0	0.0	0.0	0.0	0.0	0.0	0.0	0.0	0.0	0.0	0.0	0.0	0.0	0.0	0.0	0.0	0.0	0.0	0.0	0.0	0.0	0.0	0.0	0.0	0.0	0.0	0.0	0.0	0.0	0.0	0.0	0.0	0.0	0.0	0.0	0.0	0.0	0.0	0.0	0.0	0.0	0.0	0.0	0.0	0.0	0.0	0.0	0.0	0.0	0.0	0.0	0.0	0.0	0.0	0.0	0.0	0.0	0.0	0.0	0.0	0.0	0.0	0.0	0.0	0.0	0.0	0.0	0.0	0.0	0.0	0.0	0.0	0.0	0.0	0.0	0.0	0.0	0.0	0.0	0.0	0.0	0.0	0.0	0.0	0.0	0.0	0.0	0.0	0.0	0.0
5385.807201370053	66.61141833413512	4437.081052485153	29006919.21032952	4265.971318788496	-4.023659038868573	16.189832061068767	18198511.292726062	3574.958299660116	56.20296851166131	3158.7736695227927	12780326.844308749	3659.73994718471	6745.58592368932	1.217434	75.586647	0.5478727750873759	0.2642808821329715	-0.0561182817	-0.0124013023	-0.0175640538	-0.0556638602	-0.0771209598	-0.0026033174	0.0705272373	-0.0103917698	0.0748506924	0.0764966648	0.0256937859	0.064606317	0.0244547949	-0.0160016998	-0.0647190312	0.0271159973	-0.0583058647	-0.007952087	-0.0038152246	-0.0608292664	0.0295558043	0.0133633513	-0.0039650626	0.0581757021	0.0237802036	-0.0857115167	-0.0573732022	-0.0238067357	-0.0439823131	-0.0625082488	-0.0464817098	0.0453093171	-0.0345490173	0.0106279529	0.0190952887	0.053098279	-0.0048044502	-0.0281026976	-0.030313128	-0.0986385856	-0.0336084449	-0.0505290227	-0.0063642393	0.0482318433	-0.103253146	0.0418534464	0.0850034386	0.0433794286	-0.0038072758	0.1104832633	0.0475850426	-0.0025741968	0.0865617806	0.0612519591	0.0244025048	-0.0170442873	-0.0552800014	-0.050611221630092	-0.0374218997290966	0.0025614957548902	0.0014003985793345	0.0191656343538966	-0.1787176375688091	0.0319399939781762	0.0003673215401872	-0.5724784068482336	-0.1695862133318399	0.0287594837522323	0.3277315263074916	0.0122382323091532	-0.0015841426512777	2.5095079395971417e-06	0.0001497743300528	-0.0002741197675453	0.001116842325989	7.514164695908933e-08	1.2473367811205197e-06	-0.0006718454676261	-0.0005419555118859	2.937157768635079e-07	4.51376332369733e-07	0.0	0.0	0.0	0.0	0.0	0.0	0.0	0.0	0.0	0.0	0.0	0.0	0.0	0.0	0.0	0.0	0.0	1.0	0.0	0.0	0.0	0.0	0.0	0.0	0.0	0.0	0.0	0.0	0.0	0.0	0.0	0.0	0.0	0.0	0.0	0.0	0.0	0.0	0.0	0.0	0.0	0.0	0.0	0.0	0.0	0.0	0.0	0.0	0.0	0.0	0.0	0.0	0.0	0.0	0.0	0.0	0.0	0.0	0.0	0.0	0.0	0.0	0.0	0.0	0.0	0.0	0.0	0.0	0.0	0.0	0.0	0.0	0.0	0.0	0.0	0.0	0.0	0.0	0.0	0.0	0.0	0.0	0.0	0.0	0.0	0.0	0.0	0.0	0.0	0.0	0.0	0.0	0.0	0.0	0.0	0.0	0.0	0.0	0.0	0.0	0.0	0.0	0.0	0.0	0.0	0.0	0.0	0.0	0.0	0.0
5343.187221769307	-42.61997960074586	1816.4626611679937	28549649.686878808	4170.135362071796	-95.83595671669993	9184.53059980518	17390028.938001674	3552.957167118884	-22.001132541231986	484.0498330968568	12623504.631381446	3635.178528718545	6849.788075736705	1.02256	63.487534	0.3381524357021874	0.1856441594280574	-0.0667070283	0.0566237233	0.0199791494	-0.051478671	-0.0482819272	-0.0012140125	0.0036310218	-0.0052529002	-0.0386210869	-0.0212195611	-0.0018682688	0.035884592	0.0001705836	0.0515339915	-0.004910878	0.0570886078	-0.0409345032	-0.0148909101	-0.0109100649	-0.0347650912	0.0033942412	0.0451002638	0.0682088058	0.04811441	-0.0059081642	0.0331198837	0.0175400726	0.0347895438	-0.0342174614	-0.0736917695	-0.0405313886	-0.0161574148	-0.022104036	0.0318623791	-0.0087186216	0.0369997719	-0.0400368074	0.0551729607	0.046003833	-0.1119311518	-0.0752083686	-0.0224930066	-0.0342853766	0.1412321796	-0.0173280365	-0.0339804764	0.0093223325	-0.0114413027	-0.1838979944	-0.0399318139	0.0625594897	-0.0028920488	0.0859720514	0.0591225262	0.020404848	-0.022408864	-0.0607242596	-0.0250129779342103	0.0255982436958816	0.0006256490651372	0.0006552700803137	0.1829786499673815	0.1638130156134849	0.0268347040843838	0.0334811863438855	-0.5404119692995977	0.0320664375486359	0.0010282564170605	0.2920450965622693	0.0107917795250416	-0.0014464527841115	2.092225656664197e-06	0.0001164625053171	-0.0007821921442614	-0.0005080723767161	6.118245505442469e-07	2.581375399819466e-07	-0.0010508150836821	-0.000378969616056	1.4361796989363204e-07	1.1042123400938189e-06	0.0	0.0	0.0	0.0	0.0	0.0	0.0	0.0	0.0	0.0	0.0	0.0	0.0	0.0	0.0	0.0	0.0	0.0	0.0	0.0	0.0	0.0	0.0	0.0	0.0	0.0	0.0	0.0	0.0	0.0	0.0	0.0	0.0	0.0	0.0	0.0	0.0	0.0	0.0	0.0	0.0	0.0	0.0	0.0	0.0	0.0	0.0	0.0	0.0	0.0	0.0	0.0	0.0	0.0	0.0	0.0	0.0	0.0	0.0	0.0	0.0	0.0	0.0	0.0	0.0	0.0	0.0	0.0	0.0	0.0	0.0	0.0	0.0	0.0	0.0	0.0	0.0	0.0	0.0	0.0	0.0	0.0	0.0	0.0	0.0	0.0	0.0	0.0	0.0	0.0	0.0	0.0	0.0	0.0	0.0	0.0	0.0	0.0	0.0	0.0	0.0	0.0	0.0	0.0	0.0	0.0	0.0	0.0	0.0	0.0
5365.891639288904	22.704417519596973	515.4905749041819	28792793.08459056	4277.488310673944	107.352948602148	11524.655573575428	18296906.247952238	3562.214233868843	9.257066749958994	85.69328481319639	12689370.24797779	3649.896657151236	6866.212605796532	1.015139	63.02676	0.4930762053686987	0.2555159318485956	-0.0455942529	0.0106731634	0.0360098814	-0.0177031964	-0.0598162689	-0.0467610706	-0.0142494631	0.0174091921	0.0404366021	-0.0138078889	-0.0372231287	0.0450118593	0.0076517189	0.0065528064	0.0094709116	0.047902854	-0.0581471057	-0.0326568514	0.0080107076	-0.0440782806	0.0028457953	-0.0226400179	0.0577777221	0.0220575668	0.0487222654	-0.066944809	-0.0310100948	-0.0304069746	-0.0501017361	-0.0645070565	-0.0644317802	-0.0065343963	-0.0052095535	0.0458899486	0.0021511586	0.0332602677	-0.0186577183	-0.0151040139	-0.0211220344	-0.0798784611	-0.0183582835	0.0021318928	0.1055528957	0.0432771738	-0.012111801	-0.0659423785	-0.0105872509	0.0284658739	0.1514925962	0.0727247932	-0.0109050911	0.0316741125	0.0853646308	0.0569444308	0.016369406	-0.0276996788	-0.0658562496	-0.015767215749463	0.0092457621847473	0.0002486050924901	8.54841183769032e-05	0.1236884906485329	-0.0592901593188485	0.0035153229920544	0.0152988427189122	-0.7171118435239094	-0.1766998742243117	0.0312228455508876	0.51424939612226	0.0123058568153925	0.0015140772903509	2.292430041156325e-06	0.0001514341119609	0.0016448451695876	0.002427037313849	2.7055156319156606e-06	5.89051012281537e-06	-3.512149506617896e-05	0.0010156935886159	1.0316334659554878e-06	1.233519415683633e-09	0.0	0.0	0.0	0.0	0.0	0.0	0.0	0.0	0.0	0.0	0.0	0.0	0.0	0.0	0.0	0.0	0.0	0.0	0.0	0.0	0.0	0.0	0.0	0.0	0.0	0.0	0.0	0.0	0.0	0.0	0.0	0.0	0.0	0.0	0.0	0.0	0.0	0.0	0.0	0.0	0.0	0.0	0.0	0.0	0.0	0.0	0.0	0.0	0.0	0.0	0.0	0.0	0.0	0.0	0.0	0.0	0.0	0.0	0.0	0.0	0.0	0.0	0.0	0.0	0.0	0.0	0.0	0.0	0.0	0.0	0.0	0.0	0.0	0.0	0.0	0.0	0.0	0.0	0.0	0.0	0.0	0.0	0.0	0.0	0.0	0.0	0.0	0.0	0.0	0.0	0.0	0.0	0.0	0.0	0.0	0.0	0.0	0.0	0.0	0.0	0.0	0.0	0.0	0.0	0.0	0.0	0.0	0.0	0.0	0.0
5358.936884384681	-6.954754904222682	48.368615777809445	28718204.5308186	4270.091936703835	-7.39637397010938	54.7063479057116	18233685.147903107	3554.8636609459045	-7.350572922938682	54.03092229543931	12637055.64791372	3649.8894098846	6853.13662757921	0.937907	58.23167	0.1613142254523882	0.0904447883556968	-0.0573064457	0.0317802622	0.0224557676	-0.0302380322	-0.0346203945	-0.030512557	0.0250094273	0.0221659413	0.0056379087	-0.0020868731	0.0134562268	0.0271850761	0.0081692626	0.0065173542	-0.0149610402	0.0178185486	-0.0509388304	-0.0049428002	0.0322913858	-0.0332732846	0.0118402769	0.0171835274	0.0448853598	0.0452760073	-0.01490026	0.0003178789	0.02466511	0.0082068665	-0.039786446	-0.0721436341	-0.0515707671	0.0081298008	0.0253430482	0.0528011161	-0.0201222617	0.0177591212	-0.0208188604	-0.0118572194	0.0063167999	-0.1074728212	-0.039652513	0.0375164963	0.0196366788	0.0522382926	-0.077209078	0.0603500119	0.0763113705	0.0033373857	-0.0700701585	0.0257391661	0.0057958862	0.0167164223	0.0847396439	0.0547194656	0.0123036518	-0.0328993162	-0.070649581	-0.0312245695227062	-0.0154573537732431	0.0009749737418783	0.0002389297856711	0.102571869369882	-0.0211166212786509	0.0004459116942259	0.0105209883860321	-0.6430050289444864	0.074106814579423	0.0054918199671089	0.4134554672478998	0.0118364195086862	-0.0004694373067063	2.2037138492766535e-07	0.0001401008267856	0.0012554271106406	-0.000389418058947	1.576097230131405e-06	1.516464246340493e-07	-0.0001889348458343	-0.0001538133507681	2.3658546874517043e-08	3.5696375970430713e-08	0.0	0.0	0.0	0.0	0.0	0.0	0.0	0.0	0.0	0.0	0.0	0.0	0.0	0.0	0.0	0.0	0.0	0.0	0.0	0.0	0.0	0.0	0.0	0.0	0.0	0.0	0.0	0.0	0.0	0.0	0.0	0.0	0.0	0.0	0.0	0.0	0.0	0.0	0.0	0.0	0.0	0.0	0.0	0.0	0.0	0.0	0.0	0.0	0.0	0.0	0.0	0.0	0.0	0.0	0.0	0.0	0.0	0.0	0.0	0.0	0.0	0.0	0.0	0.0	0.0	0.0	0.0	0.0	0.0	0.0	0.0	0.0	0.0	0.0	0.0	0.0	0.0	0.0	0.0	0.0	0.0	0.0	0.0	0.0	0.0	0.0	0.0	0.0	0.0	0.0	0.0	0.0	0.0	0.0	0.0	0.0	0.0	0.0	0.0	0.0	0.0	0.0	0.0	0.0	0.0	0.0	0.0	0.0	0.0	0.0
5359.711358257757	0.7744738730752943	0.599809780076247	28726505.84383721	4296.618770976929	26.52683427309421	703.6729365522056	18460932.8631113	3555.3982354214963	0.5345744755918531	0.2857698699543047	12640856.61243829	3640.341222494421	6851.727916334194	1.009377	62.669064	0.2393879785808599	0.1576308725515306	-0.0379379906	0.0583085707	0.0172439679	0.0309300002	-0.0400441946	-0.0588576569	-0.0158352978	0.0136622659	0.0488536985	-0.0364432171	-0.0040461662	0.0232046216	0.0183427377	-0.0250787876	-0.0104090363	0.0342232806	-0.0734883579	-0.048149271	0.0002404551	-0.0247108047	0.0235359896	-0.029327567	0.0275940252	0.0316920196	0.0197605793	-0.0776106207	-0.0246800714	-0.0041173415	-0.0433756809	-0.0654417995	-0.0316969377	0.0179780851	-0.0250769771	0.0678343022	0.0300056224	0.0392709468	0.0380922485	-0.0193543334	0.0344353554	-0.0015377114	0.0149015377	-0.043836207	0.1166200079	0.0049934671	-0.0048780245	-0.0399579233	0.0114619569	0.0129910946	0.0858736848	0.0514246357	0.0194116145	0.0406887182	0.0840972192	0.0524494619	0.0082151139	-0.0379906609	-0.0750796043	-0.0495867113189945	-0.0183621417962883	0.0024588419394332	0.0003371682513469	0.0729399267546142	-0.0296319426152677	0.0008780520231545	0.0053202329149684	-0.6524609285289102	-0.0094558995844238	8.941403695070681e-05	0.4257052632568077	0.0089282296024102	-0.002908189906276	8.457568530965614e-06	7.971328383335378e-05	0.0019040643932892	0.0006486372826486	3.6254612137917696e-06	4.2073032444176e-07	-0.0001070021430613	8.1932702773e-05	6.7129677836887634e-09	1.1449458619710913e-08	0.0	0.0	0.0	0.0	0.0	0.0	0.0	0.0	0.0	0.0	0.0	0.0	0.0	0.0	0.0	0.0	0.0	0.0	0.0	0.0	0.0	0.0	0.0	0.0	0.0	0.0	0.0	0.0	0.0	0.0	0.0	0.0	0.0	0.0	0.0	0.0	0.0	0.0	0.0	0.0	0.0	0.0	0.0	0.0	0.0	0.0	0.0	0.0	0.0	0.0	0.0	0.0	0.0	0.0	0.0	0.0	0.0	0.0	0.0	0.0	0.0	0.0	0.0	0.0	0.0	0.0	0.0	0.0	0.0	0.0	0.0	0.0	0.0	0.0	0.0	0.0	0.0	0.0	0.0	0.0	0.0	0.0	0.0	0.0	0.0	0.0	0.0	0.0	0.0	0.0	0.0	0.0	0.0	0.0	0.0	0.0	0.0	0.0	0.0	0.0	0.0	0.0	0.0	0.0	0.0	0.0	0.0	0.0	0.0	0.0
5340.152707477407	-19.558650780350035	382.54082034768703	28517230.93917828	4301.450016841954	4.831245865024357	23.340936608314948	18502472.247389644	3545.942357724189	-9.455877697307187	89.41362302643147	12573707.20430258	3638.07053242267	6776.797652368813	0.960519	59.635582	0.5879326682552878	0.332053848859084	-0.0384226639	0.0347416116	-0.0275366382	0.0177397705	0.0161614645	-0.1055502995	-0.019769044	0.0167485395	0.0423639528	-0.027465187	0.0366618316	0.0078796009	0.0056218921	-0.0207438915	-0.0179585039	0.0121298313	-0.0543866374	-0.0122543751	-0.04097734	-0.0113196441	0.0166782225	-0.0139964488	0.0143722694	0.0258377227	-0.0487233733	-0.0413923961	-0.0082553365	0.0579787442	-0.0221652207	-0.0277808582	0.0159153669	0.0632714934	-0.0254837055	0.1150155715	0.0246958097	0.0144555175	0.0434376721	0.0380256881	0.0684585267	0.0293809069	0.0341497135	-0.0439909095	0.0199559491	0.0350157576	-0.0179237565	0.0040760313	0.091208532	-0.0159852506	-0.0181593346	-0.0530569449	-0.0210964666	0.017581664	0.0834374889	0.0501362882	0.0041113636	-0.042956954	-0.0791235388	-0.0795057100337857	-0.0299189987147912	0.0063211579279764	0.0008951464840956	0.1143671239299806	0.0414271971753663	0.0017162126658066	0.0130798390360155	-0.3683453092605901	0.2841156192683201	0.080721685112221	0.1356782668542797	0.0071262465967434	-0.0018019830056667	3.247142752711953e-06	5.078339055759689e-05	0.0031911041452332	0.001287039751944	1.0183145665724514e-05	1.6564713230840735e-06	-0.0016673964473867	-0.0015603943043254	2.434830384971149e-06	2.780210912757788e-06	0.0	0.0	0.0	0.0	0.0	0.0	0.0	0.0	0.0	0.0	0.0	0.0	0.0	0.0	0.0	0.0	0.0	0.0	1.0	0.0	0.0	0.0	0.0	0.0	0.0	0.0	0.0	0.0	0.0	0.0	0.0	0.0	0.0	0.0	0.0	0.0	0.0	0.0	0.0	0.0	0.0	0.0	0.0	0.0	0.0	0.0	0.0	0.0	0.0	0.0	0.0	0.0	0.0	0.0	0.0	0.0	0.0	0.0	0.0	0.0	0.0	0.0	0.0	0.0	0.0	0.0	0.0	0.0	0.0	0.0	0.0	0.0	0.0	0.0	0.0	0.0	0.0	0.0	0.0	0.0	0.0	0.0	0.0	0.0	0.0	0.0	0.0	0.0	0.0	0.0	0.0	0.0	0.0	0.0	0.0	0.0	0.0	0.0	0.0	0.0	0.0	0.0	0.0	0.0	0.0	0.0	0.0	0.0	0.0	0.0
5397.50768071993	57.35497324252356	3289.592955650593	29133089.16343064	4332.283085090716	30.83306824876217	950.6780976328262	18768676.72936313	3580.616462016611	34.674104292421816	1202.293508481745	12820814.248064352	3670.4457557570768	6797.954242416253	1.003216	62.286491	0.5101962192437631	0.2769189758113192	-0.0477831958	0.0040264621	-0.0230732162	-0.0414220961	-0.0605061132	-0.1092899031	-0.0801321781	0.0255750559	0.0678296666	0.0099084193	0.0227551426	0.0580544363	0.0489034303	-0.0119694852	-0.0400647759	-0.0197126208	-0.0811258429	-0.0209867787	-0.0092685785	-0.0578112228	0.0525574991	0.0235609021	0.0024201039	0.0364608372	-0.0258835339	-0.0796209987	-0.0162174364	0.0174139571	-0.0426274904	-0.0602042044	-0.0123699751	0.0676974376	-0.0479770218	0.0919300731	0.0167407675	0.0434965065	0.0378245271	0.0231565055	0.0075062723	-0.0324249507	0.0589061305	-0.0297263136	0.105449812	0.0280922485	-0.0142638375	-0.0374117605	-0.0613519345	-0.0003280162	0.0112045513	-0.016845385	-0.0377076061	-0.0281290889	0.0827605889	0.0477818483	-0.0	-0.0477818483	-0.0827605889	-0.0511442938798154	0.0283614161539703	0.0026157387964649	0.0008043699262586	-0.094631388941039	-0.2089985128710196	0.0436803783822977	0.0089550997729101	-0.5086574484211184	-0.1403121391605282	0.0196874963958034	0.2587323998342827	0.0089651631163368	0.0018389165195933	3.381613966033503e-06	8.037414970252575e-05	0.0032619169035772	7.081275834399997e-05	1.064010188584267e-05	5.0144467442857375e-09	-0.0009266427041592	0.0007407537432275	5.487161081055529e-07	8.586667011714747e-07	0.0	0.0	0.0	0.0	0.0	0.0	0.0	0.0	0.0	0.0	0.0	0.0	0.0	0.0	0.0	0.0	0.0	0.0	0.0	1.0	0.0	0.0	0.0	0.0	0.0	0.0	0.0	0.0	0.0	0.0	0.0	0.0	0.0	0.0	0.0	0.0	0.0	0.0	0.0	0.0	0.0	0.0	0.0	0.0	0.0	0.0	0.0	0.0	0.0	0.0	0.0	0.0	0.0	0.0	0.0	0.0	0.0	0.0	0.0	0.0	0.0	0.0	0.0	0.0	0.0	0.0	0.0	0.0	0.0	0.0	0.0	0.0	0.0	0.0	0.0	0.0	0.0	0.0	0.0	0.0	0.0	0.0	0.0	0.0	0.0	0.0	0.0	0.0	0.0	0.0	0.0	0.0	0.0	0.0	0.0	0.0	0.0	0.0	0.0	0.0	0.0	0.0	0.0	0.0	0.0	0.0	0.0	0.0	0.0	0.0
5346.765391612289	-50.74228910764123	2574.779903883445	28587900.152942915	4264.318227618221	-67.96485747249517	4619.221851256582	18184409.946397003	3553.555075467207	-27.061386549403775	732.3186419762517	12627753.674378747	3637.194479552793	6752.424624563907	1.088953	67.609657	0.2627419903527255	0.1266634270831128	-0.0246518805	0.0667859257	-0.0418331427	0.0381019521	-0.0314451466	-0.0777315444	0.0565449147	0.0167144523	-0.0325815681	-0.0207698406	0.0072586311	0.0211452674	-0.020316522	0.011509293	-0.0221507775	0.0721103575	-0.0477723877	-0.0368929321	-0.0254846729	-0.018160805	-0.0208606057	0.0195316526	0.0389008185	0.054008447	-0.0025210734	-0.010959917	0.0022383036	0.0552111271	-0.0274393026	-0.0729369616	-0.0044123224	0.0410680898	-0.0008742196	0.0719972976	0.0178208314	0.0348431341	0.0720430605	-0.0074164512	0.0813603264	0.0024896787	0.0794057734	-0.0131244955	0.005973655	-0.054636477	-0.0822368874	0.0465635634	0.0985524918	-0.0064443864	-0.1417926633	0.0173669065	-0.001606618	0.0162543077	0.0820666583	0.0453880801	-0.0041113636	-0.0524494619	-0.0859720514	-0.0618876278915507	-0.0107433340117353	0.003830078486043	0.0001154192256877	-0.049534500698968	0.045096888242071	0.0020337293291178	0.002453666759496	-0.6238660304758525	-0.1152085820547341	0.0132730173790624	0.3892088239816973	0.0080800062031828	-0.000885156913154	7.835027609043182e-07	6.528650024347251e-05	0.0025236462345252	-0.000738270669052	6.368790317033221e-06	5.450435807824879e-07	-0.0007162065654815	0.0002104361386777	4.4283368461580194e-08	5.129518444388062e-07	0.0	0.0	0.0	0.0	0.0	0.0	0.0	0.0	0.0	0.0	0.0	0.0	0.0	0.0	0.0	0.0	0.0	0.0	0.0	0.0	0.0	0.0	0.0	0.0	0.0	0.0	0.0	0.0	0.0	0.0	0.0	0.0	0.0	0.0	0.0	0.0	0.0	0.0	0.0	0.0	0.0	0.0	0.0	0.0	0.0	0.0	0.0	0.0	0.0	0.0	0.0	0.0	0.0	0.0	0.0	0.0	0.0	0.0	0.0	0.0	0.0	0.0	0.0	0.0	0.0	0.0	0.0	0.0	0.0	0.0	0.0	0.0	0.0	0.0	0.0	0.0	0.0	0.0	0.0	0.0	0.0	0.0	0.0	0.0	0.0	0.0	0.0	0.0	0.0	0.0	0.0	0.0	0.0	0.0	0.0	0.0	0.0	0.0	0.0	0.0	0.0	0.0	0.0	0.0	0.0	0.0	0.0	0.0	0.0	0.0
5357.921074488177	11.155682875887578	124.44926042737134	28707318.240444537	4334.314742521215	69.99651490299402	4899.512098565065	18786284.287236743	3552.335662547793	-1.219412919414026	1.4869678680338378	12619088.65940887	3658.7447271212727	6863.084744607358	1.039651	64.548668	0.1043117309404557	0.0612980332073332	-0.0348265586	0.1017820577	0.0105419716	0.0424044799	-0.0264383423	-0.0471455126	-0.1091168061	0.0358987035	0.0298344275	-0.0545936233	-0.0032568261	0.0160080602	-0.0171142801	0.0187368424	-0.0198506089	0.073839827	-0.0549681061	-0.0370337903	-0.0258881223	-0.0203799524	-0.0198858803	-0.0197657866	0.0968130289	0.0686675439	0.0156925791	-0.0291014122	0.0353695706	0.0342451342	-0.0360126204	-0.093522487	-0.0174325614	0.0280294581	-0.0186384099	0.075503616	0.0059420917	0.0386982719	0.0275446921	0.0069721947	0.0795160708	0.0319303446	0.1132242432	0.000803832	0.0650241495	-0.0387552745	-0.0087678787	-0.0846909816	-0.0618200949	0.0291043817	-0.038511677	0.0004576358	-0.0467903334	-0.0426148826	0.08135584	0.042956954	-0.0082151139	-0.0569444308	-0.0887414118	-0.0485274219239784	0.0133602059675723	0.0023549106785878	0.0001784951034959	-0.0538036849726637	-0.0042691842736957	1.8225934362770683e-05	0.0028948365166376	-0.6090323192102147	0.0148337112656378	0.0002200389899123	0.3709203658425729	0.0070432355105991	-0.0010367706925836	1.0748934690004845e-06	4.960716645776416e-05	0.0028141325337074	0.0002904862991821	7.91934191727043e-06	8.43822900125705e-08	-0.0008259221623866	-0.0001097155969051	1.2037512204242396e-08	6.821474183213573e-07	0.0	0.0	0.0	0.0	0.0	0.0	0.0	0.0	0.0	0.0	0.0	0.0	0.0	0.0	0.0	0.0	0.0	0.0	0.0	0.0	0.0	0.0	0.0	0.0	0.0	0.0	0.0	0.0	0.0	0.0	0.0	0.0	0.0	0.0	0.0	0.0	0.0	0.0	0.0	0.0	0.0	0.0	0.0	0.0	0.0	0.0	0.0	0.0	0.0	0.0	0.0	0.0	0.0	0.0	0.0	0.0	0.0	0.0	0.0	0.0	0.0	0.0	0.0	0.0	0.0	0.0	0.0	0.0	0.0	0.0	0.0	0.0	0.0	0.0	0.0	0.0	0.0	0.0	0.0	0.0	0.0	0.0	0.0	0.0	0.0	0.0	0.0	0.0	0.0	0.0	0.0	0.0	0.0	0.0	0.0	0.0	0.0	0.0	0.0	0.0	0.0	0.0	0.0	0.0	0.0	0.0	0.0	0.0	0.0	0.0
5338.984362533335	-18.936711954841485	358.5990596606364	28504754.02337548	4199.189610972746	-135.12513154846874	18258.801175990982	17633193.388901442	3549.1518913371942	-3.183771210598934	10.136399121438602	12596479.147782383	3629.443711240527	6739.938259709937	0.874356	54.285984	0.5148559255873504	0.3122571402455418	-0.0138815511	0.0438260918	-0.0246149861	0.0081270732	-0.0161763522	-0.1071048708	-0.0327970008	-0.0412652552	0.0182073983	0.0200726816	0.0096549181	0.009092911	0.0186559396	0.0586599496	-0.0318276619	0.0529244935	-0.0353006652	-0.0398362481	-0.0366514829	-0.0055669597	0.0169460093	0.0571753184	0.0435356674	0.0375893029	0.039032692	-0.0251658626	-0.0024482964	-0.0096927945	-0.0307913411	-0.0802696198	-0.0148857959	-0.0012566699	0.0196184149	0.0941377692	-0.0007303198	0.015009805	0.0270910593	-0.0053992384	0.057213235	-0.0563498009	0.0288760634	0.0270288134	0.1117856186	0.0151979861	-0.0630146877	-0.029406113	0.0412162368	-0.0010061766	0.029980232	0.0304288645	0.0018900725	0.0407754833	0.0806282803	0.0404904708	-0.0123036518	-0.0612519591	-0.0910544289	-0.0373251871310458	0.0112022347929326	0.0013931695943675	0.0001254900643559	0.0389900049344049	0.0927936899070686	0.0086106688865692	0.0015202204847849	-0.7886240290686288	-0.1795917098584141	0.0322531822498688	0.6219278592244375	0.0108030772457447	0.0037598417351456	1.413640987334268e-05	0.0001167064779775	0.0035881433235147	0.0007740107898073	1.2874772510083118e-05	5.990927027381206e-07	-0.0007344088667608	9.151329562579998e-05	8.374683276295062e-09	5.393563835768825e-07	0.0	0.0	0.0	0.0	0.0	0.0	0.0	0.0	0.0	0.0	0.0	0.0	0.0	0.0	0.0	0.0	0.0	0.0	0.0	0.0	1.0	0.0	0.0	0.0	0.0	0.0	0.0	0.0	0.0	0.0	0.0	0.0	0.0	0.0	0.0	0.0	0.0	0.0	0.0	0.0	0.0	0.0	0.0	0.0	0.0	0.0	0.0	0.0	0.0	0.0	0.0	0.0	0.0	0.0	0.0	0.0	0.0	0.0	0.0	0.0	0.0	0.0	0.0	0.0	0.0	0.0	0.0	0.0	0.0	0.0	0.0	0.0	0.0	0.0	0.0	0.0	0.0	0.0	0.0	0.0	0.0	0.0	0.0	0.0	0.0	0.0	0.0	0.0	0.0	0.0	0.0	0.0	0.0	0.0	0.0	0.0	0.0	0.0	0.0	0.0	0.0	0.0	0.0	0.0	0.0	0.0	0.0	0.0	0.0	0.0
5377.4469384699805	38.46257593664541	1479.3697476822144	28916935.576060165	4282.208565461351	83.01895448860523	6892.146804381106	18337310.19811056	3562.5215222818697	13.369630944675464	178.74703159682377	12691559.59672153	3650.285511258622	6806.69516651023	0.746988	46.378098	0.2905409877054977	0.1498887900919496	-0.030724331	0.1029144244	-0.0106731198	0.0446626102	-0.0134078715	-0.0894122025	-0.0710267462	0.0124662	0.0108521853	-0.0356640692	0.0166468298	0.0220738696	0.0264347721	-0.0140958845	-0.0287012499	0.0660306588	-0.0831112053	-0.0464527925	0.0004723952	-0.0220665166	0.0285768282	-0.0013519819	0.0572589725	0.0877736149	-0.000544848	-0.0272197743	0.0307996357	0.0225598454	-0.0420303186	-0.0988560539	-0.0136627078	0.0060005607	0.0216134646	0.1025730905	-0.0002036393	0.0222000456	0.0136833561	0.0071594686	0.0743253128	-0.037347176	0.0860015175	0.04324603	0.1031715671	0.0281691964	-0.056885331	-0.0484052652	0.0314979807	0.0030610372	-0.0806433072	-0.0503926323	-0.0097843585	0.0433014516	0.0798841288	0.0379906609	-0.016369406	-0.065357868	-0.0928992083	-0.0624462775590615	-0.0251210904280156	0.0038995375809833	0.0006310691842925	0.0685504918500754	0.0295604869156705	0.0008738223866915	0.0046991699328872	-0.6939709020737723	0.0946531269948565	0.0089592144499044	0.4815956129250853	0.0091294124112901	-0.0016736648344546	2.801153978089947e-06	8.33461709754177e-05	0.0043460441096974	0.0007579007861826	1.8888099403435464e-05	5.744136016963545e-07	-0.000341848820059	0.0003925600467018	1.5410339026651945e-07	1.1686061577573057e-07	0.0	0.0	0.0	0.0	0.0	0.0	0.0	0.0	0.0	0.0	0.0	0.0	0.0	0.0	0.0	0.0	0.0	0.0	0.0	0.0	0.0	0.0	0.0	0.0	0.0	0.0	0.0	0.0	0.0	0.0	0.0	0.0	0.0	0.0	0.0	0.0	0.0	0.0	0.0	0.0	0.0	0.0	0.0	0.0	0.0	0.0	0.0	0.0	0.0	0.0	0.0	0.0	0.0	0.0	0.0	0.0	0.0	0.0	0.0	0.0	0.0	0.0	0.0	0.0	0.0	0.0	0.0	0.0	0.0	0.0	0.0	0.0	0.0	0.0	0.0	0.0	0.0	0.0	0.0	0.0	0.0	0.0	0.0	0.0	0.0	0.0	0.0	0.0	0.0	0.0	0.0	0.0	0.0	0.0	0.0	0.0	0.0	0.0	0.0	0.0	0.0	0.0	0.0	0.0	0.0	0.0	0.0	0.0	0.0	0.0
5291.651645743325	-85.79529272665513	7360.832254052443	28001577.139898043	4205.525250952398	-76.68331450895312	5880.33072407902	17686442.63639823	3525.3689234935096	-37.15259878836014	1380.3155967288592	12428226.046733787	3605.351509013646	6659.356200771577	1.072294	66.575378	0.4719848383032057	0.2571086845187699	0.0088737837	0.0601666927	-0.0376602062	0.0012159317	-0.0143879435	-0.1127506247	-0.1461127105	-0.0201844876	-0.0207754222	0.0522678618	-0.0321564402	-0.032390933	-0.0130473882	0.1006616492	-0.0622836315	-0.0492496074	-0.0636814709	-0.0474800251	0.0028105171	0.0304565362	-0.0150682393	0.0843111022	0.0324271291	-0.0331568923	-0.0230675999	-0.117944657	0.0578483507	0.043319837	-0.0091867608	-0.0474400574	0.0373182416	0.0340019112	-0.0369331318	0.1182997906	0.0131874682	0.0127217243	0.0495741242	0.0784393663	0.0786578666	0.0437271906	0.0203794571	-0.0458567936	0.0827817985	0.0438900907	0.0404853807	-0.1214720362	-0.0897002766	-0.0211853592	0.0847056359	-0.0524868509	0.0232613965	-0.0024093935	0.0791235388	0.0354595815	-0.020404848	-0.0692486424	-0.0942662634	-0.1200213387782866	-0.057575061219225	0.0144051217621322	0.0033148876743975	0.0934880517501426	0.0249375599000672	0.0006218818937694	0.0087400158200373	-0.5307067125759488	0.1632641894978235	0.0266551955723812	0.2816496147731707	0.006258340489388	-0.002871071921902	8.243053980734613e-06	3.9166825681113234e-05	0.0033992602271053	-0.000946783882592	1.1554970091579976e-05	8.963997203361709e-07	-0.0010481535692866	-0.0007063047492276	4.988663987814632e-07	1.0986259048082396e-06	0.0	0.0	0.0	0.0	0.0	0.0	0.0	0.0	0.0	0.0	0.0	0.0	0.0	0.0	0.0	0.0	0.0	0.0	0.0	0.0	0.0	0.0	0.0	0.0	0.0	0.0	0.0	0.0	0.0	0.0	0.0	0.0	0.0	0.0	0.0	0.0	0.0	0.0	0.0	0.0	0.0	0.0	0.0	0.0	0.0	0.0	0.0	0.0	0.0	0.0	0.0	0.0	0.0	0.0	0.0	0.0	0.0	0.0	0.0	0.0	0.0	0.0	0.0	0.0	0.0	0.0	0.0	0.0	0.0	0.0	0.0	0.0	0.0	0.0	0.0	0.0	0.0	0.0	0.0	0.0	0.0	0.0	0.0	0.0	0.0	0.0	0.0	0.0	0.0	0.0	0.0	0.0	0.0	0.0	0.0	0.0	0.0	0.0	0.0	0.0	0.0	0.0	0.0	0.0	0.0	0.0	0.0	0.0	0.0	0.0
5371.542524287439	79.89087854411355	6382.552474550303	28853469.09022827	4350.736611740581	145.2113607881829	21086.339301955824	18928909.06473991	3560.5250401334574	35.15611663994787	1235.9525372016194	12677338.561417358	3648.1954391237714	6588.449622482021	1.22261	75.90799	0.7776932270728806	0.4900941961174817	-0.0391480349	0.0178672277	-0.085474321	-0.0546772749	0.0522894215	-0.1012742738	-0.0504726649	0.0747451952	-0.0357933851	0.098371952	-0.1221795134	0.0121943558	-0.0486560304	-0.0008594306	-0.1240486179	-0.1500900141	-0.0262969014	0.0282517856	0.009489309	-0.014140208	-0.0462066406	0.0511903048	-0.0905361465	-0.0272120173	-0.0868497032	-0.1361144022	0.057195098	0.0807879212	-0.0168629464	0.0136040149	0.0775848922	0.1087743263	-0.0406784303	0.1206094892	-0.0463050825	-0.0623694157	0.0795833974	0.0903306226	0.0387417007	0.1346525608	-0.0109703816	-0.0567377459	-0.051773889	0.0139083037	0.031649603	0.0307304394	0.035356307	-0.0293117463	0.0698813626	0.0255509465	0.0472999889	0.0383300568	0.0783466667	0.0328993162	-0.0244025048	-0.0729114752	-0.0951485642	-0.1396562748168719	-0.0196349360385853	0.0195038750957256	0.0003855307132393	0.1217743159690059	0.0282862642188632	0.0008001127434593	0.0148289840297192	-0.1671673410302219	0.3635393715457269	0.1321608746638621	0.0279449199071145	0.001558990808464	-0.004699349680924	2.2083887423600497e-05	2.4304523408752364e-06	0.0012737976135634	-0.0021254626135419	1.622560360319813e-06	4.517591321564365e-06	-0.0015479943802148	-0.0004998408109281	2.498408362693605e-07	2.396286601176603e-06	0.0	0.0	0.0	0.0	0.0	0.0	0.0	0.0	0.0	0.0	0.0	0.0	0.0	0.0	0.0	0.0	0.0	0.0	0.0	0.0	0.0	1.0	0.0	0.0	0.0	0.0	0.0	0.0	0.0	0.0	0.0	0.0	0.0	0.0	0.0	0.0	0.0	0.0	0.0	0.0	0.0	0.0	0.0	0.0	0.0	0.0	0.0	0.0	0.0	0.0	0.0	0.0	0.0	0.0	0.0	0.0	0.0	0.0	0.0	0.0	0.0	0.0	0.0	0.0	0.0	0.0	0.0	0.0	0.0	0.0	0.0	0.0	0.0	0.0	0.0	0.0	0.0	0.0	0.0	0.0	0.0	0.0	0.0	0.0	0.0	0.0	0.0	0.0	0.0	0.0	0.0	0.0	0.0	0.0	0.0	0.0	0.0	0.0	0.0	0.0	0.0	0.0	0.0	0.0	0.0	0.0	0.0	0.0	0.0	0.0
5327.472516490348	-44.07000779709051	1942.1655872356184	28381963.41396001	4257.0581669205285	-93.6784448200524	8775.651023903602	18122544.23654477	3564.858320820538	4.333280687080787	18.77732151302734	12708214.847523428	3648.3331468206056	6635.136107381581	1.182866	73.44044499999998	0.3005656252236522	0.1620913324185857	-0.0164205552	-0.0310774858	-0.1078058084	-0.0259572406	-0.0083860832	-0.0821637501	-0.0282375432	-0.0132312165	0.0223595413	-0.0293868971	0.0448706625	0.0148359901	0.0322581765	-0.0847508618	-0.0191015301	-0.0580935376	0.0111283714	-0.0150234769	-0.0699245687	-0.0141339374	0.0314671556	-0.0467425993	-0.097746958	-0.0158888314	-0.0216500969	-0.0493434918	-0.0460068455	0.0602465123	0.009051382	0.03662604	0.0971612077	0.0647859031	-0.0301592149	0.1172322861	-0.0388249981	0.0029464037	0.0435678255	0.1693888004	0.0545408495	0.02384485	-0.0440257824	-0.0671117481	-0.1190362447	0.0381153359	0.0407479888	0.0463129573	0.1103584896	-0.1104216069	-0.0097114892	-0.0675004973	0.0538036808	0.0053561583	0.0775536723	0.030311972	-0.0283549738	-0.0763343096	-0.0955415737	-0.1360306694695907	0.0036256053472812	0.018504343036345	1.3145014134234089e-05	0.231937910046085	0.1101635940770791	0.0121360174599794	0.0537951941165458	-0.060362243668905	0.1068050973613169	0.0114073288223603	0.0036436004607442	0.0021070303184913	0.0005480395100272	3.003473045509629e-07	4.439576763041549e-06	0.0014852559052203	0.0002114582916568	2.2059851039917727e-06	4.4714609110454544e-08	-0.0007080656131395	0.0008399287670753	7.054803337606336e-07	5.013569125106161e-07	0.0	0.0	0.0	0.0	0.0	0.0	0.0	0.0	0.0	0.0	0.0	0.0	0.0	0.0	0.0	0.0	0.0	0.0	0.0	0.0	0.0	0.0	0.0	0.0	0.0	0.0	0.0	0.0	0.0	0.0	0.0	0.0	0.0	0.0	0.0	0.0	0.0	0.0	0.0	0.0	0.0	0.0	0.0	0.0	0.0	0.0	0.0	0.0	0.0	0.0	0.0	0.0	0.0	0.0	0.0	0.0	0.0	0.0	0.0	0.0	0.0	0.0	0.0	0.0	0.0	0.0	0.0	0.0	0.0	0.0	0.0	0.0	0.0	0.0	0.0	0.0	0.0	0.0	0.0	0.0	0.0	0.0	0.0	0.0	0.0	0.0	0.0	0.0	0.0	0.0	0.0	0.0	0.0	0.0	0.0	0.0	0.0	0.0	0.0	0.0	0.0	0.0	0.0	0.0	0.0	0.0	0.0	0.0	0.0	0.0
5343.216036963705	15.743520473356512	247.85843689499563	28549957.61766612	4351.570225165566	94.51205824503722	8932.529153713309	18936163.424547493	3558.4353097120616	-6.423011108476658	41.25507169961454	12662461.853405576	3646.861769206088	6832.262846438288	1.440664	89.446312	1.4613170334423016	0.6667072733085081	0.0572881381	-0.1547556576	-0.0211020503	0.0783888362	-0.0506576403	-0.0172614632	-0.0641940583	0.045061285	0.0008734024	0.0386136472	-0.0644204688	0.0072671343	-0.0055952141	-0.054702337	-0.0134335286	-0.0938404269	0.1163376849	-0.0113546773	0.0223510183	-0.0047570088	-0.0156291926	-0.0368744202	-0.1398884569	-0.0801320194	0.0392693925	0.0089627784	0.0388173424	0.0145827694	0.0367840927	0.1469474434	0.1111174382	0.0149123505	0.0520799452	0.0154852716	0.0290325141	0.1244416005	-0.0619821879	0.0665904732	-0.0251484299	0.0253790356	-0.0619258936	-0.0110986891	-0.0484318294	-0.0370512624	-0.0430201648	0.0295872079	-0.0695609691	-0.0036465118	0.1467567737	-0.0994413311	0.1200776459	0.0704097302	0.076744719	0.0276996788	-0.0322549359	-0.0795058789	-0.0954432708	-0.0416074939669073	0.0944231755026833	0.0017311835542062	0.0089157360720105	0.0622598312695288	-0.1696780787765562	0.0287906504173032	0.0038762865897101	0.4736016076311671	0.5339638513000721	0.2851173944952054	0.2242984827508259	0.0091438300324951	0.0070367997140038	4.951655021500397e-05	8.360962766315935e-05	-0.0011779659105948	-0.0026632218158151	1.3876036865234366e-06	7.092750440233478e-06	0.0028569514143014	0.0035650170274409	1.270934640594355e-05	8.16217138367877e-06	0.0	0.0	0.0	0.0	0.0	0.0	0.0	0.0	0.0	0.0	0.0	0.0	0.0	0.0	0.0	0.0	0.0	0.0	0.0	0.0	0.0	0.0	1.0	0.0	0.0	0.0	0.0	0.0	0.0	0.0	0.0	0.0	0.0	0.0	0.0	0.0	0.0	0.0	0.0	0.0	0.0	0.0	0.0	0.0	0.0	0.0	0.0	0.0	0.0	0.0	0.0	0.0	0.0	0.0	0.0	0.0	0.0	0.0	0.0	0.0	0.0	0.0	0.0	0.0	0.0	0.0	0.0	0.0	0.0	0.0	0.0	0.0	0.0	0.0	0.0	0.0	0.0	0.0	0.0	0.0	0.0	0.0	0.0	0.0	0.0	0.0	0.0	0.0	0.0	0.0	0.0	0.0	0.0	0.0	0.0	0.0	0.0	0.0	0.0	0.0	0.0	0.0	0.0	0.0	0.0	0.0	0.0	0.0	0.0	0.0
5352.802920254962	9.586883291257436	91.90833124019102	28652499.10309005	4237.009138921015	-114.561086244551	13124.242481531452	17952246.4433002	3559.656752667828	1.2214429557666335	1.4919228941919302	12671156.196813667	3639.4038779567663	6885.830016868493	1.215513	75.46733899999998	1.3102403522978867	0.6797365332815105	0.0635508203	-0.1254028678	-0.0022125581	0.0920405529	-0.1303081433	-0.0136195623	-0.0254222423	-0.035674066	0.0296930959	0.0562955909	0.016416385	0.0003061491	0.1097196953	-0.0126458011	-0.0199157343	0.0122119821	0.1301940213	0.0314332316	-0.0370442436	-0.0008047352	0.0881032921	-0.0103729583	-0.0977191652	-0.0586277234	0.0698172359	0.0602579635	-0.0641464865	0.0857343413	0.0356493922	0.0859387782	0.068658826	0.0332189791	-0.0315758152	0.0552652581	0.0836413315	0.1828980635	0.0714369289	-0.111286163	-0.0477301922	-0.0279720994	0.0425004176	-0.0409035103	-0.0239766322	-0.0755718379	0.0077758269	0.0775424529	-0.1370847118	-0.0692894022	0.1360575233	0.0667468744	-0.0239982061	0.0184377183	0.0759199731	0.0250645864	-0.0360951694	-0.0824157435	-0.094854161	-0.1605365391386044	-0.1189290451716971	0.0257719803986006	0.0141441177854515	-0.2242981435085198	-0.2865579747780485	0.0821154729088967	0.0503096571813685	0.132697227114761	-0.3409043805164061	0.1162157966552746	0.0176085540839464	0.0166860267856083	0.0075421967531131	5.688473186267129e-05	0.00027842348989	-0.0008461155840326	0.0003318503265622	7.159115815428278e-07	1.1012463923943885e-07	-0.0005459805426579	-0.0034029319569593	1.1579945903694853e-05	2.9809475296101497e-07	0.0	0.0	0.0	0.0	0.0	0.0	0.0	0.0	0.0	0.0	0.0	0.0	0.0	0.0	0.0	0.0	0.0	0.0	0.0	0.0	0.0	0.0	0.0	1.0	0.0	0.0	0.0	0.0	0.0	0.0	0.0	0.0	0.0	0.0	0.0	0.0	0.0	0.0	0.0	0.0	0.0	0.0	0.0	0.0	0.0	0.0	0.0	0.0	0.0	0.0	0.0	0.0	0.0	0.0	0.0	0.0	0.0	0.0	0.0	0.0	0.0	0.0	0.0	0.0	0.0	0.0	0.0	0.0	0.0	0.0	0.0	0.0	0.0	0.0	0.0	0.0	0.0	0.0	0.0	0.0	0.0	0.0	0.0	0.0	0.0	0.0	0.0	0.0	0.0	0.0	0.0	0.0	0.0	0.0	0.0	0.0	0.0	0.0	0.0	0.0	0.0	0.0	0.0	0.0	0.0	0.0	0.0	0.0	0.0	0.0
5328.359735661585	-24.443184593377737	597.4692730659388	28391417.472619597	4317.458473283683	80.4493343626682	6472.095399396386	18640447.66852907	3556.963898900693	-2.692853767135148	7.251461411173957	12651992.17808282	3658.242152536419	6904.072136133074	1.216413	75.523224	0.3996573472206546	0.198613076555125	0.012001762	-0.1142476099	0.0046935668	-0.0492858581	-0.0933848462	0.0028263347	-0.0611601349	0.0073258236	0.0690488647	0.0034390758	-0.0248805644	0.0013904742	0.0264396577	0.0327027612	-0.0360255385	-0.0543610822	-0.0063969137	0.0310628981	-0.0605045899	-0.0048247095	0.0409800148	0.0485354688	-0.0074218283	-0.0286687467	-0.0930123179	-0.0200636121	-0.0270097275	0.1053179489	0.0072848366	0.0453047912	0.0369522708	0.0998822604	-0.0832461891	0.055705508	0.0766456142	0.1698630746	0.0537840713	-0.0839178125	-0.0647228034	-0.1069940178	0.0446217944	-0.0023556016	-0.0690251386	-0.1083801726	0.1049918433	0.107894524	-0.1232885478	-0.0532858704	-0.0974573446	-0.0767640276	-0.0160178211	-0.0435952634	0.0750796043	0.022408864	-0.0398685628	-0.0850543252	-0.0937772737	-0.1534267775770814	0.007109761561523	0.0235397760776872	5.0548709461710176e-05	-0.3060850623325706	-0.0817869188240508	0.0066891000907318	0.0936880653831336	-0.0366101457101848	-0.1693073728249458	0.0286649864928851	0.0013403027689209	0.014945791720801	-0.0017402350648072	3.028418080784867e-06	0.0002233766901615	-0.0004316465052516	0.000414469078781	1.8631870549591958e-07	1.7178461726557078e-07	-0.0012203422792723	-0.0006743617366144	4.5476375180958957e-07	1.4892352785795123e-06	0.0	0.0	0.0	0.0	0.0	0.0	0.0	0.0	0.0	0.0	0.0	0.0	0.0	0.0	0.0	0.0	0.0	0.0	0.0	0.0	0.0	0.0	0.0	0.0	0.0	0.0	0.0	0.0	0.0	0.0	0.0	0.0	0.0	0.0	0.0	0.0	0.0	0.0	0.0	0.0	0.0	0.0	0.0	0.0	0.0	0.0	0.0	0.0	0.0	0.0	0.0	0.0	0.0	0.0	0.0	0.0	0.0	0.0	0.0	0.0	0.0	0.0	0.0	0.0	0.0	0.0	0.0	0.0	0.0	0.0	0.0	0.0	0.0	0.0	0.0	0.0	0.0	0.0	0.0	0.0	0.0	0.0	0.0	0.0	0.0	0.0	0.0	0.0	0.0	0.0	0.0	0.0	0.0	0.0	0.0	0.0	0.0	0.0	0.0	0.0	0.0	0.0	0.0	0.0	0.0	0.0	0.0	0.0	0.0	0.0
5226.390965239345	-101.96877042223969	10397.630141423422	27315162.52153545	4159.078020531977	-158.3804527517059	25084.367813835343	17297929.980872188	3535.768746691479	-21.19515220921403	449.2344771717504	12501660.630080232	3622.3012365018817	6398.028251583494	1.267421	78.69018599999998	0.584138537405211	0.3227169587676434	0.0601730289	-0.086015892	-0.0768077465	-0.117114489	0.0471616277	-0.082507368	-0.049251712	-0.0287205158	-0.019869987	-0.0869715432	-0.061741415	-0.0326559569	0.0120052222	0.0310035666	-0.0053564662	0.0234517954	0.0035966096	-0.0574555974	-0.1603499483	0.0302942111	0.0045322888	-0.0310655811	0.022631806	-0.0361720224	-0.0039118647	-0.035808066	-0.0652160791	0.1091599103	0.0188306573	0.0509784918	0.0712625794	0.1141886374	-0.0747331926	0.1044815342	0.0362338308	0.0691603845	0.0769897691	-0.03662795	-0.0089046785	-0.0161563613	-0.0122028983	-0.0302497986	-0.0381190115	-0.1309784999	0.053124099	0.0885183548	-0.0792777859	-0.0222099479	0.0370004825	0.0530083835	-0.040704464	-0.0684474097	0.0742237856	0.0197346973	-0.0435681289	-0.0874129386	-0.0922181468	-0.1347858020548642	0.0186409755222171	0.018167212435573	0.0003474859684199	-0.1232556222348506	0.18282944009772	0.0334266041664457	0.0151919484125002	-0.0936936878947136	-0.0570835421845288	0.0032585307883328	0.008778507151312	0.0097078075671421	-0.0052379841536589	2.7436477993981757e-05	9.42415277606614e-05	0.0004057045465322	0.0008373510517838	1.64596179076898e-07	7.01156783923436e-07	-0.0007839858927001	0.0004363563865722	1.904068961023473e-07	6.146338799527727e-07	0.0	0.0	0.0	0.0	0.0	0.0	0.0	0.0	0.0	0.0	0.0	0.0	0.0	0.0	0.0	0.0	0.0	0.0	0.0	0.0	0.0	0.0	0.0	0.0	1.0	0.0	0.0	0.0	0.0	0.0	0.0	0.0	0.0	0.0	0.0	0.0	0.0	0.0	0.0	0.0	0.0	0.0	0.0	0.0	0.0	0.0	0.0	0.0	0.0	0.0	0.0	0.0	0.0	0.0	0.0	0.0	0.0	0.0	0.0	0.0	0.0	0.0	0.0	0.0	0.0	0.0	0.0	0.0	0.0	0.0	0.0	0.0	0.0	0.0	0.0	0.0	0.0	0.0	0.0	0.0	0.0	0.0	0.0	0.0	0.0	0.0	0.0	0.0	0.0	0.0	0.0	0.0	0.0	0.0	0.0	0.0	0.0	0.0	0.0	0.0	0.0	0.0	0.0	0.0	0.0	0.0	0.0	0.0	0.0	0.0
5106.935777634045	-119.45518760530013	14269.541845817448	26080793.036878645	4239.33574528092	80.25772474894256	6441.302381877028	17971967.56121653	3483.8435350245363	-51.92521166694269	2696.227606656801	12137165.776532255	3592.870957515609	5927.88740483577	1.563449	97.069633	0.3259423306652229	0.2512603463112879	0.0569791031	-0.0096584174	-0.1352311777	-0.1597210105	0.2292316748	-0.050835107	0.0945248382	0.0038758625	-0.0092430059	0.0174017237	-0.0626437901	-0.1022438933	-0.1311135189	0.0682523737	0.0149112305	-0.0548536433	0.0198605208	-0.0050729056	-0.1752439883	0.0895967556	-0.0893177552	0.0551428917	0.0531944989	-0.0555841558	-0.2018676073	-0.0012402511	0.0767287152	0.1885587899	0.0122333409	0.0312714289	0.0774111166	0.0901620075	-0.0600594262	0.0873785388	-0.0309135628	0.0228771975	0.0408849293	0.0791513491	0.0350594577	0.0040205338	-0.028744135	0.0157609779	-0.1382219113	-0.1176789131	0.1321314455	0.0732275987	-0.0044237454	-0.0854791869	-0.1534020464	-0.0549170654	0.0352379181	-0.0325048156	0.0733526932	0.0170442873	-0.0471870168	-0.0894838202	-0.0901847978	-0.132528637358348	0.0022571646965162	0.0175638397200605	5.094792467199122e-06	-0.0846550456456611	0.0386005765891895	0.0014900045130178	0.0071664767532689	-0.0877845776786614	0.0059091102160522	3.491758354545263e-05	0.0077061320782209	0.0049314923896931	-0.004776315177449	2.281318667432967e-05	2.431961718960096e-05	-0.0001142250972381	-0.0005199296437703	1.3047372839053401e-08	2.7032683447111106e-07	-0.0004967211306501	0.00028726476205	8.252104351564312e-08	2.4673188163431373e-07	0.0	0.0	0.0	0.0	0.0	0.0	0.0	0.0	0.0	0.0	0.0	0.0	0.0	0.0	0.0	0.0	0.0	0.0	0.0	0.0	0.0	0.0	0.0	0.0	0.0	1.0	0.0	0.0	0.0	0.0	0.0	0.0	0.0	0.0	0.0	0.0	0.0	0.0	0.0	0.0	0.0	0.0	0.0	0.0	0.0	0.0	0.0	0.0	0.0	0.0	0.0	0.0	0.0	0.0	0.0	0.0	0.0	0.0	0.0	0.0	0.0	0.0	0.0	0.0	0.0	0.0	0.0	0.0	0.0	0.0	0.0	0.0	0.0	0.0	0.0	0.0	0.0	0.0	0.0	0.0	0.0	0.0	0.0	0.0	0.0	0.0	0.0	0.0	0.0	0.0	0.0	0.0	0.0	0.0	0.0	0.0	0.0	0.0	0.0	0.0	0.0	0.0	0.0	0.0	0.0	0.0	0.0	0.0	0.0	0.0
5244.338799974987	137.4030223409418	18879.59054842535	27503089.44892308	4246.798715558882	7.462970277962086	55.69592536974549	18035299.330472566	3519.0204182785906	35.176883254054246	1237.413115469362	12383504.704261629	3626.6615060215263	6418.863575675425	1.85299	115.046272	1.461370145566151	1.0680142496317775	0.0276635165	0.1579862305	0.049917557	-0.0001541472	0.2297258469	-0.0052425981	-0.0498417829	0.0232637922	-0.0503887611	0.0443245392	-0.054665027	-0.0495475871	-0.0442939827	0.0343227931	0.039041895	0.1583040081	0.0331943926	-0.0034815308	0.0594784741	0.0415105157	-0.0485519839	-0.0100988809	0.1418516998	0.0653878735	0.0416383941	0.1393735636	0.0998479395	0.0094072507	-0.0200576962	-0.0722750059	-0.0335447172	-0.0801614191	0.0920678958	0.0846651624	-0.0942228487	-0.0410733688	-0.005076722	-0.065815857	0.0739568057	-0.0214877092	-0.0418355328	0.104090372	0.0137676586	-0.0876715174	0.0750129393	0.0719594065	-0.1182331257	-0.015624189	-0.034683255	-0.0008787019	-0.0075928997	0.0689006706	0.0724665061	0.0143398485	-0.0507185253	-0.0912601531	-0.0876876832	-0.0734690828483337	0.0590595545100142	0.0053977061345753	0.0034880309789213	-0.0160401198274513	0.0686149258182098	0.0047080080450384	0.0002572854440789	-0.9602374645224784	-0.8724528868438169	0.7611740397621101	0.922055988272558	0.0137625021914169	0.0088310098017238	7.798673411814184e-05	0.0001894064665687	0.0002617187704063	0.0003759438676444	6.849671478298556e-08	1.4133379161943016e-07	-0.0004788192321361	1.7901898513999982e-05	3.204779704055548e-10	2.2926785706340446e-07	0.0	0.0	0.0	0.0	0.0	0.0	0.0	0.0	0.0	0.0	0.0	0.0	0.0	0.0	0.0	0.0	0.0	0.0	0.0	0.0	0.0	0.0	0.0	0.0	0.0	0.0	1.0	0.0	0.0	0.0	0.0	0.0	0.0	0.0	0.0	0.0	0.0	0.0	0.0	0.0	0.0	0.0	0.0	0.0	0.0	0.0	0.0	0.0	0.0	0.0	0.0	0.0	0.0	0.0	0.0	0.0	0.0	0.0	0.0	0.0	0.0	0.0	0.0	0.0	0.0	0.0	0.0	0.0	0.0	0.0	0.0	0.0	0.0	0.0	0.0	0.0	0.0	0.0	0.0	0.0	0.0	0.0	0.0	0.0	0.0	0.0	0.0	0.0	0.0	0.0	0.0	0.0	0.0	0.0	0.0	0.0	0.0	0.0	0.0	0.0	0.0	0.0	0.0	0.0	0.0	0.0	0.0	0.0	0.0	0.0
5299.676698037846	55.337898062859495	3062.2829620154284	28086573.10372533	4166.143657853579	-80.65505770530308	6505.23833344577	17356752.977873597	3555.3809419704235	36.360523691832896	1322.087683144341	12640733.642526496	3632.614242714895	6438.414597806227	0.990153	61.475498	0.3416229058931037	0.2187060703552379	0.032396062	0.0854524619	0.0028555261	0.0238962744	0.1849809935	-0.0259393414	0.0132745096	-0.0415670802	-0.021354865	0.0332378042	0.0605156551	0.0034383048	-0.01413181	0.0192678731	0.0055599892	0.0532379744	-0.0427105564	-0.0221639293	0.0397703623	0.0029659198	-0.0211374876	0.0098858866	0.050344075	0.0532314781	0.072901818	0.0198134641	0.0488169462	-0.1274504098	-0.0128689207	-0.0497229499	-0.0332321505	-0.0766973219	0.1156525353	0.09093469	-0.0945138174	-0.078759666	-0.0169134897	-0.0681371701	0.0773766095	-0.0175846433	-0.0457162122	0.0729439591	-0.0019646322	-0.0780642925	0.0312552857	0.032988807	-0.0309041962	-0.0191361797	0.0557066566	0.0515487078	0.0476805287	0.0279805902	0.0715654069	0.011623607	-0.0541561147	-0.0927360906	-0.0847396439	-0.0616738048800158	0.0117952779683178	0.0038036582083782	0.0001391285823498	0.0801212732046821	0.0961613930321333	0.0092470135098804	0.0064194184199393	-1.144841757542551	-0.1846042930200725	0.0340787450014408	1.3106626498131169	0.0144246236976537	0.0006621215062367	4.384048890212873e-07	0.0002080697688189	0.0002939962292225	3.227745881620003e-05	8.643378279704877e-08	1.041834347631489e-09	-0.0007656591045347	-0.0002868398723986	8.227711239764516e-08	5.862338643568787e-07	0.0	0.0	0.0	0.0	0.0	0.0	0.0	0.0	0.0	0.0	0.0	0.0	0.0	0.0	0.0	0.0	0.0	0.0	0.0	0.0	0.0	0.0	0.0	0.0	0.0	0.0	0.0	0.0	0.0	0.0	0.0	0.0	0.0	0.0	0.0	0.0	0.0	0.0	0.0	0.0	0.0	0.0	0.0	0.0	0.0	0.0	0.0	0.0	0.0	0.0	0.0	0.0	0.0	0.0	0.0	0.0	0.0	0.0	0.0	0.0	0.0	0.0	0.0	0.0	0.0	0.0	0.0	0.0	0.0	0.0	0.0	0.0	0.0	0.0	0.0	0.0	0.0	0.0	0.0	0.0	0.0	0.0	0.0	0.0	0.0	0.0	0.0	0.0	0.0	0.0	0.0	0.0	0.0	0.0	0.0	0.0	0.0	0.0	0.0	0.0	0.0	0.0	0.0	0.0	0.0	0.0	0.0	0.0	0.0	0.0
5292.986402998216	-6.690295039629746	44.76004771729438	28015705.062324	4234.919259810204	68.775601956625	4730.08342449612	17934541.137111403	3540.694161730541	-14.68678023988241	215.7015138146004	12536515.14691274	3634.3672026513327	6569.095916685288	0.761549	47.2822	0.3071013823378413	0.1729381201565812	0.0292925728	0.1112062386	0.0311857222	0.0894319815	0.2028944507	-0.0155466823	-0.009095213	-0.0072104238	-0.0178665735	-0.0166563019	-0.0274121949	-0.019196115	-0.0112635662	0.0340139667	0.020181031	0.0820149599	0.0185382541	-0.0235046738	0.0554440331	0.0181876598	-0.0085213347	-0.0001994281	0.0612072846	0.0386633295	0.0537464896	0.1036705959	0.1135856319	-0.0879828833	-0.0002497766	-0.0126321181	-0.0135589619	-0.0976410828	0.1399265334	0.1138938608	-0.0930874196	-0.1145705383	-0.0281962315	-0.067732504	0.1314503541	0.0164781533	-0.0366872799	0.0757906073	0.0067075451	-0.0612681285	0.0154426101	0.0450729498	-0.0422888211	-0.0026955953	-0.0261942005	0.0169762849	0.0255843651	0.0600858238	0.070649581	0.0088977982	-0.0574934194	-0.0939067741	-0.08135584	-0.0565350395562234	0.0051387653237923	0.0031962106976237	2.64069090530112e-05	0.1950679603650655	0.1149466871603833	0.013212740889147	0.0380515091609867	-1.2311295484403215	-0.0862877908977706	0.0074455828580173	1.51567996504287	0.015769538723488	0.0013449150258342	1.808796426714872e-06	0.0002486783515515	0.0008133295328285	0.000519333303606	6.61504928971026e-07	2.6970708023432176e-07	-0.0009159735542123	-0.0001503144496775	2.259443378187973e-08	8.390075520163133e-07	0.0	0.0	0.0	0.0	0.0	0.0	0.0	0.0	0.0	0.0	0.0	0.0	0.0	0.0	0.0	0.0	0.0	0.0	0.0	0.0	0.0	0.0	0.0	0.0	0.0	0.0	0.0	0.0	0.0	0.0	0.0	0.0	0.0	0.0	0.0	0.0	0.0	0.0	0.0	0.0	0.0	0.0	0.0	0.0	0.0	0.0	0.0	0.0	0.0	0.0	0.0	0.0	0.0	0.0	0.0	0.0	0.0	0.0	0.0	0.0	0.0	0.0	0.0	0.0	0.0	0.0	0.0	0.0	0.0	0.0	0.0	0.0	0.0	0.0	0.0	0.0	0.0	0.0	0.0	0.0	0.0	0.0	0.0	0.0	0.0	0.0	0.0	0.0	0.0	0.0	0.0	0.0	0.0	0.0	0.0	0.0	0.0	0.0	0.0	0.0	0.0	0.0	0.0	0.0	0.0	0.0	0.0	0.0	0.0	0.0
5362.789903081012	69.80350008279584	4872.528623808878	28759515.544587653	4296.263745591095	61.34448578089177	3763.145935722033	18457882.171680428	3571.4622081053435	30.76804637480245	946.6726777219944	12755342.303924697	3662.667858728221	6689.50007354911	0.92489	57.423492	0.3043553292457618	0.1531844109844057	-0.0001180743	0.0580341365	0.0363057551	0.0417392285	0.1597467575	-0.0395492838	0.0127545005	0.016130599	0.015721703	0.0005725954	0.0615883732	0.0294142713	-0.0189681573	0.0328252792	0.0137161768	0.0483563382	-0.0190273898	-0.027501536	0.04488151	-0.0263924334	-0.0191605958	0.009801526	0.0477296091	0.0337148709	0.062673099	0.0381750261	0.0882033688	-0.134700068	-0.0048429354	-0.0067975084	-0.038656784	-0.0914274645	0.1206918151	0.1114526191	-0.0952879536	-0.1338475262	-0.0217790132	-0.0534034665	0.0876596555	0.0077669717	-0.0663042644	0.0097348131	-0.0143729614	-0.0342505578	0.0658673207	-0.0153379354	-0.0340098351	-0.0430603231	0.062119049	0.0509242534	0.0356453109	-0.0081824573	0.0697192167	0.0061646659	-0.0607242596	-0.0947683504	-0.0775536723	-0.0521951435175793	0.0043398960386441	0.0027243330068207	1.8834697626238796e-05	0.2281582495228633	0.0330902891577978	0.0010949672365466	0.0520561868253371	-1.2486228341628165	-0.0174932857224949	0.0003060150453688	1.5590589819927845	0.0173455302970938	0.0015759915736058	2.4837494400764877e-06	0.0003008674212873	-0.0011510937342387	-0.0019644232670672	1.3250167850035948e-06	3.858958772194971e-06	-0.0023641958800758	-0.0014482223258635	2.0973479051294853e-06	5.589422159367386e-06	0.0	0.0	0.0	0.0	0.0	0.0	0.0	0.0	0.0	0.0	0.0	0.0	0.0	0.0	0.0	0.0	0.0	0.0	0.0	0.0	0.0	0.0	0.0	0.0	0.0	0.0	0.0	0.0	0.0	0.0	0.0	0.0	0.0	0.0	0.0	0.0	0.0	0.0	0.0	0.0	0.0	0.0	0.0	0.0	0.0	0.0	0.0	0.0	0.0	0.0	0.0	0.0	0.0	0.0	0.0	0.0	0.0	0.0	0.0	0.0	0.0	0.0	0.0	0.0	0.0	0.0	0.0	0.0	0.0	0.0	0.0	0.0	0.0	0.0	0.0	0.0	0.0	0.0	0.0	0.0	0.0	0.0	0.0	0.0	0.0	0.0	0.0	0.0	0.0	0.0	0.0	0.0	0.0	0.0	0.0	0.0	0.0	0.0	0.0	0.0	0.0	0.0	0.0	0.0	0.0	0.0	0.0	0.0	0.0	0.0
5343.936218115699	-18.853684965312823	355.46143677126275	28557654.303288724	4286.223285795479	-10.040459795616698	100.81083290739532	18371710.05569539	3560.646934474977	-10.815273630366391	116.97014369969862	12678206.591986053	3652.801678859012	6736.484613344795	1.161966	72.142815	0.4142516024546826	0.2414138794818142	0.0215529874	0.066233438	0.0418829769	0.1433681957	0.1323077622	0.0300828906	0.0211193567	0.0061048738	0.0099442158	-0.0020983591	-0.0074113322	0.0076403902	-0.0161148805	0.0016538503	0.0069737286	0.0453048868	0.0201462368	-0.0043105971	0.0859793849	-0.0056161189	-0.0066993798	-0.0147278582	0.0003647432	0.037720743	0.0472621899	0.0866210483	0.1031550395	-0.1327883603	0.020488203	0.0255194751	-0.0012079855	-0.0987602324	0.1389518146	0.0727647261	-0.0785345901	-0.1175276402	-0.01797668	-0.080026641	0.157356311	0.0641130297	0.0034123943	0.0039433117	0.0216903321	-0.046566186	-0.037192249	0.0601686772	-0.0177183833	-0.0133434762	0.0065378842	0.031080262	-0.0217134658	-0.004921953	0.0687745056	0.0034264595	-0.0638426524	-0.0953179834	-0.0733526932	-0.0119362794402917	0.0402588640772876	0.0001424747668767	0.0016207761367935	0.1102069431790084	-0.1179513063438549	0.0139125106682219	0.0121455703248611	-1.4589037319181417	-0.2102808977553252	0.0442180559607855	2.128400099004681	0.0167775950727646	-0.0005679352243291	3.225504190338583e-07	0.0002814876964256	-0.001150011731877	1.0820023616999342e-06	1.322526983454737e-06	1.1707291107242352e-12	-0.0020180024212024	0.0003461934588734	1.1984991096672857e-07	4.072333771978748e-06	0.0	0.0	0.0	0.0	0.0	0.0	0.0	0.0	0.0	0.0	0.0	0.0	0.0	0.0	0.0	0.0	0.0	0.0	0.0	0.0	0.0	0.0	0.0	0.0	0.0	0.0	0.0	0.0	0.0	0.0	0.0	0.0	0.0	0.0	0.0	0.0	0.0	0.0	0.0	0.0	0.0	0.0	0.0	0.0	0.0	0.0	0.0	0.0	0.0	0.0	0.0	0.0	0.0	0.0	0.0	0.0	0.0	0.0	0.0	0.0	0.0	0.0	0.0	0.0	0.0	0.0	0.0	0.0	0.0	0.0	0.0	0.0	0.0	0.0	0.0	0.0	0.0	0.0	0.0	0.0	0.0	0.0	0.0	0.0	0.0	0.0	0.0	0.0	0.0	0.0	0.0	0.0	0.0	0.0	0.0	0.0	0.0	0.0	0.0	0.0	0.0	0.0	0.0	0.0	0.0	0.0	0.0	0.0	0.0	0.0
5394.7417918721685	50.80557375646913	2581.206324724025	29103239.000972137	4348.8928522787	62.66956648322139	3927.4745631949054	18912869.040600765	3575.6740478045217	15.02711332954459	225.8141350189767	12785444.896142771	3662.450814878437	6905.211188884988	1.555836	96.596977	2.7053424871990623	1.4753858816357626	0.0109947942	-0.0611558315	0.0477620267	0.0350127108	-0.0283453704	0.0512742609	0.068938586	0.010972223	0.0331731052	-0.0001787162	0.0906288796	0.0301199299	-0.0130750574	-0.0381219526	0.0378973901	0.0046685645	-0.0097523364	0.0181961517	0.1191254421	-0.0242741043	0.0005693061	-0.0199291507	-0.029825586	0.0323588756	0.0435958725	0.0328215774	-0.0116719758	-0.2274913359	0.0647194965	0.0337352649	0.0015611805	-0.0875987091	0.025266372	-0.1214733457	0.0915332592	-0.1281401535	0.0496957826	-0.0028467518	-0.0877601699	0.0626191575	0.0641728642	-0.1586566736	0.1450102949	0.1649101703	0.044638764	0.2578254519	0.1415156839	-0.1389223527	0.0876119258	-0.1883653256	-0.1368640481	-0.1732520355	0.067815642	0.000685433	-0.0668428233	-0.0955538639	-0.0687745056	0.6244690115809561	0.6364052910212479	0.3899615464248963	0.4050116944398392	0.2784381550087147	0.1682312118297063	0.0283017406336915	0.077527806164657	-1.373260930058919	0.0856428018592228	0.007334689510298	1.885845582026287	0.0208215309320201	0.0040439358592555	1.6353417233772537e-05	0.000433536150353	-0.0241084858672282	-0.0229584741353512	0.0005812190908103	0.0005270915346235	0.0072808512339686	0.009298853655171	8.646867930028707e-05	5.301079469118209e-05	0.0	0.0	0.0	0.0	0.0	0.0	0.0	0.0	0.0	0.0	0.0	0.0	0.0	0.0	0.0	0.0	0.0	0.0	0.0	0.0	0.0	0.0	0.0	0.0	0.0	0.0	0.0	1.0	0.0	0.0	0.0	0.0	0.0	0.0	0.0	0.0	0.0	0.0	0.0	0.0	0.0	0.0	0.0	0.0	0.0	0.0	0.0	0.0	0.0	0.0	0.0	0.0	0.0	0.0	0.0	0.0	0.0	0.0	0.0	0.0	0.0	0.0	0.0	0.0	0.0	0.0	0.0	0.0	0.0	0.0	0.0	0.0	0.0	0.0	0.0	0.0	0.0	0.0	0.0	0.0	0.0	0.0	0.0	0.0	0.0	0.0	0.0	0.0	0.0	0.0	0.0	0.0	0.0	0.0	0.0	0.0	0.0	0.0	0.0	0.0	0.0	0.0	0.0	0.0	0.0	0.0	0.0	0.0	0.0	0.0
5435.024947067659	40.28315519549051	1622.7325925039738	29539496.17524781	4275.37832660968	-73.51452566902026	5404.385484341038	18278859.835643787	3591.140355379059	15.466307574537495	239.2066699901959	12896289.052032037	3674.3838046436576	7032.785081319779	1.411222	87.618347	1.2819136508438405	0.5918552583153779	0.0113338376	-0.020764353	0.0914925942	0.0775915209	-0.0497379605	-0.0172907673	0.0153466435	0.0005854754	-0.011463039	-0.0151381808	0.0264064314	0.064515648	-0.0459722787	0.0197698213	0.0539372007	0.0241221482	0.0278486199	0.0252333731	0.055688324	-0.0575204095	-0.0346116079	-0.0079335498	-0.0188269843	-0.0103688572	0.0207565864	0.1139982097	0.0685995904	-0.1526063221	0.0539494837	0.0434134168	-0.0164716366	-0.0757451708	0.0321370821	-0.1334159995	0.0593910032	-0.1276112314	-0.0136939467	-0.004169302	-0.0243337896	0.097447979	0.0645488314	-0.0656314207	0.2542267314	0.1231497325	-0.0655080807	0.2006538035	-0.0472324697	-0.0540137662	-0.0013268693	-0.1695151721	-0.1573459833	-0.1597757042	0.0668428233	-0.0020561578	-0.0697192167	-0.0954752155	-0.0638426524	0.406571153927203	-0.2178978576537531	0.1653001032056974	0.0474794763700952	0.045310979312731	-0.2331271756959837	0.054348280047986	0.0020530848462787	-1.7001067350193324	-0.3268458049604135	0.1068281802202206	2.8903629104580943	0.0206835018741785	-0.0001380290578416	1.905202080864e-08	0.0004278072497791	-0.017515665798433	0.0065928200687952	0.0003067985483623	4.346527645950877e-05	0.0039308441099316	-0.003350007124037	1.1222547731098657e-05	1.5451535416583948e-05	0.0	0.0	0.0	0.0	0.0	0.0	0.0	0.0	0.0	0.0	0.0	0.0	0.0	0.0	0.0	0.0	0.0	0.0	0.0	0.0	0.0	0.0	0.0	0.0	0.0	0.0	0.0	0.0	1.0	0.0	0.0	0.0	0.0	0.0	0.0	0.0	0.0	0.0	0.0	0.0	0.0	0.0	0.0	0.0	0.0	0.0	0.0	0.0	0.0	0.0	0.0	0.0	0.0	0.0	0.0	0.0	0.0	0.0	0.0	0.0	0.0	0.0	0.0	0.0	0.0	0.0	0.0	0.0	0.0	0.0	0.0	0.0	0.0	0.0	0.0	0.0	0.0	0.0	0.0	0.0	0.0	0.0	0.0	0.0	0.0	0.0	0.0	0.0	0.0	0.0	0.0	0.0	0.0	0.0	0.0	0.0	0.0	0.0	0.0	0.0	0.0	0.0	0.0	0.0	0.0	0.0	0.0	0.0	0.0	0.0
5317.036399314098	-117.98854775356084	13921.29740099431	28270876.07163103	4194.966763336911	-80.41156327276894	6466.019507970524	17597746.145501357	3498.117199456148	-93.02315592291144	8653.30753785829	12236823.941130923	3583.757451527555	7003.101055370855	1.371705	85.16484099999998	1.0906460236392204	0.7853168057934796	0.0100342527	0.0088106819	0.069422954	0.0647135426	-0.0962119895	0.0707083151	0.0181519327	-0.0564450297	-0.0129377913	0.0586073619	0.0383548839	-0.0903500237	-0.0499131258	0.1238861411	-0.0282892564	-0.0231192297	-0.0286974617	0.0797860077	-0.0226425389	0.0905365581	-0.0320373644	0.1295574796	0.0170696161	0.0065385498	-0.0659836103	0.0494678686	0.0611078907	-0.1038362535	0.05873291	0.0099273838	0.0001119095	-0.0907901301	0.0089337695	-0.1526737935	0.0319740468	-0.1005119743	0.0079486671	0.0067795496	-0.0550920007	0.0618053847	0.0544116766	-0.11223019	0.0453188434	0.0703564292	0.0005328449	0.1463992622	-0.0318581028	-0.0854376729	0.0487528882	-0.1001320831	-0.0909867146	-0.1541935005	0.0658562496	-0.0047960562	-0.0724665061	-0.0950822971	-0.0585824951	0.4089666109825032	0.0023954570553001	0.1672536888985141	5.7382145037874986e-06	-0.0024753624067841	-0.0477863417195151	0.0022835344549342	6.127419044919972e-06	-1.1303832000547374	0.569723534964595	0.3245849062925541	1.2777661789659884	0.0123551075534087	-0.0083283943207698	6.936215196223067e-05	0.0001526486826562	-0.0176989267559888	-0.0001832609575557	0.0003132520083138	3.3584578564268584e-08	0.003027685590261	-0.0009031585196705	8.156953116535892e-07	9.1668800334741e-06	0.0	0.0	0.0	0.0	0.0	0.0	0.0	0.0	0.0	0.0	0.0	0.0	0.0	0.0	0.0	0.0	0.0	0.0	0.0	0.0	0.0	0.0	0.0	0.0	0.0	0.0	0.0	0.0	0.0	1.0	0.0	0.0	0.0	0.0	0.0	0.0	0.0	0.0	0.0	0.0	0.0	0.0	0.0	0.0	0.0	0.0	0.0	0.0	0.0	0.0	0.0	0.0	0.0	0.0	0.0	0.0	0.0	0.0	0.0	0.0	0.0	0.0	0.0	0.0	0.0	0.0	0.0	0.0	0.0	0.0	0.0	0.0	0.0	0.0	0.0	0.0	0.0	0.0	0.0	0.0	0.0	0.0	0.0	0.0	0.0	0.0	0.0	0.0	0.0	0.0	0.0	0.0	0.0	0.0	0.0	0.0	0.0	0.0	0.0	0.0	0.0	0.0	0.0	0.0	0.0	0.0	0.0	0.0	0.0	0.0
5408.625026700994	91.5886273868955	8388.476666615583	29253224.679456323	4345.639010159229	150.6722468223179	22702.125962485487	18884578.40661768	3557.1174090611453	59.00020960499751	3481.02473343364	12653084.261845876	3642.1146144463983	6971.777774415582	1.628786	101.126213	1.7488749576556226	1.2570317791451322	0.003474149	-0.0336617406	0.0152886011	0.0335762012	-0.1264515983	0.0403881655	0.0454422272	0.0529689098	-0.0460528178	0.0732667528	-0.0327921323	-0.0067552236	-0.0813688423	-0.0336515784	-0.0363584796	-0.159387512	-0.0004752543	-0.0173309145	0.0867945494	0.0083563474	-0.0859274319	-0.0029895752	-0.0904310225	-0.0781638398	-0.0240623215	-0.1268646487	0.0249993737	-0.0010664578	0.0389821047	0.0222459579	0.0281109539	-0.0691996556	0.007550513	-0.1851093841	0.0790281597	-0.076241716	-0.0059648001	-0.0118584036	-0.1419506057	0.1166100405	-0.0362100279	-0.0061677454	0.1079036912	0.0669461729	0.0322604344	-0.122220293	0.1618180972	0.1455508694	-0.0519226938	-0.0183590522	0.0388394237	0.127301606	0.0648561241	-0.007532007	-0.0750796043	-0.0943764019	-0.0530210836	0.4393405316991732	0.03037392071667	0.1930201027937122	0.0009225750597025	0.1588991398436263	0.1613745022504104	0.0260417299765677	0.0252489366430443	0.0761826270186247	1.206565827073362	1.4558010950612263	0.0058037926594588	0.0106147950350077	-0.001740312518401	3.028687661703231e-06	0.0001126738736352	-0.0218865832494628	-0.0041876564934739	0.0004790225263356	1.753646690733495e-05	0.0019444404498324	-0.0010832451404285	1.173420034262177e-06	3.780848662944426e-06	0.0	0.0	0.0	0.0	0.0	0.0	0.0	0.0	0.0	0.0	0.0	0.0	0.0	0.0	0.0	0.0	0.0	0.0	0.0	0.0	0.0	0.0	0.0	0.0	0.0	0.0	0.0	0.0	0.0	0.0	1.0	0.0	0.0	0.0	0.0	0.0	0.0	0.0	0.0	0.0	0.0	0.0	0.0	0.0	0.0	0.0	0.0	0.0	0.0	0.0	0.0	0.0	0.0	0.0	0.0	0.0	0.0	0.0	0.0	0.0	0.0	0.0	0.0	0.0	0.0	0.0	0.0	0.0	0.0	0.0	0.0	0.0	0.0	0.0	0.0	0.0	0.0	0.0	0.0	0.0	0.0	0.0	0.0	0.0	0.0	0.0	0.0	0.0	0.0	0.0	0.0	0.0	0.0	0.0	0.0	0.0	0.0	0.0	0.0	0.0	0.0	0.0	0.0	0.0	0.0	0.0	0.0	0.0	0.0	0.0
5348.283465277564	-60.34156142343	3641.104035017575	28604136.024961382	4055.11283914872	-290.52617101050873	84405.45604202736	16443940.138228793	3557.328433547023	0.211024485877715	0.0445313336399539	12654585.584122116	3627.553279514044	6862.917548766927	1.158738	71.942375	0.7240368453046703	0.4050523755773201	0.021376581	0.0020600874	0.0112800822	0.022494887	-0.1109661744	0.0905396731	0.0096966996	-0.0899395237	-0.069228713	0.0267908378	0.0384033968	-0.0067788511	0.027238928	-0.0391723886	0.0120481753	-0.0373068853	-0.0178801702	0.0289426861	-0.009553559	0.013375791	0.0117230951	-0.0185317766	-0.0433061314	0.005671433	0.0044465996	-0.0108250263	-0.1160437383	-0.0571846935	0.0562585847	0.0085090783	0.0278400123	-0.0571896426	0.0035689686	-0.1874239748	0.0783962822	-0.06298565	-0.0209304597	0.0165639275	-0.1285374857	0.0567246724	0.0260573454	-0.0428428777	-0.0100304518	0.0326380257	-0.0208575785	8.08948e-05	0.1205157979	0.093614559	-0.1129519955	-0.0047514587	0.0216660556	0.0269988268	0.0638426524	-0.0102617584	-0.0775536723	-0.0933598536	-0.0471870168	0.4956454799074521	0.0563049482082789	0.2456644417526885	0.0031702471927369	-0.0120639231949724	-0.1709630630385987	0.0292283689235398	0.0001455382428541	-0.205383417660883	-0.2815660446795077	0.0792794375164625	0.0421823482500647	0.0139736095550314	0.0033588145200237	1.1281634979922046e-05	0.0001952617639964	-0.0218757115297416	1.0871719721198408e-05	0.0004785467549324	1.181942896962944e-10	0.0028788099976532	0.0009343695478208	8.730464518948463e-07	8.287547002588018e-06	0.0	0.0	0.0	0.0	0.0	0.0	0.0	0.0	0.0	0.0	0.0	0.0	0.0	0.0	0.0	0.0	0.0	0.0	0.0	0.0	0.0	0.0	0.0	0.0	0.0	0.0	0.0	0.0	0.0	0.0	0.0	1.0	0.0	0.0	0.0	0.0	0.0	0.0	0.0	0.0	0.0	0.0	0.0	0.0	0.0	0.0	0.0	0.0	0.0	0.0	0.0	0.0	0.0	0.0	0.0	0.0	0.0	0.0	0.0	0.0	0.0	0.0	0.0	0.0	0.0	0.0	0.0	0.0	0.0	0.0	0.0	0.0	0.0	0.0	0.0	0.0	0.0	0.0	0.0	0.0	0.0	0.0	0.0	0.0	0.0	0.0	0.0	0.0	0.0	0.0	0.0	0.0	0.0	0.0	0.0	0.0	0.0	0.0	0.0	0.0	0.0	0.0	0.0	0.0	0.0	0.0	0.0	0.0	0.0	0.0
5236.283509592411	-111.9999556851526	12543.990073476149	27418664.992829416	4160.316992775979	105.20415362725907	11067.913940427929	17308237.480380565	3468.9540125773974	-88.37442096962559	7810.038281716599	12033641.941376826	3544.978986364016	6501.773114928249	1.545667	95.965599	1.4219353865659248	0.7648987536463338	0.055134773	0.0041298628	-0.0764424831	-0.01706699	-0.0707946841	0.0735606817	0.0511709416	-0.0442053802	-0.0359385411	-0.1774077204	-0.0707529812	-0.1643698994	0.0246454902	-0.2023134806	0.0464282303	0.0352194023	0.1512100076	-0.0168779638	0.0780981094	0.1568809925	0.0146721439	-0.1778265134	-0.0726991716	-0.0143172629	0.0398072294	0.0168371356	0.0052061078	0.1951265996	0.0493045705	0.0119898817	0.0607567994	-0.0523473449	0.0025200451	-0.1532043394	0.0271696001	-0.045003691	0.0380328126	0.0366378472	-0.0887696114	0.0690818186	-0.0109821093	0.0176569663	0.073080416	-0.0177329591	0.0404476201	-0.1466008457	0.2085449026	0.0978672048	-0.0712808681	0.0705863245	0.0242492274	0.0738299094	0.0628160431	-0.0129830636	-0.0798841288	-0.0920359983	-0.0411102958	0.3426331240907245	-0.1530123558167276	0.1173974577241698	0.0234127810325848	0.0982759029606512	0.1103398261556236	0.0121748772360532	0.0096581531027313	0.2724724267233256	0.4778558443842086	0.2283462080121449	0.074241223324498	0.0052612845575453	-0.0087123249974861	7.59046068618212e-05	2.768111519546464e-05	-0.0181040271573156	0.003771684372426	0.0003277557993128	1.4225603005202512e-05	0.001748272163378	-0.0011305378342752	1.2781157947276595e-06	3.056455557242393e-06	0.0	0.0	0.0	0.0	0.0	0.0	0.0	0.0	0.0	0.0	0.0	0.0	0.0	0.0	0.0	0.0	0.0	0.0	0.0	0.0	0.0	0.0	0.0	0.0	0.0	0.0	0.0	0.0	0.0	0.0	0.0	0.0	1.0	0.0	0.0	0.0	0.0	0.0	0.0	0.0	0.0	0.0	0.0	0.0	0.0	0.0	0.0	0.0	0.0	0.0	0.0	0.0	0.0	0.0	0.0	0.0	0.0	0.0	0.0	0.0	0.0	0.0	0.0	0.0	0.0	0.0	0.0	0.0	0.0	0.0	0.0	0.0	0.0	0.0	0.0	0.0	0.0	0.0	0.0	0.0	0.0	0.0	0.0	0.0	0.0	0.0	0.0	0.0	0.0	0.0	0.0	0.0	0.0	0.0	0.0	0.0	0.0	0.0	0.0	0.0	0.0	0.0	0.0	0.0	0.0	0.0	0.0	0.0	0.0	0.0
5126.784107063674	-109.49940252873694	11990.11915415036	26283915.280440677	4002.388256190173	-157.9287365858063	24941.48583958899	16019111.753289012	3458.407345614375	-10.54666696302229	111.2321840289058	11960581.368199468	3538.4197470436634	6186.401980579456	1.778729	110.435684	1.304585610887681	0.7845834733375848	0.0938981281	-0.0239010243	-0.1595839453	0.0639359051	-0.0139826144	0.0812841311	0.0040804801	-0.0761975893	-0.1455934793	-0.1183747687	-0.0502253138	-0.1659193643	-0.0872661895	-0.1230225055	0.0547132198	0.0284841309	0.2016505674	-0.0438671822	-0.0307713584	0.1620934822	-0.0815886078	-0.1081889261	-0.093714279	-0.0004217905	-0.0097870215	0.1556368993	0.1100338659	0.139020981	0.0412432676	0.0250672085	0.1062599756	-0.0644466731	0.0576481058	-0.0614374504	-0.0785363729	0.1165688375	-0.0509853924	0.189817187	-0.0193992248	-0.0871695799	0.0177089491	0.0176428842	-0.0233459264	-0.0080839534	-0.0323211868	-0.1643732849	-0.01529702	-0.0139075231	-0.0755586504	0.039443766	-0.0232074611	-0.2580483908	0.0617765075	-0.0156936827	-0.0820666583	-0.0904091936	-0.0348221695	0.1681275189448143	-0.1745056051459101	0.0282668626265388	0.0304522062273403	0.0974045518285748	-0.0008713511320763	7.592527953708201e-07	0.0094876467169255	0.8187264928752	0.5462540661518744	0.2983935047874564	0.670313070135725	0.00423334230187	-0.0010279422556753	1.0566652810028235e-06	1.7921187044801987e-05	-0.0075651078804801	0.0105389192768355	5.723085724330211e-05	0.0001110688195236	0.0016560419267324	-9.223023664560004e-05	8.506416551703385e-09	2.74247486309556e-06	0.0	0.0	0.0	0.0	0.0	0.0	0.0	0.0	0.0	0.0	0.0	0.0	0.0	0.0	0.0	0.0	0.0	0.0	0.0	0.0	0.0	0.0	0.0	0.0	0.0	0.0	0.0	0.0	0.0	0.0	0.0	0.0	0.0	1.0	0.0	0.0	0.0	0.0	0.0	0.0	0.0	0.0	0.0	0.0	0.0	0.0	0.0	0.0	0.0	0.0	0.0	0.0	0.0	0.0	0.0	0.0	0.0	0.0	0.0	0.0	0.0	0.0	0.0	0.0	0.0	0.0	0.0	0.0	0.0	0.0	0.0	0.0	0.0	0.0	0.0	0.0	0.0	0.0	0.0	0.0	0.0	0.0	0.0	0.0	0.0	0.0	0.0	0.0	0.0	0.0	0.0	0.0	0.0	0.0	0.0	0.0	0.0	0.0	0.0	0.0	0.0	0.0	0.0	0.0	0.0	0.0	0.0	0.0	0.0	0.0
5372.206314295225	245.4222072315506	60232.05980240617	28860600.683353484	4354.263463303498	351.8752071133249	123816.1613810453	18959610.30785977	3573.637545017838	115.23019940346283	13277.998854561807	12770885.30316112	3663.679913762589	6778.910527897602	2.162268	134.248367	1.9135660907210428	1.27109351297012	0.0108294431	-0.0274598151	0.083046753	-0.141505503	-0.0967708952	0.1152015382	-0.0839060275	0.1119569715	-0.1423414166	0.0653769824	-0.0954276113	0.0238837719	-0.1022821227	-0.0207687983	-0.0464402465	-0.1618228129	-0.0544418942	0.0894330401	0.0567314253	-0.0228035771	-0.1289028786	-0.0168444306	-0.0432035668	-0.0469722832	-0.0281671532	-0.1614238637	-0.1301198445	-0.0649869282	0.025474445	0.0045730649	-0.0276322871	0.0367571526	-0.111809883	-0.141126453	0.0123295941	0.0360861867	-0.0339590252	-0.0027964213	-0.1164043937	-0.0595047795	0.0114513221	0.0342013537	-0.0823068497	-0.0476415632	-0.0176960381	-0.0463932859	-0.1909078162	0.0220963279	0.0135820433	0.0536780153	0.0828659744	0.052619116	0.0607242596	-0.0183913846	-0.0840972192	-0.0884847944	-0.0283549738	0.1740328768137402	0.0059053578689258	0.0302874422120664	3.487325156008476e-05	-0.2731268314378781	-0.3705313832664528	0.1372935059853509	0.074598266051295	-0.253268454115414	-1.071994946990614	1.1491731663734095	0.0641449098500115	0.0121669668040677	0.0079336245021977	6.294239774187171e-05	0.0001480350812112	-0.0085482014944169	-0.0009830936139367	7.307174878915132e-05	9.664730537633177e-07	0.0012700719909659	-0.0003859699357665	1.4897279131559614e-07	1.6130828622360854e-06	0.0	0.0	0.0	0.0	0.0	0.0	0.0	0.0	0.0	0.0	0.0	0.0	0.0	0.0	0.0	0.0	0.0	0.0	0.0	0.0	0.0	0.0	0.0	0.0	0.0	0.0	0.0	0.0	0.0	0.0	0.0	0.0	0.0	0.0	1.0	0.0	0.0	0.0	0.0	0.0	0.0	0.0	0.0	0.0	0.0	0.0	0.0	0.0	0.0	0.0	0.0	0.0	0.0	0.0	0.0	0.0	0.0	0.0	0.0	0.0	0.0	0.0	0.0	0.0	0.0	0.0	0.0	0.0	0.0	0.0	0.0	0.0	0.0	0.0	0.0	0.0	0.0	0.0	0.0	0.0	0.0	0.0	0.0	0.0	0.0	0.0	0.0	0.0	0.0	0.0	0.0	0.0	0.0	0.0	0.0	0.0	0.0	0.0	0.0	0.0	0.0	0.0	0.0	0.0	0.0	0.0	0.0	0.0	0.0	0.0
5354.172082898565	-18.03423139665938	325.2335020682549	28667158.69329036	4195.45976707146	-158.8036962320375	25218.613936957245	17601882.65711531	3570.442146903977	-3.195398113860847	10.210569106065458	12748057.12438828	3651.001435991744	6860.6637902661605	1.347885	83.68589799999998	0.7289972648876161	0.403393467779111	-0.0235874028	0.0243339002	0.0671729316	-0.0924411277	-0.0725153792	0.0893395406	0.1043084829	-0.0282766708	-0.0280617396	-0.0681802997	0.0770791726	0.0208581816	0.0435867656	-0.0539452313	0.0400911076	0.0895373268	-0.0554415697	0.0003927259	0.0137311523	-0.0183121447	0.0288644623	-0.0602434256	0.0607531857	0.0630563791	0.0391640151	0.0088161703	-0.1137609576	-0.0111645605	0.0133842523	-0.054474624	-0.0763853179	0.0022426394	-0.0572678266	-0.1268067467	-0.0432885287	-0.0483802254	0.0175616314	-0.057754055	-0.0584333348	-0.0166364006	-0.0143505421	-0.0093556167	-0.1584587357	-0.0525407083	-0.0035454393	-0.0049450825	-0.0578700809	-0.0462423435	0.0196854091	0.0252961522	-0.0081891467	0.0096396419	0.0596595157	-0.0210739489	-0.0859720514	-0.0862691351	-0.0217419657	0.1738389606738763	-0.0001939161398638	0.0302199842481735	3.7603469299710455e-08	-0.0391326057377909	0.2339942257000871	0.0547532976609833	0.0015313608318293	-0.58467309427364	-0.331404640158226	0.1098290355184032	0.3418426271675127	0.0107993583430557	-0.001367608461012	1.8703529026316123e-06	0.0001166261406217	-0.0091520314889739	-0.0006038299945569	8.375968037516981e-05	3.64610662326706e-07	-2.657921125388124e-05	-0.0012966512022197	1.6813043402180042e-06	7.064544708784471e-10	0.0	0.0	0.0	0.0	0.0	0.0	0.0	0.0	0.0	0.0	0.0	0.0	0.0	0.0	0.0	0.0	0.0	0.0	0.0	0.0	0.0	0.0	0.0	0.0	0.0	0.0	0.0	0.0	0.0	0.0	0.0	0.0	0.0	0.0	0.0	1.0	0.0	0.0	0.0	0.0	0.0	0.0	0.0	0.0	0.0	0.0	0.0	0.0	0.0	0.0	0.0	0.0	0.0	0.0	0.0	0.0	0.0	0.0	0.0	0.0	0.0	0.0	0.0	0.0	0.0	0.0	0.0	0.0	0.0	0.0	0.0	0.0	0.0	0.0	0.0	0.0	0.0	0.0	0.0	0.0	0.0	0.0	0.0	0.0	0.0	0.0	0.0	0.0	0.0	0.0	0.0	0.0	0.0	0.0	0.0	0.0	0.0	0.0	0.0	0.0	0.0	0.0	0.0	0.0	0.0	0.0	0.0	0.0	0.0	0.0
5318.097743834114	-36.07433906445112	1301.3579389369845	28282163.612973496	4236.249433820158	40.78966674869753	1663.7969134698008	17945809.265541606	3560.8043175650164	-9.637829338960728	92.8877543669322	12679327.387989664	3647.688732241241	6809.3147250913735	0.821531	51.006245	0.2162548210562755	0.1223533711628586	-0.0088225641	0.0207492151	0.0607667873	-0.1305076506	-0.0609963968	0.0976191095	0.0490726431	-0.0145447518	0.0185483564	-0.0352572282	-0.0177918186	0.0108555821	-0.0134165019	0.0650175843	-0.0201449962	-0.0044929938	-0.0611976124	0.0131718503	0.0083473853	-0.010582195	-0.0058073007	0.0491406881	0.0574985981	0.0110838666	-0.0184171327	-0.0482122375	-0.0375649498	-0.0269815579	0.011026293	-0.0392241167	-0.0639543056	0.0040015666	-0.0755362837	-0.1293708244	-0.0262658699	-0.0395326748	-0.007250108	-0.0610395157	-0.0793933354	-0.0084078686	-0.0546272116	0.0292504779	-0.1425131739	-0.0435555503	0.0225405502	-0.0641985457	-0.0758453821	0.0111134655	0.0215640058	-0.0267534497	0.029496092	0.0425266912	0.0585824951	-0.0237391677	-0.0876876832	-0.0837695089	-0.0150171519	0.1755891454208864	0.0017501847470101	0.0308315479896371	3.063146648666837e-06	0.0323465199521137	0.0714791256899046	0.0051092654093931	0.0010462973530124	-0.4998495164031595	0.0848235778704805	0.0071950393627494	0.2498495390484724	0.0108841546065468	8.47962634911003e-05	7.190406302052109e-09	0.0001184648214992	-0.0101748242039878	-0.0010227927150139	0.000103527047582	1.0461049378855054e-06	2.9870465218723337e-05	5.644967647260458e-05	3.1865659738617263e-09	8.922446923829605e-10	0.0	0.0	0.0	0.0	0.0	0.0	0.0	0.0	0.0	0.0	0.0	0.0	0.0	0.0	0.0	0.0	0.0	0.0	0.0	0.0	0.0	0.0	0.0	0.0	0.0	0.0	0.0	0.0	0.0	0.0	0.0	0.0	0.0	0.0	0.0	0.0	0.0	0.0	0.0	0.0	0.0	0.0	0.0	0.0	0.0	0.0	0.0	0.0	0.0	0.0	0.0	0.0	0.0	0.0	0.0	0.0	0.0	0.0	0.0	0.0	0.0	0.0	0.0	0.0	0.0	0.0	0.0	0.0	0.0	0.0	0.0	0.0	0.0	0.0	0.0	0.0	0.0	0.0	0.0	0.0	0.0	0.0	0.0	0.0	0.0	0.0	0.0	0.0	0.0	0.0	0.0	0.0	0.0	0.0	0.0	0.0	0.0	0.0	0.0	0.0	0.0	0.0	0.0	0.0	0.0	0.0	0.0	0.0	0.0	0.0
5242.115880404099	-75.98186343001544	5773.243570297517	27479778.90358484	4191.674582523698	-44.57485129646011	1986.917368101532	17570135.805775214	3546.7432580260643	-14.061059538952122	197.71339535795647	12579387.738353342	3640.671955739948	6367.935263893972	0.827774	51.393902	0.2247224791670077	0.1401161984317616	0.0212026893	0.0566413695	0.0102375774	-0.1556799502	0.0722882638	0.0939726427	0.0938532787	-0.0155733039	0.0091066082	-0.0476849976	-0.0400275756	-0.0092967889	0.0037218491	0.0249584459	0.0357424918	0.0637548721	-0.0479383357	-0.0144262728	-0.0480767362	0.0063420646	0.0101368257	-0.0058732338	0.0904749503	0.0269322892	-0.0319867267	0.0072885214	-0.0396611523	0.0445539027	0.0181824444	-0.0444640666	-0.0535938908	0.0169673864	-0.0710636265	-0.1194967445	-0.0324772749	-0.0515622551	0.0026698472	-0.0316377955	-0.0395092489	0.0513331711	-0.037313233	0.0233062862	-0.1740864429	-0.0541546912	0.0226346392	-0.0682456705	0.0018572939	0.0083112373	0.0224008953	-0.0020859165	0.0046846393	0.0159327836	0.0574934194	-0.0263848473	-0.0892409375	-0.0809941435	-0.0082151139	0.1632380296789932	-0.0123511157418932	0.0266466543334798	0.0001525500600696	0.0691880299374219	0.0368415099853082	0.0013572968579975	0.0047869834866215	-0.448217956243127	0.0516315601600325	0.002665818004559	0.2008993362987657	0.0086508565012736	-0.0022332981052732	4.987620427016872e-06	7.48373182056277e-05	-0.0101029906900838	7.183351390399953e-05	0.0001020704208839	5.160053719796094e-09	0.000202704711637	0.0001728342464182	2.9871676734973586e-08	4.1089200119839336e-08	0.0	0.0	0.0	0.0	0.0	0.0	0.0	0.0	0.0	0.0	0.0	0.0	0.0	0.0	0.0	0.0	0.0	0.0	0.0	0.0	0.0	0.0	0.0	0.0	0.0	0.0	0.0	0.0	0.0	0.0	0.0	0.0	0.0	0.0	0.0	0.0	0.0	0.0	0.0	0.0	0.0	0.0	0.0	0.0	0.0	0.0	0.0	0.0	0.0	0.0	0.0	0.0	0.0	0.0	0.0	0.0	0.0	0.0	0.0	0.0	0.0	0.0	0.0	0.0	0.0	0.0	0.0	0.0	0.0	0.0	0.0	0.0	0.0	0.0	0.0	0.0	0.0	0.0	0.0	0.0	0.0	0.0	0.0	0.0	0.0	0.0	0.0	0.0	0.0	0.0	0.0	0.0	0.0	0.0	0.0	0.0	0.0	0.0	0.0	0.0	0.0	0.0	0.0	0.0	0.0	0.0	0.0	0.0	0.0	0.0
5272.745554221792	30.6296738176934	938.1769181782928	27801845.67956568	4286.926656208754	95.25207368505652	9072.957541303438	18377740.15571317	3544.595621940794	-2.1476360852702783	4.612340754755046	12564158.123081844	3638.119641304016	6335.880632311463	0.73467	45.613327	0.1731693873650893	0.0871623962731358	0.0247812791	0.0614163393	0.0350868114	-0.1527039103	0.1074343485	0.0882025361	0.0676397642	0.0163655483	0.0084500625	-0.0098554733	0.0255853242	-0.0151565266	-0.0186794337	0.0246139804	0.0062809175	-0.0264493	-0.0665439075	0.0311856194	0.0122224925	0.0116014566	-0.0109810979	0.0205191811	0.0527923708	-0.0080512044	-0.0573226554	-0.0563930326	-0.0519139005	-0.0033204736	0.0152198578	-0.0329858348	-0.0562044001	-0.0010793558	-0.0713367182	-0.1245581142	-0.0343272516	-0.0730119593	-0.0049793376	-0.019190252	-0.0459014284	0.0737446064	-0.05025689	0.0238125229	-0.1439113909	-0.0050459283	0.0232132414	-0.0821179425	-0.0233056382	0.0222875962	0.0670530332	-0.0328789239	0.0114699536	0.076745874	0.0563925126	-0.0290088101	-0.0906289382	-0.0779521747	-0.0013708306	0.1857295462579173	0.022491516578924	0.0344954643531718	0.00050586831802	0.0909460217349789	0.0217579917975569	0.0004734102070625	0.0082711788694192	-0.4155561676774937	0.0326617885656332	0.0010667924323061	0.1726869284948052	0.0074402931911855	-0.001210563310088	1.4654635277314546e-06	5.5357962770801314e-05	-0.0105420571144529	-0.0004390664243691	0.0001111349682043	1.9277932500826725e-07	0.0004782367856393	0.0002755320740022	7.591792380400889e-08	2.2871042313860978e-07	0.0	0.0	0.0	0.0	0.0	0.0	0.0	0.0	0.0	0.0	0.0	0.0	0.0	0.0	0.0	0.0	0.0	0.0	0.0	0.0	0.0	0.0	0.0	0.0	0.0	0.0	0.0	0.0	0.0	0.0	0.0	0.0	0.0	0.0	0.0	0.0	0.0	0.0	0.0	0.0	0.0	0.0	0.0	0.0	0.0	0.0	0.0	0.0	0.0	0.0	0.0	0.0	0.0	0.0	0.0	0.0	0.0	0.0	0.0	0.0	0.0	0.0	0.0	0.0	0.0	0.0	0.0	0.0	0.0	0.0	0.0	0.0	0.0	0.0	0.0	0.0	0.0	0.0	0.0	0.0	0.0	0.0	0.0	0.0	0.0	0.0	0.0	0.0	0.0	0.0	0.0	0.0	0.0	0.0	0.0	0.0	0.0	0.0	0.0	0.0	0.0	0.0	0.0	0.0	0.0	0.0	0.0	0.0	0.0	0.0
5316.276159220898	43.53060499910589	1894.9135715881828	28262792.201100502	4273.154790324969	-13.771865883784812	189.66428992095604	18259851.862077232	3549.1295148375407	4.533892896746693	20.556184799170115	12596320.313090958	3642.308572715437	6476.636576823416	0.7553339999999998	46.896294	0.2567875579254663	0.118447897846338	-0.009201371	0.0887439146	0.0365020515	-0.0985901552	0.0709400678	0.0709118453	0.0855623957	0.0103075737	0.020653226	-0.0231954481	-0.0008957719	-0.0047744002	-0.0018184572	-0.0187906204	0.0401291033	0.0337022227	-0.0723654509	0.0094185121	0.018954776	0.0008349452	0.0089595412	-0.0261874557	0.0735706	0.0296570255	-0.0571119498	-0.0236525617	-0.0283511136	0.0157712001	0.010850307	-0.0509851172	-0.0614250819	0.0020702592	-0.0682327202	-0.1060234771	-0.0443045539	-0.0800710172	0.0073833047	0.0119927022	-0.0036436766	0.0889369794	-0.0082108896	-0.0038675208	-0.1278169213	-0.0082558218	0.0051656985	-0.0909451221	-0.0250163072	-0.0122374213	0.0768743102	-0.0429076179	-0.0018708119	-0.0002760366	0.0552800014	-0.0316088963	-0.091849115	-0.0746536153	0.005480502	0.1713170364622271	-0.0144125097956901	0.0293495269822	0.0002077204386108	0.0552542874350479	-0.035691734299931	0.0012738998973368	0.0030530362799548	-0.4875720749188588	-0.072015907241365	0.0051862908957969	0.2377265282406812	0.0060304894165907	-0.0014098037745948	1.9875466828617457e-06	3.636680260361245e-05	-0.0093480524756888	0.0011940046387641	8.73860850882315e-05	1.425647077390191e-06	0.0003886970672286	-8.953971841069999e-05	8.017361173067447e-09	1.5108541007211478e-07	0.0	0.0	0.0	0.0	0.0	0.0	0.0	0.0	0.0	0.0	0.0	0.0	0.0	0.0	0.0	0.0	0.0	0.0	0.0	0.0	0.0	0.0	0.0	0.0	0.0	0.0	0.0	0.0	0.0	0.0	0.0	0.0	0.0	0.0	0.0	0.0	0.0	0.0	0.0	0.0	0.0	0.0	0.0	0.0	0.0	0.0	0.0	0.0	0.0	0.0	0.0	0.0	0.0	0.0	0.0	0.0	0.0	0.0	0.0	0.0	0.0	0.0	0.0	0.0	0.0	0.0	0.0	0.0	0.0	0.0	0.0	0.0	0.0	0.0	0.0	0.0	0.0	0.0	0.0	0.0	0.0	0.0	0.0	0.0	0.0	0.0	0.0	0.0	0.0	0.0	0.0	0.0	0.0	0.0	0.0	0.0	0.0	0.0	0.0	0.0	0.0	0.0	0.0	0.0	0.0	0.0	0.0	0.0	0.0	0.0
5320.611089390338	4.334930169439758	18.79161957391901	28308902.36454344	4304.566069879629	31.411279554659814	986.6684832609895	18529289.049958955	3539.569949777905	-9.559565059635588	91.38528412940556	12528555.42937076	3621.45029820187	6499.737321761196	1.372976	85.24375899999998	0.9573475392582216	0.6345044999366211	0.0128899831	-0.0668719117	-0.0407946538	-0.0851538956	0.0576225573	0.0252387291	0.0402382126	0.0475911077	-0.0242325111	-0.0271502185	0.0119755352	-0.0260775558	-0.0037580556	-0.0406795075	0.0421702195	-0.0810797709	-0.0084871996	-0.0034242285	-0.0241094728	0.0273384498	-0.0203939583	-0.0470309183	-0.0681254035	-0.0906131353	-0.0128873791	-0.0676428378	-0.0710943051	-0.0176302752	0.0173005588	0.0475451746	0.0465569293	0.0613555417	-0.0495442631	-0.0548620434	-0.0473901011	-0.0562955266	0.0396352765	-0.0015959096	-0.0399796345	0.0693568488	-0.0229879989	0.085786803	0.0014322794	-0.0549677668	-0.0431131019	-0.0340506079	0.095940658	0.0823201184	0.021560462	0.1014386352	0.03545331	0.0197680106	0.0541561147	-0.0341829659	-0.0928992083	-0.0711093231	0.0123036518	0.0420264267243055	-0.1292906097379215	0.0017662205432134	0.0167160617664035	-0.0927020607144442	-0.1479563481494921	0.0218910809577337	0.0085936720607044	0.0975753934371539	0.5851474683560127	0.3423975597234509	0.0095209574044153	0.0046379506779034	-0.0013925387386873	1.939164138744817e-06	2.151058649066461e-05	-0.0090452441158626	0.0003028083598262	8.1816441115547e-05	9.16929027806334e-08	0.0001849819054462	-0.0002037151617824	4.14998671400294e-08	3.4218305342506875e-08	0.0	0.0	0.0	0.0	0.0	0.0	0.0	0.0	0.0	0.0	0.0	0.0	0.0	0.0	0.0	0.0	0.0	0.0	0.0	0.0	0.0	0.0	0.0	0.0	0.0	0.0	0.0	0.0	0.0	0.0	0.0	0.0	0.0	0.0	0.0	0.0	1.0	0.0	0.0	0.0	0.0	0.0	0.0	0.0	0.0	0.0	0.0	0.0	0.0	0.0	0.0	0.0	0.0	0.0	0.0	0.0	0.0	0.0	0.0	0.0	0.0	0.0	0.0	0.0	0.0	0.0	0.0	0.0	0.0	0.0	0.0	0.0	0.0	0.0	0.0	0.0	0.0	0.0	0.0	0.0	0.0	0.0	0.0	0.0	0.0	0.0	0.0	0.0	0.0	0.0	0.0	0.0	0.0	0.0	0.0	0.0	0.0	0.0	0.0	0.0	0.0	0.0	0.0	0.0	0.0	0.0	0.0	0.0	0.0	0.0
5334.954437532612	14.343348142274408	205.7316359304867	28461738.85054891	4136.64762948723	-167.91844039239913	28196.602623815703	17111853.61054232	3548.148491949474	8.578542171569097	73.59138578938945	12589357.720923329	3615.191427929301	6734.140157386641	1.212963	75.309059	0.7334266982268279	0.4520507033136202	-0.0246857476	0.0206261469	0.0441264607	-0.0884779271	-0.0306474003	0.0429673979	0.0635481592	-0.1221333282	0.1071435459	-0.0159657372	0.1370060816	-0.0161496112	0.1006678729	-0.0262527366	-0.0107489307	-0.0177713208	-0.053314782	0.0417470365	-0.0247767911	0.0267695783	0.1206800508	0.0329803862	-0.0509833699	0.027018987	-0.0343001401	-0.0341636294	-0.1208296844	-0.0632645358	0.0126225772	-0.0238291132	-0.0432536039	0.0494369223	-0.0993374383	-0.0882455906	-0.0134724871	-0.0620249668	0.0139267037	0.0019627689	-0.0020741176	0.0831799887	-0.0322613579	-0.0144010671	-0.051414337	-0.0248256782	-0.0194050352	-0.0211464831	0.0267981136	0.0272863635	0.0308600694	0.0605712865	0.0425262574	0.0599939753	0.0530210836	-0.0367289002	-0.0937772737	-0.0673309646	0.0190635313	0.1192321291200642	0.0772057023957586	0.0142163006145036	0.0059607204824224	0.0046959451998702	0.0973980059143144	0.0094863715560848	2.205190132018397e-05	-0.3117881981191459	-0.4093635915562997	0.167578550091873	0.0972118804863837	0.0057433207382853	0.0011053700603818	1.2218429703886845e-06	3.2985733102818e-05	-0.007436308704976	0.0016089354108865	5.529868715570184e-05	2.5886731564048317e-06	0.0004598644013868	0.0002748824959405	7.556038657453394e-08	2.114752676628399e-07	0.0	0.0	0.0	0.0	0.0	0.0	0.0	0.0	0.0	0.0	0.0	0.0	0.0	0.0	0.0	0.0	0.0	0.0	0.0	0.0	0.0	0.0	0.0	0.0	0.0	0.0	0.0	0.0	0.0	0.0	0.0	0.0	0.0	0.0	0.0	0.0	0.0	1.0	0.0	0.0	0.0	0.0	0.0	0.0	0.0	0.0	0.0	0.0	0.0	0.0	0.0	0.0	0.0	0.0	0.0	0.0	0.0	0.0	0.0	0.0	0.0	0.0	0.0	0.0	0.0	0.0	0.0	0.0	0.0	0.0	0.0	0.0	0.0	0.0	0.0	0.0	0.0	0.0	0.0	0.0	0.0	0.0	0.0	0.0	0.0	0.0	0.0	0.0	0.0	0.0	0.0	0.0	0.0	0.0	0.0	0.0	0.0	0.0	0.0	0.0	0.0	0.0	0.0	0.0	0.0	0.0	0.0	0.0	0.0	0.0
5418.747972020941	83.79353448832899	7021.35642204678	29362829.584281065	4278.600369813093	141.95274032586258	20150.58048602177	18306421.124564733	3580.011928668601	31.86343671912664	1015.2785995537878	12816485.409409476	3661.82581721561	6954.843445398374	1.120478	69.56694	0.5317993557361582	0.3868220275925427	-0.0519802998	0.1162039316	0.0708436657	0.0164802441	-0.077577838	0.058593702	0.0803573994	-0.0269371783	0.0724313395	0.0103263953	0.0795040085	0.0440909018	0.0058046583	0.0014433892	-0.0103231754	0.0028373685	-0.0838414311	0.0024843944	0.0525611427	-0.0404079967	0.0295550272	0.0430018157	0.0284586513	0.0549624086	-0.0420763229	-0.0451040677	-0.0037074594	-0.0440309507	-0.0046207248	-0.0811539938	-0.086521344	-0.0299188689	-0.0610493885	-0.116273434	-0.0274191516	-0.0622631968	0.0077667935	0.0161358707	0.0291098576	0.0924761021	0.0127685928	-0.0562983364	-0.0549149905	0.0185877925	0.0052089976	-0.1000264274	-0.1212799511	-0.0211323583	0.0578912448	-0.0625432096	-0.0152350593	-0.0156473759	0.0518751419	-0.0392446037	-0.0944816852	-0.0633309768	0.0257253786	0.1728396047350031	0.0536074756149388	0.0298735289649521	0.0028737614418062	-0.0388492936295818	-0.043545238829452	0.001896187824714	0.0015092676155174	-0.6846598991003532	-0.3728717009812073	0.1390333053926188	0.4687591774361058	0.0064000205920985	0.0006566998538132	4.312546979982783e-07	4.096026357928483e-05	-0.0079040450910583	-0.0004677363860822	6.247392880148281e-05	2.187773268653301e-07	0.0003488018350711	-0.0001110625663157	1.2334893636629262e-08	1.2166272014896682e-07	0.0	0.0	0.0	0.0	0.0	0.0	0.0	0.0	0.0	0.0	0.0	0.0	0.0	0.0	0.0	0.0	0.0	0.0	0.0	0.0	0.0	0.0	0.0	0.0	0.0	0.0	0.0	0.0	0.0	0.0	0.0	0.0	0.0	0.0	0.0	0.0	0.0	0.0	1.0	0.0	0.0	0.0	0.0	0.0	0.0	0.0	0.0	0.0	0.0	0.0	0.0	0.0	0.0	0.0	0.0	0.0	0.0	0.0	0.0	0.0	0.0	0.0	0.0	0.0	0.0	0.0	0.0	0.0	0.0	0.0	0.0	0.0	0.0	0.0	0.0	0.0	0.0	0.0	0.0	0.0	0.0	0.0	0.0	0.0	0.0	0.0	0.0	0.0	0.0	0.0	0.0	0.0	0.0	0.0	0.0	0.0	0.0	0.0	0.0	0.0	0.0	0.0	0.0	0.0	0.0	0.0	0.0	0.0	0.0	0.0
5338.8185786016165	-79.9293934193247	6388.707932381186	28502983.815221783	4145.706640914032	-132.893728899061	17660.743180697118	17186883.552518703	3562.038250109134	-17.97367855946686	323.0531209590388	12688116.49524054	3637.76507479708	6837.081798663719	0.956299	59.373611	0.3676781052957472	0.2211605012753024	-0.0461364383	0.0896261887	0.0543804136	-0.0387058656	-0.1079261577	0.0280333468	0.0536833522	-0.0467450183	-0.063611834	-0.0268439719	0.0678795436	0.0210891712	0.0010108976	-0.0025528683	0.0376806324	0.0771022961	-0.0774869995	-0.0140136783	0.0228098802	-0.0178762459	-0.0077964216	0.0001134241	0.077370854	0.0707804656	0.0218140654	0.00018774	-0.0517205805	-0.0304760502	-0.0103428737	-0.099935745	-0.0966377886	-0.0318894547	-0.0534727166	-0.0857314304	-0.0243227395	-0.0237814103	-0.0112509816	0.03488243	0.0250319261	-0.0267153479	-0.0011595571	-0.065557608	-0.0341136124	0.001681082	-0.0309303298	0.0092663905	-0.088572124	-0.0351075391	-0.0163048313	0.0262480994	0.012810609	0.017026524	0.0507185253	-0.0417280058	-0.0950111383	-0.0591225262	0.0322549359	0.1763992899079056	0.0035596851729025	0.0311167094800133	1.2671358530181936e-05	-0.0396153593346753	-0.0007660657050934	5.868566645203918e-07	0.0015693766952154	-0.7176477935124694	-0.0329878944121162	0.0010882011777449	0.515018355533316	0.0094453614308447	0.0030453408387461	9.274100824135409e-06	8.921485255928863e-05	-0.0052059142666376	0.0026981308244207	2.71015433515809e-05	7.279909945689127e-06	0.0012126193720169	0.0008638175369458	7.461807371351086e-07	1.4704457413906609e-06	0.0	0.0	0.0	0.0	0.0	0.0	0.0	0.0	0.0	0.0	0.0	0.0	0.0	0.0	0.0	0.0	0.0	0.0	0.0	0.0	0.0	0.0	0.0	0.0	0.0	0.0	0.0	0.0	0.0	0.0	0.0	0.0	0.0	0.0	0.0	0.0	0.0	0.0	0.0	0.0	0.0	0.0	0.0	0.0	0.0	0.0	0.0	0.0	0.0	0.0	0.0	0.0	0.0	0.0	0.0	0.0	0.0	0.0	0.0	0.0	0.0	0.0	0.0	0.0	0.0	0.0	0.0	0.0	0.0	0.0	0.0	0.0	0.0	0.0	0.0	0.0	0.0	0.0	0.0	0.0	0.0	0.0	0.0	0.0	0.0	0.0	0.0	0.0	0.0	0.0	0.0	0.0	0.0	0.0	0.0	0.0	0.0	0.0	0.0	0.0	0.0	0.0	0.0	0.0	0.0	0.0	0.0	0.0	0.0	0.0
5351.797794332316	12.979215730699252	168.4600409840309	28641739.63142024	4365.857860630283	220.15121971625103	48466.55954255304	19060714.85922723	3552.8764646477475	-9.161785461386444	83.93831284047201	12622931.173047878	3644.140348703089	6903.848437551818	1.413936	87.786827	1.7418270734998105	0.8250424510326771	-0.008266187	-0.1203754313	0.0284195112	0.038554575	-0.109916505	0.0012303791	0.0154499419	0.0196844158	0.1104979805	-0.0062698507	-0.0050174481	0.0014460538	0.0983364513	0.121172357	-0.049018232	-0.0833081228	-0.0159131492	0.0295310043	-0.0600667185	-0.0012902849	0.0961267501	0.102902151	-0.0138516263	-0.077007733	-0.0327393028	-0.0581795229	-0.0291600682	-0.0231476182	0.0240829048	0.0379786683	-0.0259248047	0.0277672411	-0.0312420331	0.0176348564	0.0564273335	0.1295044639	-0.0485768182	0.0194661025	-0.0294936515	-0.1544378615	-0.0543521425	0.0105577138	-0.0099240225	0.1317680973	-0.0084007139	-0.0062476705	0.0593351712	-0.0895596914	0.0592238982	-0.0630003783	0.0346262994	0.0664130116	0.0495514717	-0.0441770624	-0.0953646527	-0.0547194656	0.0386186257	0.0095164971158112	-0.1668827927920944	9.056371735524288e-05	0.0278498665300891	0.3489297818162242	0.3885451411508995	0.1509673267119724	0.1217519926383178	-0.0776492154274279	0.6399985780850416	0.409598179950875	0.0060294006564951	0.0174467415626315	0.0080013801317867	6.402208401335254e-05	0.0003043887911532	-0.0023840201947127	0.0028218940719248	5.68355228879798e-06	7.963086153164892e-06	0.0011078823462931	-0.0001047370257237	1.0969844557467936e-08	1.2274032932279045e-06	0.0	0.0	0.0	0.0	0.0	0.0	0.0	0.0	0.0	0.0	0.0	0.0	0.0	0.0	0.0	0.0	0.0	0.0	0.0	0.0	0.0	0.0	0.0	0.0	0.0	0.0	0.0	0.0	0.0	0.0	0.0	0.0	0.0	0.0	0.0	0.0	0.0	0.0	0.0	1.0	0.0	0.0	0.0	0.0	0.0	0.0	0.0	0.0	0.0	0.0	0.0	0.0	0.0	0.0	0.0	0.0	0.0	0.0	0.0	0.0	0.0	0.0	0.0	0.0	0.0	0.0	0.0	0.0	0.0	0.0	0.0	0.0	0.0	0.0	0.0	0.0	0.0	0.0	0.0	0.0	0.0	0.0	0.0	0.0	0.0	0.0	0.0	0.0	0.0	0.0	0.0	0.0	0.0	0.0	0.0	0.0	0.0	0.0	0.0	0.0	0.0	0.0	0.0	0.0	0.0	0.0	0.0	0.0	0.0	0.0
5347.8891240868015	-3.9086702455142586	15.277703088168494	28599918.083525896	4187.308196240318	-178.54966438996507	31879.98265376916	17533549.930301342	3569.9721799248982	17.095715277150703	292.2634808374039	12744701.36543773	3644.998698274854	6846.426723678677	1.037047	64.386955	1.2683653191852098	0.5574814897335177	0.022410432	-0.0739142549	0.0487140402	0.1262026437	-0.0533674184	0.0292947696	-0.0098111056	-0.0559294969	0.0180530763	0.0639142958	0.0773573764	0.0235973937	0.0437120276	-0.0263914322	0.028032528	-0.0734009782	0.0224479299	0.0142622703	0.0267517424	-0.0184697926	0.0345440273	-0.0090240339	-0.0770321489	-0.0673790192	0.0191804384	-0.0198724716	-0.0825399863	-0.0452596202	0.0290084835	0.0505964002	-0.0306511345	-0.0037785668	0.0006382068	-0.0732900557	0.0853437177	0.1420388851	-0.0819486985	-0.0521955038	-0.0517713424	-0.0642886924	0.0702271686	0.084893182	0.0386468274	0.0038828033	-0.0744239459	0.068855136	-0.0358851205	-0.0776880099	0.0100688165	-0.0365731004	-0.0660396452	0.0887864678	0.0483742215	-0.0465897578	-0.0955415737	-0.0501362882	0.0447837232	0.1148515038102289	0.1053350066944177	0.013190867927471	0.011095463635313	-0.0124525946982316	-0.3613823765144558	0.1305972220552359	0.0001550671147184	0.1875681024686031	0.265217317896031	0.0703402257119643	0.0351817930636723	0.0224294986082816	0.0049827570456501	2.482786777597574e-05	0.0005030824078189	-0.0062468004075031	-0.0038627802127904	3.90225153311809e-05	1.4921070972325048e-05	0.0029909574494587	0.0018830751031656	3.545971844162136e-06	8.945826464472493e-06	0.0	0.0	0.0	0.0	0.0	0.0	0.0	0.0	0.0	0.0	0.0	0.0	0.0	0.0	0.0	0.0	0.0	0.0	0.0	0.0	0.0	0.0	0.0	0.0	0.0	0.0	0.0	0.0	0.0	0.0	0.0	0.0	0.0	0.0	0.0	0.0	0.0	0.0	0.0	0.0	1.0	0.0	0.0	0.0	0.0	0.0	0.0	0.0	0.0	0.0	0.0	0.0	0.0	0.0	0.0	0.0	0.0	0.0	0.0	0.0	0.0	0.0	0.0	0.0	0.0	0.0	0.0	0.0	0.0	0.0	0.0	0.0	0.0	0.0	0.0	0.0	0.0	0.0	0.0	0.0	0.0	0.0	0.0	0.0	0.0	0.0	0.0	0.0	0.0	0.0	0.0	0.0	0.0	0.0	0.0	0.0	0.0	0.0	0.0	0.0	0.0	0.0	0.0	0.0	0.0	0.0	0.0	0.0	0.0	0.0
5310.575165832155	-37.31395825464642	1392.331480629496	28202208.59195322	4203.302055957781	15.993859717463238	255.80354866189325	17667748.173618905	3536.3612739499285	-33.61090597496968	1129.6930004582528	12505851.059892762	3617.298862390115	6657.749116745351	0.980238	60.859875	0.6900194103549071	0.5380701094323886	0.0382271151	-0.1049746331	-0.0033992998	0.0185072553	-0.0287741993	0.0280623258	-0.0458569342	-0.0133169099	-0.0194847823	0.0456311686	-0.0233266729	-0.0254597161	0.0091279184	0.014658182	0.0196417276	-0.0746443061	0.0518564219	0.0207971088	-0.0069168683	0.0248112964	-0.0038037789	0.0008086056	-0.0510096224	-0.0875962259	-0.0056255319	0.002999709	-0.0281243696	0.0289125671	0.0245521543	0.0885845335	0.0298180871	0.0515751527	-0.0245124059	-0.0465656265	0.0409595765	0.0690846112	-0.0769216166	-0.0206386474	-0.0189855643	-0.0221237495	0.0218344429	0.0906426742	0.0692478315	-0.0755326086	-0.0281485697	-0.0359281736	-0.0411149761	0.0626485389	-0.0582351013	-0.0025445275	-0.0092631961	-0.00852966	0.0471870168	-0.0489641061	-0.0955415737	-0.0453880801	0.0507185253	0.0930479605495975	-0.0218035432606314	0.0086579229624394	0.0004753944987182	-0.0368039111809537	-0.024351316482722	0.0005929866144416	0.0013545278782155	0.2705370699456466	0.0829689674770434	0.0068838495642067	0.0731903062147756	0.0125533964410275	-0.0098761021672541	9.753739401804116e-05	0.0001575877622056	-0.0058660317366423	0.0003807686708608	3.441032833529468e-05	1.4498478070910038e-07	0.0020299166248834	-0.0009610408245753	9.23599466500373e-07	4.120561503978014e-06	0.0	0.0	0.0	0.0	0.0	0.0	0.0	0.0	0.0	0.0	0.0	0.0	0.0	0.0	0.0	0.0	0.0	0.0	0.0	0.0	0.0	0.0	0.0	0.0	0.0	0.0	0.0	0.0	0.0	0.0	0.0	0.0	0.0	0.0	0.0	0.0	0.0	0.0	0.0	0.0	0.0	1.0	0.0	0.0	0.0	0.0	0.0	0.0	0.0	0.0	0.0	0.0	0.0	0.0	0.0	0.0	0.0	0.0	0.0	0.0	0.0	0.0	0.0	0.0	0.0	0.0	0.0	0.0	0.0	0.0	0.0	0.0	0.0	0.0	0.0	0.0	0.0	0.0	0.0	0.0	0.0	0.0	0.0	0.0	0.0	0.0	0.0	0.0	0.0	0.0	0.0	0.0	0.0	0.0	0.0	0.0	0.0	0.0	0.0	0.0	0.0	0.0	0.0	0.0	0.0	0.0	0.0	0.0	0.0	0.0
5280.451370942443	-30.12379488971237	907.4430185574612	27883166.680887923	4248.8084065303865	45.5063505726057	2070.8279424368907	18052372.87540328	3547.7667066982026	11.405432748274052	130.0838961754022	12586648.605156211	3633.659200977272	6459.221309649992	0.7295979999999999	45.298412	0.3251657689441678	0.1888364224338424	0.0664039899	-0.091574089	-0.035939539	0.0528627279	0.0420960491	-0.0082902658	-0.0741596141	0.0047756777	0.0270622215	-0.010689388	-0.0381761724	-0.0080228614	0.0305843738	-0.018650614	0.007871223	-0.0553210158	0.0948006104	0.0005453025	-0.036248097	0.007605594	0.0241995261	-0.0332249547	-0.0774124122	-0.0781937547	0.0100781088	0.0326818566	0.0002653791	0.0311890963	0.0215714111	0.1008194903	0.0557119262	0.0380304474	0.0132517678	-0.0028063579	0.0346170961	0.0641846949	-0.071663053	-0.0317488117	0.0207722242	0.0188022992	0.0091686506	0.0764597474	0.0748104401	-0.0723747096	-0.0501129845	-0.0209336091	0.024507213	0.0888655181	-0.0405003472	0.0003215412	-0.0405994982	-0.0591672196	0.045990102	-0.0512981531	-0.0953646527	-0.0404904708	0.0563925126	0.0672742569076803	-0.0257737036419172	0.0045258256424805	0.0006642837994213	0.0324366718517978	0.0692405830327514	0.0047942583387153	0.0010521376808212	0.4328099806910757	0.1622729107454291	0.026332497561794	0.1873244793858093	0.0122534388369245	-0.000299957604103	8.997456425921224e-08	0.0001501467633302	-0.0059140092722407	-4.7977535598400095e-05	3.497550567214897e-05	2.301843922095748e-09	0.0010202803341034	-0.0010096362907799	1.0193654396599965e-06	1.0409719601581455e-06	0.0	0.0	0.0	0.0	0.0	0.0	0.0	0.0	0.0	0.0	0.0	0.0	0.0	0.0	0.0	0.0	0.0	0.0	0.0	0.0	0.0	0.0	0.0	0.0	0.0	0.0	0.0	0.0	0.0	0.0	0.0	0.0	0.0	0.0	0.0	0.0	0.0	0.0	0.0	0.0	0.0	0.0	0.0	0.0	0.0	0.0	0.0	0.0	0.0	0.0	0.0	0.0	0.0	0.0	0.0	0.0	0.0	0.0	0.0	0.0	0.0	0.0	0.0	0.0	0.0	0.0	0.0	0.0	0.0	0.0	0.0	0.0	0.0	0.0	0.0	0.0	0.0	0.0	0.0	0.0	0.0	0.0	0.0	0.0	0.0	0.0	0.0	0.0	0.0	0.0	0.0	0.0	0.0	0.0	0.0	0.0	0.0	0.0	0.0	0.0	0.0	0.0	0.0	0.0	0.0	0.0	0.0	0.0	0.0	0.0
5236.57932292115	-43.87204802129236	1924.7565975825823	27421763.00524533	4230.950841962274	-17.85756456811214	318.89261230429406	17900945.02710128	3533.7569166121	-14.009790086102385	196.27421825665263	12487437.94570386	3620.330467224121	6269.808795376002	0.637782	39.59787	0.1553355734287318	0.0701375079131161	0.0643737571	-0.0837809693	-0.0626125853	0.0236099105	0.0949910789	-0.0007723953	-0.0334276212	0.0065155384	-0.0025615134	0.007036398	-0.0276537767	-0.026562566	-0.0241760011	-0.0064700884	0.0020944583	-0.067359728	0.0798219884	0.0122608015	-0.0569075022	0.0261589161	-0.0186169205	-0.0134884212	-0.0680051625	-0.0654973592	-0.0282072078	0.0306594953	0.0150240546	0.0489402277	0.0131153825	0.0989274645	0.0570140135	0.0379442211	0.0052091502	0.0087543726	0.0186920911	0.0582829885	-0.0670962263	-0.0212110318	0.0217662392	-0.0016810279	0.0067832369	0.0877987166	0.0349179293	-0.0774031773	-0.0267396284	-0.0357786378	0.0123111288	0.0734109819	-0.0673904369	-0.0193485025	-0.0258984879	-0.0587228664	0.0447837232	-0.0535899776	-0.0950111383	-0.0354595815	0.0617765075	0.0507728952306223	-0.016501361677058	0.0025778868900997	0.000272294937197	0.0112895762787985	-0.0211470955729993	0.0004471996511735	0.0001274545325548	0.4183113738455262	-0.0144986068455494	0.0002102096004618	0.1749844054885315	0.0112988592792116	-0.0009545795577129	9.112221320033572e-07	0.0001276642210114	-0.005247928633939	0.0006660806383017	2.7540754946916854e-05	4.436634167204001e-07	0.0005771703434555	-0.0004431099906479	1.9634646381198202e-07	3.331256053645399e-07	0.0	0.0	0.0	0.0	0.0	0.0	0.0	0.0	0.0	0.0	0.0	0.0	0.0	0.0	0.0	0.0	0.0	0.0	0.0	0.0	0.0	0.0	0.0	0.0	0.0	0.0	0.0	0.0	0.0	0.0	0.0	0.0	0.0	0.0	0.0	0.0	0.0	0.0	0.0	0.0	0.0	0.0	0.0	0.0	0.0	0.0	0.0	0.0	0.0	0.0	0.0	0.0	0.0	0.0	0.0	0.0	0.0	0.0	0.0	0.0	0.0	0.0	0.0	0.0	0.0	0.0	0.0	0.0	0.0	0.0	0.0	0.0	0.0	0.0	0.0	0.0	0.0	0.0	0.0	0.0	0.0	0.0	0.0	0.0	0.0	0.0	0.0	0.0	0.0	0.0	0.0	0.0	0.0	0.0	0.0	0.0	0.0	0.0	0.0	0.0	0.0	0.0	0.0	0.0	0.0	0.0	0.0	0.0	0.0	0.0
5250.7346018703165	14.155278949166131	200.37192212870585	27570213.85927823	4259.8277137417845	28.87687177951011	833.8737237702675	18146132.15076256	3539.9422487076386	6.185332095538342	38.258333132096745	12531191.124185292	3634.971666591268	6207.103927031789	0.599446	37.217709	0.2669204660719642	0.1727395963408025	0.0624735144	-0.0676831218	-0.0605020545	0.0064173321	0.1471604813	0.0402143969	-0.0794624505	0.0080936666	0.0234057259	-0.0188335395	-0.0142968738	-0.0172990571	0.0248788645	-0.0499163085	0.026961601	-0.0351343159	0.0938618388	-0.0045216018	-0.0384981795	0.012193983	0.02269755	-0.0593961611	-0.0591884839	-0.0550138797	-0.0150248636	0.0665430324	0.0308773207	0.0484577638	0.0135926509	0.1019776207	0.066633391	0.03819389	0.027625516	0.0097311489	-0.0215431422	0.0291550358	-0.0752506269	0.0205220804	0.0203492319	-0.0004790384	0.006889288	0.1020575642	0.0394478368	-0.0642912265	-0.0206614606	-0.0207664637	0.0154168954	0.0714006747	-0.0791717709	-0.0081291031	-0.0179371346	-0.08801159	0.0435681289	-0.0558376933	-0.0944816852	-0.030311972	0.0668428233	0.048284565817255	-0.0024883294133672	0.0023313992961608	6.191783269428832e-06	0.0336200344481909	0.0223304581693924	0.0004986493620549	0.0011303067162975	0.5221644848301707	0.1038531109846445	0.0107854686611889	0.2726557492179576	0.009041246834268	-0.0022576124449436	5.09681395156422e-06	8.174414431816112e-05	-0.0048141802065113	0.0004337484274277	2.317633106076518e-05	1.88137698296003e-07	0.0006507808211754	7.361047771989998e-05	5.418502430151892e-09	4.23515677209728e-07	0.0	0.0	0.0	0.0	0.0	0.0	0.0	0.0	0.0	0.0	0.0	0.0	0.0	0.0	0.0	0.0	0.0	0.0	0.0	0.0	0.0	0.0	0.0	0.0	0.0	0.0	0.0	0.0	0.0	0.0	0.0	0.0	0.0	0.0	0.0	0.0	0.0	0.0	0.0	0.0	0.0	0.0	0.0	0.0	0.0	0.0	0.0	0.0	0.0	0.0	0.0	0.0	0.0	0.0	0.0	0.0	0.0	0.0	0.0	0.0	0.0	0.0	0.0	0.0	0.0	0.0	0.0	0.0	0.0	0.0	0.0	0.0	0.0	0.0	0.0	0.0	0.0	0.0	0.0	0.0	0.0	0.0	0.0	0.0	0.0	0.0	0.0	0.0	0.0	0.0	0.0	0.0	0.0	0.0	0.0	0.0	0.0	0.0	0.0	0.0	0.0	0.0	0.0	0.0	0.0	0.0	0.0	0.0	0.0	0.0
5255.848114761761	5.1135128914447705	26.148014090971856	27623939.40544476	4214.740416022291	-45.08729771949311	2032.8644156462085	17764036.77445176	3527.303626538854	-12.638622168784424	159.73477032528908	12441870.873794151	3617.396327475427	6190.699332452234	0.724499	44.98188	0.278732124208336	0.1452703353376855	0.0757563295	-0.0890235683	-0.0595392352	-0.0287727388	0.1121997905	-0.0024218159	-0.081110112	0.0066416314	-0.0195891369	0.0320240162	-0.0819433918	-0.0377696116	-0.0161064585	-0.0305075344	-0.0079087972	-0.0791523029	0.0890390776	0.0085365751	0.0100686885	0.0352405259	-0.0204631107	-0.0336319473	-0.0747080218	-0.064532891	0.0072842974	0.0192991293	0.045070782	0.0092157734	0.0104368295	0.0955627599	0.0757912042	0.0319730888	0.045184366	0.0080577597	-0.0502833244	0.0118731317	-0.0445091635	0.0254348298	0.0002080041	-0.0256565219	-0.0333530081	0.0756847941	0.0505585985	0.0006818454	-0.0416529556	0.0025609014	-0.0155339775	0.071831903	-0.0293928801	-0.0042939446	0.0286283083	0.0022067434	0.0423435691	-0.0580394502	-0.0937772737	-0.0250645864	0.0715654069	0.0453380449365141	-0.0029465208807408	0.0020555383186653	8.681985300642117e-06	0.0626224646296691	0.0290024301814781	0.0008411409564315	0.0039215730762941	0.4645594148954188	-0.0576050699347519	0.0033183440821876	0.2158154499679738	0.0064650438107454	-0.0025762030235225	6.636822018406984e-06	4.17967914748574e-05	-0.0039523321065708	0.0008618480999404	1.5620929080630378e-05	7.427821473710494e-07	0.0009962917619396	0.0003455109407642	1.193778101877625e-07	9.925972749087127e-07	0.0	0.0	0.0	0.0	0.0	0.0	0.0	0.0	0.0	0.0	0.0	0.0	0.0	0.0	0.0	0.0	0.0	0.0	0.0	0.0	0.0	0.0	0.0	0.0	0.0	0.0	0.0	0.0	0.0	0.0	0.0	0.0	0.0	0.0	0.0	0.0	0.0	0.0	0.0	0.0	0.0	0.0	0.0	0.0	0.0	0.0	0.0	0.0	0.0	0.0	0.0	0.0	0.0	0.0	0.0	0.0	0.0	0.0	0.0	0.0	0.0	0.0	0.0	0.0	0.0	0.0	0.0	0.0	0.0	0.0	0.0	0.0	0.0	0.0	0.0	0.0	0.0	0.0	0.0	0.0	0.0	0.0	0.0	0.0	0.0	0.0	0.0	0.0	0.0	0.0	0.0	0.0	0.0	0.0	0.0	0.0	0.0	0.0	0.0	0.0	0.0	0.0	0.0	0.0	0.0	0.0	0.0	0.0	0.0	0.0
5297.649399286217	41.801284524455696	1747.3473878944992	28065089.157757614	4255.245198376757	40.50478235446553	1640.6373935826225	18107111.69830845	3546.442871564156	19.13924502530199	366.3107001385469	12577257.041268218	3631.362259018589	6394.64931062382	0.7934069999999999	49.260155	0.1743447570970119	0.1060215561310314	0.0393656106	-0.089469362	-0.0562264567	0.0694840826	0.0955190379	0.0019014085	-0.0064819991	0.0084134692	0.0377385603	0.0078338546	-0.0143216114	-0.0040829539	0.019804255	-0.0441740633	0.0159973364	-0.0404307691	0.10535376	0.0161988725	0.0560941365	0.0053269108	0.0154240631	-0.0426906521	-0.0836800877	-0.05108189	0.047576261	0.0586274781	0.0575183884	-0.0523085686	0.0042744477	0.1011730704	0.073189768	-0.0104670094	0.071650202	0.0166846606	-0.0584790649	0.025268708	-0.0245554007	0.013932694	-0.010134139	-0.020655489	-0.0063681766	0.0705404322	0.0328384025	-0.0342232445	-0.025659431	-0.0170820416	0.0504689642	0.0451699919	0.0620768887	0.0340766174	-0.0398384404	-0.0228451645	0.0411102958	-0.060193436	-0.0928992083	-0.0197346973	0.0759199731	0.039658114402286	-0.0056799305342281	0.0015727660379448	3.2261610873656775e-05	0.043936338225933	-0.018686126403736	0.0003491713199764	0.0019304018167035	0.5651029489106065	0.1005435340151877	0.0101090022322632	0.3193413428674636	0.0066651888115481	0.0002001450008027	4.005802134631297e-08	4.442474189358598e-05	-0.0042658220620401	-0.0003134899554693	1.819723786498805e-05	9.82759521801438e-08	0.0005212233953344	-0.0004750683666052	2.2568995294893275e-07	2.716738278439202e-07	0.0	0.0	0.0	0.0	0.0	0.0	0.0	0.0	0.0	0.0	0.0	0.0	0.0	0.0	0.0	0.0	0.0	0.0	0.0	0.0	0.0	0.0	0.0	0.0	0.0	0.0	0.0	0.0	0.0	0.0	0.0	0.0	0.0	0.0	0.0	0.0	0.0	0.0	0.0	0.0	0.0	0.0	0.0	0.0	0.0	0.0	0.0	0.0	0.0	0.0	0.0	0.0	0.0	0.0	0.0	0.0	0.0	0.0	0.0	0.0	0.0	0.0	0.0	0.0	0.0	0.0	0.0	0.0	0.0	0.0	0.0	0.0	0.0	0.0	0.0	0.0	0.0	0.0	0.0	0.0	0.0	0.0	0.0	0.0	0.0	0.0	0.0	0.0	0.0	0.0	0.0	0.0	0.0	0.0	0.0	0.0	0.0	0.0	0.0	0.0	0.0	0.0	0.0	0.0	0.0	0.0	0.0	0.0	0.0	0.0
5325.747780493444	28.09838120722725	789.5190264666614	28363589.42143085	4255.072913576719	-0.1722848000381418	0.0296820523241825	18105645.499854267	3559.537926861929	13.095055297772888	171.48047325172976	12670310.25276852	3641.277830782071	6396.034057764755	0.770287	47.824665	0.3191404370547135	0.1801156840055029	0.0426936304	-0.0587627837	-0.0673417342	0.0637046242	0.0086252848	0.0296371378	-0.042173423	0.0194066729	-0.0168168342	0.0072131258	0.0032564268	0.0104543748	0.0136369342	-0.0744365922	-0.0402573699	-0.0461770832	0.0627180444	-0.0164475889	0.066340465	-0.0056319579	0.0034881569	-0.0456745486	-0.0988110629	0.0140499727	0.0782615937	0.0135172108	0.0598591861	-0.0608218703	-0.002506544	0.0691225562	0.0827556544	-0.0252244949	0.1031318314	-0.0143731173	-0.0842361352	0.0348307608	-0.0149380438	0.0413764506	-0.0480950793	-0.0609450048	-0.0022299577	0.0370855773	0.0660540004	0.0201945746	-0.0380652102	-0.0335598396	0.0154373514	0.0303602434	-0.0111543588	0.0364624773	-0.00457492	0.0034830946	0.0398685628	-0.0622978778	-0.091849115	-0.0143398485	0.0798841288	0.0571425572298949	0.0174844428276089	0.0032652718467718	0.0003057057409919	0.0821743766107374	0.0382380383848044	0.0014621475795177	0.0067526281713633	0.6816717333907718	0.1165687844801652	0.0135882815151832	0.4646763521039794	0.0046452670063591	-0.002019921805189	4.080084099077991e-06	2.1578505560368436e-05	-0.0050159495536892	-0.000750127491649	2.5159749925154884e-05	5.6269125372777e-07	0.000688157525739	0.0001669341304045	2.7867003893939992e-08	4.735607802312224e-07	0.0	0.0	0.0	0.0	0.0	0.0	0.0	0.0	0.0	0.0	0.0	0.0	0.0	0.0	0.0	0.0	0.0	0.0	0.0	0.0	0.0	0.0	0.0	0.0	0.0	0.0	0.0	0.0	0.0	0.0	0.0	0.0	0.0	0.0	0.0	0.0	0.0	0.0	0.0	0.0	0.0	0.0	0.0	0.0	0.0	0.0	0.0	0.0	0.0	0.0	0.0	0.0	0.0	0.0	0.0	0.0	0.0	0.0	0.0	0.0	0.0	0.0	0.0	0.0	0.0	0.0	0.0	0.0	0.0	0.0	0.0	0.0	0.0	0.0	0.0	0.0	0.0	0.0	0.0	0.0	0.0	0.0	0.0	0.0	0.0	0.0	0.0	0.0	0.0	0.0	0.0	0.0	0.0	0.0	0.0	0.0	0.0	0.0	0.0	0.0	0.0	0.0	0.0	0.0	0.0	0.0	0.0	0.0	0.0	0.0
5370.464564040032	44.716783546587976	1999.5907307524008	28841889.633609693	4259.265747799402	4.1928342226829045	17.579858818900956	18141344.7103772	3569.3517401566014	9.8138132946724	96.31093138268876	12740271.84495896	3652.7527329082222	6631.564494766093	0.756729	46.982906	0.4280373088353639	0.2463413948756693	0.0091989765	-0.0943802938	-0.0545812385	0.0433053999	-0.0441340341	-0.0048203353	-0.0129558031	0.0128587844	0.0168922759	-0.0025429833	-0.0070072143	0.0337743322	0.0227845925	-0.0598243773	-0.0079575257	-0.0198164424	0.0636824314	-0.0233210554	0.0186573945	-0.0305687781	0.0193841303	-0.0549010067	-0.0839033624	-0.0087250116	0.0578321402	0.0309204248	0.0344540382	-0.044541715	9.84157e-05	0.0804080985	0.0809803043	0.0039450602	0.0540106937	-0.0161965161	-0.064310675	-0.003106036	0.011069361	0.0188886373	-0.0327270754	-0.035304134	0.0049102246	0.0276849396	0.0983038772	-0.0346859896	-0.0689589086	0.016736091	0.0295941105	0.0317565587	0.022590024	0.0380391028	0.0040426698	0.0108025808	0.0386186257	-0.0643510435	-0.0906289382	-0.0088977982	0.0834374889	0.0452697808625686	-0.0118727763673262	0.0020493530593449	0.0001409628186685	-0.0654963522376022	-0.1476707288483396	0.0218066441585998	0.004289772156432	0.4868120828252387	-0.1948596505655331	0.0379702834185216	0.236986003984647	0.0038754032144662	-0.0007698637918928	5.92690258067714e-07	1.5018750074694956e-05	-0.0043723102619399	0.0006436392917492	1.911709702666496e-05	4.142715378835402e-07	0.0006289775482979	-5.917997744109998e-05	3.502269729929102e-09	3.956127562628371e-07	0.0	0.0	0.0	0.0	0.0	0.0	0.0	0.0	0.0	0.0	0.0	0.0	0.0	0.0	0.0	0.0	0.0	0.0	0.0	0.0	0.0	0.0	0.0	0.0	0.0	0.0	0.0	0.0	0.0	0.0	0.0	0.0	0.0	0.0	0.0	0.0	0.0	0.0	0.0	0.0	0.0	0.0	0.0	0.0	0.0	0.0	0.0	0.0	0.0	0.0	0.0	0.0	0.0	0.0	0.0	0.0	0.0	0.0	0.0	0.0	0.0	0.0	0.0	0.0	0.0	0.0	0.0	0.0	0.0	0.0	0.0	0.0	0.0	0.0	0.0	0.0	0.0	0.0	0.0	0.0	0.0	0.0	0.0	0.0	0.0	0.0	0.0	0.0	0.0	0.0	0.0	0.0	0.0	0.0	0.0	0.0	0.0	0.0	0.0	0.0	0.0	0.0	0.0	0.0	0.0	0.0	0.0	0.0	0.0	0.0
5239.714624662435	-130.749939377597	17095.54664724529	27454609.347901404	4019.944862027217	-239.32088577218477	57274.48636678309	16159956.69373902	3501.3838117987816	-67.9679283578198	4619.639285253725	12259688.597526563	3570.0898867593683	6631.234725849954	1.241175	77.06061599999998	0.8869093021147982	0.4176293321297521	0.0354196737	-0.082840477	-0.0284850382	0.1235345763	-0.0047986514	-0.0432774977	0.0252368628	-0.1160927419	-0.0217468485	0.0294365928	0.0493814119	-0.0692316453	0.0119970056	0.0190801205	0.0301431269	0.0062254861	0.1560404255	-0.0339366707	-0.0389348497	0.0737792156	0.0015911377	0.0318834079	-0.0503619669	-0.0478585578	0.0827860532	0.086420049	-0.0135642685	0.0117287413	0.0157741411	0.0994219993	0.0591507111	-0.0419043567	0.0792787821	0.061917515	0.0202459041	0.0226260182	-0.0173114532	0.0124784036	0.0472663842	0.0411785811	-0.0529888885	0.0002596724	0.0508299427	0.0450211534	-0.0128786849	-0.0399430889	0.010024226	-0.0058720568	0.0586145667	-0.0457213191	0.0896314661	0.0682351404	0.0373607416	-0.0663512432	-0.0892409375	-0.0034264595	0.0865617806	-0.0806077194329191	-0.1258775002954877	0.0064976044321762	0.0158451450806405	0.1881216114572197	0.2536179636948219	0.064322071508708	0.0353897406972611	0.5935163149429172	0.1067042321176785	0.0113857931518234	0.3522616161034201	0.0085619978839165	0.0046865946694503	2.196416959571998e-05	7.330780776419064e-05	-0.0011160262092362	0.0032562840527037	1.2455144997021225e-06	1.0603385831892436e-05	0.0007002909462801	7.131339798219997e-05	5.085600731767642e-09	4.904074094418779e-07	0.0	0.0	0.0	0.0	0.0	0.0	0.0	0.0	0.0	0.0	0.0	0.0	0.0	0.0	0.0	0.0	0.0	0.0	0.0	0.0	0.0	0.0	0.0	0.0	0.0	0.0	0.0	0.0	0.0	0.0	0.0	0.0	0.0	0.0	0.0	0.0	0.0	0.0	0.0	0.0	0.0	0.0	1.0	0.0	0.0	0.0	0.0	0.0	0.0	0.0	0.0	0.0	0.0	0.0	0.0	0.0	0.0	0.0	0.0	0.0	0.0	0.0	0.0	0.0	0.0	0.0	0.0	0.0	0.0	0.0	0.0	0.0	0.0	0.0	0.0	0.0	0.0	0.0	0.0	0.0	0.0	0.0	0.0	0.0	0.0	0.0	0.0	0.0	0.0	0.0	0.0	0.0	0.0	0.0	0.0	0.0	0.0	0.0	0.0	0.0	0.0	0.0	0.0	0.0	0.0	0.0	0.0	0.0	0.0	0.0
5319.081716954803	79.36709229236749	6299.135338945179	28292630.31164285	4329.468346397218	309.5234843700009	95804.7873765462	18744296.16245546	3546.34110600564	44.95729420685848	2021.1583024020308	12576535.240145309	3645.7199017833655	6705.31655043504	1.520029	94.373833	1.0437762594135758	0.5796899525904348	0.0311188561	-0.0781126242	0.0167983312	0.1072580041	-0.0689234486	-0.0401873168	-0.021160724	0.1244928429	-0.139710139	-0.0486488867	-0.107571406	0.0033909548	0.0278891779	-0.0283705051	0.0668291005	-0.020923209	0.0240751217	0.0058745332	-0.0922604944	-0.0123859304	-0.0215935228	-0.0960569038	-0.0041209948	-0.0726065648	0.0412477376	0.0124929922	-0.1106735168	-0.0125185191	0.0165380973	0.0655102475	0.0079645147	0.0301376961	0.0013748438	0.0803381762	0.0935238897	0.0899486992	0.0078506106	-0.0711314984	0.0402223038	-0.0155937375	0.0528821588	-0.0886359713	-0.0128709878	0.0348014196	-0.0406500043	0.0533965126	-0.0226916101	-0.0184274617	0.081296017	0.087475858	-0.0444860752	0.0252973221	0.0360951694	-0.0682968306	-0.0876876832	0.0020561578	0.0892409375	-0.0966871126807689	-0.0160793932478498	0.0093483977585437	0.0002585468872189	-0.0149328784150242	-0.2030544898722439	0.0412311258572772	0.0002229908577578	0.2802235551087051	-0.3132927598342121	0.0981523533645373	0.0785252408377615	0.0156538830322091	0.0070918851482926	5.029483495657315e-05	0.000245044053986	0.0005449793151934	0.0016610055244296	2.970024539886673e-07	2.758939352185651e-06	-0.0007738107101831	-0.0014741016564632	2.17297569358755e-06	5.987830151940737e-07	0.0	0.0	0.0	0.0	0.0	0.0	0.0	0.0	0.0	0.0	0.0	0.0	0.0	0.0	0.0	0.0	0.0	0.0	0.0	0.0	0.0	0.0	0.0	0.0	0.0	0.0	0.0	0.0	0.0	0.0	0.0	0.0	0.0	0.0	0.0	0.0	0.0	0.0	0.0	0.0	0.0	0.0	0.0	1.0	0.0	0.0	0.0	0.0	0.0	0.0	0.0	0.0	0.0	0.0	0.0	0.0	0.0	0.0	0.0	0.0	0.0	0.0	0.0	0.0	0.0	0.0	0.0	0.0	0.0	0.0	0.0	0.0	0.0	0.0	0.0	0.0	0.0	0.0	0.0	0.0	0.0	0.0	0.0	0.0	0.0	0.0	0.0	0.0	0.0	0.0	0.0	0.0	0.0	0.0	0.0	0.0	0.0	0.0	0.0	0.0	0.0	0.0	0.0	0.0	0.0	0.0	0.0	0.0	0.0	0.0
5301.892543319889	-17.18917363491346	295.467690251204	28110064.540911045	4062.755480925785	-266.7128654714329	71135.75260798266	16505982.097792506	3504.656228635736	-41.68487736990392	1737.6290013439277	12282615.280915262	3577.335930542208	6816.827526185819	1.521231	94.448418	0.9205582189330168	0.5118212593171081	-0.0574042782	-0.0148654459	0.0674774856	-0.1096832823	-0.109711368	-0.0374773246	-0.1253750293	-0.1038245168	0.0466515327	0.0347087254	0.0449212059	-0.0495459586	0.0797380263	0.1781577572	0.0343069547	0.0423564071	-0.0161863181	0.1095845028	-0.1744883832	0.0539559831	0.0841581398	0.1428811056	0.0839050671	-0.0477807903	-0.0565385539	0.0370377049	-0.1316151893	0.0094948144	-0.0157819025	-0.0119724908	-0.0434632777	0.0910883278	-0.10411923	0.0491299549	0.05393511	0.0311296014	0.0359577525	-0.0003945473	-0.0099516462	-0.0575372179	0.0236580588	-0.0510659626	0.1039019527	-0.0433796488	0.0032780377	0.0695552305	-0.0797047123	-0.0291303047	0.0544022444	0.0901366953	0.0028082571	-0.0151712716	0.0348221695	-0.0701862042	-0.0859720514	0.007532007	0.0914611824	-0.0501035305800741	0.0465835821006948	0.0025103637765884	0.0021700301213321	-0.0850781356008099	-0.0701452571857857	0.00492035710566	0.0072382891573097	-0.2060353065632085	-0.4862588616719136	0.2364476805544652	0.0424505475505953	0.0105061835407231	-0.005147699491486	2.649881005464522e-05	0.0001103798925913	-7.801736462065278e-05	-0.000622996679814	6.086709182351885e-09	3.8812486305933357e-07	-0.0001930965219907	0.0005807141881924	3.372289683679582e-07	3.7286266804904896e-08	0.0	0.0	0.0	0.0	0.0	0.0	0.0	0.0	0.0	0.0	0.0	0.0	0.0	0.0	0.0	0.0	0.0	0.0	0.0	0.0	0.0	0.0	0.0	0.0	0.0	0.0	0.0	0.0	0.0	0.0	0.0	0.0	0.0	0.0	0.0	0.0	0.0	0.0	0.0	0.0	0.0	0.0	0.0	0.0	1.0	0.0	0.0	0.0	0.0	0.0	0.0	0.0	0.0	0.0	0.0	0.0	0.0	0.0	0.0	0.0	0.0	0.0	0.0	0.0	0.0	0.0	0.0	0.0	0.0	0.0	0.0	0.0	0.0	0.0	0.0	0.0	0.0	0.0	0.0	0.0	0.0	0.0	0.0	0.0	0.0	0.0	0.0	0.0	0.0	0.0	0.0	0.0	0.0	0.0	0.0	0.0	0.0	0.0	0.0	0.0	0.0	0.0	0.0	0.0	0.0	0.0	0.0	0.0	0.0	0.0
5339.306415719738	37.41387239984852	1399.7978479521464	28508193.00094595	4235.862606999003	173.1071260732183	29966.077097329093	17942532.025372393	3569.8666327739265	65.21040413819037	4252.396807866116	12743947.775792653	3650.4140318749655	6667.339065677274	1.252381	77.756393	0.3859406975782807	0.267752139899722	-0.0732689049	0.0049491199	0.0060271306	-0.0841087342	0.0160421027	-0.1019632887	0.0139375895	0.0048735907	0.0173777408	0.0224822543	0.038859679	0.0494351454	0.0066375194	-0.0344883006	0.0068320157	0.0110816246	-0.0361574993	0.0598239227	-0.0532114301	-0.0490825673	0.0275011491	0.0182167584	-0.0011175913	0.0361202953	-0.094545111	0.0271598727	-0.0511978742	0.077398605	-0.0194192967	-0.0180126658	-0.0291874399	0.1051871057	-0.0889590301	0.0843217783	0.0123832813	-0.0360480452	0.0539037695	0.0374153763	0.0507622383	0.0227958969	0.0260358369	-0.0345652436	0.0097506529	-0.0462171182	0.0123029057	0.1183866347	0.0174155817	-0.044071742	-0.062703745	0.0322443777	0.0024645441	-0.0246755027	0.0335420038	-0.072017809	-0.0840972192	0.0129830636	0.0932110979	-0.0644220671652533	-0.0143185365851791	0.0041502027378444	0.0002050204899411	-0.0544095054018356	0.0306686301989742	0.0009405648782814	0.0029603942780723	-0.1532575239270386	0.0527777826361699	0.0027854943399907	0.0234878686402468	0.0056833569721943	-0.0048228265685288	2.325965611010728e-05	3.230054647338956e-05	-0.0004661213542878	-0.0003881039896671	2.172691169230928e-07	1.5062470679555712e-07	-0.0007456809269539	-0.0005525844049632	3.0534952460853376e-07	5.560400448228275e-07	0.0	0.0	0.0	0.0	0.0	0.0	0.0	0.0	0.0	0.0	0.0	0.0	0.0	0.0	0.0	0.0	0.0	0.0	0.0	0.0	0.0	0.0	0.0	0.0	0.0	0.0	0.0	0.0	0.0	0.0	0.0	0.0	0.0	0.0	0.0	0.0	0.0	0.0	0.0	0.0	0.0	0.0	0.0	0.0	0.0	0.0	0.0	0.0	0.0	0.0	0.0	0.0	0.0	0.0	0.0	0.0	0.0	0.0	0.0	0.0	0.0	0.0	0.0	0.0	0.0	0.0	0.0	0.0	0.0	0.0	0.0	0.0	0.0	0.0	0.0	0.0	0.0	0.0	0.0	0.0	0.0	0.0	0.0	0.0	0.0	0.0	0.0	0.0	0.0	0.0	0.0	0.0	0.0	0.0	0.0	0.0	0.0	0.0	0.0	0.0	0.0	0.0	0.0	0.0	0.0	0.0	0.0	0.0	0.0	0.0
5300.182071120988	-39.1243445987493	1530.7143402816837	28091929.98703237	4258.601651657156	22.739044658153038	517.064151965478	18135688.02749706	3536.7445382355268	-33.12209453839978	1097.0731466106924	12508561.928738829	3624.658422496957	6521.383133887821	0.918458	57.024155	0.3997885304290567	0.2557992067303635	-0.0341184372	-0.0419415323	-0.0039579069	-0.1140624475	0.0392500363	-0.0332699766	-0.0917342006	0.0264278359	-0.0126417	0.0183813999	0.0062027294	-0.0012228192	-0.041381981	0.0411983284	-0.0001870743	-0.053314964	-0.0120347012	-0.0184124041	-0.0341761778	-0.0023387234	-0.0379614091	0.0294440299	-0.0007020326	-0.0559887658	-0.0469439718	-0.0483876777	-0.0106252756	0.045210159	-0.0130483188	0.0331013999	0.0152183094	0.0990980545	-0.0629145408	0.0636129245	-0.0311377767	-0.046047281	0.0231653948	0.049243392	0.0160198398	0.0123656776	-0.024191466	0.0142702705	0.0442828545	-0.0033049511	0.0194457941	0.0427602718	-0.0434520029	-0.0122772777	-0.0063084935	0.0039984625	0.0421778321	-0.0004019379	0.0322549359	-0.0737901375	-0.0820666583	0.0183913846	0.0944816852	-0.0636062181179824	0.0008158490472709	0.0040457509832723	6.6560966793284e-07	-0.0069122766081335	0.0474972287937021	0.0022559867430812	4.777956790734957e-05	0.0725321921602102	0.2257897160872488	0.0509809958907604	0.0052609188995656	0.0044902270297251	-0.0011931299424692	1.4235590596165568e-06	2.0162138778473896e-05	-0.0014070385837978	-0.00094091722951	1.979757576295718e-06	8.853252327887742e-07	-0.0011253484849914	-0.0003796675580375	1.441474546261585e-07	1.2664092126724394e-06	0.0	0.0	0.0	0.0	0.0	0.0	0.0	0.0	0.0	0.0	0.0	0.0	0.0	0.0	0.0	0.0	0.0	0.0	0.0	0.0	0.0	0.0	0.0	0.0	0.0	0.0	0.0	0.0	0.0	0.0	0.0	0.0	0.0	0.0	0.0	0.0	0.0	0.0	0.0	0.0	0.0	0.0	0.0	0.0	0.0	0.0	0.0	0.0	0.0	0.0	0.0	0.0	0.0	0.0	0.0	0.0	0.0	0.0	0.0	0.0	0.0	0.0	0.0	0.0	0.0	0.0	0.0	0.0	0.0	0.0	0.0	0.0	0.0	0.0	0.0	0.0	0.0	0.0	0.0	0.0	0.0	0.0	0.0	0.0	0.0	0.0	0.0	0.0	0.0	0.0	0.0	0.0	0.0	0.0	0.0	0.0	0.0	0.0	0.0	0.0	0.0	0.0	0.0	0.0	0.0	0.0	0.0	0.0	0.0	0.0
5327.707169263531	27.525098142542447	757.6310277565937	28384463.681422025	4291.00166549943	32.40001384227344	1049.7608969795103	18412695.29331888	3563.375812351665	26.63127411613823	709.224761048894	12697647.180052888	3641.01455062544	6404.435386400744	1.146532	71.184578	0.7880419417239042	0.4334344901982039	0.025170221	-0.0985953462	-0.0793863603	0.0409919543	0.0528938354	-0.0478823681	-0.015991107	0.0552181077	-0.0105603875	0.0315026489	-0.0304169238	0.0328612365	0.0028798578	-0.0545116445	-0.0194720785	-0.0476643141	0.0626506499	-0.0086185973	0.0145094046	-0.0311920093	-0.0044417861	-0.0319961937	-0.1019460288	-0.0336134047	0.0406781573	0.0179931658	0.0398324622	-0.0046790062	-0.0024292442	0.0789008701	0.0916833127	-0.0086172582	0.0666278315	0.0992863188	0.0024472139	-0.0462003323	0.0596548286	-0.0264162098	-0.0103379745	-0.0321821729	-0.0024053424	-0.0295548808	-0.0869453638	0.1095469072	0.0552761657	0.0405312479	0.0646269244	0.0041405443	0.0402111029	0.0585234369	0.045264184	0.0332479498	0.0309612306	-0.0755017308	-0.0798841288	0.0237391677	0.0952664105	-0.1416561011766361	-0.0780498830586537	0.0200664510005653	0.0060917842454695	0.1058907119737284	0.1128029885818619	0.0127245142329996	0.0112128428823031	0.4635360341865038	0.3910038420262935	0.1528840044793227	0.2148656549893516	0.0055281052333367	0.0010378782036115	1.0771911655320412e-06	3.055994747084461e-05	-0.0010200845889998	0.000386953994798	1.0405725687148908e-06	1.4973339409013064e-07	-0.0038242208477237	-0.0026988723627322	7.2839120303202255e-06	1.4624665092164574e-05	0.0	0.0	0.0	0.0	0.0	0.0	0.0	0.0	0.0	0.0	0.0	0.0	0.0	0.0	0.0	0.0	0.0	0.0	0.0	0.0	0.0	0.0	0.0	0.0	0.0	0.0	0.0	0.0	0.0	0.0	0.0	0.0	0.0	0.0	0.0	0.0	0.0	0.0	0.0	0.0	0.0	0.0	0.0	0.0	0.0	1.0	0.0	0.0	0.0	0.0	0.0	0.0	0.0	0.0	0.0	0.0	0.0	0.0	0.0	0.0	0.0	0.0	0.0	0.0	0.0	0.0	0.0	0.0	0.0	0.0	0.0	0.0	0.0	0.0	0.0	0.0	0.0	0.0	0.0	0.0	0.0	0.0	0.0	0.0	0.0	0.0	0.0	0.0	0.0	0.0	0.0	0.0	0.0	0.0	0.0	0.0	0.0	0.0	0.0	0.0	0.0	0.0	0.0	0.0	0.0	0.0	0.0	0.0	0.0	0.0
5291.980065692259	-35.72710357127198	1276.4259295923953	28005053.015684243	4178.141825705258	-112.85983979417142	12737.34343836604	17456869.11570767	3531.735850075077	-31.639962276587998	1001.0872128639112	12473158.114705527	3613.051678563508	6460.936670938562	0.8952949999999998	55.586044	0.542714432161556	0.2372145486825931	0.0343568414	-0.0397797422	-0.0204677628	0.0685934993	0.0567447642	0.0015710924	-0.0769297444	-0.0113390696	-0.0369397008	0.028309507	0.0079173151	-0.016476081	-0.02410499	-0.0375071537	-0.0058963527	-0.020570615	0.0508725108	-0.0284065198	-0.0025796487	0.0170878941	-0.0262546807	-0.0225010719	-0.0565258944	-0.0112350569	0.0317925876	0.0346212774	0.0518076961	0.007856022	0.0198130662	0.0644586667	0.061786416	-0.039673103	0.0708791198	0.1079911967	0.0689738637	-0.0366213266	0.0111307307	-0.0423223316	0.024471318	-0.0095413854	0.0332773798	-0.0389286803	-0.1107173926	0.1629525252	0.1074097113	0.0099240962	-0.0453990739	0.0013892076	-0.0389764699	0.0234634563	0.0744888861	0.0272109761	0.0296611541	-0.0771511802	-0.0775536723	0.0290088101	0.0955612383	-0.185808648376863	-0.0441525472002269	0.0345248538116367	0.0019494474242682	0.1417656960312001	0.0358749840574716	0.0012870144811238	0.0200975125712106	0.5920174129783362	0.1284813787918324	0.0165074646962503	0.3504846172695618	0.0088299535988668	0.00330184836553	1.090220262895379e-05	7.796808055814075e-05	0.0008559884248193	0.0018760730138191	7.327161834246263e-07	3.5196499531802808e-06	-0.005330409910615	-0.0015061890628913	2.2686054931733738e-06	2.8413269815182618e-05	0.0	0.0	0.0	0.0	0.0	0.0	0.0	0.0	0.0	0.0	0.0	0.0	0.0	0.0	0.0	0.0	0.0	0.0	0.0	0.0	0.0	0.0	0.0	0.0	0.0	0.0	0.0	0.0	0.0	0.0	0.0	0.0	0.0	0.0	0.0	0.0	0.0	0.0	0.0	0.0	0.0	0.0	0.0	0.0	0.0	0.0	1.0	0.0	0.0	0.0	0.0	0.0	0.0	0.0	0.0	0.0	0.0	0.0	0.0	0.0	0.0	0.0	0.0	0.0	0.0	0.0	0.0	0.0	0.0	0.0	0.0	0.0	0.0	0.0	0.0	0.0	0.0	0.0	0.0	0.0	0.0	0.0	0.0	0.0	0.0	0.0	0.0	0.0	0.0	0.0	0.0	0.0	0.0	0.0	0.0	0.0	0.0	0.0	0.0	0.0	0.0	0.0	0.0	0.0	0.0	0.0	0.0	0.0	0.0	0.0
5339.4727052060925	47.49263951383364	2255.5508079909523	28509968.769640867	4250.196859730795	72.05503402553677	5191.927928421262	18064173.346465517	3571.7660451900065	40.03019511492949	1602.4165209393243	12757512.68157226	3649.826166099226	6469.692614085519	0.974055	60.476013	0.5127823185016384	0.2311548646486389	0.0391838239	-0.0946722923	-0.0341053972	0.0997391885	0.0582045607	-0.0561386642	-0.0249127215	0.0186647768	0.0014312731	0.020263515	-0.012098661	0.0470386139	0.0461969467	-0.0567980757	-0.0163886503	-0.0080581048	0.0849982786	0.0029920312	0.0277107891	-0.0438413564	0.0292979615	-0.0438168458	-0.0931324834	-0.0169705312	0.080775332	0.0467042734	0.0119666928	-0.0385098231	0.0029223709	0.094892098	0.0669467856	0.0038215375	0.0693489576	0.0997424797	0.042785536	-0.0068973987	0.0231007328	-0.0787903468	0.0271155868	0.025233961	0.0162280326	-0.040597494	-0.0371664722	0.0485179275	-0.009515026	0.0341626144	0.0423093	0.0674812819	0.0587652259	0.0514748442	0.0145864536	0.0271189147	0.0283549738	-0.0787371281	-0.0750796043	0.0341829659	0.0953646527	-0.1305658120823665	0.0552428362944965	0.0170474312847278	0.0030517709618605	0.0160852122147332	-0.1256804838164669	0.0157955840123412	0.000258734051993	0.4946239900651363	-0.0973934229131999	0.0094854788267494	0.244652891547956	0.0093421647843893	0.0005122111855225	2.623602985743653e-07	8.727604285868357e-05	-0.001644111279206	-0.0025000997040253	2.7031018984123898e-06	6.250498530067394e-06	-0.0036534092906133	0.0016770006200017	2.812331079486087e-06	1.3347399444739578e-05	0.0	0.0	0.0	0.0	0.0	0.0	0.0	0.0	0.0	0.0	0.0	0.0	0.0	0.0	0.0	0.0	0.0	0.0	0.0	0.0	0.0	0.0	0.0	0.0	0.0	0.0	0.0	0.0	0.0	0.0	0.0	0.0	0.0	0.0	0.0	0.0	0.0	0.0	0.0	0.0	0.0	0.0	0.0	0.0	0.0	0.0	0.0	1.0	0.0	0.0	0.0	0.0	0.0	0.0	0.0	0.0	0.0	0.0	0.0	0.0	0.0	0.0	0.0	0.0	0.0	0.0	0.0	0.0	0.0	0.0	0.0	0.0	0.0	0.0	0.0	0.0	0.0	0.0	0.0	0.0	0.0	0.0	0.0	0.0	0.0	0.0	0.0	0.0	0.0	0.0	0.0	0.0	0.0	0.0	0.0	0.0	0.0	0.0	0.0	0.0	0.0	0.0	0.0	0.0	0.0	0.0	0.0	0.0	0.0	0.0
5324.085499089038	-15.38720611705412	236.76611208870773	28345886.401610177	4256.666161234469	6.469301503673705	41.85186194543486	18119206.80819859	3533.790484732822	-37.975560457184656	1442.1431920372868	12487675.189988231	3623.200883569852	6697.649649383016	0.920493	57.150517	0.5068408120127119	0.3182675997702766	0.0072728612	-0.0487866925	0.0101918816	0.1201228591	-0.0341073458	-0.0128384042	-0.0336685558	0.015116281	-0.0007052597	0.0092664416	-0.0043239941	-0.0039009732	-0.0509542663	0.0055387284	0.0265349816	-0.0138274674	0.047056596	-0.0360015577	-0.0048309851	0.0017704475	-0.0437911525	-0.004660344	-0.0159288479	-0.044394348	0.0072700649	0.0252549834	0.0473866668	0.0155340006	0.0107747425	0.0597143885	0.0125099635	-0.0114605118	0.0202943697	0.0904354081	0.1058652538	0.0505302347	-0.0069878186	-0.0728439475	0.0432248818	-0.0088807438	0.0507854787	-0.0424416514	-0.0460055861	0.0932508542	0.0564280785	-0.0482090778	0.0435250865	-0.0457032937	-0.0472917152	0.0014382513	-0.0429252355	0.010473343	0.0270429587	-0.080258269	-0.0724665061	0.0392446037	0.0946776645	-0.1008429936447186	0.0297228184376479	0.0101693093672287	0.0008834459358773	0.0994078180746527	0.0833226058599194	0.0069426566472874	0.0098819142943632	0.4049427366760767	-0.0896812533890595	0.0080427272094327	0.1639786199867104	0.014597674769893	0.0052555099855037	2.7620385207729097e-05	0.0002130921086875	-0.0023129548188747	-0.0006688435396687	5.349759994155697e-06	4.473516805565559e-07	-0.0038113384519626	-0.0001579291613493	2.494162000449325e-08	1.452630079540867e-05	0.0	0.0	0.0	0.0	0.0	0.0	0.0	0.0	0.0	0.0	0.0	0.0	0.0	0.0	0.0	0.0	0.0	0.0	0.0	0.0	0.0	0.0	0.0	0.0	0.0	0.0	0.0	0.0	0.0	0.0	0.0	0.0	0.0	0.0	0.0	0.0	0.0	0.0	0.0	0.0	0.0	0.0	0.0	0.0	0.0	0.0	0.0	0.0	1.0	0.0	0.0	0.0	0.0	0.0	0.0	0.0	0.0	0.0	0.0	0.0	0.0	0.0	0.0	0.0	0.0	0.0	0.0	0.0	0.0	0.0	0.0	0.0	0.0	0.0	0.0	0.0	0.0	0.0	0.0	0.0	0.0	0.0	0.0	0.0	0.0	0.0	0.0	0.0	0.0	0.0	0.0	0.0	0.0	0.0	0.0	0.0	0.0	0.0	0.0	0.0	0.0	0.0	0.0	0.0	0.0	0.0	0.0	0.0	0.0	0.0
5389.5126005158345	65.42710142679607	4280.70560111226	29046846.071118955	4389.350464804587	132.68430357011857	17605.12441388738	19266397.502880245	3584.738722843472	50.94823811064998	2595.722966579487	12850351.711053446	3691.6241283148106	6866.975260530593	1.066489	66.214912	0.7650717329830605	0.509944321530874	-0.0268521391	-0.0723539407	0.0760417897	0.0047070199	-0.097827791	0.0152249266	-0.0903343998	0.0921226782	0.0225935519	0.0166665463	-0.0275449873	0.0802384145	0.0203445446	0.0178166122	0.0158776159	0.0089428033	-0.0275970555	0.0169447391	-0.051182618	-0.0860907351	0.0176714166	-0.0083992313	0.0463457976	-0.0129221992	-0.0338550609	-0.0132856116	-0.0798229466	0.0148200732	-0.0172382299	0.001138256	-0.0661032177	0.0717956865	-0.0594824588	0.0597736119	0.0879976473	0.0947694621	-0.0130072342	-0.1179569905	-0.0519618702	-0.1217924082	0.0334458061	-0.013090081	0.0519487037	0.0911472915	0.0246979725	0.0539891418	-0.0089867158	-0.0075979179	0.0070468257	0.0017809181	-0.0098299302	0.0399542816	0.0257253786	-0.081713351	-0.0697192167	0.0441770624	0.0935038064	-0.0633466881170221	0.0374963055276965	0.0040128028953952	0.0014059729282263	-0.0024631826508283	-0.101871000725481	0.0103777007888109	6.067268771341531e-06	-0.0606743166529213	-0.465617053328998	0.2167992403507789	0.0036813727012989	0.0164819884119095	0.0018843136420164	3.550637901489484e-06	0.0002716559420103	-0.0020379623231789	0.0002749924956958	4.153290430696739e-06	7.562087268900476e-08	-0.0027688971216572	0.0010424413303054	1.0866839271288923e-06	7.666791270321529e-06	0.0	0.0	0.0	0.0	0.0	0.0	0.0	0.0	0.0	0.0	0.0	0.0	0.0	0.0	0.0	0.0	0.0	0.0	0.0	0.0	0.0	0.0	0.0	0.0	0.0	0.0	0.0	0.0	0.0	0.0	0.0	0.0	0.0	0.0	0.0	0.0	0.0	0.0	0.0	0.0	0.0	0.0	0.0	0.0	0.0	0.0	0.0	0.0	0.0	1.0	0.0	0.0	0.0	0.0	0.0	0.0	0.0	0.0	0.0	0.0	0.0	0.0	0.0	0.0	0.0	0.0	0.0	0.0	0.0	0.0	0.0	0.0	0.0	0.0	0.0	0.0	0.0	0.0	0.0	0.0	0.0	0.0	0.0	0.0	0.0	0.0	0.0	0.0	0.0	0.0	0.0	0.0	0.0	0.0	0.0	0.0	0.0	0.0	0.0	0.0	0.0	0.0	0.0	0.0	0.0	0.0	0.0	0.0	0.0	0.0
5163.568315079326	-225.94428543650884	51050.82012141458	26662437.744491145	3990.127937395011	-399.2225274095763	159378.6263912899	15921120.956780164	3447.4326869643646	-137.30603587910718	18852.94748883467	11884792.13115034	3515.10860507589	6347.9145580646245	1.645855	102.185921	1.3585364222541405	0.92276842565975	0.076791221	0.0018977248	-0.0135789912	0.0802379658	0.0081851586	-0.0709957389	-0.0246373506	-0.0569890142	-0.1464112419	-0.0703199315	-0.0138073054	-0.1371423964	-0.2023127774	0.0760740817	0.000627537	-0.1188184068	-0.0478088605	-0.0614087566	0.0182045888	0.1372964504	-0.1762685776	0.0406629008	0.0095151292	-0.0524914326	-0.0786255797	-0.0564650786	0.1615580584	-0.013082187	0.022317389	0.0312245327	0.0473486024	-0.0742551295	0.069146004	0.0856551738	0.07303855	0.0194684953	0.031698034	-0.0232770613	0.0495813129	0.0201277296	0.0026291729	-0.0190571328	-0.0291389472	0.0683830649	0.0275260852	-0.0028360248	-0.0495231426	0.0421853847	-0.0523697804	-0.0141819652	0.0661653416	0.0799801129	0.0244025048	-0.0831011765	-0.0668428233	0.0489641061	0.091849115	-0.1648332409039881	-0.101486552786966	0.0271699973069121	0.0102995203965816	0.0747688867460141	0.0772320693968424	0.0059647925433186	0.0055903864252382	0.7139445267696658	0.7746188434225871	0.6000343525853465	0.5097167873043621	0.0097120642124358	-0.0067699241994737	4.5831873666619615e-05	9.43241912664762e-05	-0.0007758138124938	0.0012621485106851	6.01887071656165e-07	1.5930188630246158e-06	-0.0028408035444533	-7.190642279609983e-05	5.170533639331466e-09	8.070164778178433e-06	0.0	0.0	0.0	0.0	0.0	0.0	0.0	0.0	0.0	0.0	0.0	0.0	0.0	0.0	0.0	0.0	0.0	0.0	0.0	0.0	0.0	0.0	0.0	0.0	0.0	0.0	0.0	0.0	0.0	0.0	0.0	0.0	0.0	0.0	0.0	0.0	0.0	0.0	0.0	0.0	0.0	0.0	0.0	0.0	0.0	0.0	0.0	0.0	0.0	0.0	1.0	0.0	0.0	0.0	0.0	0.0	0.0	0.0	0.0	0.0	0.0	0.0	0.0	0.0	0.0	0.0	0.0	0.0	0.0	0.0	0.0	0.0	0.0	0.0	0.0	0.0	0.0	0.0	0.0	0.0	0.0	0.0	0.0	0.0	0.0	0.0	0.0	0.0	0.0	0.0	0.0	0.0	0.0	0.0	0.0	0.0	0.0	0.0	0.0	0.0	0.0	0.0	0.0	0.0	0.0	0.0	0.0	0.0	0.0	0.0
5280.911151783938	117.34283670461264	13769.341325885389	27888022.59303596	4295.0208068951815	304.8928695001705	92959.661872048	18447203.731662534	3506.909964638026	59.47727767366132	3537.546559469811	12298417.50007748	3604.390881484663	6704.857836501553	1.919057	119.148178	1.8901883664961767	1.4488941709228915	-0.0625328862	0.0860510796	0.0550115073	-0.0306210725	-0.0634399778	-0.2555643277	0.1399943623	-0.0697229894	0.242207351	-0.0237575366	0.096683008	-0.0719331943	0.2002374094	-0.0318722707	-0.0924993711	0.0047614258	-0.13196062	0.0857904672	0.0745077874	0.0621757797	0.2320357484	0.055428432	0.0540771182	0.1123157892	-0.095027152	-0.0871450491	-0.0163939251	0.0621718076	-0.0112312521	-0.1168627668	-0.0989764216	-0.0671163049	-0.0224771932	0.0804087298	0.1402340361	0.1361739479	0.0915904488	0.1932758897	-0.0848505723	0.1028443149	-0.1251125952	-0.0957243611	0.0157800804	0.0063436295	0.0963425725	0.0254663598	0.050014356	0.077277364	0.0335563687	-0.0325071229	0.0528020862	0.1467571724	0.0230746094	-0.0844206031	-0.0638426524	0.0535899776	0.0897220992	-0.1581927089747949	0.0066405319291932	0.0250249331727841	4.409666430263436e-05	0.2513338289177369	0.1765649421717228	0.0311751788041038	0.0631686935584502	2.117037426903792	1.4030929001341264	1.9686696864067932	4.481847466911429	0.0082309188188521	-0.0014811453935837	2.1937916769342138e-06	6.774802460253364e-05	-0.0022518924110035	-0.0014760785985097	5.071019430735157e-06	2.1788080289783604e-06	0.000279772308676	0.0031205758531293	9.737993655133655e-06	7.827254470189903e-08	0.0	0.0	0.0	0.0	0.0	0.0	0.0	0.0	0.0	0.0	0.0	0.0	0.0	0.0	0.0	0.0	0.0	0.0	0.0	0.0	0.0	0.0	0.0	0.0	0.0	0.0	0.0	0.0	0.0	0.0	0.0	0.0	0.0	0.0	0.0	0.0	0.0	0.0	0.0	0.0	0.0	0.0	0.0	0.0	0.0	0.0	0.0	0.0	0.0	0.0	0.0	1.0	0.0	0.0	0.0	0.0	0.0	0.0	0.0	0.0	0.0	0.0	0.0	0.0	0.0	0.0	0.0	0.0	0.0	0.0	0.0	0.0	0.0	0.0	0.0	0.0	0.0	0.0	0.0	0.0	0.0	0.0	0.0	0.0	0.0	0.0	0.0	0.0	0.0	0.0	0.0	0.0	0.0	0.0	0.0	0.0	0.0	0.0	0.0	0.0	0.0	0.0	0.0	0.0	0.0	0.0	0.0	0.0	0.0	0.0
5310.79365847262	29.88250668868204	892.964205999127	28204529.282873	4090.920103886836	-204.1007030083456	41657.09696850089	16735627.29638548	3534.652152569231	27.74218793120508	769.6289912103008	12493765.8396623	3610.468883030851	6791.018843401905	1.506701	93.546288	1.0175633605841174	0.5817932048171853	-0.0107299173	0.1390040604	0.0736642897	0.1507837447	-0.0745215671	-0.0941410371	0.0603617837	-0.0443772347	-0.0721493945	-0.0164753346	0.0274314643	-0.0097799361	0.0059242756	-0.0762317068	-0.018566163	0.1429398277	-0.0300662116	-0.0835397192	0.064309177	0.0125001482	-0.0095377985	-0.0596365937	0.0719383601	0.1583402389	0.109872678	0.0118949214	0.0064850909	-0.0051737512	0.0049732867	-0.1141990421	-0.0401516853	-0.1181264509	0.1057811558	0.0394429286	0.0639206004	0.1435600698	0.0684517853	0.0256228875	-0.0653393269	0.0742575106	0.0206157587	-0.0455146626	-0.0714574862	-0.0835386988	0.0423526731	0.1212360786	-0.0408209705	0.1149634634	-0.0710485645	0.0475121018	-0.0435678322	0.0340980332	0.0217419657	-0.0856705448	-0.0607242596	0.0580394502	0.0871336971	-0.1914311303019786	-0.0332384213271837	0.0366458776486931	0.0011047926523233	-0.1257030728804693	-0.3770369017982062	0.1421568253175902	0.0158012625315925	1.6879516670750547	-0.4290857598287374	0.1841145892878049	2.8491808303814565	0.0076170889810914	-0.0006138298377606	3.767870697253262e-07	5.802004454586402e-05	-0.0034790582301966	-0.0012271658191931	1.21038461690987e-05	1.5059359477958727e-06	-0.00144327758697	-0.001723049895646	2.9689009428856914e-06	2.083050193049946e-06	0.0	0.0	0.0	0.0	0.0	0.0	0.0	0.0	0.0	0.0	0.0	0.0	0.0	0.0	0.0	0.0	0.0	0.0	0.0	0.0	0.0	0.0	0.0	0.0	0.0	0.0	0.0	0.0	0.0	0.0	0.0	0.0	0.0	0.0	0.0	0.0	0.0	0.0	0.0	0.0	0.0	0.0	0.0	0.0	0.0	0.0	0.0	0.0	0.0	0.0	0.0	0.0	1.0	0.0	0.0	0.0	0.0	0.0	0.0	0.0	0.0	0.0	0.0	0.0	0.0	0.0	0.0	0.0	0.0	0.0	0.0	0.0	0.0	0.0	0.0	0.0	0.0	0.0	0.0	0.0	0.0	0.0	0.0	0.0	0.0	0.0	0.0	0.0	0.0	0.0	0.0	0.0	0.0	0.0	0.0	0.0	0.0	0.0	0.0	0.0	0.0	0.0	0.0	0.0	0.0	0.0	0.0	0.0	0.0	0.0
5338.988079353482	28.1944208808618	794.9253688071758	28504793.711478584	4249.597137086627	158.67703319979137	25178.400865087693	18059075.82753486	3562.7078124372792	28.055659868048224	787.1200506316117	12692886.956801623	3652.521499230828	6695.903549928779	1.041177	64.643372	0.6924070978989931	0.3882763194688647	0.0341684951	0.0824390558	0.0050610997	0.1985443398	-0.0915740316	-0.0806470713	0.0607026314	0.0090845413	0.0013848118	-0.0693986878	-0.0268911506	0.0316811496	0.0374757755	-0.0956269778	-0.0420086661	0.0727006374	-0.0271213673	-0.0383930895	0.1099995323	-0.031730576	0.0236779967	-0.0900377112	0.028690069	0.125809292	0.10961962	-0.0076544947	0.0647794673	-0.0600555573	-0.0274211239	-0.0981148912	0.0103728664	-0.1436369472	0.1219060583	0.0305585883	0.0721429661	0.1503835041	0.11809887	-0.052526588	-0.0468225708	0.0264742088	0.0669726882	-0.0783692249	-0.0585940709	-0.0296896619	0.073324521	-0.0023896609	-0.0273012609	0.1864805935	-0.0417503809	0.0067957019	-0.0711267913	0.0312562634	0.020404848	-0.0868499729	-0.0574934194	0.0622978778	0.0840972192	-0.2014008153052771	-0.0099696850032984	0.0405622884056303	9.939461906499458e-05	-0.1136448207407312	0.0120582521397381	0.0001454014446654	0.0129151452811929	1.3436270690673382	-0.3443245980077165	0.1185594287931755	1.8053337007304855	0.0029660425736997	-0.0046510464073917	2.163223268371124e-05	8.797408548999141e-06	-0.0025220091743447	0.0009570490558519	6.360530275478836e-06	9.159428953070134e-07	-0.0023562733786912	-0.0009129957917211	8.335613157006206e-07	5.5520242351288425e-06	0.0	0.0	0.0	0.0	0.0	0.0	0.0	0.0	0.0	0.0	0.0	0.0	0.0	0.0	0.0	0.0	0.0	0.0	0.0	0.0	0.0	0.0	0.0	0.0	0.0	0.0	0.0	0.0	0.0	0.0	0.0	0.0	0.0	0.0	0.0	0.0	0.0	0.0	0.0	0.0	0.0	0.0	0.0	0.0	0.0	0.0	0.0	0.0	0.0	0.0	0.0	0.0	0.0	1.0	0.0	0.0	0.0	0.0	0.0	0.0	0.0	0.0	0.0	0.0	0.0	0.0	0.0	0.0	0.0	0.0	0.0	0.0	0.0	0.0	0.0	0.0	0.0	0.0	0.0	0.0	0.0	0.0	0.0	0.0	0.0	0.0	0.0	0.0	0.0	0.0	0.0	0.0	0.0	0.0	0.0	0.0	0.0	0.0	0.0	0.0	0.0	0.0	0.0	0.0	0.0	0.0	0.0	0.0	0.0	0.0
5141.703308326984	-197.28477102649776	38921.28087897765	26437112.910860658	3796.010169540249	-453.5869675463782	205741.1371279192	14409693.20725299	3449.764387205463	-112.94342523181604	12756.21730309482	11900874.327231085	3496.477711959624	6322.725629885391	1.845988	114.611542	1.2419831773855423	0.7847787156525995	0.0788739332	0.0348809452	-0.0312609834	0.1029268357	-0.0546623417	-0.0081330368	0.0989932733	-0.1277599999	-0.1977392783	0.0183228561	-0.0046623455	-0.1296389896	-0.2269066077	0.0815963658	-0.0671293068	0.1483154838	0.0940186901	-0.092478097	-0.0776446371	0.1347541885	-0.1999779442	0.126393518	0.0125339646	0.0728073922	0.0486521485	0.0957378467	0.106960553	0.1307168511	0.0517413713	-0.0437884414	0.0235496419	-0.1461289801	0.0595982816	0.0491140393	0.0452206717	0.0936705793	-0.0052548366	0.0681959996	0.0311709997	-0.0759363064	0.0630301424	-0.0197848225	-0.0323598584	-0.0698635728	0.2233177465	-0.1213883392	-0.0041419379	-0.1441532811	-0.0031401453	0.1220916952	0.0217961786	-0.131606333	0.0190635313	-0.0879579165	-0.0541561147	0.0663512432	0.0806282803	-0.1778716526387995	0.0235291626664775	0.0316383248124577	0.0005536214957855	-0.0395591918048552	0.074085628935876	0.0054886804148243	0.0015649296562533	0.738172273853337	-0.6054547952140013	0.3665755090476282	0.5448983058858059	0.0099076941363143	0.0069416515626146	4.818652641674972e-05	9.816240309875677e-05	4.8104078947952544e-05	0.0025701132532926	2.314002411430851e-09	6.605482134750543e-06	-0.0010897663832147	0.0012665069954764	1.6040399695909106e-06	1.1875907699848483e-06	0.0	0.0	0.0	0.0	0.0	0.0	0.0	0.0	0.0	0.0	0.0	0.0	0.0	0.0	0.0	0.0	0.0	0.0	0.0	0.0	0.0	0.0	0.0	0.0	0.0	0.0	0.0	0.0	0.0	0.0	0.0	0.0	0.0	0.0	0.0	0.0	0.0	0.0	0.0	0.0	0.0	0.0	0.0	0.0	0.0	0.0	0.0	0.0	0.0	0.0	0.0	0.0	0.0	0.0	1.0	0.0	0.0	0.0	0.0	0.0	0.0	0.0	0.0	0.0	0.0	0.0	0.0	0.0	0.0	0.0	0.0	0.0	0.0	0.0	0.0	0.0	0.0	0.0	0.0	0.0	0.0	0.0	0.0	0.0	0.0	0.0	0.0	0.0	0.0	0.0	0.0	0.0	0.0	0.0	0.0	0.0	0.0	0.0	0.0	0.0	0.0	0.0	0.0	0.0	0.0	0.0	0.0	0.0	0.0	0.0
5235.69716735831	93.99385903132588	8834.845535600762	27412524.828283835	4269.669505350419	473.65933581017	224353.16640013136	18230077.68491929	3474.077477211973	24.31309000650981	591.1263456646473	12069214.317671508	3568.796761875421	6824.063165119671	2.120107	131.630737	2.9527921515317828	1.9715274609851088	-0.0568130794	0.0071841953	0.1762160214	-0.041664054	0.0651927377	0.0283962204	-0.0911051003	0.1693378727	-0.2453413898	-0.0765439885	-0.2332365684	-0.0706119151	-0.1500704552	0.0438001356	0.2352171865	0.3128221898	0.0428072378	-0.1462942519	0.1114820338	0.0557111598	-0.2365260701	-0.1281076303	0.3308249327	-0.0619626332	0.1896013415	0.0809858609	-0.0344234755	0.23270743	-0.0190053027	-0.0070274064	-0.1530150917	-0.072591917	0.0393280844	0.0574804815	-0.0093184634	-0.068451881	-0.0536722879	-0.0320994627	0.0001593265	-0.1631166206	-0.0322243851	0.0025212884	0.0207832897	-0.071510997	0.1823097441	0.0396769301	-0.0203510159	-0.0234606945	-0.0237926055	-0.0259114904	-0.1068573642	-0.0493206576	0.0177182917	-0.0889934638	-0.0507185253	0.0701862042	0.076744719	-0.00696140607387	0.1709102465649295	4.846117452531413e-05	0.029210312380885	0.1105455619930921	0.1501047537979473	0.0225314371127423	0.0122203212763685	-0.7936885063541865	-1.5318607802075237	2.3465974499380025	0.6299414451187396	0.0276827130999277	0.0177750189636134	0.0003159512991568	0.0007663326045729	-0.0029417244526348	-0.0029898285315827	8.653742755229514e-06	8.93907464826628e-06	-0.0023232463072462	-0.0012334799240315	1.521472722988755e-06	5.3974734041331045e-06	0.0	0.0	0.0	0.0	0.0	0.0	0.0	0.0	0.0	0.0	0.0	0.0	0.0	0.0	0.0	0.0	0.0	0.0	0.0	0.0	0.0	0.0	0.0	0.0	0.0	0.0	0.0	0.0	0.0	0.0	0.0	0.0	0.0	0.0	0.0	0.0	0.0	0.0	0.0	0.0	0.0	0.0	0.0	0.0	0.0	0.0	0.0	0.0	0.0	0.0	0.0	0.0	0.0	0.0	0.0	1.0	0.0	0.0	0.0	0.0	0.0	0.0	0.0	0.0	0.0	0.0	0.0	0.0	0.0	0.0	0.0	0.0	0.0	0.0	0.0	0.0	0.0	0.0	0.0	0.0	0.0	0.0	0.0	0.0	0.0	0.0	0.0	0.0	0.0	0.0	0.0	0.0	0.0	0.0	0.0	0.0	0.0	0.0	0.0	0.0	0.0	0.0	0.0	0.0	0.0	0.0	0.0	0.0	0.0	0.0
5376.477666972314	140.78049961400393	19819.14907156856	28906512.10345206	4271.769021799133	2.099516448713985	4.407969318420581	18248010.57560272	3603.6834992768295	129.60602206485646	16797.72095547606	12986534.762960097	3689.599114189685	6635.430640550124	1.633861	101.441284	0.8120639305140559	0.556224368618136	-0.0380890717	0.0175416115	0.0897545883	-0.0821768757	0.0274637574	0.020314825	0.0565721152	-0.0001250656	0.0672661926	0.0607697563	0.0280111736	0.1197448238	0.0429448712	0.0430725825	0.0076811872	0.0247874042	-0.1634959466	0.0590773482	0.0806292459	-0.1149041929	0.0515600669	0.0394632693	0.0987492661	0.0775664973	-0.0180891906	-0.049294795	-0.0444501288	-0.1982496585	-0.0196593442	-0.0770428334	-0.1497745502	-0.0365952937	0.0073419167	-0.0131392957	-0.0345556374	-0.054914954	-0.0290702801	-0.0852053797	-0.0615796579	-0.1295875743	-0.0900415345	0.0313326152	-0.0200371566	0.0502068381	0.0244158899	0.0596017058	0.0181223941	-0.0268971563	0.1014278522	0.0711679466	0.0338996318	-0.0048879691	0.016369406	-0.0899557625	-0.0471870168	0.0737901375	0.0724665061	0.0353833639612872	0.0423447700351572	0.0012519824452169	0.0017930795493303	0.108484523780973	-0.0020610382121191	4.247878511815102e-06	0.0117688918999844	-0.6203128788462919	0.1733756275078946	0.0300591082137562	0.3847880676625744	0.0187194773219831	-0.0089632357779445	8.03395956110261e-05	0.0003504188312082	-0.0055571441095505	-0.0026154196569156	3.088185065431182e-05	6.8404199817810365e-06	-0.0026302407675636	-0.0003069944603174	9.42455986655718e-08	6.918166495353557e-06	0.0	0.0	0.0	0.0	0.0	0.0	0.0	0.0	0.0	0.0	0.0	0.0	0.0	0.0	0.0	0.0	0.0	0.0	0.0	0.0	0.0	0.0	0.0	0.0	0.0	0.0	0.0	0.0	0.0	0.0	0.0	0.0	0.0	0.0	0.0	0.0	0.0	0.0	0.0	0.0	0.0	0.0	0.0	0.0	0.0	0.0	0.0	0.0	0.0	0.0	0.0	0.0	0.0	0.0	0.0	0.0	1.0	0.0	0.0	0.0	0.0	0.0	0.0	0.0	0.0	0.0	0.0	0.0	0.0	0.0	0.0	0.0	0.0	0.0	0.0	0.0	0.0	0.0	0.0	0.0	0.0	0.0	0.0	0.0	0.0	0.0	0.0	0.0	0.0	0.0	0.0	0.0	0.0	0.0	0.0	0.0	0.0	0.0	0.0	0.0	0.0	0.0	0.0	0.0	0.0	0.0	0.0	0.0	0.0	0.0
5352.508397651542	-23.969269320772582	574.5258717717297	28649346.146930277	4244.15977462404	-27.609247175092605	762.270529575359	18012892.192536786	3549.339308388967	-54.344190887862624	2953.291083256451	12597809.526075069	3638.320503369184	6860.135285066678	1.315672	81.685944	0.6752170761931229	0.5675119195937776	-0.0969782729	0.1314389836	0.1195143385	0.0429122064	0.1014288435	0.0157923088	0.074729372	0.0331056641	-0.0174446775	-0.0409200825	0.0082269083	0.0385666319	-0.0144996868	0.059501432	0.0449834999	0.1823221074	0.0017788472	-0.0106600258	0.1025997513	-0.0368457429	-0.0221932454	0.0161682301	0.1504744991	0.0864090628	0.1044999309	0.118181112	0.0441153491	-0.0858707631	-0.0423819968	-0.0616775624	-0.1457320644	-0.1230698512	0.1105187722	0.0150584861	-0.1018861782	-0.1667993719	-0.0729977038	-0.0386827136	0.0986792527	-0.0182436743	-0.0496562939	0.0048279932	0.0270383958	-0.0296246072	-0.0199083135	0.1117445691	-0.0356566387	-0.0018302847	-0.0446782483	-0.0078092624	-0.0666439756	-0.0666845065	0.0150171519	-0.0908440203	-0.0435681289	0.0771511802	0.067815642	0.086391326332702	0.0510079623714148	0.0074634612655234	0.0026018122252836	0.1252403525919163	0.0167558288109433	0.0002807577991416	0.0156851459173475	-1.1866119813720817	-0.5662991025257897	0.3206946735215149	1.4080479943357775	0.0184963875137863	-0.0002230898081968	4.976906252128519e-08	0.0003421163510601	-0.0051351498128864	0.000421994296664	2.636976360078723e-05	1.780791864170282e-07	-0.002452241222725	0.0001779995448386	3.168383796274888e-08	6.013487014431803e-06	0.0	0.0	0.0	0.0	0.0	0.0	0.0	0.0	0.0	0.0	0.0	0.0	0.0	0.0	0.0	0.0	0.0	0.0	0.0	0.0	0.0	0.0	0.0	0.0	0.0	0.0	0.0	0.0	0.0	0.0	0.0	0.0	0.0	0.0	0.0	0.0	0.0	0.0	0.0	0.0	0.0	0.0	0.0	0.0	0.0	0.0	0.0	0.0	0.0	0.0	0.0	0.0	0.0	0.0	0.0	0.0	0.0	1.0	0.0	0.0	0.0	0.0	0.0	0.0	0.0	0.0	0.0	0.0	0.0	0.0	0.0	0.0	0.0	0.0	0.0	0.0	0.0	0.0	0.0	0.0	0.0	0.0	0.0	0.0	0.0	0.0	0.0	0.0	0.0	0.0	0.0	0.0	0.0	0.0	0.0	0.0	0.0	0.0	0.0	0.0	0.0	0.0	0.0	0.0	0.0	0.0	0.0	0.0	0.0	0.0
5246.97983657852	-105.5285610730216	11136.277202142448	27530797.405461557	4275.901530451335	31.741755827294583	1007.5390629995896	18283333.89811607	3506.050113430525	-43.28919495844184	1873.9544001499864	12292387.397886198	3603.4209937915	6538.2256887638605	1.59715	99.161987	1.3736689365181909	0.9163485605447736	0.0117940904	0.0580452681	0.0909871422	-0.0745750696	-0.028418704	0.0153457933	-0.0852505138	-0.0449600776	0.1817773081	0.018575863	0.0899672954	-0.0274214733	0.1094565054	0.2849826942	-0.0265904328	-0.1327245645	-0.2473472888	0.0371697855	0.0443228572	0.0220973598	0.1546754736	0.2185614136	0.1339097817	-0.0581464105	-0.1960147726	-0.078265906	0.1566649051	-0.1640343308	-0.0022902377	-0.0665786314	-0.0918845506	-0.0067695453	-0.032538446	0.0098668964	-0.000125305	-0.0275721255	-0.0472639461	-0.0004061491	0.0204735526	-0.0826991573	-0.0742328658	0.0077746796	0.0457296746	0.1449720452	0.0497273225	-0.0802166989	-0.0492864314	-0.0336043725	0.0119535366	-0.0670431275	0.0697112238	0.0294653984	0.0136618075	-0.0916575064	-0.0398685628	0.080258269	0.0628160431	0.0058219059192623	-0.0805694204134397	3.38945885327414e-05	0.0064914315057575	0.242292225975973	0.1170518733840567	0.0137011410627172	0.0587055227683919	-0.4078454706127274	0.7787665107593542	0.6064772782802994	0.1663379278993171	0.0121923426852037	-0.0063040448285826	3.974098120077904e-05	0.0001486532201534	-0.0038285637522477	0.0013065860606387	1.4657900405024988e-05	1.7071671338553566e-06	-0.0021172494727195	0.0003349917500054	1.1221947257174725e-07	4.482745329731001e-06	0.0	0.0	0.0	0.0	0.0	0.0	0.0	0.0	0.0	0.0	0.0	0.0	0.0	0.0	0.0	0.0	0.0	0.0	0.0	0.0	0.0	0.0	0.0	0.0	0.0	0.0	0.0	0.0	0.0	0.0	0.0	0.0	0.0	0.0	0.0	0.0	0.0	0.0	0.0	0.0	0.0	0.0	0.0	0.0	0.0	0.0	0.0	0.0	0.0	0.0	0.0	0.0	0.0	0.0	0.0	0.0	0.0	0.0	1.0	0.0	0.0	0.0	0.0	0.0	0.0	0.0	0.0	0.0	0.0	0.0	0.0	0.0	0.0	0.0	0.0	0.0	0.0	0.0	0.0	0.0	0.0	0.0	0.0	0.0	0.0	0.0	0.0	0.0	0.0	0.0	0.0	0.0	0.0	0.0	0.0	0.0	0.0	0.0	0.0	0.0	0.0	0.0	0.0	0.0	0.0	0.0	0.0	0.0	0.0	0.0
5316.168098678893	69.18826210037332	4787.015612469955	28261643.25341116	4152.734918353501	-123.16661209783432	15170.01433565839	17245207.302112456	3542.17304446809	36.1229310375652	1304.866146744691	12546989.876956338	3615.734603868404	6503.8965538538205	1.388824	86.22768399999998	0.6610293067068388	0.4261378915898713	-0.0416443768	-0.0511527924	-0.0233931327	-0.1041532879	0.001940165	-0.0302732481	0.0100271859	-0.0640331494	0.0869724648	0.1179351968	0.0301591946	0.0209591407	-0.0092914304	0.0923130758	-0.0322436324	-0.0886961537	-0.0485692126	0.0640898661	-0.0345812447	-0.016767682	0.0198368746	0.1166160771	-0.028983336	-0.0592632368	-0.0848757835	-0.0916046552	-0.0472121671	-0.0376989823	-0.0270082879	1.13706e-05	-0.0319676712	0.0966660273	-0.0982252814	0.0274705795	0.0374024467	-0.0411421264	-0.0165629546	-0.0020721418	0.0162574088	0.0227100158	-0.0468309958	0.0103918408	0.0165609215	0.0717765655	-0.0506253587	-0.0561032072	0.1323974272	0.022545723	0.0963948553	0.0031313696	0.0268627608	-0.014832064	0.0123036518	-0.092395551	-0.0360951694	0.0831011765	0.0574934194	-0.0074038684033865	-0.0132257743226488	5.481726733466496e-05	0.0001749211064336	0.1266256009969737	-0.1156666249789993	0.0133787681340324	0.0160340428278447	-0.0925909868804666	0.3152544837322608	0.0993853895132943	0.0085730908514987	0.0082915141974093	-0.0039008284877943	1.5216462891188336e-05	6.874920768584e-05	-0.0041573157425129	-0.0003287519902652	1.7283274182945584e-05	1.0807787110333023e-07	-0.0022253174681185	-0.0001080679953989	1.1678691629558211e-08	4.95203783391333e-06	0.0	0.0	0.0	0.0	0.0	0.0	0.0	0.0	0.0	0.0	0.0	0.0	0.0	0.0	0.0	0.0	0.0	0.0	0.0	0.0	0.0	0.0	0.0	0.0	0.0	0.0	0.0	0.0	0.0	0.0	0.0	0.0	0.0	0.0	0.0	0.0	0.0	0.0	0.0	0.0	0.0	0.0	0.0	0.0	0.0	0.0	0.0	0.0	0.0	0.0	0.0	0.0	0.0	0.0	0.0	0.0	0.0	0.0	0.0	1.0	0.0	0.0	0.0	0.0	0.0	0.0	0.0	0.0	0.0	0.0	0.0	0.0	0.0	0.0	0.0	0.0	0.0	0.0	0.0	0.0	0.0	0.0	0.0	0.0	0.0	0.0	0.0	0.0	0.0	0.0	0.0	0.0	0.0	0.0	0.0	0.0	0.0	0.0	0.0	0.0	0.0	0.0	0.0	0.0	0.0	0.0	0.0	0.0	0.0	0.0
5377.027475941166	60.859377262272574	3703.86380075162	28912424.477026224	4179.691247621087	26.956329267586625	726.6436875825473	17469818.925440323	3584.094831737403	41.92178726931297	1757.436247853531	12845735.762886764	3655.726161500098	6661.830071274998	0.932542	57.898598	0.1473255899593641	0.0862839537031072	-0.0843644736	0.0213903047	0.0149161691	-0.0809121219	-0.0003430234	0.002075505	0.0476468818	-0.0256187183	0.0092364312	0.0399274371	0.0442905787	0.0838859686	0.0519203744	-0.0377513308	-0.0169722654	0.0558131083	-0.0254166046	0.0022297862	-0.0462737211	-0.0771575088	0.0492903982	0.0107754184	-0.0144903617	0.056962175	-0.0032547439	0.0062353247	-0.0823720997	0.0328560843	-0.0319110931	-0.0307867928	-0.0520048056	0.0936911846	-0.0848480964	0.0218630178	-0.0029274292	-0.0579439865	-0.0168354701	0.0053059358	0.0288545289	0.0380393183	-0.0192645395	0.0200026609	-0.0166022301	0.0337834295	-0.0490739946	-0.0028648208	0.1367636071	-0.0150175047	-0.0076772422	0.005050048	0.0053270498	-0.0438063251	0.0109429642	-0.0930575468	-0.0322549359	0.0856705448	0.0518751419	-0.0072544887928671	0.0001493796105193	5.262760764583436e-05	2.231426803892753e-08	0.1096775882145664	-0.0169480127824073	0.0002872351372726	0.0120291733565639	-0.0755699274013892	0.0170210594790774	0.0002897164657902	0.0057108139274512	0.006866310647937	-0.0014252035494723	2.031205157428445e-06	4.714622191397302e-05	-0.0036849522321855	0.0004723635103274	1.35788729534889e-05	2.231272858888238e-07	-0.002591893170066	-0.0003665757019475	1.343777452583025e-07	6.7179102050347785e-06	0.0	0.0	0.0	0.0	0.0	0.0	0.0	0.0	0.0	0.0	0.0	0.0	0.0	0.0	0.0	0.0	0.0	0.0	0.0	0.0	0.0	0.0	0.0	0.0	0.0	0.0	0.0	0.0	0.0	0.0	0.0	0.0	0.0	0.0	0.0	0.0	0.0	0.0	0.0	0.0	0.0	0.0	0.0	0.0	0.0	0.0	0.0	0.0	0.0	0.0	0.0	0.0	0.0	0.0	0.0	0.0	0.0	0.0	0.0	0.0	0.0	0.0	0.0	0.0	0.0	0.0	0.0	0.0	0.0	0.0	0.0	0.0	0.0	0.0	0.0	0.0	0.0	0.0	0.0	0.0	0.0	0.0	0.0	0.0	0.0	0.0	0.0	0.0	0.0	0.0	0.0	0.0	0.0	0.0	0.0	0.0	0.0	0.0	0.0	0.0	0.0	0.0	0.0	0.0	0.0	0.0	0.0	0.0	0.0	0.0
5348.993481707683	-28.0339942334831	785.9048326829636	28611731.26735128	4263.010381548885	83.31913392779734	6942.078078478229	18173257.513193566	3562.150912736269	-21.943919001133963	481.5355811283282	12688919.125107836	3644.2443099895	6638.149462250191	0.638487	39.641632	0.3001132065273779	0.1675884020746789	-0.0826030557	0.0383977602	-0.0058428258	-0.0960128043	-0.0224090897	-0.01933741	0.013268646	0.0288941762	0.0259397083	-0.0143065663	0.0549401229	0.0544796325	-0.0354074866	0.0379580244	-0.0081938568	-0.0021074776	-0.0660036528	-0.0283894197	-0.0619811999	-0.0542390698	-0.0218835281	0.0424685928	0.032203182	-0.0010409058	-0.0572589746	-0.0730933308	-0.0312811605	0.0493488751	-0.0360496232	-0.0533695378	-0.0507118839	0.0970565159	-0.1122943373	0.0217750487	0.0065575053	-0.060071247	-0.0013543955	0.0378327508	0.0549828901	0.0472869404	-0.0034092671	-0.0044591539	0.0120042825	0.0222590936	-0.0233771218	-0.0336843069	0.0435062881	-0.036143597	-0.0439474004	-0.0342583567	0.0322275858	-0.0567909851	0.0095800247	-0.0936429488	-0.0283549738	0.0879579165	0.045990102	-0.0121067221473509	-0.0048522333544837	0.0001465727211531	2.35441685263651e-05	0.0122151888332808	-0.0974623993812855	0.0094989192931572	0.0001492108382327	-0.2073758186710677	-0.1318058912696785	0.0173727929733943	0.0430047301694955	0.0062211704291451	-0.0006451402187918	4.162059019028597e-07	3.870296150846943e-05	-0.003033032731794	0.0006519195003914	9.199287552133774e-06	4.249990349907028e-07	-0.0025690992388108	2.279393125519981e-05	5.195633020667748e-10	6.600270898858233e-06	0.0	0.0	0.0	0.0	0.0	0.0	0.0	0.0	0.0	0.0	0.0	0.0	0.0	0.0	0.0	0.0	0.0	0.0	0.0	0.0	0.0	0.0	0.0	0.0	0.0	0.0	0.0	0.0	0.0	0.0	0.0	0.0	0.0	0.0	0.0	0.0	0.0	0.0	0.0	0.0	0.0	0.0	0.0	0.0	0.0	0.0	0.0	0.0	0.0	0.0	0.0	0.0	0.0	0.0	0.0	0.0	0.0	0.0	0.0	0.0	0.0	0.0	0.0	0.0	0.0	0.0	0.0	0.0	0.0	0.0	0.0	0.0	0.0	0.0	0.0	0.0	0.0	0.0	0.0	0.0	0.0	0.0	0.0	0.0	0.0	0.0	0.0	0.0	0.0	0.0	0.0	0.0	0.0	0.0	0.0	0.0	0.0	0.0	0.0	0.0	0.0	0.0	0.0	0.0	0.0	0.0	0.0	0.0	0.0	0.0
5373.2904436055815	24.29696189789865	590.342357467939	28872250.191343065	4273.026366406333	10.01598485744853	100.31995266463824	18258754.328003712	3579.392285101369	17.241372365099778	297.26492103202634	12812049.1306432	3663.776360981901	6730.401705723649	0.624568	38.777458	0.1937888273114003	0.1092896925208418	-0.0954393153	0.0950425797	0.0403111232	-0.0840562959	-0.0173538135	-0.0147795937	-0.0244405187	0.034512403	0.0075439167	-0.0189200892	0.0056176757	0.0779842725	0.025654837	-0.0014036458	-0.0208319565	0.0391610036	-0.0603146057	-0.0160034266	-0.0317989177	-0.0776234462	0.0163327142	0.0036383681	0.0475955212	0.0418451016	-0.0025043557	-0.0594423204	-0.0643798138	0.0362841464	-0.0371960003	-0.0763383392	-0.0663383189	0.0837892866	-0.1002303644	0.0125076891	-0.0156343428	-0.0627536083	0.0003790889	0.044199537	0.0492406699	0.0845858877	0.0137685273	-0.0008590481	0.0238950851	-0.0126609543	-0.0169625929	-0.0164490727	-0.0294569144	-0.0174582459	-0.0158354596	-0.0291162329	0.0269501612	-0.0435314861	0.0082151139	-0.0941512753	-0.0244025048	0.0899557625	0.0398685628	-0.0035535804076118	0.0085531417397391	1.2627933713362446e-05	7.31562336200672e-05	-0.059219067840516	-0.0714342566737968	0.0051028530265378	0.0035068979958996	-0.2327488265162571	-0.0253730078451894	0.000643789527112	0.0541720162446947	0.004689975652258	-0.0015311947768871	2.3445574447663367e-06	2.1995871618772853e-05	-0.002956670001885	7.636272990899995e-05	8.741897500046648e-06	5.831266519154876e-09	-0.0024080883245534	0.0001610109142574	2.592451451000392e-08	5.798889378850401e-06	0.0	0.0	0.0	0.0	0.0	0.0	0.0	0.0	0.0	0.0	0.0	0.0	0.0	0.0	0.0	0.0	0.0	0.0	0.0	0.0	0.0	0.0	0.0	0.0	0.0	0.0	0.0	0.0	0.0	0.0	0.0	0.0	0.0	0.0	0.0	0.0	0.0	0.0	0.0	0.0	0.0	0.0	0.0	0.0	0.0	0.0	0.0	0.0	0.0	0.0	0.0	0.0	0.0	0.0	0.0	0.0	0.0	0.0	0.0	0.0	0.0	0.0	0.0	0.0	0.0	0.0	0.0	0.0	0.0	0.0	0.0	0.0	0.0	0.0	0.0	0.0	0.0	0.0	0.0	0.0	0.0	0.0	0.0	0.0	0.0	0.0	0.0	0.0	0.0	0.0	0.0	0.0	0.0	0.0	0.0	0.0	0.0	0.0	0.0	0.0	0.0	0.0	0.0	0.0	0.0	0.0	0.0	0.0	0.0	0.0
5353.548152659709	-19.74229094587281	389.75805179149154	28660477.822846174	4312.856591755213	39.83022534888005	1586.4468513425668	18600731.981046397	3563.622963103562	-15.769321997806856	248.6715162705152	12699408.623159012	3650.21098937451	6612.027378134008	0.671083	41.665398	0.2508010813114794	0.1346515589017607	-0.0837794759	0.0712583955	0.0048891904	-0.0805749333	-0.0293731565	-0.0280682807	0.0307682801	0.0472663046	0.030823512	-0.008351478	0.0458031857	0.0536474433	-0.0149285172	-0.018478997	-0.0095678858	0.0385538658	-0.074614903	-0.0094620379	-0.0410151777	-0.0548630754	-0.0100054887	-0.0083860079	0.0378738588	0.042265881	-0.0279185932	-0.0806012678	-0.0818656898	0.0374431756	-0.0337302183	-0.0775717115	-0.0678025107	0.0846068232	-0.1152011739	0.0054500524	0.0061632675	-0.0669572218	0.0300242382	0.0309498032	0.0500528671	0.0689346691	0.0372937158	-0.0296004747	0.0274675221	-0.0503009442	-0.0687018449	0.0027496588	0.0066458277	-0.0162115764	0.0418035497	0.0533815842	0.0052276663	-0.0623706038	0.0068485126	-0.0945821078	-0.020404848	0.0916575064	0.0335420038	0.0034933094163278	0.0070468898239395	1.2203210678204474e-05	4.965865619074348e-05	-0.1360754994965987	-0.0768564316560826	0.0059069110869061	0.0185165415632488	-0.3259711149708693	-0.0932222884546121	0.0086903950647149	0.1062571677953516	0.0055080494951059	0.0008180738428478	6.692448123519303e-07	3.033860924053636e-05	-0.0032601367559321	-0.0003034667540471	1.062849166737948e-05	9.209207081188308e-08	-0.0027600571551953	-0.0003519688306419	1.2388205774342657e-07	7.617915499944772e-06	0.0	0.0	0.0	0.0	0.0	0.0	0.0	0.0	0.0	0.0	0.0	0.0	0.0	0.0	0.0	0.0	0.0	0.0	0.0	0.0	0.0	0.0	0.0	0.0	0.0	0.0	0.0	0.0	0.0	0.0	0.0	0.0	0.0	0.0	0.0	0.0	0.0	0.0	0.0	0.0	0.0	0.0	0.0	0.0	0.0	0.0	0.0	0.0	0.0	0.0	0.0	0.0	0.0	0.0	0.0	0.0	0.0	0.0	0.0	0.0	0.0	0.0	0.0	0.0	0.0	0.0	0.0	0.0	0.0	0.0	0.0	0.0	0.0	0.0	0.0	0.0	0.0	0.0	0.0	0.0	0.0	0.0	0.0	0.0	0.0	0.0	0.0	0.0	0.0	0.0	0.0	0.0	0.0	0.0	0.0	0.0	0.0	0.0	0.0	0.0	0.0	0.0	0.0	0.0	0.0	0.0	0.0	0.0	0.0	0.0
5369.3003836624575	15.752231002748886	248.1327815639632	28829386.609997813	4313.936192639452	1.079600884238971	1.1655380692495685	18610045.47416457	3565.6526473969625	2.0296842934003507	4.119618330876081	12713878.801888969	3655.203401713304	6689.942674651682	0.7267439999999998	45.121243	0.3600852422139683	0.2121364925263505	-0.1001977389	0.0743527823	0.0012305151	-0.0621811335	-0.007020092	0.0007145253	0.0847835374	0.0409878291	0.0332093861	0.0257498466	-0.0007033013	0.055468827	0.010178019	-0.0122413626	-0.0393062974	0.0203113514	-0.0593529774	0.0004691741	-0.029009066	-0.0577993766	0.0209162146	0.0167668724	0.0207012164	0.0541250508	-0.0428341789	-0.0425573373	-0.0369600974	0.0500095725	-0.0351563427	-0.0672875038	-0.0497527132	0.0882155546	-0.0901888607	0.007195563	-0.0278582919	-0.0801226336	0.0141388298	0.0333016327	0.0598972673	0.0813099304	0.0155730056	0.0006083899	-0.0207261588	-0.0472847843	-0.0641059517	0.032825464	0.1101107675	-0.032799768	-0.0456561009	0.0249728224	0.0183064818	-0.0628672349	0.005480502	-0.0949350916	-0.016369406	0.0930575468	0.0270429587	-0.0056468764508537	-0.0091401858671815	3.188721365120608e-05	8.354299768662444e-05	-0.022986969569871	0.1130885299267276	0.0127890156009883	0.0005284007700061	-0.1811988427652551	0.1447722722056141	0.0209590107995764	0.0328330206194676	0.0038227499001775	-0.0016852995949283	2.840234724665829e-06	1.4613416799307088e-05	-0.0030903110839439	0.0001698256719882	9.550022595546524e-06	2.884075886624373e-08	-0.0027666169725676	-6.5598173723002175e-06	4.303120395793173e-11	7.654169472899113e-06	0.0	0.0	0.0	0.0	0.0	0.0	0.0	0.0	0.0	0.0	0.0	0.0	0.0	0.0	0.0	0.0	0.0	0.0	0.0	0.0	0.0	0.0	0.0	0.0	0.0	0.0	0.0	0.0	0.0	0.0	0.0	0.0	0.0	0.0	0.0	0.0	0.0	0.0	0.0	0.0	0.0	0.0	0.0	0.0	0.0	0.0	0.0	0.0	0.0	0.0	0.0	0.0	0.0	0.0	0.0	0.0	0.0	0.0	0.0	0.0	0.0	0.0	0.0	0.0	0.0	0.0	0.0	0.0	0.0	0.0	0.0	0.0	0.0	0.0	0.0	0.0	0.0	0.0	0.0	0.0	0.0	0.0	0.0	0.0	0.0	0.0	0.0	0.0	0.0	0.0	0.0	0.0	0.0	0.0	0.0	0.0	0.0	0.0	0.0	0.0	0.0	0.0	0.0	0.0	0.0	0.0	0.0	0.0	0.0	0.0
5337.913417509286	-31.38696615317167	985.141644300344	28493319.652825665	4295.760360769851	-18.175831869601097	330.3608641520069	18453557.07716152	3546.409611128045	-19.24303626891742	370.2944448468713	12577021.129901372	3645.4984929796674	6681.520533250882	1.018647	63.24456	0.1990663264167021	0.1000588665847679	-0.0873293715	0.1382121272	0.0310539094	-0.0415658272	0.0172211642	-0.0184147558	-0.0701976754	0.0433499902	0.0290954196	-0.0251101534	0.0152198477	0.0307941285	-0.0272505716	0.0099595029	-0.0041185528	0.0672003258	-0.0711607617	-0.0066789404	-0.0655070135	-0.0369417924	-0.0074864253	0.0183496828	0.090046493	0.0702353241	-0.07694139	-0.0234948867	-0.0210501319	0.0971341974	-0.0380550315	-0.0924868912	-0.062314559	0.0686517359	-0.104117654	0.0211222088	-0.0277820848	-0.0858805992	-0.0081388893	0.0775485206	0.1068441523	0.1370049055	0.0313288753	0.0098101811	0.0281751432	-0.0188906215	-0.0149663506	-0.0477055593	-0.0709050185	-0.018722648	-0.0323364694	-0.061503055	0.033155506	-0.0828784467	0.0041113636	-0.0952099364	-0.0123036518	0.0941512753	0.020404848	0.001969336010859	0.0076162124617127	3.878284323666039e-06	5.800669226194783e-05	-0.0368392066767597	-0.0138522371068887	0.0001918844728654	0.001357127148573	-0.2726308834915159	-0.0914320407262607	0.0083598180713686	0.0743275986333645	0.0029852000315061	-0.0008375498686713	7.014897825114793e-07	8.911419228104022e-06	-0.0036045956829333	-0.0005142845989894	1.2993110037421384e-05	2.64488648757688e-07	-0.0023951347177916	0.000371482254776	1.3799906561346098e-07	5.736670316370648e-06	0.0	0.0	0.0	0.0	0.0	0.0	0.0	0.0	0.0	0.0	0.0	0.0	0.0	0.0	0.0	0.0	0.0	0.0	0.0	0.0	0.0	0.0	0.0	0.0	0.0	0.0	0.0	0.0	0.0	0.0	0.0	0.0	0.0	0.0	0.0	0.0	0.0	0.0	0.0	0.0	0.0	0.0	0.0	0.0	0.0	0.0	0.0	0.0	0.0	0.0	0.0	0.0	0.0	0.0	0.0	0.0	0.0	0.0	0.0	0.0	0.0	0.0	0.0	0.0	0.0	0.0	0.0	0.0	0.0	0.0	0.0	0.0	0.0	0.0	0.0	0.0	0.0	0.0	0.0	0.0	0.0	0.0	0.0	0.0	0.0	0.0	0.0	0.0	0.0	0.0	0.0	0.0	0.0	0.0	0.0	0.0	0.0	0.0	0.0	0.0	0.0	0.0	0.0	0.0	0.0	0.0	0.0	0.0	0.0	0.0
5305.503920072855	-32.409497436430684	1050.3755240820071	28148371.845908437	4270.5309226390855	-25.22943813076563	636.5245483941306	18237434.36121664	3544.821938261744	-1.5876728663010908	2.5207051303887216	12565762.573981749	3627.1991576073874	6468.3078018432725	1.206629	74.915779	0.7877450881115794	0.4390015928654019	-0.0318051618	0.0101732441	-0.0410455604	-0.0675033676	0.016404947	-0.0274656348	-0.071788955	-0.0001023911	0.0991170604	0.03414932	-0.0472386209	0.0221521793	0.0927194758	0.0619079498	-0.0281861456	-0.0150492149	-0.0487093152	0.0167170734	0.0222723276	-0.0211706189	0.0906487812	0.0542068781	-0.0100230656	-0.0405960344	-0.0127270631	-0.0391986215	0.0361091681	0.0021112563	-0.024230191	-0.0091911699	0.0288209412	0.0685663345	-0.0148221532	0.0319936605	-0.0863015909	-0.0862348709	0.0327227499	0.0626497211	0.008826613	0.0413711271	-0.0310546617	0.0227748804	0.0321569405	0.0356000217	-0.0444645118	-0.0185630357	0.0376074046	-0.0496213495	0.0427176767	-0.0320744074	0.0634861197	0.0486305561	0.0027413792	-0.0954064159	-0.0082151139	0.0949350916	0.0136618075	-0.0625584793860127	-0.0645278153968716	0.0039135633430901	0.0041638389598927	0.1314876078534865	0.1683268145302462	0.0283339164898999	0.0172889910190322	0.0868327697208855	0.3594636532124013	0.1292141179808055	0.0075399298974003	0.0006091732010682	-0.0023760268304379	5.6455034989607736e-06	3.710919888996777e-07	-0.0022227855277807	0.0013818101551526	4.940775502511325e-06	1.909399304882853e-06	-0.0025458338316423	-0.0001506991138506	2.271022291538622e-08	6.481269898334515e-06	0.0	0.0	0.0	0.0	0.0	0.0	0.0	0.0	0.0	0.0	0.0	0.0	0.0	0.0	0.0	0.0	0.0	0.0	0.0	0.0	0.0	0.0	0.0	0.0	0.0	0.0	0.0	0.0	0.0	0.0	0.0	0.0	0.0	0.0	0.0	0.0	0.0	0.0	0.0	0.0	0.0	0.0	0.0	0.0	0.0	0.0	0.0	0.0	0.0	0.0	0.0	0.0	0.0	0.0	0.0	0.0	0.0	0.0	0.0	0.0	1.0	0.0	0.0	0.0	0.0	0.0	0.0	0.0	0.0	0.0	0.0	0.0	0.0	0.0	0.0	0.0	0.0	0.0	0.0	0.0	0.0	0.0	0.0	0.0	0.0	0.0	0.0	0.0	0.0	0.0	0.0	0.0	0.0	0.0	0.0	0.0	0.0	0.0	0.0	0.0	0.0	0.0	0.0	0.0	0.0	0.0	0.0	0.0	0.0	0.0
5336.97223141671	31.46831134385502	990.2546188337946	28483272.59891306	4281.019684462824	10.488761823738969	110.01412459512402	18327129.53875818	3561.0667178938616	16.24477963211757	263.89286529606187	12681196.169291358	3646.834871883124	6442.103706410749	0.899607	55.853783	0.5634835858539958	0.2993339479366121	-0.0350404615	-0.0075794176	-0.0928173166	-0.0584905724	-0.0046539862	0.0059930807	0.0084779706	0.0063232291	0.0741006795	0.0747439152	0.0219176693	0.0430162188	0.0163506432	0.0030389536	-0.0798713893	-0.0607044514	0.0240874938	0.0091048166	-0.0028458401	-0.0414769316	0.0264490293	0.0288128274	-0.0840761063	-0.0075530916	-0.0113959263	-0.0344500607	0.0408593463	0.0034920076	-0.0310820572	0.0015408198	0.0713403003	0.0331189685	0.0054271386	-0.00062855	-0.109562449	-0.0725881953	0.0781396702	0.0516972942	-0.0520268795	-0.0241187592	-0.0023526188	0.014282135	0.0199817026	0.0169247263	-0.0701345272	-0.020271013	0.0328403573	-0.0545930623	0.0024501991	0.0144324095	-0.0030057255	0.037057364	0.0013708306	-0.0955243683	-0.0041113636	0.0954064159	0.0068485126	-0.0535599696272726	0.00899850975874	0.0028686703464743	8.09731778781407e-05	-0.0031966531960705	-0.134684261049557	0.0181398501744652	1.0218591655947742e-05	0.3005808740094693	0.2137481042885838	0.0456882520869633	0.0903488618202964	-0.0006636550247381	-0.0012728282258063	1.6200916924092136e-06	4.404379918601282e-07	-0.0042539097543232	-0.0020311242265425	1.8095748197926072e-05	4.125465623647871e-06	-0.0033629355944358	-0.0008171017627935	6.676552907602451e-07	1.1309335812323268e-05	0.0	0.0	0.0	0.0	0.0	0.0	0.0	0.0	0.0	0.0	0.0	0.0	0.0	0.0	0.0	0.0	0.0	0.0	0.0	0.0	0.0	0.0	0.0	0.0	0.0	0.0	0.0	0.0	0.0	0.0	0.0	0.0	0.0	0.0	0.0	0.0	0.0	0.0	0.0	0.0	0.0	0.0	0.0	0.0	0.0	0.0	0.0	0.0	0.0	0.0	0.0	0.0	0.0	0.0	0.0	0.0	0.0	0.0	0.0	0.0	0.0	1.0	0.0	0.0	0.0	0.0	0.0	0.0	0.0	0.0	0.0	0.0	0.0	0.0	0.0	0.0	0.0	0.0	0.0	0.0	0.0	0.0	0.0	0.0	0.0	0.0	0.0	0.0	0.0	0.0	0.0	0.0	0.0	0.0	0.0	0.0	0.0	0.0	0.0	0.0	0.0	0.0	0.0	0.0	0.0	0.0	0.0	0.0	0.0	0.0
5318.325878263016	-18.64635315369378	347.686485932266	28284590.147402085	4198.139963820526	-82.87972064229871	6869.048093745474	17624379.155827004	3557.2729734054496	-3.793744488411903	14.392497243355692	12654191.00732085	3637.18926848828	6434.519318682398	0.739206	45.894993	0.4198461548562435	0.2682210352426148	-0.0372296832	0.0353202333	-0.0771544576	-0.0552978803	-0.0237917492	0.0245062902	0.0074313595	-0.00465437	0.0086463141	-0.0177766692	-0.0030636828	0.0359165099	0.0422463914	-0.0668494952	-0.0404562656	0.0271508753	0.0454454048	-0.0164292629	-0.0086867979	-0.0325940306	0.0326783311	-0.0351482066	-0.057504587	0.0423934303	0.0447412372	0.0147136147	0.0102163163	0.0404387278	-0.0336629848	-0.0298462579	0.0576519726	0.0107233012	0.0260982112	-0.01253524	-0.1203162454	-0.0435479705	0.1037203087	0.0190389583	-0.0809606524	-0.0554186168	0.0449398566	-0.0158449259	0.0245825228	-0.0196932359	-0.0441998901	-0.026393791	-0.0203139378	-0.058826801	-0.0566588733	-0.0259302049	-0.0174570511	0.0704307779	0.0	-0.0955636965	-0.0	0.0955636965	0.0	-0.0865476764433594	-0.0329877068160867	0.0074905002977444	0.001088188800984	-0.0376186628355554	-0.0344220096394849	0.0011848747476207	0.0014151637935351	0.4412048014043961	0.1406239273949268	0.0197750889559736	0.1946616767822926	-0.0045270302369554	-0.0038633752122173	1.492566803037507e-05	2.0494002766308467e-05	-0.0044228975537781	-0.0001689877994548	1.9562022771216302e-05	2.8556876364609378e-08	-0.0031590483859931	0.0002038872084426	4.156999376655699e-08	9.97958670504561e-06	0.0	0.0	0.0	0.0	0.0	0.0	0.0	0.0	0.0	0.0	0.0	0.0	0.0	0.0	0.0	0.0	0.0	0.0	0.0	0.0	0.0	0.0	0.0	0.0	0.0	0.0	0.0	0.0	0.0	0.0	0.0	0.0	0.0	0.0	0.0	0.0	0.0	0.0	0.0	0.0	0.0	0.0	0.0	0.0	0.0	0.0	0.0	0.0	0.0	0.0	0.0	0.0	0.0	0.0	0.0	0.0	0.0	0.0	0.0	0.0	0.0	0.0	0.0	0.0	0.0	0.0	0.0	0.0	0.0	0.0	0.0	0.0	0.0	0.0	0.0	0.0	0.0	0.0	0.0	0.0	0.0	0.0	0.0	0.0	0.0	0.0	0.0	0.0	0.0	0.0	0.0	0.0	0.0	0.0	0.0	0.0	0.0	0.0	0.0	0.0	0.0	0.0	0.0	0.0	0.0	0.0	0.0	0.0	0.0	0.0
5317.7117229569085	-0.6141553061079321	0.3771867400205278	28278057.96847333	4316.8112570075855	118.67129318705976	14082.875826689093	18634859.42862741	3554.971882589214	-2.301090816235501	5.295018944563363	12637825.0859999	3643.2338674437833	6353.006816918291	0.705341	43.792423	0.14046053038786	0.0856859292403883	-0.0174188507	0.019936598	-0.0983924147	-0.0627253028	-0.0400079995	-0.0107993818	0.0120543319	0.0424906921	0.0433324237	-0.0028957465	0.025301129	0.032366554	0.0050573358	-0.0295842813	-0.0636174291	-0.0263566501	0.0384540311	0.0006831725	0.0083789996	-0.0324702915	0.006275069	-0.0184984755	-0.0685923632	0.0126298578	0.0188807436	-0.0199083393	0.0444730254	0.0128580364	-0.0304370254	-0.0305492164	0.0728490508	0.0148400159	0.0277644116	-0.0172760529	-0.1005402842	-0.0535313103	0.136170815	0.0142254737	-0.0734939928	-0.0631836314	0.050527364	-0.0490202595	0.0182814137	-0.0130582351	-0.0861216622	0.0049599684	-0.0257922649	-0.0565009249	-0.0311407469	-0.0080939994	-0.0314417264	0.090094072	-0.0013708306	-0.0955243683	0.0041113636	0.0954064159	-0.0068485126	-0.0864571488563541	9.05275870052985e-05	0.0074748385883697	8.19524400900189e-09	-0.1118499787890243	-0.0742313159534689	0.0055102882681837	0.0125104177551051	0.4056834034813903	-0.0355213979230057	0.0012617697104045	0.1645790238602445	-0.00437107738779	0.0001559528491654	2.4321291162806105e-08	1.9106317530049048e-05	-0.0043044055406629	0.0001184920131152	1.852790705848947e-05	1.4040357172092806e-08	-0.0034969493022001	-0.0003379009162069	1.1417702917353e-07	1.2228654422157766e-05	0.0	0.0	0.0	0.0	0.0	0.0	0.0	0.0	0.0	0.0	0.0	0.0	0.0	0.0	0.0	0.0	0.0	0.0	0.0	0.0	0.0	0.0	0.0	0.0	0.0	0.0	0.0	0.0	0.0	0.0	0.0	0.0	0.0	0.0	0.0	0.0	0.0	0.0	0.0	0.0	0.0	0.0	0.0	0.0	0.0	0.0	0.0	0.0	0.0	0.0	0.0	0.0	0.0	0.0	0.0	0.0	0.0	0.0	0.0	0.0	0.0	0.0	0.0	0.0	0.0	0.0	0.0	0.0	0.0	0.0	0.0	0.0	0.0	0.0	0.0	0.0	0.0	0.0	0.0	0.0	0.0	0.0	0.0	0.0	0.0	0.0	0.0	0.0	0.0	0.0	0.0	0.0	0.0	0.0	0.0	0.0	0.0	0.0	0.0	0.0	0.0	0.0	0.0	0.0	0.0	0.0	0.0	0.0	0.0	0.0
5330.021495179596	12.30977222268757	151.53049217445047	28409129.13907654	4282.578720665629	-34.2325363419568	1171.8665444033932	18340480.49869805	3563.006208180922	8.034325591707784	64.55038771357063	12695013.239535792	3649.236660809584	6438.425191451836	0.7399879999999999	45.943539	0.2398731417465388	0.1230453373019425	-0.0468344355	0.0244983348	-0.1035398062	-0.0300557417	-0.0300762171	0.013811642	0.0551013607	0.0286525013	0.0210262388	-0.0304230721	-0.0135906839	0.0443323263	0.0200034627	-0.0929717216	-0.0411191452	0.030357583	0.0508186385	-0.0363153155	0.0078272229	-0.0427938665	0.0166446898	-0.059555716	-0.0682137772	0.0535153455	0.0508178298	0.0099421303	0.0355344791	0.0502787203	-0.0443073142	-0.0240256615	0.0707705992	-0.0060305262	0.0205940851	-0.0117597653	-0.135839966	-0.0371457067	0.0916020198	0.0372187001	-0.090490543	-0.0666044758	0.0387465039	-0.0215033993	0.0228942752	-0.0207557576	-0.0515120066	-0.065564253	0.0120203948	-0.0695772709	0.0269853597	-0.0099594034	-0.0731645789	0.0462350124	-0.0027413792	-0.0954064159	0.0082151139	0.0949350916	-0.0136618075	-0.0704290265709488	0.0160281222854053	0.0049602477837314	0.0002569007039959	-0.0137930394509453	0.098056939338079	0.0096151633523517	0.0001902479372953	0.4682855126678049	0.0626021091864145	0.0039190240745877	0.2192913213745488	-0.0037977943880846	0.0005732829997053	3.286533977512213e-07	1.4423242214166884e-05	-0.003911961370407	0.0003924441702559	1.530344176355661e-05	1.5401242676784193e-07	-0.0031989570534286	0.0002979922487714	8.879938032789548e-08	1.0233326229680592e-05	0.0	0.0	0.0	0.0	0.0	0.0	0.0	0.0	0.0	0.0	0.0	0.0	0.0	0.0	0.0	0.0	0.0	0.0	0.0	0.0	0.0	0.0	0.0	0.0	0.0	0.0	0.0	0.0	0.0	0.0	0.0	0.0	0.0	0.0	0.0	0.0	0.0	0.0	0.0	0.0	0.0	0.0	0.0	0.0	0.0	0.0	0.0	0.0	0.0	0.0	0.0	0.0	0.0	0.0	0.0	0.0	0.0	0.0	0.0	0.0	0.0	0.0	0.0	0.0	0.0	0.0	0.0	0.0	0.0	0.0	0.0	0.0	0.0	0.0	0.0	0.0	0.0	0.0	0.0	0.0	0.0	0.0	0.0	0.0	0.0	0.0	0.0	0.0	0.0	0.0	0.0	0.0	0.0	0.0	0.0	0.0	0.0	0.0	0.0	0.0	0.0	0.0	0.0	0.0	0.0	0.0	0.0	0.0	0.0	0.0
5316.66338186167	-13.358113317925929	178.43919141455	28266909.516028773	4312.954394135459	30.37567346982996	922.6815387457318	18601575.60589236	3551.650885687934	-11.355322492987852	128.94334891975586	12614224.013807887	3651.012347261671	6390.829150195225	1.019608	63.304249	0.187417518926246	0.0908770113969845	-0.0017755535	0.0074407459	-0.0936378399	-0.0521732248	-0.0541194913	0.0043586975	-0.0567988724	0.0424572247	0.0430339145	0.0193906429	0.0078167914	0.028518541	-0.0120109547	-0.0193086328	-0.0642709927	-0.0420743814	0.0417242372	-0.0009407663	-0.0069322494	-0.0331687767	0.0001217281	-0.0104485091	-0.0614708853	0.0154075251	-0.0201932764	0.0039103282	0.0651973778	0.0260832661	-0.0258238099	-0.030266724	0.0787868138	0.0283030223	0.038900517	-0.0107806144	-0.0924209362	-0.0374163448	0.0977524625	0.0360173138	-0.061212325	-0.0609270937	0.0557273312	-0.0366720643	-0.027479538	-0.0096078496	-0.10283056	0.017781341	-0.0105147731	-0.0687337392	-0.0800099251	-0.0054942038	0.0045501321	0.0435655139	-0.0041113636	-0.0952099364	0.0123036518	0.0941512753	-0.020404848	-0.0908705159234131	-0.0204414893524643	0.0082574506641872	0.0004178544869469	-0.0779547557369539	-0.0641617162860086	0.0041167258367662	0.0060769439420081	0.5275355989845281	0.0592500863167231	0.0035105727285391	0.2782938081959648	-0.0032607448948717	0.0005370494932129	2.884221581602329e-07	1.0632457269431854e-05	-0.0035808198561568	0.0003311415142501	1.2822270842246803e-05	1.096547024599153e-07	-0.0031958635214707	3.093531957900058e-06	9.569939974548966e-12	1.0213543647867104e-05	0.0	0.0	0.0	0.0	0.0	0.0	0.0	0.0	0.0	0.0	0.0	0.0	0.0	0.0	0.0	0.0	0.0	0.0	0.0	0.0	0.0	0.0	0.0	0.0	0.0	0.0	0.0	0.0	0.0	0.0	0.0	0.0	0.0	0.0	0.0	0.0	0.0	0.0	0.0	0.0	0.0	0.0	0.0	0.0	0.0	0.0	0.0	0.0	0.0	0.0	0.0	0.0	0.0	0.0	0.0	0.0	0.0	0.0	0.0	0.0	0.0	0.0	0.0	0.0	0.0	0.0	0.0	0.0	0.0	0.0	0.0	0.0	0.0	0.0	0.0	0.0	0.0	0.0	0.0	0.0	0.0	0.0	0.0	0.0	0.0	0.0	0.0	0.0	0.0	0.0	0.0	0.0	0.0	0.0	0.0	0.0	0.0	0.0	0.0	0.0	0.0	0.0	0.0	0.0	0.0	0.0	0.0	0.0	0.0	0.0
5258.292183200957	-58.37119866071316	3407.196833088442	27649636.683912285	4247.537089168822	-65.41730496663695	4279.423789097983	18041571.323864747	3538.960181989039	-12.69070369889505	161.0539603731485	12524239.169703892	3615.349859936137	6322.268078883948	1.456631	90.437637	1.0274377604909628	0.4226688719099641	0.0333491102	0.0165161538	-0.120778562	0.0961067569	-0.0716716005	-0.0157042992	0.0754302245	-0.0075044111	0.0234295173	-0.0858468728	0.036743563	0.0013541287	0.0298775639	-0.0731694393	-0.0660352433	0.0831569253	0.0477764312	-0.1250056504	-0.0129755216	0.0062341534	0.0261278992	-0.0488205349	-0.0490262801	0.092529463	0.1564328222	-0.0172353992	0.0378675182	-0.0228710969	-0.024856223	-0.0307793969	0.0647689007	-0.091060547	0.0735413049	0.0135854743	-0.0275834963	0.0904224761	0.0178241421	0.0683335228	-0.0542394697	-0.0805092602	0.0167707051	-0.0669957942	-0.0223038966	-0.0390229551	0.0530593565	-0.1746623998	-0.0228179182	-0.0880419934	0.2165135984	0.0420286584	-0.0085999091	-0.0031675702	-0.005480502	-0.0949350916	0.016369406	0.0930575468	-0.0270429587	-0.1820998266154418	-0.0912293106920287	0.0331603468533739	0.0083227871293427	0.0873195120818053	0.1652742678187592	0.0273155836030269	0.0076246971902045	0.7679140638174431	0.240378464832915	0.0577818063554289	0.5896920094086201	0.0008171648521137	0.0040779097469854	1.6629347904558528e-05	6.677583955300052e-07	0.0004642112462471	0.0040450311024039	2.154920811422857e-07	1.6362276619414908e-05	-0.0007076900279148	0.0024881734935559	6.191007334034172e-06	5.008251756100504e-07	0.0	0.0	0.0	0.0	0.0	0.0	0.0	0.0	0.0	0.0	0.0	0.0	0.0	0.0	0.0	0.0	0.0	0.0	0.0	0.0	0.0	0.0	0.0	0.0	0.0	0.0	0.0	0.0	0.0	0.0	0.0	0.0	0.0	0.0	0.0	0.0	0.0	0.0	0.0	0.0	0.0	0.0	0.0	0.0	0.0	0.0	0.0	0.0	0.0	0.0	0.0	0.0	0.0	0.0	0.0	0.0	0.0	0.0	0.0	0.0	0.0	0.0	1.0	0.0	0.0	0.0	0.0	0.0	0.0	0.0	0.0	0.0	0.0	0.0	0.0	0.0	0.0	0.0	0.0	0.0	0.0	0.0	0.0	0.0	0.0	0.0	0.0	0.0	0.0	0.0	0.0	0.0	0.0	0.0	0.0	0.0	0.0	0.0	0.0	0.0	0.0	0.0	0.0	0.0	0.0	0.0	0.0	0.0	0.0	0.0
5241.814901408572	-16.47728179238493	271.50081526565987	27476623.46062896	4251.688769395848	4.151680227026191	17.236448707480243	18076857.391806778	3511.6322714548965	-27.32791053414257	746.8146941621007	12331561.209923476	3611.664365929617	6578.579505192751	1.865193	115.80394	1.9901978672089584	1.0187296664478922	-0.0070761373	0.1473430059	0.0249164195	0.1283102675	-0.02997787	-0.0349051883	0.0748380294	0.0397488786	-0.0462454759	-0.0431065466	-0.183894329	-0.0512805279	0.0412491705	-0.1366295005	0.0124359534	0.0028993264	0.0512685287	-0.0245846713	0.2232655849	0.0374015221	0.0073208158	-0.145690899	0.0374531314	0.0450771264	0.0955606004	0.0129992528	0.1301977132	0.0525570837	0.0135959728	-0.0434300519	-0.0350771018	-0.1621557374	0.1011770049	-0.0516934254	0.0248598013	0.1349036702	-0.2029320217	0.3053086226	0.0806138374	0.0528537116	-0.0247397763	0.0052129745	-0.0344750953	-0.1224376569	-0.1673322087	-0.0356328091	-0.0960207663	-0.0748127105	-0.091623274	-0.1030605338	-0.03476361	-0.0517297637	-0.0068485126	-0.0945821078	0.020404848	0.0916575064	-0.0335420038	0.0624742034234344	0.2445740300388762	0.0039030260933926	0.0598164561694571	0.0916663306759915	0.0043468185941862	1.8894831890762916e-05	0.0084027161796002	1.2923178121443044	0.5244037483268613	0.2749992912592621	1.6700853275854417	0.0179479467780473	0.0171307819259336	0.0002934636893938	0.0003221287935476	-0.0024470178523585	-0.0029112290986056	5.987896369761205e-06	8.475254864567973e-06	0.0035877643525267	0.0042954543804415	1.8450928334454076e-05	1.287205304926133e-05	0.0	0.0	0.0	0.0	0.0	0.0	0.0	0.0	0.0	0.0	0.0	0.0	0.0	0.0	0.0	0.0	0.0	0.0	0.0	0.0	0.0	0.0	0.0	0.0	0.0	0.0	0.0	0.0	0.0	0.0	0.0	0.0	0.0	0.0	0.0	0.0	0.0	0.0	0.0	0.0	0.0	0.0	0.0	0.0	0.0	0.0	0.0	0.0	0.0	0.0	0.0	0.0	0.0	0.0	0.0	0.0	0.0	0.0	0.0	0.0	0.0	0.0	0.0	1.0	0.0	0.0	0.0	0.0	0.0	0.0	0.0	0.0	0.0	0.0	0.0	0.0	0.0	0.0	0.0	0.0	0.0	0.0	0.0	0.0	0.0	0.0	0.0	0.0	0.0	0.0	0.0	0.0	0.0	0.0	0.0	0.0	0.0	0.0	0.0	0.0	0.0	0.0	0.0	0.0	0.0	0.0	0.0	0.0	0.0	0.0
5260.487228519044	18.672327110472	348.65579972046754	27672725.881411973	4195.1385946957325	-56.55017470011535	3197.922258613566	17599187.828705687	3557.069306537136	45.43703508223962	2064.524157064674	12652742.05150858	3632.399637840164	6664.711102821711	2.068906	128.451859	2.048784564561866	1.4195761887692158	0.0054078744	0.0450918816	0.0389814509	0.0819894757	-0.0578177753	0.03557304	0.1235244018	-0.0112336457	-0.0218375007	0.0792193585	0.0688069442	0.0506514494	-0.001181027	0.0312367739	0.0434396772	-0.1038241054	-0.0135921492	0.1879919208	0.1968500048	-0.039047279	-0.0061216356	0.0630483035	-0.0446690922	-0.0300682665	-0.0126938243	0.0275336304	-0.1063641633	-0.2615471368	0.0463666949	-0.0058725631	-0.0818151578	-0.1112689282	0.0397974448	-0.0979999127	0.0945389098	0.1417669466	-0.1784032132	0.2540619175	0.0268149948	-0.0453262774	0.0915193275	0.0558512816	-0.0647474624	-0.0700045275	-0.4216434318	0.1790536529	-0.0256584309	-0.171856707	0.0621003597	-0.0199539972	0.1501049271	0.0253362401	-0.0082151139	-0.0941512753	0.0244025048	0.0899557625	-0.0398685628	0.174510470914484	0.1120362674910495	0.0304539044587949	0.012552125233326	0.1848683640676682	0.0932020333916767	0.0086866190283432	0.0341763120330559	0.5464951380232748	-0.7458226741210296	0.5562514612330436	0.2986569358830781	0.0379018657527585	0.0199539189747112	0.0003981588824493	0.0014365514275401	-0.0025240010988534	-7.69832464949001e-05	6.37058154701317e-06	5.926420240894548e-09	0.0055113339224828	0.0019235695699561	3.7001198904610975e-06	3.037480160510965e-05	0.0	0.0	0.0	0.0	0.0	0.0	0.0	0.0	0.0	0.0	0.0	0.0	0.0	0.0	0.0	0.0	0.0	0.0	0.0	0.0	0.0	0.0	0.0	0.0	0.0	0.0	0.0	0.0	0.0	0.0	0.0	0.0	0.0	0.0	0.0	0.0	0.0	0.0	0.0	0.0	0.0	0.0	0.0	0.0	0.0	0.0	0.0	0.0	0.0	0.0	0.0	0.0	0.0	0.0	0.0	0.0	0.0	0.0	0.0	0.0	0.0	0.0	0.0	0.0	1.0	0.0	0.0	0.0	0.0	0.0	0.0	0.0	0.0	0.0	0.0	0.0	0.0	0.0	0.0	0.0	0.0	0.0	0.0	0.0	0.0	0.0	0.0	0.0	0.0	0.0	0.0	0.0	0.0	0.0	0.0	0.0	0.0	0.0	0.0	0.0	0.0	0.0	0.0	0.0	0.0	0.0	0.0	0.0	0.0	0.0
5281.823767546625	21.33653902758124	455.24789767549737	27897662.311420426	4274.579072294789	79.44047759905607	6310.789481166129	18272026.245300576	3533.7298283708656	-23.33947816627051	544.7312410738178	12487246.499917988	3623.616831618296	6928.233774590566	2.148681	133.404846	2.779223599268656	1.4107251921407469	-0.0030626763	-0.0676442927	0.057411145	0.1003589059	-0.0543859765	0.0063385327	-0.0287636368	0.0595606069	-0.057840542	-0.0534039245	-0.1547984663	0.0072134119	-0.0530799458	-0.0698041179	0.0745373216	-0.0424331123	-0.0147397012	-0.0658357252	-0.1500590308	-0.0104909497	-0.0632054017	-0.0840061842	-0.0061972687	-0.050420034	-0.0667126284	-0.020461244	-0.0376062583	0.0825753987	0.0038090575	0.0396222474	-0.0065090324	0.0483670086	-0.0255905117	-0.0554141143	0.0723486725	0.0954127207	-0.0503438057	-0.1444364255	0.0007941405	0.0424984528	0.0895816305	0.1242166479	0.0649193789	-0.2339350662	-0.0020794386	-0.0164608015	0.0120587896	0.0436877139	-0.0091110791	-0.1168995856	-0.0985053431	-0.0594855444	-0.0095800247	-0.0936429488	0.0283549738	0.0879579165	-0.045990102	-0.0018270786686827	-0.1763375495831667	3.338216461555347e-06	0.0310949313929957	-0.3255600744455336	-0.5104284385132019	0.2605371908430255	0.1059893620729813	0.3317592993093825	-0.2147358387138922	0.0461114804281587	0.1100642326782524	0.0142410472619529	-0.0236608184908056	0.0005598343316548	0.0002028074271171	-0.0085031599655556	-0.0059791588667022	7.230372939982753e-05	3.5750340753263545e-05	-0.0024031241691773	-0.0079144580916601	6.263864688464404e-05	5.7750057724840894e-06	0.0	0.0	0.0	0.0	0.0	0.0	0.0	0.0	0.0	0.0	0.0	0.0	0.0	0.0	0.0	0.0	0.0	0.0	0.0	0.0	0.0	0.0	0.0	0.0	0.0	0.0	0.0	0.0	0.0	0.0	0.0	0.0	0.0	0.0	0.0	0.0	0.0	0.0	0.0	0.0	0.0	0.0	0.0	0.0	0.0	0.0	0.0	0.0	0.0	0.0	0.0	0.0	0.0	0.0	0.0	0.0	0.0	0.0	0.0	0.0	0.0	0.0	0.0	0.0	0.0	1.0	0.0	0.0	0.0	0.0	0.0	0.0	0.0	0.0	0.0	0.0	0.0	0.0	0.0	0.0	0.0	0.0	0.0	0.0	0.0	0.0	0.0	0.0	0.0	0.0	0.0	0.0	0.0	0.0	0.0	0.0	0.0	0.0	0.0	0.0	0.0	0.0	0.0	0.0	0.0	0.0	0.0	0.0	0.0	0.0
5267.661023347484	-14.162744199141343	200.58332325031176	27748252.656894263	4199.637118603182	-74.94195369160661	5616.29642311491	17636951.927949637	3553.9860593272697	20.256230956404124	410.3148925591847	12630816.909892576	3642.5621457032753	6557.982491692208	1.334582	82.85996199999998	0.4270853272323276	0.2480334081375426	0.0287040148	-0.0401995911	0.0194348625	-0.0070951241	0.0394267411	0.0512939498	-0.0741743522	0.0006929968	0.0094019396	0.0135157137	-0.0229214991	0.0395800847	0.0140039136	0.0818221346	-0.0331182308	0.0256192379	0.0064567117	-0.003986058	-0.0905978105	-0.0388103853	0.0175636256	0.0507876083	0.0141641609	-0.0222120999	-0.0261294479	0.0189508424	-0.0377850557	0.0709510183	-0.0028216511	0.0270679357	0.0056545482	0.0713643063	-0.0433608709	-0.0347626622	0.0544952529	0.0448523397	-0.0774694336	-0.1612025756	-0.0010755527	0.0509907961	0.0073178627	0.1290100366	0.0434322898	-0.144799076	-0.0164825915	-0.0386462786	0.0123258544	0.0778991393	-0.0642088192	-0.0225279406	-0.0434895158	-0.0768985523	-0.0109429642	-0.0930575468	0.0322549359	0.0856705448	-0.0518751419	-0.0478886379803498	-0.0460615593116671	0.002293321647613	0.0021216672462222	-0.105093897064421	0.2204661773811125	0.0486053353690401	0.0110447272001871	0.2683620032518945	-0.063397296057488	0.0040192171474007	0.0720181647893698	0.0123477770560565	-0.0018932702058963	3.5844720725349954e-06	0.000152467598226	-0.0084759116358628	2.7248329692799653e-05	7.184107805895442e-05	7.424714710475073e-10	-0.0024258115232293	-2.2687354051999925e-05	5.147160338807973e-10	5.884561546232057e-06	0.0	0.0	0.0	0.0	0.0	0.0	0.0	0.0	0.0	0.0	0.0	0.0	0.0	0.0	0.0	0.0	0.0	0.0	0.0	0.0	0.0	0.0	0.0	0.0	0.0	0.0	0.0	0.0	0.0	0.0	0.0	0.0	0.0	0.0	0.0	0.0	0.0	0.0	0.0	0.0	0.0	0.0	0.0	0.0	0.0	0.0	0.0	0.0	0.0	0.0	0.0	0.0	0.0	0.0	0.0	0.0	0.0	0.0	0.0	0.0	0.0	0.0	0.0	0.0	0.0	0.0	0.0	0.0	0.0	0.0	0.0	0.0	0.0	0.0	0.0	0.0	0.0	0.0	0.0	0.0	0.0	0.0	0.0	0.0	0.0	0.0	0.0	0.0	0.0	0.0	0.0	0.0	0.0	0.0	0.0	0.0	0.0	0.0	0.0	0.0	0.0	0.0	0.0	0.0	0.0	0.0	0.0	0.0	0.0	0.0
5085.530570502558	-182.1304528449264	33171.501853497946	25862621.18351607	4218.987826819306	19.35070821612408	374.4499084655718	17799858.28284949	3481.628317301903	-72.35774202536686	5235.642831009542	12121735.73983848	3588.49668663992	6090.935187319853	1.474887	91.571068	0.1763880821163	0.1415307427876788	0.0788595764	-0.0276963643	-0.0213799954	-0.0421036565	0.1624184934	0.0224733599	-0.0291857132	0.0040205699	0.0289597813	-0.0952700188	-0.0244669999	-0.0740701119	-0.0546346554	-0.020915276	0.1421946027	-0.0407327118	-0.0155344336	0.0128872811	-0.2289114988	0.0599458833	-0.0280740213	-0.0743111053	0.0582930541	-0.0769438399	-0.1820362657	0.0402038769	-0.029242123	0.101286958	0.0042490705	0.0289561118	0.0134329383	0.0345873772	-0.0714290138	-0.0114844543	0.0469096707	0.0354188845	-0.0984466812	-0.0902870006	0.058070639	0.0432490279	-0.0224140165	0.1475237424	0.0366061914	-0.0709448543	0.0796106431	-0.1171375052	0.0182398133	0.0580334344	-0.0491032347	-0.1862379445	-0.0686017495	-0.0579774165	-0.0123036518	-0.092395551	0.0360951694	0.0831011765	-0.0574934194	-0.0524454061618087	-0.0045567681814588	0.002750520627477	2.0764136259556243e-05	0.0358971213590137	0.1409910184234347	0.0198784672760773	0.0012886033218637	0.278333410817126	0.0099714075652314	9.94289688319552e-05	0.077469487577095	0.0123167893226815	-3.0987733375001034e-05	9.60239619720153e-10	0.0001517032992193	-0.0085249515723497	-4.9039936486899166e-05	7.267479931090763e-05	2.404915370639104e-09	-0.0027631616122909	-0.0003373500890615	1.1380508258986935e-07	7.635062095638046e-06	0.0	0.0	0.0	0.0	0.0	0.0	0.0	0.0	0.0	0.0	0.0	0.0	0.0	0.0	0.0	0.0	0.0	0.0	0.0	0.0	0.0	0.0	0.0	0.0	0.0	0.0	0.0	0.0	0.0	0.0	0.0	0.0	0.0	0.0	0.0	0.0	0.0	0.0	0.0	0.0	0.0	0.0	0.0	0.0	0.0	0.0	0.0	0.0	0.0	0.0	0.0	0.0	0.0	0.0	0.0	0.0	0.0	0.0	0.0	0.0	0.0	0.0	0.0	0.0	0.0	0.0	0.0	0.0	0.0	0.0	0.0	0.0	0.0	0.0	0.0	0.0	0.0	0.0	0.0	0.0	0.0	0.0	0.0	0.0	0.0	0.0	0.0	0.0	0.0	0.0	0.0	0.0	0.0	0.0	0.0	0.0	0.0	0.0	0.0	0.0	0.0	0.0	0.0	0.0	0.0	0.0	0.0	0.0	0.0	0.0
5103.905328099604	18.37475759704648	337.63171675021744	26049849.59820353	4193.014084825743	-25.97374199356273	674.6352731481638	17581367.115547065	3485.71798813856	4.089670836657206	16.725407552204448	12150229.89283273	3598.148279109472	6205.767741444589	1.7533	108.856842	2.9042927447015927	1.8884661280089703	0.0788816753	0.0368119567	0.1105962424	0.0052243899	0.236790777	0.0537345931	0.0468200548	0.0180181327	-0.0011091058	0.0074797242	0.0200431887	-0.0489873917	-0.0029787337	0.1732895145	0.1714550252	0.212385353	0.0126934313	0.1254374646	0.064310989	0.0359491305	-0.0164581736	0.0469933905	0.2703837689	-0.0554356679	0.0085769842	0.1994043937	-0.0981260244	-0.0159919966	0.0489137714	0.0127427899	-0.1195946706	-0.0719736901	0.0438028569	-0.0147668239	0.0346311087	-0.0059882573	-0.0118877994	-0.0320923359	0.0630249114	0.0176770248	0.0384753983	0.0737891068	-0.1082352686	0.0306877594	0.1996414155	0.0334161932	0.1189106966	-0.0362584675	-0.1412539579	-0.1414700505	-0.259083606	0.1128493941	-0.0136618075	-0.0916575064	0.0398685628	0.080258269	-0.0628160431	-0.062402598291527	-0.0099571921297183	0.0038940842735336	9.91456751081241e-05	0.5493248507180084	0.5134277293589947	0.2636080332747331	0.3017577916163622	-0.3369366444191684	-0.6152700552362944	0.3785572408704727	0.1135263023524491	0.0422863731809174	0.0299695838582359	0.0008981759566358	0.0017881373567958	-0.0099519382691097	-0.00142698669676	9.904107531217016e-05	2.036291032730017e-06	-0.0066793464168267	-0.0039161848045358	1.5336503423277105e-05	4.461366855597568e-05	0.0	0.0	0.0	0.0	0.0	0.0	0.0	0.0	0.0	0.0	0.0	0.0	0.0	0.0	0.0	0.0	0.0	0.0	0.0	0.0	0.0	0.0	0.0	0.0	0.0	0.0	0.0	0.0	0.0	0.0	0.0	0.0	0.0	0.0	0.0	0.0	0.0	0.0	0.0	0.0	0.0	0.0	0.0	0.0	0.0	0.0	0.0	0.0	0.0	0.0	0.0	0.0	0.0	0.0	0.0	0.0	0.0	0.0	0.0	0.0	0.0	0.0	0.0	0.0	0.0	0.0	1.0	0.0	0.0	0.0	0.0	0.0	0.0	0.0	0.0	0.0	0.0	0.0	0.0	0.0	0.0	0.0	0.0	0.0	0.0	0.0	0.0	0.0	0.0	0.0	0.0	0.0	0.0	0.0	0.0	0.0	0.0	0.0	0.0	0.0	0.0	0.0	0.0	0.0	0.0	0.0	0.0	0.0	0.0	0.0
5255.074680532666	151.16935243306216	22852.17311503136	27615809.897975504	4285.645935110671	92.63185028492808	8580.65968720933	18366761.08113062	3531.376056570691	45.65806843213113	2084.659212953169	12470616.852920763	3629.304505898919	6400.383654151719	1.947247	120.898422	2.3008588617168426	1.2150596082237437	-0.018163764	0.1003826693	0.1099293272	-0.1411327788	0.1840028958	0.0337532183	-0.0457784213	0.0592901887	0.0093360564	-0.0653137849	-0.0467889963	0.015981789	-0.0453710381	0.0402169779	0.0568587335	0.1012812463	-0.1210879754	0.0099587397	0.0281163872	-0.0174127537	-0.0457332463	-0.0155024697	0.1942531597	0.0666740752	-0.0178857749	-0.00514979	0.0060106996	-0.0702032997	-0.0327468176	-0.080490748	-0.1223114183	-0.0307028654	0.0311817963	0.0420104001	-0.0642991009	-0.1234040445	-0.0595553835	-0.0933484354	-0.0041339319	-0.0783574197	-0.0928515304	0.0337508717	-0.0413581406	-0.0084218289	0.1440062048	0.07561429	-0.0227248514	-0.060262394	0.1011733908	0.0010128681	-0.0575185769	-0.0319981161	-0.0150171519	-0.0908440203	0.0435681289	0.0771511802	-0.067815642	-0.0870299268933934	-0.0246273286018663	0.0075742081750693	0.0006065053140643	0.1567363849247272	-0.3925884657932812	0.1541257034739223	0.0245662943592722	-0.7254939157649432	-0.3885572713457748	0.150976753115674	0.5263414218119504	0.0198786961283992	-0.0224076770525182	0.0005021039908899	0.0003951625597652	-0.0049828212338709	0.0049691170352388	2.482850744871472e-05	2.469212410990044e-05	-0.0041544245850653	0.0025249218317613	6.375230256505342e-06	1.7259243632994992e-05	0.0	0.0	0.0	0.0	0.0	0.0	0.0	0.0	0.0	0.0	0.0	0.0	0.0	0.0	0.0	0.0	0.0	0.0	0.0	0.0	0.0	0.0	0.0	0.0	0.0	0.0	0.0	0.0	0.0	0.0	0.0	0.0	0.0	0.0	0.0	0.0	0.0	0.0	0.0	0.0	0.0	0.0	0.0	0.0	0.0	0.0	0.0	0.0	0.0	0.0	0.0	0.0	0.0	0.0	0.0	0.0	0.0	0.0	0.0	0.0	0.0	0.0	0.0	0.0	0.0	0.0	0.0	1.0	0.0	0.0	0.0	0.0	0.0	0.0	0.0	0.0	0.0	0.0	0.0	0.0	0.0	0.0	0.0	0.0	0.0	0.0	0.0	0.0	0.0	0.0	0.0	0.0	0.0	0.0	0.0	0.0	0.0	0.0	0.0	0.0	0.0	0.0	0.0	0.0	0.0	0.0	0.0	0.0	0.0	0.0
5247.441469611832	-7.633210920834244	58.265908961943175	27535641.977001984	4098.822453469546	-186.823481641125	34903.01329251177	16800345.50506611	3513.9753969519584	-17.40065961873279	302.7829551669979	12348023.090383671	3590.975325624708	6346.439557575448	1.619027	100.520271	1.4103953938772809	0.993755637327329	0.0378000209	-0.003345854	0.0291637138	-0.1001652286	0.0551218325	-0.0006336733	-0.079082475	-0.0199800831	-0.0679086173	0.1196607199	0.0246963158	-0.0179875104	-0.1143052911	0.152445139	-0.0345698685	-0.1726113519	-0.1373985553	-0.0126566321	0.0188140349	0.0174821811	-0.0974615607	0.1307856284	0.0390116936	-0.0795946856	-0.1417058662	-0.1657727987	0.0457925461	-0.041970778	-0.0056883749	-0.0157284501	-0.00384805	0.0644065689	-0.0957304839	0.0404644965	0.0412280972	-0.0282213195	-0.0486260601	-0.050534633	0.0485191765	0.0214552833	-0.0689193106	0.0157964713	0.0151344137	0.1647286785	0.020805464	-0.0459916151	-0.0434383367	0.0214306932	0.0416591876	-0.103779099	0.0544345393	0.0308260084	-0.016369406	-0.0899557625	0.0471870168	0.0737901375	-0.0724665061	-0.1649204168060976	-0.0778904899127042	0.0271987438794969	0.006066928418841	0.1969161097889866	0.0401797248642594	0.0016144102901675	0.0387759542944282	0.002710702022469	0.7282046177874122	0.5302819653669111	7.347905454617527e-06	0.0095876030045526	-0.0102910931238465	0.0001059065976836	9.192213137290603e-05	-0.0043080644586941	0.0006747567751767	1.855941938026329e-05	4.552967056469944e-07	-0.0044709859123	-0.0003165613272346	1.002110739005944e-07	1.998971502798506e-05	0.0	0.0	0.0	0.0	0.0	0.0	0.0	0.0	0.0	0.0	0.0	0.0	0.0	0.0	0.0	0.0	0.0	0.0	0.0	0.0	0.0	0.0	0.0	0.0	0.0	0.0	0.0	0.0	0.0	0.0	0.0	0.0	0.0	0.0	0.0	0.0	0.0	0.0	0.0	0.0	0.0	0.0	0.0	0.0	0.0	0.0	0.0	0.0	0.0	0.0	0.0	0.0	0.0	0.0	0.0	0.0	0.0	0.0	0.0	0.0	0.0	0.0	0.0	0.0	0.0	0.0	0.0	0.0	1.0	0.0	0.0	0.0	0.0	0.0	0.0	0.0	0.0	0.0	0.0	0.0	0.0	0.0	0.0	0.0	0.0	0.0	0.0	0.0	0.0	0.0	0.0	0.0	0.0	0.0	0.0	0.0	0.0	0.0	0.0	0.0	0.0	0.0	0.0	0.0	0.0	0.0	0.0	0.0	0.0	0.0
5304.496528878947	57.05505926711521	3255.279787974029	28137683.4248888	4283.772689767258	184.95023629771185	34206.58990657945	18350708.45759581	3540.702539227142	26.727142275183724	714.340134197913	12536574.471289532	3626.018803797977	6540.927820627188	1.502982	93.315422	1.1329847279783625	0.687830169929364	0.0393301811	-0.0395682319	-0.0449888435	0.1725637486	0.0925170466	-0.0334473403	-0.0194591864	0.0501753277	-0.0500240435	0.0117361854	-0.028433962	0.0099868103	-0.091036259	0.0006071888	-0.0722353517	-0.0875532073	0.0327235744	0.0135547985	0.0696829453	-0.005404829	-0.0764689725	0.0262407032	-0.0939042257	-0.014239688	-0.0052192927	-0.004545759	0.1151507394	-0.0626840392	0.0005324977	0.0747192012	0.0572449559	-0.0196623937	0.1026892455	0.0603265652	0.0259052057	0.008638587	-0.1105193032	-0.0778050693	0.0666057929	0.1034889672	-0.0469127281	0.0253949244	0.0067541828	0.0769243681	-0.0239091806	-0.0792613718	0.111668039	0.0550892662	0.096638527	-0.050572426	-0.053359941	-0.046617607	-0.0177182917	-0.0889934638	0.0507185253	0.0701862042	-0.076744719	-0.1269519270166483	0.0379684897894492	0.0161167917732404	0.0014416062168915	0.2923012792760033	0.0953851694870167	0.0090983305580669	0.085440037866388	0.6797803157520406	0.6770696137295715	0.4584232618359112	0.462101277683944	0.0127336000298582	0.0031459970253056	9.897297283231688e-06	0.0001621445697204	-0.0061786343151544	-0.0018705698564602	3.817552200040348e-05	3.4990315878979047e-06	-0.0030363236946194	0.0014346622176805	2.0582556788402167e-06	9.219261578507204e-06	0.0	0.0	0.0	0.0	0.0	0.0	0.0	0.0	0.0	0.0	0.0	0.0	0.0	0.0	0.0	0.0	0.0	0.0	0.0	0.0	0.0	0.0	0.0	0.0	0.0	0.0	0.0	0.0	0.0	0.0	0.0	0.0	0.0	0.0	0.0	0.0	0.0	0.0	0.0	0.0	0.0	0.0	0.0	0.0	0.0	0.0	0.0	0.0	0.0	0.0	0.0	0.0	0.0	0.0	0.0	0.0	0.0	0.0	0.0	0.0	0.0	0.0	0.0	0.0	0.0	0.0	0.0	0.0	0.0	1.0	0.0	0.0	0.0	0.0	0.0	0.0	0.0	0.0	0.0	0.0	0.0	0.0	0.0	0.0	0.0	0.0	0.0	0.0	0.0	0.0	0.0	0.0	0.0	0.0	0.0	0.0	0.0	0.0	0.0	0.0	0.0	0.0	0.0	0.0	0.0	0.0	0.0	0.0	0.0	0.0
5292.300551146853	-12.195977732094434	148.7418728417433	28008445.12366928	4076.900368335711	-206.8723214315473	42796.15737447744	16621116.613335855	3543.53262366342	2.830084436277957	8.009377916462723	12556623.45496696	3619.660809825843	6476.93234086026	1.069989	66.43222	0.7831357935704191	0.5018081645046557	0.0357349067	-0.0332477258	-0.0571190663	0.0485285995	0.0269846904	0.018622207	-0.0513107661	-0.0553585975	-0.0482527324	0.0071959337	0.0337549861	0.0143749318	0.0111015774	-0.0461689752	0.0111297345	-0.0047630779	0.0516239841	-0.0035703274	-0.0564565019	-0.0133220554	0.0091661902	-0.0410232885	-0.0613490542	0.0076887463	0.0093882807	0.0672615532	0.0304456982	-0.007107233	-0.0165676645	0.018622812	0.0996385572	-0.0118777183	0.0603471708	0.0029567435	-0.0497895694	0.0112152054	-0.009291088	-0.0491579477	-0.0178340586	-0.0255685994	-0.004704458	0.0135548739	-0.0007649695	0.0692521568	0.0107138454	-0.0231887734	0.0227933711	0.0515094609	-0.0033988912	-0.0294593064	-0.0399923842	-0.0273501801	-0.0190635313	-0.0879579165	0.0541561147	0.0663512432	-0.0806282803	-0.1580743237280728	-0.0311223967114245	0.0249874918220875	0.0009686035770632	0.0896096744800445	-0.2026916047959588	0.0410838866547611	0.0080298937604195	0.6876101093349263	0.0078297935828857	6.130566755059829e-05	0.4728076624595893	0.0041588952369006	-0.0085747047929576	7.352556228637006e-05	1.72964095915145e-05	-0.0069649902068735	-0.0007863558917191	4.851108858184376e-05	6.183555884413415e-07	-0.0045051029795457	-0.0014687792849263	2.1573125878286143e-06	2.0295952856311545e-05	0.0	0.0	0.0	0.0	0.0	0.0	0.0	0.0	0.0	0.0	0.0	0.0	0.0	0.0	0.0	0.0	0.0	0.0	0.0	0.0	0.0	0.0	0.0	0.0	0.0	0.0	0.0	0.0	0.0	0.0	0.0	0.0	0.0	0.0	0.0	0.0	0.0	0.0	0.0	0.0	0.0	0.0	0.0	0.0	0.0	0.0	0.0	0.0	0.0	0.0	0.0	0.0	0.0	0.0	0.0	0.0	0.0	0.0	0.0	0.0	0.0	0.0	0.0	0.0	0.0	0.0	0.0	0.0	0.0	0.0	1.0	0.0	0.0	0.0	0.0	0.0	0.0	0.0	0.0	0.0	0.0	0.0	0.0	0.0	0.0	0.0	0.0	0.0	0.0	0.0	0.0	0.0	0.0	0.0	0.0	0.0	0.0	0.0	0.0	0.0	0.0	0.0	0.0	0.0	0.0	0.0	0.0	0.0	0.0	0.0
5310.815778364821	18.51522721796846	342.81363893300005	28204764.23172874	4262.520036300295	185.6196679645841	34454.66113528245	18169077.05986147	3542.91049117895	-0.6221324844700575	0.3870488282328864	12552214.748505868	3627.189059808221	6482.866124252788	0.851753	52.882633	0.6525401805742058	0.3436154076405322	0.0279623996	-0.0115711044	-0.0759457192	0.0259138159	-0.0543972983	0.0273649878	-0.052454546	0.0121168607	-0.0005797005	-0.0112078742	0.0156154119	0.0074498186	-0.0293201893	-0.0546364248	-0.0703811573	-0.033999283	0.0353739787	0.0010811094	0.0188789251	-0.00389281	-0.0220915399	-0.0207922139	-0.0872271242	0.0380267461	0.0335810837	-0.0100239609	0.0721540554	-0.02628098	-0.0172122544	-0.0159784205	0.1097400607	-0.0188110563	0.0563726856	-0.0430864174	-0.0651373168	0.0267956154	0.0671201004	-0.051817875	-0.061676596	-0.0495473617	0.0175731127	-0.0486787511	0.0364269053	0.0842953317	-0.0091974333	-0.0030532499	-0.0241244014	0.0919077926	-0.0469244497	0.0116360841	-0.0327535722	-0.0252752786	-0.020404848	-0.0868499729	0.0574934194	0.0622978778	-0.0840972192	-0.1833251565180802	-0.0252508327900073	0.0336081130123786	0.0006376045565889	-0.0277115374090897	-0.1173212118891342	0.0137642667591351	0.0007679293055753	0.7666423297655456	0.0790322204306193	0.0062460918661939	0.5877404617883435	-0.0006899613007327	-0.0048488565376333	2.3511409722549195e-05	4.760465965087594e-07	-0.0098968894102622	-0.0029318992033887	9.794841999896008e-05	8.596032938831293e-06	-0.0053430655478126	-0.0008379625682668	7.021812658164589e-07	2.854834944822196e-05	0.0	0.0	0.0	0.0	0.0	0.0	0.0	0.0	0.0	0.0	0.0	0.0	0.0	0.0	0.0	0.0	0.0	0.0	0.0	0.0	0.0	0.0	0.0	0.0	0.0	0.0	0.0	0.0	0.0	0.0	0.0	0.0	0.0	0.0	0.0	0.0	0.0	0.0	0.0	0.0	0.0	0.0	0.0	0.0	0.0	0.0	0.0	0.0	0.0	0.0	0.0	0.0	0.0	0.0	0.0	0.0	0.0	0.0	0.0	0.0	0.0	0.0	0.0	0.0	0.0	0.0	0.0	0.0	0.0	0.0	0.0	1.0	0.0	0.0	0.0	0.0	0.0	0.0	0.0	0.0	0.0	0.0	0.0	0.0	0.0	0.0	0.0	0.0	0.0	0.0	0.0	0.0	0.0	0.0	0.0	0.0	0.0	0.0	0.0	0.0	0.0	0.0	0.0	0.0	0.0	0.0	0.0	0.0	0.0	0.0
5327.02255376662	16.20677540179895	262.65956892435554	28377169.288338244	4229.525591436914	-32.99444486338143	1088.6333918427174	17888886.728619773	3562.4348323285467	19.52434114959669	381.19989732583474	12690941.93458772	3645.869527548132	6443.091323197816	0.719888	44.695564	0.3468654045220048	0.2161273073120891	0.0206250108	-0.0085449902	-0.0680657238	-0.0116884361	-0.043846943	0.0620923419	-0.0769068266	-0.0010370558	0.011984155	0.0009122944	0.0102557347	0.0364932437	0.0376435585	-0.0865909666	-0.0528113554	-0.0165231059	0.0301719846	-0.0356455805	0.031515366	-0.0330196172	0.030196227	-0.0551163247	-0.0879194259	0.0457084159	0.0507526636	-0.0054902121	0.0626981664	-0.0208696645	-0.0142681041	-0.0153752458	0.109743548	0.0130697355	0.0420016791	-0.0614799561	-0.069342617	-0.0052449883	0.0728306629	-0.0807285234	-0.0803866898	-0.0618571706	0.0711770882	-0.0460366678	0.0609488941	0.022127658	-0.0147207201	0.0544821706	-0.0706945496	0.0731660299	-0.0939727044	0.0395733813	-0.0153704934	-0.0190533146	-0.0217419657	-0.0856705448	0.0607242596	0.0580394502	-0.0871336971	-0.1968208494292866	-0.0134956929112063	0.0387384467700659	0.0001821337271535	-0.2162367568211749	-0.1885252194120852	0.0355417583543748	0.0467583350005399	0.6744913073596024	-0.0921510224059432	0.0084918109304606	0.4549385237036656	-0.0001338425892385	0.0005561187114942	3.0926802127396924e-07	1.7913838694065833e-08	-0.0099283607768441	-3.147136658190018e-05	9.85723477151764e-05	9.904469145323436e-10	-0.0058093448655919	-0.0004662793177793	2.174164021887297e-07	3.3748487767378973e-05	0.0	0.0	0.0	0.0	0.0	0.0	0.0	0.0	0.0	0.0	0.0	0.0	0.0	0.0	0.0	0.0	0.0	0.0	0.0	0.0	0.0	0.0	0.0	0.0	0.0	0.0	0.0	0.0	0.0	0.0	0.0	0.0	0.0	0.0	0.0	0.0	0.0	0.0	0.0	0.0	0.0	0.0	0.0	0.0	0.0	0.0	0.0	0.0	0.0	0.0	0.0	0.0	0.0	0.0	0.0	0.0	0.0	0.0	0.0	0.0	0.0	0.0	0.0	0.0	0.0	0.0	0.0	0.0	0.0	0.0	0.0	0.0	0.0	0.0	0.0	0.0	0.0	0.0	0.0	0.0	0.0	0.0	0.0	0.0	0.0	0.0	0.0	0.0	0.0	0.0	0.0	0.0	0.0	0.0	0.0	0.0	0.0	0.0	0.0	0.0	0.0	0.0	0.0	0.0	0.0	0.0	0.0	0.0	0.0	0.0
5327.029719136015	0.0071653693948974	5.134251856533269e-05	28377245.62855833	4356.703180723222	127.17758928630884	16174.139216677057	18980862.604923844	3544.893657902379	-17.5411744261678	307.69280024924325	12566271.045836508	3641.866114710418	6472.342705291555	0.809741	50.274281	0.6189911368136571	0.2999160413947951	-0.0200072178	0.0257824948	-0.0980708763	-0.0606597241	-0.0569580085	0.0634038399	-0.0083135794	0.0386230038	0.0618147582	-0.0451348661	0.0316727733	0.0117373554	-0.0171050927	-0.07050967	-0.0622975964	-0.010905651	0.0270283464	-0.0061526419	0.0028168512	-0.0116748024	-0.0012634771	-0.0482512636	-0.0803024227	0.0368250585	-0.0071205084	-0.0195513553	0.0588699157	0.0223076069	-0.0160537585	-0.0315556467	0.1107230682	0.0189283278	-1.5425e-05	-0.061096916	-0.0947576924	-0.0492519216	0.121496466	-0.0351554376	-0.0626991521	-0.0710675079	0.0660209554	-0.0673959287	0.0050420622	0.0043865103	-0.0416088724	0.0169919136	-0.0697588515	-0.0161814797	-0.0630294613	0.0218579538	-0.0237722985	0.0119602714	-0.0230746094	-0.0844206031	0.0638426524	0.0535899776	-0.0897220992	-0.2042016332586769	-0.0073807838293903	0.0416983070255111	5.447596993618947e-05	-0.275558032233846	-0.0593212754126711	0.0035190137165859	0.0759322291285893	0.4924742022366217	-0.1820171051229807	0.0331302265573502	0.2425308398685969	-0.004311061212646	-0.0041772186234075	1.744915542774245e-05	1.8585248779180805e-05	-0.0073500275723097	0.0025783332045344	5.402290531371282e-05	6.6478021136046295e-06	-0.0051594572445615	0.0006498876210304	4.223539199685538e-07	2.661999905845814e-05	0.0	0.0	0.0	0.0	0.0	0.0	0.0	0.0	0.0	0.0	0.0	0.0	0.0	0.0	0.0	0.0	0.0	0.0	0.0	0.0	0.0	0.0	0.0	0.0	0.0	0.0	0.0	0.0	0.0	0.0	0.0	0.0	0.0	0.0	0.0	0.0	0.0	0.0	0.0	0.0	0.0	0.0	0.0	0.0	0.0	0.0	0.0	0.0	0.0	0.0	0.0	0.0	0.0	0.0	0.0	0.0	0.0	0.0	0.0	0.0	0.0	0.0	0.0	0.0	0.0	0.0	0.0	0.0	0.0	0.0	0.0	0.0	1.0	0.0	0.0	0.0	0.0	0.0	0.0	0.0	0.0	0.0	0.0	0.0	0.0	0.0	0.0	0.0	0.0	0.0	0.0	0.0	0.0	0.0	0.0	0.0	0.0	0.0	0.0	0.0	0.0	0.0	0.0	0.0	0.0	0.0	0.0	0.0	0.0	0.0
5304.379183650204	-22.650535485810902	513.046757793979	28136438.523941606	4214.028582680347	-142.674598042875	20356.04092669595	17758036.895646937	3551.8640809399085	6.970423037529599	48.58679732212337	12615738.4494711	3627.625728634042	6409.487266956939	0.8193399999999998	50.870232	0.3144252657099078	0.183479099400584	0.0133665333	0.0222705428	-0.0899652119	-0.0623753127	-0.0745225376	0.0631621953	-0.0572995019	-0.0023447428	-0.0103336076	0.0292441549	0.0164454672	0.0228378887	0.0230687234	-0.0629647427	-0.0686553705	-0.0142541978	0.0373180503	-0.0383092865	-0.0252782293	-0.0175800443	0.0183296355	-0.0274646369	-0.0969209362	0.0444326272	0.0401417836	-0.0102285883	0.0386253709	0.0077717569	-0.0236240813	-0.0358261765	0.1149912073	0.0176178988	0.010051023	-0.0575001446	-0.0956097556	-0.0270017185	0.102311826	-0.0427256349	-0.0600659983	-0.0573996516	0.0441185066	-0.0780156191	0.0397636756	0.0042214099	-0.0205285745	0.0033159213	-0.1034085667	0.0024987766	-0.0597526598	0.0222972759	0.0012430219	0.017135584	-0.0244025048	-0.0831011765	0.0668428233	0.0489641061	-0.091849115	-0.1943858443044348	0.009815788954242	0.0377858564659479	9.63497127942211e-05	-0.1301462059289804	0.1454118263048656	0.0211445992293164	0.0169380349177085	0.5878838972417668	0.0954096950051451	0.0091030099009748	0.3456074766361682	-0.0044602156082784	-0.0001491543956323	2.224703373646637e-08	1.9893523272330256e-05	-0.0075721580813905	-0.0002221305090808	5.733757800956746e-05	4.934196306449544e-08	-0.0042549830403616	0.0009044742041998	8.18073586063042e-07	1.8104880673764845e-05	0.0	0.0	0.0	0.0	0.0	0.0	0.0	0.0	0.0	0.0	0.0	0.0	0.0	0.0	0.0	0.0	0.0	0.0	0.0	0.0	0.0	0.0	0.0	0.0	0.0	0.0	0.0	0.0	0.0	0.0	0.0	0.0	0.0	0.0	0.0	0.0	0.0	0.0	0.0	0.0	0.0	0.0	0.0	0.0	0.0	0.0	0.0	0.0	0.0	0.0	0.0	0.0	0.0	0.0	0.0	0.0	0.0	0.0	0.0	0.0	0.0	0.0	0.0	0.0	0.0	0.0	0.0	0.0	0.0	0.0	0.0	0.0	0.0	0.0	0.0	0.0	0.0	0.0	0.0	0.0	0.0	0.0	0.0	0.0	0.0	0.0	0.0	0.0	0.0	0.0	0.0	0.0	0.0	0.0	0.0	0.0	0.0	0.0	0.0	0.0	0.0	0.0	0.0	0.0	0.0	0.0	0.0	0.0	0.0	0.0
5279.438317313772	-24.94086633643201	622.0468136117674	27872468.946320876	4258.719259008206	44.690676327858455	1997.256550641408	18136689.7270474	3537.3439580369777	-14.52012290293078	210.83396911621497	12512802.277460711	3618.3805269053287	6357.19837820461	0.957213	59.430305	0.2135657469061409	0.1407067248814357	0.0192581511	-0.0345856402	-0.1290804429	-0.0345025879	-0.0421244825	0.0410435308	0.0110694423	0.0124354519	0.0205809623	0.0053196274	0.0326047243	-0.0008338439	-0.0227550589	-0.0501330817	-0.073291375	-0.0468873595	0.0359394907	-0.0079034667	0.0288724794	0.0054388937	-0.020207301	-0.0091561175	-0.1119290995	0.0146671921	0.036495666	-0.0313498528	0.0443162062	-0.0232516067	-0.016905775	-0.0090550192	0.1286424758	0.0165838031	0.020925345	-0.050028628	-0.0951274244	-0.0167725165	0.0856951719	-0.039789936	-0.0537394243	-0.0627769028	0.0009017932	-0.0364585723	0.0292760372	0.0263561742	-0.0475002892	-0.001724533	-0.0054990643	0.032359826	-0.0132468089	0.0255420045	-0.036064415	-0.0229293304	-0.0257253786	-0.081713351	0.0697192167	0.0441770624	-0.0935038064	-0.1897744819682429	0.0046113623361919	0.0360143540063149	2.126466259564936e-05	-0.134752865337191	-0.0046066594082105	2.122131090325514e-05	0.0181583347165831	0.5702124414589633	-0.0176714557828034	0.0003122803494835	0.3251422283945916	-0.0019550302320311	0.0025051853762473	6.2759537693633255e-06	3.8221432081555765e-06	-0.0084341329198953	-0.0008619748385047	7.11345981104616e-05	7.430006222153746e-07	-0.0046213482131882	-0.0003663651728265	1.3422343986026437e-07	2.1356859307537765e-05	0.0	0.0	0.0	0.0	0.0	0.0	0.0	0.0	0.0	0.0	0.0	0.0	0.0	0.0	0.0	0.0	0.0	0.0	0.0	0.0	0.0	0.0	0.0	0.0	0.0	0.0	0.0	0.0	0.0	0.0	0.0	0.0	0.0	0.0	0.0	0.0	0.0	0.0	0.0	0.0	0.0	0.0	0.0	0.0	0.0	0.0	0.0	0.0	0.0	0.0	0.0	0.0	0.0	0.0	0.0	0.0	0.0	0.0	0.0	0.0	0.0	0.0	0.0	0.0	0.0	0.0	0.0	0.0	0.0	0.0	0.0	0.0	0.0	0.0	0.0	0.0	0.0	0.0	0.0	0.0	0.0	0.0	0.0	0.0	0.0	0.0	0.0	0.0	0.0	0.0	0.0	0.0	0.0	0.0	0.0	0.0	0.0	0.0	0.0	0.0	0.0	0.0	0.0	0.0	0.0	0.0	0.0	0.0	0.0	0.0
5336.175216831492	56.7368995177203	3219.0757668838905	28474765.944726624	4246.077696295729	-12.641562712477024	159.80910781348948	18029175.802980043	3554.498447268761	17.154489231783373	294.2765008033717	12634459.211636033	3632.7374028487934	6430.84805370363	1.119464	69.503967	0.5605501878107252	0.3252278334025119	-0.037390415	0.038077885	-0.1311024673	-0.0373496507	-0.0391105067	0.0593460115	0.0320600515	-0.0100299865	0.0133331924	-0.0089023358	0.0444667988	0.0178154772	0.0353004799	-0.1339795632	-0.0648443249	0.0056412652	0.005882976	-0.074572984	-0.0001902579	-0.014659532	0.0386853225	-0.0882699791	-0.0987635748	0.088490319	0.0441870755	-0.0307582818	0.065214855	0.0053891505	-0.0379178515	-0.0436677313	0.1227567533	-0.0040292725	-0.0083162962	-0.0553870337	-0.0942495971	-0.0224750759	0.1107278184	-0.0149947506	-0.061202307	-0.0438477892	0.0544316001	-0.1313143698	0.0217436286	0.0386749165	-0.0149569173	-0.0575121729	-0.0808118003	-0.0206369983	-0.0061573907	0.0221376165	-0.0400378605	0.0097005378	-0.0270429587	-0.080258269	0.0724665061	0.0392446037	-0.0946776645	-0.2147173902936998	-0.0249429083254568	0.046103557694537	0.0006221486757321	-0.0537466810270927	0.0810061843100982	0.0065620018964816	0.002888705721428	0.7001434552352634	0.1299310137763001	0.016882068340937	0.4902008579087733	-0.0070714738115453	-0.0051164435795142	2.6177994902352075e-05	5.000574186737101e-05	-0.0070703940251013	0.0013637388947939	4.999047167018816e-05	1.859783773173958e-06	-0.004608129059519	1.321915366919984e-05	1.7474602372991956e-10	2.1234853429183463e-05	0.0	0.0	0.0	0.0	0.0	0.0	0.0	0.0	0.0	0.0	0.0	0.0	0.0	0.0	0.0	0.0	0.0	0.0	0.0	0.0	0.0	0.0	0.0	0.0	0.0	0.0	0.0	0.0	0.0	0.0	0.0	0.0	0.0	0.0	0.0	0.0	0.0	0.0	0.0	0.0	0.0	0.0	0.0	0.0	0.0	0.0	0.0	0.0	0.0	0.0	0.0	0.0	0.0	0.0	0.0	0.0	0.0	0.0	0.0	0.0	0.0	0.0	0.0	0.0	0.0	0.0	0.0	0.0	0.0	0.0	0.0	0.0	0.0	1.0	0.0	0.0	0.0	0.0	0.0	0.0	0.0	0.0	0.0	0.0	0.0	0.0	0.0	0.0	0.0	0.0	0.0	0.0	0.0	0.0	0.0	0.0	0.0	0.0	0.0	0.0	0.0	0.0	0.0	0.0	0.0	0.0	0.0	0.0	0.0	0.0
5182.203303315725	-153.97191351576748	23707.35015170698	26855231.07689641	4110.985876818972	-135.09181947675643	18249.79968954055	16900204.879405055	3482.344970389521	-72.15347687923986	5206.124225763001	12126726.492797196	3561.0071711607384	6262.764457958335	1.808069	112.257301	1.672015447496182	1.0816325986239432	0.0686804502	0.0221621167	-0.1297948045	0.0106920502	-0.044529215	-0.0197958046	0.0003718035	-0.0479601146	-0.0620283965	-0.0577612156	-0.0713584623	-0.0938777421	0.0477301958	0.0248612498	-0.1263080189	0.1052069021	0.0347834676	0.0210758748	0.0089127125	0.1009690466	0.0271516567	0.067336287	0.0059509406	0.0997358867	0.0883963253	0.0095093655	0.0023049173	0.092363433	0.0222144928	-0.0612628785	0.1126917514	-0.0395145828	-0.0110263086	-0.0398777903	0.0251266396	-0.0025760606	0.0172063306	0.0707173239	0.072974635	0.0120814899	0.0083298848	-0.1172727311	-0.1391985097	0.0566538154	0.0265314508	0.0441582925	0.0028378009	0.1643031798	0.0409959716	0.0237857916	0.0639268689	-0.2819579018	-0.0283549738	-0.0787371281	0.0750796043	0.0341829659	-0.0953646527	-0.3763361451954665	-0.1616187549017667	0.1416288941805832	0.0261206219359973	-0.0294443221130933	0.0243023589139994	0.0005906046487848	0.0008669681046995	1.5722054265878145	0.872061971352551	0.7604920818792975	2.471829903392172	-0.0164218637312412	-0.0093503899196959	8.742979165035073e-05	0.0002696776084074	-0.006584178070796	0.0004862159543053	4.335140086795093e-05	2.364059542210141e-07	-0.0070521704320751	-0.002444041372556	5.973338230765904e-06	4.973310780303429e-05	0.0	0.0	0.0	0.0	0.0	0.0	0.0	0.0	0.0	0.0	0.0	0.0	0.0	0.0	0.0	0.0	0.0	0.0	0.0	0.0	0.0	0.0	0.0	0.0	0.0	0.0	0.0	0.0	0.0	0.0	0.0	0.0	0.0	0.0	0.0	0.0	0.0	0.0	0.0	0.0	0.0	0.0	0.0	0.0	0.0	0.0	0.0	0.0	0.0	0.0	0.0	0.0	0.0	0.0	0.0	0.0	0.0	0.0	0.0	0.0	0.0	0.0	0.0	0.0	0.0	0.0	0.0	0.0	0.0	0.0	0.0	0.0	0.0	0.0	1.0	0.0	0.0	0.0	0.0	0.0	0.0	0.0	0.0	0.0	0.0	0.0	0.0	0.0	0.0	0.0	0.0	0.0	0.0	0.0	0.0	0.0	0.0	0.0	0.0	0.0	0.0	0.0	0.0	0.0	0.0	0.0	0.0	0.0	0.0	0.0
5209.365805005396	27.162501689671444	737.8014980414041	27137492.09035952	4167.842417433807	56.85654061483456	3232.6662106863314	17370910.41656048	3486.939806478178	4.594836088656848	21.11251868162336	12158749.214002077	3568.429767850419	6448.714289780986	1.908587	118.498169	1.957119338547172	1.2062881550075395	0.0400370172	0.1412418152	-0.0154003612	0.0211470257	-0.0442383197	-0.0682819604	0.0881840659	-0.1171110044	0.1768393007	0.2226029372	-0.1176978995	-0.0875229998	0.0800295608	0.0332485576	-0.1217104897	-0.0378752796	-0.1072952773	0.1482368594	-0.0273810009	0.0877715004	0.1279890158	0.1628172929	-0.0146248657	0.0759013289	-0.1392230382	-0.0891020846	0.0052373622	0.0418467801	0.0345024471	-0.1270413352	0.0128147777	-0.0430717571	0.0210215452	-0.0188141769	0.1307641176	0.0862895747	0.033534571	0.0901194107	0.0260863096	0.1548355888	-0.053526027	-0.0996122846	-0.1771223005	-0.0018305811	0.1004494974	0.1424003611	0.0686493234	0.0984208042	0.0498541657	0.045750552	0.0704441774	0.0871071592	-0.0296611541	-0.0771511802	0.0775536723	0.0290088101	-0.0955612383	-0.43083103141673	-0.0544948862212635	0.1856153776316034	0.0029696926242684	0.1480851402091616	0.1775294623222549	0.0315167099924289	0.021929208750767	1.922424130354728	0.3502187037669135	0.1226531404681771	3.695714536970133	0.0063943119831586	0.0228161757143998	0.0005205778742303	4.088722573796567e-05	-0.007312056865308	-0.000727878794512	5.346617560149785e-05	5.298075395002423e-07	-0.0030986992162521	0.003953471215823	1.5629934654340992e-05	9.601936832801378e-06	0.0	0.0	0.0	0.0	0.0	0.0	0.0	0.0	0.0	0.0	0.0	0.0	0.0	0.0	0.0	0.0	0.0	0.0	0.0	0.0	0.0	0.0	0.0	0.0	0.0	0.0	0.0	0.0	0.0	0.0	0.0	0.0	0.0	0.0	0.0	0.0	0.0	0.0	0.0	0.0	0.0	0.0	0.0	0.0	0.0	0.0	0.0	0.0	0.0	0.0	0.0	0.0	0.0	0.0	0.0	0.0	0.0	0.0	0.0	0.0	0.0	0.0	0.0	0.0	0.0	0.0	0.0	0.0	0.0	0.0	0.0	0.0	0.0	0.0	0.0	1.0	0.0	0.0	0.0	0.0	0.0	0.0	0.0	0.0	0.0	0.0	0.0	0.0	0.0	0.0	0.0	0.0	0.0	0.0	0.0	0.0	0.0	0.0	0.0	0.0	0.0	0.0	0.0	0.0	0.0	0.0	0.0	0.0	0.0	0.0
5335.559253149263	126.1934481438666	15924.786354438746	28468192.54386672	4068.2412865544334	-99.6011308793736	9920.385272450112	16550587.165626071	3496.8663118395502	9.926505361372165	98.53550868935034	12228074.002878338	3555.718206969785	6983.363339072601	2.067422	128.359711	2.319243691987104	1.5638162823938355	0.0006609192	-0.0739536633	0.0185961157	0.1804365294	-0.0703259967	-0.0834233238	-0.0035870038	-0.0627921352	-0.0728076011	-0.0960688589	0.0888193852	-0.0629264087	0.1378761823	0.0110935297	0.1167590642	0.0890353568	0.0765546993	-0.1473297277	-0.1923801777	0.0709667687	0.0846746668	-0.0465840317	-0.008880608	-0.0764121295	0.1594273351	0.0525684168	-0.124414443	0.0235451854	0.0208209647	0.0371650089	0.0608352292	0.0051210013	0.0287811807	-0.0108292436	0.1169225413	0.0512759548	-0.048773232	-0.1478819452	0.0638608714	0.1065796544	-0.0158450229	-0.0557246747	0.1172999493	0.0555070426	-0.0301082518	0.1128495726	0.0561578944	0.0591570429	0.0336402699	0.0070897524	0.0093847101	0.0323317253	-0.0309612306	-0.0755017308	0.0798841288	0.0237391677	-0.0952664105	-0.3359580754513871	0.0948729559653429	0.1128678284609999	0.0090008777736018	-0.008521809573935	-0.1566069497830966	0.0245257367203653	7.262123841441022e-05	0.5567528771501173	-1.3656712532046107	1.865057971829452	0.3099737662149336	0.0157625168843069	0.0093682049011483	8.776326306989903e-05	0.000248456938528	-0.0119482556111443	-0.0046361987458363	0.0001427608121492	2.149433881089408e-05	-0.0031361462299486	-3.744701369650001e-05	1.4022788347858592e-09	9.835413175620816e-06	0.0	0.0	0.0	0.0	0.0	0.0	0.0	0.0	0.0	0.0	0.0	0.0	0.0	0.0	0.0	0.0	0.0	0.0	0.0	0.0	0.0	0.0	0.0	0.0	0.0	0.0	0.0	0.0	0.0	0.0	0.0	0.0	0.0	0.0	0.0	0.0	0.0	0.0	0.0	0.0	0.0	0.0	0.0	0.0	0.0	0.0	0.0	0.0	0.0	0.0	0.0	0.0	0.0	0.0	0.0	0.0	0.0	0.0	0.0	0.0	0.0	0.0	0.0	0.0	0.0	0.0	0.0	0.0	0.0	0.0	0.0	0.0	0.0	0.0	0.0	0.0	1.0	0.0	0.0	0.0	0.0	0.0	0.0	0.0	0.0	0.0	0.0	0.0	0.0	0.0	0.0	0.0	0.0	0.0	0.0	0.0	0.0	0.0	0.0	0.0	0.0	0.0	0.0	0.0	0.0	0.0	0.0	0.0	0.0	0.0
5332.619232855402	-2.94002029386138	8.643719328316756	28436827.882619333	4061.12271211904	-7.118574435393384	50.67410199223624	16492717.682889108	3552.9964279733413	56.13011613379104	3150.5899371928685	12623783.617191322	3624.3757143692233	6877.955479265266	1.524554	94.654732	0.97195419176451	0.4538888629165633	-0.026253809	-0.0477781639	0.0098472723	0.0158583331	-0.0647363443	0.100359956	-0.0142663105	-0.1141734845	0.059190688	-0.0093812703	0.0760169767	0.03642789	0.0604485715	0.0731722373	-0.0264771594	-0.0344159803	-0.0404721353	0.1026043927	-0.088895402	-0.0243321147	0.0778091268	0.0804164802	-0.0436854637	-0.0230216203	-0.0796482969	0.0053922087	-0.0702363647	-0.0277147686	0.0089667587	0.0311909684	0.040217308	0.0768144378	-0.0840112393	-0.0409991088	0.0653184291	0.0043673483	-0.0776240049	-0.1241069717	0.0539795843	0.0677886972	-0.0827941491	0.021969652	0.0631406128	0.0116674885	0.0268829528	-0.0602774669	0.1155612265	0.0150731012	0.0409183094	0.0625269889	0.0352862995	0.0500418939	-0.0322549359	-0.0737901375	0.0820666583	0.0183913846	-0.0944816852	-0.2632262616648972	0.0727318137864899	0.0692880648300769	0.0052899167366726	0.1683436801760933	0.1768654897500283	0.0312814014645173	0.0283395946552307	0.1843464648398054	-0.3724064123103119	0.138686535929838	0.0339836190989336	0.0118087900836153	-0.0039537268006915	1.563195561450703e-05	0.0001394475232388	-0.0095780243501737	0.0023702312609705	9.173855045252032e-05	5.617996230482279e-06	-0.0024610947732572	0.0006750514566913	4.556944691811809e-07	6.056987482953909e-06	0.0	0.0	0.0	0.0	0.0	0.0	0.0	0.0	0.0	0.0	0.0	0.0	0.0	0.0	0.0	0.0	0.0	0.0	0.0	0.0	0.0	0.0	0.0	0.0	0.0	0.0	0.0	0.0	0.0	0.0	0.0	0.0	0.0	0.0	0.0	0.0	0.0	0.0	0.0	0.0	0.0	0.0	0.0	0.0	0.0	0.0	0.0	0.0	0.0	0.0	0.0	0.0	0.0	0.0	0.0	0.0	0.0	0.0	0.0	0.0	0.0	0.0	0.0	0.0	0.0	0.0	0.0	0.0	0.0	0.0	0.0	0.0	0.0	0.0	0.0	0.0	0.0	1.0	0.0	0.0	0.0	0.0	0.0	0.0	0.0	0.0	0.0	0.0	0.0	0.0	0.0	0.0	0.0	0.0	0.0	0.0	0.0	0.0	0.0	0.0	0.0	0.0	0.0	0.0	0.0	0.0	0.0	0.0	0.0	0.0
5293.259552866353	-39.359679989048345	1549.1844088402927	28018596.694010902	4212.387403676941	151.2646915579012	22881.006912106983	17744207.63865616	3546.518020894486	-6.478407078855071	41.96975827935949	12577790.072529344	3622.752403232413	6634.233096934149	1.655278	102.770996	0.8124351227311046	0.4282431102248566	0.018736388	-0.0988942052	-0.0638117593	-0.0342108369	-0.0211422533	0.0187498191	-0.1719741397	-0.0003235535	-0.0350250972	0.0672197159	-0.0128975939	0.0218686293	-0.0460951018	-0.0066355639	-0.0473598852	-0.1444851766	0.0361720393	-0.0387811091	-0.157638704	-0.0161308531	-0.032315543	0.0260218884	-0.1344443257	-0.0628975291	-0.0668920744	-0.0470444916	0.0269041195	0.0247940273	0.0165532478	0.0664859582	0.1243832596	0.0738007588	-0.0228969649	0.029140658	0.0213537426	-0.0132528727	-0.0822185799	-0.0008172768	0.0474054481	-0.0259996619	-0.1118816869	0.0123447426	-0.0590110285	0.1936752111	-0.0160592356	0.0304963756	-0.0572051351	0.0371596023	-0.0298348454	-0.0958962467	0.187656997	-0.0189114641	-0.0335420038	-0.072017809	0.0840972192	0.0129830636	-0.0932110979	-0.3304736785290885	-0.0672474168641912	0.1092128522005473	0.0045222150749063	0.2380208617983612	0.0696771816222679	0.0048549096388225	0.0566539306512345	0.3535517241056709	0.1692052592658654	0.0286304197632287	0.1249988216180924	0.0063847819648866	-0.0054240081187287	2.9419864072034847e-05	4.07654407391412e-05	-0.0050911280575267	0.004486896292647	2.5919584898135588e-05	2.0132238340969397e-05	-0.0026762956614571	-0.0002152008881998	4.631142228202583e-08	7.162558467534097e-06	0.0	0.0	0.0	0.0	0.0	0.0	0.0	0.0	0.0	0.0	0.0	0.0	0.0	0.0	0.0	0.0	0.0	0.0	0.0	0.0	0.0	0.0	0.0	0.0	0.0	0.0	0.0	0.0	0.0	0.0	0.0	0.0	0.0	0.0	0.0	0.0	0.0	0.0	0.0	0.0	0.0	0.0	0.0	0.0	0.0	0.0	0.0	0.0	0.0	0.0	0.0	0.0	0.0	0.0	0.0	0.0	0.0	0.0	0.0	0.0	0.0	0.0	0.0	0.0	0.0	0.0	0.0	0.0	0.0	0.0	0.0	0.0	0.0	0.0	0.0	0.0	0.0	0.0	1.0	0.0	0.0	0.0	0.0	0.0	0.0	0.0	0.0	0.0	0.0	0.0	0.0	0.0	0.0	0.0	0.0	0.0	0.0	0.0	0.0	0.0	0.0	0.0	0.0	0.0	0.0	0.0	0.0	0.0	0.0	0.0
5163.469885635524	-129.78966723082883	16845.35771988929	26661421.259864934	4251.222449709531	38.83504603259007	1508.1608003533895	18072892.31691431	3540.1596290818684	-6.3583918126178105	40.42914644276521	12532730.199381072	3629.684852035952	6427.429207343427	2.1451	133.18251	1.8440936267038823	0.999153824305852	0.0821678323	0.040406952	0.020643968	0.0447903399	-0.0060310949	0.0520942822	0.0404853094	0.0175194294	0.0202348131	-0.0479582453	-0.0405617809	0.0094382707	-0.0029184205	-0.0264628796	-0.0231013667	-0.0869210534	0.0142678387	0.0209516179	0.1361547953	-0.0086884222	-0.0009160094	-0.0095717526	-0.0647035452	-0.0193926827	0.0067523257	-0.0085776518	0.0552211992	-0.0792753823	0.062925296	0.0130886116	0.0291945335	-0.0631946008	-0.012366393	-0.054423885	0.0781481898	0.110566429	-0.119693528	0.0862880379	0.1356771363	0.0650242963	-0.097298378	-0.0846972109	0.0982693309	0.0889797827	0.0591283134	0.0083347748	-0.2145485952	-0.063339549	-0.0545833368	0.0194796121	0.0790906199	0.1284717496	-0.0348221695	-0.0701862042	0.0859720514	0.007532007	-0.0914611824	-0.21019277132919	0.1202809071998984	0.0441810011190451	0.0144674966368305	0.2401897924035125	0.0021689306051512	4.70425996996188e-06	0.0576911363748424	0.7894882500416287	0.4359365259359578	0.190040654645112	0.6232916969537933	0.0241508263857036	0.017766044420817	0.0003156323343624	0.0005832624151123	-0.0116292474093206	-0.0065381193517939	0.0001352393953071	4.27470046583019e-05	-0.0012663141748105	0.0014099814866466	1.9880477926861564e-06	1.6035515893259976e-06	0.0	0.0	0.0	0.0	0.0	0.0	0.0	0.0	0.0	0.0	0.0	0.0	0.0	0.0	0.0	0.0	0.0	0.0	0.0	0.0	0.0	0.0	0.0	0.0	0.0	0.0	0.0	0.0	0.0	0.0	0.0	0.0	0.0	0.0	0.0	0.0	0.0	0.0	0.0	0.0	0.0	0.0	0.0	0.0	0.0	0.0	0.0	0.0	0.0	0.0	0.0	0.0	0.0	0.0	0.0	0.0	0.0	0.0	0.0	0.0	0.0	0.0	0.0	0.0	0.0	0.0	0.0	0.0	0.0	0.0	0.0	0.0	0.0	0.0	0.0	0.0	0.0	0.0	0.0	1.0	0.0	0.0	0.0	0.0	0.0	0.0	0.0	0.0	0.0	0.0	0.0	0.0	0.0	0.0	0.0	0.0	0.0	0.0	0.0	0.0	0.0	0.0	0.0	0.0	0.0	0.0	0.0	0.0	0.0	0.0
5162.843977667695	-0.6259079678293347	0.3917607841922474	26654957.93773959	4076.935697640168	-174.28675206936305	30375.871946887622	16621404.682692723	3449.38025486431	-90.7793742175586	8240.894783331543	11898224.142647771	3530.4086698612696	6307.744975115894	2.364431	146.800049	2.780177535595936	1.2446916550071572	0.0903590853	0.026525823	-0.0668050799	0.0220304996	-0.0297377154	0.0805572514	0.154432003	-0.065347184	-0.0714404153	-0.009683404	-0.0020251125	-0.1426829372	-0.1117016128	-0.1582897872	0.1034144359	-0.2513834934	-0.0465104284	0.0398189148	0.04615521	0.1345176259	-0.0918224832	-0.1281755202	-0.1090882979	-0.0649478921	-0.1487277713	-0.0687913508	0.0586025075	-0.0736128749	0.0670306754	-0.0127500467	0.0122399529	-0.0460670339	-0.0014055179	-0.2214528435	0.0961206158	-0.0064083586	-0.0602332599	0.0740645779	0.0884360708	0.0863592577	-0.1003027491	-0.0305334332	0.3583264831	-0.1361166774	0.273972628	0.0471618065	0.060225371	-0.2816905412	-0.1521897561	0.3723912585	0.0764350793	0.2149420921	-0.0360951694	-0.0682968306	0.0876876832	0.0020561578	-0.0892409375	0.3073494037178648	0.5175421750470548	0.094463655965727	0.2678499029524363	-0.0973289456546666	-0.3375187380581791	0.1139188985403857	0.009472923662249	0.6090627412892218	-0.1804255087524069	0.0325533642085648	0.3709574228267415	0.0134000239785064	-0.0107508024071972	0.0001155797523985	0.0001795606426245	-0.0263898049991901	-0.0147605575898695	0.0006964218078952	0.0002178740603638	0.0081161481028887	0.0093824622776992	8.803059839244846e-05	6.587186002802383e-05	0.0	0.0	0.0	0.0	0.0	0.0	0.0	0.0	0.0	0.0	0.0	0.0	0.0	0.0	0.0	0.0	0.0	0.0	0.0	0.0	0.0	0.0	0.0	0.0	0.0	0.0	0.0	0.0	0.0	0.0	0.0	0.0	0.0	0.0	0.0	0.0	0.0	0.0	0.0	0.0	0.0	0.0	0.0	0.0	0.0	0.0	0.0	0.0	0.0	0.0	0.0	0.0	0.0	0.0	0.0	0.0	0.0	0.0	0.0	0.0	0.0	0.0	0.0	0.0	0.0	0.0	0.0	0.0	0.0	0.0	0.0	0.0	0.0	0.0	0.0	0.0	0.0	0.0	0.0	0.0	1.0	0.0	0.0	0.0	0.0	0.0	0.0	0.0	0.0	0.0	0.0	0.0	0.0	0.0	0.0	0.0	0.0	0.0	0.0	0.0	0.0	0.0	0.0	0.0	0.0	0.0	0.0	0.0	0.0	0.0
5287.1635949713	124.3196173036049	15455.36724651478	27954098.87998984	4247.616885969664	170.6811883294954	29132.06804956868	18042249.20997462	3549.374069890076	99.99381502576624	9998.763043407156	12598056.288008042	3636.519048099786	6656.082651503513	2.640772	163.957199	3.167459541162039	1.4548775998367431	-0.0048036847	-0.0543093696	0.0109375644	0.0722530866	0.0261669807	0.1160647623	-0.0163071972	0.0318398667	-0.0544427457	-0.0124304812	0.0555317684	0.0356923146	-0.0523599859	0.0032982591	0.034674777	0.0018442999	0.0026986774	0.0658951066	-0.0916350011	-0.0334330294	-0.0561783358	-0.0095523646	-0.0036654622	-0.0270475532	-0.057425235	-0.0139747945	-0.1671586855	-0.0144763573	-0.003171893	0.0149625088	-0.0241717586	0.0396561761	-0.0134436193	-0.0533132879	0.0173590153	0.0791525529	-0.1160400319	-0.1859326619	-0.016350654	-0.0778566024	-0.0418250653	0.0942460228	-0.1745168093	-0.0421491421	-0.0965363757	0.1490418923	0.1293941775	-0.0422445605	0.0607504751	0.0639781568	0.033497499	-0.005983705	-0.0373607416	-0.0663512432	0.0892409375	-0.0034264595	-0.0865617806	-0.1135280876349753	-0.4208774913528401	0.0128886266820546	0.17713786272746	0.1709854703880182	0.2683144160426848	0.0719926258563269	0.0292360310838118	0.0332780692163225	-0.5757846720728993	0.3315279885940961	0.0011074298907663	0.0248365443072	0.0114365203286936	0.0001307939972286	0.0006168539331235	-0.0105078250752643	0.0158819799239258	0.0001104143878123	0.0002522372863039	-0.0026150108783642	-0.0107311589812529	0.0001151577730809	6.838281893963105e-06	0.0	0.0	0.0	0.0	0.0	0.0	0.0	0.0	0.0	0.0	0.0	0.0	0.0	0.0	0.0	0.0	0.0	0.0	0.0	0.0	0.0	0.0	0.0	0.0	0.0	0.0	0.0	0.0	0.0	0.0	0.0	0.0	0.0	0.0	0.0	0.0	0.0	0.0	0.0	0.0	0.0	0.0	0.0	0.0	0.0	0.0	0.0	0.0	0.0	0.0	0.0	0.0	0.0	0.0	0.0	0.0	0.0	0.0	0.0	0.0	0.0	0.0	0.0	0.0	0.0	0.0	0.0	0.0	0.0	0.0	0.0	0.0	0.0	0.0	0.0	0.0	0.0	0.0	0.0	0.0	0.0	1.0	0.0	0.0	0.0	0.0	0.0	0.0	0.0	0.0	0.0	0.0	0.0	0.0	0.0	0.0	0.0	0.0	0.0	0.0	0.0	0.0	0.0	0.0	0.0	0.0	0.0	0.0	0.0	0.0
5173.753784252655	-113.40981071864462	12861.7851672388	26767728.22006867	4066.0790722947886	-181.537813674875	32955.97779385363	16532999.02215365	3453.947913883432	-95.42615600664384	9106.15125020433	11929756.191819713	3525.419094005101	6320.224233738419	2.007783	124.656891	1.1822808696327467	0.8449553655648031	0.0683339396	-0.066645481	-0.0988105894	-0.0045377883	-0.0143256403	0.1050925071	-0.0705597502	-0.0414432415	-0.0659720093	-0.0150270708	0.0434772465	-0.1140461659	-0.0228833626	0.0807444946	0.1847706175	-0.0736170951	0.0628717115	-0.0097248238	-0.2124678617	0.1103072001	-0.0311813512	-0.0107349904	-0.0122046527	-0.1958731559	-0.0361466019	0.0456414342	-0.0499001644	0.0114271092	0.0119519302	0.0737875355	0.0754602783	0.0532625002	-0.0191398295	-0.0403487353	0.0065300517	0.0360477146	-0.1139198387	-0.0614136634	0.0722552808	0.0125523181	-0.0777694287	0.0524719606	0.0967075076	0.0287273034	0.0448953643	-0.1561466878	0.0009881004	0.0077792235	0.0198141891	-0.0033822554	0.0774850494	0.0415961099	-0.0386186257	-0.0643510435	0.0906289382	-0.0088977982	-0.0834374889	-0.1030711547250717	0.0104569329099035	0.0106236629363596	0.0001093474458822	0.2191838709847644	0.0481984005967462	0.0023230858200844	0.0480415692998658	0.3847281444591743	0.3514500752428518	0.1235171553882062	0.1480157451389993	0.0115978203519964	-0.0132387239552036	0.000175263811962	0.0001345094369171	-0.0089940939223984	0.0015137311528658	8.089372548492384e-05	2.291382003156725e-06	-0.0019239567687688	0.0006910541095954	4.775557823886911e-07	3.701609648091282e-06	0.0	0.0	0.0	0.0	0.0	0.0	0.0	0.0	0.0	0.0	0.0	0.0	0.0	0.0	0.0	0.0	0.0	0.0	0.0	0.0	0.0	0.0	0.0	0.0	0.0	0.0	0.0	0.0	0.0	0.0	0.0	0.0	0.0	0.0	0.0	0.0	0.0	0.0	0.0	0.0	0.0	0.0	0.0	0.0	0.0	0.0	0.0	0.0	0.0	0.0	0.0	0.0	0.0	0.0	0.0	0.0	0.0	0.0	0.0	0.0	0.0	0.0	0.0	0.0	0.0	0.0	0.0	0.0	0.0	0.0	0.0	0.0	0.0	0.0	0.0	0.0	0.0	0.0	0.0	0.0	0.0	0.0	1.0	0.0	0.0	0.0	0.0	0.0	0.0	0.0	0.0	0.0	0.0	0.0	0.0	0.0	0.0	0.0	0.0	0.0	0.0	0.0	0.0	0.0	0.0	0.0	0.0	0.0	0.0	0.0
5342.692695980815	168.93891172815984	28540.35589589498	28544365.24368675	4301.318586225802	235.2395139310138	55337.62891449963	18501341.58021153	3563.2707741406	109.32286025716805	11951.487774808287	12696898.609844552	3658.51819559554	6770.654683463782	1.922387	119.354927	1.491216139676671	0.8754719984625543	-0.0580776795	-0.0418730896	0.0654044952	-0.1250516262	0.0033126124	0.1594266365	-0.0331677277	0.1065692616	-0.1282035421	-0.1142397413	0.0285380209	0.0590640967	-0.0811742916	-0.090827145	0.0936175785	0.1179984752	-0.0436899504	-0.0015221315	-0.1421599753	-0.0596063084	-0.1041997877	-0.1231851517	0.0713612849	0.0345097171	-0.0088407984	0.0009330866	-0.2105187638	0.0965438868	-0.0210798323	-0.0263550615	-0.0292239959	0.1109938783	-0.1173115391	-0.0714017889	-0.0227757129	0.0180150606	-0.0544846444	-0.1832604583	-0.0320198789	-0.1023375014	-0.0319955937	0.0287685899	-0.1108504941	-0.0752199245	0.0423664918	0.1214730186	-0.0704235461	-0.0735111899	0.0025640266	0.010075021	0.0634287019	-0.0087027274	-0.0398685628	-0.0622978778	0.091849115	-0.0143398485	-0.0798841288	-0.1470209358630541	-0.0439497811379824	0.0216151555820482	0.0019315832620765	-0.2578245007379394	-0.4770083717227038	0.2275369866935452	0.0664734731807677	-0.2923671271138204	-0.6770952715729948	0.4584580067865075	0.0854785370167888	0.0141626032826912	0.0025647829306947	6.578111481583401e-06	0.0002005793317428	-0.0066487671224846	0.0023453267999138	4.420610424903214e-05	5.50055779839391e-06	-0.00287710134302	-0.0009531445742511	9.084845794245012e-07	8.277712138007488e-06	0.0	0.0	0.0	0.0	0.0	0.0	0.0	0.0	0.0	0.0	0.0	0.0	0.0	0.0	0.0	0.0	0.0	0.0	0.0	0.0	0.0	0.0	0.0	0.0	0.0	0.0	0.0	0.0	0.0	0.0	0.0	0.0	0.0	0.0	0.0	0.0	0.0	0.0	0.0	0.0	0.0	0.0	0.0	0.0	0.0	0.0	0.0	0.0	0.0	0.0	0.0	0.0	0.0	0.0	0.0	0.0	0.0	0.0	0.0	0.0	0.0	0.0	0.0	0.0	0.0	0.0	0.0	0.0	0.0	0.0	0.0	0.0	0.0	0.0	0.0	0.0	0.0	0.0	0.0	0.0	0.0	0.0	0.0	1.0	0.0	0.0	0.0	0.0	0.0	0.0	0.0	0.0	0.0	0.0	0.0	0.0	0.0	0.0	0.0	0.0	0.0	0.0	0.0	0.0	0.0	0.0	0.0	0.0	0.0	0.0
5202.35613616528	-140.3365598155351	19694.350020859263	27064509.367496543	4164.538637545328	-136.77994868047426	18708.75436103317	17343382.063607898	3478.278711925352	-84.9920622152481	7223.650639600603	12098422.797833089	3575.3167287799674	6469.761362124146	1.582169	98.231865	1.085468888877847	0.686545317149141	0.0163099136	-0.0430046361	-0.0449089611	-0.1057697213	0.015162439	0.120361745	0.006380603	-0.0720262664	0.0513272966	0.0316854966	0.0218501519	-0.0756417023	-0.0008530943	0.0965459161	0.0661268657	-0.0211103402	0.0288691669	0.0854849032	-0.0936096888	0.0708933209	0.012299435	0.0498975312	0.0289973945	-0.0993971958	-0.0839251788	0.0575143354	-0.0273428361	0.0548514267	0.0201013961	0.0173331929	0.0696867794	0.0781280966	-0.0875377459	-0.0726722517	-0.0505485102	-0.0251255713	-0.0251001748	-0.0560795928	0.0767089311	-0.0306257717	-0.0573635167	0.048630857	-0.0372773907	-0.0413146241	0.0657558648	-0.021007918	-0.0552962883	-0.0900164401	-0.1082242755	0.0571412389	0.02267521	-0.0201020105	-0.0411102958	-0.060193436	0.0928992083	-0.0197346973	-0.0759199731	-0.1808535874084356	-0.0338326515453815	0.0327080200785006	0.0011446483105912	-0.1170940386793688	0.1407304620585706	0.0198050629512187	0.0137110138942455	0.1685236869185047	0.4608908140323251	0.2124203424593793	0.0284002330526061	0.0064392547863243	-0.0077233484963668	5.965011199633285e-05	4.1464002203200406e-05	-0.0077195921720463	-0.0010708250495617	5.959210330271851e-05	1.146666286768818e-06	-0.0030832270219228	-0.0002061256789028	4.248779550314021e-08	9.50628886871494e-06	0.0	0.0	0.0	0.0	0.0	0.0	0.0	0.0	0.0	0.0	0.0	0.0	0.0	0.0	0.0	0.0	0.0	0.0	0.0	0.0	0.0	0.0	0.0	0.0	0.0	0.0	0.0	0.0	0.0	0.0	0.0	0.0	0.0	0.0	0.0	0.0	0.0	0.0	0.0	0.0	0.0	0.0	0.0	0.0	0.0	0.0	0.0	0.0	0.0	0.0	0.0	0.0	0.0	0.0	0.0	0.0	0.0	0.0	0.0	0.0	0.0	0.0	0.0	0.0	0.0	0.0	0.0	0.0	0.0	0.0	0.0	0.0	0.0	0.0	0.0	0.0	0.0	0.0	0.0	0.0	0.0	0.0	0.0	0.0	1.0	0.0	0.0	0.0	0.0	0.0	0.0	0.0	0.0	0.0	0.0	0.0	0.0	0.0	0.0	0.0	0.0	0.0	0.0	0.0	0.0	0.0	0.0	0.0	0.0	0.0
5265.468054683554	63.11191851827425	3983.114259057289	27725153.83489301	4255.156998149364	90.61836060403584	8211.687278563075	18106361.078899503	3508.7230496660745	30.444337740722403	926.8577004711744	12311137.439257998	3604.2629929932073	6431.535639849383	1.815845	112.740067	2.3577977009215823	1.6345690809777336	0.02533584	0.1004524084	-0.0576543059	0.0999690312	0.040819791	0.0053813974	-0.0363848185	-0.0219068303	0.065627471	0.0210552718	0.0260203099	-0.0482874892	0.0747995747	0.0486972242	-0.085426734	0.0019541671	-0.0532212154	-0.0227765159	0.0682670274	0.0453756244	0.0785115793	0.0581719921	0.0549323212	0.0565623171	-0.000251402	-0.0541099672	0.1207282374	0.0146745034	-0.0250213772	-0.0697031779	0.0667275523	-0.0341548779	0.0537840589	-0.0226638956	0.0533053792	0.1033249943	0.0045229097	-0.0442187209	0.0518854062	0.1514654024	-0.0297906909	-0.1219354029	-0.1726754913	0.0550619357	0.1087004166	0.0316602888	-0.0340695136	0.1779977045	0.0719859	-0.0273403242	-0.0242448198	-0.124289105	-0.0423435691	-0.0580394502	0.0937772737	-0.0250645864	-0.0715654069	-0.3018423824921967	-0.120988795083761	0.0911088238685655	0.0146382885358203	0.2121057212193164	0.3291997598986852	0.1083724819173519	0.0449888369739663	1.6824982399236603	1.5139745530051556	2.2921189471471606	2.830800327346215	0.000802151602813	-0.0056371031835113	3.1776932301553234e-05	6.43447193895465e-07	-0.0081820873419959	-0.0004624951699495	6.694655327204953e-05	2.139017822267092e-07	-0.0048563205271415	-0.0017730935052186	3.143860578248735e-06	2.358384906233589e-05	0.0	0.0	0.0	0.0	0.0	0.0	0.0	0.0	0.0	0.0	0.0	0.0	0.0	0.0	0.0	0.0	0.0	0.0	0.0	0.0	0.0	0.0	0.0	0.0	0.0	0.0	0.0	0.0	0.0	0.0	0.0	0.0	0.0	0.0	0.0	0.0	0.0	0.0	0.0	0.0	0.0	0.0	0.0	0.0	0.0	0.0	0.0	0.0	0.0	0.0	0.0	0.0	0.0	0.0	0.0	0.0	0.0	0.0	0.0	0.0	0.0	0.0	0.0	0.0	0.0	0.0	0.0	0.0	0.0	0.0	0.0	0.0	0.0	0.0	0.0	0.0	0.0	0.0	0.0	0.0	0.0	0.0	0.0	0.0	0.0	1.0	0.0	0.0	0.0	0.0	0.0	0.0	0.0	0.0	0.0	0.0	0.0	0.0	0.0	0.0	0.0	0.0	0.0	0.0	0.0	0.0	0.0	0.0	0.0	0.0
5049.027631883961	-216.44042279959376	46846.456621666905	25492680.027527757	3951.968678080588	-303.1883200687762	91923.15742612668	15618056.432530029	3476.014036439517	-32.709013226557545	1069.8795462551163	12082673.581524543	3540.0759671439587	6349.0706041403055	2.46678	153.154602	2.4254115782472803	1.869345180399847	0.1182067056	-0.0263800729	0.0886961339	-0.0269787149	0.0345026001	0.032133296	0.1792727652	-0.0729297834	-0.140921903	0.0831672324	-0.1391419313	-0.0757483221	0.0227210523	0.0870540178	0.1332185475	0.1368722859	0.1503081674	0.1112035817	0.3294664857	0.0780840224	-0.0480699813	0.0549956909	0.1135804373	-0.1217379383	0.2119355327	0.1258495698	-0.1701042121	0.0008533149	0.0921087026	0.0507884633	-0.0744213291	-0.0700039423	-0.022581161	-0.0295068692	-0.0229094821	0.0352768609	0.054248742	0.0678981739	0.0906766333	-0.008511269	-0.0588204948	0.0120623436	-0.1346693141	-0.0791296979	0.0410924364	0.0559989249	0.1360654181	-0.0386955756	0.0876810868	0.0849482545	-0.0351399976	-0.1426948125	-0.0435681289	-0.0558376933	0.0944816852	-0.030311972	-0.0668428233	-0.1608552654585224	0.1409871170336742	0.0258744164257317	0.0198773671694669	0.5986721373035806	0.3865664160842642	0.1494335940442325	0.3584083279836372	1.6684420383648586	-0.0140562015588017	0.0001975768022616	2.7836988353830843	0.0361731436967627	0.0353709920939497	0.0012511070817102	0.0013084963249066	-0.0087300327480406	-0.0005479454060447	7.621347178186132e-05	3.002441680054919e-07	-0.0030992211557251	0.0017570993714163	3.0873982010319065e-06	9.605171772094025e-06	0.0	0.0	0.0	0.0	0.0	0.0	0.0	0.0	0.0	0.0	0.0	0.0	0.0	0.0	0.0	0.0	0.0	0.0	0.0	0.0	0.0	0.0	0.0	0.0	0.0	0.0	0.0	0.0	0.0	0.0	0.0	0.0	0.0	0.0	0.0	0.0	0.0	0.0	0.0	0.0	0.0	0.0	0.0	0.0	0.0	0.0	0.0	0.0	0.0	0.0	0.0	0.0	0.0	0.0	0.0	0.0	0.0	0.0	0.0	0.0	0.0	0.0	0.0	0.0	0.0	0.0	0.0	0.0	0.0	0.0	0.0	0.0	0.0	0.0	0.0	0.0	0.0	0.0	0.0	0.0	0.0	0.0	0.0	0.0	0.0	0.0	1.0	0.0	0.0	0.0	0.0	0.0	0.0	0.0	0.0	0.0	0.0	0.0	0.0	0.0	0.0	0.0	0.0	0.0	0.0	0.0	0.0	0.0	0.0	0.0
5320.920847013482	271.8932151295212	73925.9204334681	28312198.66018267	4199.427769006723	247.4590909261351	61236.0016819892	17635193.587104782	3517.705528381779	41.69149194226202	1738.1805003716988	12374252.184407732	3615.829244459179	6864.6277549492615	2.462137	152.866318	2.2017480610054783	1.311643456388861	-0.0102516579	-0.0866220639	0.1658602152	0.0341048866	0.1258591297	-0.0697461694	0.0753011458	0.0057816595	-0.0361653716	0.044414634	-0.0458763218	-0.0210276481	0.0055642993	0.0373733847	0.1019029167	-0.0051441528	0.0777001583	0.0152975265	0.0995862829	0.0147369693	-0.0078093564	-0.0098898578	0.0527928088	-0.1034259898	0.0413950948	0.0801870738	-0.0468388001	-0.0296187713	0.0338707924	0.1431024523	-0.190073757	-0.0366880395	0.0051635161	0.0232254104	-0.0807014291	0.0795624667	0.1629048824	0.0481089126	-0.011381553	0.0601146196	0.1043866346	0.1711442519	-0.0008164138	0.1017455102	0.0483657834	-0.0021292814	-0.0339933364	0.0369352852	-0.033435025	-0.0377239757	0.0661193087	-0.0066239519	-0.0447837232	-0.0535899776	0.0950111383	-0.0354595815	-0.0617765075	-0.1643698657633621	-0.0035146003048396	0.0270174527710656	1.2352415302779228e-05	1.1163706823795536	0.517698545075973	0.2680117835737792	1.2462835004765902	1.8935685958029893	0.2251265574381307	0.0506819668639439	3.5856020270113045	0.0608523299908817	0.024679186294119	0.0006090622361398	0.0037030060653191	-0.0061609438927547	0.0025690888552859	3.795722964967144e-05	6.600217546354216e-06	-0.0012393291413993	0.0018598920143258	3.459198304952882e-06	1.5359367207215262e-06	0.0	0.0	0.0	0.0	0.0	0.0	0.0	0.0	0.0	0.0	0.0	0.0	0.0	0.0	0.0	0.0	0.0	0.0	0.0	0.0	0.0	0.0	0.0	0.0	0.0	0.0	0.0	0.0	0.0	0.0	0.0	0.0	0.0	0.0	0.0	0.0	0.0	0.0	0.0	0.0	0.0	0.0	0.0	0.0	0.0	0.0	0.0	0.0	0.0	0.0	0.0	0.0	0.0	0.0	0.0	0.0	0.0	0.0	0.0	0.0	0.0	0.0	0.0	0.0	0.0	0.0	0.0	0.0	0.0	0.0	0.0	0.0	0.0	0.0	0.0	0.0	0.0	0.0	0.0	0.0	0.0	0.0	0.0	0.0	0.0	0.0	0.0	1.0	0.0	0.0	0.0	0.0	0.0	0.0	0.0	0.0	0.0	0.0	0.0	0.0	0.0	0.0	0.0	0.0	0.0	0.0	0.0	0.0	0.0	0.0
5281.598429407553	-39.32241760592842	1546.2525263750294	27895281.96952033	4060.978514531367	-138.4492544753557	19168.1960647818	16491546.49548539	3530.4970197438734	12.791491362094348	163.6222512665343	12464409.206420371	3602.3112382888794	6821.259943960825	1.268332	78.746712	0.9064588302949386	0.4515520803827957	0.0217815536	-0.0583764228	0.1709410042	0.0551745301	0.0855876645	-0.0165279169	0.1345101049	-0.0817352984	-0.0187735808	0.0452743149	0.0706932794	0.0014711138	0.0083562216	0.0427531511	0.038863703	-0.0187563517	0.05142979	0.0220778438	0.0540070216	0.0055540342	0.0101509577	0.0500610374	-0.0063026094	-0.0425067102	0.0200194199	0.0735904053	-0.0577246913	-0.1044029143	0.0568854445	0.1295312361	-0.181199198	-0.0405799136	0.001164464	0.0050470446	-0.0772090361	0.0715168002	0.1512389916	0.0484690329	0.0396990496	0.0615446491	0.1022839402	0.1228200281	-0.0157447761	0.0753353722	0.007616056	0.0233492546	-0.0249177766	-0.0094764411	0.056478953	0.0156494173	0.0184134133	0.0377172025	-0.045990102	-0.0512981531	0.0953646527	-0.0404904708	-0.0563925126	-0.151398965573378	0.012970900189984	0.0229216467766888	0.0001682442517385	0.7921395763457326	-0.324231106033821	0.1051258101199148	0.6274851084131967	1.5461610710736409	-0.3474075247293484	0.1206919882385728	2.3906140577035884	0.0571522069462294	-0.0037001230446523	1.3690910545567023e-05	0.0032663747588246	-0.0061970237957746	-3.60799030198998e-05	3.840310392539664e-05	1.3017594019253746e-09	-0.0019401121805628	-0.0007007830391635	4.910968679792317e-07	3.764035273168143e-06	0.0	0.0	0.0	0.0	0.0	0.0	0.0	0.0	0.0	0.0	0.0	0.0	0.0	0.0	0.0	0.0	0.0	0.0	0.0	0.0	0.0	0.0	0.0	0.0	0.0	0.0	0.0	0.0	0.0	0.0	0.0	0.0	0.0	0.0	0.0	0.0	0.0	0.0	0.0	0.0	0.0	0.0	0.0	0.0	0.0	0.0	0.0	0.0	0.0	0.0	0.0	0.0	0.0	0.0	0.0	0.0	0.0	0.0	0.0	0.0	0.0	0.0	0.0	0.0	0.0	0.0	0.0	0.0	0.0	0.0	0.0	0.0	0.0	0.0	0.0	0.0	0.0	0.0	0.0	0.0	0.0	0.0	0.0	0.0	0.0	0.0	0.0	0.0	1.0	0.0	0.0	0.0	0.0	0.0	0.0	0.0	0.0	0.0	0.0	0.0	0.0	0.0	0.0	0.0	0.0	0.0	0.0	0.0	0.0	0.0
5309.114379163676	27.51594975612261	757.1274909814639	28186695.491042502	4248.225802685213	187.24728815384609	35061.54692096946	18047422.470600422	3529.5301403126505	-0.9668794312228784	0.9348558345218768	12457583.011375438	3622.784510370712	6992.442380018052	0.825584	51.257904	0.40966121254378	0.1989783895923582	-0.0183162064	-0.0723217272	0.2053211264	0.0659255404	0.0724502731	0.0254378704	0.1134757312	0.0393636273	-0.0279822755	0.0250478829	-0.0675436424	0.0029628564	-0.0115309916	0.0154942925	0.0902736371	-0.0197803873	0.0662596473	0.0481013545	0.1007642195	-0.0040398033	-0.028405234	-0.0246883471	0.0258484811	-0.083515949	0.0455966293	0.0845228855	-0.0410097716	-0.0902484902	0.0435769929	0.1429115163	-0.197520654	-0.0450878275	0.0042893805	-0.0211409377	-0.0874135268	0.0845614638	0.1218807463	0.0341900346	0.0189670528	0.0766449839	0.1096731763	0.1251925973	-0.0165196269	0.0747623572	-0.0312865831	0.01990925	-0.0449839567	0.0029741317	0.0854524449	0.000405252	-0.0145624512	0.0594016923	-0.0471870168	-0.0489641061	0.0955415737	-0.0453880801	-0.0507185253	-0.0942919312900016	0.0571070342833764	0.0088909683063983	0.0032612133646427	0.7989913146435725	0.0068517382978399	4.6946317702086224e-05	0.6383871208758644	1.382926572231682	-0.1632344988419589	0.0266455016121855	1.9124859041844693	0.0560353458603125	-0.0011168610859168	1.2473786852354669e-06	0.0031399599856848	-0.0085472770912178	-0.0023502532954431	7.305594567405661e-05	5.52369055274162e-06	-0.0021223566216148	-0.000182244441052	3.3213036294355926e-08	4.504397629312188e-06	0.0	0.0	0.0	0.0	0.0	0.0	0.0	0.0	0.0	0.0	0.0	0.0	0.0	0.0	0.0	0.0	0.0	0.0	0.0	0.0	0.0	0.0	0.0	0.0	0.0	0.0	0.0	0.0	0.0	0.0	0.0	0.0	0.0	0.0	0.0	0.0	0.0	0.0	0.0	0.0	0.0	0.0	0.0	0.0	0.0	0.0	0.0	0.0	0.0	0.0	0.0	0.0	0.0	0.0	0.0	0.0	0.0	0.0	0.0	0.0	0.0	0.0	0.0	0.0	0.0	0.0	0.0	0.0	0.0	0.0	0.0	0.0	0.0	0.0	0.0	0.0	0.0	0.0	0.0	0.0	0.0	0.0	0.0	0.0	0.0	0.0	0.0	0.0	0.0	0.0	0.0	0.0	0.0	0.0	0.0	0.0	0.0	0.0	0.0	0.0	0.0	0.0	0.0	0.0	0.0	0.0	0.0	0.0	0.0	0.0
5342.616638809531	33.50225964585479	1122.4014013782703	28543552.549284447	4210.766093309422	-37.459709375791135	1403.2298265187342	17730551.092564292	3548.00124775146	18.471107438809668	341.18181001604984	12588312.854045918	3633.655823143435	6972.950208430716	0.8415979999999998	52.252155	0.5402767171995807	0.3479339339612597	-0.0143513763	-0.0617732739	0.1774080383	0.0744960708	0.0533862883	0.0212006945	0.0800276318	-0.0039650302	-0.0114409746	0.0305211231	0.0306731654	0.0316673224	-0.0018032601	0.0249546773	0.0546160229	-0.0160590528	0.0634215457	0.0128250976	0.0743294768	-0.0307838551	-0.0059828994	0.0074820354	0.0016086182	-0.0602362037	0.0449172645	0.0650381747	-0.0119451674	-0.0902838771	0.0446740009	0.1296330921	-0.1622445245	-0.0409757512	0.0017823663	-0.0066066122	-0.0750873944	0.0621946806	0.0871428279	0.0285063591	0.0142693587	0.0683164215	0.0716335044	0.0430785589	-0.010233532	0.0388261698	-0.0564699	0.0101527727	-0.0248838911	0.0159261077	0.0968406939	0.0320083229	-0.0134730584	0.0244874801	-0.0483742215	-0.0465897578	0.0955415737	-0.0501362882	-0.0447837232	-0.1044667813066553	-0.0101748500166537	0.0109133083965725	0.0001035275728613	0.6237250264397716	-0.1752662882038009	0.0307182717807378	0.3890329086072937	1.387994728708378	0.0050681564766961	2.56862100722768e-05	1.926529366922244	0.0499545379340707	-0.0060808079262417	3.697622503584509e-05	0.0024954558602065	-0.0079740339219456	0.0005732431692721	6.358521698833913e-05	3.286077311172359e-07	-0.0017810592670802	0.0003412973545346	1.1648388421231659e-07	3.172172112852259e-06	0.0	0.0	0.0	0.0	0.0	0.0	0.0	0.0	0.0	0.0	0.0	0.0	0.0	0.0	0.0	0.0	0.0	0.0	0.0	0.0	0.0	0.0	0.0	0.0	0.0	0.0	0.0	0.0	0.0	0.0	0.0	0.0	0.0	0.0	0.0	0.0	0.0	0.0	0.0	0.0	0.0	0.0	0.0	0.0	0.0	0.0	0.0	0.0	0.0	0.0	0.0	0.0	0.0	0.0	0.0	0.0	0.0	0.0	0.0	0.0	0.0	0.0	0.0	0.0	0.0	0.0	0.0	0.0	0.0	0.0	0.0	0.0	0.0	0.0	0.0	0.0	0.0	0.0	0.0	0.0	0.0	0.0	0.0	0.0	0.0	0.0	0.0	0.0	0.0	1.0	0.0	0.0	0.0	0.0	0.0	0.0	0.0	0.0	0.0	0.0	0.0	0.0	0.0	0.0	0.0	0.0	0.0	0.0	0.0	0.0
5335.896572525841	-6.720066283689448	45.15929085717971	28471792.23269302	4225.008742348733	14.24264903931089	202.85305165698344	17850698.87292322	3534.929586558749	-13.071661192710962	170.8683263370258	12495727.18192841	3620.5652017190414	7006.847570708509	0.684413	42.493034	0.341772386037813	0.2135243006426865	-0.016249995	-0.0982578695	0.1613235636	0.0557046765	0.0349094099	0.0059368535	0.0665305783	0.0018442496	0.0039265426	0.0284599882	0.020060721	0.0109979597	-0.0125307915	0.0303838681	0.0656457651	-0.0102556998	0.0505205052	0.0265468646	0.0504154128	-0.008764785	-0.0075823807	0.0187262683	-0.0001502724	-0.0592581034	0.0182271489	0.072338584	-0.0379487028	-0.0792091365	0.0348462421	0.1371037197	-0.1622167975	-0.0344176963	0.0113334667	-0.0002874889	-0.0676254907	0.0598246758	0.081392033	0.0171830726	-0.0121217273	0.0419653383	0.0453727872	0.0139298502	-0.0136589795	0.0237343973	-0.0699798001	-0.0106108468	-0.0047742246	0.0199309481	0.0659862911	0.011662509	-0.0016596383	0.043813552	-0.0495514717	-0.0441770624	0.0953646527	-0.0547194656	-0.0386186257	-0.1288359078653229	-0.0243691265586675	0.0165986911554819	0.0005938543292323	0.5762249174048577	-0.0475001090349138	0.0022562603583287	0.3320351554382351	1.4347802986413996	0.0467855699330215	0.0021888895539576	2.058594505369504	0.0463641098251625	-0.0035904281089082	1.2891174005238125e-05	0.0021496306798797	-0.0071642484749581	0.0008097854469874	5.1326456210939465e-05	6.557524701527443e-07	-0.0017189212127517	6.213805432850003e-05	3.8611377957316205e-09	2.954690135647775e-06	0.0	0.0	0.0	0.0	0.0	0.0	0.0	0.0	0.0	0.0	0.0	0.0	0.0	0.0	0.0	0.0	0.0	0.0	0.0	0.0	0.0	0.0	0.0	0.0	0.0	0.0	0.0	0.0	0.0	0.0	0.0	0.0	0.0	0.0	0.0	0.0	0.0	0.0	0.0	0.0	0.0	0.0	0.0	0.0	0.0	0.0	0.0	0.0	0.0	0.0	0.0	0.0	0.0	0.0	0.0	0.0	0.0	0.0	0.0	0.0	0.0	0.0	0.0	0.0	0.0	0.0	0.0	0.0	0.0	0.0	0.0	0.0	0.0	0.0	0.0	0.0	0.0	0.0	0.0	0.0	0.0	0.0	0.0	0.0	0.0	0.0	0.0	0.0	0.0	0.0	0.0	0.0	0.0	0.0	0.0	0.0	0.0	0.0	0.0	0.0	0.0	0.0	0.0	0.0	0.0	0.0	0.0	0.0	0.0	0.0
5334.751721360743	-1.1448511650978617	1.3106841902259314	28459575.928561416	4234.600960376726	9.592218027993113	92.01064669655608	17931845.293623492	3537.039590412941	2.1100038541917456	4.4521162647040216	12510649.064148543	3627.5453807132335	6963.7889333193225	0.7937849999999999	49.283634	0.5928314328169738	0.4437713718813472	-0.0139267617	-0.0625313574	0.1337105827	0.0141182234	-0.0373014716	0.0252384852	0.0272198391	0.0009988823	0.0058796971	-0.0131852594	0.0268695819	0.0123440334	-0.0019260431	0.0180281073	0.0464615945	0.0005016415	0.0389536401	0.0089522573	0.0541385461	-0.0116778779	0.0020511686	-0.0043139886	0.0177471948	-0.0324806924	0.0164884893	0.0626548385	0.0067425342	-0.0696457662	0.0316442525	0.1104161918	-0.1236285626	-0.019555465	0.0151006147	0.0248256847	-0.0304323674	0.0144329923	-0.0129920689	0.0199486456	-0.036289195	-0.0174146285	-0.0108075752	-0.1320525457	-0.0240576179	-0.0553117459	-0.0537160039	-0.0894653601	0.0058915396	0.0242590725	0.0100638102	0.0367520481	-0.0643108578	0.0376775209	-0.0507185253	-0.0417280058	0.0950111383	-0.0591225262	-0.0322549359	-0.1672487083594234	-0.0384128004941005	0.0279721304478954	0.0014755432417995	0.5675123697561588	-0.0087125476486988	7.59084865308485e-05	0.3220702898262511	1.468618193303584	0.0338378946621844	0.001145003115169	2.1568393977022837	0.0383997732181075	-0.0079643366070549	6.343065759047633e-05	0.001474542583202	-0.0053192634333023	0.0018449850416558	2.829456347286697e-05	3.4039698039336567e-06	-0.0012908790612227	0.0004280421515289	1.832200834855753e-07	1.6663687507031995e-06	0.0	0.0	0.0	0.0	0.0	0.0	0.0	0.0	0.0	0.0	0.0	0.0	0.0	0.0	0.0	0.0	0.0	0.0	0.0	0.0	0.0	0.0	0.0	0.0	0.0	0.0	0.0	0.0	0.0	0.0	0.0	0.0	0.0	0.0	0.0	0.0	0.0	0.0	0.0	0.0	0.0	0.0	0.0	0.0	0.0	0.0	0.0	0.0	0.0	0.0	0.0	0.0	0.0	0.0	0.0	0.0	0.0	0.0	0.0	0.0	0.0	0.0	0.0	0.0	0.0	0.0	0.0	0.0	0.0	0.0	0.0	0.0	0.0	0.0	0.0	0.0	0.0	0.0	0.0	0.0	0.0	0.0	0.0	0.0	0.0	0.0	0.0	0.0	0.0	0.0	1.0	0.0	0.0	0.0	0.0	0.0	0.0	0.0	0.0	0.0	0.0	0.0	0.0	0.0	0.0	0.0	0.0	0.0	0.0	0.0
5320.7692469551785	-13.982474405564972	195.5095905022795	28310585.37934397	4245.49821893998	10.897258563253672	118.75024419440548	18024255.127022546	3528.6691032512567	-8.370487161684196	70.06505532391994	12451505.640240029	3618.2226864452095	6890.594736390137	0.699709	43.442707	0.4009124296090236	0.2486591954628963	-0.0163097716	-0.0752952252	0.1068403546	-0.0169989025	-0.0486126056	0.0019065439	0.0483184745	0.014799991	0.0066038866	0.0034205787	0.0068289971	-0.0045547168	-0.0030516693	-0.0051584021	0.0410656807	-0.007268482	0.0318615133	0.0082876533	0.051398128	0.0033023103	-0.0033951537	-0.0065740044	0.0032610349	-0.032839259	0.0206643354	0.0362354764	-0.0233494999	-0.043065864	0.0259908469	0.1140890207	-0.1166986042	-0.022117006	0.0069283344	0.0449598669	-0.0178020024	-0.0124648175	-0.0087273978	0.0203838555	-0.0468951496	-0.0097556123	-0.0450214718	-0.1552086143	-0.0283494778	-0.0675401097	-0.0546603313	-0.1132754065	0.0083862216	0.1017047981	-0.0210702627	-0.0035265612	-0.0620772867	0.0290086994	-0.0518751419	-0.0392446037	0.0944816852	-0.0633309768	-0.0257253786	-0.1991739870424425	-0.031925278683019	0.039670277114383	0.0010192234189884	0.5945168916308603	0.0270045218747014	0.0007292442016812	0.3534503344344201	1.646149067786837	0.1775308744832529	0.0315172113947884	2.709806753375472	0.0360589190649332	-0.0023408541531743	5.479598166433383e-06	0.0013002456441314	-0.0047839033738219	0.0005353600594804	2.2885731490064557e-05	2.866103932868576e-07	-0.0008780581825164	0.0004128208787063	1.704210778958417e-07	7.709861718840036e-07	0.0	0.0	0.0	0.0	0.0	0.0	0.0	0.0	0.0	0.0	0.0	0.0	0.0	0.0	0.0	0.0	0.0	0.0	0.0	0.0	0.0	0.0	0.0	0.0	0.0	0.0	0.0	0.0	0.0	0.0	0.0	0.0	0.0	0.0	0.0	0.0	0.0	0.0	0.0	0.0	0.0	0.0	0.0	0.0	0.0	0.0	0.0	0.0	0.0	0.0	0.0	0.0	0.0	0.0	0.0	0.0	0.0	0.0	0.0	0.0	0.0	0.0	0.0	0.0	0.0	0.0	0.0	0.0	0.0	0.0	0.0	0.0	0.0	0.0	0.0	0.0	0.0	0.0	0.0	0.0	0.0	0.0	0.0	0.0	0.0	0.0	0.0	0.0	0.0	0.0	0.0	0.0	0.0	0.0	0.0	0.0	0.0	0.0	0.0	0.0	0.0	0.0	0.0	0.0	0.0	0.0	0.0	0.0	0.0	0.0
5308.223191985081	-12.54605497009743	157.4034953127064	28177233.45592828	4222.611422698245	-22.886796241734373	523.8054422106667	17830447.2271017	3530.6600873747466	1.990984123489852	3.964017779988655	12465560.652581053	3617.671944712249	6794.721119887885	0.63443	39.389774	0.3645013167779151	0.1719450683250845	0.0052834843	-0.0908658459	0.0861047454	-0.0271887943	-0.0404988609	-0.0485458491	0.0426153174	0.0076648501	-0.0052784954	-0.0271954254	0.0046617539	0.0008678527	0.0015220373	0.0070809604	0.0230282566	-0.0008390862	0.0079952502	-0.0066362501	0.0576167665	-0.0017191036	0.0016356524	0.0004610712	0.0129373892	-0.019966567	0.0220188256	0.0247772549	-0.0093279369	-0.0399168564	0.0361084889	0.1085396942	-0.1026864176	-0.0154618312	0.0127940466	0.0685515241	0.014234722	-0.0591850379	-0.0143998017	0.0255538329	-0.0529936261	-0.0384577573	-0.0600858095	-0.1682342859	-0.0090682841	-0.0897763064	-0.0166218325	-0.107634401	0.023490251	0.0742351999	-0.0169985194	0.0047796313	-0.0517629241	0.009250047	-0.0530210836	-0.0367289002	0.0937772737	-0.0673309646	-0.0190635313	-0.2629445902489493	-0.0637706032065067	0.0691398575411878	0.0040666898333217	0.5199304272167922	-0.0745864644140681	0.005563140673791	0.270327649145836	1.665716091954792	0.019567024167955	0.0003828684347893	2.774610098997145	0.0341328870951914	-0.0019260319697418	3.709599148467487e-06	0.001165053981453	-0.0026621883820736	0.0021217149917482	7.087246981647652e-06	4.501674506209488e-06	-0.000961855720814	-8.37975382976e-05	7.022027424737739e-09	9.251664276626196e-07	0.0	0.0	0.0	0.0	0.0	0.0	0.0	0.0	0.0	0.0	0.0	0.0	0.0	0.0	0.0	0.0	0.0	0.0	0.0	0.0	0.0	0.0	0.0	0.0	0.0	0.0	0.0	0.0	0.0	0.0	0.0	0.0	0.0	0.0	0.0	0.0	0.0	0.0	0.0	0.0	0.0	0.0	0.0	0.0	0.0	0.0	0.0	0.0	0.0	0.0	0.0	0.0	0.0	0.0	0.0	0.0	0.0	0.0	0.0	0.0	0.0	0.0	0.0	0.0	0.0	0.0	0.0	0.0	0.0	0.0	0.0	0.0	0.0	0.0	0.0	0.0	0.0	0.0	0.0	0.0	0.0	0.0	0.0	0.0	0.0	0.0	0.0	0.0	0.0	0.0	0.0	0.0	0.0	0.0	0.0	0.0	0.0	0.0	0.0	0.0	0.0	0.0	0.0	0.0	0.0	0.0	0.0	0.0	0.0	0.0
5325.921540248104	17.698348263023036	313.2315312392505	28365440.252878737	4247.438382822499	24.826960124253677	616.377949011282	18040732.815873805	3526.16652973937	-4.493557635376419	20.192060222449715	12433850.395454193	3621.5105633668495	6897.8992693821765	0.838296	52.047146	0.6452800425550355	0.3555896012993065	-0.0129160776	-0.0864595219	0.0808694719	-0.0122394492	-0.0515504549	-0.1186144126	-0.0712120929	0.0012587818	0.030391363	-0.0140508763	0.0145294696	-0.0077721964	0.003275124	0.0003750296	0.0167747671	-0.0048667144	-0.0056336756	-0.0269886737	0.0217268601	0.0048270111	0.0088498193	-0.0121775473	0.0185931929	-0.0122239523	0.0017368886	0.0073367699	0.0184190316	-0.0295650472	0.0258566371	0.0981932996	-0.0840089611	-0.0123128039	0.0119484924	0.1153825511	0.0796300664	-0.1275559955	-0.0437220297	0.0705850577	-0.0821692108	-0.0810952385	0.0038760489	-0.120964646	-0.006136504	-0.1107475361	-0.0110029337	-0.1069035772	0.0015581182	0.0674912945	-0.0462845815	-0.0340656536	-0.0535406955	-0.0227741885	-0.0541561147	-0.0341829659	0.0928992083	-0.0711093231	-0.0123036518	-0.3902615687094481	-0.1273169784604988	0.1523040920115592	0.0162096130043111	0.5789715811647369	0.0590411539479447	0.0034858578595049	0.3352080917963955	1.7612546843072892	0.0955385923524971	0.0091276226286966	3.102018062994369	0.0333742247094392	-0.0007586623857521	5.755686155552113e-07	0.0011138388749561	0.0034308552212245	0.0060930436032981	1.1770767549003414e-05	3.7125180351691895e-05	-0.0005458953539824	0.0004159603668316	1.7302302677467922e-07	2.9800173749956986e-07	0.0	0.0	0.0	0.0	0.0	0.0	0.0	0.0	0.0	0.0	0.0	0.0	0.0	0.0	0.0	0.0	0.0	0.0	0.0	0.0	0.0	0.0	0.0	0.0	0.0	0.0	0.0	0.0	0.0	0.0	0.0	0.0	0.0	0.0	0.0	0.0	0.0	0.0	0.0	0.0	0.0	0.0	0.0	0.0	0.0	0.0	0.0	0.0	0.0	0.0	0.0	0.0	0.0	0.0	0.0	0.0	0.0	0.0	0.0	0.0	0.0	0.0	0.0	0.0	0.0	0.0	0.0	0.0	0.0	0.0	0.0	0.0	0.0	0.0	0.0	0.0	0.0	0.0	0.0	0.0	0.0	0.0	0.0	0.0	0.0	0.0	0.0	0.0	0.0	0.0	0.0	1.0	0.0	0.0	0.0	0.0	0.0	0.0	0.0	0.0	0.0	0.0	0.0	0.0	0.0	0.0	0.0	0.0	0.0	0.0
5297.1127599706215	-28.808780277482583	829.9458210762695	28059403.59184357	4256.622661603596	9.18427878109651	84.35097672889958	18118836.48327728	3526.088642725518	-0.0778870138519778	0.0060663869267781	12433301.116357887	3618.501803760797	6748.619045654474	0.8106879999999999	50.333061	0.4121284845456041	0.2335915663267883	0.0057074915	-0.1059719816	0.0464457216	-0.0095822244	-0.0106057063	-0.1289347113	0.0108722285	0.0138346558	0.0037599699	-0.0251711617	0.0004933122	-0.005729463	0.0067308292	-0.000562061	0.0089328041	0.0310563063	0.0234277987	-0.0128194994	0.0060940113	0.0022125586	0.0061503837	-0.0039945785	0.0131853715	-0.0090386959	0.0135272415	0.0237892834	-0.0188255565	0.018286105	0.0366944188	0.0883051491	-0.0654209378	-0.0098822926	0.0061818795	0.1067022593	0.0777525429	-0.1297537119	-0.0240049257	0.0445555568	-0.0706073105	-0.0728304249	-0.044526449	-0.0635181964	0.0211979298	-0.0984031088	-0.0255447152	-0.0050378483	0.0055382144	0.1086896433	-0.0124937634	-0.0090580352	0.0459711291	-0.0370927319	-0.0552800014	-0.0316088963	0.091849115	-0.0746536153	-0.005480502	-0.4093340010262807	-0.0190724323168325	0.1675543243961831	0.0003637576744801	0.4635143414954257	-0.1154572396693112	0.0133303741920567	0.2148455447719381	1.9012632270175944	0.1400085427103052	0.0196023920318633	3.614801858409357	0.0311222537359714	-0.0022519709734678	5.071373265341519e-06	0.0009685946776061	0.0030419768619662	-0.0003888783592583	9.253623228737727e-06	1.5122637829942766e-07	-0.0004349392897254	0.000110956064257	1.2311248195403526e-08	1.8917218574683547e-07	0.0	0.0	0.0	0.0	0.0	0.0	0.0	0.0	0.0	0.0	0.0	0.0	0.0	0.0	0.0	0.0	0.0	0.0	0.0	0.0	0.0	0.0	0.0	0.0	0.0	0.0	0.0	0.0	0.0	0.0	0.0	0.0	0.0	0.0	0.0	0.0	0.0	0.0	0.0	0.0	0.0	0.0	0.0	0.0	0.0	0.0	0.0	0.0	0.0	0.0	0.0	0.0	0.0	0.0	0.0	0.0	0.0	0.0	0.0	0.0	0.0	0.0	0.0	0.0	0.0	0.0	0.0	0.0	0.0	0.0	0.0	0.0	0.0	0.0	0.0	0.0	0.0	0.0	0.0	0.0	0.0	0.0	0.0	0.0	0.0	0.0	0.0	0.0	0.0	0.0	0.0	0.0	0.0	0.0	0.0	0.0	0.0	0.0	0.0	0.0	0.0	0.0	0.0	0.0	0.0	0.0	0.0	0.0	0.0	0.0
5295.128514710662	-1.9842452599596072	3.937229251672169	28038385.987301946	4253.849617394978	-2.773044208617648	7.689774182947878	18095236.5674114	3519.4784671339994	-6.610175591518782	43.69442135071069	12386728.680619886	3613.799029296553	6688.392924555146	0.725561	45.047764	0.2453761528229073	0.1614348860049092	0.0157482558	-0.1371813956	0.0469541137	-0.0520524627	0.0262354122	-0.1466435517	-0.0621703219	0.0173694494	0.0049606962	-0.0356175655	-0.0004170341	-0.0153452641	0.0009035874	0.0055292747	0.0221013757	0.0182231104	-0.0094446988	-0.0260091883	0.0167758574	0.0120714502	-0.0003932177	-0.0099556354	0.0280210323	-0.0208407399	0.0043948654	-0.0054590204	-0.0159432946	0.0189108581	0.0258772703	0.085084779	-0.0577958935	-0.0129593056	0.0120952882	0.1118935851	0.0791455894	-0.1461312805	-0.0304036932	0.0625715335	-0.0933983356	-0.104678149	-0.0658624451	-0.0229489272	0.0458866347	-0.085048072	0.0639430585	-0.0054498231	0.0166074639	0.0823862223	0.0141278109	-0.032289413	0.0396341517	-0.069469104	-0.0563925126	-0.0290088101	0.0906289382	-0.0779521747	0.0013708306	-0.4204867039891411	-0.0111527029628604	0.1768090682316515	0.0001243827833777	0.4133802608759538	-0.0501340806194718	0.0025134260395597	0.1708832400818716	1.9394285723349045	0.03816534531731	0.0014565935831895	3.761383187189006	0.0284096958735415	-0.0027125578624298	7.357970157030264e-06	0.0008071108196271	0.0029389610442605	-0.0001030158177056	8.63749201968077e-06	1.0612258697573958e-08	-0.0005378460880551	-0.0001029067983297	1.0589809142469552e-08	2.892784144361744e-07	0.0	0.0	0.0	0.0	0.0	0.0	0.0	0.0	0.0	0.0	0.0	0.0	0.0	0.0	0.0	0.0	0.0	0.0	0.0	0.0	0.0	0.0	0.0	0.0	0.0	0.0	0.0	0.0	0.0	0.0	0.0	0.0	0.0	0.0	0.0	0.0	0.0	0.0	0.0	0.0	0.0	0.0	0.0	0.0	0.0	0.0	0.0	0.0	0.0	0.0	0.0	0.0	0.0	0.0	0.0	0.0	0.0	0.0	0.0	0.0	0.0	0.0	0.0	0.0	0.0	0.0	0.0	0.0	0.0	0.0	0.0	0.0	0.0	0.0	0.0	0.0	0.0	0.0	0.0	0.0	0.0	0.0	0.0	0.0	0.0	0.0	0.0	0.0	0.0	0.0	0.0	0.0	0.0	0.0	0.0	0.0	0.0	0.0	0.0	0.0	0.0	0.0	0.0	0.0	0.0	0.0	0.0	0.0	0.0	0.0
5292.405059860311	-2.723454850351118	7.41720632190103	28009551.31763502	4206.766644057967	-47.08297333701103	2216.806378253691	17696885.59755873	3528.5429286871035	9.064461553104138	82.16446324770308	12450615.199587762	3620.836360018018	6657.319182985886	0.660549	41.011383	0.3724373841845526	0.2231669388890773	-0.0099583809	-0.0752897342	0.0426195521	-0.0703139174	0.0447461488	-0.1305792169	-0.0907424163	-0.0108676564	0.0183793215	-0.0204701235	0.0150381688	-0.0026788171	0.0015358883	-0.0072098496	0.0003892411	0.0173027546	-0.0183777804	-0.0372003705	0.0128156458	-0.000407147	0.0056689714	-0.0159612879	0.0288838089	0.0161101774	-0.0017658556	-0.0105679693	0.0099036928	0.0012523797	0.0176834941	0.0500903497	-0.0309457777	-0.011806328	0.0141882629	0.1088201201	0.0682455517	-0.1566433889	-0.0634187093	0.0763917854	-0.1098999682	-0.0919680153	-0.0485838353	0.0210062994	0.0324257089	-0.0810282341	0.0417580551	0.0336750038	-0.0099872986	0.074101446	0.0021303592	0.0083814127	0.0613211308	-0.0688258336	-0.0574934194	-0.0263848473	0.0892409375	-0.0809941435	0.0082151139	-0.4426505093247641	-0.0221638053356229	0.195939473405473	0.0004912342669553	0.3038431704026294	-0.1095370904733243	0.0119983741893612	0.0923206722003213	1.9380024117919843	-0.0014261605429202	2.033933894182492e-06	3.755853348111548	0.0246535301289524	-0.0037561657445891	1.4108781100824596e-05	0.0006077965478191	0.003719876803953	0.0007809157596925	1.3837483436587587e-05	6.098294237361144e-07	-0.0007869711404272	-0.000249125052372	6.206329171940153e-08	6.193235758652877e-07	0.0	0.0	0.0	0.0	0.0	0.0	0.0	0.0	0.0	0.0	0.0	0.0	0.0	0.0	0.0	0.0	0.0	0.0	0.0	0.0	0.0	0.0	0.0	0.0	0.0	0.0	0.0	0.0	0.0	0.0	0.0	0.0	0.0	0.0	0.0	0.0	0.0	0.0	0.0	0.0	0.0	0.0	0.0	0.0	0.0	0.0	0.0	0.0	0.0	0.0	0.0	0.0	0.0	0.0	0.0	0.0	0.0	0.0	0.0	0.0	0.0	0.0	0.0	0.0	0.0	0.0	0.0	0.0	0.0	0.0	0.0	0.0	0.0	0.0	0.0	0.0	0.0	0.0	0.0	0.0	0.0	0.0	0.0	0.0	0.0	0.0	0.0	0.0	0.0	0.0	0.0	0.0	0.0	0.0	0.0	0.0	0.0	0.0	0.0	0.0	0.0	0.0	0.0	0.0	0.0	0.0	0.0	0.0	0.0	0.0
5303.813031920521	11.40797206021034	130.14182652653977	28130432.67756995	4257.370075212811	50.60343115484375	2560.7072446430107	18125199.95731753	3534.0109108279894	5.467982140885852	29.89882869304662	12489233.117851276	3628.079562831933	6625.201077387035	0.594097	36.885612	0.3584175646160827	0.1735395970099233	-0.0263233492	-0.0729490713	0.0068278855	-0.0783215745	0.0410067614	-0.1501353664	-0.0270052715	0.0112499633	0.017445913	-0.0067115008	-0.0006488603	0.0062559158	0.0114365048	-0.0174096628	-0.0172669613	0.0192310403	-0.0042511057	-0.0168399848	0.0006376909	-0.0081007401	0.0163954369	-0.0078164931	0.0067092186	0.0278801263	0.0030404133	-0.0059506332	0.0041220038	0.0061853639	0.0073193872	0.0267616889	-0.0168030932	-0.0055314261	0.0223985813	0.0991060772	0.0722009943	-0.1572197232	-0.0470272169	0.0603055891	-0.106249094	-0.083193026	-0.0496787208	0.0605724891	0.0229781808	-0.070274586	-0.0065383648	0.1105030221	-0.0035406159	0.08383847	-0.014958445	0.0384045905	0.091656479	-0.0373458506	-0.0585824951	-0.0237391677	0.0876876832	-0.0837695089	0.0150171519	-0.4355752301812003	0.0070752791435637	0.1897257811474056	5.005957495934836e-05	0.2089546507035748	-0.0948885196990546	0.0090038311706778	0.0436620460506529	1.8552713569768	-0.0827310548151842	0.006844427430833	3.442031808018537	0.0219779640201659	-0.0026755661087865	7.158654002486941e-06	0.0004830309024717	0.0031482383886956	-0.0005716384152574	9.911404952056666e-06	3.26770477797992e-07	-0.0010142208355489	-0.0002272496951217	5.1642423932905603e-08	1.0286439032615088e-06	0.0	0.0	0.0	0.0	0.0	0.0	0.0	0.0	0.0	0.0	0.0	0.0	0.0	0.0	0.0	0.0	0.0	0.0	0.0	0.0	0.0	0.0	0.0	0.0	0.0	0.0	0.0	0.0	0.0	0.0	0.0	0.0	0.0	0.0	0.0	0.0	0.0	0.0	0.0	0.0	0.0	0.0	0.0	0.0	0.0	0.0	0.0	0.0	0.0	0.0	0.0	0.0	0.0	0.0	0.0	0.0	0.0	0.0	0.0	0.0	0.0	0.0	0.0	0.0	0.0	0.0	0.0	0.0	0.0	0.0	0.0	0.0	0.0	0.0	0.0	0.0	0.0	0.0	0.0	0.0	0.0	0.0	0.0	0.0	0.0	0.0	0.0	0.0	0.0	0.0	0.0	0.0	0.0	0.0	0.0	0.0	0.0	0.0	0.0	0.0	0.0	0.0	0.0	0.0	0.0	0.0	0.0	0.0	0.0	0.0
5293.080170075329	-10.73286184519202	115.19432338797864	28016697.686844677	4260.098858621747	2.728783408936579	7.446258892887536	18148442.285230312	3530.3891962598973	-3.621714568092102	13.116816412730564	12463647.877068603	3627.835897015854	6618.698176263968	0.7483539999999999	46.462959	0.5994980995133743	0.3802191150714699	-0.0239678679	-0.0209502581	-0.0127509387	-0.070548346	-0.0157982234	-0.1397245082	-0.0718127877	0.0052746263	0.0114782663	-0.0126919097	0.0157455435	0.0013971534	0.0043902603	0.0009726285	-0.038013398	0.010210453	-0.0382644608	-0.0378719744	-0.0096108134	-0.0033045947	0.0111003	0.009069129	0.0160699962	0.0413821207	-0.0177246514	-0.0275752497	0.0229670154	0.0309613914	-0.0059524665	-0.0353417695	0.0192439927	-0.0052263753	-0.0064350276	0.0729782812	0.0798516194	-0.0963306639	-0.0245743161	0.0751257077	-0.1189067656	-0.0775723629	0.0043482651	0.1119345512	0.0548417701	-0.0015515963	0.0260072608	0.0399436682	-0.027611273	-0.01127499	0.0107171756	-0.0069265306	0.0254788954	0.0192707856	-0.0596595157	-0.0210739489	0.0859720514	-0.0862691351	0.0217419657	-0.4768196527657977	-0.0412444225845973	0.2273569812636958	0.0017011023943368	0.1304703208148367	-0.0784843298887381	0.0061597900380842	0.0170225046135264	1.885604778872434	0.0303334218956339	0.0009201164838985	3.5555053821065603	0.015146477886353	-0.0068314861338128	4.666920279647792e-05	0.0002294157923617	0.0046980101990539	0.0015497718103583	2.2071299830414463e-05	2.401792664181243e-06	-0.0016216813942658	-0.0006074605587169	3.690083303966483e-07	2.629850544507869e-06	0.0	0.0	0.0	0.0	0.0	0.0	0.0	0.0	0.0	0.0	0.0	0.0	0.0	0.0	0.0	0.0	0.0	0.0	0.0	0.0	0.0	0.0	0.0	0.0	0.0	0.0	0.0	0.0	0.0	0.0	0.0	0.0	0.0	0.0	0.0	0.0	0.0	0.0	0.0	0.0	0.0	0.0	0.0	0.0	0.0	0.0	0.0	0.0	0.0	0.0	0.0	0.0	0.0	0.0	0.0	0.0	0.0	0.0	0.0	0.0	0.0	0.0	0.0	0.0	0.0	0.0	0.0	0.0	0.0	0.0	0.0	0.0	0.0	0.0	0.0	0.0	0.0	0.0	0.0	0.0	0.0	0.0	0.0	0.0	0.0	0.0	0.0	0.0	0.0	0.0	0.0	0.0	1.0	0.0	0.0	0.0	0.0	0.0	0.0	0.0	0.0	0.0	0.0	0.0	0.0	0.0	0.0	0.0	0.0	0.0
5288.354966085578	-4.725203989751208	22.32755274476073	27966698.247321997	4248.506908325612	-11.59195029613511	134.37331166806686	18049810.950090453	3530.235243721964	-0.1539525379334918	0.0237013839361632	12462560.876016673	3623.1027158549136	6507.959330341242	0.669512	41.56789	0.2903323214614247	0.253780466904882	-0.0176308212	0.0496203583	-0.042461483	-0.0179728699	-0.0104813301	-0.1097691424	-0.0626904939	0.0087822164	0.005389759	-0.0244522169	0.0070577599	0.0007609574	0.0155716645	-0.0141458996	-0.045110612	0.0100406948	-0.054428682	-0.0465783175	-0.0216190895	-0.0011934253	0.0094608221	-0.0115225059	0.0151884866	0.0407735173	0.0094228236	-0.0789083135	0.005003921	0.0358355552	-0.0123880079	-0.0633583045	0.0463818338	0.000374284	-0.0085685418	0.0535714992	0.099979046	-0.0741809701	-0.0039838079	0.0708864625	-0.0674312952	-0.0227102747	0.0780374612	0.1111821194	0.020061802	0.0287898751	-0.0020936426	-0.0021302327	-0.009757629	-0.0301190622	-0.0055580542	-0.0302246372	-0.0264891594	0.0483677663	-0.0607242596	-0.0183913846	0.0840972192	-0.0884847944	0.0283549738	-0.4927776690420842	-0.0159580162762865	0.2428298311065498	0.0002546582834742	0.1272120813338659	-0.0032582394809707	1.0616124515356784e-05	0.0161829136372941	1.8933119899066213	0.0077072110341873	5.94011019254995e-05	3.5846302911241703	0.0102942995239863	-0.0048521783623666	2.3543634860219586e-05	0.0001059726026895	0.004871556480781	0.0001735462817271	2.3732062545439364e-05	3.0118311901302e-08	-0.0018641338435716	-0.0002424524493058	5.878319017438154e-08	3.474994986749026e-06	0.0	0.0	0.0	0.0	0.0	0.0	0.0	0.0	0.0	0.0	0.0	0.0	0.0	0.0	0.0	0.0	0.0	0.0	0.0	0.0	0.0	0.0	0.0	0.0	0.0	0.0	0.0	0.0	0.0	0.0	0.0	0.0	0.0	0.0	0.0	0.0	0.0	0.0	0.0	0.0	0.0	0.0	0.0	0.0	0.0	0.0	0.0	0.0	0.0	0.0	0.0	0.0	0.0	0.0	0.0	0.0	0.0	0.0	0.0	0.0	0.0	0.0	0.0	0.0	0.0	0.0	0.0	0.0	0.0	0.0	0.0	0.0	0.0	0.0	0.0	0.0	0.0	0.0	0.0	0.0	0.0	0.0	0.0	0.0	0.0	0.0	0.0	0.0	0.0	0.0	0.0	0.0	0.0	0.0	0.0	0.0	0.0	0.0	0.0	0.0	0.0	0.0	0.0	0.0	0.0	0.0	0.0	0.0	0.0	0.0
5292.370231057455	4.015264971877514	16.122352794386533	28009182.662583143	4242.468938625713	-6.037969699898895	36.45707809689715	17998542.695203986	3532.689063040966	2.4538193190023776	6.021229250309292	12479892.01612926	3627.481554098532	6442.12966415351	0.54568	33.879555	0.2243270189843066	0.104085354465433	-0.0108662144	0.0619742734	-0.053979446	0.0101798149	-0.0079883854	-0.0551794145	-0.045149811	-0.0034888362	0.0205609328	-0.0155517704	0.008741487	0.0053805911	0.0030465112	-0.0257381844	-0.0444469392	0.031765415	-0.0269390767	-0.0359630282	-0.0297496574	-0.0076223184	0.0061505095	-0.0171629836	0.0067361048	0.0545372953	-0.0005141894	-0.0424829325	0.020011023	0.0369447234	-0.0105241791	-0.0715831398	0.054141745	0.0145352413	-0.004350633	0.0378645208	0.0860788336	-0.0534486446	-0.0004598519	0.0385670908	-0.0521442924	-0.0082967891	0.1064488178	0.0855063798	0.0029397213	-0.0026909609	-0.0476134699	0.0105891768	0.0373692998	-0.0281558583	0.0126008785	0.0302714971	-0.0343538561	0.0347199561	-0.0617765075	-0.0156936827	0.0820666583	-0.0904091936	0.0348221695	-0.4737985278168253	0.0189791412252589	0.224485044961391	0.0003602078016483	0.0758623227913801	-0.0513497585424858	0.0026367977023715	0.0057550920193035	1.8448233097008144	-0.0484886802058068	0.002351152108101	3.403373044015467	0.0087257841304231	-0.0015685153935632	2.460240539844722e-06	7.61393086907436e-05	0.0046292798548532	-0.0002422766259277	2.143023197454967e-05	5.8697963470958966e-08	-0.0015647370828475	0.0002993967607241	8.963842033208399e-08	2.448402138438104e-06	0.0	0.0	0.0	0.0	0.0	0.0	0.0	0.0	0.0	0.0	0.0	0.0	0.0	0.0	0.0	0.0	0.0	0.0	0.0	0.0	0.0	0.0	0.0	0.0	0.0	0.0	0.0	0.0	0.0	0.0	0.0	0.0	0.0	0.0	0.0	0.0	0.0	0.0	0.0	0.0	0.0	0.0	0.0	0.0	0.0	0.0	0.0	0.0	0.0	0.0	0.0	0.0	0.0	0.0	0.0	0.0	0.0	0.0	0.0	0.0	0.0	0.0	0.0	0.0	0.0	0.0	0.0	0.0	0.0	0.0	0.0	0.0	0.0	0.0	0.0	0.0	0.0	0.0	0.0	0.0	0.0	0.0	0.0	0.0	0.0	0.0	0.0	0.0	0.0	0.0	0.0	0.0	0.0	0.0	0.0	0.0	0.0	0.0	0.0	0.0	0.0	0.0	0.0	0.0	0.0	0.0	0.0	0.0	0.0	0.0
5296.731925835335	4.3616947778791655	19.024381335378383	28055369.09416329	4260.195727559893	17.72678893418015	314.2390459169718	18149267.63711957	3531.857748924652	-0.8313141163143882	0.6910831599835722	12474019.158639109	3623.101410556847	6483.904293206174	0.471219	29.256502	0.0715179913145218	0.0401195180155158	-0.0116919383	0.0510674464	-0.0558204399	0.0003093376	-0.0319647359	-0.0798091878	-0.0327056197	0.0097891967	0.0018594707	-0.0090896793	0.0062391432	0.0040805763	0.0095758099	-0.0152972909	-0.0473929059	0.0111809889	-0.0429563891	-0.045106795	-0.0191920048	-0.0044951222	0.0103810507	0.0022760834	-0.0015775094	0.046417419	-0.0121869078	-0.0441092014	0.0271679602	0.0521229537	-0.0145641378	-0.0696851429	0.0517994916	0.0124537196	-0.0081904569	0.0377023434	0.0852908961	-0.0464501007	0.0084930467	0.0445308195	-0.0360092147	-0.0037348933	0.0888358709	0.0778325205	-0.0029970635	0.0214084691	-0.0290992072	-0.00166054	0.0223583244	-0.0339723961	-0.0209802714	-0.0336632872	-0.0301564509	0.0386359523	-0.0628160431	-0.0129830636	0.0798841288	-0.0920359983	0.0411102958	-0.463003900390845	0.0107946274259803	0.2143726117771355	0.0001165239812657	0.0930849316947899	0.0172226089034098	0.0002966182574398	0.0086648045086237	1.8440967959285928	-0.0007265137722216	5.278222612277456e-07	3.400692992754102	0.0087829907226165	5.720659219340084e-05	3.2725941903820694e-09	7.714092603356752e-05	0.0039541715154765	-0.0006751083393767	1.5635472373805722e-05	4.5577126989596573e-07	-0.0016879069755356	-0.0001231698926881	1.5170822464798094e-08	2.849029958061737e-06	0.0	0.0	0.0	0.0	0.0	0.0	0.0	0.0	0.0	0.0	0.0	0.0	0.0	0.0	0.0	0.0	0.0	0.0	0.0	0.0	0.0	0.0	0.0	0.0	0.0	0.0	0.0	0.0	0.0	0.0	0.0	0.0	0.0	0.0	0.0	0.0	0.0	0.0	0.0	0.0	0.0	0.0	0.0	0.0	0.0	0.0	0.0	0.0	0.0	0.0	0.0	0.0	0.0	0.0	0.0	0.0	0.0	0.0	0.0	0.0	0.0	0.0	0.0	0.0	0.0	0.0	0.0	0.0	0.0	0.0	0.0	0.0	0.0	0.0	0.0	0.0	0.0	0.0	0.0	0.0	0.0	0.0	0.0	0.0	0.0	0.0	0.0	0.0	0.0	0.0	0.0	0.0	0.0	0.0	0.0	0.0	0.0	0.0	0.0	0.0	0.0	0.0	0.0	0.0	0.0	0.0	0.0	0.0	0.0	0.0
5295.1479058252135	-1.584020010121094	2.5091193924640307	28038591.344565146	4229.515026418016	-30.68070114187776	941.3054225572196	17888797.358695786	3534.6469113858907	2.7891624612389023	7.779427235184252	12493728.788169816	3619.825253822434	6487.987866719705	0.437256	27.147867	0.2394478193917728	0.1412152528237657	-0.0078331495	0.058387786	-0.0454806088	0.01540818	-0.0351555877	-0.0559183006	-0.0443812771	0.0049258337	-0.0093607818	-0.0273259916	0.0042668123	0.0083135364	0.0026967563	-0.0247324804	-0.0578560869	0.0119346965	-0.0346732822	-0.0393202698	-0.0131517012	-0.0072455465	0.0019091083	-0.0044140815	-0.0103586487	0.0533145955	0.011657948	-0.0494810829	0.0224297764	0.0322248979	-0.0164611603	-0.0676795639	0.0521019153	-0.0082416745	0.000293056	0.0317321016	0.0715409218	-0.0370875075	-0.0073186636	0.0308204855	-0.0333701408	0.004508425	0.0633308568	0.0637318923	-0.0054166418	0.0450879678	0.0054121882	-0.0466225217	0.0037545653	-0.0499739192	0.0303319293	-0.0295077658	-0.0269441032	0.0433916283	-0.0638426524	-0.0102617584	0.0775536723	-0.0933598536	0.0471870168	-0.4585060699378971	0.0044978304529478	0.2102278161698958	2.023047878346535e-05	0.1910527374058119	0.097967805711022	0.0095976909558325	0.0365011484702541	1.74492889184134	-0.0991679040872528	0.0098342732010585	3.0447768375826465	0.0087243383302376	-5.8652392378901255e-05	3.440103131768594e-09	7.611407930045299e-05	0.0033129541446417	-0.0006412173708348	1.0975665164498618e-05	4.111597166602938e-07	-0.0016314911559383	5.6415819597300165e-05	3.182744700835117e-09	2.66176339190489e-06	0.0	0.0	0.0	0.0	0.0	0.0	0.0	0.0	0.0	0.0	0.0	0.0	0.0	0.0	0.0	0.0	0.0	0.0	0.0	0.0	0.0	0.0	0.0	0.0	0.0	0.0	0.0	0.0	0.0	0.0	0.0	0.0	0.0	0.0	0.0	0.0	0.0	0.0	0.0	0.0	0.0	0.0	0.0	0.0	0.0	0.0	0.0	0.0	0.0	0.0	0.0	0.0	0.0	0.0	0.0	0.0	0.0	0.0	0.0	0.0	0.0	0.0	0.0	0.0	0.0	0.0	0.0	0.0	0.0	0.0	0.0	0.0	0.0	0.0	0.0	0.0	0.0	0.0	0.0	0.0	0.0	0.0	0.0	0.0	0.0	0.0	0.0	0.0	0.0	0.0	0.0	0.0	0.0	0.0	0.0	0.0	0.0	0.0	0.0	0.0	0.0	0.0	0.0	0.0	0.0	0.0	0.0	0.0	0.0	0.0
5312.00853900443	16.860633179216165	284.280951204085	28217434.71845597	4268.334872926054	38.81984650803861	1506.9804829076772	18218682.58743668	3537.3650261028192	2.71811471692854	7.388147614383515	12512951.3278954	3634.750711145535	6572.9512996046	0.475143	29.500156	0.191610385417598	0.0950219152419252	-0.0226491689	0.0650664095	-0.0279294732	0.0346127086	-0.0231812145	-0.0095578244	-0.0672059537	0.0068263806	0.0204787633	-0.0136508835	0.0046832606	0.0144980012	0.0037645419	-0.0115499472	-0.0458944671	0.0143059145	-0.0173135236	-0.0411835025	-0.0045512195	-0.0139553454	0.0042576111	-0.0112744299	0.0046735321	0.0445466054	0.021248275	-0.0280317926	0.0457989109	0.0017978462	-0.0255382097	-0.0651873191	0.0477448827	-0.019827566	0.0256425623	0.0330204402	0.0353954756	-0.0368306213	-0.0284617655	0.0178539042	-0.0376592428	0.0011385882	0.0536311433	0.0774931124	-0.0066212383	0.029428299	-0.0073732865	-0.0322039588	-0.0143294983	-0.0442506155	0.0488060063	0.0096481636	-0.0249699722	0.0240837025	-0.0648561241	-0.007532007	0.0750796043	-0.0943764019	0.0530210836	-0.4206853215576842	0.0378207483802129	0.1769761397740921	0.0014304090080393	0.169475722647391	-0.0215770147584209	0.0004655675658851	0.0287220205668553	1.7196853364984008	-0.025243555342939	0.000637237086352	2.9573176565676182	0.010030138648542	0.0013058003183044	1.7051144712838755e-06	0.0001006036813089	0.0026291421528241	-0.0006838119918176	6.912388459756543e-06	4.6759884015355363e-07	-0.0014817221273398	0.0001497690285985	2.2430761927338312e-08	2.1955004626483823e-06	0.0	0.0	0.0	0.0	0.0	0.0	0.0	0.0	0.0	0.0	0.0	0.0	0.0	0.0	0.0	0.0	0.0	0.0	0.0	0.0	0.0	0.0	0.0	0.0	0.0	0.0	0.0	0.0	0.0	0.0	0.0	0.0	0.0	0.0	0.0	0.0	0.0	0.0	0.0	0.0	0.0	0.0	0.0	0.0	0.0	0.0	0.0	0.0	0.0	0.0	0.0	0.0	0.0	0.0	0.0	0.0	0.0	0.0	0.0	0.0	0.0	0.0	0.0	0.0	0.0	0.0	0.0	0.0	0.0	0.0	0.0	0.0	0.0	0.0	0.0	0.0	0.0	0.0	0.0	0.0	0.0	0.0	0.0	0.0	0.0	0.0	0.0	0.0	0.0	0.0	0.0	0.0	0.0	0.0	0.0	0.0	0.0	0.0	0.0	0.0	0.0	0.0	0.0	0.0	0.0	0.0	0.0	0.0	0.0	0.0
5305.066296595109	-6.942242409320897	48.19472966977362	28143728.41126934	4260.4669001973125	-7.867972728741734	61.90499486022364	18151578.20767689	3538.86488329545	1.4998571926307704	2.249571598286256	12523564.66222172	3632.377166049581	6474.931820322853	0.556522	34.552711	0.178038855494619	0.0902111559457392	-0.0024784671	0.0609182359	-0.0417330496	0.0351758297	-0.0174597552	-0.0059516871	-0.0155027094	0.01284326	0.0015755839	-0.0104670494	0.000717269	0.0175973704	0.0119553069	-0.0185358808	-0.0357849172	0.0155539328	-0.0178453331	-0.0255897928	-0.0132897227	-0.0180059276	0.01099403	-0.0038149131	-0.0071608023	0.0460336459	0.0035210784	-0.0137679058	0.0326775946	0.0176660292	-0.0198222304	-0.0625391229	0.046294114	0.0087799356	0.0285638919	0.0227024035	0.035916135	-0.0200274128	-0.0115673752	-0.0078244696	-0.0117889064	0.0047336709	0.0634609425	0.0593437484	-0.0238303625	0.0024840111	-0.0576949464	0.0021314632	0.0455191983	-0.0441744626	-0.0051583829	0.0042374494	-0.0065872103	0.0566728835	-0.0658562496	-0.0047960562	0.0724665061	-0.0950822971	0.0585824951	-0.388138509279031	0.0325468122786531	0.1506515023853484	0.0010592949895018	0.1603671466038037	-0.0091085760435873	8.296615754181261e-05	0.0257176217098458	1.6980555775460573	-0.0216297589523435	0.0004678464723364	2.883392744435274	0.0084908753627582	-0.0015392632857838	2.369331462961941e-06	7.20949644258942e-05	0.00304819630405	0.0004190541512259	9.29150070802408e-06	1.756063816596596e-07	-0.0011449653999488	0.000336756727391	1.1340509344309628e-07	1.3109457670799154e-06	0.0	0.0	0.0	0.0	0.0	0.0	0.0	0.0	0.0	0.0	0.0	0.0	0.0	0.0	0.0	0.0	0.0	0.0	0.0	0.0	0.0	0.0	0.0	0.0	0.0	0.0	0.0	0.0	0.0	0.0	0.0	0.0	0.0	0.0	0.0	0.0	0.0	0.0	0.0	0.0	0.0	0.0	0.0	0.0	0.0	0.0	0.0	0.0	0.0	0.0	0.0	0.0	0.0	0.0	0.0	0.0	0.0	0.0	0.0	0.0	0.0	0.0	0.0	0.0	0.0	0.0	0.0	0.0	0.0	0.0	0.0	0.0	0.0	0.0	0.0	0.0	0.0	0.0	0.0	0.0	0.0	0.0	0.0	0.0	0.0	0.0	0.0	0.0	0.0	0.0	0.0	0.0	0.0	0.0	0.0	0.0	0.0	0.0	0.0	0.0	0.0	0.0	0.0	0.0	0.0	0.0	0.0	0.0	0.0	0.0
5315.396690396912	10.33039380180344	106.7170361003389	28253441.976282448	4251.033714528784	-9.433185668528496	88.98499185693139	18071287.64206039	3540.9857474090045	2.120864113554489	4.49806458816327	12538580.063353706	3628.3835624641097	6522.836534897875	0.626962	38.926098	0.1495999536634147	0.0816746872862711	-0.0216851412	0.0506035488	-0.0450381485	0.0139890949	-0.0447085111	-0.0401373822	-0.040028018	0.0120206063	0.0032425513	-0.0113126345	0.0137507082	0.0203130139	0.0085793514	-0.0261513385	-0.0498685301	0.0114514022	-0.0249991979	-0.0159407613	-0.0034472547	-0.0192157969	0.0091171372	-0.005045325	-0.0183742212	0.0468661642	0.0074680227	-0.0410968631	0.0171895793	0.0256853027	-0.0281459429	-0.0636483812	0.0407189937	-0.0141246624	0.0012117982	0.0305833137	0.0363940037	-0.0168667871	-0.0128673901	0.0275144022	-0.02853604	-0.0013568436	0.0335995081	0.0334177965	0.0256238086	0.0364233107	0.0064220511	-0.0541123518	-0.0259841051	-0.0612317827	0.0533794898	-0.0113436497	-0.0296319177	0.015139876	-0.0668428233	-0.0020561578	0.0697192167	-0.0954752155	0.0638426524	-0.386638997094451	0.0014995121845799	0.1494897140742029	2.24853679170388e-06	0.1425941946974092	-0.0177729519063944	0.000315877819467	0.0203331043614026	1.7168469743353825	0.0187913967893251	0.0003531165932938	2.9475635332845576	0.009732916671333	0.0012420413085748	1.5426666122062026e-06	9.472966693111188e-05	0.0020977916339648	-0.0009504046700852	4.400729739532705e-06	9.03269036919758e-07	-0.0011832412769511	-3.827587700230015e-05	1.4650427602952092e-09	1.40005991948087e-06	0.0	0.0	0.0	0.0	0.0	0.0	0.0	0.0	0.0	0.0	0.0	0.0	0.0	0.0	0.0	0.0	0.0	0.0	0.0	0.0	0.0	0.0	0.0	0.0	0.0	0.0	0.0	0.0	0.0	0.0	0.0	0.0	0.0	0.0	0.0	0.0	0.0	0.0	0.0	0.0	0.0	0.0	0.0	0.0	0.0	0.0	0.0	0.0	0.0	0.0	0.0	0.0	0.0	0.0	0.0	0.0	0.0	0.0	0.0	0.0	0.0	0.0	0.0	0.0	0.0	0.0	0.0	0.0	0.0	0.0	0.0	0.0	0.0	0.0	0.0	0.0	0.0	0.0	0.0	0.0	0.0	0.0	0.0	0.0	0.0	0.0	0.0	0.0	0.0	0.0	0.0	0.0	0.0	0.0	0.0	0.0	0.0	0.0	0.0	0.0	0.0	0.0	0.0	0.0	0.0	0.0	0.0	0.0	0.0	0.0
5325.138317096292	9.741626699379594	94.89929075006538	28357098.096207127	4266.980236378953	15.94652185016912	254.2915591179212	18207120.337648585	3540.51076884383	-0.4749785651742968	0.2256046373750337	12535216.50429913	3634.806960549153	6637.014733671983	0.52804	32.784351	0.1124736594903669	0.0669048282837324	-0.0395477532	0.0547734428	-0.0126572563	0.0221137465	-0.0434606434	-0.0077505945	-0.0569418617	0.0111255925	0.0128394768	-0.0070988576	0.0024166881	0.0223606182	-0.0014941667	-0.0195049577	-0.0332502812	0.0025320782	-0.0227890356	-0.0252095727	0.0149836202	-0.0226007335	0.0014185317	-0.0085921636	-0.0027523267	0.0379594822	0.0045150906	-0.0313483371	0.0402263483	0.0022138609	-0.0272206611	-0.0577684024	0.0344612744	-0.0152789907	0.0248739242	0.0315191868	0.00825442	-0.026960988	-0.0353593938	0.016855022	-0.043007333	-0.0094486545	0.0155660693	0.056259515	0.0090843712	0.027213377	-0.0257453204	-0.0229056433	-0.0115744984	-0.0518257542	0.0391067122	0.0113386583	0.0037188416	0.0171628379	-0.067815642	0.000685433	0.0668428233	-0.0955538639	0.0687745056	-0.3866873310260104	-4.833393155939669e-05	0.1495270919760193	2.3361689399884435e-09	0.1937669763375851	0.0511727816401759	0.0026186535807931	0.0375456411190102	1.7333752575303691	0.0165282831949866	0.0002731841453736	3.0045897834184734	0.0105600333761659	0.0008271167048328	6.84122043413634e-07	0.0001115143049057	0.0021296277864875	3.183615252270013e-05	4.535314508979649e-06	1.0135406074486255e-09	-0.0012187736340684	-3.5532357117299936e-05	1.2625484023113352e-09	1.4854091711002943e-06	0.0	0.0	0.0	0.0	0.0	0.0	0.0	0.0	0.0	0.0	0.0	0.0	0.0	0.0	0.0	0.0	0.0	0.0	0.0	0.0	0.0	0.0	0.0	0.0	0.0	0.0	0.0	0.0	0.0	0.0	0.0	0.0	0.0	0.0	0.0	0.0	0.0	0.0	0.0	0.0	0.0	0.0	0.0	0.0	0.0	0.0	0.0	0.0	0.0	0.0	0.0	0.0	0.0	0.0	0.0	0.0	0.0	0.0	0.0	0.0	0.0	0.0	0.0	0.0	0.0	0.0	0.0	0.0	0.0	0.0	0.0	0.0	0.0	0.0	0.0	0.0	0.0	0.0	0.0	0.0	0.0	0.0	0.0	0.0	0.0	0.0	0.0	0.0	0.0	0.0	0.0	0.0	0.0	0.0	0.0	0.0	0.0	0.0	0.0	0.0	0.0	0.0	0.0	0.0	0.0	0.0	0.0	0.0	0.0	0.0
5320.796247410433	-4.342069685858405	18.853569156850508	28310872.706456948	4284.280531639125	17.30029526017188	299.3002160891256	18355059.673782025	3542.514959493354	2.0041906495239346	4.016780159639171	12549412.2382342	3634.8387180113455	6608.026155321691	0.615047	38.186356	0.2039812072695644	0.1131701962945707	-0.0246316259	0.0419966213	-0.0377568288	0.0126636208	-0.0660417067	-0.0479928941	-0.0183866741	0.0196057167	0.0064078216	-0.0052599561	-0.0015994584	0.0252552379	0.0055521453	-0.001926784	-0.0538819946	0.0268670364	-0.0077883623	-0.028864897	-0.0393669234	-0.0239957527	0.0078689843	0.0119388735	-0.0112452082	0.0346239751	0.0106231604	-0.0261634673	0.0146813572	0.0409319633	-0.0238826576	-0.0681918637	0.0340286592	0.0151238441	0.0051012096	0.0258415876	0.0421895779	-0.0168790501	0.0110221996	0.008714598	-0.0267656274	-0.0060811696	0.0464358682	0.0471470553	-0.0008857512	-0.004772875	-0.0313337212	0.0305355373	0.0296864687	-0.0265608399	-0.0305375613	-0.0023975917	-0.0111521337	0.0423324343	-0.0687745056	0.0034264595	0.0638426524	-0.0953179834	0.0733526932	-0.39567348604686	-0.0089861550208495	0.1565575075604747	8.07509820587404e-05	0.1146219279563922	-0.0791450483811929	0.0062639386832613	0.0131381863684403	1.772908911353781	0.0395336538234118	0.0015629097846293	3.143206007957649	0.0094119554612606	-0.0011480779149053	1.318082898693301e-06	8.858490560475325e-05	0.0019030934527735	-0.000226534333714	3.6217646899893615e-06	5.1317804351245936e-08	-0.0013704883863313	-0.0001517147522629	2.3017366054193133e-08	1.8782384170689707e-06	0.0	0.0	0.0	0.0	0.0	0.0	0.0	0.0	0.0	0.0	0.0	0.0	0.0	0.0	0.0	0.0	0.0	0.0	0.0	0.0	0.0	0.0	0.0	0.0	0.0	0.0	0.0	0.0	0.0	0.0	0.0	0.0	0.0	0.0	0.0	0.0	0.0	0.0	0.0	0.0	0.0	0.0	0.0	0.0	0.0	0.0	0.0	0.0	0.0	0.0	0.0	0.0	0.0	0.0	0.0	0.0	0.0	0.0	0.0	0.0	0.0	0.0	0.0	0.0	0.0	0.0	0.0	0.0	0.0	0.0	0.0	0.0	0.0	0.0	0.0	0.0	0.0	0.0	0.0	0.0	0.0	0.0	0.0	0.0	0.0	0.0	0.0	0.0	0.0	0.0	0.0	0.0	0.0	0.0	0.0	0.0	0.0	0.0	0.0	0.0	0.0	0.0	0.0	0.0	0.0	0.0	0.0	0.0	0.0	0.0
5288.29674812687	-32.49949928356364	1056.2174536823534	27966082.496249225	4254.2142454804825	-30.06628615864247	903.9815633733756	18098338.84644907	3535.4449222983653	-7.0700371949888	49.98542593852509	12499370.798605297	3631.2347000551895	6511.196999985359	0.500781	31.091904	0.1741602176548304	0.1005726909873282	-0.0121039181	0.0459718911	-0.0372191948	0.0022588892	-0.0342901435	-0.0270320316	-0.0461827031	0.0170819667	0.003240637	-0.0207383857	-0.0241280948	0.0177414693	-0.0082105636	0.0094517782	-0.0474055744	0.0258782415	-0.0323749106	-0.0293374753	-0.0334542226	-0.0188259854	-0.0029666978	0.0100764094	0.0093945609	0.0389092902	-0.0073997319	-0.0232477416	0.0354409838	0.0367833214	-0.0227149317	-0.0641006122	0.0429714042	0.0099963544	-0.0168348845	0.0197260228	0.0446245353	-0.0080421775	0.0070614107	0.0004604377	-0.0173289404	0.0006410235	0.0528663632	0.0387150144	0.0169081225	-0.0056141401	0.0057484753	-0.0348530333	-0.016839111	-0.0427536315	0.0012193388	-0.0233757529	-0.0249894471	0.008525603	-0.0697192167	0.0061646659	0.0607242596	-0.0947683504	0.0775536723	-0.4118396029595885	-0.0161661169127285	0.1696118585659115	0.000261343336036	0.0757721715413026	-0.0388497564150896	0.0015093035735117	0.0057414219800845	1.7752569989254283	0.0023480875716472	5.513515244124438e-06	3.151537412233718	0.0078003975777295	-0.0016115578835311	2.59711881197124e-06	6.0846202370648254e-05	0.0026246887361234	0.0007215952833499	6.888990961533052e-06	5.206997529528227e-07	-0.0013732603545576	-2.771968226299853e-06	7.683807847615956e-12	1.8858440013996647e-06	0.0	0.0	0.0	0.0	0.0	0.0	0.0	0.0	0.0	0.0	0.0	0.0	0.0	0.0	0.0	0.0	0.0	0.0	0.0	0.0	0.0	0.0	0.0	0.0	0.0	0.0	0.0	0.0	0.0	0.0	0.0	0.0	0.0	0.0	0.0	0.0	0.0	0.0	0.0	0.0	0.0	0.0	0.0	0.0	0.0	0.0	0.0	0.0	0.0	0.0	0.0	0.0	0.0	0.0	0.0	0.0	0.0	0.0	0.0	0.0	0.0	0.0	0.0	0.0	0.0	0.0	0.0	0.0	0.0	0.0	0.0	0.0	0.0	0.0	0.0	0.0	0.0	0.0	0.0	0.0	0.0	0.0	0.0	0.0	0.0	0.0	0.0	0.0	0.0	0.0	0.0	0.0	0.0	0.0	0.0	0.0	0.0	0.0	0.0	0.0	0.0	0.0	0.0	0.0	0.0	0.0	0.0	0.0	0.0	0.0
5278.128918737305	-10.167829389564758	103.38475449529685	27858644.882811032	4265.810348666975	11.596103186492655	134.4696091117851	18197137.93079426	3528.2125442887086	-7.232378009656713	52.307291674566	12448283.757676205	3624.59575427418	6415.98003162708	0.441879	27.434866	0.1043576305114151	0.0597144106891356	-0.0062566904	0.0597817511	-0.0515280329	0.0051363114	0.0004061515	-0.0314960486	-0.0746907207	0.0121457321	0.026577592	-0.0229334006	-0.0010207691	0.0054748817	0.002028397	-0.0014440084	-0.0331886699	0.0295895998	-0.0240012838	-0.0362104142	-0.0323461601	-0.0060217172	0.0057107225	-0.0063169218	0.0162373148	0.0371178291	-0.0056609511	-0.0225416696	0.0397570953	0.0422358873	-0.0227859072	-0.0662556432	0.0457253013	0.0124187992	-0.015449193	0.0275402441	0.0510320849	-0.0130470113	0.0050823383	0.0154322689	-0.0126124324	0.0050170789	0.0708039991	0.0527045479	0.0141871984	-0.0005756437	0.0136451082	-0.0438918114	-0.0064001781	-0.0372275345	0.0024848885	-0.0266093234	-0.0487869616	-0.0089102473	-0.070649581	0.0088977982	0.0574934194	-0.0939067741	0.08135584	-0.4039767927011439	0.0078628102584445	0.163197249041103	6.182378516030158e-05	0.1059761251235471	0.0302039535822444	0.0009122788119983	0.0112309390962017	1.8231688864342743	0.047911887508846	0.0022955489646603	3.323944788461992	0.0078000583889359	-3.391887935999191e-07	1.1504903770376853e-13	6.0840910870809314e-05	0.0024117846342568	-0.0002129041018666	5.816705122037206e-06	4.532815659162363e-08	-0.0012189240619802	0.0001543362925773	2.38196912065368e-08	1.4857758688743103e-06	0.0	0.0	0.0	0.0	0.0	0.0	0.0	0.0	0.0	0.0	0.0	0.0	0.0	0.0	0.0	0.0	0.0	0.0	0.0	0.0	0.0	0.0	0.0	0.0	0.0	0.0	0.0	0.0	0.0	0.0	0.0	0.0	0.0	0.0	0.0	0.0	0.0	0.0	0.0	0.0	0.0	0.0	0.0	0.0	0.0	0.0	0.0	0.0	0.0	0.0	0.0	0.0	0.0	0.0	0.0	0.0	0.0	0.0	0.0	0.0	0.0	0.0	0.0	0.0	0.0	0.0	0.0	0.0	0.0	0.0	0.0	0.0	0.0	0.0	0.0	0.0	0.0	0.0	0.0	0.0	0.0	0.0	0.0	0.0	0.0	0.0	0.0	0.0	0.0	0.0	0.0	0.0	0.0	0.0	0.0	0.0	0.0	0.0	0.0	0.0	0.0	0.0	0.0	0.0	0.0	0.0	0.0	0.0	0.0	0.0
5285.803193727219	7.674274989914011	58.89449662081969	27939715.40281687	4244.1180496996985	-21.692298967276656	470.5558344857119	18012538.01978677	3529.9594547808283	1.7469104921196958	3.051696267477878	12460613.752396565	3624.8574771881104	6428.566329065563	0.629191	39.064514	0.1407883918797975	0.0719835739473001	-0.0132603444	0.057810071	-0.028034847	0.0004435028	0.0081698081	0.0184495297	-0.0135797994	0.0152986093	0.0060818549	-0.0002063235	-0.0375246313	0.0077076671	0.0040648521	-0.0118439722	-0.0235674169	0.0043888418	-0.0152606755	-0.0109252209	-0.0040033466	-0.0101732464	0.0041555744	-0.0074957895	0.007019768	0.0277062626	-0.0027399561	-0.0150040109	0.0305140053	0.0153698001	-0.0216050432	-0.063519002	0.0311568639	0.0169108662	0.0121688653	0.0105583445	0.0098656512	-0.0004196431	0.0025977664	-0.0248503605	-0.0158603419	0.0044276717	0.038317601	0.0366437154	-0.0088975102	-0.0139820084	-0.0424678571	0.029665767	0.0274570071	-0.0255615312	-0.0141093532	0.0173406816	-0.0069053989	0.0177934495	-0.0715654069	0.011623607	0.0541561147	-0.0927360906	0.0847396439	-0.3721856517588833	0.0317911409422606	0.1385221593751847	0.0010106766424106	0.1081740043403556	0.0021978792168085	4.830673051678752e-06	0.0117016152150272	1.7813075178441409	-0.0418613685901334	0.001752374180239	3.1730564731280544	0.0083882307779725	0.0005881723890366	3.459467592250219e-07	7.036241558452514e-05	0.0017591770164304	-0.0006526076178264	3.094703775136964e-06	4.2589670284504853e-07	-0.0012769041177291	-5.798005574890008e-05	3.361686864645561e-09	1.6304841258735311e-06	0.0	0.0	0.0	0.0	0.0	0.0	0.0	0.0	0.0	0.0	0.0	0.0	0.0	0.0	0.0	0.0	0.0	0.0	0.0	0.0	0.0	0.0	0.0	0.0	0.0	0.0	0.0	0.0	0.0	0.0	0.0	0.0	0.0	0.0	0.0	0.0	0.0	0.0	0.0	0.0	0.0	0.0	0.0	0.0	0.0	0.0	0.0	0.0	0.0	0.0	0.0	0.0	0.0	0.0	0.0	0.0	0.0	0.0	0.0	0.0	0.0	0.0	0.0	0.0	0.0	0.0	0.0	0.0	0.0	0.0	0.0	0.0	0.0	0.0	0.0	0.0	0.0	0.0	0.0	0.0	0.0	0.0	0.0	0.0	0.0	0.0	0.0	0.0	0.0	0.0	0.0	0.0	0.0	0.0	0.0	0.0	0.0	0.0	0.0	0.0	0.0	0.0	0.0	0.0	0.0	0.0	0.0	0.0	0.0	0.0
5290.329863947135	4.526670219916014	20.49074327987449	27987590.06937091	4261.348137240361	17.23008754066268	296.8759166588993	18159087.94676189	3524.769804712588	-5.189650068240098	26.932467830784457	12424002.176213617	3622.36533164978	6454.43345142948	0.63733	39.56982	0.3137731584702464	0.1890561026901152	-0.0024921889	0.0488950584	-0.0369307901	0.0151139602	-0.0144928756	0.0012754127	0.0108104724	0.0165810122	-0.0017558462	-0.0135920453	-0.003954278	0.0010819519	0.0020201716	0.0019372982	-0.01275248	0.009853319	-0.0126762809	-0.0179760257	-0.0037260275	-0.0034617944	0.0081982271	0.0035602726	0.0076389845	0.0223813538	-0.014222343	0.0119333507	0.0368011527	0.0162009944	-0.0267950402	-0.0552140006	0.030139286	-0.0016540233	0.0131960481	-0.0107286908	-0.0177505746	0.0408942302	0.0138073734	-0.0329907862	0.0206215006	0.0316231247	-0.0025511874	-0.0235989512	-0.0259108179	-0.0019940473	0.0191828338	-0.0034259111	-0.0245006748	-0.0193482898	-0.0328116573	-0.0519990117	-0.0255897055	0.0067274528	-0.0724665061	0.0143398485	0.0507185253	-0.0912601531	0.0876876832	-0.3201981992793037	0.0519874524795795	0.1025268868217086	0.0027026952153165	0.0996962657372932	-0.0084777386030623	7.187205182185425e-05	0.0099393454019609	1.6942118107410664	-0.0870957071030744	0.0075856621957845	2.870353659654523	0.0083841004195316	-4.130358440899984e-06	1.7059860850313746e-11	7.029313984478996e-05	-0.0014438672990753	-0.0032030443155057	2.084752777339002e-06	1.025949288709338e-05	-0.0013939746494731	-0.0001170705317439	1.3705509402822887e-08	1.943165323373652e-06	0.0	0.0	0.0	0.0	0.0	0.0	0.0	0.0	0.0	0.0	0.0	0.0	0.0	0.0	0.0	0.0	0.0	0.0	0.0	0.0	0.0	0.0	0.0	0.0	0.0	0.0	0.0	0.0	0.0	0.0	0.0	0.0	0.0	0.0	0.0	0.0	0.0	0.0	0.0	0.0	0.0	0.0	0.0	0.0	0.0	0.0	0.0	0.0	0.0	0.0	0.0	0.0	0.0	0.0	0.0	0.0	0.0	0.0	0.0	0.0	0.0	0.0	0.0	0.0	0.0	0.0	0.0	0.0	0.0	0.0	0.0	0.0	0.0	0.0	0.0	0.0	0.0	0.0	0.0	0.0	0.0	0.0	0.0	0.0	0.0	0.0	0.0	0.0	0.0	0.0	0.0	0.0	0.0	0.0	0.0	0.0	0.0	0.0	0.0	0.0	0.0	0.0	0.0	0.0	0.0	0.0	0.0	0.0	0.0	0.0
5288.004744964389	-2.325118982746062	5.406178283926082	27962994.182765894	4235.080671395052	-26.267465845308838	689.9797619344662	17935908.293223966	3534.6610063909334	9.891201678345167	97.83587064169828	12493828.430100566	3626.16593090917	6460.902254333598	0.5735	35.6068	0.3143138624156937	0.1629040767563417	-0.0160674022	0.0613734986	-0.0297231053	0.0068149763	-0.0170992598	0.0047683732	-0.0316149697	-0.0022685179	0.0328620766	-0.014432135	0.0200966328	0.0145498748	0.0205649158	0.001263199	-0.0207470187	-0.0067958491	-0.0452189025	-0.0242610984	-0.0026995761	-0.0141840875	0.0201662893	0.0031623021	0.0118419572	0.0199971947	0.0012667391	-0.059412767	0.0077213756	0.0045998104	-0.0266567623	-0.062392623	0.0260038855	0.0068292891	-0.0142274902	0.0090549172	-7.39585e-05	0.0362373345	-0.0011531933	-0.0041444267	0.0051172212	0.028151441	0.0066918238	-0.0065032856	0.0105528699	0.0137858147	0.0184366605	-0.0473807627	-0.0196452526	-0.0335910761	0.010864258	-0.0368820001	-0.0248892739	-0.0176341462	-0.0733526932	0.0170442873	0.0471870168	-0.0894838202	0.0901847978	-0.3345221968441052	-0.0143239975648015	0.1119051001814062	0.0002051769062364	0.1564476915469868	0.0567514258096935	0.0032207243314331	0.0244758801903811	1.81979969742099	0.1255878866799236	0.0157723172807293	3.311670938733527	0.0075994721641827	-0.0007846282553489	6.156414990918598e-07	5.7751977174187686e-05	-0.0001821357814255	0.0012617315176498	3.3173442875477515e-08	1.5919664226308675e-06	-0.0010873233752463	0.0003066512742267	9.403500398492004e-08	1.1822721223570062e-06	0.0	0.0	0.0	0.0	0.0	0.0	0.0	0.0	0.0	0.0	0.0	0.0	0.0	0.0	0.0	0.0	0.0	0.0	0.0	0.0	0.0	0.0	0.0	0.0	0.0	0.0	0.0	0.0	0.0	0.0	0.0	0.0	0.0	0.0	0.0	0.0	0.0	0.0	0.0	0.0	0.0	0.0	0.0	0.0	0.0	0.0	0.0	0.0	0.0	0.0	0.0	0.0	0.0	0.0	0.0	0.0	0.0	0.0	0.0	0.0	0.0	0.0	0.0	0.0	0.0	0.0	0.0	0.0	0.0	0.0	0.0	0.0	0.0	0.0	0.0	0.0	0.0	0.0	0.0	0.0	0.0	0.0	0.0	0.0	0.0	0.0	0.0	0.0	0.0	0.0	0.0	0.0	0.0	0.0	0.0	0.0	0.0	0.0	0.0	0.0	0.0	0.0	0.0	0.0	0.0	0.0	0.0	0.0	0.0	0.0
5297.805012218099	9.800267253710444	96.04523824414926	28066737.94748321	4270.220791136446	35.14011974139339	1234.8280154394656	18234785.60505397	3537.7198785035825	3.058872112649169	9.35669860154279	12515461.938759403	3632.06782225488	6424.342367313871	0.526424	32.684021	0.1195826529976628	0.0759894458519368	-0.0088364253	0.0554889578	-0.0412678574	0.0139092467	-0.0112810436	0.0162739462	-0.0019868432	0.0140554594	0.0138172581	0.0009277721	-0.0084457417	0.0197781631	0.0004780148	-0.02375289	-0.0327957319	0.0267128618	-0.0100262742	-0.0095897428	-0.0323650294	-0.0195292689	0.0013719801	-0.0113310601	-0.0033852678	0.0461882733	-0.0037131577	-0.0259085182	0.0065636432	0.0475631745	-0.0222711465	-0.0670630996	0.0306181513	0.0345707841	-0.0066926306	-0.0046719039	0.0141016335	0.0387666657	0.0267519716	-0.0287289748	0.0179259887	0.0398384483	0.0422556302	-0.013608663	-0.0287846907	-0.0281065256	-0.0238394944	0.0286618004	0.05473733	-0.0009164728	-0.0302176509	0.0016595035	-0.0355420985	-0.0275141867	-0.0742237856	0.0197346973	0.0435681289	-0.0874129386	0.0922181468	-0.342415595071003	-0.0078933982268977	0.117248439747829	6.230573556839293e-05	0.0919135725159634	-0.0645341190310234	0.0041646525191102	0.0084481048126472	1.8285872119676867	0.0087875145466966	7.722041190840583e-05	3.3437311917717576	0.0069089654963157	-0.000690506667867	4.767994583687875e-07	4.7733804229280846e-05	-0.0001569365518496	2.519922957590001e-05	2.4629081306442188e-08	6.350011712189138e-10	-0.0011389699016643	-5.164652641799993e-05	2.667363691045164e-09	1.297252436897185e-06	0.0	0.0	0.0	0.0	0.0	0.0	0.0	0.0	0.0	0.0	0.0	0.0	0.0	0.0	0.0	0.0	0.0	0.0	0.0	0.0	0.0	0.0	0.0	0.0	0.0	0.0	0.0	0.0	0.0	0.0	0.0	0.0	0.0	0.0	0.0	0.0	0.0	0.0	0.0	0.0	0.0	0.0	0.0	0.0	0.0	0.0	0.0	0.0	0.0	0.0	0.0	0.0	0.0	0.0	0.0	0.0	0.0	0.0	0.0	0.0	0.0	0.0	0.0	0.0	0.0	0.0	0.0	0.0	0.0	0.0	0.0	0.0	0.0	0.0	0.0	0.0	0.0	0.0	0.0	0.0	0.0	0.0	0.0	0.0	0.0	0.0	0.0	0.0	0.0	0.0	0.0	0.0	0.0	0.0	0.0	0.0	0.0	0.0	0.0	0.0	0.0	0.0	0.0	0.0	0.0	0.0	0.0	0.0	0.0	0.0
5273.504279437985	-24.30073278011423	590.5256136505183	27809847.385250743	4248.728948391338	-21.491842745107533	461.8993045804313	18051697.676898565	3529.24551589564	-8.474362607942567	71.81482161089514	12455573.911469482	3621.885049014024	6380.206870720619	0.479041	29.742172	0.093489269151719	0.0473382513554496	0.0045919728	0.047469018	-0.0441012424	-0.0026761286	-0.000443971	0.0103977666	-0.0043394147	0.0088151897	0.0103040253	-0.0070760997	-0.0093268756	0.0083161584	-3.52273e-05	0.0129232366	-0.025485249	0.0104102181	-0.0284084031	-0.0308327472	-0.0309911303	-0.0096543226	0.0025825952	0.0124425663	0.0132857826	0.0223935128	-0.0172846401	-0.0261604038	0.0292299959	0.0553377548	-0.0255931044	-0.0584886075	0.0278857917	0.0249897786	-0.0241161378	-0.0053102648	-0.0012443039	0.0483277909	0.0100661039	-0.0145783481	0.0285499266	0.0295302352	0.0154791482	-0.0112849653	0.016390315	-0.0119758544	0.0105670532	-0.0506752963	-0.0049807104	-0.0245661172	-0.0095272243	-0.0549048231	-0.029364104	-0.028041842	-0.0750796043	0.022408864	0.0398685628	-0.0850543252	0.0937772737	-0.3243594027169649	0.0180561923540381	0.1052090221309062	0.000326026082326	0.0914872281916672	-0.0004263443242961	1.817694828595801e-07	0.0083699129221941	1.792707521965312	-0.0358796900023747	0.0012873521546665	3.213800259311009	0.0067691143005921	-0.0001398511957235	1.9558356945320543e-08	4.582090841448048e-05	0.0001477907130442	0.0003047272648938	2.1842094862113073e-08	9.285870596965617e-08	-0.0008010075128615	0.0003379623888028	1.1421857624529495e-07	6.41613035660566e-07	0.0	0.0	0.0	0.0	0.0	0.0	0.0	0.0	0.0	0.0	0.0	0.0	0.0	0.0	0.0	0.0	0.0	0.0	0.0	0.0	0.0	0.0	0.0	0.0	0.0	0.0	0.0	0.0	0.0	0.0	0.0	0.0	0.0	0.0	0.0	0.0	0.0	0.0	0.0	0.0	0.0	0.0	0.0	0.0	0.0	0.0	0.0	0.0	0.0	0.0	0.0	0.0	0.0	0.0	0.0	0.0	0.0	0.0	0.0	0.0	0.0	0.0	0.0	0.0	0.0	0.0	0.0	0.0	0.0	0.0	0.0	0.0	0.0	0.0	0.0	0.0	0.0	0.0	0.0	0.0	0.0	0.0	0.0	0.0	0.0	0.0	0.0	0.0	0.0	0.0	0.0	0.0	0.0	0.0	0.0	0.0	0.0	0.0	0.0	0.0	0.0	0.0	0.0	0.0	0.0	0.0	0.0	0.0	0.0	0.0
5279.028746789902	5.524467351916428	30.51973952239051	27868144.50943416	4268.327561414282	19.598613022943937	384.1056324231077	18218620.171528798	3530.893730109673	1.6482142140330325	2.7166100953405268	12467210.5333278	3625.607814023193	6332.481233622191	0.49341	30.634241	0.3327433467192693	0.2161147469015065	-0.0135170572	0.0557476538	-0.0449315726	-0.0367414788	0.0322334023	-0.0108479677	-0.0184550345	0.0168581678	0.0224996527	-0.0104028916	-0.0123884989	0.0070790914	0.0057337473	-0.0123822705	-0.0409828075	0.004373135	-0.0397811634	-0.0123302157	-0.0475768718	-0.0093342152	0.0091884038	0.0001217893	0.0026009691	0.0315880906	-0.0337330951	-0.0597278558	-0.013461058	0.0612097903	-0.023008643	-0.057650977	0.0203797339	0.0508262235	-0.0510085327	0.0083913207	0.0123067888	0.0349636964	0.0201365343	0.0124383336	0.0272461353	0.0618777506	0.0144163462	-0.0184920062	0.0048979004	-0.0118280299	0.0125145091	-0.0344301601	0.021819484	-0.0089016915	0.0028960783	-0.0470496476	-0.037899032	-0.0642608342	-0.0759199731	0.0250645864	0.0360951694	-0.0824157435	0.094854161	-0.3312584579258555	-0.0068990552088906	0.1097321659474157	4.759696277532072e-05	0.1769645629897525	0.0854773347980853	0.0073063747641839	0.031316456554154	1.982574680401541	0.189867158436229	0.0360495378526481	3.930602363369272	0.0061640761688869	-0.0006050381317052	3.6607114081731924e-07	3.79958350158394e-05	6.553818684951196e-05	-8.225252619468805e-05	4.295253935521542e-09	6.765478065407844e-09	-0.0011237128204829	-0.0003227053076214	1.041387155670224e-07	1.262730502917634e-06	0.0	0.0	0.0	0.0	0.0	0.0	0.0	0.0	0.0	0.0	0.0	0.0	0.0	0.0	0.0	0.0	0.0	0.0	0.0	0.0	0.0	0.0	0.0	0.0	0.0	0.0	0.0	0.0	0.0	0.0	0.0	0.0	0.0	0.0	0.0	0.0	0.0	0.0	0.0	0.0	0.0	0.0	0.0	0.0	0.0	0.0	0.0	0.0	0.0	0.0	0.0	0.0	0.0	0.0	0.0	0.0	0.0	0.0	0.0	0.0	0.0	0.0	0.0	0.0	0.0	0.0	0.0	0.0	0.0	0.0	0.0	0.0	0.0	0.0	0.0	0.0	0.0	0.0	0.0	0.0	0.0	0.0	0.0	0.0	0.0	0.0	0.0	0.0	0.0	0.0	0.0	0.0	0.0	0.0	0.0	0.0	0.0	0.0	0.0	0.0	0.0	0.0	0.0	0.0	0.0	0.0	0.0	0.0	0.0	0.0
5254.659924769278	-24.36882202062316	593.839486672808	27611450.92497628	4225.722919138625	-42.60464227565717	1815.1555434367144	17856734.18933346	3516.64248698387	-14.25124312580283	203.0979306307424	12366774.3812601	3611.615882980992	6269.335280777985	0.527015	32.720699	0.1181626995976722	0.0611743582072708	-0.0023720588	0.0467411117	-0.0526110852	-0.0421349882	0.0477699072	-0.0160303297	0.0059968844	0.0051076722	0.0066037847	0.0029549624	-0.0280890234	-0.012491259	0.0091061305	-0.0098382887	0.0125963385	-0.0012426102	-0.0341890315	-0.0052095493	-0.03671775	0.007488824	0.0072341411	-0.0108138993	0.022627497	-0.0001542719	-0.0469230414	-0.0404193193	-0.0182768626	0.0700651635	-0.0113645474	-0.0522273569	0.0204433013	0.0711004318	-0.0481828362	0.008543747	0.0210605833	0.0273055231	0.0274516576	0.0044237564	0.0317917167	0.0578001449	0.0253001018	-0.0204733004	-0.0171048022	-0.0309437642	-0.022119238	0.0284331924	0.0862658351	-0.0047680131	-0.0331041982	-0.017525137	-0.0146696335	-0.0405559261	-0.076744719	0.0276996788	0.0322549359	-0.0795058789	0.0954432708	-0.3417320121602927	-0.0104735542344371	0.1167807681351224	0.0001096953383016	0.1240555035603279	-0.0529090594294245	0.0027993685697063	0.0153897679636065	1.997722732656712	0.015148052255171	0.0002294634871253	3.990896116573401	0.0058242072917856	-0.0003398688771013	1.1551085362209894e-07	3.392139057768855e-05	0.0003666724298905	0.0003011342430409	1.3444867084180364e-07	9.068183233186886e-08	-0.0009720752670524	0.0001516375534304	2.299394761038772e-08	9.449303248149948e-07	0.0	0.0	0.0	0.0	0.0	0.0	0.0	0.0	0.0	0.0	0.0	0.0	0.0	0.0	0.0	0.0	0.0	0.0	0.0	0.0	0.0	0.0	0.0	0.0	0.0	0.0	0.0	0.0	0.0	0.0	0.0	0.0	0.0	0.0	0.0	0.0	0.0	0.0	0.0	0.0	0.0	0.0	0.0	0.0	0.0	0.0	0.0	0.0	0.0	0.0	0.0	0.0	0.0	0.0	0.0	0.0	0.0	0.0	0.0	0.0	0.0	0.0	0.0	0.0	0.0	0.0	0.0	0.0	0.0	0.0	0.0	0.0	0.0	0.0	0.0	0.0	0.0	0.0	0.0	0.0	0.0	0.0	0.0	0.0	0.0	0.0	0.0	0.0	0.0	0.0	0.0	0.0	0.0	0.0	0.0	0.0	0.0	0.0	0.0	0.0	0.0	0.0	0.0	0.0	0.0	0.0	0.0	0.0	0.0	0.0
5295.819976330754	41.16005156147549	1694.1498445433203	28045709.22170387	4285.824881231419	60.101962092793656	3612.2458474036057	18368294.912582304	3527.3971303990047	10.754643415134524	115.66235498669636	12442530.515547132	3623.2742051675286	6465.535576390817	0.979309	60.802212	1.181259693351233	0.6976425277787435	-0.0162423608	0.0252942087	-0.0167039532	-0.0151686538	0.0442672845	0.0253438904	0.0508891525	0.0292291639	0.005866405	0.0030583648	0.0158158183	0.0104895507	-0.0170123025	0.0077486113	0.0294643625	-0.0143492259	-0.0038512202	-0.0140301064	0.0010663841	-0.0127246004	-0.009662966	-0.0001271781	0.0087753793	-0.0040699332	-0.0285890374	0.0337333441	0.0683154557	-0.0163407899	-0.024041437	-0.009419274	0.0110817763	-0.0095204527	0.0631944107	-0.0234941551	-0.1013726475	0.0191638232	-0.0124620561	-0.0486183381	0.0248199359	0.0219439923	-0.1025668862	-0.0491419581	-0.0309569807	0.0046081639	-0.0288368575	0.0861687702	-0.0087100516	-0.0104586	-0.0375347889	-0.0142708828	0.0428640965	0.0315943985	-0.0775536723	0.030311972	0.0283549738	-0.0763343096	0.0955415737	-0.2690519725637443	0.0726800395965484	0.0723889639404418	0.0052823881557558	0.1715767850377147	0.0475212814773867	0.002258272193253	0.0294385931638781	1.5582284683283092	-0.4394942643284028	0.1931552083775639	2.4280759595087886	0.0140107978680115	0.0081865905762259	6.702026526275072e-05	0.0001963024568982	-0.0037939180688124	-0.0041605904987029	1.4393814312861212e-05	1.7310513297896844e-05	-0.0008879741830033	8.410108404909998e-05	7.072992338233779e-09	7.884981496803782e-07	0.0	0.0	0.0	0.0	0.0	0.0	0.0	0.0	0.0	0.0	0.0	0.0	0.0	0.0	0.0	0.0	0.0	0.0	0.0	0.0	0.0	0.0	0.0	0.0	0.0	0.0	0.0	0.0	0.0	0.0	0.0	0.0	0.0	0.0	0.0	0.0	0.0	0.0	0.0	0.0	0.0	0.0	0.0	0.0	0.0	0.0	0.0	0.0	0.0	0.0	0.0	0.0	0.0	0.0	0.0	0.0	0.0	0.0	0.0	0.0	0.0	0.0	0.0	0.0	0.0	0.0	0.0	0.0	0.0	0.0	0.0	0.0	0.0	0.0	0.0	0.0	0.0	0.0	0.0	0.0	0.0	0.0	0.0	0.0	0.0	0.0	0.0	0.0	0.0	0.0	0.0	0.0	0.0	1.0	0.0	0.0	0.0	0.0	0.0	0.0	0.0	0.0	0.0	0.0	0.0	0.0	0.0	0.0	0.0	0.0
5293.896535051333	-1.9234412794212403	3.6996263553816178	28025340.523828503	4197.584417870427	-88.24046336099127	7786.379374162443	17619714.945148613	3536.14806301776	8.750932618755087	76.57882169799176	12504343.123584254	3621.625210265039	6455.951482022694	0.647401	40.195065	0.4089077114254286	0.2557834858809911	-0.0128198394	0.0362929751	-0.0185510303	5.02484e-05	0.0081829158	0.026291167	-0.0030685999	-0.0074574929	-0.0115950603	-0.0176677658	-0.0044663663	0.017330365	-1.12137e-05	0.0035176021	-0.0257856727	0.008128186	-0.0051790051	-0.0101810551	-0.0069904828	-0.0160192448	3.51922e-05	0.0030342539	-0.0030054873	0.0187706932	0.0137306398	-0.0052149323	0.0239914093	0.010732684	-0.0348256481	-0.0350112688	0.0127985047	-0.0178486877	0.0149734043	-0.0195558533	-0.0763499786	0.056667103	-0.0232767221	-0.0206100196	0.0110038921	0.015062452	-0.0768181208	-0.0322494003	0.0195762574	0.0209432435	0.0270284654	-0.0417563127	-0.0311777396	-0.0584562966	0.0322854232	-0.0606855249	-0.0109118692	-0.0053902945	-0.0783466667	0.0328993162	0.0244025048	-0.0729114752	0.0951485642	-0.2650109272660756	0.0040410452976686	0.0702307915704252	1.6330047097810218e-05	0.1805355437493574	0.0089587587116427	8.025935765343397e-05	0.0325930825568761	1.6556967428778364	0.0974682745495272	0.009500064543662	2.741331704376276	0.010049231006505	-0.0039615668615064	1.5694011998186457e-05	0.0001009870438221	-0.0022735728739811	0.0015203451948313	5.169133613302679e-06	2.311449511446624e-06	-0.0004010935820093	0.000486880600994	2.370527196242787e-07	1.6087606152905106e-07	0.0	0.0	0.0	0.0	0.0	0.0	0.0	0.0	0.0	0.0	0.0	0.0	0.0	0.0	0.0	0.0	0.0	0.0	0.0	0.0	0.0	0.0	0.0	0.0	0.0	0.0	0.0	0.0	0.0	0.0	0.0	0.0	0.0	0.0	0.0	0.0	0.0	0.0	0.0	0.0	0.0	0.0	0.0	0.0	0.0	0.0	0.0	0.0	0.0	0.0	0.0	0.0	0.0	0.0	0.0	0.0	0.0	0.0	0.0	0.0	0.0	0.0	0.0	0.0	0.0	0.0	0.0	0.0	0.0	0.0	0.0	0.0	0.0	0.0	0.0	0.0	0.0	0.0	0.0	0.0	0.0	0.0	0.0	0.0	0.0	0.0	0.0	0.0	0.0	0.0	0.0	0.0	0.0	0.0	0.0	0.0	0.0	0.0	0.0	0.0	0.0	0.0	0.0	0.0	0.0	0.0	0.0	0.0	0.0	0.0
5309.736991336444	15.840456285111031	250.9200553205136	28193306.91716659	4262.384326192706	64.7999083222785	4199.0281185756985	18167920.14417325	3540.875539359483	4.727476341723104	22.349032561551663	12537799.585234309	3634.3505730964766	6502.245383637065	0.489268	30.377094	0.2561749148073613	0.1506265145558392	-0.0279921212	0.0562305311	-0.0109736651	0.0066649294	-0.0187174782	0.0386559183	-0.0075341385	0.010762236	0.0235920041	-0.0030910754	-0.0102846308	0.0238800609	0.0090723599	-0.0133745932	-0.0200035268	-0.0134014337	-0.0202868447	-0.02249105	0.0056194632	-0.0244074864	0.0091083051	-0.0132445777	0.0049757691	0.0190301314	0.0012092559	-0.0527562286	0.0161952488	0.0165889929	-0.0341526816	-0.0590228851	0.0065692782	0.0065549601	0.0023551982	-0.0230810991	-0.0521542415	0.0721302121	-0.0060259727	-0.0161331201	0.0001003374	0.0296233285	-0.0350290364	-0.0349486295	0.013339856	-0.0032023472	0.0016557333	-0.0225460839	-0.0099112676	-0.0205221254	0.0242703539	-0.0359807573	-0.0306764514	-0.0187048535	-0.0791235388	0.0354595815	0.020404848	-0.0692486424	0.0942662634	-0.2736678418315819	-0.0086569145655062	0.0748940876527557	7.494216979447458e-05	0.1354222846084383	-0.0451132591409191	0.0020352061503157	0.0183391951685688	1.7794831149442274	0.1237863720663909	0.0153230659093589	3.1665601563716104	0.0091122754669344	-0.0009369555395705	8.778856831320337e-07	8.303356418529454e-05	-0.0016659853829361	0.0006075874910449	2.775507296156744e-06	3.691625592743579e-07	-0.0004289179320846	-2.782435007529999e-05	7.741944571128464e-10	1.8397059246372958e-07	0.0	0.0	0.0	0.0	0.0	0.0	0.0	0.0	0.0	0.0	0.0	0.0	0.0	0.0	0.0	0.0	0.0	0.0	0.0	0.0	0.0	0.0	0.0	0.0	0.0	0.0	0.0	0.0	0.0	0.0	0.0	0.0	0.0	0.0	0.0	0.0	0.0	0.0	0.0	0.0	0.0	0.0	0.0	0.0	0.0	0.0	0.0	0.0	0.0	0.0	0.0	0.0	0.0	0.0	0.0	0.0	0.0	0.0	0.0	0.0	0.0	0.0	0.0	0.0	0.0	0.0	0.0	0.0	0.0	0.0	0.0	0.0	0.0	0.0	0.0	0.0	0.0	0.0	0.0	0.0	0.0	0.0	0.0	0.0	0.0	0.0	0.0	0.0	0.0	0.0	0.0	0.0	0.0	0.0	0.0	0.0	0.0	0.0	0.0	0.0	0.0	0.0	0.0	0.0	0.0	0.0	0.0	0.0	0.0	0.0
5320.410903193455	10.673911857011262	113.93239433124562	28306772.178819794	4265.3489943364375	2.9646681437316147	8.789257202457058	18193202.04348686	3542.9225737486577	2.047034389174769	4.190349790464119	12552300.363577813	3635.2825536862224	6572.401573789655	0.545598	33.874458	0.1093027597623433	0.0554886476719373	-0.0379400941	0.0300745254	-0.007209559	-0.0285220118	-0.0443933372	0.0163296441	0.0426185965	0.020383425	0.0030461822	0.0136152026	-0.0055710833	0.0281200257	0.0071595691	-0.0116963765	-0.0151749496	0.0044475286	-0.0290316138	-0.0087162505	-0.0233584056	-0.0272518348	0.0054027752	0.0023432641	0.0019943203	0.0222517744	-0.0090234892	-0.0346500715	-0.0146109757	0.0278385656	-0.0272568039	-0.0589413476	-0.0039480967	0.0297290389	-0.010782385	-0.0215797911	-0.0436416682	0.0617163019	0.0115772913	-0.0258441562	-0.0164607691	0.0221673169	-0.0506396323	-0.0421737901	0.0082915833	-0.0174152106	-0.0269708185	0.0492637723	0.0336272872	-0.0186107104	-0.0213832578	-0.0042765795	0.0017921445	-0.0043803604	-0.0798841288	0.0379906609	0.016369406	-0.065357868	0.0928992083	-0.2906740267571877	-0.0170061849256057	0.0844913898312382	0.0002892103257239	0.1213079099926517	-0.0141143746157866	0.0001992155707947	0.0147156090267852	1.8282263531018683	0.0487432381576409	0.0023759032660925	3.3424115981761573	0.0094370767224004	0.000324801255466	1.0549585555229003e-07	8.905841706447149e-05	-0.001674767803568	-8.782420631900118e-06	2.8048471958679835e-06	7.713091215562486e-11	-0.0006841134972529	-0.0002551955651682	6.512477648156804e-08	4.680112771235936e-07	0.0	0.0	0.0	0.0	0.0	0.0	0.0	0.0	0.0	0.0	0.0	0.0	0.0	0.0	0.0	0.0	0.0	0.0	0.0	0.0	0.0	0.0	0.0	0.0	0.0	0.0	0.0	0.0	0.0	0.0	0.0	0.0	0.0	0.0	0.0	0.0	0.0	0.0	0.0	0.0	0.0	0.0	0.0	0.0	0.0	0.0	0.0	0.0	0.0	0.0	0.0	0.0	0.0	0.0	0.0	0.0	0.0	0.0	0.0	0.0	0.0	0.0	0.0	0.0	0.0	0.0	0.0	0.0	0.0	0.0	0.0	0.0	0.0	0.0	0.0	0.0	0.0	0.0	0.0	0.0	0.0	0.0	0.0	0.0	0.0	0.0	0.0	0.0	0.0	0.0	0.0	0.0	0.0	0.0	0.0	0.0	0.0	0.0	0.0	0.0	0.0	0.0	0.0	0.0	0.0	0.0	0.0	0.0	0.0	0.0
5308.357359649313	-12.053543544141576	145.28791197051706	28178657.85774303	4265.195174910509	-0.1538194259283045	0.0236604157929131	18191889.880079888	3536.412857790673	-6.509715957984554	42.376401853638754	12506215.900747197	3628.784324054987	6580.047101386763	0.489266	30.376984	0.1397876446079729	0.0800557101384533	-0.0304563797	0.0236850872	-0.0144818173	-0.0240388782	-0.0556581497	0.0021432406	0.0204720954	0.0190320549	0.0070054446	-0.0079497207	-0.0020491238	0.0158459526	0.0003826357	-0.0047490107	-0.0264018183	0.0042773901	-0.0188737712	-0.0202993364	-0.0035741896	-0.0153329231	0.0005423342	0.0028123914	0.005847685	0.0208849467	0.0001673999	-0.035926757	0.0041577731	0.021898349	-0.0321012371	-0.059413764	-0.0014156785	0.0136585433	-0.0124900096	-0.0273606664	-0.0444615318	0.0732160699	0.0212715067	-0.0237399638	-0.0067231726	0.0272416775	-0.0588614602	-0.0496741936	0.0161621369	-0.0147432178	0.0235250329	0.0069531533	-0.0063468676	-0.0205055214	0.0066312008	-0.0333085379	-0.0172106874	-0.0065426184	-0.0806282803	0.0404904708	0.0123036518	-0.0612519591	0.0910544289	-0.2836090504394235	0.0070649763177641	0.0804340934911514	4.991389037056827e-05	0.1028127574080315	-0.0184951525846202	0.0003420706691283	0.0105704630858427	1.7619778299260247	-0.0662485231758436	0.0043888668229802	3.104565873150823	0.0096238150775303	0.0001867383551298	3.4871213276620645e-08	9.261781664649955e-05	-0.0024339151666448	-0.0007591473630767	5.923943038423585e-06	5.763047188664586e-07	-0.0006978076296411	-1.3694132388200088e-05	1.8752926186555063e-10	4.869354879853307e-07	0.0	0.0	0.0	0.0	0.0	0.0	0.0	0.0	0.0	0.0	0.0	0.0	0.0	0.0	0.0	0.0	0.0	0.0	0.0	0.0	0.0	0.0	0.0	0.0	0.0	0.0	0.0	0.0	0.0	0.0	0.0	0.0	0.0	0.0	0.0	0.0	0.0	0.0	0.0	0.0	0.0	0.0	0.0	0.0	0.0	0.0	0.0	0.0	0.0	0.0	0.0	0.0	0.0	0.0	0.0	0.0	0.0	0.0	0.0	0.0	0.0	0.0	0.0	0.0	0.0	0.0	0.0	0.0	0.0	0.0	0.0	0.0	0.0	0.0	0.0	0.0	0.0	0.0	0.0	0.0	0.0	0.0	0.0	0.0	0.0	0.0	0.0	0.0	0.0	0.0	0.0	0.0	0.0	0.0	0.0	0.0	0.0	0.0	0.0	0.0	0.0	0.0	0.0	0.0	0.0	0.0	0.0	0.0	0.0	0.0
5288.169528942647	-20.18783070666632	407.5485086410195	27964736.9668375	4243.944483213457	-21.25069169705239	451.5918976031713	18011064.776597936	3532.88780264343	-3.5250551472431653	12.426013791105534	12481296.226066723	3629.097295116371	6512.944298121229	0.529362	32.866386	0.1802001950447587	0.0976023610122706	-0.024309005	0.0510949307	-0.0039911434	-0.011640276	-0.0182030288	0.0405721312	-0.0203624507	0.0103513657	0.0156522067	-0.0078261596	-0.0054419074	0.0121443435	0.0024833753	0.000395088	-0.0153483182	0.0024743307	-0.0312053147	-0.0100118324	-0.0173748932	-0.0134869378	0.0017013964	-0.0045721444	0.0226156022	0.0186830283	-0.0091014504	-0.0399445967	-0.0002479483	0.0176907033	-0.0299586605	-0.0604312099	0.0032399244	0.0165722603	-0.0154900908	-0.0223274025	-0.0462490649	0.0727862763	0.0017200212	-0.0263615649	-0.0040958401	0.0297541018	-0.044861755	-0.0376987729	0.0281300003	-0.0197971837	0.0141195737	-0.011105614	-0.0061866482	-0.0117621969	0.0281490316	-0.0151656746	-0.014809457	-0.0458330624	-0.08135584	0.042956954	0.0082151139	-0.0569444308	0.0887414118	-0.2929587694869724	-0.0093497190475488	0.085824840619321	8.741724626809848e-05	0.1315906792891041	0.0287779218810725	0.0008281687877931	0.0173161068757678	1.821069161912547	0.0590913319865222	0.0034917855159413	3.316292892468866	0.0085299653140343	-0.001093849763496	1.196507305100255e-06	7.276030825862829e-05	-0.0018809582312351	0.0005529569354097	3.538003867651076e-06	3.057613724176872e-07	-0.0006849898859545	1.2817743686600078e-05	1.6429455321537614e-10	4.692111438599589e-07	0.0	0.0	0.0	0.0	0.0	0.0	0.0	0.0	0.0	0.0	0.0	0.0	0.0	0.0	0.0	0.0	0.0	0.0	0.0	0.0	0.0	0.0	0.0	0.0	0.0	0.0	0.0	0.0	0.0	0.0	0.0	0.0	0.0	0.0	0.0	0.0	0.0	0.0	0.0	0.0	0.0	0.0	0.0	0.0	0.0	0.0	0.0	0.0	0.0	0.0	0.0	0.0	0.0	0.0	0.0	0.0	0.0	0.0	0.0	0.0	0.0	0.0	0.0	0.0	0.0	0.0	0.0	0.0	0.0	0.0	0.0	0.0	0.0	0.0	0.0	0.0	0.0	0.0	0.0	0.0	0.0	0.0	0.0	0.0	0.0	0.0	0.0	0.0	0.0	0.0	0.0	0.0	0.0	0.0	0.0	0.0	0.0	0.0	0.0	0.0	0.0	0.0	0.0	0.0	0.0	0.0	0.0	0.0	0.0	0.0
5290.478575029304	2.309046086656963	5.331693830305834	27989163.552844096	4260.009808953711	16.065325740254593	258.0946911404868	18147683.572381835	3533.2479424841067	0.3601398406767657	0.1297007048426862	12483841.023068173	3626.952811657543	6405.463815352502	0.630184	39.126141	0.1330985076561987	0.0845833059298725	-0.0059402618	0.047432329	-0.0355799135	-0.0107979983	-0.0018618105	0.0197986232	0.0524393764	0.0176253066	0.0032994285	-0.0064537217	0.0011188096	0.0126583744	0.0072311622	0.0061391104	-0.0140840087	0.0088613976	-0.0224353377	-0.0068650063	-0.0092354595	-0.0124572148	0.0136136799	0.0165073515	0.009981984	0.0244688052	-0.0260928764	0.0013882281	0.0157828174	0.028678505	-0.028101628	-0.0621087384	0.0074062143	0.025880777	0.0125709221	-0.0343315108	-0.0477583319	0.0822408329	0.0220040715	-0.042625236	0.0122461562	0.03940933	-0.0447820438	-0.03852072	-0.0196349252	-0.0286399335	-0.0175835912	0.0523835672	0.0544100036	-0.0004971793	-0.0569521104	-0.04397077	-0.010171654	0.0172688272	-0.0820666583	0.0453880801	0.0041113636	-0.0524494619	0.0859720514	-0.2822207722701506	0.0107379972168218	0.0796485643007602	0.0001153045842284	0.1196744520460555	-0.0119162272430485	0.0001419964717079	0.0143219744725236	1.7462618550581936	-0.0748073068543533	0.0055961331588013	3.049430466431284	0.0089984818928065	0.0004685165787721	2.1950778458440614e-07	8.097267637516644e-05	-0.0020713838284991	-0.000190425597264	4.290630964967589e-06	3.626190809335117e-08	-0.0006311925351512	5.37973508033e-05	2.8941549534533222e-09	3.984040164305988e-07	0.0	0.0	0.0	0.0	0.0	0.0	0.0	0.0	0.0	0.0	0.0	0.0	0.0	0.0	0.0	0.0	0.0	0.0	0.0	0.0	0.0	0.0	0.0	0.0	0.0	0.0	0.0	0.0	0.0	0.0	0.0	0.0	0.0	0.0	0.0	0.0	0.0	0.0	0.0	0.0	0.0	0.0	0.0	0.0	0.0	0.0	0.0	0.0	0.0	0.0	0.0	0.0	0.0	0.0	0.0	0.0	0.0	0.0	0.0	0.0	0.0	0.0	0.0	0.0	0.0	0.0	0.0	0.0	0.0	0.0	0.0	0.0	0.0	0.0	0.0	0.0	0.0	0.0	0.0	0.0	0.0	0.0	0.0	0.0	0.0	0.0	0.0	0.0	0.0	0.0	0.0	0.0	0.0	0.0	0.0	0.0	0.0	0.0	0.0	0.0	0.0	0.0	0.0	0.0	0.0	0.0	0.0	0.0	0.0	0.0
5293.018359234244	2.5397842049396786	6.450503807661075	28016043.351190764	4236.754981656123	-23.25482729758824	540.786992640655	17950092.774587978	3533.748593525773	0.5006510416660603	0.2506514655213113	12487379.122245377	3624.768078441351	6471.7622399404345	0.622185	38.629532	0.4240007709617412	0.2367835163959862	-0.0027879401	0.0297326483	-0.020918307	0.0274764454	0.0114419349	0.072751735	0.0182411458	0.0147457004	-0.0045072884	0.000414181	-0.0039226011	0.0158241821	-0.0078143061	0.0211901083	0.0023390448	-0.0071138526	0.0139149233	-0.0055774968	0.0068078277	-0.0149915611	-0.0087140901	0.0069915145	0.0063226429	-0.0042240308	0.0143028563	0.0159286802	0.0356721583	-0.0153273364	-0.0340899619	-0.0175266815	0.0171335519	-0.0165589084	0.0421788113	-0.0439616123	-0.1118094916	0.0757361916	-0.0347437644	-0.0448258497	0.0284707797	0.0145766959	-0.0839754896	-0.0400995374	0.0345096199	-0.0014197082	-0.0032451211	-0.0268497443	-0.0261912547	-0.0334037098	0.015845896	-0.0479739489	-0.0095321042	-0.0135990441	-0.0827605889	0.0477818483	0.0	-0.0477818483	0.0827605889	-0.2304540258616043	0.0517667464085462	0.0531090580358209	0.0026797960337267	0.1634171383158502	0.0437426862697947	0.0019134226020976	0.0267051610953417	1.5463731665501683	-0.1998886885080253	0.0399554877934583	2.391269970226394	0.010287505683514	0.0012890237907074	1.661582333009932e-06	0.0001058327731883	-0.0028341508819866	-0.0007627670534875	8.032411221865423e-06	5.818135778860029e-07	-0.0001109303838387	0.0005202621513124	2.706727060883106e-07	1.2305550058601314e-08	0.0	0.0	0.0	0.0	0.0	0.0	0.0	0.0	0.0	0.0	0.0	0.0	0.0	0.0	0.0	0.0	0.0	0.0	0.0	0.0	0.0	0.0	0.0	0.0	0.0	0.0	0.0	0.0	0.0	0.0	0.0	0.0	0.0	0.0	0.0	0.0	0.0	0.0	0.0	0.0	0.0	0.0	0.0	0.0	0.0	0.0	0.0	0.0	0.0	0.0	0.0	0.0	0.0	0.0	0.0	0.0	0.0	0.0	0.0	0.0	0.0	0.0	0.0	0.0	0.0	0.0	0.0	0.0	0.0	0.0	0.0	0.0	0.0	0.0	0.0	0.0	0.0	0.0	0.0	0.0	0.0	0.0	0.0	0.0	0.0	0.0	0.0	0.0	0.0	0.0	0.0	0.0	0.0	0.0	0.0	0.0	0.0	0.0	0.0	0.0	0.0	0.0	0.0	0.0	0.0	0.0	0.0	0.0	0.0	0.0
5298.574375420781	5.556016186536908	30.869315865060127	28074890.411865715	4264.210497234461	27.45551557833824	753.8053356723735	18183491.164724573	3534.533853461058	0.785259935285012	0.6166331659638213	12492929.561262274	3631.206297108825	6422.695862412612	0.558026	34.646091	0.2145066113515144	0.1323916564975294	0.0009941645	0.0409621921	-0.0211611928	0.019903265	0.0106644339	0.075767097	0.0382930892	0.0153164136	0.0230741472	-0.0025382608	-0.0327599337	0.0139519008	0.0023643658	-0.0178207955	-0.0003735553	0.0141183623	-0.009619657	-0.0197440133	0.0059986445	-0.0153600067	0.0021678994	-0.0202294452	0.009027003	0.0209457829	0.0004119352	-0.0040345594	0.0399322878	0.0151074015	-0.0268754479	-0.0375490935	0.011336672	0.0114703109	0.0405915958	-0.0530579463	-0.0841804718	0.0901845785	-0.0043612044	-0.060418505	0.031437738	0.0395440986	-0.0731445561	-0.0480567531	-0.0037734848	-0.0202259922	-0.0222176875	0.0502158053	0.0509641682	0.01114167	-0.0155695362	-0.0233057958	-0.002211335	0.0060592589	-0.0834374889	0.0501362882	-0.0041113636	-0.042956954	0.0791235388	-0.2452781795054619	-0.0148241536438576	0.0601613853415135	0.0002197555312566	0.1729512421293293	0.0095341038134791	9.089913552619684e-05	0.0299121321540778	1.644959166052601	0.0985859995024327	0.0097191992978936	2.705890657980469	0.0089991848439571	-0.0012883208395568	1.6597705856365924e-06	8.09853278557072e-05	-0.0031968842331102	-0.0003627333511235	1.0220068799908593e-05	1.315754840173568e-07	-0.0002911232809931	-0.0001801928971544	3.246948018489618e-08	8.475276473618747e-08	0.0	0.0	0.0	0.0	0.0	0.0	0.0	0.0	0.0	0.0	0.0	0.0	0.0	0.0	0.0	0.0	0.0	0.0	0.0	0.0	0.0	0.0	0.0	0.0	0.0	0.0	0.0	0.0	0.0	0.0	0.0	0.0	0.0	0.0	0.0	0.0	0.0	0.0	0.0	0.0	0.0	0.0	0.0	0.0	0.0	0.0	0.0	0.0	0.0	0.0	0.0	0.0	0.0	0.0	0.0	0.0	0.0	0.0	0.0	0.0	0.0	0.0	0.0	0.0	0.0	0.0	0.0	0.0	0.0	0.0	0.0	0.0	0.0	0.0	0.0	0.0	0.0	0.0	0.0	0.0	0.0	0.0	0.0	0.0	0.0	0.0	0.0	0.0	0.0	0.0	0.0	0.0	0.0	0.0	0.0	0.0	0.0	0.0	0.0	0.0	0.0	0.0	0.0	0.0	0.0	0.0	0.0	0.0	0.0	0.0
5282.31804284402	-16.256332576760542	264.26834884624606	27902883.90575548	4244.518396735598	-19.69210049886351	387.7788220573405	18015936.42022693	3532.063811805054	-2.470041656004014	6.101105782395051	12475474.770662846	3628.8014505950496	6400.055108013976	0.680666	42.260422	0.4326694843369143	0.2793936826873543	0.0277631717	0.0030336729	-0.0340287107	0.054711635	0.0284946238	0.0713076501	-0.0137210695	0.0150030154	-0.0152340005	0.0366572804	-0.0062082911	0.01278311	-0.0156447324	0.0160990541	0.0035821268	-0.012155521	0.018937491	0.0003074176	5.62606e-05	-0.0132231661	-0.010350158	0.0060393302	-0.0146152615	-0.0058562631	-0.009214375	0.0540004463	0.0643428619	-0.0236433011	-0.0264344145	-0.0027626447	0.047597584	-0.0130416758	0.0532152649	-0.0390824418	-0.0927087014	0.0684770345	-0.0153013356	-0.086408595	0.0339980263	0.0126314668	-0.0601152511	-0.0410238333	0.0285985891	0.015317017	0.0058230003	-0.0041437949	-0.0284377351	-0.0268200366	-0.0079561434	-0.042689295	-0.0021451376	-0.00140075	-0.0840972192	0.0524494619	-0.0082151139	-0.0379906609	0.0750796043	-0.2685208610363787	-0.0232426815309167	0.0721034528117181	0.0005402222447476	0.0981759657771732	-0.0747752763521561	0.0055913419535413	0.0096385202562806	1.3910465737161246	-0.2539125923364764	0.0644716045470296	1.9350105702473697	0.009797506969628	0.0007983221256708	6.373182163357036e-07	9.599114281990924e-05	-0.00260207335694	0.0005948108761702	6.7707857548970005e-06	3.537999784103611e-07	-0.0005127689614993	-0.0002216456805062	4.9126807687056497e-08	2.6293200787707066e-07	0.0	0.0	0.0	0.0	0.0	0.0	0.0	0.0	0.0	0.0	0.0	0.0	0.0	0.0	0.0	0.0	0.0	0.0	0.0	0.0	0.0	0.0	0.0	0.0	0.0	0.0	0.0	0.0	0.0	0.0	0.0	0.0	0.0	0.0	0.0	0.0	0.0	0.0	0.0	0.0	0.0	0.0	0.0	0.0	0.0	0.0	0.0	0.0	0.0	0.0	0.0	0.0	0.0	0.0	0.0	0.0	0.0	0.0	0.0	0.0	0.0	0.0	0.0	0.0	0.0	0.0	0.0	0.0	0.0	0.0	0.0	0.0	0.0	0.0	0.0	0.0	0.0	0.0	0.0	0.0	0.0	0.0	0.0	0.0	0.0	0.0	0.0	0.0	0.0	0.0	0.0	0.0	0.0	0.0	0.0	0.0	0.0	0.0	0.0	0.0	0.0	0.0	0.0	0.0	0.0	0.0	0.0	0.0	0.0	0.0
5331.149082257497	48.8310394134769	2384.4704102005344	28421150.537254952	4242.619249363402	-1.8991473721962395	3.606760741319881	17999818.095068872	3548.91871689127	16.85490508621615	284.087825465355	12594824.059101176	3630.128668932848	6522.585732921805	0.630523	39.147186	0.1852009521612808	0.1159979835168683	0.004077158	0.0141871008	-0.0381366937	0.092395846	0.0060808782	0.0902824522	-0.0119464673	0.0031470249	0.0090176009	-0.0114946707	0.0196506809	0.0328798646	0.002094562	-0.0241978032	-0.0331151628	-0.0134055722	0.0133683129	-0.007223065	0.0479646362	-0.0268111314	0.0001384686	-0.0099206885	-0.0420111549	0.0222591175	0.0413043542	-0.0100829761	0.0404184133	-0.0401328605	-0.0337518251	0.0028237612	0.0433248228	-0.0328816103	0.0649730257	-0.0424385089	-0.1159523904	0.0752969086	-0.0286081954	-0.0585815437	0.0382627445	0.0186888611	-0.0702122842	-0.0415560262	0.042605933	0.0079951195	0.0138308792	-0.0687322977	0.0036225163	-0.0424701129	0.0806540209	-0.0374753814	-0.0383080492	-0.0145675662	-0.0847396439	0.0547194656	-0.0123036518	-0.0328993162	0.070649581	-0.2468062671880204	0.0217145938483582	0.0609133335232845	0.0004715235859991	0.206162790078082	0.1079868243009087	0.0116611542225953	0.0425030960127793	1.3919802065568234	0.0009336328406988	8.716702812313219e-07	1.9376088954459767	0.0102984173591929	0.0005009103895648	2.509112183740596e-07	0.0001060574001041	-0.0028590031981754	-0.0002569298412353	8.173899287177165e-06	6.601294331724777e-08	-0.0001792911688733	0.000333477792626	1.1120743817470949e-07	3.2145323235954184e-08	0.0	0.0	0.0	0.0	0.0	0.0	0.0	0.0	0.0	0.0	0.0	0.0	0.0	0.0	0.0	0.0	0.0	0.0	0.0	0.0	0.0	0.0	0.0	0.0	0.0	0.0	0.0	0.0	0.0	0.0	0.0	0.0	0.0	0.0	0.0	0.0	0.0	0.0	0.0	0.0	0.0	0.0	0.0	0.0	0.0	0.0	0.0	0.0	0.0	0.0	0.0	0.0	0.0	0.0	0.0	0.0	0.0	0.0	0.0	0.0	0.0	0.0	0.0	0.0	0.0	0.0	0.0	0.0	0.0	0.0	0.0	0.0	0.0	0.0	0.0	0.0	0.0	0.0	0.0	0.0	0.0	0.0	0.0	0.0	0.0	0.0	0.0	0.0	0.0	0.0	0.0	0.0	0.0	0.0	0.0	0.0	0.0	0.0	0.0	0.0	0.0	0.0	0.0	0.0	0.0	0.0	0.0	0.0	0.0	0.0
5302.625137628147	-28.5239446293499	813.6154172182189	28117833.350205924	4260.808209936773	18.18896057337133	330.8382867396568	18154486.601864606	3546.3637966579863	-2.5549202332836103	6.527617398441977	12576696.178246448	3644.734757759202	6560.924305757664	0.869251	53.969059	0.2477974008073031	0.1842444035764751	-0.0174865173	-0.0053320928	-0.0105647516	0.0479144847	0.023256933	0.085775854	-0.0092859549	0.0131290782	0.0123020437	0.0463400007	-0.0099414421	0.0370422929	-0.0139770202	0.0025420867	0.0293920344	-0.0360147645	0.0293195226	0.0235560453	0.0049386445	-0.0361375287	-0.0121389584	-0.0060479688	-0.0251299145	-0.0262206758	0.0017303548	0.0404325248	0.0459133542	-0.0493340161	-0.0237497627	0.033047867	0.0180364692	-0.0164593331	0.0675781969	-0.0279965116	-0.1274380747	0.0271468852	-0.0730331694	-0.0428753332	0.0455091113	0.0268674698	-0.1133758125	-0.0460879309	0.0589456292	-0.0147376182	-0.0404893131	0.0005656117	-0.0168693113	-0.0352560578	0.0174162761	0.0237786213	0.0363953567	-0.0624998174	-0.0853646308	0.0569444308	-0.016369406	-0.0276996788	0.0658562496	-0.2121728376392297	0.0346334295487907	0.0450173130318829	0.001199474442311	0.2190750438315518	0.0129122537534697	0.0001667262969939	0.0479938748297963	1.3925443498286114	0.0005641432717879	3.182576311036669e-07	1.93917976623959	0.0137759102941684	0.0034774929349755	1.209295711280452e-05	0.0001897757044329	-0.0032540599948898	-0.0003950567967144	1.0588906450342205e-05	1.560698726302429e-07	-5.8089415898107503e-05	0.0001212017529751	1.468986492425958e-08	3.374380239383305e-09	0.0	0.0	0.0	0.0	0.0	0.0	0.0	0.0	0.0	0.0	0.0	0.0	0.0	0.0	0.0	0.0	0.0	0.0	0.0	0.0	0.0	0.0	0.0	0.0	0.0	0.0	0.0	0.0	0.0	0.0	0.0	0.0	0.0	0.0	0.0	0.0	0.0	0.0	0.0	0.0	0.0	0.0	0.0	0.0	0.0	0.0	0.0	0.0	0.0	0.0	0.0	0.0	0.0	0.0	0.0	0.0	0.0	0.0	0.0	0.0	0.0	0.0	0.0	0.0	0.0	0.0	0.0	0.0	0.0	0.0	0.0	0.0	0.0	0.0	0.0	0.0	0.0	0.0	0.0	0.0	0.0	0.0	0.0	0.0	0.0	0.0	0.0	0.0	0.0	0.0	0.0	0.0	0.0	0.0	0.0	0.0	0.0	0.0	0.0	0.0	0.0	0.0	0.0	0.0	0.0	0.0	0.0	0.0	0.0	0.0
5349.22396725009	46.59882962194297	2171.4509221348694	28614197.05180279	4281.260920085191	20.45271014841819	418.3133524152085	18329195.065848697	3543.5838586982427	-2.77993795974362	7.728055060023521	12556986.563626727	3634.919716579813	6735.043236983092	0.965628	59.952801	0.564138207104961	0.2653084814325774	-0.0495200061	-0.0271590907	0.0232673892	-0.0651716615	-0.0006016143	0.0089585357	0.0608249555	0.0151997719	0.019525865	-0.0190285811	-0.0153591626	0.0235533966	0.0087699469	-0.0124084769	0.0050890957	-0.0027677133	0.020178762	0.0028171569	0.0321843987	-0.024103314	0.0097018485	-0.0076642211	-0.0112105311	-0.0049741806	0.0213673733	-0.0017138525	0.0052224708	-0.0116994535	-0.0094592099	0.0283682878	-0.0294325	-0.0010597444	0.0432451799	-0.0060228262	-0.1087426162	-0.0184787471	-0.0343953107	-0.0088426982	0.0181999616	0.0291027085	-0.1655065403	-0.0700063884	0.014068707	-0.0388068291	-0.0422529522	0.0714180425	0.0524191112	0.0376677525	0.0093333381	0.0199633766	0.0490908743	-0.0314559489	-0.0859720514	0.0591225262	-0.020404848	-0.022408864	0.0607242596	-0.2369629075915327	-0.024790069952303	0.0561514195742332	0.00061454756824	0.329945468433408	0.1108704246018562	0.0122922510513958	0.108864012139741	1.5571881577071736	0.1646438078785621	0.0271075834727528	2.424834958503461	0.0178069161674833	0.0040310058733149	1.624900835069922e-05	0.0003170862633957	-0.0040230898482938	-0.000769029853404	1.6185251927444633e-05	5.914069154265782e-07	-0.000534731782624	-0.0004766423667258	2.2718794575806018e-07	2.859380793482408e-07	0.0	0.0	0.0	0.0	0.0	0.0	0.0	0.0	0.0	0.0	0.0	0.0	0.0	0.0	0.0	0.0	0.0	0.0	0.0	0.0	0.0	0.0	0.0	0.0	0.0	0.0	0.0	0.0	0.0	0.0	0.0	0.0	0.0	0.0	0.0	0.0	0.0	0.0	0.0	0.0	0.0	0.0	0.0	0.0	0.0	0.0	0.0	0.0	0.0	0.0	0.0	0.0	0.0	0.0	0.0	0.0	0.0	0.0	0.0	0.0	0.0	0.0	0.0	0.0	0.0	0.0	0.0	0.0	0.0	0.0	0.0	0.0	0.0	0.0	0.0	0.0	0.0	0.0	0.0	0.0	0.0	0.0	0.0	0.0	0.0	0.0	0.0	0.0	0.0	0.0	0.0	0.0	0.0	0.0	1.0	0.0	0.0	0.0	0.0	0.0	0.0	0.0	0.0	0.0	0.0	0.0	0.0	0.0	0.0	0.0
5251.723004983167	-97.50096226692312	9506.437642975969	27580594.521069422	4238.529242297488	-42.73167778770312	1825.99628655208	17965130.13781092	3534.147909077453	-9.43594962078987	89.03714524608449	12490201.443236532	3625.376977436979	6500.994244278246	1.106643	68.707947	0.50176405895203	0.3097704140238334	-0.0179991424	-0.0197087305	0.022757704	-0.1050452056	-0.0017103139	0.0185692032	0.022686122	0.0246841251	-0.0268527911	0.0028901194	-0.009413454	0.0119915296	0.0060441533	0.0068910429	0.0154657648	-0.0124534164	-0.0281273141	-0.0047236435	0.0016244863	-0.0149603653	-0.0026221853	-0.0002064704	0.0241270083	-0.010575624	-0.0050767252	-0.0248579018	-0.0323296198	0.006986542	-0.0165569699	-0.0227327372	-0.0403577947	0.0226507187	0.0049382419	-0.0292511732	-0.1046213262	0.0516162024	-0.0135441826	-0.0029050853	-0.0415221049	-0.0296396101	-0.1838808961	-0.0611567602	0.0492195233	-0.0115034193	-0.0017938322	0.0892762725	0.0066562271	0.0061710633	-0.0321935522	-0.0129802574	0.0991634594	0.0023428443	-0.0865617806	0.0612519591	-0.0244025048	-0.0170442873	0.0552800014	-0.2423343184327109	-0.0053714108411781	0.0587259218902465	2.885205442472644e-05	0.2190828432567002	-0.1108626251767078	0.0122905216610712	0.0479972922094398	1.7606587894606776	0.203470631753504	0.04140029798617	3.099919372905138	0.0145536457092904	-0.0032532704581929	1.0583768674150647e-05	0.0002118086034315	-0.0040726595733107	-4.956972501689999e-05	1.6586556000079297e-05	2.457157638251081e-09	-0.000196384142221	0.0003383476404029	1.1447912576627777e-07	3.856673131587796e-08	0.0	0.0	0.0	0.0	0.0	0.0	0.0	0.0	0.0	0.0	0.0	0.0	0.0	0.0	0.0	0.0	0.0	0.0	0.0	0.0	0.0	0.0	0.0	0.0	0.0	0.0	0.0	0.0	0.0	0.0	0.0	0.0	0.0	0.0	0.0	0.0	0.0	0.0	0.0	0.0	0.0	0.0	0.0	0.0	0.0	0.0	0.0	0.0	0.0	0.0	0.0	0.0	0.0	0.0	0.0	0.0	0.0	0.0	0.0	0.0	0.0	0.0	0.0	0.0	0.0	0.0	0.0	0.0	0.0	0.0	0.0	0.0	0.0	0.0	0.0	0.0	0.0	0.0	0.0	0.0	0.0	0.0	0.0	0.0	0.0	0.0	0.0	0.0	0.0	0.0	0.0	0.0	0.0	0.0	0.0	1.0	0.0	0.0	0.0	0.0	0.0	0.0	0.0	0.0	0.0	0.0	0.0	0.0	0.0	0.0
5203.707827932875	-48.01517705029164	2305.457227170853	27078575.158489883	4251.3751220703125	12.845879772824446	165.01662713786024	18074190.428558365	3501.2832015569807	-32.864707520472166	1080.0890004061798	12258984.0575051	3591.6028657295333	6690.707525369484	1.853188	115.058601	3.258697048881129	2.2555302942271007	0.001137386	-0.153979171	0.0832974452	-0.0223376252	0.0395301068	0.081482461	0.1230068163	0.0203690514	0.0262830407	-0.0060059006	-0.0556658858	-0.0278526896	-0.0035473407	0.0479225179	0.173643105	-0.0746876236	0.0415517643	0.1718303737	0.0144505522	0.0262920356	0.0016054213	0.0092865887	0.0312090393	-0.1672489339	-0.0845402876	0.0877023771	-0.1192731318	-0.0674550743	0.0554939514	0.1677584577	-0.1492277416	-0.0256580421	-0.1093244508	-0.0421111333	-0.1298980064	0.0998047304	0.183789529	0.0159587997	0.0695423203	-0.0381965128	0.0505294835	0.0486184106	0.125836855	0.1357211834	0.0629878374	-0.0252856709	-0.0112503411	0.0156262841	-0.0695842022	0.1208856096	0.1564739115	-0.1403525984	-0.0871336971	0.0633309768	-0.0283549738	-0.011623607	0.0495514717	-0.1705807380408828	0.071753580391828	0.0290977881905722	0.0051485762990465	1.0476210203199372	0.828538177063237	0.6864755108512718	1.0975098022161862	1.896114805501228	0.1354560160405504	0.0183483322815778	3.5952513556409595	0.0566072572999356	0.0420536115906452	0.0017685062478168	0.0032043815790211	-0.0051658253166739	-0.0010931657433632	2.6685751202389003e-05	1.1950113424628178e-06	-0.0015085923159229	-0.0013122081737019	1.721890291130076e-06	2.275850775661619e-06	0.0	0.0	0.0	0.0	0.0	0.0	0.0	0.0	0.0	0.0	0.0	0.0	0.0	0.0	0.0	0.0	0.0	0.0	0.0	0.0	0.0	0.0	0.0	0.0	0.0	0.0	0.0	0.0	0.0	0.0	0.0	0.0	0.0	0.0	0.0	0.0	0.0	0.0	0.0	0.0	0.0	0.0	0.0	0.0	0.0	0.0	0.0	0.0	0.0	0.0	0.0	0.0	0.0	0.0	0.0	0.0	0.0	0.0	0.0	0.0	0.0	0.0	0.0	0.0	0.0	0.0	0.0	0.0	0.0	0.0	0.0	0.0	0.0	0.0	0.0	0.0	0.0	0.0	0.0	0.0	0.0	0.0	0.0	0.0	0.0	0.0	0.0	0.0	0.0	0.0	0.0	0.0	0.0	0.0	0.0	0.0	1.0	0.0	0.0	0.0	0.0	0.0	0.0	0.0	0.0	0.0	0.0	0.0	0.0	0.0
5359.539707434617	155.83187950174215	24283.574669045487	28724665.875568345	4141.621012352432	-109.75410971788006	12045.964599964453	17153024.60995919	3544.874986044627	43.59178448764624	1900.243674817395	12566138.666684894	3626.5224414879167	6840.760013066381	1.790937	111.193619	0.310120578225315	0.1898136945530035	0.0062888056	-0.1513907028	0.177621386	-0.0023589769	0.1010254589	-0.0230632308	0.0712350443	-0.0036510714	-0.0827084062	0.1675080816	-0.0680606531	0.0310757786	-0.0050103665	0.0685883537	0.090931768	-0.0264770596	0.0968489017	0.0061288106	0.0463599748	-0.0307399728	-0.0258107831	0.049886442	0.0101627139	-0.1414300231	0.0423791956	0.0909864539	-0.0881153349	0.007165802	0.0490807981	0.1730259629	-0.194556569	0.0334835512	-0.0283916779	-0.0257861534	-0.1345677661	0.0889896211	0.2122571217	0.0100582551	0.034353505	-0.0091032935	0.0835396446	0.1000858164	0.0377844746	0.1074293874	0.0976986867	0.0180528372	0.0928938496	0.0312449375	-0.1794240938	-0.0613034351	0.0612043654	-0.0214637322	-0.0876876832	0.065357868	-0.0322549359	-0.0061646659	0.0435681289	-0.1627387346695172	0.0078420033713656	0.0264838957618355	6.149701687650974e-05	0.8748593588699833	-0.1727616614499538	0.0298465916669484	0.7653788978023983	1.9331949908850128	0.0370801853837847	0.0013749401480958	3.737242872782905	0.0557261782740694	-0.0008810790258661	7.763002498213283e-07	0.0031054069450333	-0.0060909745503301	-0.0009251492336561	3.709997097276896e-05	8.559011045346532e-07	-0.0015510986168047	-4.250630088180004e-05	1.806785614654115e-09	2.4059069190534536e-06	0.0	0.0	0.0	0.0	0.0	0.0	0.0	0.0	0.0	0.0	0.0	0.0	0.0	0.0	0.0	0.0	0.0	0.0	0.0	0.0	0.0	0.0	0.0	0.0	0.0	0.0	0.0	0.0	0.0	0.0	0.0	0.0	0.0	0.0	0.0	0.0	0.0	0.0	0.0	0.0	0.0	0.0	0.0	0.0	0.0	0.0	0.0	0.0	0.0	0.0	0.0	0.0	0.0	0.0	0.0	0.0	0.0	0.0	0.0	0.0	0.0	0.0	0.0	0.0	0.0	0.0	0.0	0.0	0.0	0.0	0.0	0.0	0.0	0.0	0.0	0.0	0.0	0.0	0.0	0.0	0.0	0.0	0.0	0.0	0.0	0.0	0.0	0.0	0.0	0.0	0.0	0.0	0.0	0.0	0.0	0.0	0.0	1.0	0.0	0.0	0.0	0.0	0.0	0.0	0.0	0.0	0.0	0.0	0.0	0.0
4963.439037219358	-396.100670215259	156895.74094497738	24635727.07619303	3788.071609653304	-353.5494026991282	124997.18014891034	14349486.519861376	3395.392956605689	-149.48202943893784	22344.87712518348	11528693.329767523	3437.7938273792533	5804.562772383632	3.415854	212.079605	7.860688745830797	4.557447597933484	0.1899922074	-0.0245032416	-0.1860933701	-0.127007125	-0.0969923361	0.1925453133	0.1908343756	-0.1900384028	-0.1426354075	0.1332290404	-0.0029456519	-0.2228318953	-0.1098071794	-0.0629815408	-0.0099429741	0.071705775	-0.1135063745	0.397360429	-0.0586489013	0.2376793258	-0.1201014421	0.0449060996	-0.0437589977	0.0733768929	-0.0784454951	0.0357092998	-0.3865756844	-0.1250753678	0.0998273769	0.0110966192	0.1306261334	-0.0425740211	-0.213896972	-0.2079498934	-0.0241675977	-0.0799730361	0.0879010262	0.1626545304	0.4993849784	-0.4392920153	0.0148724378	-0.0507916624	0.0507203283	-0.1127767512	0.0234757652	0.1122382257	0.0523154191	0.3131290895	0.2090477319	-0.1856383348	-0.1321674412	0.2142431076	-0.0882236248	0.0673309646	-0.0360951694	-0.000685433	0.0373607416	-0.8753362056044409	-0.7125974709349238	0.76621347284198	0.5077951555828495	-0.5305220141314351	-1.4053813730014184	1.975096803579352	0.2814536074780746	1.7967984715928085	-0.1363965192922043	0.0186040104750286	3.2284847475182525	-0.0234579416668293	-0.0791841199408987	0.0062701248508146	0.0005502750272443	0.0148412687274668	0.0209322432777969	0.0002202632574408	0.0004381588086408	-0.0135610030501541	-0.0120099044333494	0.0001442378044981	0.0001839008037262	0.0	0.0	0.0	0.0	0.0	0.0	0.0	0.0	0.0	0.0	0.0	0.0	0.0	0.0	0.0	0.0	0.0	0.0	0.0	0.0	0.0	0.0	0.0	0.0	0.0	0.0	0.0	0.0	0.0	0.0	0.0	0.0	0.0	0.0	0.0	0.0	0.0	0.0	0.0	0.0	0.0	0.0	0.0	0.0	0.0	0.0	0.0	0.0	0.0	0.0	0.0	0.0	0.0	0.0	0.0	0.0	0.0	0.0	0.0	0.0	0.0	0.0	0.0	0.0	0.0	0.0	0.0	0.0	0.0	0.0	0.0	0.0	0.0	0.0	0.0	0.0	0.0	0.0	0.0	0.0	0.0	0.0	0.0	0.0	0.0	0.0	0.0	0.0	0.0	0.0	0.0	0.0	0.0	0.0	0.0	0.0	0.0	0.0	1.0	0.0	0.0	0.0	0.0	0.0	0.0	0.0	0.0	0.0	0.0	0.0
5147.577032560303	184.13799534094505	33906.8013281819	26497549.306142338	4302.077855757886	514.0062461045818	264202.4210345239	18507873.87700237	3492.115856721912	96.72290011622316	9355.319406892884	12194873.156768614	3603.385092560674	6123.788627522741	2.748815	170.665268	3.1038793900379185	1.8350309698514824	0.0775944318	0.0320634379	-0.0691165531	-0.0194377598	-0.0179750027	0.172240615	0.0597538241	-0.0278950346	0.1535343627	-0.1097260647	0.0826954326	-0.057886976	0.057806902	-0.0070358204	0.0521904858	-0.0001245053	-0.0019241407	0.165109695	0.1016098142	0.0514910505	0.0950051394	-0.0186443579	0.0308218255	0.0037470648	-0.1118008776	0.060786368	0.0352363748	-0.0738660752	0.0569148833	-0.0173752425	0.0684626041	-0.0240677822	-0.0675395195	-0.1191301093	0.0716142923	-0.0268593827	-0.0306481496	0.0949532278	0.1312594632	-0.0879104645	0.115253631	-0.002485447	-0.0146587667	0.0872027991	0.0970186032	0.0080682302	-0.0432415029	0.0612367128	-0.0138960597	0.3043524243	0.0775771178	-0.2492078105	-0.0887414118	0.0692486424	-0.0398685628	0.0047960562	0.0309612306	-0.6769659184324013	0.1983702871720396	0.4582828547190246	0.0393507708327174	0.0766773892029846	0.6071994033344197	0.3686911154096752	0.0058794220149859	1.7371102099797042	-0.0596882616131042	0.0035626885743943	3.017551881615732	0.0057472057842239	0.0292051474510532	0.0008529406376377	3.303037432621666e-05	0.0033969891898431	-0.0114442795376237	1.153953555591088e-05	0.0001309715341352	-0.0094380012804639	0.0041230017696902	1.699914359286852e-05	8.907586817003822e-05	0.0	0.0	0.0	0.0	0.0	0.0	0.0	0.0	0.0	0.0	0.0	0.0	0.0	0.0	0.0	0.0	0.0	0.0	0.0	0.0	0.0	0.0	0.0	0.0	0.0	0.0	0.0	0.0	0.0	0.0	0.0	0.0	0.0	0.0	0.0	0.0	0.0	0.0	0.0	0.0	0.0	0.0	0.0	0.0	0.0	0.0	0.0	0.0	0.0	0.0	0.0	0.0	0.0	0.0	0.0	0.0	0.0	0.0	0.0	0.0	0.0	0.0	0.0	0.0	0.0	0.0	0.0	0.0	0.0	0.0	0.0	0.0	0.0	0.0	0.0	0.0	0.0	0.0	0.0	0.0	0.0	0.0	0.0	0.0	0.0	0.0	0.0	0.0	0.0	0.0	0.0	0.0	0.0	0.0	0.0	0.0	0.0	0.0	0.0	1.0	0.0	0.0	0.0	0.0	0.0	0.0	0.0	0.0	0.0	0.0
5287.306015447748	139.72898288744454	19524.18865875977	27955604.900989942	3948.6681452936687	-353.40971046421737	124898.42345040196	15591980.12165694	3523.9040255684386	31.78816884652633	1010.4876786152672	12417899.581417449	3577.011150467564	6633.316125250859	2.398404	148.909348	2.288526134208232	1.316540410932403	0.0045813136	-0.0670289333	0.0410283929	0.011112738	0.0354748688	-0.0102968143	0.00904217	-0.1044708507	-0.1582323403	0.1500339796	0.1272116183	0.0078949478	-0.0940182557	0.0804807161	0.0755061214	-0.0710364039	0.1021554829	0.0687175777	-0.117295489	0.0084397161	-0.0920730236	0.101049899	-0.0932014081	-0.1013095002	-0.0169890203	0.1132933798	-0.0769392415	-0.0619062719	0.0112561538	0.1080959746	6.29086e-05	0.0247485501	0.0118387994	0.006452818	0.0772774645	-0.078136889	-0.0467793044	-0.1083283473	0.0573101114	0.0610817675	0.018476115	-0.144636353	-0.0510143866	0.1166185749	-0.071274862	0.0200907547	-0.1576962992	-0.0169189344	-0.1015053716	0.0105611279	0.0254960735	0.1677213642	-0.0892409375	0.0711093231	-0.0435681289	0.0102617584	0.0244025048	-0.4792367642740629	0.1977291541583383	0.2296678762318737	0.0390968184041719	0.2452228654013026	0.168545476198318	0.0284075775469177	0.0601342537156253	0.9598217897556368	-0.7772884202240674	0.6041772882144264	0.921257868089714	0.0221566113753486	0.0164094055911247	0.000269268591854	0.0004909154276382	2.701565863194588e-05	-0.0033699735312111	7.298458113178319e-10	1.1356721601063776e-05	-0.0063181187302496	0.0031198825502143	9.733667127131686e-06	3.9918624289530817e-05	0.0	0.0	0.0	0.0	0.0	0.0	0.0	0.0	0.0	0.0	0.0	0.0	0.0	0.0	0.0	0.0	0.0	0.0	0.0	0.0	0.0	0.0	0.0	0.0	0.0	0.0	0.0	0.0	0.0	0.0	0.0	0.0	0.0	0.0	0.0	0.0	0.0	0.0	0.0	0.0	0.0	0.0	0.0	0.0	0.0	0.0	0.0	0.0	0.0	0.0	0.0	0.0	0.0	0.0	0.0	0.0	0.0	0.0	0.0	0.0	0.0	0.0	0.0	0.0	0.0	0.0	0.0	0.0	0.0	0.0	0.0	0.0	0.0	0.0	0.0	0.0	0.0	0.0	0.0	0.0	0.0	0.0	0.0	0.0	0.0	0.0	0.0	0.0	0.0	0.0	0.0	0.0	0.0	0.0	0.0	0.0	0.0	0.0	0.0	0.0	1.0	0.0	0.0	0.0	0.0	0.0	0.0	0.0	0.0	0.0
5329.246856340573	41.94084089282478	1759.0341347972433	28400872.05581588	4281.901155543409	333.23301024974035	111044.23912010356	18334677.505843986	3541.996935149225	18.09290958078645	327.3533770985143	12545742.288606504	3637.915620400872	6697.906450703283	1.632433	101.352592	0.5151859611258334	0.3511788953219997	-0.0096371016	0.0065101936	0.0097522207	0.0651080633	0.0377143705	0.039403776	-0.0432069433	-0.0113421166	0.087876096	-0.0935407642	-0.0040571989	0.0155878851	0.0012198562	-0.0077373669	-0.0197404751	0.0066096173	0.0535054158	0.0187941925	0.0010565995	-0.0120285051	0.015486525	-0.0200345554	-0.0387551762	-0.0043712286	0.0257135891	0.0277217176	0.0420109532	-0.0332379563	0.0180622351	0.0640713061	0.0181361101	-0.0275199161	0.017140591	0.0091301039	0.0309277598	-0.085368178	-0.0535099271	-0.0276215216	0.0600763691	0.0376143254	0.0390272155	-0.0400382859	-0.0781028454	0.0261264863	0.0423167648	-0.0637115045	-0.0303460515	-0.0403626026	-0.0048516684	0.0867519007	-0.053301794	-0.053709545	-0.0897220992	0.0729114752	-0.0471870168	0.0156936827	0.0177182917	-0.4439110760724105	0.0353256882016524	0.1970570434597654	0.0012479042469203	0.2658282173457849	0.0206053519444822	0.0004245805287559	0.0706646411372378	1.251393275767768	0.2915714860121311	0.0850139314553223	1.565985130636785	0.0197593223799578	-0.0023972889953907	5.746994527421824e-06	0.0003904308209151	0.000150327858295	0.000123312199663	2.25984649795616e-08	1.5205898585740923e-08	-0.0054850512259521	0.0008330675042974	6.940014667164643e-07	3.008578695131864e-05	0.0	0.0	0.0	0.0	0.0	0.0	0.0	0.0	0.0	0.0	0.0	0.0	0.0	0.0	0.0	0.0	0.0	0.0	0.0	0.0	0.0	0.0	0.0	0.0	0.0	0.0	0.0	0.0	0.0	0.0	0.0	0.0	0.0	0.0	0.0	0.0	0.0	0.0	0.0	0.0	0.0	0.0	0.0	0.0	0.0	0.0	0.0	0.0	0.0	0.0	0.0	0.0	0.0	0.0	0.0	0.0	0.0	0.0	0.0	0.0	0.0	0.0	0.0	0.0	0.0	0.0	0.0	0.0	0.0	0.0	0.0	0.0	0.0	0.0	0.0	0.0	0.0	0.0	0.0	0.0	0.0	0.0	0.0	0.0	0.0	0.0	0.0	0.0	0.0	0.0	0.0	0.0	0.0	0.0	0.0	0.0	0.0	0.0	0.0	0.0	0.0	1.0	0.0	0.0	0.0	0.0	0.0	0.0	0.0	0.0
5261.509233282134	-67.73762305843866	4588.3855776071205	27683479.41191315	4175.47329336954	-106.42786217386856	11326.889846899963	17434577.223642275	3529.662462571376	-12.334472577848828	152.1392137737047	12458517.099685432	3621.2727283424056	6370.560939837584	1.501506	93.22374	0.3291487156245706	0.2374176077039974	0.008836233	-0.0063101807	-0.0166718535	-0.0223257573	0.0981202467	0.0093005648	0.0557780517	-0.032432845	-0.0240800406	0.0975241027	-0.0004568983	0.0040172772	-0.0170452502	0.0430856206	0.0159894707	-0.0048279184	0.0453159692	-0.0041581424	-0.0272162765	-0.0026240712	-0.016168371	0.0304566206	-0.0079636026	-0.0264381666	0.0090192131	0.0605053389	0.0274072727	-0.0223051725	0.0130388678	0.0300300817	0.0227366858	0.0163697448	0.0442868377	0.0061555284	0.0190452254	-0.0668138443	-0.049749645	-0.0474417203	0.0290729792	0.0461259994	-0.0230772469	-0.006828043	-0.0711970088	0.0928055472	-0.0923418278	0.1520179296	-0.0572581776	0.07980065	-0.1876878406	0.0542798868	0.1114533634	0.0470069188	-0.0901847978	0.0746536153	-0.0507185253	0.0210739489	0.0109429642	-0.457678711844764	-0.0137676357723535	0.2094698032758825	0.0001895477947601	0.2658976843140408	6.94669682559379e-05	4.825659678671484e-09	0.0707015785235693	1.403066554252959	0.151673278485191	0.0230047834064463	1.968595755663272	0.0168501260695925	-0.0029091963103653	8.463423172243088e-06	0.0002839267485611	0.0004389551856984	0.0002886273274034	1.9268165505151686e-07	8.330573412402949e-08	-0.0054101081757454	7.494305020669997e-05	5.6164607742839524e-09	2.9269270473267224e-05	0.0	0.0	0.0	0.0	0.0	0.0	0.0	0.0	0.0	0.0	0.0	0.0	0.0	0.0	0.0	0.0	0.0	0.0	0.0	0.0	0.0	0.0	0.0	0.0	0.0	0.0	0.0	0.0	0.0	0.0	0.0	0.0	0.0	0.0	0.0	0.0	0.0	0.0	0.0	0.0	0.0	0.0	0.0	0.0	0.0	0.0	0.0	0.0	0.0	0.0	0.0	0.0	0.0	0.0	0.0	0.0	0.0	0.0	0.0	0.0	0.0	0.0	0.0	0.0	0.0	0.0	0.0	0.0	0.0	0.0	0.0	0.0	0.0	0.0	0.0	0.0	0.0	0.0	0.0	0.0	0.0	0.0	0.0	0.0	0.0	0.0	0.0	0.0	0.0	0.0	0.0	0.0	0.0	0.0	0.0	0.0	0.0	0.0	0.0	0.0	0.0	0.0	1.0	0.0	0.0	0.0	0.0	0.0	0.0	0.0
5212.841807702874	-48.66742557926045	2368.5183125128547	27173719.712134965	4148.672580028963	-26.800713340577204	718.2782355637929	17211484.176284175	3509.658344129148	-20.00411844222799	400.164754650686	12317701.692515356	3584.7585711680667	6321.414758739073	1.633547	101.421799	0.7961327984627034	0.4092605384697778	0.0748769241	0.0083728032	-0.0407590958	0.0087374754	0.0338589075	-0.0004651801	0.0258165464	-0.0375011786	-0.0299971375	-0.0093776557	-0.0191145444	-0.0281411937	-0.0159094159	0.0951669778	-0.0214582237	0.0378798718	0.0754659001	0.014584187	-0.0251292969	0.035459676	-0.0225378892	0.073117452	0.0065724398	-0.0241013759	0.0645022716	0.0353194052	-0.0124491358	-0.0101652373	0.0243742151	-0.0123721419	0.0468846762	-0.0333373775	-0.0027298234	-0.0606246099	0.0735082707	-0.0432070846	-0.0066803832	0.0284412368	0.0583424976	-0.0688841382	0.1012970717	0.0824615844	-0.1108150339	0.0804411168	0.0529621026	-0.0072847441	0.0574852761	-0.0314215098	0.006508627	0.0632907871	0.0144633989	0.0420256564	-0.0906289382	0.0763343096	-0.0541561147	0.0263848473	0.0041113636	-0.5822913737480064	-0.1246126619032424	0.3390632439413405	0.0155283155066118	0.2309005577175042	-0.0349971265965366	0.001224798870014	0.0533150675542544	1.3902373945706046	-0.0128291596823544	0.0001645873381553	1.932760013262463	0.0124446069218699	-0.0044055191477225	1.940859896095045e-05	0.0001548682414398	0.0053993319730845	0.0049603767873861	2.9152785755572565e-05	2.460533787283885e-05	-0.0085180892462481	-0.0031079810705026	9.659546334603104e-06	7.255784440704752e-05	0.0	0.0	0.0	0.0	0.0	0.0	0.0	0.0	0.0	0.0	0.0	0.0	0.0	0.0	0.0	0.0	0.0	0.0	0.0	0.0	0.0	0.0	0.0	0.0	0.0	0.0	0.0	0.0	0.0	0.0	0.0	0.0	0.0	0.0	0.0	0.0	0.0	0.0	0.0	0.0	0.0	0.0	0.0	0.0	0.0	0.0	0.0	0.0	0.0	0.0	0.0	0.0	0.0	0.0	0.0	0.0	0.0	0.0	0.0	0.0	0.0	0.0	0.0	0.0	0.0	0.0	0.0	0.0	0.0	0.0	0.0	0.0	0.0	0.0	0.0	0.0	0.0	0.0	0.0	0.0	0.0	0.0	0.0	0.0	0.0	0.0	0.0	0.0	0.0	0.0	0.0	0.0	0.0	0.0	0.0	0.0	0.0	0.0	0.0	0.0	0.0	0.0	0.0	1.0	0.0	0.0	0.0	0.0	0.0	0.0
5274.399324984889	61.5575172820154	3789.327933925624	27819288.239401054	4263.348148593317	114.67556856435384	13150.486025557822	18176137.436114065	3532.9185260241047	23.26018189495653	541.0360617864636	12481513.311524332	3633.494153224248	6489.889287935887	1.213952	75.370422	0.3253260540207423	0.219697585239936	0.0204115508	0.0113985359	-0.0081533696	0.0373853396	0.0889416352	0.0488386527	-0.0968123838	0.0004408867	0.0218331887	0.0338176617	-0.0353943226	0.0041236327	0.0014390829	0.0179059987	0.0195600558	-0.0006148821	0.0273565668	0.0273689549	0.0144677435	-0.0061339012	-0.0060381777	-0.0168840983	0.0021499534	-0.0312379636	0.0312592155	0.0281455001	0.0226067007	-0.0535282366	0.0116785661	0.0357804694	0.0374490032	-0.0273211942	0.0052446969	-0.0359556136	0.0734611858	-0.1209644538	-0.0597992277	-0.0050072907	0.0370866937	-0.0182187823	0.1366647442	0.0937366523	-0.1001907808	0.0705251731	0.0117508225	-0.0236002581	-0.0711189627	-0.0074928836	0.0197033094	0.0645155633	0.0235356167	0.0142634784	-0.0910544289	0.0779521747	-0.0574934194	0.0316088963	-0.0027413792	-0.61246204527842	-0.0301706715304135	0.3751097569066253	0.0009102694205961	0.2573221492680915	0.0264215915505872	0.000698100500066	0.0662146885039499	1.3182920721723832	-0.0719453223982213	0.005176129414984	1.737893987552556	0.0160468140606381	0.0036022071387682	1.2975896270592593e-05	0.0002575002414966	0.0056147090485492	0.0002153770754646	3.1524957699860264e-05	4.6387284635726955e-08	-0.0086362744028456	-0.0001181851565975	1.3967731239975697e-08	7.458523556124612e-05	0.0	0.0	0.0	0.0	0.0	0.0	0.0	0.0	0.0	0.0	0.0	0.0	0.0	0.0	0.0	0.0	0.0	0.0	0.0	0.0	0.0	0.0	0.0	0.0	0.0	0.0	0.0	0.0	0.0	0.0	0.0	0.0	0.0	0.0	0.0	0.0	0.0	0.0	0.0	0.0	0.0	0.0	0.0	0.0	0.0	0.0	0.0	0.0	0.0	0.0	0.0	0.0	0.0	0.0	0.0	0.0	0.0	0.0	0.0	0.0	0.0	0.0	0.0	0.0	0.0	0.0	0.0	0.0	0.0	0.0	0.0	0.0	0.0	0.0	0.0	0.0	0.0	0.0	0.0	0.0	0.0	0.0	0.0	0.0	0.0	0.0	0.0	0.0	0.0	0.0	0.0	0.0	0.0	0.0	0.0	0.0	0.0	0.0	0.0	0.0	0.0	0.0	0.0	0.0	0.0	0.0	0.0	0.0	0.0	0.0
5327.461738850891	53.06241386600232	2815.619765286915	28381848.578920163	4219.388850085157	-43.95929850815992	1932.4199253295108	17803242.268222947	3546.965264724016	14.046738699911202	197.31086810358303	12580962.589158708	3631.511210052061	6521.212547642966	0.8850139999999999	54.94772	0.469279601678674	0.225798889889774	0.0163690268	0.0046748425	-0.0206089945	0.0540791977	0.0572795025	0.0485183936	-0.0456022512	-0.0092931044	0.0011359867	0.0413764432	0.0206189096	0.0208252617	0.0043971599	-0.0182452977	-0.0378337774	0.0073930115	0.0211966035	-0.0085943441	0.033356265	-0.0159703145	0.001555672	0.0039812977	-0.0399187536	0.0247690718	0.0356545937	0.0146524481	0.02885776	-0.0322111994	0.0059420719	0.0109972459	0.0459238298	-0.0310340372	0.0241693446	-0.0226092522	0.0412325696	-0.0879763048	-0.03204216	-0.0340038533	0.0080913404	0.0012106131	0.0998851226	0.0930361789	-0.0750208329	0.0639242852	0.0219953175	-0.0209067849	-0.0619573369	0.0014967181	0.0330590669	0.0712027975	0.0045676965	-0.0216432314	-0.0914611824	0.0795058789	-0.0607242596	0.0367289002	-0.0095800247	-0.538602090666572	0.0738599546118479	0.2900922120704023	0.0054552928952642	0.1144928880710693	-0.1428292611970222	0.0204001978540871	0.0131086214188544	1.3113129552545644	-0.0069791169178188	4.870807295258498e-05	1.719541666618459	0.0140263407747669	-0.0020204732858712	4.082312298919171e-06	0.0001967382355298	0.0036839192053204	-0.0019307898432288	1.3571260711328486e-05	3.727949418715495e-06	-0.0076753121529059	0.0009609622499397	9.234484458091708e-07	5.8910416644545e-05	0.0	0.0	0.0	0.0	0.0	0.0	0.0	0.0	0.0	0.0	0.0	0.0	0.0	0.0	0.0	0.0	0.0	0.0	0.0	0.0	0.0	0.0	0.0	0.0	0.0	0.0	0.0	0.0	0.0	0.0	0.0	0.0	0.0	0.0	0.0	0.0	0.0	0.0	0.0	0.0	0.0	0.0	0.0	0.0	0.0	0.0	0.0	0.0	0.0	0.0	0.0	0.0	0.0	0.0	0.0	0.0	0.0	0.0	0.0	0.0	0.0	0.0	0.0	0.0	0.0	0.0	0.0	0.0	0.0	0.0	0.0	0.0	0.0	0.0	0.0	0.0	0.0	0.0	0.0	0.0	0.0	0.0	0.0	0.0	0.0	0.0	0.0	0.0	0.0	0.0	0.0	0.0	0.0	0.0	0.0	0.0	0.0	0.0	0.0	0.0	0.0	0.0	0.0	0.0	0.0	0.0	0.0	0.0	0.0	0.0
5302.117965986981	-25.34377286391009	642.3068229774655	28112454.925241925	4278.973724886012	59.58487480085478	3550.3573050335385	18309616.138264872	3543.770146305621	-3.195118418394941	10.208781707566589	12558306.849846965	3637.345061355913	6443.730965855706	0.725407	45.03825	0.3706030326605698	0.2043589196338583	0.0230825072	0.0417219154	-0.0227390004	0.0466561161	0.040187839	0.048753495	-0.0444768779	0.01932828	0.0047330883	0.002864414	0.0018376194	0.014057715	0.0084616864	-0.0189946418	-0.0176523658	0.000630359	-0.0136353852	-0.0107845236	0.0289023264	-0.012857545	0.0054149031	-0.0162361075	-0.0066753651	0.0255389402	0.0195330338	-0.0142301612	0.034772635	-0.0285914263	0.0015721068	-0.021875012	0.0439542443	-0.0164693581	0.0396433208	-0.0260829587	0.0464441187	-0.0465562017	-0.0101191852	-0.0246906896	-0.0054100574	-0.0011087093	0.1012950649	0.092415131	-0.0617171687	0.0710289738	-0.0258646585	0.0599085422	-0.030154155	0.041058433	-0.0264273864	0.0463159993	0.0308672306	0.0312821851	-0.091849115	0.0809941435	-0.0638426524	0.0417280058	-0.016369406	-0.5179495960115759	0.0206524946549961	0.2682717840085546	0.0004265255354746	0.1431708569073748	0.0286779688363054	0.0008224258965761	0.0204978942675919	1.4559046192372025	0.1445916639826381	0.0209067492932681	2.1196582603162235	0.0123769762301981	-0.0016493645445688	2.7204034008806456e-06	0.0001531895406028	0.002637824367665	-0.0010460948376554	6.958117394647257e-06	1.0943144093692777e-06	-0.0068371534313975	0.0008381587215084	7.02510042440596e-07	4.6746667044470606e-05	0.0	0.0	0.0	0.0	0.0	0.0	0.0	0.0	0.0	0.0	0.0	0.0	0.0	0.0	0.0	0.0	0.0	0.0	0.0	0.0	0.0	0.0	0.0	0.0	0.0	0.0	0.0	0.0	0.0	0.0	0.0	0.0	0.0	0.0	0.0	0.0	0.0	0.0	0.0	0.0	0.0	0.0	0.0	0.0	0.0	0.0	0.0	0.0	0.0	0.0	0.0	0.0	0.0	0.0	0.0	0.0	0.0	0.0	0.0	0.0	0.0	0.0	0.0	0.0	0.0	0.0	0.0	0.0	0.0	0.0	0.0	0.0	0.0	0.0	0.0	0.0	0.0	0.0	0.0	0.0	0.0	0.0	0.0	0.0	0.0	0.0	0.0	0.0	0.0	0.0	0.0	0.0	0.0	0.0	0.0	0.0	0.0	0.0	0.0	0.0	0.0	0.0	0.0	0.0	0.0	0.0	0.0	0.0	0.0	0.0
5339.155952151963	37.0379861649817	1371.812419157376	28506586.28139973	4261.909116048455	-17.06460883755699	291.2008747788281	18163869.313456923	3547.2463703094268	3.4762240038057826	12.084133324635506	12582956.811673405	3633.572368138273	6591.201928604969	0.745186	46.266243	0.1432661765479756	0.0888921128001065	0.0014134351	0.0147007308	-0.0287845498	0.042692454	-0.0171661145	-0.0053975787	-0.0079095472	0.0095337	-0.0020407574	-0.0169705558	0.0253823364	0.0187980778	0.00258341	-0.0201893428	-0.0506735855	0.031005435	-0.0142945729	-0.0340574129	0.0213538098	-0.01534471	0.0013614758	0.0052548029	-0.0144118177	0.0543048784	0.0312141567	-0.0216303251	0.0169470091	0.0092817883	-0.0043779626	-0.0329116963	0.0349148925	-0.035608263	0.0051760342	-0.0148348332	0.0376960687	-0.0327939221	0.0066260284	0.0070425847	-0.0391541289	-0.0132853001	0.0850467795	0.0940111652	-0.0019199795	0.0519075495	0.0486882365	-0.0226472211	-0.0232469263	-0.0066347083	0.0650945385	0.0300032899	-0.0202836831	-0.0123179764	-0.0922181468	0.0824157435	-0.0668428233	0.0465897578	-0.0230746094	-0.5124787721444903	0.0054708238670855	0.2626344918987244	2.992991378467265e-05	0.0568124912979328	-0.0863583656094419	0.007457767310734	0.0032276591674776	1.4682164086468106	0.012311789409608	0.0001515801584665	2.1556594226197383	0.0126590967355834	0.0002821205053852	7.959197955885703e-08	0.0001602527301608	0.0029118139828112	0.0002739896151462	8.478660670494824e-06	7.507030920796286e-08	-0.0066107595986922	0.0002263938327052	5.125416748699525e-08	4.370214247170106e-05	0.0	0.0	0.0	0.0	0.0	0.0	0.0	0.0	0.0	0.0	0.0	0.0	0.0	0.0	0.0	0.0	0.0	0.0	0.0	0.0	0.0	0.0	0.0	0.0	0.0	0.0	0.0	0.0	0.0	0.0	0.0	0.0	0.0	0.0	0.0	0.0	0.0	0.0	0.0	0.0	0.0	0.0	0.0	0.0	0.0	0.0	0.0	0.0	0.0	0.0	0.0	0.0	0.0	0.0	0.0	0.0	0.0	0.0	0.0	0.0	0.0	0.0	0.0	0.0	0.0	0.0	0.0	0.0	0.0	0.0	0.0	0.0	0.0	0.0	0.0	0.0	0.0	0.0	0.0	0.0	0.0	0.0	0.0	0.0	0.0	0.0	0.0	0.0	0.0	0.0	0.0	0.0	0.0	0.0	0.0	0.0	0.0	0.0	0.0	0.0	0.0	0.0	0.0	0.0	0.0	0.0	0.0	0.0	0.0	0.0
5309.731214955328	-29.42473719663485	865.8151590910265	28193245.575070985	4272.405449356235	10.496333307780333	110.17301290801882	18253448.323688854	3542.795046218941	-4.451324090485741	19.81428615853871	12551396.739513468	3636.717016032044	6637.591756785907	0.770632	47.846092	0.2986123607302233	0.1704227506441569	-0.0190107246	0.0463493599	-0.0004369971	0.0220608606	-0.0264709305	0.0210395589	-0.0575413109	0.0083938851	0.0173018155	-0.0071507459	-0.0068042133	0.0103810324	0.0067801063	-0.0159610333	-0.0267335695	7.82022e-05	-0.0307479793	-0.0213896334	0.0061188834	-0.010764652	0.005974874	-0.0125126164	0.0115660874	0.0325979343	0.0097055262	-0.0573384985	0.0147134974	-0.0039013266	-0.0029711912	-0.0475914468	0.0261903912	-0.0216029936	0.0162914927	-0.023871337	0.0415638205	-0.0240877576	-0.0086506202	0.0149191569	-0.0279268908	-0.0004392643	0.0760988662	0.0682736465	-0.0184173069	0.0711977854	-0.0011952084	0.039779653	-0.0507136226	0.060113515	0.0012411004	0.0550927118	0.0281844363	-0.0314219542	-0.0925682019	0.0837695089	-0.0697192167	0.0512981531	-0.0296611541	-0.5144826880377309	-0.0020039158932405	0.2646924362905291	4.015678907182111e-06	0.1005388938669966	0.0437264025690638	0.0019119982816318	0.0101080691799992	1.6078243285380296	0.139607919891219	0.019490371296353	2.5850990714387656	0.0122886645200728	-0.0003704322155105	1.3722002628809112e-07	0.0001510112756868	0.0015760250220342	-0.001335788960777	2.4838548700779004e-06	1.784332147733698e-06	-0.0071700208699386	-0.0005592612712464	3.127731695161399e-07	5.140919927535508e-05	0.0	0.0	0.0	0.0	0.0	0.0	0.0	0.0	0.0	0.0	0.0	0.0	0.0	0.0	0.0	0.0	0.0	0.0	0.0	0.0	0.0	0.0	0.0	0.0	0.0	0.0	0.0	0.0	0.0	0.0	0.0	0.0	0.0	0.0	0.0	0.0	0.0	0.0	0.0	0.0	0.0	0.0	0.0	0.0	0.0	0.0	0.0	0.0	0.0	0.0	0.0	0.0	0.0	0.0	0.0	0.0	0.0	0.0	0.0	0.0	0.0	0.0	0.0	0.0	0.0	0.0	0.0	0.0	0.0	0.0	0.0	0.0	0.0	0.0	0.0	0.0	0.0	0.0	0.0	0.0	0.0	0.0	0.0	0.0	0.0	0.0	0.0	0.0	0.0	0.0	0.0	0.0	0.0	0.0	0.0	0.0	0.0	0.0	0.0	0.0	0.0	0.0	0.0	0.0	0.0	0.0	0.0	0.0	0.0	0.0
5311.959006077239	2.227791121910741	4.963053282864317	28216908.482245088	4262.040316324592	-10.36513303164338	107.43598276366473	18164987.65797623	3530.488805125291	-12.306241093649987	151.44356985503964	12464351.203115003	3625.047447715007	6780.678215673523	1.188163	73.769272	1.7865934663855958	1.143155020408102	-0.0115875312	-0.0652943323	0.0477536354	-0.0447274645	-0.0814241003	-0.0402038709	0.052373564	0.0155627404	-0.0161651944	0.0022958415	0.0011074093	0.0016392545	0.0135499933	0.0653826237	0.0807298108	0.0153599631	0.0542354322	0.0499680209	-0.0047753219	-0.0038976396	0.0039714368	0.028574878	0.0251832824	-0.0841183188	0.0152857411	0.0710478898	-0.0455692409	-0.0339754534	0.029058449	0.0846221329	-0.0617436446	0.0135572341	-0.0433219993	0.0382856284	0.0518747966	-0.0297840322	-0.0017684312	-0.0181734671	-0.0178537598	-0.0238345728	0.0049918589	-0.1928495899	0.0101984536	-0.0305797257	-0.1181175598	-0.0471042799	-0.0586557086	-0.0023004901	-0.041777481	0.0921311238	-0.0287755697	-0.0023407708	-0.0928992083	0.0850543252	-0.0724665061	0.0558376933	-0.0360951694	-0.3927434917677601	0.1217391962699708	0.1542474503259326	0.0148204319084584	0.3103584481309269	0.2098195542639302	0.0440242453515143	0.0963223663262372	1.2203861998526548	-0.3874381286853747	0.150108303559225	1.489342476790804	0.0306719965998012	0.0183833320797284	0.0003379468983535	0.0009407713754182	0.0010649914767608	-0.0005110335452733	1.1342068455731495e-06	2.611552843947001e-07	-0.004712454751614	0.0024575661183246	6.039631225937044e-06	2.220722978600937e-05	0.0	0.0	0.0	0.0	0.0	0.0	0.0	0.0	0.0	0.0	0.0	0.0	0.0	0.0	0.0	0.0	0.0	0.0	0.0	0.0	0.0	0.0	0.0	0.0	0.0	0.0	0.0	0.0	0.0	0.0	0.0	0.0	0.0	0.0	0.0	0.0	0.0	0.0	0.0	0.0	0.0	0.0	0.0	0.0	0.0	0.0	0.0	0.0	0.0	0.0	0.0	0.0	0.0	0.0	0.0	0.0	0.0	0.0	0.0	0.0	0.0	0.0	0.0	0.0	0.0	0.0	0.0	0.0	0.0	0.0	0.0	0.0	0.0	0.0	0.0	0.0	0.0	0.0	0.0	0.0	0.0	0.0	0.0	0.0	0.0	0.0	0.0	0.0	0.0	0.0	0.0	0.0	0.0	0.0	0.0	0.0	0.0	0.0	0.0	0.0	0.0	0.0	0.0	0.0	1.0	0.0	0.0	0.0	0.0	0.0
5345.0715609355775	33.112554858338626	1096.441289246485	28569789.99152229	4244.689420107688	-17.350896216903493	301.053599529756	18017388.273174144	3547.6706158411985	17.18181071590743	295.21461947727147	12585966.79850307	3638.108750303026	6921.711501620621	0.892092	55.387165	0.3137192020215653	0.1688197175459154	-0.0280067157	-0.088660773	0.0876623793	-0.0608758223	-0.0874624791	-0.0489842271	-0.0113870152	0.0052071904	0.0052172482	-0.0093128005	-0.0247291189	0.0193003106	-0.0023909749	0.004430943	0.0248721627	-0.0008832066	0.0393087357	-0.0187278488	0.0195469942	-0.0192081075	-0.0014256673	-0.0020080915	-0.0078844916	-0.0326399453	0.0181257228	0.0299031332	-0.0068093745	-0.0070705786	0.0228708278	0.0887859203	-0.0742620628	0.0190541083	-0.0270632477	0.035346213	0.0593224227	-0.0531148145	-0.0133719189	0.0036203248	-0.0541968194	-0.0460537594	0.0111996703	-0.1937005553	-0.0155495591	-0.0582243091	-0.0297245202	-0.0878232916	-0.020216717	0.0387321258	-0.1261321532	0.0046908815	-0.0908853466	0.0057948737	-0.0932110979	0.0862691351	-0.0750796043	0.060193436	-0.0423435691	-0.431326653552901	-0.0385831617851409	0.1860426820651443	0.0014886603733383	0.2740958424824953	-0.0362626056484315	0.0013149765684136	0.0751285308661888	1.3582884923563228	0.1379022925036679	0.0190170422777671	1.8449476284676125	0.0301235152953872	-0.0005484813044139	3.0083174129168013e-07	0.0009074261737514	0.0006019899881732	-0.0004630014885876	3.6239194586076956e-07	2.143703784343336e-07	-0.0057203948002989	-0.0010079400486849	1.0159431417429197e-06	3.27229166712867e-05	0.0	0.0	0.0	0.0	0.0	0.0	0.0	0.0	0.0	0.0	0.0	0.0	0.0	0.0	0.0	0.0	0.0	0.0	0.0	0.0	0.0	0.0	0.0	0.0	0.0	0.0	0.0	0.0	0.0	0.0	0.0	0.0	0.0	0.0	0.0	0.0	0.0	0.0	0.0	0.0	0.0	0.0	0.0	0.0	0.0	0.0	0.0	0.0	0.0	0.0	0.0	0.0	0.0	0.0	0.0	0.0	0.0	0.0	0.0	0.0	0.0	0.0	0.0	0.0	0.0	0.0	0.0	0.0	0.0	0.0	0.0	0.0	0.0	0.0	0.0	0.0	0.0	0.0	0.0	0.0	0.0	0.0	0.0	0.0	0.0	0.0	0.0	0.0	0.0	0.0	0.0	0.0	0.0	0.0	0.0	0.0	0.0	0.0	0.0	0.0	0.0	0.0	0.0	0.0	0.0	0.0	0.0	0.0	0.0	0.0
5306.447532986065	-38.62402794951231	1491.8155350447082	28158385.420333896	4267.751643678841	23.06222357115257	531.8661560458253	18213704.09212345	3536.58667027468	-11.08394556651865	122.85384932154844	12507445.276364546	3630.196955559959	6810.584714666479	0.676854	42.023705	0.4597988099332651	0.2262018208670828	-0.0146564306	-0.0491816853	0.0605839341	-0.0514302605	-0.0587493942	-0.059025325	0.009447562	0.0049021189	0.0241791498	-0.0086456822	0.0019822649	0.0022414394	-0.0043980101	0.0066549598	0.0195698036	-0.0191777521	0.021401734	-0.0124341695	0.0039584057	-0.0024195493	-0.0014524921	-0.0047261634	-0.0054702055	-0.0331450875	0.0019261722	0.0190514267	0.0079832612	-0.0174800865	0.0251222988	0.0783757108	-0.066796864	0.0200904396	-0.0281005015	0.0595444229	0.0383040985	-0.0293593171	-0.0297972017	0.018786769	-0.0312077465	-0.0210109445	-0.0213336737	-0.1629797022	-0.0035983663	-0.0831338139	-0.0692368703	-0.0915790065	-0.0031337361	-0.0149337082	-0.0900939162	0.0163363161	-0.0579781516	0.00613738	-0.0935038064	0.0874129386	-0.0775536723	0.0643510435	-0.0483742215	-0.3693201295720314	0.0620065239808695	0.136397358107102	0.0038448090161901	0.3821277947869106	0.1080319523044153	0.0116709027187034	0.1460216515487072	1.3064258514542075	-0.0518626409021152	0.0026897335213417	1.706748505347851	0.0287792049485815	-0.0013443103468057	1.8071703085288617e-06	0.0008282426374724	0.0011600281547545	0.0005580381665813	1.3456653198231305e-06	3.114065953614188e-07	-0.0028647894587686	0.0028556053415303	8.154481866576384e-06	8.207018643071688e-06	0.0	0.0	0.0	0.0	0.0	0.0	0.0	0.0	0.0	0.0	0.0	0.0	0.0	0.0	0.0	0.0	0.0	0.0	0.0	0.0	0.0	0.0	0.0	0.0	0.0	0.0	0.0	0.0	0.0	0.0	0.0	0.0	0.0	0.0	0.0	0.0	0.0	0.0	0.0	0.0	0.0	0.0	0.0	0.0	0.0	0.0	0.0	0.0	0.0	0.0	0.0	0.0	0.0	0.0	0.0	0.0	0.0	0.0	0.0	0.0	0.0	0.0	0.0	0.0	0.0	0.0	0.0	0.0	0.0	0.0	0.0	0.0	0.0	0.0	0.0	0.0	0.0	0.0	0.0	0.0	0.0	0.0	0.0	0.0	0.0	0.0	0.0	0.0	0.0	0.0	0.0	0.0	0.0	0.0	0.0	0.0	0.0	0.0	0.0	0.0	0.0	0.0	0.0	0.0	0.0	0.0	0.0	0.0	0.0	0.0
5325.419151800311	18.97161881424563	359.92232043303875	28360089.14236154	4281.009784685467	13.25814100662592	175.77830295157574	18327044.776572708	3555.286277462292	18.6996071876124	349.67530897100534	12640060.514711684	3648.3127319443392	6641.029374401746	0.686848	42.644199	0.3317279030149798	0.1740907415811544	-0.0132364118	-0.037792653	0.0205701749	-0.0430370606	-0.0096248807	-0.027235194	0.0351422456	0.0158711771	0.0217298337	0.025478251	-0.0121140359	0.0275757874	0.014109783	-0.0067324876	0.0047407412	-0.0659361604	0.0506115506	0.0120186273	0.0285263639	-0.0268666685	0.0141140347	-0.0086382913	-0.0467485786	-0.0502847322	0.0195305328	0.0085161239	0.0102493856	-0.0410105352	0.0147081754	0.0773213621	-0.0456283873	0.027538939	-0.0169896828	0.0429636721	0.0478552457	-0.0289323901	-0.0456115012	-0.0108323048	-0.0142026023	0.0323499711	-0.0118735017	-0.1768208086	-0.0129827236	-0.0416881627	-0.0993812472	-0.0702260474	-0.060714827	0.0176557577	-0.1146497773	0.0324027542	-0.0325058886	0.0402218155	-0.0937772737	0.0884847944	-0.0798841288	0.0682968306	-0.0541561147	-0.3889287549448141	-0.0196086253727826	0.1512655764229232	0.0003844981890101	0.3291933169193015	-0.0529344778676091	0.0028020589471164	0.1083682399043316	1.1454749241860895	-0.160950927268118	0.025905200988467	1.3121128019391275	0.026996100505987	-0.0017831044425944	3.179461453200242e-06	0.0007287894425293	0.001149735833767	-1.0292320987500103e-05	1.3218924874478985e-06	1.0593187130973511e-10	-0.003036070145316	-0.0001712806865474	2.93370735841488e-08	9.217721927279118e-06	0.0	0.0	0.0	0.0	0.0	0.0	0.0	0.0	0.0	0.0	0.0	0.0	0.0	0.0	0.0	0.0	0.0	0.0	0.0	0.0	0.0	0.0	0.0	0.0	0.0	0.0	0.0	0.0	0.0	0.0	0.0	0.0	0.0	0.0	0.0	0.0	0.0	0.0	0.0	0.0	0.0	0.0	0.0	0.0	0.0	0.0	0.0	0.0	0.0	0.0	0.0	0.0	0.0	0.0	0.0	0.0	0.0	0.0	0.0	0.0	0.0	0.0	0.0	0.0	0.0	0.0	0.0	0.0	0.0	0.0	0.0	0.0	0.0	0.0	0.0	0.0	0.0	0.0	0.0	0.0	0.0	0.0	0.0	0.0	0.0	0.0	0.0	0.0	0.0	0.0	0.0	0.0	0.0	0.0	0.0	0.0	0.0	0.0	0.0	0.0	0.0	0.0	0.0	0.0	0.0	0.0	0.0	0.0	0.0	0.0
5276.931695317289	-48.48745648302156	2351.033436192909	27846008.1170442	4272.969481588631	-8.040303096835487	64.64647388898233	18258268.19058782	3505.172330078439	-50.11394738385343	2511.4077223916297	12286233.063547513	3606.4174568552367	6772.258646822972	1.333857	82.81499499999998	0.6648958351768773	0.4607820040485177	0.0097508623	-0.0709551502	0.0268424407	0.0525046657	-0.0251854549	-0.0067754392	0.0212282324	0.0271580314	-0.0274551393	-0.021305074	0.0163294823	-0.0394989225	-0.0475428971	0.0376004126	0.0600527073	-0.0614104319	-0.0038716008	0.0049472835	-0.0185981456	0.0334207255	-0.0351120025	-0.0109711701	-0.0103760288	-0.1001445265	-0.0985223841	0.022403975	0.0238122912	-0.0013110155	0.0211478402	0.0800680928	-0.0311996654	0.0396151769	-0.0266391533	0.0146712414	0.0589386402	0.0168004535	0.0152664801	-0.0888973021	0.0705019332	-0.0123246034	0.0399370704	-0.1092340135	-0.0347223968	-0.0193222991	-0.0573549307	-0.0477095662	0.1662456598	-0.2925163583	0.0437421225	-0.0318592872	-0.1444412493	0.0983926117	-0.0940314435	0.0894838202	-0.0820666583	0.072017809	-0.0596595157	-0.3687095554217023	0.0202191995231117	0.1359467362592693	0.0004088160293554	0.3535938374349996	0.0244005205156981	0.000595385401437	0.1250286018720089	0.6854047249865971	-0.4600701991994924	0.2116645881914606	0.4697796370339528	0.0254559764563014	-0.0015401240496855	2.371982088419972e-06	0.0006480067373437	0.0027688899598412	0.0016191541260742	7.666751609709403e-06	2.621660083983107e-06	-0.0029912300023043	4.484014301170012e-05	2.0106384253097195e-09	8.947456926685383e-06	0.0	0.0	0.0	0.0	0.0	0.0	0.0	0.0	0.0	0.0	0.0	0.0	0.0	0.0	0.0	0.0	0.0	0.0	0.0	0.0	0.0	0.0	0.0	0.0	0.0	0.0	0.0	0.0	0.0	0.0	0.0	0.0	0.0	0.0	0.0	0.0	0.0	0.0	0.0	0.0	0.0	0.0	0.0	0.0	0.0	0.0	0.0	0.0	0.0	0.0	0.0	0.0	0.0	0.0	0.0	0.0	0.0	0.0	0.0	0.0	0.0	0.0	0.0	0.0	0.0	0.0	0.0	0.0	0.0	0.0	0.0	0.0	0.0	0.0	0.0	0.0	0.0	0.0	0.0	0.0	0.0	0.0	0.0	0.0	0.0	0.0	0.0	0.0	0.0	0.0	0.0	0.0	0.0	0.0	0.0	0.0	0.0	0.0	0.0	0.0	0.0	0.0	0.0	0.0	0.0	1.0	0.0	0.0	0.0	0.0
5290.8550430139885	13.923347696699238	193.85961108318	27993147.086186554	4239.310525002333	-33.6589565862987	1132.9253584783407	17971753.727395553	3511.2737398533463	6.101409774907552	37.22720124133742	12329043.276183706	3604.707273698189	6826.121775980365	1.147128	71.221565	0.8693291721845254	0.5130253937564192	-0.007956693	-0.0281322818	0.051880938	0.0757180917	0.0245388131	0.0430878891	-0.0576640128	-0.0074071493	-0.0178262376	-0.026360822	0.0120586106	-0.0344942889	-0.0298621569	-0.0391244376	0.0950245519	0.0003154194	0.0236414255	-0.0385046979	-0.0972764382	0.0308116735	-0.023141652	-0.0641901992	-0.0178208474	-0.0552598876	-0.0375269088	0.0661477905	-0.0001719696	0.0057307753	0.0099625908	0.0883338802	-0.0068979024	0.0203496969	-0.0105587238	0.0337738589	0.0418781588	-0.0483843166	-0.04755562	-0.0478826123	0.0668571771	0.0346543211	0.0738423793	-0.033829461	-0.0866396242	-0.0014847537	-0.0093764832	-0.1218967452	0.0156064652	-0.186915077	0.0464837081	-0.0691626655	-0.0632660681	0.0528303816	-0.0942662634	0.0904091936	-0.0840972192	0.0755017308	-0.0648561241	-0.3864893938987563	-0.017779838477054	0.149374051596228	0.0003161226562701	0.3436294848496146	-0.009964352585385	9.928832244586928e-05	0.1180812228580115	1.0286750384898085	0.3432703135032113	0.117834508132593	1.058172334812009	0.019958602411598	-0.0054973740447034	3.022112138737862e-05	0.0003983458102242	0.0055610333711124	0.0027921434112712	3.092509215462575e-05	7.796064829105174e-06	-0.0046680058987072	-0.0016767758964029	2.8115774067577488e-06	2.1790279070365212e-05	0.0	0.0	0.0	0.0	0.0	0.0	0.0	0.0	0.0	0.0	0.0	0.0	0.0	0.0	0.0	0.0	0.0	0.0	0.0	0.0	0.0	0.0	0.0	0.0	0.0	0.0	0.0	0.0	0.0	0.0	0.0	0.0	0.0	0.0	0.0	0.0	0.0	0.0	0.0	0.0	0.0	0.0	0.0	0.0	0.0	0.0	0.0	0.0	0.0	0.0	0.0	0.0	0.0	0.0	0.0	0.0	0.0	0.0	0.0	0.0	0.0	0.0	0.0	0.0	0.0	0.0	0.0	0.0	0.0	0.0	0.0	0.0	0.0	0.0	0.0	0.0	0.0	0.0	0.0	0.0	0.0	0.0	0.0	0.0	0.0	0.0	0.0	0.0	0.0	0.0	0.0	0.0	0.0	0.0	0.0	0.0	0.0	0.0	0.0	0.0	0.0	0.0	0.0	0.0	0.0	0.0	1.0	0.0	0.0	0.0
5361.969888494423	71.11484548043427	5057.321247706042	28750721.08512089	4267.98956090517	28.679035902837317	822.4871003162316	18215734.891995504	3562.3465377425414	51.07279788919504	2608.430684230566	12690312.854966272	3645.662154734974	6712.441976411547	1.095994	68.046814	0.7212925568221598	0.409514922608814	-0.0098653528	-0.0160767141	0.0154935444	0.0289579345	0.0314635647	-0.0352279114	-0.0420646843	0.0217579104	-0.0169742707	0.0345755379	0.0164613308	0.0366761065	0.012527147	-0.0315429401	-0.03654556	0.003539368	0.0114403058	-0.0200349512	0.0447651927	-0.0323249498	0.0035106055	0.0037172153	-0.0391958989	0.0252321445	0.0521023019	-0.0047202642	0.0132115286	-0.0198353035	0.0029179988	0.0139531655	0.0009261436	0.0048590053	0.032080637	0.0427729318	0.0340170937	-0.0788252495	-0.0288763078	-0.0251784512	-0.0253127996	0.0405475343	0.0279822023	0.0710293387	-0.0246880319	-0.0111440475	-0.036303721	0.0042579776	-0.0464491164	0.014658181	0.0329076379	0.0472324108	0.032061621	0.0104366619	-0.0944816852	0.0912601531	-0.0859720514	0.0787371281	-0.0697192167	-0.3961804836316673	-0.0096910897329109	0.1569589756106218	9.391722021133292e-05	0.1647235986345805	-0.1789058862150341	0.0320073161223867	0.0271338639471263	1.323108351421098	0.2944333129312895	0.0866909757636946	1.7506157096002557	0.0174577188339431	-0.0025008835776549	6.254418668983982e-06	0.000304771946885	0.0036519617936321	-0.0019090715774803	1.3336824942148586e-05	3.6445542879431217e-06	-0.0050232961024305	-0.0003552902037232	1.262311288617439e-07	2.523350373269345e-05	0.0	0.0	0.0	0.0	0.0	0.0	0.0	0.0	0.0	0.0	0.0	0.0	0.0	0.0	0.0	0.0	0.0	0.0	0.0	0.0	0.0	0.0	0.0	0.0	0.0	0.0	0.0	0.0	0.0	0.0	0.0	0.0	0.0	0.0	0.0	0.0	0.0	0.0	0.0	0.0	0.0	0.0	0.0	0.0	0.0	0.0	0.0	0.0	0.0	0.0	0.0	0.0	0.0	0.0	0.0	0.0	0.0	0.0	0.0	0.0	0.0	0.0	0.0	0.0	0.0	0.0	0.0	0.0	0.0	0.0	0.0	0.0	0.0	0.0	0.0	0.0	0.0	0.0	0.0	0.0	0.0	0.0	0.0	0.0	0.0	0.0	0.0	0.0	0.0	0.0	0.0	0.0	0.0	0.0	0.0	0.0	0.0	0.0	0.0	0.0	0.0	0.0	0.0	0.0	0.0	0.0	0.0	1.0	0.0	0.0
5296.590096216817	-65.3797922776057	4274.51723826287	28053866.64734207	4224.471030694226	-43.518530210943936	1893.86247172084	17846155.48917474	3528.7742338186667	-33.57230392387464	1127.0995907570086	12452247.593262518	3623.5813047919473	6679.621019668715	0.77863	48.34269	0.2415269378200187	0.1099352690138286	0.0076226564	-0.0083262294	0.0055991426	0.0610134973	0.0405023075	0.0039522501	-0.0707270856	-0.0147124033	-0.0092921202	-0.0086567632	0.0092239029	-0.0150170255	0.0004530406	-0.0148417985	-0.0033126758	-0.0166880308	0.0131155361	-0.0079036156	-0.0111953798	0.0149359802	0.0006775209	-0.0225002148	-0.0242208727	-0.0061316545	-0.0041770159	0.0188858232	0.0221368092	-0.0110985318	0.0006747403	0.0363316466	0.0230016055	-0.0023078214	0.016319093	0.0331656753	0.0268173213	-0.0619486152	-0.0362849827	-0.0264849418	0.018238009	0.0423990053	0.058860907	0.0641431998	-0.0442824267	-0.0138925555	0.0019105009	-0.0547858582	-0.0370323437	-0.0615913284	0.0305301499	-0.0389960323	-0.020469615	0.0192624317	-0.0946776645	0.0920359983	-0.0876876832	0.081713351	-0.0742237856	-0.4197521997834172	-0.0235717161517499	0.1761919092230178	0.0005556258023386	0.1312222276005741	-0.0335013710340064	0.0011223418611581	0.0172192730164568	1.2262256261376905	-0.0968827252834074	0.0093862624583402	1.503629286196771	0.0164679257182523	-0.0009897931156908	9.796904118689012e-07	0.0002711925774618	0.0040772181510988	0.0004252563574666	1.6623707851649515e-05	1.8084296956584545e-07	-0.0046869230685709	0.0003363730338596	1.1314681790791165e-07	2.196724785070206e-05	0.0	0.0	0.0	0.0	0.0	0.0	0.0	0.0	0.0	0.0	0.0	0.0	0.0	0.0	0.0	0.0	0.0	0.0	0.0	0.0	0.0	0.0	0.0	0.0	0.0	0.0	0.0	0.0	0.0	0.0	0.0	0.0	0.0	0.0	0.0	0.0	0.0	0.0	0.0	0.0	0.0	0.0	0.0	0.0	0.0	0.0	0.0	0.0	0.0	0.0	0.0	0.0	0.0	0.0	0.0	0.0	0.0	0.0	0.0	0.0	0.0	0.0	0.0	0.0	0.0	0.0	0.0	0.0	0.0	0.0	0.0	0.0	0.0	0.0	0.0	0.0	0.0	0.0	0.0	0.0	0.0	0.0	0.0	0.0	0.0	0.0	0.0	0.0	0.0	0.0	0.0	0.0	0.0	0.0	0.0	0.0	0.0	0.0	0.0	0.0	0.0	0.0	0.0	0.0	0.0	0.0	0.0	0.0	0.0	0.0
5333.801246315126	37.21115009830919	1384.669691638896	28449435.735192794	4295.483973480329	71.01294278610294	5042.838043142329	18451182.566426355	3544.539545528385	15.76531170971839	248.54505330458375	12563760.589814572	3636.8779751146335	6623.925940994901	0.762441	47.337532	0.4963941592749189	0.3016788239776436	-0.0061261603	0.0172409519	-0.0093081786	0.0077440648	0.0135354341	-0.0625035603	-0.0347043319	0.0166507714	0.0278207621	0.009768925	0.0107003831	0.0079298664	0.0057687946	-0.0129319746	-0.0283756317	-0.000785841	-0.0239438553	-0.0423573236	0.0107889781	-0.0093983599	0.0079436704	0.0028035138	0.0053290851	0.0269475445	0.0116420952	-0.0516198242	0.0380333532	0.0149228361	-0.0019812413	-0.0282035085	0.0072871969	-0.0182890949	0.0191783976	0.0318338528	0.0368403553	-0.0543585134	-0.005479352	0.0332751543	-0.06454698	0.0163290321	0.0281469158	0.1013739866	0.0078835861	0.0051586559	0.0160986425	-0.0236378933	0.0020198412	0.010389709	0.0774774429	0.0281689811	0.0274487568	-0.0167414142	-0.094854161	0.0927360906	-0.0892409375	0.0844206031	-0.0783466667	-0.4372241406316988	-0.0174719408482815	0.1911649491511275	0.0003052687170058	0.2260526974754384	0.0948304698748643	0.0089928180166875	0.051099822035922	1.4972925210082335	0.271066894870543	0.073477261494758	2.241884893467192	0.0159568783534849	-0.0005110473647674	2.611694090357049e-07	0.0002546219667879	0.003113068667083	-0.0009641494840157	9.691196525973928e-06	9.295842275279328e-07	-0.0054722232934123	-0.0007853002248413	6.166964431359532e-07	2.9945227772964158e-05	0.0	0.0	0.0	0.0	0.0	0.0	0.0	0.0	0.0	0.0	0.0	0.0	0.0	0.0	0.0	0.0	0.0	0.0	0.0	0.0	0.0	0.0	0.0	0.0	0.0	0.0	0.0	0.0	0.0	0.0	0.0	0.0	0.0	0.0	0.0	0.0	0.0	0.0	0.0	0.0	0.0	0.0	0.0	0.0	0.0	0.0	0.0	0.0	0.0	0.0	0.0	0.0	0.0	0.0	0.0	0.0	0.0	0.0	0.0	0.0	0.0	0.0	0.0	0.0	0.0	0.0	0.0	0.0	0.0	0.0	0.0	0.0	0.0	0.0	0.0	0.0	0.0	0.0	0.0	0.0	0.0	0.0	0.0	0.0	0.0	0.0	0.0	0.0	0.0	0.0	0.0	0.0	0.0	0.0	0.0	0.0	0.0	0.0	0.0	0.0	0.0	0.0	0.0	0.0	0.0	0.0	0.0	0.0	0.0	0.0
5292.225577373772	-41.57566894135471	1728.5362479211265	28007651.56180915	4171.5296662626815	-123.95430721764752	15364.67027780694	17401659.75650964	3527.656090297221	-16.883455231164135	285.0510605427236	12444357.491411077	3615.024293523439	6612.776097322687	0.650507	40.387936	0.428355283237918	0.2169373147268889	-0.0039233752	0.0325846833	-0.0076793221	0.036044808	0.0261420747	-0.0022876698	-0.0574248102	-0.0399844401	-0.0087126651	0.013484205	0.0197119822	-0.0166638208	0.0075548763	0.0231981807	-0.0206291465	-0.0018761745	-0.0062925546	-0.0449965127	-0.0258734925	0.0171661619	0.0060215007	0.020722925	0.0089295818	0.015301882	0.0190541778	-0.023728305	0.0165520555	0.0129016438	-0.0117757139	-0.0232325379	0.0109738696	-0.011477285	0.0304489091	0.0328794461	-0.0262641368	0.0071501492	-0.0285832794	0.0288593933	-0.0284795206	0.0220491345	-0.0140042269	0.0825677995	0.0339456711	-0.0326201218	0.0099028002	-0.0351324532	0.0032348382	-0.0007071172	0.0608208496	-0.0272716616	0.0133260622	-0.0352809529	-0.0950111383	0.0933598536	-0.0906289382	0.0868499729	-0.0820666583	-0.3375517554450198	0.0996723851866789	0.1139411876040144	0.0099345843688017	0.189391021417336	-0.0366616760581024	0.0013440784913892	0.0358689589935018	1.4877585232276118	-0.0095339977806216	9.08971136808994e-05	2.2134254234364046	0.0145406723987269	-0.0014162059547579	2.005639306292014e-06	0.000211431153807	0.0014550191012405	-0.0016580495658425	2.1170805849747125e-06	2.7491283627905022e-06	-0.0028967343297625	0.0025754889636497	6.633143401881919e-06	8.3910697772246e-06	0.0	0.0	0.0	0.0	0.0	0.0	0.0	0.0	0.0	0.0	0.0	0.0	0.0	0.0	0.0	0.0	0.0	0.0	0.0	0.0	0.0	0.0	0.0	0.0	0.0	0.0	0.0	0.0	0.0	0.0	0.0	0.0	0.0	0.0	0.0	0.0	0.0	0.0	0.0	0.0	0.0	0.0	0.0	0.0	0.0	0.0	0.0	0.0	0.0	0.0	0.0	0.0	0.0	0.0	0.0	0.0	0.0	0.0	0.0	0.0	0.0	0.0	0.0	0.0	0.0	0.0	0.0	0.0	0.0	0.0	0.0	0.0	0.0	0.0	0.0	0.0	0.0	0.0	0.0	0.0	0.0	0.0	0.0	0.0	0.0	0.0	0.0	0.0	0.0	0.0	0.0	0.0	0.0	0.0	0.0	0.0	0.0	0.0	0.0	0.0	0.0	0.0	0.0	0.0	0.0	0.0	0.0	0.0	0.0	0.0
5325.960910619799	33.73533324602704	1138.0727092204972	28365859.621450078	4322.922013110268	151.39234684758685	22919.64268402004	18687654.731433336	3538.989239976279	11.333149679057897	128.4402816479301	12524444.84066788	3641.400110164159	6551.732370308316	0.8545359999999999	53.055435	0.5663865505602921	0.2683294368434448	0.0310355675	0.0215162552	-0.0302946136	0.0804374789	0.0301021267	0.0508095647	-0.0052433371	0.022676865	0.0126631151	-0.0333410116	-0.0014133055	-0.0001409432	0.0075278653	-0.0096236414	-0.0082963995	-0.0024452494	0.0129164225	-0.027746611	0.0026699805	-0.00355047	0.0165423553	-0.0160727307	-0.0152170885	0.0117688536	-0.0184603735	0.0305404734	0.0672224549	0.013288486	-0.0072168995	-0.0031859592	0.0384359237	0.0033932251	0.0715476536	-0.0018495421	-0.0790681522	0.0617556161	-0.0142201003	-0.0541012374	0.0235199404	0.0702291876	-0.0474671857	0.0124387568	0.005010448	-0.0362134664	-0.0473016236	0.0298710516	0.0029164008	0.0346479577	0.0029083987	-0.0330145683	0.0314812778	-0.0100853719	-0.0951485642	0.0939067741	-0.091849115	0.0889934638	-0.0853646308	-0.2936862242336957	0.043865531211324	0.0862515983046446	0.0019241848284516	0.0920067994716475	-0.0973842219456884	0.0094836866839671	0.0084652511490159	1.2756456710576174	-0.2121128521699944	0.0449918620556899	1.627271878088039	0.0129716712373499	-0.0015690011613769	2.4617646444023715e-06	0.0001682642546898	-0.0011970859671459	-0.0026521050683864	1.4330148127376344e-06	7.033661293760832e-06	-0.0028573616548602	3.937267490230004e-05	1.5502075289622071e-09	8.16451562666542e-06	0.0	0.0	0.0	0.0	0.0	0.0	0.0	0.0	0.0	0.0	0.0	0.0	0.0	0.0	0.0	0.0	0.0	0.0	0.0	0.0	0.0	0.0	0.0	0.0	0.0	0.0	0.0	0.0	0.0	0.0	0.0	0.0	0.0	0.0	0.0	0.0	0.0	0.0	0.0	0.0	0.0	0.0	0.0	0.0	0.0	0.0	0.0	0.0	0.0	0.0	0.0	0.0	0.0	0.0	0.0	0.0	0.0	0.0	0.0	0.0	0.0	0.0	0.0	0.0	0.0	0.0	0.0	0.0	0.0	0.0	0.0	0.0	0.0	0.0	0.0	0.0	0.0	0.0	0.0	0.0	0.0	0.0	0.0	0.0	0.0	0.0	0.0	0.0	0.0	0.0	0.0	0.0	0.0	0.0	0.0	0.0	0.0	0.0	0.0	0.0	0.0	0.0	0.0	0.0	0.0	0.0	0.0	0.0	1.0	0.0
5303.268912758607	-22.69199786119134	514.9267669323123	28124661.16103186	4223.827430178281	-99.09458293198712	9819.736366464476	17840718.159926463	3538.183830442533	-0.8054095337461149	0.6486845170491342	12518744.818004994	3622.972192979195	6578.468223626055	0.7690179999999999	47.74588	0.3652808450696847	0.2546711752326341	0.0094639021	0.0429743571	-0.0170165994	0.0427794938	-0.0096473272	-0.0174306542	-0.0074355037	-0.0028242722	-0.0157647675	-0.0160187761	0.0050753718	-0.0053543674	0.0173940223	-0.0276669823	-0.0209960955	0.0157836885	-0.0287513369	-0.0401356271	0.0295726511	0.0049087765	0.0093569404	-0.0182705457	0.0139319535	0.0407722169	0.028285617	-0.0350571779	0.0123726308	0.0270007202	-0.0250836891	-0.0628134924	0.0140867912	-0.018064523	0.0331524517	0.0034131881	-0.04664051	0.0823918061	0.0241733756	-0.0070527637	-0.0372646916	0.0404052034	-0.0284934735	0.0387039356	0.0358125194	-0.026699133	0.0289879341	-0.0305422156	0.0164219062	0.0002353854	0.0450465834	-0.0961044994	-0.0275126374	0.0052619527	-0.0952664105	0.0943764019	-0.0928992083	0.0908440203	-0.0882236248	-0.3066017393463482	-0.0129155151126524	0.094004626570206	0.0001668105306251	0.1011427309139776	0.0091359314423301	8.346524331895579e-05	0.0102298520167372	1.5039356750693995	0.2282900040117821	0.0521163259316995	2.2618225147464504	0.011593646768527	-0.0013780244688229	1.8989514366746384e-06	0.0001344126453933	-0.0004390223983785	0.0007580635687673	1.9274066627801043e-07	5.746603742923665e-07	-0.0030200615073283	-0.0001626998524681	2.647124199314154e-08	9.120771508046084e-06	0.0	0.0	0.0	0.0	0.0	0.0	0.0	0.0	0.0	0.0	0.0	0.0	0.0	0.0	0.0	0.0	0.0	0.0	0.0	0.0	0.0	0.0	0.0	0.0	0.0	0.0	0.0	0.0	0.0	0.0	0.0	0.0	0.0	0.0	0.0	0.0	0.0	0.0	0.0	0.0	0.0	0.0	0.0	0.0	0.0	0.0	0.0	0.0	0.0	0.0	0.0	0.0	0.0	0.0	0.0	0.0	0.0	0.0	0.0	0.0	0.0	0.0	0.0	0.0	0.0	0.0	0.0	0.0	0.0	0.0	0.0	0.0	0.0	0.0	0.0	0.0	0.0	0.0	0.0	0.0	0.0	0.0	0.0	0.0	0.0	0.0	0.0	0.0	0.0	0.0	0.0	0.0	0.0	0.0	0.0	0.0	0.0	0.0	0.0	0.0	0.0	0.0	0.0	0.0	0.0	0.0	0.0	0.0	0.0	0.0
5314.366029141761	11.09711638315366	123.1459920212574	28242486.291695967	4296.897153782763	73.06972360448162	5339.184507635339	18463325.15018641	3543.8647235142703	5.680893071737501	32.272546092515135	12558977.178568875	3638.546793977979	6616.103614164279	0.766437	47.585636	0.790185252707307	0.3445420072781716	-0.0122079568	0.0264335967	-0.0079529004	-0.024867579	-0.0107496547	-0.0797849853	-0.0174087425	0.0156595743	0.0172477631	-0.0506899048	-0.0088953095	0.0005111384	0.0271580887	-0.0410620542	-0.0383164336	0.0011325456	-0.0325512803	-0.0408885498	0.0357580116	-0.0035074078	0.022273491	-0.0200309956	0.0171581478	0.0410602564	0.0130787459	-0.0795959649	-0.0084038569	0.0504749551	-0.005491309	-0.0528809711	-0.0101197935	-0.0082674515	0.003703174	0.0406914751	0.0025501304	0.0410744061	0.0065012263	0.0969314308	-0.1037292063	0.002886922	-0.0752218342	0.0724982657	0.0485310612	-0.0282175997	0.0182864468	0.0116669485	0.0714361822	0.024691839	0.0876753768	-0.0222102333	0.0324762894	-0.0116338214	-0.0953646527	0.0947683504	-0.0937772737	0.092395551	-0.0906289382	-0.398154939608176	-0.0915532002618277	0.1585273559343902	0.0083819884781823	0.3213666586249815	0.2202239277110038	0.0484985783364614	0.1032765292757853	1.7059945290791347	0.2020588540097352	0.0408277804837274	2.910417333247939	0.0146497209983041	0.0030560742297771	9.3395896979077e-06	0.0002146143253281	0.0013911443957255	0.001830166794104	1.9352827297584666e-06	3.349510494240913e-06	-0.0023793171167146	0.0006407443906137	4.10553374102922e-07	5.6611499418910775e-06	0.0	0.0	0.0	0.0	0.0	0.0	0.0	0.0	0.0	0.0	0.0	0.0	0.0	0.0	0.0	0.0	0.0	0.0	0.0	0.0	0.0	0.0	0.0	0.0	0.0	0.0	0.0	0.0	0.0	0.0	0.0	0.0	0.0	0.0	0.0	0.0	0.0	0.0	0.0	0.0	0.0	0.0	0.0	0.0	0.0	0.0	0.0	0.0	0.0	0.0	0.0	0.0	0.0	0.0	0.0	0.0	0.0	0.0	0.0	0.0	0.0	0.0	0.0	0.0	0.0	0.0	0.0	0.0	0.0	0.0	0.0	0.0	0.0	0.0	0.0	0.0	0.0	0.0	0.0	0.0	0.0	0.0	0.0	0.0	0.0	0.0	0.0	0.0	0.0	0.0	0.0	0.0	0.0	0.0	0.0	0.0	0.0	0.0	0.0	0.0	0.0	0.0	0.0	0.0	0.0	0.0	0.0	0.0	0.0	1.0
5319.610081016221	5.244051874459728	27.50008006202459	28298251.4140494	4240.536625676595	-56.3605281061682	3176.509128406176	17982150.87370464	3540.446059622057	-3.418663892213317	11.687262807923108	12534758.30109335	3628.392358309786	6695.9990023074015	0.7561919999999999	46.949566	0.4588148409936891	0.306228490628658	-0.027735499	0.0015005049	0.0116874517	-0.0525046957	-0.0527471459	-0.0983985828	0.005874476	0.0170982916	-0.0237119979	-0.0276542081	-0.0161757144	-0.003553412	0.0155396065	-0.0488673748	-0.0269721424	0.0108449305	-0.0607503093	-0.0426353877	0.0390283556	0.0016518996	0.005198449	-0.0219730921	0.0237355193	0.0483517668	0.0019599284	-0.0808351103	-0.0334700125	0.0473528422	-0.0119895756	-0.0588671223	-0.019748258	-0.008287308	-0.0169648236	0.026839889	0.0112837108	0.0453561317	0.0492450318	0.0721703322	-0.1231622623	-0.008435239	-0.0618387489	0.0480551482	0.072152229	-0.0370442789	0.0602578005	0.0747813842	0.0083942127	0.0317708409	0.0224443601	-0.0425752642	0.0236192315	-0.0033580951	-0.0954432708	0.0950822971	-0.0944816852	0.0936429488	-0.0925682019	-0.4028754672029322	-0.0047205275947562	0.1623086420739809	2.228338077285493e-05	0.033419212319103	-0.2879474463058785	0.0829137318340767	0.0011168437520292	1.7450804143979042	0.0390858853187694	0.0015277064311519	3.045305652715161	0.0142163276251668	-0.0004333933731373	1.87829815879328e-07	0.000202103971146	0.0001990886482063	-0.0011920557475192	3.9636289844611883e-08	1.4209969051935586e-06	-0.0032950876315438	-0.0009157705148291	8.386356358305378e-07	1.0857602499552929e-05	0.0	0.0	0.0	0.0	0.0	0.0	0.0	0.0	0.0	0.0	0.0	0.0	0.0	0.0	0.0	0.0	0.0	0.0	0.0	0.0	0.0	0.0	0.0	0.0	0.0	0.0	0.0	0.0	0.0	0.0	0.0	0.0	0.0	0.0	0.0	0.0	0.0	0.0	0.0	0.0	0.0	0.0	0.0	0.0	0.0	0.0	0.0	0.0	0.0	0.0	0.0	0.0	0.0	0.0	0.0	0.0	0.0	0.0	0.0	0.0	0.0	0.0	0.0	0.0	0.0	0.0	0.0	0.0	0.0	0.0	0.0	0.0	0.0	0.0	0.0	0.0	0.0	0.0	0.0	0.0	0.0	0.0	0.0	0.0	0.0	0.0	0.0	0.0	0.0	0.0	0.0	0.0	0.0	0.0	0.0	0.0	0.0	0.0	0.0	0.0	0.0	0.0	0.0	0.0	0.0	0.0	0.0	0.0	0.0	0.0
5338.829567806099	19.21948678987792	369.38867246629184	28503101.15408065	4261.378408490595	20.841782814	434.3799108659457	18159345.940349832	3546.159471927121	5.713412305064139	32.64308016765832	12575247.00033844	3640.638380413324	6800.583619427713	0.627569	38.963795	0.2143139310662786	0.138291059510239	-0.0353172362	0.0009883917	0.0341078113	-0.050726513	-0.0660865638	-0.0733469183	-0.0039658133	-0.0088767867	0.0149318155	-0.0240704854	0.0369997146	0.0043702081	0.0298259103	-0.0372272994	-0.0399878294	0.0023100623	-0.0551982506	-0.0328942569	0.0219672451	-0.0046483005	0.0246980491	-0.0145286208	0.020327037	0.0561977608	0.0056558589	-0.0855085371	-0.0356763044	0.0295401081	-0.0069251411	-0.0692137094	-0.0266273615	0.0059633841	-0.0078381275	0.0314823397	-0.0060458567	0.0461736268	0.0294856529	0.0605261332	-0.1304198722	0.0021593104	-0.0836257826	0.0487048091	0.0563160522	-0.0363228476	0.0560950394	0.0608047392	0.0295840684	0.060765291	0.0576753489	-0.0184982684	0.0332369478	-0.0349627701	-0.0955022485	0.0953179834	-0.0950111383	0.0945821078	-0.0940314435	-0.3908213227819885	0.0120541444209437	0.1527413063410632	0.0001453023977209	0.1618739233454533	0.1284547110263503	0.0165006127848631	0.0262031670592496	1.7841089708849438	0.0390285564870396	0.001523228221462	3.183044819992133	0.0141808244826393	-3.550314252749945e-05	1.2604731293279401e-09	0.0002010957830074	-0.0004160687895888	-0.0006151574377951	1.7311323766988914e-07	3.784186732746324e-07	-0.0032502178292275	4.486980231629967e-05	2.013299159903811e-09	1.0563915937428324e-05	0.0	0.0	0.0	0.0	0.0	0.0	0.0	0.0	0.0	0.0	0.0	0.0	0.0	0.0	0.0	0.0	0.0	0.0	0.0	0.0	0.0	0.0	0.0	0.0	0.0	0.0	0.0	0.0	0.0	0.0	0.0	0.0	0.0	0.0	0.0	0.0	0.0	0.0	0.0	0.0	0.0	0.0	0.0	0.0	0.0	0.0	0.0	0.0	0.0	0.0	0.0	0.0	0.0	0.0	0.0	0.0	0.0	0.0	0.0	0.0	0.0	0.0	0.0	0.0	0.0	0.0	0.0	0.0	0.0	0.0	0.0	0.0	0.0	0.0	0.0	0.0	0.0	0.0	0.0	0.0	0.0	0.0	0.0	0.0	0.0	0.0	0.0	0.0	0.0	0.0	0.0	0.0	0.0	0.0	0.0	0.0	0.0	0.0	0.0	0.0	0.0	0.0	0.0	0.0	0.0	0.0	0.0	0.0	0.0	0.0
5295.560179593969	-43.26938821212934	1872.2399562519577	28042957.61570131	4286.936572078145	25.558163587550556	653.2197259679949	18377825.17302112	3533.873063260803	-12.28640866631804	150.95583791577502	12488258.827240292	3634.4183844445456	6745.022738738715	0.664049	41.228718	0.1756680194543119	0.0971045193730267	-0.019544764	0.0019383578	0.0158310073	-0.0708361054	-0.062167825	-0.1068369574	0.0253186534	0.0173179764	-0.0020156026	-0.0469170491	-0.0326539032	-0.0106022133	0.0130777429	-0.0016952228	-0.0265690196	0.0397985827	-0.0431885209	-0.046498244	-0.0314334427	0.0062865807	0.0119076656	-0.0041424521	0.050608187	0.0392769917	-0.0111846579	-0.0427668538	-0.0201456964	0.0839607147	-0.0092545944	-0.0757644865	-0.0246360575	0.0203003525	-0.0269891007	0.0219761645	0.0250014955	0.059644375	0.0686837239	0.0516458234	-0.1151279401	-0.0037692189	-0.059990266	0.0600454332	0.0530673222	-0.0652599734	0.054413111	0.1096130503	0.0527311512	0.0714215902	-0.0357788796	-0.0614852993	0.0223742531	0.0157766581	-0.0955415737	0.0954752155	-0.0953646527	0.0952099364	-0.0950111383	-0.3966685571204351	-0.0058472343384465	0.1573459442080078	3.419014940870885e-05	0.0808025670084191	-0.0810713563370342	0.0065725648183263	0.00652905483515	1.8119359158419	0.0278269449569561	0.0007743388656374	3.283111763117825	0.0134572220078463	-0.000723602474793	5.236005415265547e-07	0.0001810968241684	-0.0001307833574837	0.0002852854321051	1.7104286594709264e-08	8.138777777139363e-08	-0.0034597795987669	-0.0002095617695393	4.3916135252484475e-08	1.1970074872043651e-05	0.0	0.0	0.0	0.0	0.0	0.0	0.0	0.0	0.0	0.0	0.0	0.0	0.0	0.0	0.0	0.0	0.0	0.0	0.0	0.0	0.0	0.0	0.0	0.0	0.0	0.0	0.0	0.0	0.0	0.0	0.0	0.0	0.0	0.0	0.0	0.0	0.0	0.0	0.0	0.0	0.0	0.0	0.0	0.0	0.0	0.0	0.0	0.0	0.0	0.0	0.0	0.0	0.0	0.0	0.0	0.0	0.0	0.0	0.0	0.0	0.0	0.0	0.0	0.0	0.0	0.0	0.0	0.0	0.0	0.0	0.0	0.0	0.0	0.0	0.0	0.0	0.0	0.0	0.0	0.0	0.0	0.0	0.0	0.0	0.0	0.0	0.0	0.0	0.0	0.0	0.0	0.0	0.0	0.0	0.0	0.0	0.0	0.0	0.0	0.0	0.0	0.0	0.0	0.0	0.0	0.0	0.0	0.0	0.0	0.0
5251.77970231177	-43.78047728219917	1916.7301910571575	27581190.041613903	4240.328903458631	-46.60766861951379	2172.2747741464104	17980389.20950668	3526.51113038991	-7.36193287089327	54.198055595538825	12436280.75276392	3627.719193928678	6515.552005490497	0.61746	38.336163	0.178055474593281	0.0940644455801278	0.0054305787	0.0267360897	-0.0024571126	-0.0666977764	0.0236745357	-0.084142564	0.0148882551	0.0016967787	0.0146061756	-0.0608756349	-0.0298532361	-0.0206656793	0.013615328	0.0337623981	-0.0181581757	0.0504114215	-0.0297671343	-0.0451748824	-0.0514593382	0.0144628851	0.0161208729	0.0021137083	0.0759502454	0.0296610728	-0.013299546	-0.0200618414	0.0112503396	0.0810542772	-0.0078590205	-0.0751509145	-0.0130439677	0.0012641675	-0.0212216323	0.0270188604	0.0129993597	0.0523776853	0.036220024	0.0531793272	-0.1055270345	0.001433155	-0.056866576	0.0851599047	0.0541844931	-0.0626708567	0.0853440721	0.0233379337	0.0265859377	0.0448821783	0.0323223268	-0.053168924	0.0017161248	-0.0252086252	-0.0955612383	0.0955538639	-0.0955415737	0.0955243683	-0.0955022485	-0.405581698575105	-0.0089131414546699	0.1644965142190673	7.944409059095552e-05	0.1544935324575505	0.0736909654491313	0.005430358388825	0.0238682515712122	1.7727960407436	-0.0391398750982998	0.0015319298227105	3.142805802076184	0.0132095306078978	-0.0002476913999484	6.13510296084474e-08	0.0001744916988809	0.0006423735889331	0.0007731569464168	4.126438277587913e-07	5.977716637925504e-07	-0.0033543980933086	0.0001053815054582	1.110526169265764e-08	1.1251986568392372e-05	0.0	0.0	0.0	0.0	0.0	0.0	0.0	0.0	0.0	0.0	0.0	0.0	0.0	0.0	0.0	0.0	0.0	0.0	0.0	0.0	0.0	0.0	0.0	0.0	0.0	0.0	0.0	0.0	0.0	0.0	0.0	0.0	0.0	0.0	0.0	0.0	0.0	0.0	0.0	0.0	0.0	0.0	0.0	0.0	0.0	0.0	0.0	0.0	0.0	0.0	0.0	0.0	0.0	0.0	0.0	0.0	0.0	0.0	0.0	0.0	0.0	0.0	0.0	0.0	0.0	0.0	0.0	0.0	0.0	0.0	0.0	0.0	0.0	0.0	0.0	0.0	0.0	0.0	0.0	0.0	0.0	0.0	0.0	0.0	0.0	0.0	0.0	0.0	0.0	0.0	0.0	0.0	0.0	0.0	0.0	0.0	0.0	0.0	0.0	0.0	0.0	0.0	0.0	0.0	0.0	0.0	0.0	0.0	0.0	0.0
