global_signal	global_signal_derivative1	global_signal_power2	global_signal_derivative1_power2	csf	csf_derivative1	csf_power2	csf_derivative1_power2	white_matter	white_matter_derivative1	white_matter_derivative1_power2	white_matter_power2	csf_wm	tcompcor	std_dvars	dvars	framewise_displacement	rmsd	t_comp_cor_00	t_comp_cor_01	t_comp_cor_02	t_comp_cor_03	t_comp_cor_04	t_comp_cor_05	c_comp_cor_00	c_comp_cor_01	c_comp_cor_02	c_comp_cor_03	c_comp_cor_04	c_comp_cor_05	c_comp_cor_06	c_comp_cor_07	w_comp_cor_00	w_comp_cor_01	w_comp_cor_02	w_comp_cor_03	w_comp_cor_04	w_comp_cor_05	w_comp_cor_06	w_comp_cor_07	w_comp_cor_08	w_comp_cor_09	w_comp_cor_10	w_comp_cor_11	w_comp_cor_12	w_comp_cor_13	w_comp_cor_14	w_comp_cor_15	w_comp_cor_16	w_comp_cor_17	w_comp_cor_18	w_comp_cor_19	w_comp_cor_20	w_comp_cor_21	w_comp_cor_22	w_comp_cor_23	w_comp_cor_24	w_comp_cor_25	w_comp_cor_26	w_comp_cor_27	w_comp_cor_28	w_comp_cor_29	w_comp_cor_30	w_comp_cor_31	w_comp_cor_32	w_comp_cor_33	w_comp_cor_34	w_comp_cor_35	w_comp_cor_36	w_comp_cor_37	w_comp_cor_38	w_comp_cor_39	w_comp_cor_40	w_comp_cor_41	w_comp_cor_42	w_comp_cor_43	w_comp_cor_44	w_comp_cor_45	w_comp_cor_46	w_comp_cor_47	w_comp_cor_48	w_comp_cor_49	w_comp_cor_50	w_comp_cor_51	w_comp_cor_52	w_comp_cor_53	w_comp_cor_54	w_comp_cor_55	w_comp_cor_56	w_comp_cor_57	w_comp_cor_58	w_comp_cor_59	w_comp_cor_60	w_comp_cor_61	w_comp_cor_62	w_comp_cor_63	w_comp_cor_64	w_comp_cor_65	w_comp_cor_66	w_comp_cor_67	w_comp_cor_68	w_comp_cor_69	a_comp_cor_00	a_comp_cor_01	a_comp_cor_02	a_comp_cor_03	a_comp_cor_04	a_comp_cor_05	a_comp_cor_06	a_comp_cor_07	a_comp_cor_08	a_comp_cor_09	a_comp_cor_10	a_comp_cor_11	a_comp_cor_12	a_comp_cor_13	a_comp_cor_14	a_comp_cor_15	a_comp_cor_16	a_comp_cor_17	a_comp_cor_18	a_comp_cor_19	a_comp_cor_20	a_comp_cor_21	a_comp_cor_22	a_comp_cor_23	a_comp_cor_24	a_comp_cor_25	a_comp_cor_26	a_comp_cor_27	a_comp_cor_28	a_comp_cor_29	a_comp_cor_30	a_comp_cor_31	a_comp_cor_32	a_comp_cor_33	a_comp_cor_34	a_comp_cor_35	a_comp_cor_36	a_comp_cor_37	a_comp_cor_38	a_comp_cor_39	a_comp_cor_40	a_comp_cor_41	a_comp_cor_42	a_comp_cor_43	a_comp_cor_44	a_comp_cor_45	a_comp_cor_46	a_comp_cor_47	a_comp_cor_48	a_comp_cor_49	a_comp_cor_50	a_comp_cor_51	a_comp_cor_52	a_comp_cor_53	a_comp_cor_54	a_comp_cor_55	a_comp_cor_56	a_comp_cor_57	a_comp_cor_58	a_comp_cor_59	a_comp_cor_60	edge_comp_00	edge_comp_01	edge_comp_02	edge_comp_03	edge_comp_04	edge_comp_05	edge_comp_06	edge_comp_07	edge_comp_08	edge_comp_09	edge_comp_10	edge_comp_11	edge_comp_12	edge_comp_13	edge_comp_14	edge_comp_15	edge_comp_16	edge_comp_17	edge_comp_18	edge_comp_19	edge_comp_20	edge_comp_21	edge_comp_22	edge_comp_23	cosine00	cosine01	cosine02	cosine03	cosine04	trans_x	trans_x_derivative1	trans_x_power2	trans_x_derivative1_power2	trans_y	trans_y_derivative1	trans_y_derivative1_power2	trans_y_power2	trans_z	trans_z_derivative1	trans_z_derivative1_power2	trans_z_power2	rot_x	rot_x_derivative1	rot_x_power2	rot_x_derivative1_power2	rot_y	rot_y_derivative1	rot_y_derivative1_power2	rot_y_power2	rot_z	rot_z_derivative1	rot_z_power2	rot_z_derivative1_power2	motion_outlier00	motion_outlier01	motion_outlier02	motion_outlier03	motion_outlier04	motion_outlier05	motion_outlier06	motion_outlier07	motion_outlier08	motion_outlier09	motion_outlier10	motion_outlier11	motion_outlier12	motion_outlier13	motion_outlier14	motion_outlier15	motion_outlier16	motion_outlier17	motion_outlier18	motion_outlier19	motion_outlier20	motion_outlier21	motion_outlier22	motion_outlier23	motion_outlier24	motion_outlier25
5674.504610862368	n/a	32200002.57869828	n/a	4312.129502736433	n/a	18594460.84836996	n/a	3927.3140046320736	n/a	n/a	15423795.290979216	3951.1676854589855	7189.578093982485	n/a	n/a	n/a	n/a	-0.1024605885	0.0234845817	-0.0847296674	0.0490368853	-0.0159527934	0.0408837023	0.0347136537	-0.0566606723	0.1094161001	-0.0792529936	-0.0044482507	0.0191627312	-0.062325876	0.0080707923	0.0798491155	-0.039153618	0.0741670159	0.0153220609	-0.0010201559	0.0194695647	-0.0413445374	0.0664679674	-0.0426841348	0.0381466168	-0.0455963396	0.0388992134	-0.107460216	0.1202643013	-0.0783449465	0.0563081983	-0.0417826844	0.0299018814	-0.023286369	0.0761724352	-0.0581546737	0.0536546722	-0.1018287302	0.0486343271	-0.058265999	0.0651305178	-0.0044433784	0.0433515948	-0.0114091488	0.0112960768	-0.0860370178	0.0440006702	-0.0439956786	0.030407232	-0.0177871692	0.0689478874	-0.0120362499	-0.0715148154	0.0963563579	-0.0202094177	0.029226545	0.0173113433	-0.0441366538	-0.0300024907	0.0328081246	0.0255057743	-0.0481339571	0.0653091927	0.0926868658	-0.0423750463	-0.0344074794	-0.062741298	0.0745601774	-0.0425122044	-0.0259367258	-0.1102758985	0.0489758549	0.0216541237	0.0308440354	-0.1079348077	0.0033451244	0.0056151272	0.0420466334	0.0047065738	-0.0821922716	-0.0529174148	0.1241679606	0.0022897098	0.0814154574	-0.0093499009	0.0740768981	-0.078583925	0.0504907491	-0.0185208497	0.0171561962	-0.0849388556	0.0304139489	-0.0042579042	0.0265517391	-0.0016949464	0.0330367097	-0.0280034699	0.0317958005	0.1335676677	-0.0354104929	0.1174720131	-0.0579303197	0.1654729466	-0.0003705308	0.0021886128	-0.0849675295	0.0379079566	-0.0493906203	0.1725424431	-0.0099117733	0.0009340989	-0.0351005296	0.0147825028	-0.0276169074	0.0422397351	-0.0678657583	0.0459685656	-0.0099639886	0.0119272333	-0.0034614514	0.0254965346	-0.0708401158	0.0539662964	-0.0551351479	0.1180698708	-0.0397422596	0.0554658731	-0.0261166376	0.0785452215	0.0282213718	-0.0735101263	0.0579041037	-0.033452982	-0.0567900246	0.0885849306	-0.0047079649	-0.0370250336	-0.0124663573	0.0636713182	0.089141936	-0.0592563563	0.1074572256	0.00583369	0.0026518752	0.0213230739	-0.0708320082	0.0771403528	-0.0869662023	0.0427943058	-0.0512291487	-0.0723007569	0.0720743647	-0.103269988	0.1288906338	-0.1129680126	0.0638956334	-0.0970925902	0.0085036534	-0.0057756096	0.0361305514	-0.0031775103	-0.0855012451	0.0960932505	-0.0485479576	0.0638935194	-0.0525870386	0.0126925084	-0.0485805675	0.0044051372	-0.0576981909	0.0955612383	0.0955538639	0.0955415737	0.0955243683	0.0955022485	0.0146393762776853	n/a	0.0002143113377996	n/a	0.0831745119842253	n/a	n/a	0.006917999443814	-0.24239133619065	n/a	n/a	0.0587535598602887	0.0074093560273946	n/a	5.489855674068869e-05	n/a	0.0004237920155059	n/a	n/a	1.7959967240655297e-07	0.0010219453575754	n/a	1.0443723138699123e-06	n/a	0.0	0.0	0.0	0.0	0.0	0.0	0.0	0.0	0.0	0.0	0.0	0.0	0.0	0.0	0.0	0.0	0.0	0.0	0.0	0.0	0.0	0.0	0.0	0.0	0.0	0.0
5702.098711882513	27.59410102014499	32513929.720052216	761.4344111099667	4319.966735125146	7.837232388713346	18662112.592587817	61.4222115146975	3932.766348580026	5.452343947952159	29.72805452677053	15466651.15252347	3958.357801456494	7320.111315730533	1.721398	53.030262	0.8508485043404934	0.5693580247602074	-0.1049458396	-0.0806412149	-0.2278360793	-0.083771305	-0.1256246549	0.0974748934	-0.0773901137	-0.1461841884	0.1801868572	-0.0080700302	-0.0861459408	0.013711439	0.0389838683	0.0199020748	0.1857886641	0.0282620582	0.0986192068	-0.0063161291	-0.1310485056	0.1338439685	-0.1904737668	0.0624901464	0.0154804398	-0.0406460778	-0.0543310586	-0.0525072501	0.0748123451	-0.0001461891	-0.0176428003	-0.0377350188	0.0511122928	0.1260666048	0.1275931119	-0.0100539942	0.0510476293	0.0101601792	-0.097257024	-0.0194940069	-0.0737374285	-0.0181179857	0.0135377486	0.0197426586	-0.0058305524	-0.0486137482	-0.1085149281	0.1207282873	-0.052016793	-0.0314259236	0.0569955691	0.0930046358	0.0148662856	0.0336967837	0.0352656279	-0.0137684371	0.0881650666	-0.0148345163	0.0161996785	0.09878608	0.0380742473	0.0232616013	0.0113402192	0.0523069086	0.0609215388	-0.0467075241	0.0083056477	0.1238213133	-0.0108933116	-0.0414049124	-0.0407738493	-0.0419475783	-0.0011438891	0.0227466054	0.1203385786	-0.0691124903	0.0773568327	-0.015564829	0.0435943617	-0.1382602117	-0.0816733227	-0.0259498508	0.0914607182	-0.0380564024	-0.0203204938	0.0678950871	0.1922299839	0.0016946422	0.1481124664	0.016153397	0.0486297023	-0.1128447827	-0.1056086337	-0.0370002932	0.1378539269	-0.1241585487	-0.1148555687	0.0012982346	-0.1692199816	0.033861285	-0.0041648258	0.0875154426	-0.0866489153	-0.0005498925	0.0201035768	-0.0541399621	-0.0901765011	0.0826968533	0.0112200487	0.031537049	-0.036962273	-0.0908168573	0.094732758	0.0965254549	-0.0768755827	0.0923316182	0.0047150359	0.051278304	-0.1585320246	0.0209958238	0.0340056235	-0.0409318006	-0.0196876065	-0.0265000599	0.0231784648	-0.1426205018	-0.057821301	0.0825639197	-0.0581193713	0.0863434623	0.0490363281	-0.0569862998	-0.0119544177	0.0040117224	0.0137999719	0.0722908677	-0.0290592187	-0.0306050735	-0.0777364374	0.0160652932	-0.0220436008	-0.0625752639	-0.1113257705	-0.0234104911	-0.0392268785	0.0698238418	-0.041409489	0.1647129107	-0.118116385	0.1047454474	0.2468315436	-0.0042791923	0.0319881545	0.1009535556	-0.0716478484	-0.018948201	-0.0866486682	-0.0271592247	-0.0115212884	-0.041293876	-0.0022542796	0.0391872975	-0.0088075685	-0.0109999034	-0.0727155557	-0.044420333	-0.1359962301	0.0587677489	0.150042256	0.1570885965	-0.0309165219	0.0955415737	0.0954752155	0.0953646527	0.0952099364	0.0950111383	-0.0030041023952094	-0.0176434786728947	9.024631200902855e-06	0.0003112923396808	0.1692662814399739	0.0860917694557486	0.0074117927680217	0.0286510740325164	-0.5366914341155251	-0.2943000979248751	0.086612547638591	0.288037695452979	0.0155443481046882	0.0081349920772936	0.0002416267579997	6.617809609762963e-05	-0.0004415204856265	-0.0008653125011323	7.487657246160096e-07	1.949403392278604e-07	0.0009659867702619	-5.595858731350008e-05	9.331304403210168e-07	3.1313634941226114e-09	1.0	0.0	0.0	0.0	0.0	0.0	0.0	0.0	0.0	0.0	0.0	0.0	0.0	0.0	0.0	0.0	0.0	0.0	0.0	0.0	0.0	0.0	0.0	0.0	0.0	0.0
5680.4664502856285	-21.632261596884742	32267699.09282061	467.9547417960546	4184.348433411931	-135.61830171321526	17508771.812196884	18392.323759576684	3936.152879242768	3.3865306627421887	11.468589929693048	15493299.488771131	3946.161850003675	7171.860860595241	1.21456	37.416355	0.139327314163721	0.0803686551861514	-0.0712849769	-0.0993935823	-0.2203463212	-0.0708342146	-0.0785301576	0.1039021711	0.0168312121	-0.1664693264	-0.1142758888	-0.0966657031	-0.0285564988	-0.0255979523	0.2064200637	-0.0077044746	0.2018737855	0.0493508328	0.1091260335	0.0008016439	-0.1889093723	0.1428696619	-0.1219767748	-0.0484845336	0.0993804595	0.0168363732	-0.0152478627	-0.0520182801	0.0348152551	0.0306676045	-0.009489528	-0.0011686339	0.1492548849	-0.0771745948	-0.0459458468	0.0356964029	0.0390748664	-0.0606796641	0.0175767693	0.0169882175	-0.0003697015	-0.0657342557	-0.0069855539	0.0041497977	0.0460823432	-0.0710624066	-0.0282144234	-0.0147183798	0.0938087041	0.047785082	-0.0399424734	0.0086185987	0.0272067206	0.0494473492	-0.0445129608	0.0521419361	-0.0414800105	-0.0504474417	0.040707638	0.0577694038	-0.00336115	-0.038569232	0.0045088039	-0.0669989795	-0.0382268211	-0.0039625972	-0.0197266676	-0.0206944578	-0.0120406643	-0.0600740043	0.0291682274	0.179935218	0.080060147	0.0346635218	0.0026732675	0.0955987304	-0.0109318391	0.0323940879	0.0142162209	-0.0001277094	-0.0469232615	-0.0026725181	-0.0539904211	0.0724404876	-0.0570379728	0.1018843324	0.1766213486	-0.052284729	0.0426364767	0.1153954586	0.006154085	0.0164030749	-0.1461145614	0.0299988035	0.1698793498	-0.0458800489	-0.160795065	-0.1146637432	-0.0034142378	0.0154988598	-0.06099053	-0.0705663003	-0.0932788933	-0.0393957937	-0.0262621613	-0.0084175342	0.1928555149	-0.106838568	0.0348369689	-0.0113990079	-0.053374446	0.0023614835	0.0289428072	-0.0893935188	-0.0791535508	-0.0002326389	-0.0296844474	-0.0675402743	-0.0400172211	-0.0223051743	-0.0144144767	0.0686143036	0.0419289843	-0.0035041569	-0.034963096	-0.0333168578	-0.0198601483	-0.0620480646	0.0631161893	-0.0334446584	-0.0898837983	-0.0224455177	-0.0470085148	0.0206214283	-0.0078119246	-0.0894801156	-0.1079042371	-0.0177005687	0.0850275185	-0.0258655687	-0.0152403074	0.050704921	-0.0314836353	-0.049478886	0.0346304639	-0.051902441	0.0460857293	0.1551292705	-0.1233862596	0.1197075391	0.2782776522	0.0580659441	-0.039058477	0.0697095168	-0.0995145832	0.0447540084	-0.1578344332	0.0072659592	0.0619600247	-0.0673444893	-0.1545205498	0.1085242904	0.0509198681	-0.0834317569	-0.0518435354	0.0257933298	-0.0086894321	-0.0210672118	0.1677245243	-0.0302668767	0.0937145491	0.0955022485	0.0953179834	0.0950111383	0.0945821078	0.0940314435	0.0004979152595723	0.0035020176547817	2.479196057149509e-07	1.226412765440272e-05	0.2225390121954404	0.0532727307554664	0.0028379838421444	0.0495236119489223	-0.5345828891659323	0.0021085449495927	4.445961804453233e-06	0.2857788653889955	0.0164907879991098	0.0009464398944216	0.0002719460888315	8.957484737527719e-07	-0.0010839443620822	-0.0006424238764557	4.127084370403686e-07	1.1749353800897876e-06	0.0009860034154622	2.0016645200300067e-05	9.72202735303124e-07	4.0066608507469566e-10	0.0	0.0	0.0	0.0	0.0	0.0	0.0	0.0	0.0	0.0	0.0	0.0	0.0	0.0	0.0	0.0	0.0	0.0	0.0	0.0	0.0	0.0	0.0	0.0	0.0	0.0
5686.304538026776	5.838087741147319	32334059.299183905	34.08326847333461	4258.367151765131	74.0187183531998	18133690.799232274	5478.770666650317	3938.769812275655	2.6169330328871183	6.848338498615772	15513907.634094	3957.322422463754	7100.35147413828	0.967554	29.806963	0.1386927418263919	0.0709111198287841	-0.0654237254	-0.0979768066	-0.202322128	-0.0601782935	-0.06218915	0.101953277	-0.0165050318	-0.1697718035	0.0155227215	-0.0188888851	-0.0317376097	-0.0988284333	0.0378684062	0.123388691	0.1948477711	0.064227632	0.1188874312	-0.0014272903	-0.1347719974	0.123012982	-0.0664971349	-0.1109365341	0.042365101	-0.0071284486	-0.0055951071	-0.0192279089	0.0482821769	-0.0416883562	-0.0161391778	-0.1194830297	0.1281353128	-0.0533755886	0.0040542708	0.0520712518	-0.0474609833	-0.1551331278	0.0224136719	0.0166108181	0.0303095001	-0.0123636569	-0.0448332752	-0.0725257653	0.0106748342	0.0488711947	-0.0322187922	-0.0033036007	0.1045264523	0.0064463673	-0.0409055108	-0.0011262302	-0.0262683398	-0.0510966887	-0.113823139	0.0671745001	0.0299156373	0.1152231041	0.038328283	-0.0382448287	-0.0571076363	-0.0766487079	-0.057155422	-0.0380984778	-0.0723281873	-0.0593827565	0.0189380116	-0.0173528274	0.040393171	0.0109589222	-0.0410825569	0.0091887108	-0.040190018	-0.1310557396	-0.0704028792	-0.0141664223	0.0290812227	-0.0070395507	-0.1786832879	0.0446038414	0.0998963177	-0.0194669047	-0.0378505089	0.0404977816	0.1067706761	-0.0243079192	0.1728848801	-0.0647759823	0.0666012083	0.1282134617	-0.0272309583	0.0798029493	-0.0793316295	-0.0337507142	0.1539576998	-0.0477959889	-0.1017741181	-0.1190936461	-0.0418371867	0.0303358656	0.0325116893	0.007839131	-0.085651089	-0.0942583304	-0.014438156	-0.067619789	0.0504145432	-0.0894179023	0.1186689385	0.005992607	-0.0547916534	0.0389641563	-0.0012949237	-0.0700415182	-0.0338600897	-0.1168432202	0.0317727754	-0.0508588017	-0.0006783655	-0.0526169253	0.0568217839	0.0646153467	0.0827780014	-0.0031739354	-0.0249327157	-0.0100132374	-0.1263273126	-0.0522168182	0.0979699482	-0.0310263803	0.016865255	0.0533126943	0.0537880589	-0.0163568622	-0.043312964	0.0032254965	0.0617556462	0.102518092	0.0698772132	-0.0081162247	-0.0656138361	-0.045065361	0.0506431775	0.0393278583	-0.0237446455	0.0186938653	0.1010953904	0.157480569	-0.1306464661	0.1189721504	0.2411512046	0.0321231446	-0.0433987311	-0.0139083092	-0.1307071454	0.0895228362	-0.178709427	-0.0535868995	0.0852806125	-0.0571262013	-0.1099554402	0.0609352989	-0.01367243	0.0405824411	-0.0379285186	0.0909891586	0.1665703708	-0.0425102648	0.0978257088	-0.1571596704	0.221403506	0.0954432708	0.0950822971	0.0944816852	0.0936429488	0.0925682019	0.0105499623422531	0.0100520470826808	0.0001113017054229	0.0001010436505524	0.2453955683082824	0.022856556112842	0.0005224221573394	0.0602189849453448	-0.5044790973462483	0.030103791819684	0.0009062382819228	0.2544991596592855	0.0154669314484527	-0.0010238565506571	0.0002392259684311	1.048282236323458e-06	-0.0007319865482966	0.0003519578137856	1.2387430268473913e-07	5.358043068871706e-07	0.0008482108436812	-0.000137792571781	7.19461635338373e-07	1.898679283802207e-08	0.0	0.0	0.0	0.0	0.0	0.0	0.0	0.0	0.0	0.0	0.0	0.0	0.0	0.0	0.0	0.0	0.0	0.0	0.0	0.0	0.0	0.0	0.0	0.0	0.0	0.0
5681.162058463449	-5.14247956332656	32275602.334524658	26.44509605923133	4248.767002364791	-9.600149400340342	18052021.04038389	92.16286850885504	3933.346212983002	-5.423599292653307	29.41542928726945	15471212.43118772	3958.5444886365	7189.831282922553	1.196628	36.863918	0.2655923428578156	0.1527433955417104	-0.0924668845	-0.0032150562	-0.1581487819	-0.0393272974	-0.025971369	0.1766740627	0.0030837884	-0.2067310992	0.0080736281	-0.0772033029	-0.0646780494	-0.0695453709	-0.0576539143	0.0617813172	0.1845436592	-0.0163843627	0.1338260775	-0.0016554688	-0.0670032104	0.121728684	0.0427664061	-0.0998167475	0.0817943594	-0.057867026	-0.061569899	0.0136218568	0.0909323891	-0.0711589952	0.099940233	-0.1098770318	0.0701416599	-0.0012954142	-0.0284062118	-0.0551138329	-0.029119879	-0.0871108737	0.025351756	-0.0222656551	-0.0718288528	0.1092591667	-0.0333299781	-0.004122423	0.0354408877	-0.0226534027	0.0238807173	-0.0275484676	-0.0351449537	0.0303129353	0.0582539536	0.0052097242	-0.0133927701	0.0140747201	-0.0844829664	-0.0048096373	0.0216950303	0.0342212213	0.0010357271	-0.0236294405	-0.0087897688	0.068546915	0.0119518645	-0.0591728268	-0.0653567798	0.0155184324	0.0695916514	-0.0915133637	0.0474338204	0.0010327553	0.114016932	0.0341846327	-0.0122138968	0.0670015608	0.0988446079	0.1283450287	-0.0117288044	-0.0517132411	-0.0943536886	0.069660587	0.0489153133	0.0111547843	-0.0376795354	0.060429317	0.0357840643	-0.0847019494	0.1892714549	-0.1167329253	0.0654273177	0.0560749577	-0.0087280005	0.1005260899	0.0044546824	-0.0566755373	0.049733243	-0.1919418868	-0.1036885051	-0.069477999	-0.0946954788	-0.0427348347	0.0321471808	-0.0338720414	-0.0322510265	-0.1077521625	-0.0280106184	-0.0476477388	0.0632788189	-0.0180351673	0.0506006725	0.0479151628	0.0248062663	0.0312177558	0.0585908207	-0.005885026	-0.0576678186	-0.0670878523	0.0068031702	-0.0161708934	0.081042057	0.0136712351	0.1134054771	-0.0580873222	0.0226244611	0.1144113447	-0.0137977582	0.0519206439	0.0234963455	-0.0484358424	-0.0565973531	0.0488992062	-0.0018870076	-0.0052112206	0.0326395249	-0.0092194343	0.0693719695	-0.0092464441	0.0658817609	-0.0277442187	0.0103540345	0.0515084231	-0.0372091793	0.0981103835	0.0125410981	0.0797511043	0.0758728965	-0.032710016	-0.017391983	0.1591989127	-0.127627699	0.0970757305	0.162276307	0.0071947757	-0.0826357003	-0.035944654	-0.1645786567	0.0411290639	-0.0221896729	-0.0424186263	0.031950099	-0.0447678046	-0.0152125312	-0.0019225549	0.1245820349	0.0559392932	0.020161402	-0.0125185507	0.0510277794	-0.0625660937	-0.1233294801	0.032829781	0.0221489791	0.0953646527	0.0947683504	0.0937772737	0.092395551	0.0906289382	0.0138997476417017	0.0033497852994485	0.0001932029845029	1.122106155240194e-05	0.1791863595278897	-0.0662092087803927	0.0043836593273256	0.0321077514408581	-0.5229273902246376	-0.0184482928783893	0.0003403395101268	0.2734530554471504	0.0128935589159002	-0.0025733725325524	0.0001662438615177	6.622246191295665e-06	-0.0002672307661357	0.0004647557821609	2.159979370519899e-07	7.14122823694732e-08	0.0013617836469595	0.0005135728032783	1.854454701126316e-06	2.6375702426713146e-07	0.0	0.0	0.0	0.0	0.0	0.0	0.0	0.0	0.0	0.0	0.0	0.0	0.0	0.0	0.0	0.0	0.0	0.0	0.0	0.0	0.0	0.0	0.0	0.0	0.0	0.0
5673.116538442663	-8.04552002078617	32184251.258751664	64.73039240487111	4290.071083658473	41.30408129368243	18404709.902842585	1706.0271315151267	3927.9448400548986	-5.401372928103228	29.174829508446443	15428750.666513905	3948.529491553304	7188.700712382175	1.142296	35.190159	0.330161976780116	0.2015054961118633	-0.111694871	-0.0196493921	-0.1207230163	0.0159406937	0.031165987	0.2066132416	-0.0707962007	-0.1159410016	0.1136370764	-0.0196653063	0.0112162171	-0.2202001176	-0.0771653912	-0.0429390489	0.1444409591	-0.0193155699	0.1101493752	-0.028929065	0.0341916789	0.0405224802	-0.0437302171	-0.0653754142	0.1007740311	-0.057321824	-0.0934793011	-0.0016342534	-0.0119996182	0.0179225529	-0.0499932793	-0.0316006095	-0.0027440368	-0.0299270342	-0.134026758	-0.0159753143	0.0707959111	-0.039482077	0.0382127981	0.0433971146	0.0564987593	-0.024524741	-0.1027963893	0.0461887438	-0.0538974384	-0.1026827901	-0.0494699376	-0.0672932425	0.0199645719	-0.0533406767	0.0165394489	-0.0317924037	0.0317396125	-0.0151506376	0.0627252991	-0.0043624488	-0.0163217476	-0.0745157518	0.0871023513	-0.0235370944	-0.028821631	-0.028835222	0.048074647	-0.0023445759	0.1440472038	0.1523471656	0.0432678312	0.0155771856	0.0077715182	0.0825848795	0.0540815834	0.0636141494	-0.0468753215	-0.0488842148	-0.0582582907	0.0011677932	0.05160515	-0.0818599056	0.0635854781	0.0514079734	0.0660533174	0.0486885971	-0.0769399553	-0.0356139013	-0.0961766484	-0.0690646667	0.1415802032	-0.0500748836	0.0928774149	0.006285504	-0.0661912188	0.032988852	0.0822540877	0.1360404722	0.1131701945	-0.0287519195	0.0164465487	-0.0130309108	-0.0204517454	0.0848443718	0.0303740487	-0.0048897828	0.0282719405	-0.0313727133	0.0457445345	-0.0075754025	0.0402355772	-0.0931101976	0.0236498589	0.0382261398	0.0425589851	0.1016066838	-0.0884604359	0.0187943248	0.0339714766	-0.0081923288	0.1070737266	0.0064622109	-0.1362503412	0.0124377616	0.0245539529	0.0608090207	-0.0289351943	-0.0037746973	-0.0266681592	-0.0821222238	0.1420895167	-0.0619958174	0.0320716894	-0.076274658	-0.0106971618	0.0506199755	-0.0140941616	-0.0198732572	0.0651540192	-0.0014563255	0.0166671161	-0.024250569	0.0576359864	0.0277410606	0.0519705463	0.0154538094	-0.1977042488	-0.0049802531	0.0074677529	-0.0316550671	-0.0648871499	0.1386248179	-0.1141108006	0.0682245108	0.0725467185	-0.0334704278	0.0341057497	-0.0928495441	-0.0662651277	-0.0812232201	0.0651375671	-0.0732753418	0.049371141	-0.0240101899	0.0444021851	-0.0318731643	-0.0034304155	0.0124676579	0.0269954503	0.0523399061	-0.0012102947	-0.0329318707	-0.0316387379	0.03974055	-0.0456798541	0.0952664105	0.0943764019	0.0928992083	0.0908440203	0.0882236248	-0.0047222153657173	-0.018621963007419	2.229931796021657e-05	0.0003467775062496	0.1246376120562615	-0.0545487474716281	0.0029755658507234	0.0155345343390871	-0.3987259407683439	0.1242014494562937	0.0154260000470442	0.1589823758416008	0.0105710265349838	-0.0023225323809164	0.0001117466020033	5.394156660405208e-06	-0.0004958685583897	-0.000228637792254	5.227524004678328e-08	2.4588562719947934e-07	0.0012571574832344	-0.000104626163725	1.5804449376522507e-06	1.0946634135831412e-08	0.0	0.0	0.0	0.0	0.0	0.0	0.0	0.0	0.0	0.0	0.0	0.0	0.0	0.0	0.0	0.0	0.0	0.0	0.0	0.0	0.0	0.0	0.0	0.0	0.0	0.0
5661.613558187794	-11.502980254868817	32053868.08225585	132.31855474390187	4268.805293706318	-21.2657899521555	18222698.63557508	452.23382228919786	3927.090280035896	-0.8545600190027471	0.7302728260779755	15422038.06755241	3943.500602024614	7095.936182886671	1.128891	34.777199	0.2457178347579324	0.1770926564395858	-0.1019072203	0.0239467049	-0.0688673652	-0.0058950196	0.0513040649	0.1080078453	0.0343262268	-0.0921327525	0.0765221028	-0.0260174889	0.0396968347	-0.1685944206	0.0519536592	-0.0603713481	0.1047688786	-0.0491376918	0.0933986593	-0.0070999425	0.013266167	-0.0243537799	-0.0043606804	0.0071556909	0.0170334574	0.0258870861	0.0153778221	0.0790455804	-0.0800160411	0.1064817187	-0.0818459754	0.0432403972	-0.0069921936	-0.0298649357	-0.1326677694	0.0915845596	0.0401356649	0.0861916778	0.0567706735	0.0488368158	0.1343840449	0.0284066972	0.0391770521	-0.0457496479	-0.012773608	-0.0692536671	0.026416062	0.0675882214	-0.0249798338	-0.0333129715	0.0139594283	-0.0239969463	0.0628947946	0.050623003	0.0790984504	-0.0742116674	0.0276192281	0.0484180335	-0.1339625049	0.0763331474	0.0168565783	0.0978476453	-0.0155059087	0.0445483998	-0.0595997477	0.0710292709	-0.1267056307	0.0047708581	-0.1169600433	0.0958011313	-0.0793811326	-0.00822756	-0.036404027	-0.1199114618	-0.0988976091	-0.0597539081	-0.0439948343	0.0757820148	-0.0533608712	-0.048831869	0.0361269869	0.123442145	0.0972920393	-0.0473864061	-0.1301595464	-0.1501377053	0.0940454192	-0.0960600882	0.0444702229	0.0188799426	-0.0400710401	-0.0169467101	-0.0039817613	0.1357464544	0.0539682932	0.085215651	0.0826342018	-0.0060906881	0.0917384655	0.1341038346	0.023730427	-0.0480571107	0.0447667387	0.0784338897	-0.006329701	0.0216932041	0.0075052552	-0.0401328786	-0.1112156815	-0.0078084845	0.1015599399	0.0365667725	-0.1127244174	-0.0186898049	0.1882827261	0.0088248322	0.0131189937	0.0834600162	-0.0549078749	-0.1018318819	-0.0590744257	-0.0239854876	0.0157529591	0.0433328018	-0.1198456492	-0.0304873815	0.0373787412	0.1060825703	-0.0360367441	0.0643850367	0.0014523882	-0.0095839915	0.0076786578	-0.0269695837	0.0219664187	-0.1056186637	0.0508634821	-0.0406609298	-0.107019387	-0.0795503671	-0.0360412774	-0.0844294875	-0.0785672704	-0.0301385653	-0.1594614743	-0.0913558456	0.1067776003	0.1100515762	-0.1055193157	0.045918562	-0.043546804	0.0124704879	0.0264781427	-0.0965874945	0.0657370905	-0.1181139679	0.0637476185	-0.0737611544	0.1226002849	0.036163132	0.0624073383	-0.1113061235	-0.1171109787	0.0236946909	0.0309422054	0.0327631963	-0.0054823028	-0.0848360594	-0.1789220114	-0.0891191802	-0.1020930203	0.0951485642	0.0939067741	0.091849115	0.0889934638	0.0853646308	0.0087533416702001	0.0134755570359174	7.662099039526147e-05	0.0001815906374282	0.1303194491440678	0.0056818370878062	3.2283272692371006e-05	0.0169831588252132	-0.3092990649521852	0.0894268758161587	0.0079971661182386	0.095665911580296	0.0079439560094392	-0.0026270705255445	6.310643707990518e-05	6.901499546185179e-06	-0.0005683477718863	-7.247921349659992e-05	5.2532363890857125e-09	3.2301918980812164e-07	0.0013002790405542	4.312155731980003e-05	1.690725583304551e-06	1.8594687056847998e-09	0.0	0.0	0.0	0.0	0.0	0.0	0.0	0.0	0.0	0.0	0.0	0.0	0.0	0.0	0.0	0.0	0.0	0.0	0.0	0.0	0.0	0.0	0.0	0.0	0.0	0.0
5661.737999520959	0.124441333165123	32055277.175219595	0.0154856453999131	4256.215035860656	-12.590257845661654	18115366.431486323	158.51459262024483	3925.924011494405	-1.1662685414908085	1.360182310871097	15412879.344028322	3944.4312838271344	7093.085376310513	1.025188	31.582466	0.1586913658062684	0.0696442814731628	-0.1108054097	0.0159747786	-0.109073557	0.0210456795	-0.0338777784	0.0907223604	0.0263885895	-0.1099523614	0.0754541514	-0.093820034	-0.0350571669	0.0306432497	0.0413412604	0.0249335451	0.1038698544	-0.0761679514	0.0614431529	-0.0640595187	0.0685058577	0.035740185	-0.0246290328	0.0505517945	-0.0312036065	-0.0195313377	-0.0149536544	0.1113286488	0.0107213186	0.1719289817	-0.1655732398	0.0402872223	-0.0979046555	0.0566668484	0.0050834795	0.0546381634	-0.0672222988	-0.022192191	0.1028338144	0.0034987384	-0.0014749553	-0.0191632971	-0.06484091	-0.1249679536	0.0520079942	0.0099919736	0.171822841	-0.0433778873	0.0047956738	-0.019150966	0.0153569793	-0.0127565848	-0.0060296254	0.0825050045	-0.0268065768	-0.0613853833	-0.1393187965	0.0105636388	-0.0407329547	0.0049128401	0.0453829902	0.0687238119	-0.0519973218	0.083840677	0.0251169138	-0.0485622754	0.0494739701	-0.0419070494	-0.0789233532	-0.005198727	-0.1097038732	-0.0694292262	-0.0453760505	0.0202911136	0.0471988086	0.0048320759	-0.0831543601	0.0336689049	0.0883487703	0.0543181628	-0.0413422512	-0.0721367432	-0.033369321	-0.0203692294	0.0497286274	-0.0069844201	0.1063315656	-0.1050448246	0.019674545	-0.0342249262	-0.0382437812	-0.0661863458	0.0419159025	0.0157496731	0.0274289961	0.0312316072	0.0153517969	0.0106854294	0.0410556018	0.1322523604	-0.0286954787	-0.0606867726	-0.0156305835	0.122780536	-0.1873308536	-0.1272780403	-0.0415087365	-0.0019455629	-0.0349723377	-0.0021906417	-0.0622835019	-0.0404555896	-0.0681098114	-0.0341104422	0.1166525371	-0.1041760846	-0.0139397439	0.0501968737	0.1359237125	0.0507364984	-0.0298674387	-0.0783299071	-0.0025624618	0.0145108583	-0.0595166554	0.0892778342	0.0186077792	0.0414880694	-0.0351144351	-0.0712915969	0.0321893863	-0.0458462517	-0.0497796888	0.0905751189	0.0077954201	0.0315433919	0.0744505256	0.0486826243	-0.1856413762	-0.0636484916	0.0465433294	0.0342903869	0.0549020843	-0.1335003491	-0.0355700387	0.0527281834	0.0221539133	0.1171618683	-0.1103315542	0.0469191642	-0.0080602483	-0.0764728791	-0.0181352828	-0.0639805342	0.1260765249	-0.0923049421	0.0741017911	-0.1117705335	0.0018615507	0.0132237948	0.1737524918	-0.0812563318	-0.0203945853	0.1219498998	0.0304664463	0.0687687698	0.0216716727	-0.0838418315	-0.0735574958	-0.0439529204	-0.1457023501	0.0950111383	0.0933598536	0.0906289382	0.0868499729	0.0820666583	0.0459008654625137	0.0371475237923136	0.0021068894502077	0.0013799385239005	0.101123736169356	-0.0291957129747117	0.0008523896561017	0.0102260100168495	-0.2968168614992521	0.012482203452933	0.0001558054030404	0.0881002492702662	0.0087414443426073	0.000797488333168	7.641284919490117e-05	6.35987641539234e-07	-0.0003472945606082	0.000221053211278	4.88645222163603e-08	1.206135118280427e-07	0.0018790560078342	0.0005787769672799	3.5308514805778007e-06	3.34982777853834e-07	0.0	0.0	0.0	0.0	0.0	0.0	0.0	0.0	0.0	0.0	0.0	0.0	0.0	0.0	0.0	0.0	0.0	0.0	0.0	0.0	0.0	0.0	0.0	0.0	0.0	0.0
5666.471795474551	4.7337959535916525	32108902.608908582	22.408824130240703	4288.498013570102	32.28297770944573	18391215.212394707	1042.19064978857	3925.666193715688	-0.2578177787167988	0.0664700070224642	15410855.06448222	3943.255085518132	7140.930287811583	1.106834	34.097683	0.1467701733023823	0.08261791962268	-0.1067988477	0.0437434925	-0.0776020316	0.0021295797	-0.0518583364	0.0199569506	-0.0635156815	-0.062390873	0.1282534337	-0.0618384146	-0.0522795379	-0.03708988	0.047230191	0.0632618471	0.0985421202	-0.0540783257	0.0934922235	-0.0682507996	0.0703603773	-0.0221589829	-0.0447967322	0.0634671901	-0.126814152	0.0415864677	-0.0529944045	-0.0150038924	0.0433661892	0.0388680202	-0.0694677494	-0.0526140329	-0.1465249711	0.1047431349	0.0685261892	0.012268429	0.0562846967	0.1281256302	0.0224731211	-0.0470489839	0.0902912399	-0.0722657908	-0.0221306622	0.0759274391	-0.0460833183	0.1110649909	-0.0366183717	-0.0491547234	0.0263260168	-0.0585145202	0.0933657361	-0.0389045788	0.0651495949	0.0305004628	-0.0237048771	0.0183409258	-0.0262126034	-0.1020196675	-0.0503728452	0.0397631792	0.0425480266	-0.1012642702	0.0383215158	0.0616058203	-0.0817437016	0.0469419058	-0.0347748612	-0.0315267297	-0.1002747835	0.0981797171	0.0079008158	-0.0230161186	-0.0184794835	0.0429881744	-0.0685226652	-0.0333464688	-0.068750415	0.0318796232	0.1000054392	-0.013466149	-0.0055775733	-0.0071285848	-0.0504176741	-0.1044913953	0.1085823354	0.0506455942	0.1041971964	-0.0245399153	0.1285881201	-0.0854757596	-0.0254000064	-0.0596664438	0.0057457721	-0.0348948626	0.0265269902	0.0815908874	0.0835816135	0.0255077988	0.0296281958	-0.011564723	-0.071389084	-0.0263956686	0.0794444555	0.0171700301	-0.1099196057	-0.0810308321	-0.0437553082	0.0522926662	-0.0631354666	-0.0758493069	0.0210286218	0.0223768233	0.044025098	0.0949331518	0.0420158202	0.096600711	0.1401139278	0.092969444	-0.0785921379	-0.0426228356	-0.0706369329	-0.0278723496	-0.0529713452	-0.0846406713	0.127663362	-0.0365243555	0.0277000717	-0.0570820785	0.049272625	-0.0776384444	-0.0309836824	-0.0873874208	-0.1088029741	-0.0192530157	-0.0472918899	-0.0461527004	0.099582267	0.093692118	-0.0005520219	-0.0463221248	-0.0480818522	-0.0559326175	0.07990426	0.0187742179	-0.0303771641	0.0616241273	-0.0457404773	0.0959040321	-0.0925121359	0.0276038336	-0.065456112	-0.0439603075	0.0637018104	-0.009223973	0.1969366641	-0.0172462185	0.117249319	-0.0569964643	0.0169535189	-0.0659543631	0.15107141	-0.1084012036	0.0296129506	-0.0597584425	0.0954104134	-0.030309695	-0.030957865	-0.0635909612	0.0385342821	0.0941253051	-0.0819461178	0.094854161	0.0927360906	0.0892409375	0.0844206031	0.0783466667	0.0272448547302843	-0.0186560107322294	0.0007422821092742	0.000348046736441	0.0764957038850013	-0.0246280322843546	0.0006065399741992	0.0058515927128618	-0.3081041711773054	-0.0112873096780532	0.0001274033597682	0.0949281802968542	0.0074088129371057	-0.0013326314055015	5.48905091370248e-05	1.7759064629291678e-06	-0.0003534141858774	-6.119625269199983e-06	3.7449813435430956e-11	1.2490158677938542e-07	0.0013738306264501	-0.000505225381384	1.8874105901722744e-06	2.552526859947092e-07	0.0	0.0	0.0	0.0	0.0	0.0	0.0	0.0	0.0	0.0	0.0	0.0	0.0	0.0	0.0	0.0	0.0	0.0	0.0	0.0	0.0	0.0	0.0	0.0	0.0	0.0
5662.249280809634	-4.222514664917071	32061066.91802922	17.829630095439725	4280.256082646461	-8.241930923640211	18320592.13303203	67.92942535005679	3920.9132388223184	-4.752954893369861	22.590580218408505	15373560.626372123	3939.434233651617	7102.669425820809	1.154096	35.553669	0.382894704124224	0.2153942065880616	-0.0509097643	0.0749836813	-0.0175289092	0.0403993259	0.0219683791	-0.0599875857	-0.0065935419	-0.0241108351	0.0637800192	-0.022909147	0.013518092	-0.0670349059	0.0089429456	0.1160667866	0.0128859693	-0.0449382373	0.0699386639	-0.0435074493	0.021490788	-0.1238568416	0.0415136874	0.0195855092	-0.1028800542	0.0413041297	0.0433472435	0.0374437425	0.0798893853	0.0916014917	-0.0755941562	0.0067628378	-0.1225871766	-0.1135636982	-0.0140965121	-0.1584665872	0.0211857052	0.1885674589	-0.1018469937	-0.099102475	0.0409231152	0.1297244244	0.064339698	-0.0602042059	-0.0570415473	0.0408204387	0.008322206	0.0361314046	0.0150098417	-0.069067624	-0.0195096415	-0.0776973579	0.0639532328	0.0790262924	-0.1191662688	0.0187218089	-0.0606029886	0.0867080689	-0.0833146095	-0.1038025411	0.1292584221	0.0693271814	-0.0899181371	-0.0754265395	-0.0264185104	0.0588535557	0.0926269102	-0.0023590377	0.1778997205	-0.0701388808	0.0770215362	-0.0678423545	0.0757838476	0.023669097	0.002790148	-0.0382313906	0.0240834671	0.0471621296	0.0069532504	0.0662727965	0.0556568971	-0.0761181352	0.0435303112	0.0610989178	0.0115668375	0.0990226686	0.0212852431	-0.0585577723	0.0681792218	-0.0435659862	-0.0168879544	0.0167948266	-0.0242415271	-0.037139157	-0.06624109	0.1360528011	0.1387872059	0.0490004556	0.0147463931	0.0177453277	-0.0975499265	-0.1207904746	0.0871897182	-0.025869669	0.0309662452	0.0963594092	-0.1006339534	-0.039489439	-0.081424975	-0.0418352162	-0.0622309079	0.0786505072	0.0826080346	0.0537462247	0.0843386309	0.1187358085	-0.0140531925	-0.011809183	0.023462542	-0.0667392088	0.0497615574	-0.2499418383	-0.0588494602	0.0324136979	0.0216918408	0.1545975974	0.0208600969	-0.0885918318	0.0059362279	0.0812161114	-0.0554508032	0.0328881362	-0.0242057932	0.0070971341	-0.0208469897	0.1182665748	0.0096074119	-0.0312088072	0.1018390011	0.1032424847	-0.1060150342	-0.0042989045	0.0867631796	-0.0665688247	0.0957236667	0.0126814901	-0.0654240201	0.0229841403	-0.0513651255	0.0026049702	-0.1609708182	-0.0261162494	0.0579296756	-0.0456124982	0.1143560108	0.0622801546	0.0300805399	0.0317869194	0.0370428796	0.0655213992	0.1389968444	-0.0044758222	0.0531183629	-0.1201857602	0.0130637934	-0.0824676491	0.112513083	0.027383547	0.0113282406	-0.0402777246	-0.0017275475	0.0946776645	0.0920359983	0.0876876832	0.081713351	0.0742237856	-0.0028464937421546	-0.0300913484724389	8.102526624125299e-06	0.0009054892528897	0.0544768933676067	-0.0220188105173946	0.0004848280166009	0.0029677319109855	-0.1997947037592098	0.1083094674180955	0.0117309407323915	0.0399179236502304	0.0045387672025361	-0.0028700457345696	2.0600407718817373e-05	8.237162518521157e-06	-0.0010429084295371	-0.0006894942436597	4.754023120398619e-07	1.0876579923995404e-06	0.0004838690503535	-0.0008899615760966	2.3412925788999795e-07	7.920316069283444e-07	0.0	0.0	0.0	0.0	0.0	0.0	0.0	0.0	0.0	0.0	0.0	0.0	0.0	0.0	0.0	0.0	0.0	0.0	0.0	0.0	0.0	0.0	0.0	0.0	0.0	0.0
5647.578869553563	-14.67041125607102	31895147.0878279	215.2209664222553	4266.721595639088	-13.534487007373173	18204913.17469297	183.1823385527532	3920.949194467905	0.0359556455864549	0.0012928084495387	15373842.585598512	3939.093914092063	6903.601883892369	1.18762	36.586422	0.2506428107607611	0.1511212656370648	0.0327177629	0.0997207816	0.0410270365	0.0206766848	0.1274141615	-0.0869273296	-0.0071043182	0.041827467	-0.020636504	-0.0647615152	0.0599445124	-0.1033900876	-0.0158554973	0.0413766236	-0.0276839341	-0.0079744057	0.0523624021	-0.0177188687	0.036074498	-0.1792632447	0.0990471349	-0.0888998347	-0.020468331	0.0055397139	0.1158133908	0.0273860567	0.0460774104	-0.0214977719	-0.0656038604	0.0686696044	-0.0346254798	-0.0408212506	0.1702146634	-0.0416991605	0.0893785209	0.1343191188	-0.1595536716	-0.0470605388	-0.0487402818	0.0766849691	0.0114550117	0.1115694296	0.0162734976	0.0681731129	0.0310901445	-0.0092401308	0.0760934861	0.0391874234	-0.0128937764	-0.004830918	-0.116866667	-0.1200968806	0.0096190296	-0.1044118228	0.0852392481	0.0746057709	0.0156874847	-0.0722420327	-0.1204980384	-0.0849995266	0.1629958701	-0.0015038415	0.0337969827	-0.1057488665	0.0336279948	0.0213370594	-0.0221401388	-0.1211661713	0.0187363251	0.0285974016	0.0102275588	0.0579509423	0.0225329993	0.0473939417	-0.0742127849	0.0089019273	0.0617410139	0.1980018235	0.0333517574	0.181619308	-0.0214834681	0.0453368357	0.0279603667	-0.0382066317	-0.0336218533	-0.0466432907	0.0606477428	-0.0026307689	-0.033332064	0.1046069766	-0.0057393119	0.0287184499	-0.1505563174	0.1118830334	0.1052445046	0.009206712	-0.0220168284	-0.033589121	0.0086342497	-0.0216663703	0.0702808155	-0.0881862441	0.0544562974	0.0510167253	-0.2192989286	0.1367704005	-0.0771902172	-0.0359362206	-0.1107787008	-0.0606819408	0.0190386258	-0.0286184038	0.0463092377	0.1217605903	0.0030921979	-0.012195306	0.0561592629	-0.1062923331	0.0836284039	0.0490054942	-0.1164458435	0.0214440311	0.0330477156	-0.0571619419	0.0242693736	0.0311777768	0.0197706397	-0.1116766091	-0.0003381852	0.1061060917	0.0648323803	-0.0751857431	-0.0378083983	-0.0589013103	-0.1235304147	0.0146124037	-0.0142538213	-0.093999168	0.1311490701	0.0462900791	-0.0005861189	0.1525646553	0.1269486039	-0.034358179	-0.0215286926	-0.0372772379	-0.0112708522	0.0034164711	-0.2010641146	0.0557856072	0.0388215151	-0.0532584191	-0.0094215974	0.0720335362	-0.0221113901	0.0583477347	0.0291502257	0.1213737465	0.0918647354	-0.0367949086	-0.0172258038	-0.1219187103	0.0130762527	-0.193146113	0.0735701364	0.0279552283	0.0453280462	-0.0142075718	0.1068007528	0.0944816852	0.0912601531	0.0859720514	0.0787371281	0.0697192167	-0.0055317971554273	-0.0026853034132727	3.060077976879357e-05	7.210854421334013e-06	0.0905250069894805	0.0360481136218738	0.0012994664956955	0.0081947768904454	-0.1268830396659552	0.0729116640932545	0.0053161107608475	0.0160993057548723	0.0022551131596869	-0.0022836540428492	5.0855353629930335e-06	5.215075787421495e-06	-0.0007261575234249	0.0003167509061122	1.003311365228998e-07	5.273047488265841e-07	0.0003043194066677	-0.0001795496436858	9.261030127458099e-08	3.223807454769774e-08	0.0	0.0	0.0	0.0	0.0	0.0	0.0	0.0	0.0	0.0	0.0	0.0	0.0	0.0	0.0	0.0	0.0	0.0	0.0	0.0	0.0	0.0	0.0	0.0	0.0	0.0
5641.455590044469	-6.123279509093663	31826021.17444399	37.49455194648633	4234.8675680048855	-31.854027634202797	17934103.318539612	1014.6790765205552	3919.7374963048974	-1.2116981630074406	1.468212438235606	15364342.039938586	3936.456259234548	6880.632870578436	1.104593	34.028645	0.1799313890511667	0.1084398719698479	0.0381295896	0.1050791893	0.0394487781	0.1531441731	0.1219207592	-0.0043674518	0.0538275223	0.0378955054	-0.0661988921	-0.0430846076	-0.0515858968	0.0063882207	-0.1221167549	0.001021311	-0.05797589	-0.0432777369	0.0359361324	0.0330238017	0.1158732199	-0.0614199895	0.1350420004	0.001961864	0.074893157	-0.0415220837	0.0185095121	0.0728279919	0.030639711	0.0944399616	0.0670045954	0.0803847644	0.0432567502	-0.1256196786	-0.0086508969	0.0419715515	-0.036996117	0.0350682937	0.0012612463	-0.0425959158	0.0584336869	0.0500834479	0.0462522333	0.0706344653	0.0151531109	-0.0157674276	0.0005033071	-0.0414810677	-0.0156785077	0.0557121956	-0.100127959	-0.023910088	-0.0489318804	-0.0167152163	0.0653766702	0.0137412289	0.0695174396	-0.1154665225	0.2128868207	0.0101807846	0.1148229885	-0.0615530118	-0.0707108017	0.0219593478	-0.1370052794	-0.0621546999	-0.0934526351	0.0800182192	0.0413816316	-0.00620666	-0.0192489698	-0.0293842479	0.0861976248	0.0373683772	0.1158812435	-0.0212766944	-0.0635926723	-0.1088501696	0.0360553643	0.0497511139	-0.0801452496	0.0893580974	-0.0863584212	-0.0397415567	0.0914641467	0.0858463855	-0.0524300922	-0.0823644936	-0.0251720428	-0.0206059833	0.0058605464	0.0690025112	0.1241256554	-0.0055382931	-0.1250356252	-0.0080758992	-0.0187689822	0.0577596389	0.076202281	0.0405319224	0.0046450767	-0.1169237359	0.0259113214	0.0436787337	0.003238482	0.0815919656	-0.0295625721	-0.0313573655	-0.0137753752	-0.0496301301	-0.0815600252	-0.0658071746	0.0244425	-0.090312746	-0.0857407615	-0.0104027598	-0.0189345998	-0.0551448114	0.0356812758	-0.0567605961	-0.0110943478	0.0373569953	-0.0591141669	0.0619886904	0.0689579224	-0.0820215049	-0.0473326695	-0.0080531104	-0.0213726715	0.0840155003	0.0359149889	-0.0193356935	0.0769334285	-0.0265574864	-0.0929187686	0.0644036412	-0.1082396582	-0.0890444806	0.1039507967	0.0120021357	0.0336593675	0.1911453471	0.1607541634	-0.0894104837	-0.1190311433	-0.1136965804	-0.0612726501	-0.0590214237	-0.0008669294	0.0032574124	-0.1923872047	-0.0449132351	-0.0787186962	-0.0670774989	-0.0298652026	-0.0293607279	-0.0181103281	0.0249361798	-0.0534212734	0.0359711987	0.075768928	0.0137017857	0.1150177306	-0.0351841916	-0.0460864949	-0.1715794221	0.1091602362	-0.0092825003	-0.0116152342	0.0152231692	-0.0305920648	0.0942662634	0.0904091936	0.0840972192	0.0755017308	0.0648561241	-0.0069079470895587	-0.0013761499341314	4.771973299214252e-05	1.8937886412098564e-06	0.0521733470799006	-0.0383516599095799	0.00147084981782	0.0027220581455197	-0.0596331190209298	0.0672499206450254	0.0045225518267622	0.0035561088841643	0.0011010904804767	-0.0011540226792102	1.21240024619641e-06	1.331768344131488e-06	-0.000918894413348	-0.0001927368899231	3.714750873722919e-08	8.443669428821651e-07	0.0001920058045524	-0.0001123136021153	3.6866228981814425e-08	1.2614345220113924e-08	0.0	0.0	0.0	0.0	0.0	0.0	0.0	0.0	0.0	0.0	0.0	0.0	0.0	0.0	0.0	0.0	0.0	0.0	0.0	0.0	0.0	0.0	0.0	0.0	0.0	0.0
5640.843362123424	-0.6122279210449051	31819113.836011898	0.3748230273069665	4299.251799179185	64.3842311742992	18483566.03274546	4145.329223905601	3917.96027093011	-1.7772253747875766	3.158530032788842	15350412.68458674	3931.3646650839055	6829.019566301862	1.265054	38.971882	0.0928036794971335	0.0611137137005203	0.0718867859	-0.0059545328	0.0961904257	0.0995645567	0.0504818587	-0.0410776164	-0.0811886263	0.138071194	0.0529880596	0.0344767642	-0.014130606	-0.0461852635	-0.090638497	-0.0479053242	-0.1099210104	0.0054980506	-0.0518129625	-0.0197878518	0.0817526537	-0.0832014038	0.0366031384	0.0594344728	-0.0272084688	-0.0042741891	-0.0565705387	-0.0299982408	-0.0736536071	0.0924290916	0.0856262979	0.0975454098	0.0588898673	-0.0241102981	-0.0750546516	-0.2279510381	-0.028762344	-0.0331486668	0.0790660494	0.0282636134	0.1034368241	-0.1533712023	0.0114868362	0.1314737457	-0.0162650288	-0.0969195092	-0.0055501805	0.0672266496	0.0504284842	0.0087634896	-0.0227778613	0.0150375036	-0.0519632685	-0.1217939725	-0.0097839176	0.0496023766	-0.0184759396	-0.0966525319	-0.0690606544	-0.0313802688	-0.1734677676	-0.0876031315	0.0030603019	0.0223945228	-0.0208946371	-0.0862511633	-0.1419503512	0.11970308	-0.140414595	-0.0699242761	0.0625615689	-0.052817707	-0.0468839155	0.0278782179	0.0472049782	0.050241562	0.1631357132	0.0847951164	-0.0525425114	-0.031414717	-0.1789195894	-0.1132521807	-0.1341677155	-0.004740115	-0.1043413363	0.1080865563	-0.1122961184	0.0922584672	0.0388790839	-0.0673826481	-0.0193852831	-0.021690896	0.0850695148	0.0812267236	-0.0047637649	0.0233290568	0.1282718844	0.143971743	0.0418807602	-0.0106409318	0.0208994497	-0.0940300285	0.0321826251	0.0768498184	0.112501661	0.1358452613	0.0958843266	0.053099039	0.0873675868	-0.0754035782	-0.0795005674	-0.0702728484	-0.1386263583	-0.0134751589	-0.0570942046	-0.0021927713	0.0283706379	0.0731788658	-0.0654478521	-0.0027894696	-0.0357583866	0.0845490219	0.0815466638	0.0391507553	0.1343943726	-0.0734505749	-0.0561696636	-0.0188811574	-0.0133095264	-0.0129694459	0.0411395529	-0.0382091433	-0.0716228782	-0.1036234887	-0.0439942874	-0.1070402132	0.0069517729	-0.0769124502	0.0668070343	-0.1560741495	0.1293889824	0.0431496446	0.0237945835	0.0722429704	-0.02865434	0.1537856291	0.0152217206	-0.0878614342	0.0608733165	-0.0103017473	-0.1081891029	-0.0193402484	0.0573470444	0.0512001323	-0.0149574014	-0.0635834304	0.0227113118	0.0363045001	-0.0869915033	0.021218042	0.0003273466	0.0386092927	-0.0161087425	-0.1566410632	-0.0187477479	-0.1159676972	-0.0212947193	0.109663139	0.0643848863	-0.129969691	-0.0186431639	0.0940314435	0.0894838202	0.0820666583	0.072017809	0.0596595157	-0.0031354913289476	0.0037724557606111	9.831305873905586e-06	1.4231422465767875e-05	0.0546713357938841	0.0024979887139834	6.2399476151889246e-06	0.0029889549574876	-0.0114618674422359	0.0481712515786939	0.0023204694786578	0.0001313744052633	0.0005466534660044	-0.0005544370144723	2.9883001189462373e-07	3.0740040301695733e-07	-0.0010259226158464	-0.0001070282024984	1.1455036130038517e-08	1.05251721370512e-06	0.0002977802564586	0.0001057744519062	8.867308113654959e-08	1.1188234676057018e-08	0.0	0.0	0.0	0.0	0.0	0.0	0.0	0.0	0.0	0.0	0.0	0.0	0.0	0.0	0.0	0.0	0.0	0.0	0.0	0.0	0.0	0.0	0.0	0.0	0.0	0.0
5640.425951522066	-0.4174106013588243	31814404.9146036	0.1742316101267353	4260.039242031982	-39.21255714720246	18147934.343652427	1537.624638022619	3918.8584017366975	0.8981308065876874	0.8066389457418499	15357451.172862304	3931.7398247316	6796.810473577168	1.00994	31.112738	0.1176187401891127	0.0794131294421734	0.0833918166	0.0017997482	0.0646620231	0.0234160056	0.0565361545	-0.0522085192	0.0686076864	0.0805949925	-0.050543942	0.0192454011	0.0477622697	0.0900379056	0.007904111	-0.0633280635	-0.1231767594	-0.0158346633	-0.0434345603	0.0206020334	0.0923522285	-0.0675688954	0.0427045361	0.0606746708	0.0021178887	0.0234049034	0.0547002802	0.0050933992	-0.0550239144	-0.006165716	0.0648261885	0.0209635072	0.0875024751	0.0156363267	0.0463404686	-0.0025783042	0.0327291941	-0.0470555817	0.0054163864	-0.0145678108	0.0047849919	-0.0724119516	-0.1027067725	0.0169580424	0.0844183074	-0.0248713395	-0.0182873353	0.1309075884	0.0059101273	0.0761570485	-0.0478659323	-0.1499484683	0.2135377095	0.0052102628	-0.0124449735	-0.1086665457	-0.0750650615	0.090193337	0.1406902855	0.0238982586	0.0252596595	0.017658574	-0.0604237872	-0.0802042232	-0.0078410159	0.0764645922	-0.0022307426	-0.0134804701	-0.0217975111	0.0031286121	0.1127690542	-0.154211898	-0.0886426276	-0.0730299251	0.1268694414	0.0124140228	0.1270235413	0.0334508341	-0.0489144058	-0.0139570396	0.0343211308	0.1238731712	0.038689224	-0.1071664123	-0.1499468246	-0.0088842385	-0.1147690785	0.00593423	-0.0745834431	-0.0079564175	0.0405715088	-0.0646592648	0.0164815596	0.038949324	-0.0804945162	0.075367006	-0.0057709365	0.0472499672	0.0815449408	0.0334414132	-0.015493417	-0.0663451819	0.0754646971	0.0588463586	0.0449620402	0.0124924442	0.162805629	0.0536201752	-0.0389562271	0.0033353413	0.1054238492	-0.15211746	-0.0489434677	-0.0913145883	-0.0632700596	0.0644639241	0.0436802064	0.1038689975	0.0143928125	0.0444134088	0.090567697	0.0541582892	0.0843282688	-0.0852184651	-0.1165100042	-0.0857493744	-2.04239e-05	0.0514529389	0.1071618244	0.0984764973	0.0050108081	-0.0007112059	-0.0073866786	0.1546070503	0.0997922416	0.172721534	-0.0071934357	-0.022461105	0.0258497425	0.0034508172	-0.0856750701	0.0323036867	0.076902917	0.0113650873	0.0232072417	0.0419960329	0.1399042576	-0.095679455	0.065108585	-0.0108501728	-0.0725837683	0.0155088159	-0.0696486877	0.0508586283	0.0276931143	-0.0515612673	0.0213399069	0.0495257876	-0.0834234204	0.0641479345	-0.0175654289	-0.0111854626	-0.0382688463	0.0086897566	-0.0067803202	-0.1079315621	0.026976458	0.0347087904	-0.0094144736	-0.1193847558	-0.0856299025	0.0937772737	0.0884847944	0.0798841288	0.0682968306	0.0541561147	-0.0032247444016064	-8.925307265880006e-05	1.039897645569182e-05	7.966110979037042e-09	0.0462049286779375	-0.0084664071159466	7.168004945295126e-05	0.0021348954341332	0.0588669542197664	0.0703288216620023	0.0049461431563657	0.003465318299112	0.0001298072291495	-0.0004168462368549	1.6849916739470806e-08	1.737607851800914e-07	-0.0011459671209606	-0.0001200445051141	1.4410683208113182e-08	1.3132406423227264e-06	0.0005355746812596	0.0002377944248009	2.868402392063221e-07	5.654618846643844e-08	0.0	0.0	0.0	0.0	0.0	0.0	0.0	0.0	0.0	0.0	0.0	0.0	0.0	0.0	0.0	0.0	0.0	0.0	0.0	0.0	0.0	0.0	0.0	0.0	0.0	0.0
5647.604090644788	7.178139122722314	31895431.96466774	51.52568126515667	4291.120007695861	31.080765663878992	18413710.92044773	966.0139942529594	3918.679747479413	-0.1786542572845064	0.0319173436458786	15356050.963305317	3931.547492330219	6759.137517277345	0.996052	30.684874	0.1508561124252076	0.0851270038808307	0.1030351446	-0.0353729168	0.0756416906	0.0298038578	-0.0445470005	-0.1002770128	-0.0069335866	0.1172352153	0.0197645811	0.0927344128	0.001708119	0.1394113329	0.0470631565	0.0361620326	-0.1296410227	0.0157005984	-0.0913939752	0.0119002393	0.0467836379	0.0647045803	0.0453365755	0.0848098585	-0.0586591737	-0.0145807299	0.0385328036	0.0123525385	0.0091111267	0.0213537926	0.1330524369	0.0493098855	-0.0929989365	-0.0039296499	0.0084196151	0.0757390544	-0.019964189	0.0186629707	-0.0732034301	-0.0916554663	0.0365754132	0.0110022689	-0.1019161075	0.0365819811	-0.0390517546	0.0545204823	-0.0184447895	-0.0677201912	-0.0880747377	-0.1799273406	0.1324358738	-0.0969596132	-0.0995401943	-0.0713293052	0.004512375	0.0453308987	0.0368025811	-0.0446602957	0.0952088085	0.1198016486	-0.1383663029	0.0921806324	0.1199247088	-0.0322166754	-0.0116588494	-0.057617123	-0.0305604864	0.0978609645	0.0991833085	-0.0355443242	-0.030488191	-0.0267648896	-0.1492063223	-0.0676595403	-0.1035259794	0.0433019176	-0.0791543351	-0.0779546835	-0.0598661674	-0.1191155517	-0.0226061009	0.0257986918	0.036979771	-0.0133582688	-0.0319701143	-0.0576488879	-0.1273438124	0.0705966979	-0.0518925438	-0.0186122283	0.030972407	-0.0964528532	0.0200751288	-0.0766863541	0.0120660661	0.050593671	-0.0252441833	0.1154715649	0.082894142	-0.0627115727	0.0493437663	-0.0878101966	0.062621287	0.0071199771	-0.029468917	-0.0188669476	-0.0905266728	0.0759628339	-0.0009647724	-0.0248172418	0.0767345672	-0.0394629941	0.0242431953	0.056018641	-0.0235451937	-0.0161088464	0.13425455	-0.0287401343	-0.0709954605	-0.009920286	-0.099898447	0.0281691765	-0.0528247438	-0.0091078097	0.0559159052	0.0167751468	0.0493484995	-0.1069559611	-0.0335264314	-0.0743777217	0.2069639987	0.0296358008	0.1728468004	0.0442005125	0.0138347075	-0.0613948127	0.0016667245	0.0329066901	-0.0087108537	-0.0264656265	-0.0578307329	-0.0452182804	-0.0567549883	0.0447694282	0.0870572258	-0.038013209	0.197106136	-0.1168421393	0.0953879993	-0.0214163676	-0.0166134134	-0.0310256307	-0.0489501926	0.0863989889	0.0541396657	0.0066957059	0.0249536837	0.0568837153	-0.1219872975	-0.082079172	-0.0115986139	0.0402862972	-0.0228930983	0.0542180644	0.0177481025	-0.0560165769	0.0003924739	0.0231733887	0.0291776592	0.015995865	-0.0387358679	0.0935038064	0.0874129386	0.0775536723	0.0643510435	0.0483742215	-0.0033318676908038	-0.0001071232891974	1.1101342309022247e-05	1.1475399088469832e-08	-0.0107142657751779	-0.0569191944531154	0.0032397946971915	0.0001147954911011	0.0876259696960062	0.0287590154762397	0.0008270809711626	0.0076783105651653	-0.0007532515321774	-0.0008830587613269	5.673878707276008e-07	7.797927759561992e-07	-0.0008077317216756	0.0003382353992849	1.1440318532948333e-07	6.52430534201029e-07	0.0006156961047808	8.012142352120004e-05	3.790816934422499e-07	6.419442507063508e-09	0.0	0.0	0.0	0.0	0.0	0.0	0.0	0.0	0.0	0.0	0.0	0.0	0.0	0.0	0.0	0.0	0.0	0.0	0.0	0.0	0.0	0.0	0.0	0.0	0.0	0.0
5657.291941777677	9.687851132888682	32004952.114502635	93.8544595730125	4279.178086863748	-11.941920832113285	18311365.099094886	142.6094731604612	3924.72295522329	6.043207743876792	36.52035983565243	15403450.275256634	3938.620146369271	6816.590361446658	0.971773	29.936932	0.0714998462316576	0.0405744149190793	0.1130425611	0.0061725551	0.0462884339	-0.0298726581	-0.0050834467	-0.1280369259	0.0296315332	0.0989219124	-0.0198648179	0.0270777116	-0.0056318722	0.1451532523	0.0806364665	-0.0061828923	-0.1078181842	0.0539872858	-0.0403403126	0.0524574866	0.0390727369	-0.0450518622	-0.0182711492	0.0289109794	-0.0860054508	0.062606434	0.0995592117	-0.0423141728	0.0766625414	-0.1148327644	0.1401751683	0.130577473	-0.0054716111	0.0206193831	-0.0317738808	0.0817518704	-0.0511271081	0.0552368929	-0.0277365899	0.0767029457	-0.0661691032	0.1143341212	-0.0399290142	0.1167424496	0.0740175074	0.023954059	0.0760736431	0.1047854684	0.0403257093	-0.0639903309	0.13861683	0.0138027439	0.035298297	0.0016858126	-0.0236378543	0.1694558442	0.02421001	0.054135575	0.0233930156	-0.1300257395	-0.0272812626	0.0723368257	-0.0683807033	-0.0037517976	0.0771404764	-0.0216780708	0.028013968	0.0381550774	0.0884391805	0.223125346	0.0767164918	0.0978042824	0.0761977433	-0.012144081	-0.1146350877	-0.0105793311	-0.0744421522	0.0119205155	0.0238578253	0.0483090873	-0.0213220723	0.0878746641	-0.1378437508	-0.0562588143	0.0732751856	0.1021075074	-0.0972127357	0.0566567178	-0.0060835442	0.001522794	0.1036419372	-0.0422325988	-0.0293897573	-0.1024988667	-0.0859322565	0.0351881992	-0.042248949	-0.0300436927	-0.0217257721	-0.1433996431	0.0095772883	0.0311203145	-0.0648580351	-0.0346438105	-0.0162963893	0.0773242484	0.022387122	-0.0754976614	-0.0527902411	-0.0002372921	0.1879250655	-0.2166503343	-0.022184196	-0.0113191805	0.027036907	0.0632369079	-0.0327052366	0.0298060226	-0.0070733031	0.0306655138	-0.0086501886	-0.0408735929	-0.0763879897	0.0207874422	-0.0800124907	0.0597709432	-0.0773211462	-0.1174077803	-0.093030403	-0.17257214	-0.0401808953	0.1388719088	0.0920973552	0.035363051	0.1000240651	-0.0067424707	0.0854973782	0.0327227194	0.1199508977	0.1909737381	-0.0226953381	-0.0135128333	-0.0060444032	-0.0163384339	-0.100119157	-0.0315999105	0.0343230907	-0.1138705472	0.0718169856	-0.0017852079	-0.0347922941	0.023272171	-0.0279193642	0.122212421	0.0383437047	0.0617136715	0.0325895548	0.0216736992	-0.016559593	0.0264212842	-0.043593696	0.051980391	0.0311465612	-0.0107803735	0.0719247307	0.0495582714	0.0282846327	0.0141105814	0.0008062963	0.0561790834	-0.1032044449	0.0932110979	0.0862691351	0.0750796043	0.060193436	0.0423435691	-0.0061860491133103	-0.0028541814225065	3.826720363228715e-05	8.146351592581229e-06	-0.0231174833026273	-0.0124032175274494	0.0001538398050332	0.0005344180342472	0.0587336768956845	-0.0288922928003216	0.0008347645832595	0.0034496448016866	-0.0007928994848226	-3.96479526452e-05	6.286895930319445e-07	1.5719601489560212e-09	-0.0003662179787549	0.0004415137429207	1.94934385187846e-07	1.341156079633244e-07	0.0005498547107191	-6.584139406170001e-05	3.023402028999852e-07	4.335089171988066e-09	0.0	0.0	0.0	0.0	0.0	0.0	0.0	0.0	0.0	0.0	0.0	0.0	0.0	0.0	0.0	0.0	0.0	0.0	0.0	0.0	0.0	0.0	0.0	0.0	0.0	0.0
5654.111544232736	-3.180397544940206	31968977.3546259	10.114928543861687	4297.563780308887	18.385693445138717	18469054.44582281	338.03372345861663	3921.292902832032	-3.4300523912579592	11.765259406774444	15376538.029800862	3932.96875167288	6844.155681042936	1.151346	35.468941	0.2389523894328695	0.1365390945275873	0.1170519023	-0.0589924076	0.0740020336	-0.0438735073	-0.0741993951	-0.0765405997	0.0054454112	0.1079193494	-0.0542095821	0.2052197086	-0.0112381919	0.0207418892	0.0447519476	0.0902596455	-0.1349162899	0.0399787459	-0.1189436746	0.0186718116	-0.0415423162	0.057125676	-0.0082153348	-0.0848441518	-0.0237949707	-0.0114523046	0.0706234438	0.0117685313	0.030543095	-0.1217217678	0.0478998742	-0.1816856873	-0.0757211198	0.0765361898	0.0250403307	-0.0573263442	-0.0932299023	-0.0119535968	0.003633905	0.0937844845	-0.0348334278	-0.0249093114	0.0616944182	0.0878428451	-0.0294148939	-0.0889458412	-0.0687194079	-0.0119141896	-0.1220169649	-0.0038777122	-0.1028756105	0.0344373353	0.0685655636	0.0041321594	0.0204174084	0.0224645955	-0.1011487849	-0.1060686654	0.036707593	0.0129731975	0.1406764605	0.0402790345	0.203734275	-0.0354015283	-0.0684464702	-0.1217898432	0.0798570685	0.0474332794	0.0670786299	-0.0068129761	-0.1385131117	-0.0595999953	0.1100418845	-0.0642019543	0.0082522532	-0.0789067276	-0.0273678978	0.0304785466	-0.0134477457	0.0080116691	0.0578524969	-0.048779925	0.033495977	-0.0366481069	0.0714246366	-0.0464307267	-0.1334164109	0.1098739234	-0.1083432841	0.0183260941	-0.002082298	0.0661550314	-0.0221411235	-0.0609745249	0.0928057623	0.0431555348	-0.0316137668	0.0029080013	-0.0454267214	-0.1203411907	0.0809970977	-0.0341360633	0.0979022988	-0.0737915656	0.1323866791	-0.1023186134	-0.0693883282	0.0122810931	0.0885150977	-0.0328400027	0.0552379646	0.0461278877	-0.087641995	0.1772911541	-0.0860104496	-0.0550123769	0.0211174042	0.0296992514	-0.1281242994	0.0830210258	-0.0468574508	-0.0507282131	0.03416616	0.0645117795	0.0039493809	0.0033826079	0.018445362	-0.0076015938	0.0517832926	-0.0716067416	-0.1118850868	-0.0810747961	-0.0893966404	0.0949357438	-0.0944462352	0.1503999965	-0.2026955405	-0.008314683	-0.1210426635	-0.0341580883	0.0136497401	-0.0059312745	0.1081374043	-0.0023846442	-0.0291817428	-0.0568405798	0.0264440188	-0.124188755	0.1118219623	-0.0322899276	0.0562678889	0.0146242988	-0.0560888748	0.0092307272	0.0053298746	0.1585479148	0.0405626219	0.0332970719	-0.0907355506	-0.0756133748	-0.043053866	0.0050141138	-0.0570635986	0.1248918402	0.1083460609	0.0189159656	0.0134006096	0.0115935699	-0.0107762404	-0.0888380468	0.0402894085	0.0928992083	0.0850543252	0.0724665061	0.0558376933	0.0360951694	-0.0036139931200551	0.0025720559932552	1.3060946271805598e-05	6.615472032439994e-06	0.0462689893906542	0.0693864726932814	0.0048144825928154	0.0021408193792324	0.1683195829818373	0.1095859060861528	0.0120090708127231	0.0283314820151796	-0.0014609777937732	-0.0006680783089505	2.1344561138984068e-06	4.463286268902933e-07	-0.0002236554873391	0.0001425624914158	2.0324063958680053e-08	5.002177701689032e-08	0.0002123364178819	-0.0003375182928372	4.5086754358916864e-08	1.1391859799973788e-07	0.0	0.0	0.0	0.0	0.0	0.0	0.0	0.0	0.0	0.0	0.0	0.0	0.0	0.0	0.0	0.0	0.0	0.0	0.0	0.0	0.0	0.0	0.0	0.0	0.0	0.0
5643.339679641124	-10.77186459161203	31847282.739811987	116.033066780025	4250.666781923531	-46.8969983853558	18068168.090948146	2199.3284575560647	3922.653166965794	1.3602641337620298	1.8503185135993652	15387207.868306773	3937.075306259408	6771.593634044423	1.032339	31.802746	0.1246237469783432	0.0697623959340419	0.1316959662	-0.0593746447	0.0841269641	0.0018853041	-0.0292189371	-0.0075682166	-0.035093909	0.1157076641	-0.1356564674	0.0828393899	-0.054966551	0.0708017257	0.0065702433	-0.0657002141	-0.1226579875	0.048656365	-0.1102663679	0.0390248235	-0.0174460761	0.0602695844	-0.0468805096	-0.0683015789	0.0101818668	-0.068763692	-0.0763320044	0.0455830666	0.1293438974	-0.1121106051	0.0314703122	0.00859241	-0.1165024684	0.0211922326	-0.1031445725	0.0424772673	0.0176764411	0.0083194641	0.0534010212	0.0620976936	-0.0149311981	-0.1047524896	0.0543880469	0.0236429791	0.0771337236	0.0865887324	-0.0427066809	0.0064131465	-0.1388481555	0.0266663621	-0.0077682823	0.1237010972	0.105532186	-0.0295647803	0.0238472751	0.0275835682	0.0980743738	0.0796941465	-0.1597349135	-0.1280560772	-0.0827671201	0.0251427074	0.0014938967	-0.1573761446	0.1301624732	0.0102308731	-0.0298037634	-0.3031375775	0.0315300625	-0.0844909393	-0.077339292	0.0896202725	0.0558842191	0.0365121994	0.0516485536	-0.1319715215	0.0280414981	0.0076123169	-0.0970650893	-0.0055513216	0.0834645162	0.0174042857	-0.0967385534	-0.173643557	0.0328255886	0.0713474093	-0.1250084445	0.1255947047	-0.0668672159	-0.0095999939	0.0596740812	0.0922352069	0.0126725104	-0.0167693828	0.023243691	-0.1083814005	-0.0750443804	-0.0017347109	-0.1427865941	-0.1233601057	-0.0094402137	0.0033365687	-0.0171275744	-0.024248285	-0.1719453562	0.0210202332	0.0819955686	-0.0563143488	-0.0085071754	0.0721036078	0.0578277257	0.0693244124	-0.0998254587	0.0647448947	0.0311446007	0.0851680949	-0.0500457232	0.0600014499	0.1256831	0.0565319223	-0.1133184671	0.0492172489	0.0207102061	-0.0068555068	-0.0010207534	0.2789562495	-0.0488385456	0.0867831581	0.0025523795	-0.0083458968	-0.1487967571	-0.0021875477	0.0809116391	-0.0422989635	-0.037152379	0.0432793739	-0.0491434366	-0.0164062224	-0.0794224158	-0.0794212772	-0.0241690551	-0.1026843415	0.0584929387	0.1472829736	0.1381732338	-0.0223891106	0.0181156262	-0.123300669	0.1158779315	-0.0239839508	0.0624987557	0.0185891618	0.0044838833	0.0212268443	-0.086946236	0.103978308	0.1377327055	0.0238616411	-0.0655266554	-0.0582727627	-0.080775416	0.0452457388	0.0048028775	0.0116191989	0.1547173353	0.1770529463	-0.0193055103	0.0607451432	-0.0503612568	0.0593558854	-0.0239164095	0.0925682019	0.0837695089	0.0697192167	0.0512981531	0.0296611541	-0.010694437875415	-0.0070804447553599	0.0001143710014711	5.013269793370351e-05	-0.0052225010038995	-0.0514914903945536	0.0026513735830524	2.727451673573128e-05	0.1266857387061577	-0.0416338442756795	0.0017333769891715	0.0160492763915248	-0.0018959745212805	-0.0004349967275073	3.594719385344821e-06	1.8922215294206024e-07	-0.0002197483803358	3.907107003300008e-06	1.5265485135235966e-11	4.828935066020741e-08	0.0002617919344263	4.9455516544400006e-05	6.853501693066415e-08	2.445848116673423e-09	0.0	0.0	0.0	0.0	0.0	0.0	0.0	0.0	0.0	0.0	0.0	0.0	0.0	0.0	0.0	0.0	0.0	0.0	0.0	0.0	0.0	0.0	0.0	0.0	0.0	0.0
5646.773547153489	3.433867512364486	31886051.4928324	11.791446092472263	4263.864237229215	13.197455305684343	18180538.23352228	174.17282654553583	3920.981134396115	-1.6720325696787768	2.7956929140666134	15374093.056290245	3933.4841261153865	6773.459018498143	1.031457	31.7756	0.0514371985636815	0.025697142998741	0.1402856778	-0.0232019987	0.0883852024	-0.0696022614	0.0812659572	0.0272766378	0.0508526096	0.0977204779	-0.1268138213	0.1640307295	0.0986275417	0.019692009	-0.0068062181	-0.0796428964	-0.1282626094	0.0548750262	-0.0958505372	0.053460086	-0.0972667783	-0.0514359564	0.0151565163	-0.0804970971	0.1296360496	-0.0299249836	-0.0297928401	0.0544851324	-0.0303459075	-0.1028651288	0.0506411088	-0.0930819977	-0.0503913205	-0.0572558779	-0.0569126751	0.1723791169	0.0288517393	-0.0424515458	0.0210688604	-0.0180402967	-0.0583785221	0.0737497033	0.0726485443	0.0287501236	-0.1519951021	0.1111700936	-0.0001389548	-0.0041625834	0.1352850639	-0.0097346077	-0.077432641	-0.0962620661	0.0689805324	0.1078596122	0.0119088851	-0.0117862006	0.0109985529	-0.0135265976	-0.1320745044	-0.0626978612	-0.0420374812	0.0244935168	0.0111393232	-0.0025043853	-0.0400524752	0.0571824565	0.04427161	0.0396709221	0.0178292191	-0.0683146534	0.0615184309	-0.097303649	-0.005658667	0.152010871	0.0920515905	-0.1232744203	0.0743405146	0.0254304431	0.1590045759	-0.0337601804	-0.0609060605	-0.0125401854	-0.1124444347	-0.0177281282	-0.1005063625	-0.1746177191	-0.1329199956	0.077557807	-0.1234991336	0.0584729975	0.0241685489	0.078853871	-0.0572243673	0.0717629967	-0.0487004654	-0.0329109476	-0.1518912067	-0.0568323149	0.0489892536	0.0397371768	0.0132148309	-0.0143969254	0.1081279967	-0.0979114646	0.0016955611	-0.0322717041	-0.0509778038	-0.1092641872	-0.047950264	0.0830066941	0.1703129822	0.0780563695	-0.0040987285	0.1261768775	0.0411460536	0.0866401011	-0.0181792037	-0.0072033035	0.0553950809	-0.0430232457	0.0817245994	0.0079154456	-0.0228977595	-0.1318090978	0.0332662037	-0.0717237363	-0.0582302815	0.0471537196	-0.0115502996	0.0701058869	-0.0338819645	0.0843313718	-0.1003333802	-0.0281907999	-0.0673628551	0.0068257009	-0.0481998931	0.0362662375	-0.1082980456	-0.0193546624	0.0402286837	-0.015164609	0.086584789	0.0250582655	0.090429629	-0.0545208614	-0.121539476	-0.1290986276	0.1104398007	-0.0345890635	0.04752735	0.0776068556	-0.0451420403	0.0090686183	-0.11116218	0.0625444031	0.1082575437	0.0520818779	-0.0764012783	0.0887350867	-0.038259774	-0.0944707052	-0.0452698938	0.0978084631	0.1445241799	0.118432279	-0.000304802	-0.0531741554	-0.0365600306	0.1207611329	-0.038107975	0.0922181468	0.0824157435	0.0668428233	0.0465897578	0.0230746094	-0.0035458799973895	0.0071485578780255	1.257326495588696e-05	5.1101879735480445e-05	0.0060261639113576	0.0112486649152571	0.0001265324623757	3.631465148654873e-05	0.1265680229885788	-0.0001177157175789	1.3856990165116152e-08	0.0160194644432374	-0.0015389755361211	0.0003569989851594	2.368445700779227e-06	1.274482754048416e-07	-0.0003911016842697	-0.0001713533039339	2.9361954769063522e-08	1.5296052743859614e-07	0.0001316990224632	-0.0001300929119631	1.7344632517762454e-08	1.692416574303889e-08	0.0	0.0	0.0	0.0	0.0	0.0	0.0	0.0	0.0	0.0	0.0	0.0	0.0	0.0	0.0	0.0	0.0	0.0	0.0	0.0	0.0	0.0	0.0	0.0	0.0	0.0
5652.826498156694	6.052951003204726	31954447.418262467	36.638215847197095	4285.908041889271	22.043804660055685	18369007.743531123	485.92932389069273	3922.568777977196	1.5876435810810108	2.520612140547736	15386545.817961514	3939.341422867692	6829.01345902537	1.125069	34.659435	0.0555363843026589	0.0258929198992144	0.0958864008	-0.0475934411	0.0818189869	0.0295102811	-0.018710717	0.0050281278	0.038381824	0.0947540016	-0.0464093262	0.1175758546	0.0210437269	0.0479426797	-0.1182621172	-0.0939703237	-0.1184584932	0.0396790194	-0.0920858244	0.0520084672	0.0415259238	0.122494972	0.0142735324	-0.0088124632	0.0986393959	-0.0410512939	-0.028566556	0.0604284745	-0.0675439244	-0.069255714	0.0693423009	-0.0729781059	-0.0971176632	-0.0110197097	-0.0573116914	0.1520573575	0.0897090546	0.0099881731	0.0706772275	0.0548608293	0.114364971	-0.0415359968	-0.0015809942	0.0346499712	0.0568236249	0.0909969564	0.1209268356	0.0083024818	-0.0411853259	0.0327164978	0.0770713843	-0.1122721802	-0.0609404521	-0.0596903404	0.0741581604	0.0009407326	-0.0683522785	-0.0412293122	0.0510091572	0.0564900376	0.0334523112	-0.0746999785	0.1043563365	-0.0454325268	0.0211450007	0.0099887859	0.021859634	-0.1010210228	-0.0476702375	-0.0510139334	-0.0193400456	-0.0525294019	-0.0163454292	0.0825298232	-0.0537872034	0.0678127129	0.015773566	0.0008026804	-0.116848979	0.0033257229	-0.1080614714	0.0116709389	0.0374874726	0.073740998	0.0055943608	-0.077877674	-0.1186251334	0.066895642	-0.1201717906	0.0418962452	0.0183064447	-0.0084043389	0.1016429415	0.0103891583	0.0514891914	-0.0776295527	-0.0854958798	-0.0110078714	0.0138230835	-0.0498382571	0.0986829947	0.0722069982	0.0877935536	-0.0460659806	-0.06466157	-0.1177238694	-0.0395308579	-0.0397655324	-0.0609671698	0.0796568416	0.1887818941	-0.0227060644	-0.0413831252	-0.0987625636	0.0398041891	-0.0523526741	0.0005203371	-0.0734844947	0.0397618957	-0.0556449797	-0.0836136917	0.1170382109	0.0048949966	-0.0224289751	0.1579073883	0.0450291096	0.1338723795	-0.0939123949	-0.0151952521	0.0780315885	-0.0263360389	-0.079052354	-0.0521356416	0.0669906151	-0.0390766727	0.0032829705	-0.0044259842	0.0414223126	0.0455784884	-0.1281022752	0.0474310869	0.0891990305	-0.0064492174	0.0265688904	0.0857885011	0.1092496032	-0.0217389289	-0.1123618518	0.1044454492	-0.0318027449	0.0498464225	-0.0179289369	-0.0866121871	-0.0074399398	-0.0329352317	-0.0298164813	0.0483765663	0.0229649205	-0.1028286076	-0.0553970455	-0.07816009	0.016043852	-0.0662679956	0.1937444995	0.0192124185	0.0248338888	-0.0097664171	0.0225994041	-0.1111129755	-0.0194699783	-0.0173075115	0.091849115	0.0809941435	0.0638426524	0.0417280058	0.016369406	-0.0095722939825151	-0.0060264139851256	9.16288120876948e-05	3.631766552011741e-05	0.0118946472279191	0.0058684833165615	3.443909643676066e-05	0.0001414826326766	0.1423596480412357	0.0157916250526568	0.0002493754218037	0.0202662693904244	-0.0012059320221619	0.0003330435139591	1.4542720420754893e-06	1.1091798219029183e-07	-0.0003902137782216	8.879060481000248e-07	7.883771502526035e-13	1.5226679271397604e-07	0.0003547648414222	0.000223065818959	1.2585809270931873e-07	4.9758359587849375e-08	0.0	0.0	0.0	0.0	0.0	0.0	0.0	0.0	0.0	0.0	0.0	0.0	0.0	0.0	0.0	0.0	0.0	0.0	0.0	0.0	0.0	0.0	0.0	0.0	0.0	0.0
5666.183017435499	13.356519278805536	32105629.987074457	178.39660724510395	4318.700556663495	32.7925147742244	18651174.498125583	1075.3490252177255	3923.708714368666	1.139936391469746	1.299454976597066	15395490.075212607	3945.664813011452	6899.77681289144	1.111982	34.256275	0.2415474592462722	0.1773035499418123	0.0800674602	0.0028383722	0.0565331166	0.0235255001	-0.0406087719	-0.1289335725	0.0105757058	0.1040661514	0.0864325528	-0.0196370607	-0.040539382	0.0918362659	-0.0323366889	-0.020232909	-0.0970565226	0.0262913114	-0.0264054658	0.0177211977	0.0746037096	0.029368835	-0.0144790362	0.0813150667	-0.047579318	0.0539825871	-0.002476732	0.0299871975	-0.0824288417	-0.0711211598	0.0460225319	-0.055901861	-0.0481050302	0.033780094	0.0190224524	0.0228714877	0.0565302498	0.0829605403	0.0600867644	0.0814004935	0.0298877992	-0.1727786796	0.012624416	0.0328625267	0.0582750982	-0.1144968224	0.0941502144	-0.0387357103	0.0200108317	-0.1416513852	0.1286966343	0.0221251107	-0.1521028538	-0.0359242553	0.0100805911	0.047971237	0.0754728398	0.0333595204	0.0262999408	0.0349494611	0.1671400312	0.0036648015	-0.0485706286	-0.0008131605	-0.1521513134	-0.0394277227	0.0809135918	0.0446287279	-0.0625993427	-0.0539320035	0.0101229924	0.2488634475	0.0018248768	-0.0531792273	0.0182461358	-0.1201703381	0.0279975676	0.0562493986	-0.0814203133	-0.0257739333	0.1564066258	0.0061278261	-0.0169483899	0.0257699511	-0.0801559819	0.0151983483	-0.0811361793	0.0481979468	0.032890326	-0.0368979896	0.0706076118	-0.1084474385	0.0631018941	-0.0594620689	-0.0165755503	-0.0254485024	0.079660677	0.0289560286	-0.0720598968	-0.1222146428	0.0664871149	0.1445064575	-0.0076893503	0.0652157034	-0.0790844711	-0.0325622643	0.0348474761	-0.0059181883	0.0397973957	0.0426663544	0.0495045063	-0.0551786468	-0.0601680977	-0.0427236685	-0.0700606714	-0.0176231636	-6.32304e-05	-0.0603159757	-0.0581638951	-0.157531307	-0.0972417017	-0.0393839153	-0.0076597584	0.0813468891	0.100173192	-0.033467159	0.1259013522	-0.0207942815	-0.1396921217	-0.0001449739	0.0400318755	0.0580415446	-0.0234095638	-0.0177097224	-0.1488704087	-0.0066787371	0.1019134037	0.0485691402	-0.0818153431	0.1356640981	-0.2611821485	0.0342882228	-0.1535965656	-0.156703674	-0.0550902347	-0.0724983372	-0.0327545915	-0.0964054108	0.0608007622	-0.0158413888	-0.038432172	-0.0133640143	0.0142280776	0.0802323285	0.0378184073	-0.0315224135	0.0086120882	0.0030242417	-0.017455174	-0.0642973467	-0.0718849183	0.0634355426	0.0132914464	-0.0200633245	-0.0258509854	-0.01661489	-0.0959202397	0.0794911918	-0.0182021593	0.0518450432	0.0340465877	0.0914611824	0.0795058789	0.0607242596	0.0367289002	0.0095800247	-0.0080990560703639	0.0014732379121511	6.559470923089834e-05	2.1704299457996238e-06	0.0153120269779947	0.0034173797500756	1.1678484356226772e-05	0.0002344581701748	-0.0083277219649886	-0.1506873700062242	0.0227066834793927	6.935095312615357e-05	5.099829424747658e-05	0.0012569303164093	2.6008260161522028e-09	1.5798738203089756e-06	9.010756906846495e-06	0.0003992245351284	1.593802294485242e-07	8.119374003428182e-11	0.0004179994214408	6.32345800186e-05	1.7472351632484358e-07	3.998612110128727e-09	0.0	0.0	0.0	0.0	0.0	0.0	0.0	0.0	0.0	0.0	0.0	0.0	0.0	0.0	0.0	0.0	0.0	0.0	0.0	0.0	0.0	0.0	0.0	0.0	0.0	0.0
5654.044110908224	-12.13890652727514	31968214.80809597	147.353051677923	4234.944367670064	-83.75618899343135	17934753.797260396	7015.099194703391	3922.581078969594	-1.1276353990720054	1.2715615932402808	15386642.321090262	3935.863517357055	6860.264361016891	1.044872	32.188866	0.1238035147256055	0.0607831039516513	0.1031295661	0.0094125668	0.0410972852	-0.046277962	-0.0402502762	-0.1289879514	0.0053441313	0.0815770836	-0.117570705	-0.0474742111	-0.0019384993	0.0761048381	0.0968132208	0.0092484465	-0.107215929	0.0401797248	-0.0499503928	0.0631287893	-0.0755398811	-0.0543320061	0.0487158502	0.0255386758	-0.0929150694	0.0623370441	0.0452112744	-0.020114593	0.0685243695	-0.0039582587	0.1423354247	0.0298831745	0.085272024	-0.0440162046	-0.1252298531	0.0603690604	-0.0849480475	-0.0264652264	-0.0296164751	0.0205454081	-0.0624138789	-0.1002550628	0.1063139516	-0.0542599864	-0.0150481824	-0.1084695761	-0.0062442162	0.1084655083	-0.1188048462	0.0757299964	0.1245197037	0.0419516552	0.0109515944	0.0459683546	0.0464054521	-0.0679126566	-0.0817575786	0.0739348395	-0.0025241456	0.0501750724	0.0181906409	-0.0442661441	-0.009044445	-0.0030051155	-0.0982076769	0.0098547085	-0.11182968	-0.1058247637	-0.1014848419	-0.0272161755	0.0790890301	-0.0360246302	0.1169915385	-0.0760564963	-0.0410872764	0.1529895086	-0.0060084735	-0.0483002826	0.1292842805	-0.0473983069	0.0070054366	-0.1580316512	0.0046951322	0.1135288681	0.0295177579	0.0883368353	-0.094924902	0.0544962206	-0.0254653125	0.0038263224	0.0759877262	0.0164467325	-0.064201904	-0.069983338	-0.0520068481	0.0404601188	0.0283403161	-0.0148419984	0.0252874229	-0.10114487	-0.0219714032	-0.0618227386	-0.0381647536	-0.0359815121	0.0618685614	0.0295595306	0.150113354	-0.1024572545	-0.0231038168	0.0561345798	0.0029031864	-0.0817796555	-0.0290570782	0.0052342106	-0.0596697065	0.027342125	-0.1569738962	-0.1035007249	0.0493087838	0.127162197	-0.1415568682	-0.0382008797	0.027467595	0.0748306404	-0.0829590316	-0.0208729447	-0.0072518526	0.0073002618	-0.0225334836	0.1737761959	0.0250169961	-0.1870895848	0.0853751185	-0.0270745741	0.0652891066	-0.0986281379	0.0104047493	-0.0751030504	0.0871690304	-0.1003146154	-0.036090075	0.0001316064	-0.0302889896	-0.0223895244	-0.021395755	0.0743411342	-0.0844062301	-0.1021364852	0.0606385625	-0.0045621748	-0.0192781101	0.04362031	0.0074951046	0.121431015	0.0333457853	0.0824755483	0.0065750516	0.0140900941	0.0041298102	0.0490836991	-0.0528592085	0.022715531	0.0404027508	-0.0453761201	0.074308191	0.0825923122	0.047964629	0.0250241748	0.0523046556	0.0013726672	-0.0635119858	0.0910544289	0.0779521747	0.0574934194	0.0316088963	0.0027413792	-0.0075235764388565	0.0005754796315074	5.660420243131666e-05	3.311768062798934e-07	0.0489122164921269	0.0336001895141322	0.0011289727353855	0.0023924049221726	0.0100351421584008	0.0183628641233894	0.000337194778814	0.0001007040781393	-0.0008150341736419	-0.0008660324678893	6.642807042041348e-07	7.500122354385639e-07	0.000347919878914	0.0003389091220071	1.1485939297965965e-07	1.2104824214353242e-07	0.0001976413822058	-0.000220358039235	3.9062115960219124e-08	4.8557665455493807e-08	0.0	0.0	0.0	0.0	0.0	0.0	0.0	0.0	0.0	0.0	0.0	0.0	0.0	0.0	0.0	0.0	0.0	0.0	0.0	0.0	0.0	0.0	0.0	0.0	0.0	0.0
5658.468350037571	4.42423912934737	32018264.068376917	19.57389187364837	4223.689328481777	-11.2550391882869	17839551.543530844	126.67590712987386	3919.582485879434	-2.998593090159829	8.991560520354275	15363126.863612805	3934.9732712456776	6932.428173395177	1.259313	38.795044	0.2511252150779818	0.1650705742602354	0.0136382664	0.0358842557	0.0365282364	-0.0791732467	0.0508505101	-0.121505071	-0.0446625053	0.0508049821	-0.1468293502	-0.1127179577	0.1394622779	0.0215588188	-0.0058952416	0.0645077533	-0.063501005	-0.0065309315	-0.0385489202	-0.0330196219	-0.0196637949	-0.1084646578	0.0488369356	0.0122068586	-0.0785922327	-0.1372183089	0.1637249172	0.0316868424	0.0136981499	-0.0598942105	-0.0768120148	0.0743769127	0.2195995649	0.0405553958	0.1299603271	0.0181626628	-0.1145873467	-0.1305472779	0.0073220334	-0.0055963568	0.1646126961	0.0614031916	0.0702853792	0.0383568764	-0.1195247246	0.1058220695	0.043242208	0.0291316453	-0.0042956504	0.1645975816	-0.1520806664	0.0551299645	-0.0142602487	0.1225703953	-0.0821643035	-0.0712707095	-0.0436882802	-0.0428491507	0.0417397328	0.097643337	0.0850783424	-0.0111645706	-0.0303888783	-0.0435054476	0.082712917	-0.0243592344	0.0584523421	-0.053026088	-0.0205338574	0.0914552485	0.1612037799	0.0748253675	0.0184139754	-0.0297971807	-0.0838597232	-0.0361145945	-0.0475729614	-0.1273020265	-0.12020712	-0.1692304381	0.0767331798	0.0646015684	0.0256323823	0.0132528518	-0.029040876	0.1038518694	-0.0493074551	-0.0007523644	-0.026709401	-0.0160195152	-0.0601765662	0.0616299684	-0.0656563788	-0.0726845689	-0.1677992925	0.1148072759	-0.0650332442	0.0780308442	-0.0403453624	0.0346243894	0.0923616385	0.0430813547	-0.0639494415	-0.0248036336	0.0593544967	0.0267176554	-0.0100506841	-0.046088687	0.1344036644	-0.1337965379	-0.074331054	-0.0536744269	0.0923375914	-0.0627011531	0.159076402	-0.0243828788	-0.1420961953	0.0074499091	0.031013393	0.0523166406	0.0173575163	0.190687816	0.0374865458	0.0823124733	-0.0334301155	-0.0590482633	-0.0273235946	0.080742151	0.1423376608	0.0350770511	-0.1101848411	-0.1812950988	0.0187826527	0.1947186868	0.0513496823	-0.0236280801	-0.0518544864	0.1844513564	0.0330551036	0.1120702941	-0.0712979852	0.0136784249	-0.1121118335	0.0795404375	-0.0221792931	-0.1075183462	-0.0709867408	-0.0435577328	0.0217279464	-0.0266257653	-0.080271703	0.0815810654	0.067005864	-0.0387552275	0.0389006033	0.0902835558	-0.0623176085	0.0435393771	0.0745210388	0.141114673	-0.0220202747	-0.0148060291	-0.1110528257	0.0076755623	-0.0552430757	-0.0490191605	-0.0197789875	0.0832327473	-0.00058699	-0.0334191425	0.1207451629	0.0906289382	0.0763343096	0.0541561147	0.0263848473	-0.0041113636	-0.0194147185710136	-0.011891142132157	0.0003769312971916	0.0001413992612071	0.0749237729078515	0.0260115564157246	0.0006766010671684	0.0056135717467473	-0.0652842510107944	-0.0753193931691952	0.0056730109873758	0.0042620334300404	0.0016959930928701	0.002511027266512	2.876392571063088e-06	6.305257933166726e-06	0.0001346393129288	-0.0002132805659852	4.548859982696725e-08	1.8127744585939332e-08	0.0001638867474849	-3.375463472089999e-05	2.6858866001179384e-08	1.1393753651413867e-09	0.0	0.0	0.0	0.0	0.0	0.0	0.0	0.0	0.0	0.0	0.0	0.0	0.0	0.0	0.0	0.0	0.0	0.0	0.0	0.0	0.0	0.0	0.0	0.0	0.0	0.0
5668.548146784488	10.079796746917054	32132438.092413858	101.60230245915965	4285.085017684472	61.395689202695394	18361953.60878393	3769.430652673968	3925.935920674092	6.353434794657915	40.36613368996986	15412972.85323913	3946.167687119382	6921.9745239733	1.21692	37.48904	0.1802787248932192	0.084529094693494	0.0302056576	0.0296587251	0.0439918136	0.0609735334	-0.0135388579	-0.040040069	0.0407886969	0.0243230717	-0.0237204241	0.0119025412	0.0108043414	0.0375373348	-0.1635461469	0.0927839244	-0.0591947535	0.0040710315	0.0007429518	0.0324702234	0.0532116413	0.0454394189	0.1078661249	-0.0251216384	0.0044507878	0.0008873801	0.00726832	0.0319685321	-0.0733046932	0.0633319483	-0.0132514741	0.0252954282	0.0647893064	-0.0957281035	-0.0251191812	-0.0568824929	-0.0956562293	-0.0477271901	-0.0822402155	0.0236077739	-0.1242146749	-0.0332231151	0.0426128742	-0.1058348874	-0.0737813585	-0.0369162814	-0.06416781	-0.0236543344	0.0447601377	0.1293272122	0.0157166974	0.2251134027	-0.0625404637	-0.0708619276	0.0082993342	-0.1015148169	0.0860816297	0.0022374813	-0.0226036196	0.1100862823	-0.0203412694	0.1030308101	0.0061995096	-0.0005894579	0.010104125	-0.0714995012	-0.1110919439	0.0368507596	-0.0557374915	0.0378788137	-0.0487288868	0.0869459828	-0.0073072462	0.1530170421	0.0412626848	0.031746401	0.014140716	0.1066429938	0.0453912655	-0.0010821548	0.0224195335	-0.0466379051	-0.0272030257	-0.0528480043	0.0511210195	-0.169665178	-0.056476084	-0.041696632	-0.0547385017	0.0320107519	-0.0376964225	0.0535383588	0.1141670109	-0.0909500484	-0.0479185314	-0.0238495774	0.0055293353	-0.0079213732	0.0452367138	0.0388974747	0.0771042962	0.0329118209	-0.0526684858	0.0371012476	0.089342247	0.0383876869	0.0173185522	0.0483534887	0.034199842	0.1002775612	-0.1607926247	0.0395017201	0.0189449701	0.0947863427	-0.0299526437	-0.0460987811	-0.0737675159	-0.0903009229	0.0216983639	0.0085321945	0.0094149169	0.0045954711	-0.0527743136	-0.0132416788	-0.0074787385	-0.0110638381	-0.161601338	0.070974867	0.0001559463	0.0469674875	0.0421345616	-0.0959181369	0.0321229604	-0.0908483943	0.1393722757	-0.1178474779	-0.1118225067	-0.0852365242	-0.1255659105	0.0270610447	0.0160622848	0.0495349248	-0.0341885841	0.0496701486	-0.0170886076	-0.0782894404	-0.0234116598	-0.059071015	0.0199487999	-0.0199132952	-0.0605521411	-0.0427021613	-0.0279903064	-0.1125079865	-0.0045901591	0.0195809617	-0.0795586977	-0.0326400331	-0.0504713153	-0.017037576	-0.0329377193	0.0509172567	0.0369358208	0.0678665146	-0.0396497308	-0.063015162	-0.035867974	0.152050283	-0.0303079159	0.0405234187	0.0773262352	0.0901847978	0.0746536153	0.0507185253	0.0210739489	-0.0109429642	-0.0010124594575415	0.018402259113472	1.0250741531652285e-06	0.0003386431404793	0.0798126362884943	0.0048888633806428	2.390098515459017e-05	0.0063700569113194	-0.0147356487873651	0.0505486022234292	0.0025551611867424	0.0002171393451845	0.0007881492208688	-0.0009078438720013	6.211791943560965e-07	8.241804959303131e-07	0.0008348597228389	0.0007002204099101	4.903086224546686e-07	6.969907568186449e-07	-0.0003568289741172	-0.0005207157216021	1.273269167695334e-07	2.711448627235958e-07	0.0	0.0	0.0	0.0	0.0	0.0	0.0	0.0	0.0	0.0	0.0	0.0	0.0	0.0	0.0	0.0	0.0	0.0	0.0	0.0	0.0	0.0	0.0	0.0	0.0	0.0
5661.770735396757	-6.777411387731263	32055647.860195138	45.933305118549406	4256.797787525615	-28.28723015885771	18120327.40388297	800.1673900601892	3926.967010267103	1.0310895930110746	1.0631457488157434	15421069.899726149	3942.82363005849	6907.1901765950415	1.066019	32.840328	0.1041054923745716	0.0635814140516106	0.0436191147	-0.0026999011	0.0816982978	0.0675880154	0.0250940185	-0.0166040605	-0.0418274909	0.0880262713	-0.0398711359	0.0172307411	-0.0780065008	-0.0655726647	0.0031324749	-0.1360554875	-0.0512368381	0.0275742011	-0.0198362021	0.0144827016	0.0931883847	-0.0530343014	-0.0544193695	-0.0397305844	-0.0161210643	-0.0111488731	-0.1448613531	-0.0618587545	0.0123666184	0.0821591358	0.0024652673	0.0376882958	-0.0323238728	-0.0195786056	0.0666307045	-0.0742369467	0.071683897	-0.1105807225	0.1637956125	0.0160574293	0.038081706	0.0339246011	0.0274370345	-0.0982239859	0.0143261837	-0.0233790031	0.005510936	-0.0638079378	-0.052010456	0.0252075754	-0.0418442738	0.0204878435	-0.0520219497	0.0819434595	-0.010561049	-0.0823865726	0.0832304688	-0.0279504944	0.0255385615	-0.0911767524	-0.102135045	-0.0027018055	-0.0223456681	-0.0208016862	0.0710058009	-0.0134909764	0.0503184485	0.1833475266	-0.0556945462	0.1459487129	0.0880205718	-0.0063475839	-0.0185403743	0.0505775407	0.1131463737	0.0244031234	0.0500745644	-0.1270893548	0.0540062987	-0.0958012986	0.087388847	-0.0564226762	0.1253176716	0.0442576432	-0.0254966094	0.0019213607	-0.0588653489	0.0828274293	0.0488160021	-0.044029308	0.0278449522	0.0500894939	0.0760377747	0.0883965651	0.0122377477	-0.056073434	0.0654994673	0.0330940397	0.0265450681	-0.0380602695	-0.0179815494	-0.0090970402	-0.0686136001	0.0634812596	-0.0806335571	0.0675448965	0.0490741632	0.0031705232	0.0398314561	-0.0062115426	-0.0773702431	0.0775031575	0.1214337846	0.0012870185	0.0312483306	-0.1402885603	-0.036120819	0.128776332	0.0187315043	0.0512277516	0.0566848446	0.0372703852	0.0527179013	-0.0486741086	0.0122968995	-0.0729700149	0.0396028973	0.0931758164	-0.0730347786	-0.034224185	-0.0006241702	0.0778404313	0.0686537694	-0.0405252922	0.1530489825	-0.0023486271	-0.0574152205	0.0356067656	0.062112568	0.1062663359	-0.033334672	0.0692652867	-0.1158408577	-0.0233633216	-0.0278035795	0.0642724193	-0.2188081196	-0.0604913882	0.0350377025	-0.0199183244	-0.0616452816	-0.0271399295	0.0944461618	-0.0318845489	-0.0798347752	-0.037292599	0.0069877338	-0.0443184806	-0.0222777852	0.0054789456	-0.0753268454	0.0702860438	0.0157279239	-0.068963935	-0.0558835281	0.0101569957	-0.0965938801	0.1549667087	-0.0523588448	0.053419608	0.0745653765	0.0897220992	0.0729114752	0.0471870168	0.0156936827	-0.0177182917	-0.0036423363314952	-0.0026298768739537	1.3266613951729912e-05	6.916252372156485e-06	0.0415584382014486	-0.0382541980870457	0.0014633836712829	0.0017271037857436	-0.0626769952977923	-0.0479413465104272	0.0022983727052328	0.0039284057395594	0.0009761794692389	0.0001880302483701	9.529263561635404e-07	3.5355374302121506e-08	0.0009203104087815	8.545068594259997e-05	7.301819728060851e-09	8.469712485115717e-07	-0.0003889494578674	-3.212048375020001e-05	1.5128168077534436e-07	1.031725476346863e-09	0.0	0.0	0.0	0.0	0.0	0.0	0.0	0.0	0.0	0.0	0.0	0.0	0.0	0.0	0.0	0.0	0.0	0.0	0.0	0.0	0.0	0.0	0.0	0.0	0.0	0.0
5659.660995777824	-2.1097396189334177	32031762.587128825	4.451001259697322	4279.036971295466	22.23918376985148	18310157.40171348	494.58129474922544	3925.929491659628	-1.0375186074747944	1.0764448608564363	15412922.373482827	3944.161223060637	6895.747997767682	1.099046	33.857777	0.0690772279756383	0.0374357249952675	0.0319713722	0.0360963701	0.0425796051	-0.024641029	0.0989704153	-0.0213054951	0.0629672601	0.0226404148	0.0130761074	-0.0430304453	0.0733790122	0.0114123517	0.0116698226	-0.1705781741	-0.0374844031	0.0339118612	-0.0085644875	-0.0008968486	0.0330425384	-0.0822837752	-0.0406370535	0.0237145281	0.076099412	0.0541070315	-0.0192947016	0.0329839108	-0.0888329122	-0.0439089049	-0.034075812	0.1087902401	-0.0154381713	0.0162044813	0.0144210814	-0.0592090528	-0.0088612301	-0.0285483952	-0.0333332185	0.0567022535	0.080211729	0.0312708062	0.1112683267	-0.1464365092	0.0458453664	0.1069617131	-0.0270012472	-0.0242248789	0.1176949232	-0.0239038396	-0.0677326159	0.00312687	-0.037038549	0.089947633	-0.0149447654	0.034306464	-0.0095690544	-0.0905606986	-0.0143080654	-0.0692620116	-0.0898038159	-0.055002347	0.0477503478	0.0783150112	0.138525339	-0.0232861765	-0.1325525773	-0.0181442464	-0.0098441757	-0.1527706071	-0.0004416299	0.0689758986	0.0465132713	-0.1182101524	-0.0923989767	0.2362330909	-0.0142035586	-0.1325860583	0.0910584598	0.0070629295	0.0365348219	0.0129340646	0.0473655908	0.0149030419	0.1278941138	-0.0480099659	-0.0431031182	0.006097385	-0.0041948213	0.035843263	0.0044743544	-0.0465833054	0.0172978639	0.1279555553	-0.0746206376	0.0056938569	0.0208673742	-0.0721149808	0.01607632	0.016976197	0.0089923902	0.0385492044	-0.0028722732	0.0994750032	0.0023595264	0.1070820533	-0.030237339	0.004863027	-0.0029990996	0.0149642518	-0.0598792678	0.1120205484	0.0598354909	-0.1186787748	0.0873396252	-0.0360780306	-0.0875855823	0.0411916911	0.0665861547	0.0265984805	-0.0504317366	-0.0175199996	0.1579960162	-0.0819470552	0.0472203232	0.0293691397	-0.0144650372	0.0148815078	0.0252040783	-0.1592706203	-0.0353950183	0.0251036376	0.0721552703	0.0044692958	-0.0978462107	-0.010979322	-0.0350939891	0.0942270991	0.0988776253	-0.0791117181	0.1351644134	-0.1379387805	-0.1700087509	0.0258730026	0.0690922444	0.0093127473	0.0445887785	-0.0432240513	0.0126088682	-0.003644662	-0.0799475114	0.0509633032	0.03515169	-0.0107424632	-0.0178682532	-0.1134599204	-0.0344087305	-0.0214985463	0.0696396141	0.0869324105	-0.0945366951	0.0104927262	-0.0334282349	0.0087518194	-0.0332133783	-0.0500853649	-0.0529851229	0.0844917901	-0.0989970271	-0.0077116495	0.0466878687	0.0892409375	0.0711093231	0.0435681289	0.0102617584	-0.0244025048	-0.0037826017796476	-0.0001402654481523	1.430807622339319e-05	1.9674395945393565e-08	0.0693758900838048	0.0278174518823562	0.0007738106292272	0.0048130141249201	-0.086188134306397	-0.0235111390086047	0.0005527736574819	0.0074283944952175	0.0009061179661917	-7.006150304719998e-05	8.210497686553828e-07	4.908614209232813e-09	0.0006823444898127	-0.0002379659189687	5.6627778590665473e-08	4.655940027777539e-07	-0.0003448094471529	4.41400107145e-05	1.1889355484588856e-07	1.9483405458761747e-09	0.0	0.0	0.0	0.0	0.0	0.0	0.0	0.0	0.0	0.0	0.0	0.0	0.0	0.0	0.0	0.0	0.0	0.0	0.0	0.0	0.0	0.0	0.0	0.0	0.0	0.0
5657.215739720238	-2.4452560575855387	32004089.9257384	5.979277187158771	4329.489301837859	50.4523305423927	18744477.61472847	2545.4376571588514	3925.2772396273226	-0.6522520323055687	0.4254327136467447	15407801.407936294	3945.779382347938	6875.331352024343	1.021909	31.481434	0.1250344193833251	0.0870568975399747	0.0480462045	0.0022189078	0.0645680611	-0.0628092218	0.0115220881	-0.0560774122	0.0775097154	0.0325044801	0.0728215152	0.0073935698	0.1215094885	0.0549417971	0.0111943586	-0.0324153328	-0.0621003707	0.0188921315	-0.0227641254	0.0206365031	-0.006455539	0.0035818838	-0.0403152658	0.0962713433	0.0765378142	0.0644383925	0.0290751464	-0.0242949662	-0.0996699741	-0.0194879181	-0.0054155651	-0.1070889381	-0.0657883364	0.0007101632	-0.0371043344	-0.0500505421	-0.0558504832	0.0442085283	-0.1497872086	0.1083180852	-0.1119901034	-0.0472083222	0.0075207595	0.013587056	0.1320837059	0.0738969978	-0.0532645812	0.0150758971	0.0087676599	-0.0237026659	-0.1741692971	0.2317398645	-0.1834494814	0.128847261	0.0598342173	0.0171511479	-0.0060059781	-0.0272311123	-0.0007454209	-0.0768249499	0.0345687389	-0.1478164763	-0.0875679107	0.0604289018	0.0125601728	0.0443891462	0.1080074016	0.0663810905	0.0859464652	-0.0473641561	-0.019381129	-0.0773855284	-0.167729565	0.0237457576	-0.0614190891	0.1075275331	0.079341855	0.0038349555	-0.040499763	0.0248743246	-0.0360097953	-0.0340924622	0.0967378936	0.0537704714	-0.1440893217	0.0389407084	-0.0642042675	-0.0185051898	-0.0492064082	0.0520906686	0.0027891121	-0.1124626494	0.008788865	0.0316440841	-0.0473923279	-0.0017220752	0.0431224035	-0.048981561	-0.022357385	0.0359229816	0.0517138593	0.0358336362	0.0282102854	0.0473470553	0.1137944115	-0.0911053319	-0.0330492155	0.1117508354	-0.0060790715	0.0955872511	0.0093456546	0.11010053	0.1425158772	0.0763962888	-0.042274345	0.044984663	-0.0212386056	-0.0785303696	0.0811406352	0.0417484983	-0.1046695469	0.0444109164	0.1151808968	0.1254392973	-0.06078993	0.0048377853	-0.0415857317	0.0687652294	-0.1559856517	-0.087108393	-0.0806360895	0.0762002222	-0.0657460437	-0.1521056269	-0.1014723569	-0.0221963906	-0.0726208961	0.0519062056	0.0820588033	0.1198853739	0.1118912337	0.0654090826	-0.0259132794	-0.0234634567	0.0432479461	0.1396724699	0.1593665434	-0.0659845258	0.0389410967	-0.0366377149	-0.012411819	0.0348861333	-0.0266680444	0.0383968325	0.0501206662	-0.0390588058	-0.0507674011	0.0049261229	-0.045596443	0.0754056086	-0.0340359211	-0.015668158	-0.0284995069	0.0317299568	-0.1068100161	0.0048773178	-0.1782211734	-0.1516852259	-0.0119219697	-0.017382592	0.0545655515	0.0887414118	0.0692486424	0.0398685628	0.0047960562	-0.0309612306	0.0027117311073254	0.006494332886973	7.35348559843624e-06	4.217635964681906e-05	0.0618669859428564	-0.0075089041409484	5.638364139795207e-05	0.0038275239496535	-0.0096944337181383	0.0764937005882587	0.0058512862296861	9.398204511537678e-05	0.0004350819279065	-0.0004710360382852	1.8929628399083685e-07	2.2187494936341646e-07	0.0004689232056847	-0.000213421284128	4.5548644518844525e-08	2.1988897282961546e-07	-0.0003511017600826	-6.292312929699975e-06	1.232724459330996e-07	3.9593202005269486e-11	0.0	0.0	0.0	0.0	0.0	0.0	0.0	0.0	0.0	0.0	0.0	0.0	0.0	0.0	0.0	0.0	0.0	0.0	0.0	0.0	0.0	0.0	0.0	0.0	0.0	0.0
5648.313050072162	-8.902689648076375	31903440.31161549	79.25788296996626	4260.515089119905	-68.97421271795429	18151988.824618388	4757.442020061607	3923.9418223448056	-1.335417282517028	1.783339318445164	15397319.425146677	3944.176808142472	6940.800708988546	1.210692	37.297199	0.1038033126569616	0.053907990470262	0.0080658271	0.0583575361	0.03603549	0.0940151038	-0.0804843846	-0.0913773299	0.0386372437	0.0135596901	0.011333896	-0.0755536809	0.0113331492	0.1093571345	-0.0535777739	0.0670539962	-0.0334548257	-0.0379440848	0.0195371823	-0.0076171308	0.0466709935	0.017864055	0.09187686	0.0825088163	-0.1457750708	0.0933520298	0.0224581324	-0.0525155092	0.0293535727	-0.0453123153	-0.0789989171	-0.0102885535	0.0283551896	-0.1812144493	-0.0586898421	-0.1555851266	0.0853383045	-0.0081418627	-0.0319304211	0.0264791558	-0.0381197708	0.0658021169	-0.0459163307	0.0475501226	0.1570432591	0.1276595513	0.0451109211	-0.1371144468	-0.0575066802	0.0285834884	-0.1288331146	0.0084873113	0.0964010204	0.0415057367	0.0431426729	0.0406781703	0.0881667776	0.17885597	-0.0262801608	0.0483113237	-0.0899566127	0.018317324	0.0895621216	0.0634239252	-0.0653656819	0.0381097648	-0.0369262797	0.1184894507	0.0429872151	0.1161435661	-0.103211333	-0.0039927221	0.0391457136	-0.0341577316	-0.0810290384	0.1363207831	-0.083995273	0.0825036929	0.0672270938	-0.1282702864	-0.0496381912	-0.0175772121	0.0260638704	0.0109301832	-0.0603529194	-0.0571326742	-0.0156375454	-0.0735113337	-0.032311403	-0.0250373987	-0.027269464	-0.0801871299	0.0221272214	-0.1524267226	-0.0712098548	0.0557835185	0.111623524	-0.0072187657	-0.0118401373	0.0104269791	-0.1111279088	0.0022716564	0.0862088255	-0.0038378328	0.0790077368	0.0487357486	0.0819166463	-0.0381717416	-0.0272542575	0.0023159463	-0.0022364573	-0.0013829757	0.2194986675	0.078927367	-0.0065230999	-0.0784647013	0.0480406584	0.0127428717	0.0208132567	-0.0112448483	0.0031948472	0.0791719642	0.0139854436	0.0266153282	0.0543670037	0.0074053703	-0.1159539821	0.1354460663	0.0223649804	-0.0999353286	0.0445617564	0.1696481383	0.0054535932	0.0128669714	0.0282606129	-0.0472450707	-0.0707619061	-0.1587553591	-0.0041914876	-0.1042450751	0.0036551991	-0.0248385939	-0.0158518946	-0.221913519	0.0167551343	-0.0237970786	-0.0185626842	-0.0459691531	0.0107420399	-0.0313221086	-0.0573567026	-0.0965658342	-0.0658575429	0.0386184791	0.1124208995	0.0396879213	-0.0322726939	-0.0008269998	-0.0733741029	-0.0639085254	0.0411603023	0.0878001033	0.143060675	-0.0206665863	-0.1845773329	-0.0430107937	-0.1778591269	-0.1683536724	0.0003498931	0.004688986	-0.0013798492	0.0882236248	0.0673309646	0.0360951694	-0.000685433	-0.0373607416	-0.0035200367475169	-0.0062317678548423	1.2390658703869358e-05	3.8834930596645805e-05	0.038465346227511	-0.0234016397153454	0.0005476367413668	0.0014795828604022	-0.0482380983875572	-0.0385436646694189	0.0014856140861486	0.0023269141360476	0.0004014362683877	-3.3645659518799986e-05	1.611510775770415e-07	1.132030404455016e-09	0.0004340585884992	-3.486461718549998e-05	1.2155415314914607e-09	1.8840685824991785e-07	0.0002929127715602	0.0006440145316427	8.57978917430779e-08	4.1475471696709493e-07	0.0	0.0	0.0	0.0	0.0	0.0	0.0	0.0	0.0	0.0	0.0	0.0	0.0	0.0	0.0	0.0	0.0	0.0	0.0	0.0	0.0	0.0	0.0	0.0	0.0	0.0
5643.040135894789	-5.272914177372513	31843901.97531948	27.803623921936047	4255.610193614379	-4.9048955055259285	18110218.11999461	24.05799992012845	3922.138782134185	-1.8030402106205656	3.250954001114654	15383172.626321029	3939.8092987316472	6776.0999031495885	1.343817	41.398304	0.1046823918313603	0.0655344481476947	0.0361073431	-0.0005133605	0.0688276776	-0.0329018557	0.0191682116	-0.0797605176	-0.0492410369	0.0685272699	-0.0411413706	0.0208410725	-0.1099715459	-0.0239725057	0.0913562691	0.0281454426	-0.0401159214	0.0081672442	-0.006128094	0.0273580381	-0.0750670022	-0.1344471501	-0.0035739754	0.0238240744	-0.0776182042	-4.15444e-05	0.0060234284	0.0057803768	0.0360830479	0.0259718808	-0.0572686306	-0.0240660826	0.0783784796	0.0669979043	0.1669882586	0.0197860234	-0.0010275807	-0.0520374266	0.113554267	-0.1744831527	-0.0197643763	0.0631348663	-0.0703658089	-0.091039179	-0.0021895307	0.0088888959	-0.0233531781	-0.0165387592	-0.0815785841	-0.1314651464	0.0202512184	0.0581730594	0.0473944789	-0.1501970813	-0.0454317659	-0.0244236438	0.0505856697	0.0503752126	-0.1211426856	0.0787346916	0.089543646	-0.0172662225	0.0344451933	-0.0063030453	0.0237840529	0.0347747293	-0.1282663015	0.0316532159	-0.0440143141	-0.0001919382	-0.0983337263	0.016912288	0.002624341	-0.0309635915	0.0018676406	0.0069882099	-0.055878541	0.0835193864	0.0476625131	0.0879406384	-0.1100374644	-0.1075308725	-0.0956178108	0.1332669773	-0.0751126019	0.0921643519	-0.0357662851	0.0616289258	0.075223909	-0.0659630365	0.0863858563	0.061106783	-0.1141397492	-0.0283391089	-0.0672828777	-0.0124905658	0.0759677185	0.0655193015	-0.0145905331	-0.0338877853	0.012737127	0.0348280864	-0.0693777719	-0.0710317526	-0.0868226216	-0.0149506552	-0.0613020545	-0.0346441442	0.0173733559	-0.1147119081	-0.1073041534	-0.0485623592	0.0605535075	-0.0058022042	0.025450685	-0.111970751	0.1034143737	-0.0355093096	0.0041869913	-0.1008126989	0.1166178126	-0.0277604892	0.0018969675	-0.0262520763	-0.121931613	0.0547591637	0.0432095653	0.0994953658	0.0272274101	0.0551720562	0.1033992712	-0.0774099857	-0.1486962949	-0.0226678635	0.0334786738	-0.027498742	0.1058941039	-0.108057687	-0.0338932865	-0.0771708053	0.0895526533	-0.0793975878	-0.0677330385	-0.0066457973	-0.0939532988	-0.0203053287	0.0846745854	-0.0443021276	0.030327483	-0.0250997212	-0.0406983396	0.0315952506	0.1036804422	0.0461049072	-0.0088912871	0.0723542933	-0.0391033917	-0.0136986899	0.1109312421	0.047851855	-0.0478064479	0.0670701897	-0.0137700486	-0.1084139681	-0.0618212758	0.0041629403	-0.0630627399	0.0704605959	-0.0604065632	-0.0031642388	-0.0337705453	0.0876876832	0.065357868	0.0322549359	-0.0061646659	-0.0435681289	-0.0035598372785585	-3.980053104160001e-05	1.267244144981479e-05	1.5840822711933656e-09	0.0383904383594568	-7.490786805420396e-05	5.611188696426031e-09	0.0014738257574312	-0.0969741121729867	-0.0487360137854294	0.0023751990396935	0.009403978431739	0.000927051006266	0.0005256147378783	8.594235682188031e-07	2.76270852674874e-07	0.0005439127104449	0.0001098541219456	1.2067928108460715e-08	2.958410365835176e-07	-0.0001882517615525	-0.0004811645331127	3.543872572761932e-08	2.315193079255626e-07	0.0	0.0	0.0	0.0	0.0	0.0	0.0	0.0	0.0	0.0	0.0	0.0	0.0	0.0	0.0	0.0	0.0	0.0	0.0	0.0	0.0	0.0	0.0	0.0	0.0	0.0
5652.681685101154	9.641549206364289	31952810.233078018	92.95947109874383	4272.26772535266	16.65753173828125	18252271.51708999	277.4733636118472	3921.9244714685374	-0.2143106656476447	0.0459290614103365	15381491.559903769	3938.150689571176	6801.673605885885	1.212095	37.340401	0.3227913814945164	0.1894957966611931	0.0353709733	-0.035145304	0.0675506081	-0.0364709661	-0.0307010323	-0.0386024457	0.1125935543	0.029593597	-0.0712140691	0.1275098962	0.0313355178	-0.0231132013	-0.0007272948	0.0802628543	-0.0982958621	-0.0148586598	-0.0943364042	0.097330724	-0.0412793261	0.0109157857	0.0755937553	-0.0530565759	-0.0281564282	-0.0471489249	0.0410921986	-0.097736212	0.01609925	0.003701648	0.0638596803	-0.0745480569	0.0550902988	-0.0507402175	0.0383803225	-0.0749548031	-0.0235009659	-0.0462403751	0.180312289	-0.1062001923	-0.0568473322	-0.0491350654	-0.0516045699	0.0338551635	-0.0303266829	0.1306047674	0.0978101647	0.1271090276	-0.0827323428	0.0499494688	0.0220988237	0.0001700401	-0.0476236754	0.018086329	-0.1277369936	-0.1089200854	-0.0381201978	0.0435398173	0.011987034	0.1719755346	0.069200451	0.0411622095	-0.0389718609	0.1557318567	-0.0014654918	0.1528377737	-0.0141565651	0.13007864	0.0616377227	-0.0192965119	-0.0239331214	0.0663524644	-0.0204754552	-0.0053544369	0.0658322619	-0.049977277	-0.0269313758	-0.0723712327	0.0205516465	0.1449206571	-0.0051540508	0.0417582283	0.1634998684	0.016124261	0.0493760661	-0.1614107142	-0.0981326188	-0.0044770755	-0.1388955537	0.0314684133	0.0354597518	0.073061615	-0.0501653292	-0.0293881853	0.0310789107	0.0592266467	0.0318391372	0.0557257084	0.0306754713	0.0300609049	-0.0792300512	-0.0353556997	0.0171052178	-0.0694928979	0.0658085242	-0.063272746	0.0213833012	0.0743231789	0.0405600584	-0.0110481271	-0.0019486806	-0.0770174378	0.0017938486	0.012327841	-0.0302120738	-0.0892307948	0.1069548481	-0.0843391434	0.0802113882	0.0314559052	0.1267146024	0.0367348585	0.0775684903	0.0530374808	0.2192993902	-0.0646061689	-0.0693108768	0.0442865761	-0.0104629133	0.155335707	0.0209640512	-0.0070056038	-0.0768137547	0.044747034	0.1863172445	0.0300742805	0.2040211265	0.0149282144	-0.0827818695	0.1388468084	0.043576335	-0.079711366	-0.096277987	-0.0853650304	0.0423039784	-0.0891410533	-0.0712173301	-0.0632900211	0.0656706015	-0.0586333796	0.0328503022	0.0099090047	-0.0653469099	-0.0581594538	0.0157248354	0.0857311478	-0.0708766682	0.0379439625	-0.0396803631	0.0316550635	0.0222334539	-0.0453100616	-0.031184779	0.1068605531	-0.0815747814	-0.021999976	0.0055995155	-0.0040578843	-0.0222512883	-0.1419497195	0.014962198	0.0871336971	0.0633309768	0.0283549738	-0.011623607	-0.0495514717	0.0196317207171574	0.0231915579957159	0.0003854044583164	0.0005378483622686	0.0858829201262239	0.0474924817667671	0.0022555358243667	0.0073758759694073	0.0609727141258247	0.1579468262988114	0.0249471999378669	0.0037176718678695	-0.0001559996008381	-0.0010830506071041	2.4335875461646532e-08	1.1729986175485595e-06	-6.500023975686275e-05	-0.0006089129502017	3.707749809234144e-07	4.225031168449641e-09	2.9949898060770044e-06	0.0001912467513585	8.969963938505173e-12	3.6575319905209374e-08	0.0	0.0	0.0	0.0	0.0	0.0	0.0	0.0	0.0	0.0	0.0	0.0	0.0	0.0	0.0	0.0	0.0	0.0	0.0	0.0	0.0	0.0	0.0	0.0	0.0	0.0
5644.160981166754	-8.520703934399535	31856553.181325257	72.6023955376917	4262.416317656112	-9.85140769654754	18168192.86502109	97.0502336035961	3923.358147830448	1.4336763619107842	2.055427910701742	15392739.156147564	3938.483682714764	6723.338100653618	1.207624	37.202682	0.1884154290427417	0.0947936174945024	0.0666251216	-0.0424602775	0.1012955583	0.0967376977	-0.0535893722	0.0081253948	-0.0670437456	0.1053159135	-0.0815650338	0.0810254735	-0.0478540047	0.0053036795	-0.0233959686	0.0104606139	-0.0953447068	0.0317681635	-0.1295650487	-0.041575337	0.0653599761	0.0616778818	0.0046211033	-0.0385435493	-0.021640084	-0.1429901177	-0.0392907168	-0.0705393873	-0.0178336109	-0.0190699808	0.0641981886	0.0325592017	0.0378176475	0.0165286646	0.0243622818	-0.0557402756	-0.0363396552	0.0511605575	-0.0221638145	-0.0133653307	-0.0365890979	-0.122717522	-0.2030876152	-0.0238235763	-0.0224989858	-0.0665262309	-0.1857629788	-0.0227888221	0.0362232988	0.0103601052	-0.0768463428	0.0031959111	0.0196378899	0.0572294972	0.07913309	-0.0362874876	-0.0122028133	0.1066650906	-0.0441303319	-0.1023654196	-0.0242615156	0.0978567519	-0.0643811262	-0.0913112046	0.0172320791	-0.0607479578	0.1697375254	0.0867589809	-0.0306145367	-0.0226359834	-0.0702556127	0.0540682512	-0.0364078543	-0.0196923359	-0.0790687164	-0.055927657	-0.0530182445	-0.0202415837	0.0245207827	-0.0193738201	0.0908927626	-0.0757122546	-0.030495134	0.0260442212	0.0527726135	-0.0461140096	-0.1003545456	0.1230859989	-0.0523564237	-0.0354913298	-0.0484187395	0.0733273351	0.0582750345	-0.0262734538	0.0640633355	-0.0495704143	-0.0308947485	0.1126800556	-0.0700588426	-0.0581245553	-0.0114106867	0.0033016727	-0.0380725769	0.0130216066	-0.0204992572	0.0596824288	0.1453679653	0.1647055452	-0.0197715739	-0.00388355	-0.0799968617	0.009738549	-0.0785693512	-0.0024390644	-0.0009013001	0.0273353047	0.1458239766	-0.0205624349	-0.0593565817	0.0307718989	-0.0052952503	0.0886082629	-0.0057989763	-0.0428019587	-0.1660811203	0.0590813339	-0.0328614445	-0.0205864103	0.0678270334	0.0382112592	-0.0135768895	0.1011531163	-0.0065210869	-0.0431262842	-0.0516601901	0.0285458603	-0.0888882424	0.0397997988	-0.0774704158	0.1438361076	-0.0412367393	-0.0503249494	0.0035945109	0.0324706943	-0.0501592996	-0.0028689108	0.006324359	-0.079194896	0.0843842139	-0.0577559954	0.0302580999	-0.0749602408	-0.0044709308	0.0050232467	-0.1102101838	0.0376094546	-0.0036955357	0.0328760799	-0.0494264488	-0.1442356145	-0.0020329264	0.0652023799	0.0607456652	-0.0173726967	-0.0166505164	0.1136023114	0.0078972189	0.0418686614	-0.066880168	0.0293962298	0.0213593733	0.0865617806	0.0612519591	0.0244025048	-0.0170442873	-0.0552800014	0.0037383693427841	-0.0158933513743733	1.3975405343068026e-05	0.0002525986179092	0.0234339037374553	-0.0624490163887686	0.0038998796479246	0.0005491478443763	0.0126853574115131	-0.0482873567143116	0.0023316688184551	0.0001609182926578	-0.0006579998631943	-0.0005020002623562	4.329638199637176e-07	2.520042634056936e-07	7.187815356246574e-07	6.571902129248741e-05	4.3189897596424135e-09	5.166468959549406e-13	-0.000664999817851	-0.000667994807657	4.422247577418632e-07	4.462170630568154e-07	0.0	0.0	0.0	0.0	0.0	0.0	0.0	0.0	0.0	0.0	0.0	0.0	0.0	0.0	0.0	0.0	0.0	0.0	0.0	0.0	0.0	0.0	0.0	0.0	0.0	0.0
5650.670594884577	6.509613717823413	31930078.171893224	42.37507075527476	4267.829108280655	5.4127906245430495	18214365.297487654	29.29830234514113	3920.587786106419	-2.770361724029044	7.6749040819651775	15371008.588566832	3940.1260573601135	6781.995598401991	1.189001	36.628967	0.0900919224443179	0.0429748798906581	0.0594424874	-0.0178704608	0.0811365597	-0.0481894766	0.0975220292	0.0542009147	-0.0668764666	0.0894091118	-0.0666659935	0.0217104163	0.02790656	0.0377850981	-0.0215268071	-0.1068348778	-0.0868401176	0.0215817246	-0.1044439131	-0.0202308738	-0.0246054123	-0.1001637062	-0.0562787421	-0.0003820361	0.08024177	-0.0747956919	-0.0139937583	0.0182485057	0.0619015647	0.0348514527	-0.0151841317	0.0505280033	0.0745057149	0.0485840862	0.1500951463	-0.0590182408	0.053985616	0.0806732854	0.1089827373	-0.0903366318	-0.0195935638	0.0490272765	0.0709960196	-0.0966256446	-0.1540642279	-0.1158219915	-0.0436747223	-0.2033731948	0.0112016713	0.0569892984	0.0627319452	0.1324573682	-0.0015094345	0.0239051037	-0.0858616254	0.0483763736	0.0006715191	-0.1769417914	0.0608939279	-0.1279867364	0.0746130072	0.0463094456	-0.0363123598	-0.1432383023	0.0135392932	0.0643191332	0.0193928565	-0.1653743594	0.0268109417	0.0230432921	-0.0660982316	-0.1523868042	0.0054446509	-0.0938910204	-0.0410476706	-0.0861643771	-0.0069438544	0.0239958321	0.0357182721	-0.06764027	0.0375499769	0.0305355112	0.0621048991	0.0502039164	-0.0006620631	-0.1134804988	-0.0803247275	0.1005358828	-0.0176374244	-0.0425909771	0.0058668082	0.0426155894	-0.0285528565	0.0731986071	-0.1120733831	-0.0815421811	-0.0654092132	0.0172562177	-0.0590868547	0.0260842081	0.0096975534	-0.023743414	-0.1055769862	0.0623701603	-0.0683263816	0.1100096017	-0.0095202549	0.0042238235	-0.0319090268	-0.1848484998	-0.0934217369	0.191332551	0.0548726701	0.0261884257	-0.0180102609	-0.0598641502	-0.1602678836	-0.0517370587	-0.0556086159	0.0105191816	0.0541237403	-0.0327873355	-0.1656649233	-0.0569145073	-0.0074255862	-0.0374561722	0.1196945574	-0.0148314589	-0.0463126141	-0.0147548345	-0.0220167196	-0.0865163108	-0.0824280697	-0.0097938296	0.0114411528	0.1575503866	0.0550020757	0.0178981063	-0.0404169305	0.0340552922	-0.1263416906	-0.0574048167	0.0375771726	0.1023925699	-0.1304949564	0.0998036105	0.0085398788	-0.0646129594	0.069923569	-0.0457080825	0.0226602506	0.0606274548	0.0343117428	0.0179950222	-0.1212541783	-0.0431794648	0.0267028425	0.0388938801	0.0525527988	0.0603060302	-0.0772825272	-0.0232551829	0.003599655	-0.0561137182	-0.0477923445	0.1087806696	-0.0556419276	-0.0065512137	-0.0140039255	0.0980964807	-0.0497949769	0.0859720514	0.0591225262	0.020404848	-0.022408864	-0.0607242596	-0.014718698586762	-0.0184570679295461	0.0002166400880879	0.0003406633565558	0.0445103323011153	0.02107642856366	0.000444215840999	0.0019811696815557	-0.0119936382471053	-0.0246789956586183	0.0006090528267181	0.0001438473584024	-0.0003620208225749	0.0002959790406194	1.3105907597780725e-07	8.760359248598045e-08	-7.990534077584321e-05	-8.062412231146787e-05	6.5002490984945316e-09	6.384863484503632e-09	-0.000524014374932	0.000140985442919	2.745910651353747e-07	1.9876895115066613e-08	0.0	0.0	0.0	0.0	0.0	0.0	0.0	0.0	0.0	0.0	0.0	0.0	0.0	0.0	0.0	0.0	0.0	0.0	0.0	0.0	0.0	0.0	0.0	0.0	0.0	0.0
5657.151587093546	6.480992208968928	32003364.07935503	42.00326001271595	4251.052501383654	-16.77660689700133	18071447.36952022	281.4545389765126	3927.770810414907	7.183024308487802	51.59583821632667	15427383.539147375	3945.796439764031	6784.8428254144	1.01395	31.236248	0.2040800233052776	0.1267247930196133	0.0583389133	0.0625018811	0.0390694096	0.0048736551	0.1078668002	-0.0029860391	0.0324921827	0.0239680261	-0.0538004106	0.0009647278	0.0415412062	0.0333013544	-0.0213850499	-0.1113583275	-0.0328506315	0.0494927608	-0.0099310605	0.0178209646	-0.0046817741	-0.0764689029	0.0065670966	-0.0013417032	0.1318573562	-0.0289314684	-0.0377296443	-0.1104765852	-0.0492136152	0.0027966891	0.0340957986	0.1310664339	0.0360870149	-0.0110443423	0.00628412	0.0238211741	0.0057255145	-0.0395760562	-0.0290576369	-0.0751303789	0.0912855563	0.1101446731	0.1001442378	-0.0759554427	0.0185033504	0.024913105	-0.0044998156	-0.0326588643	-0.0368666164	-0.0616811694	-0.2453292869	-0.0398715558	-0.0696461528	0.082331253	0.0229565836	0.0263681742	0.0214568564	-0.1464118213	0.0273690786	0.0079281987	0.0466364541	-0.0589255538	-0.0057428401	0.1182253041	0.0523965683	0.0773290883	0.0147033178	-0.0805343972	0.0371126523	0.1157112252	-0.0676360679	0.0786101424	0.0108640879	0.0989724867	-0.0332991368	-0.0402177056	-0.041521093	0.0561150561	-0.0512051462	0.0843824414	0.0254431033	-0.0485209493	-0.0193381602	-0.0047143706	0.0912358608	0.0989304053	-0.0342914065	-0.0070106605	-0.0390903274	0.0663308459	-0.0017295736	0.0055274784	0.0079578239	0.0899824304	-0.1126238725	-0.0276629072	-0.1414270497	-0.0362714541	0.096308207	0.059638604	-0.0765336632	0.0497757951	-0.034084282	0.0250784551	0.0299940973	0.1342451875	-0.1238062292	-0.0268284766	0.0270974719	-0.0862291505	-0.0221215558	0.1440345595	0.1572012246	-0.0893126242	0.0111970273	-0.0080774007	-0.0296470528	-0.0201047642	-0.0574716663	0.0060200662	0.0210581575	0.0022003693	0.1139465232	0.0201314097	0.0220213798	0.0540103307	0.0612095692	0.0025777095	-0.0350754969	0.0225545699	-0.0885643107	0.077232729	-0.0653164575	0.0491574247	0.075065562	-0.0317820127	0.0179892046	-0.0018396077	-0.0066371151	0.0167052993	0.0793664647	0.0212515449	0.0910375293	-0.085474672	-0.0615240465	-0.03652993	-0.0330770916	-0.0476808275	0.0199255031	-0.0083249993	-0.0607825303	0.0475927666	-0.0251643063	0.0284146316	-0.1022271369	-0.0726578267	-0.0351076797	0.0061261675	0.0475340252	0.0443115959	-0.0111445048	-0.0478753828	0.018773188	-0.011974159	-0.0864725247	0.0247086258	-0.0049527782	-0.058008665	-0.0717196539	0.0249300158	0.0592354823	0.0853646308	0.0569444308	0.016369406	-0.0276996788	-0.0658562496	-0.004569080497248	0.010149618089514	2.0876496590332035e-05	0.0001030147473629	0.06260460898676	0.0180942766856447	0.0003274028487766	0.0039193370663851	-0.1206316480565021	-0.1086380098093968	0.0118022171753465	0.0145519945128277	0.0001690989319163	0.0005311197544912	2.8594448775233463e-08	2.8208819361079256e-07	0.0005609700882704	0.0006408754290462	4.1072131555520645e-07	3.146874399341004e-07	-0.000352047184055	0.000171967190877	1.2393721980105505e-07	2.9572714738126554e-08	0.0	0.0	0.0	0.0	0.0	0.0	0.0	0.0	0.0	0.0	0.0	0.0	0.0	0.0	0.0	0.0	0.0	0.0	0.0	0.0	0.0	0.0	0.0	0.0	0.0	0.0
5658.513231146658	1.3616440531113767	32018771.987061787	1.8540745273735777	4307.96639035513	56.9138889714759	18558574.42042941	3239.190757857486	3926.5400254698056	-1.2307849451012771	1.5148315810879538	15417716.571616422	3945.7892424719394	6852.036211396584	0.920594	28.360275	0.1288788204751488	0.0748813755011164	0.0409425459	0.0453452279	0.0214339363	0.0469888737	0.0397587205	-0.0237426753	0.0602444106	0.0168524982	0.0999295333	0.0218766771	0.0485077643	0.0447683348	-0.0402781274	-0.1001255157	-0.0429517761	0.0102737414	-0.0227056842	0.0462593561	0.0475773694	0.0443542722	0.0626451831	0.0185325875	0.1181690408	0.0632222178	0.0327086489	-0.0550760868	-0.0454063343	-0.0455582822	-0.0470305596	0.0873732874	0.0010685453	-0.0251804185	0.0638037374	0.15467054	0.0290743063	-0.0116873129	-0.2122318332	-0.0111160251	-0.0155905901	0.0011165497	0.0069739305	0.0035501896	-0.0941640298	-0.1054592106	0.063901273	-0.1496867493	-0.0710409813	0.0384717088	-0.0680493173	-0.2335423805	-0.001775431	0.0036677087	0.0876775611	0.0677698295	-0.1530562327	0.0050653588	-0.2210846053	0.0593064723	-0.0214507463	-0.0360872754	-0.0559997285	-0.0519319532	0.0608390098	0.0722184839	-0.0178000574	-0.0635739422	-0.0010074151	0.1095532027	-0.1617326168	0.0950487247	-0.0157699158	0.0448295351	-0.0620992256	0.0499070524	0.1233234562	-0.0471767712	-0.0244107641	0.0425883178	-0.0008009592	-0.0904893184	0.066383727	0.0749450602	0.0190566977	0.0200331684	-0.041730105	-0.0239991387	-0.0824872112	0.0589686387	-0.0071284333	-0.0683432561	0.1023222014	0.0383331316	0.0036711804	-0.0095098254	-0.0346199527	-0.0477156681	0.0557822733	0.0030226408	-0.0473693165	0.0487256444	0.0559893404	-0.0638701905	0.0673572853	0.0271149711	-0.0968269245	0.013342817	-0.0233876912	0.0388098375	-0.0008408351	0.0140095522	0.0012478039	-0.0434910047	-0.0493576516	0.0082285626	-0.1076604076	-0.095649422	-0.0721163898	0.0118199584	-0.0358171455	0.0455050232	-0.13490906	-0.1370635467	-0.1404369698	0.1776064513	0.1880499975	-0.0369356636	0.135509246	0.0944445915	0.0266086396	0.1578293633	-0.1525940644	0.122754294	-0.0113679739	-0.2343321868	0.0545893384	-0.0012114489	0.0118818906	-0.0706667893	0.0225620044	-0.0362462556	0.0168239199	-0.0489003169	-0.098199753	0.0286254644	-0.0477092543	-0.0456545996	0.0339930914	-0.02375751	-0.0305161279	-0.0113616828	-0.129549901	0.0367148028	-0.0443470374	-0.0916439681	-0.0559521763	0.0416284141	0.0184963646	-0.0192226751	0.0064373698	-0.0365518846	0.0389729561	0.0682393522	-0.0764489469	0.0108718749	0.011493071	-0.1102336723	-0.0532001205	-0.0217928938	0.0541311414	0.0847396439	0.0547194656	0.0123036518	-0.0328993162	-0.070649581	-0.0047595069875114	-0.0001904264902633	2.2652906764169843e-05	3.62622481940367e-08	0.0673789028403888	0.0047742938536288	2.279388180079779e-05	0.0045399165479745	-0.0751615438948931	0.045470104161609	0.0020675303724675	0.0056492576806639	-0.0005930113123939	-0.0007621102443102	3.516624166271356e-07	5.808120244825527e-07	-4.083485941275278e-05	-0.0006018049476831	3.621691950559223e-07	1.667485743259284e-09	-0.0005570119114546	-0.0002049647273996	3.102622695023072e-07	4.2010539477992346e-08	0.0	0.0	0.0	0.0	0.0	0.0	0.0	0.0	0.0	0.0	0.0	0.0	0.0	0.0	0.0	0.0	0.0	0.0	0.0	0.0	0.0	0.0	0.0	0.0	0.0	0.0
5654.24272686829	-4.270504278367298	31970460.81434296	18.2372067915534	4295.031884365394	-12.934505989735952	18447298.887715347	167.30144519851527	3929.068833733636	2.528808263830342	6.3948712352166295	15437581.900216997	3945.555183615073	6795.314149615674	1.017351	31.341043	0.0782345250314276	0.0442392832391981	0.06371218	0.0173938547	0.0423456127	0.0725239274	-0.0462287852	-0.0627728934	-0.0306606974	0.0713713926	0.0966516395	-0.0056471503	-0.0295650084	0.0450769352	-0.0050043067	-0.0397313495	-0.0338746303	0.0553034703	-0.0248947728	0.0007118613	0.0552146312	0.0604092986	-0.0197827274	0.102330872	-0.0143404621	0.0291428301	-0.0631490071	-0.1497787891	0.0528471534	-0.0764912742	-0.0273678515	-0.0291639226	0.0466393018	-0.0120245575	0.0884955668	-0.0791402829	-0.0841241214	-0.1298852086	0.0297304946	-0.1033753978	-0.0038385575	0.1394856084	-0.0442514171	0.0308781217	-0.0110775949	-0.0420995945	0.0178408678	0.0066302287	0.1005803444	-0.0396158669	0.1311415456	-0.0758752666	0.0178685824	-0.2477945399	-0.0254017606	0.0415019066	0.0759197326	0.102633238	-0.0479607753	-0.1704164169	-0.0012030646	0.0822118395	-0.0717198892	0.0362346579	-0.0441398492	0.1564870258	-0.1167776013	-0.0371180347	0.0113012508	-0.0839465745	-0.0520617432	-0.0533610887	-0.0063751274	0.0513274989	-0.0269572156	-0.0275577398	-0.1100013457	0.0399831593	-0.0524086746	0.0114068296	0.0449777124	-0.0366998243	0.0352178171	-0.0202747888	-0.004236861	0.061317638	-0.0399499674	0.069854663	0.0429480403	-0.004738692	0.0255804101	-0.0918131914	0.0602011031	0.0052467322	0.0401767976	-0.0443687119	0.0015895981	0.0428946688	-0.0080647677	-0.0448100621	-0.0969009682	0.0384461549	-0.0309232436	-0.1345345904	0.0533722905	0.0334268663	0.0434667687	0.0094875638	0.0938480753	-0.0364579043	-0.0854794965	-0.0969577788	0.0198472317	-0.0022227968	0.0146884737	-0.0687196426	0.0490018052	0.0939175266	0.1561658612	-0.0751669767	0.109053938	-0.0419793664	-0.0830863038	-0.0719019348	-0.060914974	0.0189910755	-0.0092802911	-0.1135344145	0.0403049467	-0.0018660892	0.1147731041	0.0638356029	0.0161917293	-0.0689832834	-0.0533978713	-0.0198209559	0.161870217	-0.1595198847	0.0132815238	0.0713935774	0.0810295989	-0.2153209635	0.1673391754	0.0991443873	-0.0366706842	0.0035055903	0.0241661516	-0.0574633961	0.0434495323	-0.0125192167	-0.0199005337	-0.0488191694	-0.0061577827	0.1397910466	-0.0541432991	-0.0541636126	-0.0008812589	0.0023234864	-0.0164652321	-0.0564950346	0.0320558829	0.0182228257	0.0665417109	-0.1040503627	0.0047471751	0.02399082	0.0933215102	-0.0483317173	0.0750355195	-0.0565045986	0.1069131385	0.0840972192	0.0524494619	0.0082151139	-0.0379906609	-0.0750796043	-0.0047510263510162	8.480636495200242e-06	2.2572251388050303e-05	7.192119536372223e-11	0.0502336658777551	-0.0171452369626337	0.0002939591505048	0.0025234211875179	-0.0996839380857892	-0.024522394190896	0.0006013478168536	0.0099368875122914	-0.0007198432514941	-0.0001268319391002	5.181743067215981e-07	1.6086340775916854e-08	0.0005422083743085	0.0005830432337212	3.399394123881354e-07	2.939899211702664e-07	-0.0005783050034612	-2.129309200659996e-05	3.344366770282585e-07	4.5339576720153103e-10	0.0	0.0	0.0	0.0	0.0	0.0	0.0	0.0	0.0	0.0	0.0	0.0	0.0	0.0	0.0	0.0	0.0	0.0	0.0	0.0	0.0	0.0	0.0	0.0	0.0	0.0
5657.653826428692	3.4110995604014533	32009046.819703218	11.635600210970988	4306.320382969162	11.288498603767948	18544395.24077567	127.43020072727091	3925.2692220491977	-3.799611684438332	14.437048952520302	15407738.465566712	3943.6603775320914	6824.4578485455895	1.099947	33.885525	0.0561928683306733	0.0325711476894244	0.0708657028	0.0196519286	-0.0042723625	-0.1073377473	0.0293988746	-0.0544879186	-0.0098038727	0.0529277692	0.0912691462	0.0126039122	0.054168719	0.0487691762	0.0711801049	-0.0224430796	-0.0483388497	0.0211106313	-0.0254547028	-0.0078399531	-0.0538357224	-0.0348206627	-0.0772157917	0.0359394763	0.0689498479	0.0895754584	0.0223028283	-0.02195669	-0.0250963041	-0.028701671	0.0261673795	-0.0223547305	-0.0343138331	0.0230425011	-0.019238719	-0.0861652646	0.0083891632	-0.0956976397	0.0833201284	0.0003002767	-0.0713631833	0.0062914561	0.11156415	-0.1069200855	0.0649617967	-0.119753465	0.093246178	0.0179860398	0.1534921854	0.0817224306	0.1176452602	-0.187030011	0.0127771253	-0.0642760641	0.1002782096	0.1021748793	-0.0432367614	0.0249200667	0.0478995	-0.0608590925	0.0821352874	0.102863413	-0.0152476837	0.0882833874	0.2034519021	-0.1744554191	0.1125447153	-0.0619694945	-0.0671814468	0.0361381	0.0470034446	-0.0643607331	0.1687554333	-0.0448415138	-0.0897523164	-0.0834473504	-0.0400750148	-0.0468050151	0.0414744275	-0.0325474432	-0.0210077541	-0.0742182987	0.1489032083	-0.0103208086	-0.1099943863	0.0314371409	-0.0426127246	0.0352766177	0.0107389992	0.0078261513	0.01781736	-0.0957412407	-0.0500174807	0.0481196563	-0.0133164807	-0.0014765995	-0.0203163488	-0.0581403097	-0.0090184478	-0.0604020109	0.0607799562	0.0147314786	-0.053604557	-0.0181911903	0.0792704056	0.0660038412	0.0255801289	-0.0654668187	0.0159974851	0.0541321603	-0.0328181482	0.031725164	-0.0695935771	-0.0242508853	-0.0738875403	-0.0419231103	-0.0882936101	0.0644362094	0.0970781569	-0.0075109419	0.0509806037	-0.22859912	3.33685e-05	-0.2059033378	0.0709629606	-0.1004796371	0.0386880483	-0.0704590788	-0.018517077	-0.0927578367	-0.0394934482	-0.0136247912	0.1211437471	0.1185540482	-0.1082818115	0.0276872833	0.0166909912	-0.0194335575	-0.1130071417	0.0519187534	0.0712152781	0.0329532306	-0.0126113008	-0.0461732384	-0.0960658977	0.1644106055	-0.0788612512	-0.0519343435	0.0346743745	-0.0067393164	0.0061359054	0.0903416665	-0.0169331636	0.1454186503	0.0018904687	-0.0403034028	0.0052825307	0.0274922578	0.0337665934	0.0605093813	-0.0124210904	-0.0735145622	0.0672074814	-0.0604781352	0.0632352027	0.0569141356	0.0625135498	-0.1132680684	0.1610500754	0.0144226539	0.0226369641	0.0834374889	0.0501362882	0.0041113636	-0.042956954	-0.0791235388	-0.0047532449761007	-2.218625084499798e-06	2.259333780282654e-05	4.9222972655717346e-12	0.0776817895449539	0.0274481236671988	0.0007533994928498	0.0060344604269065	-0.0841190089904841	0.015564929095305	0.0002422670177418	0.0070760076735411	-0.000670308160642	4.9535090852100006e-05	4.493130302232613e-07	2.453725225725801e-09	0.000715180462399	0.0001729720880905	2.99193432583877e-08	5.114830937972475e-07	-0.0005372602435421	4.104475991909993e-05	2.886485692909166e-07	1.6846723168165523e-09	0.0	0.0	0.0	0.0	0.0	0.0	0.0	0.0	0.0	0.0	0.0	0.0	0.0	0.0	0.0	0.0	0.0	0.0	0.0	0.0	0.0	0.0	0.0	0.0	0.0	0.0
5650.0184315539445	-7.635394874747362	31922708.276899297	58.29925489331829	4290.6387816525175	-15.681601316644446	18409581.1546206	245.91261985418484	3925.844727288324	0.5755052391264144	0.3312062802619514	15412256.822777536	3943.16834888704	6725.052489531494	1.088866	33.544144	0.158397295104027	0.1085409744006327	0.0902174312	-0.0441383683	0.0705345388	-0.0942283558	-0.0438238713	-0.0454731834	0.0581277227	0.063808177	-0.0128798895	0.077299374	0.0422358518	0.0517389794	0.0707122261	0.0485837192	-0.0691963877	0.0421073597	-0.0679792343	0.0467251963	-0.0795491509	0.0471751424	0.004246838	0.0394375218	0.0170176821	0.029835106	0.0695193127	-0.0527303158	0.0755750226	-0.1485230261	-0.0398183397	-0.0922109935	0.0753917809	0.0174306169	0.062335138	-0.0997287037	-0.0415096324	-0.0476911041	-0.2133420083	-0.0538471338	0.1103186612	-0.0131563539	-0.0811639724	-0.2518011874	-0.0838903935	-0.0702632149	0.0743225553	-0.0182973874	-0.0166162074	-0.0801536745	0.0913216355	0.0244742007	0.1382709536	0.0060388643	-0.0472080322	0.036978682	-0.0093395522	-0.0113599436	-0.0876424603	0.0441120779	0.026320401	-0.0640357321	0.1163492025	0.1738011823	-0.0388861707	-0.0101385643	0.1008700481	-0.04368265	0.1521100349	-0.0360767921	0.060001406	-0.0110467682	-0.1067803867	-0.0109311922	0.1015148222	0.0626003545	0.0652201702	0.0236772825	0.0189670621	-0.0378378231	-0.0457580579	0.0938491837	0.019030948	-0.0004966218	0.0066833228	0.1144242437	-0.0783138067	0.0347742541	-0.067565093	0.0563518425	0.0395808799	-0.0392681301	-0.0930325958	-0.0534702669	0.011902994	0.0067957378	-0.0044425203	-0.021257778	-0.0496675356	-0.0195574355	0.0322876815	-0.0049813966	0.0450539536	-0.1736584073	0.1377945855	-0.0063063929	0.0071680711	0.0702236355	0.093979389	-0.0097720598	-0.0909122596	0.0152029711	0.0991612498	-0.132618165	0.0406477385	-0.073526848	0.0557788323	-0.0181889257	-0.0483622284	0.0163682681	-0.0828261598	-0.223282129	-0.0709278467	-0.1171973715	-0.1605760885	-0.0177316228	0.0110392802	0.0349227661	0.0453139826	-0.0801648069	-0.0313553233	-0.0804262742	-0.0946410615	-0.0664122383	-0.0286950125	0.0224753271	0.1064892973	-0.0151090216	0.0093151608	-0.0318233518	-0.0666700208	-0.0458555146	-0.0528859151	-0.0753416896	0.2229243441	-0.028789651	0.0861528545	-0.079288219	0.077907854	-0.0476435917	0.0751788771	0.0523445779	-0.0523900606	0.1348297494	-0.0002573438	0.0340190784	-0.0470224987	0.0309078657	-0.0161909015	0.0314477267	0.0264586462	-0.0631192064	-0.0034638249	-0.0262988193	0.0874808099	0.0572357826	0.10033547	-0.1456396432	0.1353034224	-0.0012519083	-0.0148504614	0.0827605889	0.0477818483	-0.0	-0.0477818483	-0.0827605889	0.0113005426972137	0.0160537876733144	0.0001277022652515	0.0002577240986598	0.0788841404593228	0.0012023509143688	1.445647721283708e-06	0.0062227076160061	0.0112717905782346	0.0953907995687187	0.0090994046423594	0.0001270532628395	-0.0012358981596934	-0.0005655899990514	1.527444261133533e-06	3.1989204702696265e-07	0.0004322908095231	-0.0002828896528758	8.002655570424718e-08	1.8687534399813718e-07	-0.0004707327565169	6.652748702520004e-05	2.2158932805799906e-07	4.425906529888161e-09	0.0	0.0	0.0	0.0	0.0	0.0	0.0	0.0	0.0	0.0	0.0	0.0	0.0	0.0	0.0	0.0	0.0	0.0	0.0	0.0	0.0	0.0	0.0	0.0	0.0	0.0
5661.526178888339	11.50774733439448	32052878.674238	132.42824871226327	4269.371862621441	-21.266919031076213	18227536.10134368	452.2818450743516	3918.5853369140623	-7.259390374261784	52.69874860592464	15355311.042677894	3941.6599009859706	7112.495407818923	2.204009	67.89782	0.3956523364437202	0.2853424985889451	-0.1467713522	-0.1403355312	-0.0315252061	-0.1219050085	-0.0931561048	-0.015657136	-0.0318516028	-0.0005353671	-0.0384087141	0.0227898554	0.0324138018	0.0401863311	-0.0336930016	0.0757003646	-0.0018285581	-0.1287358183	-0.1103690614	-0.1170717949	-0.0181157599	0.0387017449	-0.1173774635	-0.0222388862	-0.0423823675	-0.0385911734	0.2753105524	0.0830148305	-0.2078717568	0.089537577	0.0721054975	-0.091967011	-0.1526959597	0.187968878	-0.1122149505	0.1210987584	-0.0191647899	0.0679233266	0.1150975363	0.0458286911	-0.255695312	0.2579848074	-0.0109998518	0.0007541454	0.0089821919	-0.0088943159	-0.1987725697	-0.0614934646	0.0600130973	0.0564580612	-0.0366272284	-0.0256054793	0.0432317873	-0.0881275156	0.0678898723	-0.0450436902	-0.0681583113	-0.0012383922	-0.0079692181	0.1289273216	-0.0992531978	-0.0496783862	0.0194690401	0.0318159882	-0.0888244852	0.0750370661	-0.0264124762	-0.0325003581	-0.0399671647	-0.0468874339	0.0478991733	0.0046694941	0.0054358549	-0.1143525539	0.1181065485	0.125236789	-0.0462128916	-0.0774020114	-0.1170072912	0.0120854864	0.0286634135	-0.0064583942	-0.0110648309	0.0656071907	-0.0270491792	0.0883931547	0.0069619738	0.0091496033	-0.0970127477	-0.118101082	-0.0864759097	-0.0650076997	-0.0659710165	-0.048146872	0.0273324625	0.1066376894	-0.0156025766	-0.0256990717	-0.0237026892	-0.0570526271	0.1913982895	0.1040727746	-0.156247946	0.2331603272	-0.0291098841	-0.1751210392	-0.0843313367	0.060192723	-0.2686457748	-0.0553193178	0.2182041181	0.1256232566	-0.1456883518	0.1075704219	-0.0311179466	-0.0653042944	-0.0323848221	-0.0599373143	0.0587480098	0.157006054	0.2540168613	0.0007211777	0.0813300485	0.0869929708	-0.1112912785	-0.0516210312	-0.0122068257	-0.1167907493	0.0814986872	0.0301432775	0.1352671132	0.0012337767	-0.0183163368	-0.0795247823	-0.0799519178	-0.0250991217	0.0184547892	-0.0736358374	0.2024593256	-0.069009551	0.0624484894	-0.0320197191	-0.0427874567	-0.0420709408	0.0431807216	-0.1918623833	-0.0536554351	0.0538987547	0.0338615826	-0.07896971	0.1129299617	0.0355511589	0.0463437483	-0.1200075663	0.2696053792	-0.032004688	0.0041749926	0.0690227044	0.001117046	-0.0857824074	-0.1244950064	-0.1330716003	-0.0830866471	0.1659661188	-0.0999071601	-0.1009191119	-0.1051701355	0.148858303	0.3543989157	0.067097966	-0.1714722692	0.0820666583	0.0453880801	-0.0041113636	-0.0524494619	-0.0859720514	-0.0219087379428373	-0.033209280640051	0.0004799927982479	0.0011028563206296	0.0896765585034131	0.0107924180440903	0.0001164762872384	0.008041885145016	-0.0106693517016793	-0.0219411422799139	0.0004814137245474	0.0001138350657341	0.0040338352177736	0.005269733377467	1.6271826564150587e-05	2.7770089869589757e-05	0.000888805174801	0.0004565143652778	2.0840536570508385e-07	7.899746387530361e-07	0.0003972094103315	0.0008679421668483	1.5777531565589792e-07	7.533236049934957e-07	0.0	1.0	0.0	0.0	0.0	0.0	0.0	0.0	0.0	0.0	0.0	0.0	0.0	0.0	0.0	0.0	0.0	0.0	0.0	0.0	0.0	0.0	0.0	0.0	0.0	0.0
5691.714333819496	30.18815493115653	32395612.057806306	911.3246981475104	4244.322053359878	-25.049809261563496	18014269.69263701	627.4929440407122	3928.875649348079	10.290312434016869	105.89052998968218	15436063.86804029	3944.717945544406	7301.8668293144465	1.639637	50.511486	0.4759624004465145	0.2965361476418217	-0.2282894996	-0.102975785	-0.0475013505	-0.0370462263	-0.1429726522	0.0315883046	-0.0476308527	-0.0752799257	-0.0300100909	0.0067160979	-0.2030622013	-0.0342199136	0.1031165477	-0.0179160916	0.1128595437	-0.0836638933	-0.042941865	-0.0311181805	-0.0613027221	-0.0108187795	-0.1236444226	-0.0813369675	-0.1662518712	0.1175966529	-0.0075928887	-0.0582798045	-0.19958422	0.1655905119	0.0240013409	0.0472127286	-0.0549272046	0.0580393961	0.0881777121	0.0221674826	-0.0126757251	0.0558434342	0.0911241966	-0.0745761374	-0.1053823141	-0.090957713	0.0538428462	-0.0673116193	-0.0348081125	0.143110781	0.0486925529	0.0510587593	0.0343626713	0.0114276649	-0.065089422	-0.0354769316	-0.0043320485	-0.046216455	-0.0006591617	0.0896099056	0.0245168154	0.1639457149	0.1203488659	0.0083231806	0.0305336479	-0.1053179034	0.1558316491	-0.0837017688	0.0108476782	0.1190747442	0.0934445006	-0.0130112	0.0303969807	-0.0811832593	0.0284456536	0.0414645217	-0.0184990452	-0.0498356265	-0.0856067304	-0.1690968433	0.1237404916	-0.0099913248	-0.0728326188	-0.0020268125	-0.1583187682	0.1131887345	-0.0143042168	-0.1037628474	0.1445639251	0.0212332337	0.1085367008	0.048325324	0.0111242605	-0.1479458792	0.0038300798	-0.0005101894	-0.0648849369	-0.0299789668	0.1641094643	0.0731616344	0.130891347	-0.0513242847	0.1124798887	-0.1048089629	-0.0471340771	0.1667919097	-0.104392845	0.2838717697	-0.0516067896	-0.0598068533	-0.0537617645	-0.0795138724	0.0270383993	-0.0925728278	-0.0438011159	-0.1005913529	0.0626505643	0.0211811305	-0.0256379495	0.0544307987	0.0288799734	-0.2328431738	0.0238539934	-0.0762231236	-0.0157482038	0.028402496	0.1221942586	-0.1053423593	0.0118987954	-0.1288031271	-0.0445405923	0.0061151325	0.0031609516	0.0942196728	-0.019375544	0.0852963723	-0.0015136534	0.1275209023	-0.0396542646	0.1468438216	-0.0012424609	0.0399136101	-0.0002352707	-0.0344069592	-0.0154836198	-0.0148403594	0.0924742222	0.0815303728	0.2200250204	0.0974342294	-0.0342647422	0.1534103037	-0.0297809	-0.0732887926	0.0868713137	-0.0509007244	0.2010283361	-0.1018298221	0.192705462	-0.0089635982	0.1196686426	0.0511544235	0.0675015148	-0.0269907836	0.0860738972	-0.0345203739	-0.0716205804	0.0095688558	0.0183668102	0.0956629142	-0.0832874111	0.1309123688	0.1785305372	0.0695364133	0.0536735612	0.08135584	0.042956954	-0.0082151139	-0.0569444308	-0.0887414118	-0.0106587637506692	0.011249974192168	0.0001136092446925	0.0001265619193244	0.0209964744333035	-0.0686800840701096	0.0047169539478773	0.0004408519386283	-0.2447341818164261	-0.2340648301147468	0.0547863446966452	0.0598948197493555	0.0066160784330804	0.0025822432153068	4.37724938326716e-05	6.667980022998e-06	0.0009562746902942	6.74695154932e-05	4.552135520887156e-09	9.14461283297268e-07	0.0009868469209213	0.0005896375105897	9.738668453318504e-07	3.476723938945364e-07	0.0	0.0	1.0	0.0	0.0	0.0	0.0	0.0	0.0	0.0	0.0	0.0	0.0	0.0	0.0	0.0	0.0	0.0	0.0	0.0	0.0	0.0	0.0	0.0	0.0	0.0
5658.546004848279	-33.1683289712164	32019142.88898442	1100.138046742833	4223.62589465818	-20.69615870169764	17839015.69802711	428.330985005855	3925.9284013407937	-2.9472480072854523	8.68627081644807	15412913.81245428	3945.1062540423777	7006.559155896461	1.804967	55.60474	0.3110029211337622	0.1556835803355568	-0.0789186311	0.0514250514	-0.0196486715	-0.1329567095	0.0350235758	-0.0337770894	-0.0031115207	-0.09851639	-0.1539623536	-0.1233902564	0.0635733355	0.0356304064	0.0704204603	0.0045591584	0.0747275958	-0.0277588735	0.0327198771	-0.0183244208	-0.0654471642	-0.0486145313	0.0244528148	-0.0477373154	-0.0184889738	-0.1281067915	0.0507598806	0.0018483781	-0.0592782151	0.0386524645	0.0095928947	-0.1207588169	-0.1508258561	0.0836653611	0.1150474859	-0.0285661251	-0.0252952391	-0.0638829328	0.0348633981	0.0640450774	0.0332354593	-0.0582271641	-0.0241276292	0.0240033402	0.0108698865	-0.1025508219	0.0452659204	-0.2307187574	-0.0325157823	-0.1375788692	-0.0637836575	0.0116010018	-0.0787556395	0.1204571114	-0.0688121505	0.0334214183	0.0212246108	0.0495801508	0.0654481977	0.0525720626	-0.0466201862	0.0021830731	-0.0303349942	0.0354552576	-0.0333878592	0.0381558909	0.0864424596	-0.1477386408	-0.0746226482	0.0489569747	0.1055239532	-0.0963044148	-0.0852581008	0.1149423062	-0.1081301292	0.0161724066	0.0126785493	0.0507038894	0.0891822273	-0.0233937408	-0.02442086	-0.0022465507	0.0022068132	-0.1494711459	0.0688953419	0.0595787932	0.0702851476	-0.054742984	-0.0417626053	0.0232668941	-0.0236301345	0.1141856015	-0.0847356895	0.0155480753	-0.0799428062	0.0407599537	-0.1216826166	-0.0258378133	0.00985837	-0.0193483311	-0.0202243618	0.0090132468	0.0629158488	0.1026126563	-0.0130220944	-0.1948522245	0.0703168886	0.063576332	0.1248586355	-0.0448807073	-0.1213027182	0.1292246082	0.0023969163	-0.0111464523	0.0598560586	0.0374346515	-0.0002268611	-0.0008800908	-0.0096281216	0.099820723	-0.023219053	0.0034702507	0.0380007167	0.0998008073	0.0266658627	-0.0171595188	0.2672618657	-0.051082081	-0.0069128635	-0.0664651544	0.0993515246	0.0997963651	0.0077453777	-0.0766094402	0.0219300593	-0.0063914075	0.0662505554	-0.0529518038	-0.0788983403	0.0264771343	-0.0702794697	0.0949963317	0.128551468	0.1651431884	0.0904445712	0.1219770651	0.0355955976	0.0947123399	-0.038372456	-0.042233622	-0.0199940746	0.1122681126	0.0458991037	-0.077566562	0.0236889404	0.0863078143	0.0416152718	0.0476430615	0.0600353184	0.0939621248	0.0031817384	-0.0891639753	-0.1011666954	-0.0352777763	0.0596974713	0.0345834661	0.0603640704	-0.0186047077	-0.047676011	0.0053495588	0.1712444307	0.0806282803	0.0404904708	-0.0123036518	-0.0612519591	-0.0910544289	-0.0044566642433494	0.0062020995073198	1.986185617794908e-05	3.846603829869652e-05	0.1112211209628242	0.0902246465295207	0.0081404868413769	0.0123701377482271	-0.2593516565076328	-0.0146174746912067	0.000213670566348	0.0672632817332531	0.0041383538192823	-0.002477724613798	1.71259723335684e-05	6.139119261820942e-06	0.0016809001231028	0.0007246254328086	5.25082017873051e-07	2.825425223847008e-06	0.0001900229594137	-0.0007968239615076	3.610872510434067e-08	6.349284256326651e-07	0.0	0.0	0.0	1.0	0.0	0.0	0.0	0.0	0.0	0.0	0.0	0.0	0.0	0.0	0.0	0.0	0.0	0.0	0.0	0.0	0.0	0.0	0.0	0.0	0.0	0.0
5677.228912197829	18.68290734955008	32230928.12149495	349.0510270318723	4284.931343882648	61.30544922446825	18360636.62178796	3758.3581046138543	3928.2040714078335	2.275670067039755	5.178674254020723	15430787.22662508	3952.989204217915	7099.824448258819	1.463924	45.098377	0.1909273294926795	0.1039919421105703	-0.1075794264	0.0806052967	-0.0251456148	0.0866094911	-0.0699932505	-0.0124493916	-0.0135639045	-0.1063443695	0.0083156568	-0.0445124992	-0.0299774674	0.0117127806	-0.1402461544	0.072500203	0.0897804903	-0.0513610281	0.0440063674	-0.0665332192	0.09539956	0.0257226727	0.1161663396	-0.0900130923	-0.0724657483	0.0102500205	-0.0484985072	-0.0126866635	-0.0028610158	-0.0496324143	-0.0065774407	0.0087317508	0.015718689	0.0038632554	0.0383132147	0.0236458854	0.0687068668	0.0542502301	-0.0435418062	-0.0279882586	-0.0604578533	0.0860565287	-0.0301864143	0.0530159725	-0.1162419437	-0.1070765061	0.0078648584	0.0278252553	-0.0491980897	-0.0293889587	0.0852017506	0.0303972273	0.0847455965	-0.0518366824	-0.0343520494	-0.153427475	-0.1051434794	-0.0665069887	0.0823843937	0.0061236105	-0.165297685	0.0254503338	-0.0788735217	0.0316289145	0.1110252455	-0.0017778592	-0.031284755	-0.028371674	0.0105745776	-0.0691813839	-0.0805456569	0.0246506294	-0.0149933577	0.0276535509	-0.1168887623	-0.0841655149	0.0741093223	0.0648869137	0.045965787	-0.0531869954	-0.0266557866	-0.1045151736	0.0107333378	-0.0561549422	0.0145006841	0.0668231925	0.0937658035	-0.0800434646	-0.0216392698	-0.0151573813	-0.0937577372	0.054570219	0.110990902	-0.0891232251	0.0023873912	-0.0250976293	0.0030664645	-0.0590928472	0.0436497261	0.0011533215	-0.0123052093	0.0692971722	0.0154394093	-0.0774242179	0.0380693737	0.0141550858	-0.0282901294	-0.0170071494	-0.0593200254	0.026799686	-0.05623266	0.0286609139	-0.1246408433	-0.0034198334	-0.0381027601	0.126964965	-0.0634794587	0.0989869078	-0.0233130221	0.1761573973	0.0899060521	0.0047796847	-0.1586440581	-0.0051591742	0.016318644	0.0935868554	0.0333298424	0.0364195447	0.0320902328	0.0266882615	0.0910307438	0.0051535811	0.0432082185	-0.0560973611	0.1878021277	0.1189007836	0.0775626468	0.0925968333	-0.0526600667	-0.0730628916	0.0153270506	-0.0179526136	-0.0161716463	-0.0292065871	0.0813979082	-0.0198783997	0.0182909231	0.0851860872	-0.0420459203	-0.0428222328	-0.0644341885	-0.1160599694	-0.003979911	-0.0754867966	0.0015834186	0.0432304124	0.0223704541	0.015032439	-0.0213129305	-0.0661911841	0.0903451173	0.0317718983	0.0981483487	0.0449197105	0.0362083376	0.0528524359	0.0634879193	0.0223735951	-0.046260071	0.1533332731	0.0961742258	0.0798841288	0.0379906609	-0.016369406	-0.065357868	-0.0928992083	-0.004210265729867	0.0002463985134823	1.77263375160925e-05	6.071222744633644e-08	0.0403013806337497	-0.0709197403290745	0.0050296095683433	0.0016242012809863	-0.2430783116151502	0.0162733448924826	0.0002648217539896	0.059087065577672	0.0033123164400414	-0.0008260373792408	1.0971440198968531e-05	6.823377519031743e-07	0.0011581244461444	-0.0005227756769584	2.7329440841931337e-07	1.3412522327572734e-06	-0.0005309208995398	-0.0007209438589535	2.818770015681505e-07	5.197600477627642e-07	0.0	0.0	0.0	0.0	0.0	0.0	0.0	0.0	0.0	0.0	0.0	0.0	0.0	0.0	0.0	0.0	0.0	0.0	0.0	0.0	0.0	0.0	0.0	0.0	0.0	0.0
5654.891794737898	-22.337117459931505	31977801.210194003	498.9468164187769	4250.510066083779	-34.4212777988696	18066835.82187953	1184.824365306953	3929.541901657517	1.3378302496835204	1.7897897769682705	15441299.556882177	3944.697560326554	6879.177206159463	1.32926	40.949867	0.0887037221058228	0.0445259054839785	-0.053403292	0.0048860508	0.0563313771	-0.0320417768	0.0509942832	0.0421243677	-0.0545288268	-0.0294427352	-0.0435914054	0.0166695808	-0.0401500866	-0.141990923	0.0653390143	-0.075969006	0.063624625	0.0172739464	-0.006718638	-0.0449844721	-0.0276631276	-0.0927483316	0.004112963	-0.0512413888	0.005135506	0.0052212082	-0.1211827815	-0.0111028368	0.0254722143	-0.068148573	-0.0345561605	0.0402854222	-0.0944127807	0.0430637797	0.0228482438	-0.1075071227	-0.0155574889	0.0463339657	0.0239461135	0.0260822598	-0.019907381	-0.0430326131	0.0512390189	-0.0016769727	0.1369435018	-0.0115309223	0.0210038482	0.0828129375	-0.1062983313	-0.0061069616	0.147856894	0.0222721343	0.0720327784	-0.0354165463	-0.0594108171	-0.0543275794	-0.0455395157	-0.1085620551	0.0497126446	-0.0776651327	-0.1243506741	0.0099937508	-0.1097834463	0.0418329895	-0.0410043561	-0.0120769017	0.0461833471	-0.0148240669	-0.0250027558	0.0629926408	0.0561250385	-0.0502697179	-0.0730763434	0.009930553	-0.0537849059	0.1668797245	0.0595229002	0.2055939897	-0.0349454392	0.0621754588	0.013235583	0.0933854231	0.0893034996	0.1388526088	-0.023591588	-0.1096985123	0.0430760644	0.0642511404	0.0586896069	-0.0178452563	-0.0319093227	0.0942121139	-0.0444727477	0.1255200262	0.0344544711	-0.0361387714	0.1136977829	0.0252801025	0.0082434369	-0.0516418067	-0.0450777598	0.0467994736	0.0669304419	-0.0497781011	-0.04579912	0.0155777362	-0.0316969734	0.0246454935	-0.0263999227	0.037646078	0.019427068	-0.0440604631	-0.0371298229	0.0446587528	0.0113396631	0.0115867841	0.0235687142	0.1252465768	0.0684358556	0.1133134672	-0.0470231104	-0.0664268592	0.0341062118	-0.0468629978	0.0661203376	0.0588738425	0.0892831565	0.0294617325	0.0158983364	-0.1177213064	-0.0719686861	-0.0133269978	0.1007165974	-0.1307913202	0.1903917569	-0.0298262135	0.0591419214	0.0214111675	0.0929197652	0.028837452	-0.0507374817	0.1325249858	0.0090891216	0.0206131309	0.0040112252	0.0782919432	0.1585789228	0.0563628991	-0.0039485037	-0.0552561856	-0.0254476875	0.0334240731	0.1340647916	-0.0487268061	-0.0733970141	0.0020201891	0.0310036229	0.0300712558	0.0486335301	0.0447554984	0.0249683687	-0.0168324732	-0.0332324604	-0.1196854332	0.0472879297	0.036971988	0.0511038745	0.0489170664	0.0268819243	0.0940389126	0.0848625441	0.0791235388	0.0354595815	-0.020404848	-0.0692486424	-0.0942662634	-0.0159696859835634	-0.0117594202536964	0.0002550308704136	0.000138283964703	0.0730063470811899	0.0327049664474402	0.0010696148303281	0.0053299267141391	-0.221296883958729	0.0217814276564211	0.0004744305907519	0.0489723108498431	0.0032842726168364	-2.804382320499999e-05	1.0786446621701415e-05	7.86456019953296e-10	0.0008369669993919	-0.0003211574467525	1.0314210560458486e-07	7.005137580710808e-07	-0.0006308777845476	-9.99568850078e-05	3.980067790356881e-07	9.991378860462557e-09	0.0	0.0	0.0	0.0	0.0	0.0	0.0	0.0	0.0	0.0	0.0	0.0	0.0	0.0	0.0	0.0	0.0	0.0	0.0	0.0	0.0	0.0	0.0	0.0	0.0	0.0
5658.579916755063	3.6881220171653695	32019526.674303737	13.602244013499954	4281.056586165059	30.546520081280505	18327445.493947238	933.0898890760732	3929.943572305215	0.4016706476982108	0.1613393092223002	15444456.481503077	3954.387446752475	6957.6824657545785	1.088404	33.529922	0.0790050745687751	0.0463710821998911	-0.1001310414	0.0570373165	0.0103246434	-0.0272109871	0.0816318821	0.0747256664	0.0106359546	-0.0919084589	-0.0105480567	-0.0560511977	0.1215816126	-0.0644221601	-0.0588447151	0.0013907043	0.0879457209	-0.0131900794	0.0158823048	-0.0482000568	-0.0069742105	-0.0629213517	-0.0102544323	-0.0618514195	0.0910403845	0.0205412631	0.011073175	-0.0236667748	-0.0855489807	-0.0246537783	-0.0053049484	0.0401756521	-0.0202977325	0.0833045318	-0.0268227654	0.061120021	0.0198487556	0.0544849782	-0.1261098496	0.0298909262	-0.0120866644	-0.073291723	0.1270339257	0.0534476106	-0.0947266257	-0.0183015138	0.0146626272	-0.0873940726	-0.046622369	0.0961374635	0.0161904602	0.0003816565	0.0824404826	-0.1042831836	0.0542135024	0.1058371035	-0.0312342145	-0.0439504586	0.04065898	-0.0198265066	0.0110653549	-0.0252629321	-0.0351019396	0.0700192077	0.1041318934	-0.0742521213	0.0071459879	-0.005977716	-0.0526365497	0.0984228642	-0.0028924539	-0.044771856	-0.0493017707	0.053389297	0.0751332426	0.0672601923	-0.0011228241	0.0726319975	0.0227426561	-0.0554525054	0.0520093352	0.0730051087	0.087314649	-0.0061525907	-0.0041354167	0.0250204363	0.0859142592	-0.0609392122	-0.0160764729	0.0384272201	-0.0731588034	0.0245465247	-0.0086183812	0.0766531198	-0.0542724906	0.0059158128	0.0093055171	-0.0631035119	-0.0332539762	0.0100231581	-0.0266500051	0.1149625567	0.0033756212	0.0851384707	0.0306536977	-0.0156837044	-0.0820949686	-0.0330310375	0.0206740547	-0.023355023	0.1327347702	0.0012041148	-0.0021239382	0.0012987033	-0.0932755872	0.1580949922	-0.0898173837	-0.0878399762	-0.050794517	-0.0082063454	-0.0767713403	-0.0346583085	-0.1010612041	-0.0829442344	0.00841123	0.0023200584	0.0060795454	-0.0335989425	0.1160895318	-0.0535856198	-0.0229607666	-0.0007140443	0.0177906697	-0.0127370798	0.1169453291	-0.0046031964	0.0061327725	-0.0039005917	-0.0534865572	0.0814574162	0.0797712685	0.0218279523	0.0384114322	0.0140263395	-0.1129255678	0.0498448481	0.0640825218	0.0879981504	-0.0324149816	-0.0529006091	-0.0405184942	0.0562079077	0.0036717307	-0.1098538494	-0.0307317782	-0.0152854451	-0.0106874324	0.0605387523	0.0786719812	0.0356235027	0.0097344179	-0.0461945751	-0.0053459674	-0.0275623881	0.0691288543	0.0107755856	0.0482695885	-0.021144614	-0.0412722944	0.0752364971	0.0382685389	0.0783466667	0.0328993162	-0.0244025048	-0.0729114752	-0.0951485642	-0.0042409950050483	0.0117286909785151	1.798603863284463e-05	0.0001375621920695	0.1127862454300441	0.0397798983488542	0.0015824403126451	0.0127207371582061	-0.2363154435117849	-0.0150185595530558	0.0002255571310486	0.0558449888421716	0.0033102288603328	2.595624349639985e-05	1.0957615107780188e-05	6.737265764443995e-10	0.0009127033402465	7.573634085459994e-05	5.7359933260441435e-09	8.330273872971183e-07	-0.0004830118551316	0.000147865929416	2.3330045219766975e-07	2.186433308205749e-08	0.0	0.0	0.0	0.0	0.0	0.0	0.0	0.0	0.0	0.0	0.0	0.0	0.0	0.0	0.0	0.0	0.0	0.0	0.0	0.0	0.0	0.0	0.0	0.0	0.0	0.0
5656.800864059217	-1.779052695846076	31999396.015621103	3.1650284945971903	4268.05391276804	-13.002673397018953	18216284.20229458	169.0695154695444	3928.678260333087	-1.2653119721280746	1.6010143868106372	15434512.87321381	3952.1683869076105	6964.437636091635	0.913872	28.153214	0.0924460225661426	0.0497717366742812	-0.1002944755	0.0537580497	0.0252163024	0.0566036569	0.0455764933	0.1141602653	0.0087957451	-0.0924786217	-0.008583892	-0.0365061495	0.0634778654	-0.0595235952	-0.1492798172	-0.0051812595	0.0935047901	-0.0345986987	0.0230484299	-0.0378329369	0.0475350447	0.0525623015	0.1040835475	-0.0610650658	0.1115983701	0.017219218	-0.0088132205	-0.0043678662	-0.0141104197	-0.0450637935	-0.0641708059	0.0371011435	-0.0788313805	0.067646457	-0.0215492877	-0.0282303434	0.0982781806	0.0119428367	-0.0449264571	0.0466528117	-0.0281500617	-0.0126370321	-0.01500425	-0.0459622649	-0.1535693916	0.1027065777	0.1367612067	0.0704288844	0.0381159764	-0.0129373708	0.0676412381	0.0090971656	-0.0786179766	-0.0507224949	0.0361212158	-0.0171006201	0.0604622865	-0.0604473722	0.130350633	-0.0319173039	0.0103121406	0.1211121812	-0.0792234484	0.0393598663	-0.0225465319	0.0021748055	-0.1302373361	-0.0027811237	-0.0355516456	-0.1196458214	0.1345429633	0.0032749602	0.0050699317	-0.0266523513	0.1629280808	0.0382185296	0.0124769355	0.0133549857	-0.052418501	0.067926353	0.0430455931	0.0239597775	0.0404632238	0.0469315213	0.0297894591	0.0286824353	0.0882877526	-0.0782638835	-0.0441403226	0.030933733	-0.0974045208	0.0469830381	0.0839689719	0.0376366807	-0.0107441426	-0.0602153749	0.0113340846	-0.0501728533	0.0042682375	-0.0029419185	-0.0351835616	0.0220267731	0.0510069644	0.0210003455	-0.0241739892	-0.0307688623	-0.0718837778	0.0810323666	0.1102809716	-0.0693152961	0.0933436314	-0.0227328863	-0.0245085539	-0.0796842861	0.1104829854	-0.0167237014	-0.0229211644	-0.1026045592	0.0077125646	-0.0122253253	0.0411253398	-0.0819670987	-0.1129344715	-0.106825153	0.0777868036	-0.0090542759	-0.0241579973	-0.0372968554	-0.1662126696	0.0197037687	-0.0179619975	-0.1010889839	0.142942495	-0.0666941355	-0.0338209338	0.0496423332	0.0014018653	-0.0419316183	0.0622303242	-0.0342338822	0.0220801721	0.0293638423	-0.0087622497	0.0460836747	-0.0921793834	-0.035639803	0.0522674826	0.0924148825	-0.0314093749	-0.0587720937	-0.0352177698	-0.0356299684	-0.038940631	-0.1126229438	-0.0413823196	-0.0577340371	0.0061292648	0.0329071288	0.004983361	0.0170355577	0.0887823036	-0.0117893744	0.005321708	0.0067068682	0.0578119207	0.0389331498	0.0911752068	-0.0682978122	-0.0606897276	0.0591909459	0.0449132188	0.0775536723	0.030311972	-0.0283549738	-0.0763343096	-0.0955415737	-0.0107413118408885	-0.0065003168358401	0.0001153757800632	4.2254118966307534e-05	0.0690464790383202	-0.0437397663917239	0.0019131671640025	0.0047674162675891	-0.2360778993407564	0.0002375441710285	5.6427233189618746e-08	0.0557327745571443	0.0036591078788166	0.0003488790184838	1.338907046881772e-05	1.2171656953821985e-07	0.0005132845919135	-0.0003994187483329	1.5953533651990039e-07	2.634610722958083e-07	-0.0003919417185974	9.107013653420002e-05	1.536183107770835e-07	8.293769768357834e-09	0.0	0.0	0.0	0.0	0.0	0.0	0.0	0.0	0.0	0.0	0.0	0.0	0.0	0.0	0.0	0.0	0.0	0.0	0.0	0.0	0.0	0.0	0.0	0.0	0.0	0.0
5650.750645701007	-6.050218358210259	31930982.859890345	36.60514218202444	4289.958249523154	21.904336755113945	18403741.782651767	479.7999686814357	3929.350658783784	0.6723984506970737	0.4521196764998251	15439796.59968456	3952.16854092494	6855.242011816032	1.072017	33.025101	0.1875676336382143	0.0834691255168843	-0.0578336098	0.0425847084	0.0309027827	0.1322850434	0.026347258	0.0598111937	-0.0614201816	-0.0440926701	0.091544093	-0.0724359979	-0.0838448209	-0.0278813638	-0.0971625405	-0.1115068641	0.0790560196	-0.0220730491	0.0266124614	-0.0216239932	0.0792712436	0.034145034	0.0105208781	0.000695207	0.0050708869	0.0638446314	-0.0849496424	0.0218000053	0.0252764951	-0.0783085422	0.0439601387	-0.0286942879	0.0226637029	0.0036004267	-0.0435573229	-0.0595489777	-0.0596784043	-0.0430076536	0.0200958768	0.1082992413	-0.0084349953	-0.0426525259	0.0277574251	-0.1110157457	0.0080945367	-0.0172159687	-0.002699598	0.2012077571	0.1424447032	-0.033914116	0.0594473564	-0.1200523636	-0.2215848377	0.0513459044	0.0814399941	-0.1001213479	-0.1135139544	0.0308104907	-0.0636570292	0.0875931109	-0.0358946657	-0.0669853275	0.0418443092	-0.1521661169	-0.014714365	0.0412692014	-0.0405223252	-0.0052721638	0.1397678717	0.0570616007	-0.0468769747	-0.1173900034	-0.0372105699	0.0414462442	-0.0076305611	-0.0040133091	0.0062724511	-0.1160717123	-0.0414490616	-0.0005557519	-0.0551338344	0.0128162576	-0.0702658167	0.0441771214	-0.0014810876	-0.0836104379	0.079712746	0.017421713	0.073510883	-0.0632389109	-0.0171969194	-0.0453317396	0.1178831258	0.0251216204	0.0334910324	-0.0798243009	0.0653029636	-0.0440528841	-0.0001865539	-0.0199781093	0.029987981	0.0013354814	0.031347742	-0.0817131187	0.038084238	-0.0168715087	0.0601861845	0.0634700662	0.0550270283	0.0355764906	0.0097329389	-0.0813301763	-0.1496031793	-0.0190499106	0.0802464437	-0.0704968486	-0.0491376816	-0.0016380396	-0.0382830956	-0.010066612	-0.0267073295	-0.093055033	0.1627613934	-0.0468938094	0.0320899411	-0.0292967567	-0.034910756	-0.1062143637	-0.1173314829	0.152260846	0.1105051963	0.0239227974	-0.0676646778	0.0480534602	0.0460753869	-0.1353683661	-0.1059916995	0.1434219573	0.0233553663	-0.0125767986	0.1168571535	-0.0171275676	0.0523786772	0.0005524712	0.0395743391	0.0353789015	0.0265763317	0.0725951443	-0.0214772008	-0.0162959431	-0.0572482012	-0.0925220878	0.0229462877	0.0106648152	-0.0619947684	-0.0979287873	0.0265541544	-0.0605245128	-0.0053895982	-0.0675082323	0.0218062647	0.0125722317	-0.0104644457	-0.0498131042	0.0228564757	-0.0081896916	0.0208856973	-0.0321410613	-0.0811834251	-0.0704206788	0.0058593857	0.076744719	0.0276996788	-0.0322549359	-0.0795058789	-0.0954432708	0.0131098744069504	0.0238511862478389	0.000171868806966	0.000568879085429	0.1076424171568675	0.0385959381185472	0.0014896464392507	0.011586889971373	-0.2541717620882195	-0.0180938627474631	0.000327387869124	0.0646032846430304	0.0025151807923215	-0.0011439270864951	6.3261344180630095e-06	1.308569179217168e-06	0.0013751787075819	0.0008618941156684	7.428614666238134e-07	1.891116477786625e-06	-0.0002572299902736	0.0001347117283238	6.616726789615633e-08	1.8147249747985305e-08	0.0	0.0	0.0	0.0	0.0	0.0	0.0	0.0	0.0	0.0	0.0	0.0	0.0	0.0	0.0	0.0	0.0	0.0	0.0	0.0	0.0	0.0	0.0	0.0	0.0	0.0
5634.669008522307	-16.081637178699566	31749494.83560176	258.6190543473321	4298.2178341867775	8.259584663623173	18474676.550121278	68.22073881555912	3924.249236631651	-5.101422152133182	26.024507974275146	15399732.071204096	3947.9058233843575	6799.287487872331	1.074518	33.102154	0.0523524700843781	0.0274756576322579	-0.0400666381	0.0466124687	0.0145898609	-0.0257100805	0.0604599333	0.0154927544	-0.016313148	-0.0827849978	0.110106257	-0.0517362708	0.0338294919	0.0120993864	0.0291195229	-0.0476026987	0.0722475614	-0.0396753764	0.0176231935	-0.0216926951	0.0045385767	-0.0830144615	-0.0286926874	0.0238373925	0.0148029349	0.053774894	-0.0444511219	0.0983209634	0.1199415949	-0.0270287743	0.0437245605	-0.15438981	0.0124725761	0.0439568927	-0.0558893615	-0.0328789434	0.036265716	-0.0053435936	-0.0231203845	-0.0221528139	-0.024928204	-0.0445408869	-0.0146436944	0.0210286674	-0.0017969804	0.1915492746	0.0808562686	0.0611325407	0.1154534253	0.0999132731	0.0116216427	-0.1805347551	-0.100180517	-0.0013028712	-0.0006454418	0.0239533465	0.1167945372	-0.057818801	-0.0624365626	0.0542161347	-0.0292141179	-0.0337784185	-0.0741633597	-0.0034226336	-0.1351065891	-0.0589619816	0.0461691863	0.1953304788	0.0527171488	0.0290718827	0.0286176357	-0.0613522865	-0.0111139209	-0.1056170886	-0.0509668791	-0.0697653854	-0.0309638599	0.1081367755	0.0071481148	-0.0931712064	-0.0556823442	-0.1355621635	-0.0569606329	0.0518773182	-0.0713830791	0.0316587616	0.0840055923	-0.0178209392	0.0484751812	-0.0420349658	0.0063616607	-0.0746364221	-0.0230902624	0.057047864	-0.0748092949	-0.022287302	0.076054708	-0.0607295262	-0.0725481164	0.0387440041	0.0775963843	-0.1064179475	0.0200672297	-0.1177277492	0.0537954796	-0.0784825832	0.042491954	0.0061408871	0.0739387021	-0.0087907625	0.0682815641	-0.0026373599	-0.0281514001	-0.0015124466	-0.0165960842	0.083738439	0.033098535	0.0505119915	0.0658912197	-0.0215899249	0.0255228445	0.013079294	0.0268556258	-0.1772146305	0.1892338393	-0.0338172331	-0.1447013754	0.0469305239	0.0091130737	0.077174635	0.0439438824	0.059224255	0.0622872003	0.0628268455	-0.13273231	-0.0709407001	0.0324268358	0.1022386549	0.0663350052	-0.004947355	-0.0776797318	0.0277747089	0.0279911938	-0.0795733385	-0.00797432	-0.0480350238	0.0090961933	0.0652641809	-0.0309185242	-0.0049387568	-0.0428141217	0.0467134185	0.0527811148	0.066061022	0.0024741479	-0.073468252	0.005909055	-0.0505948963	0.0503472337	0.0330937171	-0.0208986782	-0.0096869764	-0.0180385533	-0.0841585481	0.0505441688	-0.003273748	0.0429013574	-0.108151032	-0.0149571701	-0.0243361502	-0.0224403757	0.0759199731	0.0250645864	-0.0360951694	-0.0824157435	-0.094854161	0.0154033816900209	0.0022935072830705	0.0002372641674884	5.260175657497432e-06	0.1074633878969706	-0.0001790292598968	3.2051475899229225e-08	0.0115483797382947	-0.2424819973594338	0.0116897647287857	0.0001366505994143	0.0587975190434204	0.0021400926125491	-0.0003750881797724	4.579996390287233e-06	1.4069114260497233e-07	0.0016123893308981	0.0002372106233161	5.6268879814060096e-08	2.599799354394023e-06	-0.0001057254171097	0.0001515045731638	1.1177863823020048e-08	2.2953635689575522e-08	0.0	0.0	0.0	0.0	0.0	0.0	0.0	0.0	0.0	0.0	0.0	0.0	0.0	0.0	0.0	0.0	0.0	0.0	0.0	0.0	0.0	0.0	0.0	0.0	0.0	0.0
5633.86946650854	-0.7995420137667679	31740485.165657222	0.6392674317782185	4286.684987124012	-11.53284706276554	18375668.17883439	133.00656137313976	3923.590222563872	-0.6590140677790259	0.4342995415306586	15394560.234598814	3946.317103173109	6732.191001713894	1.259652	38.805489	0.3047587401621178	0.2235637284706063	-0.0472421226	-0.0571945572	0.0874640389	-0.0081623774	-0.0236938278	0.0383595328	0.0876519831	-0.0141678201	0.0235820739	0.0439183858	0.0289473623	-0.058326986	-0.0076796045	0.0565906795	-0.0052384516	-0.0634159142	-0.0416299572	0.0118264744	-0.0364583489	0.0272216788	0.04667106	0.0566748114	-0.0209615841	0.0586540031	0.0251917453	-0.0128833928	-0.0607272078	0.089648841	-0.1715630215	0.0376886514	0.0451667843	0.0974991579	-0.0426597584	0.0239342953	-0.0764616649	-0.0697169609	-0.1596976614	0.0116393806	-0.0482810902	-0.1408755653	-0.033452065	0.0849338162	0.2188422562	0.0418599694	0.0134119256	-0.1106306254	0.037977519	0.0758434373	-0.0066491902	0.1024749042	0.0340326951	-0.0497235694	-0.1011356804	-0.1058499134	-0.0365245127	0.0474150485	0.0623877768	-0.0917114601	-0.0434965389	0.0258037266	-0.0155741321	0.0672351965	0.002646093	0.0925033839	0.039842491	0.0345222392	0.0017390875	0.0329978854	-0.0259777201	-0.074001047	0.0428734234	0.1788580821	0.0492115062	-0.0714778834	-0.064959726	-0.039993939	-0.1651240408	-0.0617783022	-0.0352566842	-0.0746233924	-0.0764737139	-0.0048193399	0.0239810967	-0.1449979679	-0.0086093236	-0.0525826195	-0.0605995104	-0.0055428277	-0.0070015074	-0.0787456249	-0.0395763598	0.0041852696	0.0486819431	0.0222759937	0.165601046	0.0184008791	-0.0061592933	0.1615777455	-0.0137540508	0.0197468897	-0.0607318295	-0.023559325	0.0164845152	-0.0619597535	0.0176234061	0.1643731481	0.0263605947	0.1237489712	-0.0296950799	-0.0353827346	-0.0603710924	-0.035123858	-0.0925308308	0.0543155897	0.0493274447	-0.029826768	0.1320206364	-0.0109904953	-0.102309139	0.011058974	0.0622363357	0.0927489152	-0.0582595973	-0.1021766904	-0.0306763642	0.0421321894	0.0434174618	-0.2443857908	-0.0176113755	-0.0110987169	-0.0795474506	0.025035513	0.1067844185	0.0718716816	0.0079803259	0.0347323127	0.0386950232	0.0021354245	-0.0148856487	0.1062712591	0.1407942221	0.023969882	-0.0921555398	-0.0745589153	0.0001180171	0.0140714677	0.0319135926	-0.07328257	0.0398247728	-0.0309317958	-0.0340231679	-0.0219339723	0.0982243782	-0.0672204073	-0.0995682251	-0.0007321007	-0.0142788913	-0.0601275598	0.0387223425	0.0193765859	-0.0373832584	-0.0014912655	-0.0333338896	-0.1256726912	-0.0014234698	-0.0400148391	0.0632060113	-0.1235250273	-0.1304780043	0.0750796043	0.022408864	-0.0398685628	-0.0850543252	-0.0937772737	0.0170449335368658	0.0016415518468448	0.0002905297592761	2.6946924658799007e-06	0.1030137343834241	-0.0044496535135465	1.979941639061679e-05	0.0106118294716186	-0.0456981374757674	0.1967838598836664	0.0387238875107144	0.0020883197687541	0.0010460748016845	-0.0010940178108646	1.094272490719266e-06	1.196874970488972e-06	0.0007529015977014	-0.0008594877331967	7.387191635156017e-07	5.668608158213208e-07	-0.0001898933714096	-8.416795429989999e-05	3.605949250530429e-08	7.084244531030053e-09	0.0	0.0	0.0	0.0	0.0	0.0	0.0	0.0	0.0	0.0	0.0	0.0	0.0	0.0	0.0	0.0	0.0	0.0	0.0	0.0	0.0	0.0	0.0	0.0	0.0	0.0
5632.730749992657	-1.1387165158830612	31727655.701912843	1.296675303544858	4248.423321118678	-38.26166600533361	18049100.71542506	1463.9550855037016	3923.724401393581	0.1341788297090715	0.018003958342096	15395613.178091416	3943.941806442876	6714.213472942168	1.001578	30.85511	0.1399314741050451	0.0891127581317921	-0.0448476749	-0.0010079816	0.0541054456	0.0668368583	-0.051200756	-0.0045188954	-0.0451988668	-0.0058554173	-0.0224893156	-0.029080273	-0.0225494935	0.0829380405	0.0005286493	0.0733036745	0.0332906455	-0.0317696143	-0.0414414254	-0.0489253905	-0.0058531719	0.0385509028	0.0826501443	0.1020796072	-0.1593309094	0.0036077027	-0.0351218047	-0.0130777053	0.0816902544	-0.0307608522	-0.0912226495	0.0364165167	0.0649353776	0.0708771724	-0.2161907477	0.0815173031	0.0470395391	0.1218782894	0.0347915851	-0.1356184152	-0.0407563875	-0.0837914312	-0.0076906923	-0.0286365824	-0.0518425553	-0.0118131342	0.0449573165	0.0483263165	-0.0291618885	-0.0305486444	0.0281939316	0.0449274241	0.0913537377	0.1571486735	-0.0487257884	0.091927274	0.0688278578	-0.1009922005	-0.0214495148	-0.0198766958	-0.0714798755	0.0354681968	-0.0384092426	-0.0709868862	0.0586402631	0.0147586597	0.083270354	0.1179302342	-0.0133435229	0.0538148163	0.0775359469	-0.0988565564	0.0489881207	-0.0040344207	0.0861936088	0.0266264142	-0.0565526621	-0.0152939167	-0.1146488993	0.0070161269	-0.0227264996	0.0867951075	-0.0565079651	-0.0203748346	0.1170644395	-0.0248626459	0.034763303	0.0127452395	-0.008932238	-0.0569965353	-0.028652239	-0.0513135495	-0.0404573329	-0.126262929	-0.0284487316	-0.0042958928	0.0568875595	0.0638107327	0.0017780752	0.0774216037	-0.1485835803	-0.0515385173	-0.0103630448	-0.0344981634	-0.1078842433	0.0484673828	0.1190435708	-0.0367630722	-0.099379434	-0.0619404061	0.0493816499	0.089493155	-0.0971694923	-0.0412422441	-0.016552037	0.0749729578	0.1127250179	-0.0151631127	-0.0504170045	0.0699164778	-0.1482823148	-0.1099967436	-0.0454687998	-0.0040560084	0.0419645742	-0.0121518254	-0.1238314385	0.1531428397	-0.0906229153	-0.0357511291	0.0534378702	-0.0679224584	0.0162989534	0.075868884	0.0222725928	0.0137023482	0.025315596	0.0607320981	0.105143143	-0.0077050735	0.015395904	0.0317960641	0.013741871	0.0971524049	-0.0840452662	-0.0672962435	0.0265955397	0.0230655259	0.0191526275	-0.0533554278	-0.0014682692	-0.0839706971	-0.020063369	0.055895773	0.0869293388	0.0018801986	-0.0300012835	0.0222962312	0.0174759471	-0.0940104167	0.0764652191	0.0559956257	0.0801951425	-0.0852203805	-0.0128023763	-0.0530597137	0.10270764	-0.0532408759	0.0608441943	-0.0381313062	-0.1523013678	0.0742237856	0.0197346973	-0.0435681289	-0.0874129386	-0.0922181468	0.0130836905737652	-0.0039612429631005	0.00017118295903	1.5691445812714018e-05	0.0539645158734174	-0.0490492185100066	0.0024058258364423	0.0029121689734523	-0.1183669446574953	-0.0726688071817279	0.0052807555372151	0.0140107335875505	0.0009831017004201	-6.297310126439988e-05	9.664889533688922e-07	3.965611482856362e-09	0.0009548970161439	0.0002019954184425	4.080214907176067e-08	9.118283114405236e-07	-0.0002099689607069	-2.0075589297300018e-05	4.4086964460335723e-08	4.0302928563386703e-10	0.0	0.0	0.0	0.0	0.0	0.0	0.0	0.0	0.0	0.0	0.0	0.0	0.0	0.0	0.0	0.0	0.0	0.0	0.0	0.0	0.0	0.0	0.0	0.0	0.0	0.0
5634.779194202402	2.0484442097449573	31750736.567416277	4.196123680437643	4244.001989145748	-4.421331972930602	18011552.883873064	19.54817641485841	3925.05862713788	1.3342257442991468	1.7801583367506122	15406085.2264695	3944.845474676989	6744.607595432589	1.004723	30.952	0.0822454749824512	0.0408098323356142	-0.0629601371	-0.0329622108	0.0608188385	-9.59226e-05	-0.0421119055	-0.0154562996	-0.0537591505	0.0042141473	-0.0428587714	0.002592989	-0.0431572223	0.0075067843	0.093588283	0.1019871631	0.0347782434	-0.0456859712	-0.0129399434	-0.0530936775	-0.0186291663	-0.0642016315	-0.0396524154	-0.00310697	-0.10585075	0.0565082778	-0.019505475	-0.0210248211	0.0185826583	-0.0920282676	-0.0613035453	0.0099635991	0.0382010879	0.2010907267	-0.0526700536	0.040324742	-0.0785293516	0.0302210528	-0.0072143063	-0.0375694043	0.0384345129	0.0125790768	0.012161968	-0.0510514416	0.0656323724	-0.0981393623	-0.0242724784	0.0424631183	-0.0257549487	0.0022570724	-0.0156408493	-0.0144794788	0.013096541	-0.0113621117	0.021390508	0.0563431427	0.0538619854	0.1110278997	0.1828523428	-0.0488395516	0.0781172943	-0.0758014561	-0.0230412296	-0.0646267646	-0.068386709	-0.0255302906	-0.07995249	-0.0210479235	-0.1147795878	0.0295234431	-0.1059786933	0.0507802153	0.1065642872	0.0162762678	-0.1073361108	-0.0255550542	-0.0210045355	-0.1291705702	0.105171359	0.1206729344	-0.0521327031	0.0001299926	0.0380711876	0.16607617	-0.1318793863	-0.0577075097	0.0409793137	0.0264730321	0.0356944584	-0.0956554427	0.0106498413	0.0121162555	-0.0960316586	-0.0766065149	-0.0397283603	0.0192214219	0.0248143485	-0.0239744085	0.0065816598	0.0112167186	0.0134809431	0.0965702312	-0.1005789874	-0.099160802	-0.0794642194	-0.0208862119	-0.0633594194	-0.0177380002	-0.0120673378	-0.0600351065	0.0275782457	-0.0436335747	-0.0430676992	-0.101428253	-0.0607606478	0.0246132385	0.1399610193	0.0458802267	0.0279863981	0.0157217717	-0.1101117389	-0.1029847161	0.0344996285	0.0604280667	-0.0845119076	-0.0394761157	0.0304478034	-0.0136462043	0.1351405305	0.0770252437	0.0302559057	0.0938644251	0.0131177368	-0.0333682693	0.0085450467	0.1266882129	-0.1036331477	-0.1524742893	0.0005220242	-0.1082233932	0.040865457	0.0828477371	-0.0655518926	0.0690193218	-0.0952675261	0.0373482309	-0.0859003362	0.0329097334	0.010978485	-0.051445903	0.0078134767	-0.0291322347	0.0813528985	0.0214522977	0.0517999272	0.0420971034	-0.0334044591	0.0118665542	0.0762094992	-0.0504902856	-0.004533533	0.0621573105	0.0199119406	-0.091374423	-0.0346942005	-0.0618247597	0.0341680342	0.0241392868	0.0552214679	0.0201709539	-0.0912321969	0.0733526932	0.0170442873	-0.0471870168	-0.0894838202	-0.0901847978	0.0025335444594389	-0.0105501461143263	6.418847527953549e-06	0.0001113055830336	0.0574723525416089	0.0035078366681915	1.230491809070886e-05	0.0033030713066669	-0.1329320970060337	-0.0145651523485384	0.0002121436629361	0.0176709424144215	0.0013608435582595	0.0003777418578394	1.8518951900563772e-06	1.426889111639615e-07	0.0013456548015471	0.0003907577854031	1.526916468532132e-07	1.8107868449267648e-06	-0.0005139161144922	-0.0003039471537853	2.6410977273476e-07	9.238387229418481e-08	0.0	0.0	0.0	0.0	0.0	0.0	0.0	0.0	0.0	0.0	0.0	0.0	0.0	0.0	0.0	0.0	0.0	0.0	0.0	0.0	0.0	0.0	0.0	0.0	0.0	0.0
5652.834659545547	18.055465343144533	31954539.688159417	325.99982875749333	4272.474239590576	28.472250444828205	18254036.12796507	810.6690453930199	3928.3196937024913	3.261066564611156	10.634555138824805	15431695.615930837	3945.786604851832	6760.60357966885	1.123603	34.614281	0.0713147570242709	0.0454913556381332	-0.0318327455	-0.0145349699	0.0446993034	-0.0957677761	-0.0099383798	-0.0157168597	0.076885072	-0.0378497556	-0.046497269	0.0905335426	0.0324518068	-0.0250423132	0.0543605058	0.0911493764	0.0242099974	-0.02166994	-0.0505742991	0.0214439973	-0.0644571749	0.0252703024	0.0647578265	-0.0603908087	-0.0444809778	0.0168010846	0.0926877557	-0.1384568925	-0.083008248	0.0227913505	-0.1434469778	0.0201951561	-0.0220442498	-0.0132850681	0.0179333798	-0.0511509136	0.0802515633	-0.0020680388	0.0763967903	0.0120205714	-0.0362769545	0.0939141833	-0.1135855426	-0.1016837182	-0.1031618375	0.0275508634	0.0096110557	0.1012360367	0.0490772222	0.0674158591	-0.0509518618	-0.0524714809	-0.0498882695	-0.0197756309	-0.0190904103	-0.0404493726	-0.1404706522	-0.0220291513	-0.0008250479	-0.0482963846	-0.0486083669	-0.0954428081	0.0129241334	0.0184145106	-0.0744848298	-0.0636527387	-0.0307121001	-0.0136608919	0.1311925094	0.0974680784	-0.0954850278	0.2217943458	0.0486284884	0.1099939558	0.1127353879	-0.1109202411	-0.081256339	-0.0474457005	-0.0785452653	-0.1193409565	0.1436703583	-0.020806335	-0.1340699715	-0.0536033415	-0.1312734674	-0.0234589987	0.0096303079	-0.0334177879	-0.0882333276	0.0380534392	-0.0101444404	0.0342630662	-0.1000280953	-0.0283474638	0.047381527	0.0920121895	0.0367491029	0.0060137269	0.0473594849	0.0494791934	-0.1290010679	0.0795728523	-0.0009765872	-0.0030136223	0.0253536213	0.0147653286	-0.0041753229	0.1009890808	0.0362938769	-0.1060968566	-0.0245580523	-0.0205344237	-0.0653057786	-0.088951662	0.0096383802	-0.0890668429	0.0303925659	0.0074796552	-0.0601512988	0.0400643766	0.2092744631	-0.0661313772	-0.0205856669	0.0312725829	-0.0533475757	0.0629738533	-0.1140672765	-0.0951446493	-0.0273877138	0.0364688094	-0.0826470742	0.0032320854	0.0277858775	-0.0295532053	0.0293501417	-0.0270069376	-0.1110673268	0.2037794437	-0.0816928351	0.0169733018	-0.00673305	-0.0510465498	0.0320706659	-0.1308064178	0.0304219462	-0.1313352414	-0.1424862963	0.0153638262	0.0192280116	-0.0591707758	0.0336568956	0.0370388867	-0.0187944001	-0.0268908074	0.0540384156	0.0760174625	-0.066759166	0.0737834817	0.057134574	0.0454706291	0.0479172295	-0.025680302	-0.0342259631	0.0245155144	-0.0433091672	-0.041364859	0.0562874903	-0.0405167378	0.0128620094	-0.0982222158	0.0241569222	0.0724665061	0.0143398485	-0.0507185253	-0.0912601531	-0.0876876832	0.00658508314946	0.0040515386900211	4.336332008530203e-05	1.641496575673789e-05	0.0647375513600252	0.0072651988184162	5.278311387111751e-05	0.0041909505560919	-0.1006964559697252	0.0322356410363085	0.0010391365530217	0.0101397762448628	0.0008623303876465	-0.000498513170613	7.43613697458563e-07	2.485153812746261e-07	0.0012907800119545	-5.4874789592599966e-05	3.011242532832117e-09	1.666113039261259e-06	-0.0005120565051073	1.85960938489996e-06	2.622018644227024e-07	3.4581470644080077e-12	0.0	0.0	0.0	0.0	0.0	0.0	0.0	0.0	0.0	0.0	0.0	0.0	0.0	0.0	0.0	0.0	0.0	0.0	0.0	0.0	0.0	0.0	0.0	0.0	0.0	0.0
5656.033530882149	3.198871336601769	31990715.302463185	10.23277782813239	4248.132869532851	-24.341370057724816	18046632.877205417	592.5022962871022	3931.042293734164	2.722600031672755	7.4125509324644865	15453093.515126755	3951.921366094885	6816.760897229287	1.278583	39.388683	0.1303432578495229	0.0886814150350372	-0.050063011	0.0671288105	-0.0063853129	0.1320546057	-0.0213951825	-0.0039596507	-0.019542092	-0.0436429787	-0.0551361417	-0.0673176756	-0.0414542507	0.0587897716	-0.0964723463	0.0839454811	0.0548724425	-0.0285426297	0.0349768453	-0.0211965176	0.0940029448	0.0774391692	0.065678958	-0.1095277619	-0.0310146307	-0.0184277574	0.0054289773	-0.0560265513	0.0606216438	-0.1114715159	-0.0163223563	0.1770671492	-0.1194613366	-9.68011e-05	-0.0312978855	0.0508626402	0.0888233289	0.0040064033	-0.0338278697	-0.0039011722	-0.0510889086	0.0219638437	-0.0375946717	0.0491634589	0.0379217801	-0.0670310111	0.0041124955	-0.0300092592	0.0991674994	0.0433044385	0.0465027653	0.0844604124	-0.0633928209	0.0012817601	-0.1409872977	0.0298336038	0.0654970303	-0.0106421813	-0.1356777216	0.1121373635	0.07876506	-0.0691903392	-0.1251349553	-0.0495363995	-0.0944881175	-0.1915022444	0.0228046409	0.0191594405	0.0690515483	-0.0600537498	-0.0296978234	-0.029312847	0.0773074657	-0.1187538095	0.0081170313	0.0327843377	-0.0216469301	-0.1128283368	-0.031028678	0.0300565503	-0.077336038	0.0079475481	-0.0885743757	0.0141388358	0.0396769426	0.0681190908	0.0572762735	-0.0437669135	-0.0037671226	-0.0248524893	-0.0448937568	0.0669351966	0.0849440417	-0.1143642205	-0.0054802222	-0.019694806	-0.0547118554	-0.0315032519	-0.0261653877	-0.0757100153	-0.1120038344	0.0472272783	-0.0134925884	0.0103901691	-0.1103079386	0.1110454932	0.0035683129	0.1452604722	0.0062853006	0.0737104263	0.021818746	-0.0422311085	-0.0578671866	-0.0221390504	0.0137884417	0.0483779431	-0.0142978319	0.0264706297	0.0051796982	-0.0165582472	0.0549184162	-0.0452256331	-0.0819394582	0.0974133625	0.039966603	0.0309696924	-0.1744859251	-0.0297111641	0.0732214092	-0.0725630199	0.0175251004	-0.0042204343	-0.0629391662	0.0244867736	-0.1498908451	-0.1869456284	0.0088925671	0.0374212721	-0.0220308744	0.0006661271	-0.156592467	0.1330212117	-0.0579772064	0.0056536451	-0.0295911732	-0.0350466833	0.0279907603	0.0436792168	-0.0238613068	-0.0162644684	-0.048274397	-0.1106141032	-0.0521702478	-0.0477644197	-0.0441100767	0.0707197561	-0.0305305872	-0.0129819836	0.0066047293	-0.0735204822	0.1033091995	0.0871686204	0.0858029924	0.034617653	-0.0081712304	0.0182867949	0.0762666485	-0.0190374099	-0.0643257054	0.0997447673	0.0135098475	0.0715654069	0.011623607	-0.0541561147	-0.0927360906	-0.0847396439	0.0133966267516711	0.0068115436022111	0.0001794696083235	4.639712624482297e-05	0.0429571257438112	-0.0217804256162139	0.0004743869400234	0.0018453146521696	-0.183663316370243	-0.0829668604005178	0.006883499924719	0.0337322137801159	0.0009569599366032	9.462954895670002e-05	9.157723202636006e-07	8.954751535748486e-09	0.0014571971233063	0.0001664171113518	2.7694654950677414e-08	2.123423456172156e-06	-0.0006266984094104	-0.000114641904303	3.927508963575253e-07	1.314276622224112e-08	0.0	0.0	0.0	0.0	0.0	0.0	0.0	0.0	0.0	0.0	0.0	0.0	0.0	0.0	0.0	0.0	0.0	0.0	0.0	0.0	0.0	0.0	0.0	0.0	0.0	0.0
5654.449750247483	-1.5837806346653451	31972801.978073824	2.5083610987409632	4283.086321292493	34.95345175964212	18344828.435642865	1221.743789913629	3929.5427129962	-1.499580737964152	2.2487423896731107	15441305.933261536	3949.2652160806815	6777.719500838679	1.203133	37.064331	0.1127940261260118	0.0711115819720285	-0.011290337	0.0105118629	0.0014168855	0.0242977831	0.0993440461	0.0372391565	-0.1032091057	-0.0072755147	0.0139614647	0.0344919972	-0.0163674108	-0.0803171559	0.0162481434	-0.0357844119	0.0518199961	0.0284026407	0.0045518642	-0.0140067247	-0.0235423923	-0.0059346803	-0.0294808886	-0.008626193	0.0720374663	-0.0504196787	-0.0711114941	0.0534432766	0.049833569	-0.1494553882	0.0365571261	0.0680897397	0.0210919299	0.0483969434	-0.1096953805	-0.0110382154	0.0830885233	0.0925658592	0.1163994473	-0.0702118671	-0.0301288546	0.0232817681	-0.0679404125	0.0633972434	0.06461318	0.0346224616	-0.081648945	0.0067701387	-0.0630139924	-0.1481506547	-0.0417127035	0.0287384215	-0.1513722471	-0.0940968174	0.0334824298	-0.0309110542	-0.0618744371	0.020628867	-0.1683071639	0.018496003	0.0916662211	0.0342262717	-0.072663946	0.0080508673	-0.0112328748	-0.0161007411	0.0050307829	-0.0877028072	0.0012224572	0.0298920945	-0.0030999316	0.076094941	0.0278083417	-0.0584432555	0.0162424254	0.0541921076	0.0248696463	0.0115509338	0.0930502867	-0.1432754385	-0.0410251926	0.0065692201	0.0252170475	-0.0934314528	0.0399436719	-0.0597112503	0.0500669824	0.0625868635	0.0677922031	-0.0144833664	0.0097789863	0.0542502716	-0.0050508774	0.0767756068	0.0017445837	-0.0950599658	-0.0452160516	0.0273002195	-0.0509263405	-0.0442537804	-0.0145970376	0.002262402	0.0294788456	-0.0987696276	-0.131395601	0.1423343293	-0.0453510946	0.0575713973	-0.0493330257	0.0043401117	0.1030824949	0.0594944002	-0.0143290445	0.0230721588	0.0039089328	-0.0329004423	0.1014853913	-0.0617873891	-0.0107928483	-0.0030411335	0.0713628942	0.0457443314	0.0438525259	0.12126107	0.0171021091	0.0973766499	0.0873447844	0.0795634223	-0.0583328324	0.0294760217	0.0391870887	-0.1136146128	0.0084425025	-0.0322767078	-0.1254695924	-0.1558274849	0.0018623415	-0.058298248	0.0509759245	0.0867008237	0.0204992956	-0.0715856642	0.045625463	-0.0847969574	0.0388156517	0.0643053998	-0.0005082307	0.0418368861	-0.0046187369	0.0138559279	-0.0349857372	0.0249182705	0.0526493776	0.0142578382	-0.1331023704	-0.0083888744	0.0608369627	-0.0028657488	0.0581689242	-0.023970207	-0.0012626916	-0.0246902775	0.0319794993	-0.064210124	0.008061159	0.0323255027	-0.0025505595	-0.0162059023	-0.0515533241	0.0217832675	-0.0365104378	0.070649581	0.0088977982	-0.0574934194	-0.0939067741	-0.08135584	0.0134959146124202	9.928786074910044e-05	0.0001821397112257	9.858079292132765e-09	0.0634533184037593	0.0204961926599481	0.0004200939135537	0.0040263236164488	-0.2469550926022776	-0.0632917762320346	0.0040058489386059	0.0609868177621995	0.0009383282443731	-1.863169223010003e-05	8.804598941883041e-07	3.471399553571697e-10	0.0017618285535514	0.0003046314302451	9.280030829317527e-08	3.104039852109018e-06	-0.00037182614442	0.0002548722649903	1.382546816742427e-07	6.495987146133667e-08	0.0	0.0	0.0	0.0	0.0	0.0	0.0	0.0	0.0	0.0	0.0	0.0	0.0	0.0	0.0	0.0	0.0	0.0	0.0	0.0	0.0	0.0	0.0	0.0	0.0	0.0
5654.435549257984	-0.0142009894989314	31972641.38071244	0.0002016681027487	4272.490729445875	-10.595591846617936	18254177.03320095	112.26656658011647	3922.6085901208826	-6.934122875317371	48.08206004999964	15386858.151290135	3944.328279485486	6830.468657987134	1.022547	31.50111	0.2086996563540384	0.1072489041377301	-0.0183851961	0.0605666298	-0.0252604288	0.0533175735	0.1206778473	0.0587052835	0.0040420812	-0.0445077335	0.01105494	-0.0059169028	0.0001076947	-0.0497952076	-0.0379789566	-0.0833101709	0.0198960035	-0.0182912727	0.024756469	-0.0158607085	0.0339340802	-0.056613992	0.0452089148	0.0643371272	0.1152843052	-0.0098092458	-0.0629524149	0.0731877544	0.0378486816	0.0384047974	0.0150186202	0.0058476227	0.1043392215	-0.0689736153	-0.1173985	0.0400380025	0.1981801213	0.0426250055	0.0853423732	-0.0723452947	-0.0319493934	-0.0336717583	-0.0394848934	0.0967203744	0.0552063216	0.0515840977	0.0039334209	-0.0323943482	-0.0633189345	-0.0478453372	-0.0411674302	-0.0715684649	0.052973402	-0.1274093383	0.0113495123	0.1150199904	-0.0175480697	-0.1006193103	-0.0370980284	0.0896613649	0.0114507996	0.0026265885	0.0647262389	-0.0152804425	-0.069786033	-0.1031047133	0.1018832439	-0.0116951217	-0.040369224	-0.049629933	0.0010890796	0.0064573191	-0.0546498835	-0.0060292648	0.0529519056	-0.0649261142	-0.1346104033	-0.0753893061	0.0480798535	-0.0187353667	0.1047085992	-0.0111677223	0.1204419182	-0.0021865282	0.0263233857	0.0412566769	0.0291064282	-0.03304029	0.0043256086	-0.0008421607	-0.0121205447	-0.0068075495	0.0356839131	0.103714445	-0.0662904062	-0.048397378	0.016060985	0.0413930046	0.0060907057	0.042960082	0.0116119193	-0.0281712883	0.0554680906	-0.0740057732	-0.0902477313	0.0745840549	0.0131813303	-0.1017991654	-0.0300635831	0.0202964096	0.1263196351	0.0167366309	0.03928594	-0.0604185925	-0.2171597867	0.0416761203	0.0214754793	-0.0881425263	-0.1204467086	-0.0006596547	0.0708513565	0.1005129073	-0.0119461928	0.024207216	0.1858801743	0.0582764973	-0.0161058391	-0.0033508326	0.0231397635	-0.0309520184	0.0175402306	-0.0593435406	0.0068771429	0.0291381628	-0.1293727745	-0.0149342921	-0.0410547493	-0.0717830192	-0.0365342078	-0.0153440911	-0.066355978	-0.0504576343	-0.0068848921	-0.0034359206	0.0591175842	-0.0102574188	-0.1390091078	0.0368626654	-0.020305999	0.0129201304	-0.0565757676	0.0154038487	-0.0797100452	-0.0084321501	-0.0900396558	-0.0627637844	-0.0312000737	0.0036501286	0.0158173415	-0.0203109349	0.000812009	-0.0896877714	0.0084500519	-0.0246290581	0.0284362846	-0.0643415711	0.0570866567	-0.0495005851	0.0384762307	-0.0605310358	-0.0446541594	0.0697192167	0.0061646659	-0.0607242596	-0.0947683504	-0.0775536723	0.01731051558383	0.0038146009714097	0.000299653949778	1.4551180571080585e-05	0.1358466447384927	0.0723933263347334	0.0052407936978072	0.0184543108867062	-0.1846467172095174	0.0623083753927602	0.0038823336440851	0.0340944101762514	0.000248399720246	-0.0006899285241271	6.170242101829108e-08	4.760013684041985e-07	0.0012939241694369	-0.0004679043841145	2.1893451267356962e-07	1.6742397562529717e-06	-0.0006176603092811	-0.0002458341648611	3.815042576612241e-07	6.043443661295448e-08	0.0	0.0	0.0	0.0	0.0	0.0	0.0	0.0	0.0	0.0	0.0	0.0	0.0	0.0	0.0	0.0	0.0	0.0	0.0	0.0	0.0	0.0	0.0	0.0	0.0	0.0
5654.321274224578	-0.1142750334065567	31971349.07214865	0.0130587832600696	4279.698327522367	7.207598076492104	18315817.77459775	51.94947003225268	3925.060980125633	2.452390004750214	6.014216735398754	15406103.697704794	3939.0439224664506	6786.619584839237	1.4231	43.840725	0.2348874571391342	0.1291431316200448	-0.0244797471	-0.0730936532	0.0985582748	0.0077596595	-0.0594851891	0.083877879	-0.0233011069	0.0473220877	-0.0038827469	0.1921922043	-0.0146801869	-0.1285463833	-0.0188698244	-0.0080459347	-0.0158804172	-0.0075730802	-0.0746597403	-0.0762904885	0.009768516	0.0259141252	-0.0467397207	0.0070803998	0.027078938	-0.0070848429	-0.143862681	-0.060906256	-0.0412501527	0.1165310324	0.0317164325	-0.0200049592	0.0916564184	-0.1142962279	-0.055083881	-0.0413841063	0.0228366742	-0.1190885818	-0.0328838951	-0.0349933708	-0.0970144593	0.0860004547	0.0293419615	-0.0344288737	0.0628091497	-0.0297279105	0.0018014174	0.0247547124	0.0169613306	0.093772662	0.0445121987	0.1116671822	0.0798468234	0.0335755968	0.0044472662	-0.027409815	0.1518885546	-0.1778378615	0.0429413393	-0.0396068299	-0.0267222337	-0.0084056863	0.1353330566	0.1010932441	-0.0780508819	0.0043186048	0.0424467906	-0.041964779	-0.0941943173	0.0485616019	0.0009492949	0.0776077782	-0.050791896	-0.1417407779	-0.0966360058	-0.0558635477	0.0951157204	0.0542843241	0.0475376777	-0.0301494408	0.0173505734	0.0824082292	-0.1431236163	0.0269669519	0.0375945543	0.0241239224	-0.0403187051	0.0816919812	-0.0150093775	-0.0435311777	-0.0762569979	0.0098941222	0.0137160059	0.0894035726	0.1692803871	-0.0523118674	0.0741987297	0.0907417443	0.0754590537	0.0412523155	0.0369659343	-0.0241426343	-0.1051935287	-0.0503120623	0.0573138968	0.0582961999	0.040698925	-0.0826324154	2.8091e-06	0.1200102259	-0.0409614953	0.0551490147	0.1009362561	-0.0467992167	-0.1359556247	-0.0178851107	0.0150556959	0.0499671569	0.054722112	0.0955752963	0.1100676436	0.0160634374	-0.0260591705	-0.0146579831	-0.0487838893	-0.1226800313	-0.0367547288	0.0172622154	-0.0616015031	-0.1104136288	-0.1836798717	-0.1209551965	0.0733213352	-0.089085742	-0.026421593	0.0493558132	0.0085110504	-0.0375055332	0.045244618	-0.1780814439	-0.0948451172	-0.0265917452	-0.0710773691	0.0515916658	-0.0047759049	-0.0940574295	0.0466625619	0.004374717	0.0406329469	-0.0652710632	0.074169046	-0.0485087403	0.0723590427	-0.0324414642	-0.0350603788	-0.0503530469	0.021461275	-0.0218418325	-0.0615562614	-0.0339202774	-0.0052331225	-0.0035360088	-0.0065436382	-0.0837612599	0.0097251533	0.0224756293	-0.0523250741	0.1027675202	0.0297578987	-0.0381084837	-0.0014084347	0.0687745056	0.0034264595	-0.0638426524	-0.0953179834	-0.0733526932	0.0160935816499545	-0.0012169339338755	0.0002590033703237	1.4809281994177026e-06	0.0653757078327146	-0.0704709369057781	0.0049661529483781	0.0042739831746284	-0.0745997505826068	0.1100469666269105	0.0121103348637843	0.0055651227869871	0.0006581675427773	0.0004097678225312	4.33184514365509e-07	1.6790966838204297e-07	0.0018397631626678	0.0005458389932309	2.979402065313225e-07	3.384728494709425e-06	-0.0007251058869703	-0.0001074455776892	5.257785473189855e-07	1.154455216496592e-08	0.0	0.0	0.0	0.0	0.0	0.0	0.0	0.0	0.0	0.0	0.0	0.0	0.0	0.0	0.0	0.0	0.0	0.0	0.0	0.0	0.0	0.0	0.0	0.0	0.0	0.0
5663.272720070405	8.951445845827038	32072657.90189364	80.12838273077413	4288.054614743806	8.356287221438834	18387412.379025653	69.82753612718194	3928.831078243771	3.770098118138321	14.213639820390112	15435713.641374111	3946.26540422976	6770.555275885704	1.096909	33.791943	0.1047657185907436	0.0536790886333597	0.0032810632	-0.0451223269	0.0565294708	-0.0954829046	0.0054565667	0.0719608253	0.0391162868	0.0154039395	-0.0283997091	0.0735413415	0.1092437628	0.0245278001	0.0112698933	-0.1128320902	-0.0133210901	0.0159310043	-0.0741708496	0.008694741	-0.0790913842	0.0237103816	-0.0298097213	-0.0029410715	0.0826581668	0.0498922236	0.0225586628	-0.0469619062	-0.0697606393	0.0881129253	-0.0360104453	-0.0165154948	-0.0425476557	-0.1384267486	-0.0182816047	0.0510154943	-0.1172455129	-0.0368653298	0.0293426187	-0.0873252396	0.0306121949	0.0256318545	-0.0035529374	-0.0552652151	0.0766258171	0.0144188122	0.0154124819	-0.0390824489	-0.0286756115	0.124446475	-0.0018133175	-0.0310265432	0.028804927	0.0656932732	0.0340897243	0.0030240769	-0.0802342151	-0.0933609848	-0.1362423399	-0.0714721566	0.0891240551	-0.0656227388	-0.0550275135	-0.0760770465	-0.0832546962	-0.0285160515	-0.061047541	-0.0096025158	-0.0951292128	-0.0386207904	0.1454261026	0.0517132201	-0.0340773235	-0.0420941198	0.0456244098	-0.0694003275	-0.1318366506	0.1208664503	0.0102871953	0.0540340267	0.0528577264	-0.005512245	0.0030759605	-0.066430808	0.1022445019	-0.048266861	-0.0328920295	0.0277808894	-0.0982800337	0.0532282989	-0.0227538921	-0.0642321926	-0.0603214723	0.0891492846	0.0318228197	-0.0101703687	-0.0438078699	-0.0512191021	0.0989523382	0.0640038382	-0.0153601633	-0.0271669964	-0.0010879081	0.097179582	0.080593431	-0.0070416613	0.0008027906	-0.0695982856	-0.0708878763	0.0059245025	-0.030351935	0.0636645497	0.0526333527	-0.0093707183	-0.0394734838	-0.076484108	0.0532893704	0.0449051308	0.1268025282	-0.0186043343	-0.0166386971	0.0289365952	0.0432742163	-0.0294170863	-0.0878818225	0.0803378121	-0.017651163	-0.0364628833	-0.0609934754	0.0327462787	-0.0529223645	-0.0928136208	-0.1177907531	-0.0002429031	-0.0506023629	-0.0654962423	-0.008469382	0.0842221406	-0.1180543309	-0.0046357343	-0.0738296614	0.0460719927	0.0136187669	0.1028980445	-0.1553780521	-0.0033490347	0.0065469019	-0.0081205263	0.0313954596	-0.0467763589	0.0932972063	0.0543576513	-0.0099179701	-0.0157180297	0.0088083925	-0.1090962907	-0.0192528873	-0.0251953194	-0.0206539379	0.0834756974	-0.0187828965	-0.0623030116	-0.107365781	0.0534804061	-0.0184947518	-0.009847172	-0.0585981024	0.0092725935	-0.036712807	-0.0990928057	-0.0313977373	0.067815642	0.000685433	-0.0668428233	-0.0955538639	-0.0687745056	0.0157316895137995	-0.0003618921361549	0.0002474860549585	1.3096591821082873e-07	0.0896551694419542	0.0242794616092396	0.0005894922560345	0.0080380494076655	-0.0405605561801678	0.034039194402439	0.001158666755567	0.0016451587176445	0.0001006696123212	-0.0005574979304561	1.0134370844900704e-08	3.108039424628345e-07	0.0021129700077084	0.0002732068450406	7.464198017703843e-08	4.464642253475236e-06	-0.0006341072536088	9.099863336149998e-05	4.0209200907929515e-07	8.280751273660697e-09	0.0	0.0	0.0	0.0	0.0	0.0	0.0	0.0	0.0	0.0	0.0	0.0	0.0	0.0	0.0	0.0	0.0	0.0	0.0	0.0	0.0	0.0	0.0	0.0	0.0	0.0
5655.062506225953	-8.210213844451573	31979731.94932256	67.40761137162428	4296.155900512981	8.101285769174865	18456955.521512505	65.63083111383519	3922.8944634844806	-5.936614759290478	35.243394800225545	15389100.971637191	3942.844876834575	6814.428521516002	1.026532	31.623854	0.0630337370985731	0.0305152892374195	-0.0076366337	-0.0420011529	0.040607467	-0.0212023233	-0.1168420449	0.0003293134	0.0361065278	0.0035063571	0.042876486	0.0032777921	0.0182541322	0.1580604343	0.0228936091	0.0255090793	-0.0194317016	-0.0287509451	-0.0333599051	-0.0504994446	-0.0318801063	0.1395788588	0.002181583	0.087956261	-0.0027619003	0.0926553438	0.0085961422	-0.0405804982	0.0347961257	0.0822775504	-0.0492066299	-0.142856442	-0.0393191224	-0.06932191	0.1245432084	0.0250304343	-0.036494127	-0.026626887	-0.0071043079	0.0320017508	0.0118210403	-0.0063571578	0.0006318656	0.0611859511	0.1407690162	-0.1173113662	-0.0424252667	-0.1006777331	-0.0931307942	0.0539311031	0.0108802298	0.1415092289	-0.0141189316	0.0046818856	0.1161256509	0.1345464099	0.1198894832	0.0142774569	-0.0226082847	-0.0096273769	-0.0969882827	0.0035826755	-0.0335358471	-0.0009256742	0.0734840311	0.0319970931	-0.0706619278	0.1208195158	0.06649435	-0.0941163153	0.1400926618	-0.0062947448	0.0735639621	0.0097776957	0.0388135395	-0.0483740647	-0.0036600796	-0.1706386452	0.0400809677	0.0458285635	0.0403921067	0.0830894836	0.073253385	-0.1082490675	-0.0138552981	-0.0448452108	-0.0139921569	-0.0159756309	-0.0615658559	-0.0055703582	-0.0326690736	-0.1532697546	-0.0282135403	-0.0662239525	0.0343859597	-0.0180554577	-0.0126021786	-0.0323286897	0.0058181783	-0.0103127433	-0.0409989098	0.0083115016	0.0311789313	0.0610983766	0.0302658374	-0.1362933796	0.0143934877	-0.0557705171	-0.0391092887	0.0212685845	-0.1223592203	0.0219071071	0.133688233	0.0746377253	-0.1679701142	-0.0634600474	-0.0170470718	0.1539696591	-0.0364731994	-0.0550466181	-0.1599018859	0.0868913158	-0.0103244871	0.0351745071	-0.0112970128	-0.0035739382	-0.015077593	0.0240293378	-0.0914907767	-0.0461473712	0.1251974153	0.1108788137	0.0123301101	-0.0529925787	-0.0837460758	0.0048705377	0.0153499667	-0.093306652	-0.0499569065	0.1520369859	0.0259813868	0.0153018004	-0.0999662931	0.1080807422	-0.0276924189	-0.0915622915	-0.0150300083	-0.0102274205	0.0224641917	-0.0429147665	0.0916039412	-0.0612005533	-0.0675894681	0.0070914506	0.0903270577	-0.0382127164	-0.0282412631	-0.0458069476	-0.0774517191	-0.0712605818	0.0158676098	-0.0141927954	-0.0117452543	0.0518581243	-0.0089815783	-0.0684412692	-0.0720102401	-0.0321551288	-0.0070625922	0.0005303328	-0.023163247	0.0668428233	-0.0020561578	-0.0697192167	-0.0954752155	-0.0638426524	0.0317926463136188	0.0160609567998193	0.0010107723596228	0.0002579543333256	0.0725999746689751	-0.0170551947729791	0.0002908796687442	0.0052707563219358	-0.0398442694280731	0.0007162867520947	5.130667112263778e-07	0.0015875658062568	-0.000203935772519	-0.0003046053848402	4.158979931292132e-08	9.278444047364637e-08	0.002258053346732	0.0001450833390236	2.104917526223693e-08	5.098804916687586e-06	-0.000499770001999	0.0001343372516098	2.497700548980805e-07	1.8046497170074728e-08	0.0	0.0	0.0	0.0	0.0	0.0	0.0	0.0	0.0	0.0	0.0	0.0	0.0	0.0	0.0	0.0	0.0	0.0	0.0	0.0	0.0	0.0	0.0	0.0	0.0	0.0
5657.959859376669	2.8973531507153893	32012509.77031765	8.394655279960393	4273.999027868624	-22.156872644357463	18267067.69022194	490.9270053782761	3927.8632134844806	4.96875	24.6884765625	15428109.42384463	3947.5689524734257	6834.860968353839	0.967318	29.799698	0.1340725356815956	0.1070171000750124	-0.0156185898	-0.0146268073	0.0098514027	-0.0175688822	-0.0717604979	-0.0368379069	-0.0342826859	0.0053951758	0.0029001054	-0.0129125422	-0.0444155787	0.0212719011	0.0288690822	0.0427954346	0.0164734055	-0.0065167331	-0.0247593132	-0.0201901321	-0.0935328681	-0.0145988941	-0.0282228861	0.052811082	-0.0646614799	0.0880113767	-0.0597971005	0.0238114824	0.0350705973	0.0216396855	-0.0517667758	-0.0572272665	0.0470336089	-0.2502387122	-0.0440623616	0.0221001742	-0.0587681691	0.0038638578	0.1036338237	0.1584148378	0.0521317008	-0.022355405	0.1157255449	-0.0594306852	-0.1347102495	0.0505724988	0.0238031872	-0.0430490143	-0.0611269763	-0.1414169306	0.1474236409	0.0675896847	0.0439039077	-0.0005957057	0.0671048106	-0.0762981266	0.0498481369	0.0659225871	-0.0476764078	0.0157699465	-0.0501407385	-0.1396409726	-0.0993537507	-0.0181646106	0.089155846	-0.073253191	0.0555732343	-0.0449540868	-0.1123899833	0.04481213	-0.0431004326	0.0056994505	-0.0854725709	-0.0526809261	0.0924230945	-0.0094907249	0.0128533359	-0.2185007878	0.0004580963	0.1735310774	-0.110750636	0.0449310157	0.0001149478	-0.0901678681	-0.0987738975	0.0680864992	0.0225854143	0.0337982028	0.0199239998	-0.0393123351	-0.000630544	-0.0397855247	-0.0651711902	-0.058752246	0.0264855425	-0.0053399794	0.0662769558	-0.0264295496	-0.0158213818	-0.0001613125	-0.0498673539	0.0065004278	0.0168058637	0.0026574301	-0.0036738128	0.0104049756	0.1091992657	-0.1953096567	-0.0330439195	0.063665264	-0.0101169767	-0.0432322234	0.0804031413	0.1400318572	0.07649229	-0.138409243	-0.1134820906	-0.0477989115	-0.0299852286	-0.1001804352	-0.1276228017	-0.0110296321	-0.0188134059	0.0288582822	0.0494969431	0.0027610378	-0.0114841914	0.062512666	0.0274888885	0.0640756751	0.0486610876	-0.042699712	0.0096314793	-0.1931397281	0.0450420455	-0.0250415536	0.0369149496	0.2003948056	-0.0274758395	-0.1071488517	0.042001033	-0.0156126528	-0.0651097716	-0.0319959513	-0.0287831645	0.0683342746	0.0062031755	0.0118037424	0.0034055929	-0.0021275488	0.0402364881	-0.0212371034	0.0555053298	0.0630263076	0.0652264477	0.0255999803	-0.0046743046	-0.056101398	0.0170007595	-0.0192309844	-0.0110164923	0.0616988964	0.0342897902	-0.0414562792	-0.0057585901	0.023429326	-0.0616890567	0.0107713367	-0.0084585523	-0.0297823934	-0.0866694474	0.0658562496	-0.0047960562	-0.0724665061	-0.0950822971	-0.0585824951	0.0173248871147677	-0.014467759198851	0.0003001517135394	0.0002093160562359	0.0749900655628437	0.0023900908938686	5.712534480953611e-06	0.0056235099331195	-0.1423221375906678	-0.1024778681625947	0.0105017134631501	0.0202555908483769	8.105303497612409e-05	0.0002849888074951	6.569594478840793e-09	8.121862039749287e-08	0.0022579844488703	-6.889786170012277e-08	4.746915346849244e-15	5.0984937713401125e-06	-0.0004900913588302	9.678643168799956e-06	2.401895400000319e-07	9.367613358895804e-11	0.0	0.0	0.0	0.0	0.0	0.0	0.0	0.0	0.0	0.0	0.0	0.0	0.0	0.0	0.0	0.0	0.0	0.0	0.0	0.0	0.0	0.0	0.0	0.0	0.0	0.0
5657.720146996931	-0.2397123797372842	32009797.261734977	0.0574620249993119	4249.434102900414	-24.564924968210107	18057690.194893043	603.4355386937923	3927.220633247994	-0.6425802364865376	0.4129093603230946	15423061.902208775	3946.731121510322	6826.802740177069	0.955914	29.448359	0.1093041411077021	0.0559109300041565	-0.0390399325	0.0170596249	-0.0112537422	-0.0937420304	-0.0194264905	-0.0376461225	0.0181171778	-0.0431444549	-0.0694110066	-0.0269657322	0.0399324623	0.0147878178	0.019574987	0.082981896	0.0394296275	-0.0105523315	-0.017927156	0.0129243256	-0.1197753868	-0.03567081	0.0679763564	-0.0263116525	-0.0593470796	0.0190623552	0.0489422909	0.0150896684	0.0377901732	0.0380495114	-0.0898215271	0.0532282585	-0.0964722548	0.0012902748	0.0971177767	-0.0002480857	-0.0391937245	0.0208533925	-0.0535472579	0.0857361556	0.223412466	-0.0908499041	-0.0006095495	0.0880120448	-0.0198856564	0.0040506517	-0.0419903472	0.1399382417	-0.0447231559	-0.1179604982	-0.0808881839	-0.0516610509	-0.1079594983	0.0087966984	-0.0010742904	0.0617926596	0.0845541156	-0.0262254902	0.0295186605	0.013113903	-0.1581254634	-0.009141069	-0.1297731378	-0.1455700522	-0.1306338059	0.0468023538	0.0687674038	-0.0815258702	-0.0783634482	-0.0742814196	-0.0364647667	-0.0242318007	-0.0762982366	0.0325632321	-0.0313631395	0.0242237021	0.0468847986	-0.0318045086	0.0274602063	0.0106988217	-0.0302760153	-0.1307079876	-0.0164054051	-0.0417713973	-0.0385327292	-0.0282117087	0.0369537299	-0.02834135	-0.0366341081	0.0203985877	-0.0039367434	0.0431492781	-0.1159173576	-0.0409450118	-0.0381269556	0.0396730762	0.0138822746	-0.0405301579	0.0105545144	0.0415704402	-0.0530388153	-0.0218006934	0.0280866435	0.0131736394	0.015185959	-0.0075406736	-0.1034718083	-0.0109739594	0.0225975966	-0.0308549188	-0.0658446326	-0.0741527936	-0.0913858892	-0.0246099891	0.1346433496	0.0308969591	0.014303894	0.095404764	-0.1037754265	-0.0328220938	-0.110913939	0.0866919777	0.0527326466	0.0324416501	0.11396807	0.1070352535	0.0522263135	-0.0171537723	0.0016976535	0.1071467759	0.0149032069	0.0882789994	-0.0144626063	-0.0850047526	-0.0233600606	-0.0666390035	-0.0506382315	-0.0077049836	0.173990735	-0.0078194612	-0.1667635763	-0.0032036768	-0.0326726088	0.0825828823	-0.01879649	0.1205373323	-0.0070084891	0.0325283816	-0.0189994932	-0.0080901926	0.0156346977	0.056601207	0.0087962509	-0.0073134631	0.0757806408	0.0748139139	-0.0628822897	0.0168385577	0.036206131	0.0705928762	0.0006654084	0.039263462	-0.0265337983	0.0310315484	-0.0125783127	-0.0041164182	-0.0042436666	-0.0102347995	-0.0322844933	-0.0398591814	-0.0256584308	0.0648561241	-0.007532007	-0.0750796043	-0.0943764019	-0.0530210836	0.0065283152452764	-0.0107965718694913	4.2618899941708256e-05	0.000116565964133	0.092586406491506	0.0175963409286623	0.0003096312140777	0.0085722426670103	-0.1738927039481126	-0.0315705663574447	0.0009967006601298	0.0302386724863859	0.0006793311850645	0.0005982781500883	4.61490859001138e-07	3.579367448731693e-07	0.0024617756689364	0.000203791220066	4.153086137602957e-08	6.06033944416726e-06	-0.0006748352277178	-0.0001847438688875	4.554025845689349e-07	3.4130297091558704e-08	0.0	0.0	0.0	0.0	0.0	0.0	0.0	0.0	0.0	0.0	0.0	0.0	0.0	0.0	0.0	0.0	0.0	0.0	0.0	0.0	0.0	0.0	0.0	0.0	0.0	0.0
5659.013076704792	1.2929297078608215	32024429.00231584	1.671667229469069	4275.5974575641285	26.163354663714927	18280733.61912884	684.5211272593336	3927.09486611856	-0.1257671294342799	0.0158173708461389	15422074.08749475	3948.6425549918144	6753.186927786335	1.105414	34.053932	0.1346983958119202	0.0831839023230381	0.0164662384	0.0128783279	-0.0278088411	0.0108742988	0.006004901	0.0328714675	-0.019968946	-0.0153056068	-0.0061269225	-0.0396665046	-0.0455861953	-0.0142224949	-0.034223061	0.0502909294	0.0036436786	-0.0007609811	0.0534876323	0.0148577271	0.0248464194	0.0387860404	0.0485993304	-0.0424854893	0.0127758645	-0.0246313092	-0.0021466469	0.0854794881	0.1314469625	-0.087566362	-0.0741023223	-0.0574783762	-0.0801234854	0.0568154723	0.0848838105	-0.0294232694	-0.0403060369	0.0666071977	-0.0597067438	0.0291015726	0.1040714302	-0.0405260711	0.0549638788	-0.0421573033	0.0706632377	-0.0679268519	-0.0967750027	0.06199937	-0.0263832801	0.0496709898	-0.0632514924	0.0327315131	-0.0653380906	-0.0323078053	0.0779021529	0.0231314465	-0.1259716311	0.0405353714	-0.0187982491	0.0560743252	0.0153307207	0.1100872762	0.0382701748	-0.0165449332	0.084200515	0.0578662601	0.001262844	0.0295750486	-0.0815342822	-0.0789587325	0.0952428633	0.0984032603	0.0250415794	0.0221051372	-0.0910484803	-0.0109697639	-0.1168609472	0.1267425756	-0.0349500702	0.0338810687	-0.0301944691	0.0348988251	-0.1502001263	0.0012328347	-0.0238705426	0.0670693992	0.0105322175	-0.0299651404	0.0247115916	-0.0007845407	0.0122503299	0.0627406318	0.0484488271	-0.0763607852	-0.0260000912	-0.0677532674	-0.002697714	-0.0316385058	-0.1000419849	-0.0521731686	0.0336007695	-0.0039664509	0.0537841714	-0.0774673203	-0.0495520226	-0.075289425	-0.0967851128	0.0230201905	-0.0032618734	-0.008548236	-0.1426518303	-0.0159972859	-0.0415393816	0.0286423895	0.0835817262	0.0103092512	0.0144275551	0.0416204491	-0.0327634522	0.0200851489	-0.1362469308	-0.0286255928	0.0951218818	0.0374961169	-0.0977767641	0.0028652633	0.011548094	-0.0564209266	0.0409371366	0.0065459223	-0.1010534107	-0.0358803482	0.0143291546	0.0697374649	-0.0139494099	-0.0150445375	-0.0472632359	-0.0279717972	-0.0473371456	0.0821827909	0.0446460173	0.0866495806	-0.0276327326	0.0136652603	0.0356851741	-0.1011138231	0.0560468644	0.0001169436	-0.016743869	0.0240468155	0.0161725266	-0.0260255616	-0.0544892759	-0.0562698548	-0.0575220552	0.0721558604	-0.0417860705	-0.0543492758	0.0015717572	-0.0466316421	0.0051138312	0.0103766865	0.0390113621	0.0435314682	-0.0011760989	-0.0282030478	-0.0034436972	-0.0097875198	-0.0085478427	0.0386431263	0.0237373318	0.0638426524	-0.0102617584	-0.0775536723	-0.0933598536	-0.0471870168	0.0137778073810608	0.0072494921357844	0.0001898279762296	5.2555136226799874e-05	0.0976184033996361	0.00503199690813	2.532099288343084e-05	0.009529352682294	-0.1315821992707668	0.0423105046773457	0.0017901788060517	0.0173138751649317	-0.0005277664057573	-0.0012070975908218	2.78537379045979e-07	1.4570845937677936e-06	0.0024147714972302	-4.700417170619984e-05	2.209392157785917e-09	5.831121383835383e-06	-0.001022861507003	-0.0003480262792852	1.0462456625084483e-06	1.211222910731001e-07	0.0	0.0	0.0	0.0	0.0	0.0	0.0	0.0	0.0	0.0	0.0	0.0	0.0	0.0	0.0	0.0	0.0	0.0	0.0	0.0	0.0	0.0	0.0	0.0	0.0	0.0
5642.691826748289	-16.32124995650338	31839971.05165194	266.3832001426616	4279.779899221952	4.1824416578238015	18316515.985784262	17.49281822109991	3926.316625712627	-0.7782404059330474	0.6056581294268345	15415962.245347388	3946.130242394338	6728.060653778921	0.985646	30.364296	0.0328790610370339	0.0180442984678645	0.0097484439	-0.0192736527	0.0365013967	0.1160285348	-0.0293611953	0.1309201028	-0.0395034528	0.0259567821	-0.0107815548	0.0316210648	-0.012936585	-0.0890213826	-0.1276832923	-0.012843892	-0.0024156744	-0.0130646014	-0.0079158885	-0.0294688338	0.0741809737	0.0660345729	0.0011846935	-0.0337749134	0.0339324392	-0.0559838053	-0.1254121425	-0.01072103	0.0323301736	-0.0079259484	0.0391312934	-0.0334976295	0.0181388723	-0.1960369226	0.0206258081	-0.0418640081	0.0387805788	0.0271890162	0.0179665208	0.1619702284	0.0449374804	0.072176831	-0.0486399932	0.0960583667	0.0133852217	-0.0187607858	-0.1300484274	-0.051079078	-0.1019760039	0.0022352133	-0.0385985122	-0.0328953076	0.0316004195	0.0687789168	-0.0037958654	0.1026299543	-0.096465645	0.0975967257	0.1082000463	0.0780378954	0.0456321842	0.0590626036	-0.0416318848	-0.007152754	-0.0617051077	0.0408563557	-0.0804797839	0.0119565232	0.0284423437	-0.0080763477	-0.1719014238	-0.1791331409	-0.0643145561	0.0813380302	0.0762825415	0.0641127386	-0.0044132966	0.0943239612	-0.034546245	-0.0861469869	0.0723491966	0.0719459725	0.0107602241	0.0526017813	-0.1089343881	0.0498048762	-0.001700888	0.0164027016	-0.0053658597	-0.0285551752	-0.0600849856	0.0508227538	0.0931171966	0.0376580897	0.0580225734	-0.0697526357	-0.0191640051	0.0250295009	-0.0318039433	0.04432006	-0.0301151059	-0.0419003007	0.0975603498	-0.0414796923	0.0463157466	-0.0020222537	0.0630776172	-0.0281736387	-0.0093006197	-0.0003703918	-0.0035949504	-0.0400482711	0.0945672677	0.0892125087	0.003559976	-0.0773639888	-0.0700404272	0.0817159753	-0.1196104492	0.0246946314	-0.012445728	0.0712878033	-0.0210586387	0.1324202576	0.0130183291	-0.0376126782	-0.0179992048	-0.1450825911	0.0110855936	0.0284182032	0.0150434046	0.0731063886	0.0951302331	-0.0741691296	0.0395835276	0.1355961891	-0.0620436518	-0.148545202	-0.0034250048	-0.064894558	0.006695777	0.1115576714	0.0243740381	-0.1976218888	-0.00066476	-0.0189554143	0.0665326342	-0.0023858836	0.0052122149	0.0034283941	0.0366567092	-0.0917308693	-0.0040654133	-0.0577026602	-0.106957648	-0.0240524407	0.0346953978	-0.0632931095	-0.0615435299	-0.061249428	-0.0107048318	0.0614228145	0.0601901973	-0.0354559074	0.0058305034	-7.13484e-05	-0.0408240838	0.0235872921	-0.0041596926	-0.0158440207	-0.0164639904	0.0628160431	-0.0129830636	-0.0798841288	-0.0920359983	-0.0411102958	0.0140594679971854	0.0002816606161245	0.0001976686403638	7.933270267568863e-08	0.0859469977857116	-0.0116714056139244	0.0001362217090047	0.0073868864283771	-0.130642042318982	0.0009401569517848	8.838950939893153e-07	0.0170673432212746	-0.0005300101431125	-2.2437373551999814e-06	2.809107518021327e-07	5.034357319119807e-12	0.0025622089691947	0.0001474374719644	2.1737808139282684e-08	6.564914801821767e-06	-0.0007728259592187	0.0002500355477843	5.972599632423037e-07	6.251777515579499e-08	0.0	0.0	0.0	0.0	0.0	0.0	0.0	0.0	0.0	0.0	0.0	0.0	0.0	0.0	0.0	0.0	0.0	0.0	0.0	0.0	0.0	0.0	0.0	0.0	0.0	0.0
5644.191781824973	1.499955076684273	31856900.870020565	2.249865232070924	4269.174846139948	-10.605053082003906	18225853.866914053	112.46715087212054	3927.841255740604	1.5246300279773095	2.324496722210092	15427936.930297926	3946.261237896837	6652.599281218122	1.214616	37.418064	0.1492870245840326	0.1044909101546586	0.035834177	0.0027067804	-0.0423277603	-0.0059133071	0.1250730041	0.0993937407	-0.0588073186	-0.0040346305	0.0220711183	-0.0093794452	-0.0257575283	-0.0571905222	0.0581265176	-0.1450779034	0.0255218241	0.0414264312	0.0154687821	0.0228583932	-0.0276730035	-0.1015761921	-0.0959740245	0.0847439715	0.0954313793	-0.0579354423	-0.0501519546	0.0800875109	-0.0366534039	-0.0504416967	0.0738689451	0.0091860912	-0.042409677	-0.0052041147	-0.0703310845	-0.1041806326	-0.05943725	-0.0020746579	0.0408933886	-0.021390153	0.0754230834	0.0382363231	-0.0251053627	0.1027299033	-0.0788938878	0.0843939001	-0.1278599772	-0.0333094617	0.0076066962	0.0745310648	0.0652997835	-0.0431956346	0.0068862337	0.1199421333	0.012947922	0.0439879194	0.0628797266	0.0923345346	0.1561515675	-0.0078739576	-0.0738580523	0.0870544398	0.0458006218	0.1465022588	-0.1006846303	0.0124529295	0.0522751033	-0.0310568067	-0.0273733406	-0.0139903655	0.0492300035	0.0979295071	0.0280266467	-0.0214720622	0.0473583577	-0.0453257614	0.1068208945	0.0255532787	0.0844541555	0.0840437318	0.1350450887	0.1139576714	-0.1277008909	0.0517259415	-0.0251749177	0.0941014611	0.0283358084	0.0575842236	0.0835383911	-0.0047527977	0.060823538	-0.0231539255	-0.0377523452	0.1352079417	-0.0717263517	-0.0683025646	-0.0543868211	0.0262436116	-0.017291531	0.0183872917	0.079580099	-0.0491288519	0.0224607925	0.0676525	0.0402865136	0.0464122438	0.0435597958	-0.0433336291	0.0222571321	-0.1054896298	0.0653336949	0.0620742015	-0.0044914716	0.0501745885	0.115572678	0.0144687301	0.124890655	-0.0091848455	0.0500397681	0.0071525034	-0.0521275896	0.0646003591	0.0218339002	0.0427746438	0.0141289221	-0.0640167052	-0.0477435141	-0.1639208236	0.0738349964	0.0045138425	-0.1347576605	0.1247424366	0.1155345583	-0.0334184036	-0.0175493234	0.0643123544	0.1027652171	0.0080314445	-0.0636145504	-0.060332773	-0.031732893	0.0075629607	-0.0435468419	0.0159982181	-0.0453328814	-0.0747998372	-0.0369052807	0.0158272439	-0.0162498422	0.0720837372	-0.002229802	0.0785830458	0.0560998035	0.0490719331	-0.1010632221	-0.0779092038	0.0592405835	-0.0735326186	0.0064180614	0.0352126109	-0.0613253953	-0.0155156945	0.0003903656	-0.0253303506	-0.0103141954	0.0128617172	-0.0655136621	-0.0287376684	-0.0347127087	-0.0365506142	-0.0432781985	0.0617765075	-0.0156936827	-0.0820666583	-0.0904091936	-0.0348221695	0.014072459997223	1.2992000037599996e-05	0.0001980341303734	1.687920649769983e-10	0.1081144033416166	0.0221674055559049	0.0004913938690799	0.0116887242099137	-0.2268172853052021	-0.0961752429862201	0.0092496773634584	0.0514460809132214	-0.0003180617287414	0.000211948414371	1.011632632899679e-07	4.492213035442351e-08	0.0028541099835142	0.0002919010143194	8.520620216075283e-08	8.145943797995427e-06	-0.0006580477070719	0.0001147782521468	4.330267847825851e-07	1.3174047165874404e-08	0.0	0.0	0.0	0.0	0.0	0.0	0.0	0.0	0.0	0.0	0.0	0.0	0.0	0.0	0.0	0.0	0.0	0.0	0.0	0.0	0.0	0.0	0.0	0.0	0.0	0.0
5645.61763589347	1.4258540684968466	31872998.49071137	2.03305982464901	4290.284770742233	21.10992460228499	18406543.41406274	445.6289167141571	3925.69802701383	-2.143228726773941	4.593429375269049	15411104.99930028	3948.704752980773	6652.528693494087	0.990924	30.526896	0.1303022215467575	0.0937597523613783	0.0240753633	0.0193407283	-0.0521902701	-0.02976989	0.0633758425	0.0461507047	0.0866822649	-0.0577717071	0.0510054403	-0.0304776529	0.1110364836	0.0524304244	0.0518426039	-0.0424841447	-0.0065577883	-0.0218910125	0.0200179403	0.0808069534	-0.0375160805	-0.0513523471	-0.0101626838	0.1154855266	0.0965919111	-0.022311184	-0.0027308857	-0.013068148	0.0137208448	0.0737158968	-0.0145886117	0.0424794103	0.0808273885	0.0679690029	-0.08170696	0.0363533047	-0.0328390663	0.0047404499	-0.075807282	-0.0512119758	0.0455778012	-0.0093019192	-0.0152287177	0.060187998	0.0665492709	0.0647871687	-0.0226356263	0.01406253	0.0877832907	-0.032498993	0.0323779628	-0.0372395411	0.058381902	0.0674199801	-0.0065295319	-0.0609588642	-0.0525398108	-0.0224020407	0.0500930826	0.1081133587	0.058073222	0.1019532572	0.0691860379	0.0070532304	0.0249998568	-0.0432697215	-0.1727543768	-0.064378233	0.0724503936	0.0060309612	-0.1360362729	-0.018522903	0.03288963	-0.0569666973	-0.0583377258	-0.0355074908	-0.0076210832	0.0665553227	0.0114103189	0.1580987529	-0.0154562724	-0.0083692735	-0.0026365873	-0.0915416554	0.020734178	0.0159734305	0.0049689139	-0.0838915255	-0.0391895429	0.0561494474	0.050557259	-0.0551329416	-0.0264952268	0.07106287	-0.0772206649	0.0116599614	-0.0407087611	0.0430847396	0.0056009265	0.1217432309	-0.0150698756	-0.0495647595	-0.0715565401	-0.0404273722	-0.0286935439	-0.0146290071	0.0056289884	0.0420013393	-0.0139646544	0.0893777746	0.0028491314	0.0267149065	0.0206703243	0.0237279825	0.0514155668	0.0976015465	0.0249391958	-0.0129377397	0.0158870647	-0.0170994486	-0.0420185625	0.0336367821	0.0352384948	-0.0157593199	0.0106464776	0.0208830871	0.0292326818	-0.0979659009	0.0046973106	0.0531384817	0.0561050319	-0.1138833441	0.0045707181	0.1490109956	0.0557774013	0.0151146739	-0.0042007191	-0.1044662706	-0.0831014888	-0.0829111749	0.0915417552	-0.1453805196	0.1030448556	-0.1140471901	-0.0254185216	0.0311881091	0.1303248515	0.0053478287	-0.0248391549	0.049073161	0.0078727096	0.0667520902	-0.08372684	0.0330394958	-0.0073426478	-0.0883285652	-0.0186930906	-0.0337956492	0.0087052633	0.0799431471	-0.0273156002	0.000883945	-0.0100187781	0.0785277226	-0.0104324361	-0.0161241655	-0.0072478615	-0.0715841146	-0.0235090143	-0.0375424432	-0.0562092965	0.0607242596	-0.0183913846	-0.0840972192	-0.0884847944	-0.0283549738	0.0139151859354456	-0.0001572740617773	0.000193632399618	2.473513050796137e-08	0.1100761332880324	0.0019617299464158	3.848384382664546e-06	0.0121167551196446	-0.1476425872467928	0.0791746980584092	0.0062686328126402	0.0217983335689268	-0.0009336597803476	-0.0006155980516062	8.717205854387286e-07	3.789609611413496e-07	0.0025043210088215	-0.0003497889746927	1.223523268165703e-07	6.271623715224735e-06	-0.0006728310703761	-1.4783363304199967e-05	4.5270164926344834e-07	2.1854783058396616e-10	0.0	0.0	0.0	0.0	0.0	0.0	0.0	0.0	0.0	0.0	0.0	0.0	0.0	0.0	0.0	0.0	0.0	0.0	0.0	0.0	0.0	0.0	0.0	0.0	0.0	0.0
5650.799467941878	5.181832048408069	31931534.626892213	26.85138337790896	4296.595491288696	6.310720546463017	18460732.81576236	39.82519381555048	3924.768128959037	-0.9298980547932842	0.8647103923083339	15403804.86609262	3942.760355502507	6668.85207419082	1.065894	32.836483	0.0627130698130752	0.0270479187200774	0.0199487575	-0.0021615129	-0.019649818	0.0662251307	-0.0834344409	0.0038641022	-0.0237977437	-0.0018046896	0.0827724312	0.0106046817	0.0192934393	0.0867412705	-0.0173225758	0.0668217239	-0.0072339855	-0.0039011617	0.0044462618	0.015523185	0.0194678239	0.0542092292	0.0364355634	0.1346573855	-0.089542075	0.0337261135	-0.0019595488	-0.003053848	0.1416306542	0.0731140719	0.0229563119	0.0019095338	0.0947374003	0.06979106	0.0370361931	0.1792106868	-0.0251646963	-0.0668111927	0.0976603512	0.1207193611	0.0392643072	0.0613926031	0.0038576816	0.1686616763	0.0399114092	0.0510212878	-0.0833841147	-0.0031352331	0.1821321337	0.0286694845	0.0469556922	0.0290077154	-0.0311646685	0.0362476721	-0.0492026647	-0.0343174485	-0.0339576159	0.0442538802	-0.0912810839	0.0604936282	-0.0402227988	-0.0801138801	0.1906875811	-0.062452934	0.2021678208	-0.0392609987	0.0415407354	0.0658606837	0.0380989564	0.0792296541	0.075350726	0.1270838822	-0.050789496	0.0862515692	0.0631704252	0.0016456906	0.174851999	0.109368292	0.1924681849	0.0885797449	0.0224569708	-0.0612761724	0.0245533193	0.0299680361	-0.0430476044	-0.0213768495	0.0066812108	-0.0285544884	0.0003981373	-0.0001399567	0.0181706766	-0.1214672237	0.0238708457	-0.1142253871	-0.0118279269	0.0148609957	-0.0260033628	0.0555361943	0.0681508276	0.0655362877	0.0112932118	-0.0717505848	-0.0736671781	-0.1242464219	-0.0616286058	-0.0648223244	-0.0108328012	-0.1092177471	-0.044525458	-0.0295080821	0.06026592	-0.0618094502	0.0045680252	0.0697437181	0.0533727826	0.0060158962	-0.08717796	0.1123384156	-0.0529807148	-0.0438207462	-0.0088612467	0.189850748	0.0075507584	-0.0177299286	-0.0213627271	-0.1122115408	-0.0296034002	-0.0970771909	0.0359525359	-0.1175761941	-0.0646713317	-0.022803699	-0.102781261	0.0923860486	0.0938761568	-0.1644334691	-0.0608098364	0.0386881319	-0.0598828492	0.0534155185	0.1547574324	-0.0179188413	-0.0595630903	0.0275203594	0.1468544099	0.0460729099	-0.1000956172	-0.0035478603	-0.0133621476	0.0362351511	0.0359417927	-0.080259802	-0.0635647235	0.0510732038	0.0556169169	-0.0085561417	-0.0574351312	-0.1023908858	-0.0406161823	-0.0737498604	-0.023039468	0.0468057352	-0.0060509035	0.0255882442	0.0219500599	-0.0312323768	-0.0405013629	-0.0453575652	0.011225506	-0.0123828134	-0.0666004371	0.0596595157	-0.0210739489	-0.0859720514	-0.0862691351	-0.0217419657	0.020620841539042	0.0067056556035964	0.0004252191057782	4.49658170740438e-05	0.0933497376773431	-0.0167263956106892	0.0002797723101252	0.0087141735244287	-0.1328732252945883	0.0147693619522044	0.0002181340524752	0.0176552940001864	-0.0008474173947891	8.62423855585e-05	7.181162409911453e-07	7.437749066820969e-09	0.0028093302388683	0.0003050092300468	9.3030630413742e-08	7.89233639101982e-06	-0.0007718125877025	-9.898151732640008e-05	5.956946705360294e-07	9.797340772236442e-09	0.0	0.0	0.0	0.0	0.0	0.0	0.0	0.0	0.0	0.0	0.0	0.0	0.0	0.0	0.0	0.0	0.0	0.0	0.0	0.0	0.0	0.0	0.0	0.0	0.0	0.0
5654.125889978901	3.326422037022894	31969139.5797297	11.06508356839154	4258.491507393973	-38.10398389472357	18134749.91854659	1451.9135886493532	3927.000486763619	2.23235780458208	4.983421367678522	15421332.8230417	3943.558599093229	6642.081906511709	1.076723	33.170059	0.1155657144688259	0.0858429041177518	0.025547522	-0.0057266295	-0.0577541208	-0.0570071013	0.0252453747	-0.0139423978	-0.0334338834	0.0030449594	-0.0143374835	0.0120107861	-0.0575949345	0.0064068487	0.1393860872	0.0363727589	0.0024978716	0.012505628	0.0261713788	0.0320777212	-0.0817709772	-0.0820217323	-0.0439571205	0.0543847664	-0.0523049368	-0.0241693482	0.0600149615	0.0062640863	0.0136957886	0.0517094667	0.0258586633	0.0043269377	0.0486805829	-0.0022313691	-0.1098692626	0.0976677264	-0.0215321198	0.029449354	-0.0212454061	-0.0068731283	0.0151562568	0.0782455802	-0.0242564455	0.1100283524	-0.0804788425	-0.0291290588	0.0042907861	0.0705906777	-0.1137414344	-0.0579383711	0.0408490625	-0.1016396082	0.0125498502	0.0198630134	-0.1492777155	0.0544233773	-0.0253297273	0.0210374009	-0.0481327506	-0.0182588856	0.0382993584	-0.0984020064	0.0457615889	0.0033948106	0.1262394147	-0.0025449982	-0.0352654798	0.0531952961	-0.1121915767	-0.0532602935	-0.0173499952	-0.0740105392	-0.055184149	0.0995778647	0.0247818357	0.0357117769	0.0646232815	-0.0043568848	-0.0439618046	-0.0210743036	0.092671531	-0.0556593803	-0.0515096654	-0.0434433527	0.1076402967	-0.0078869456	0.006669598	0.0275595033	0.0561190886	-0.0171315144	0.0812430948	-0.0169949789	-0.0881461815	-0.0350056446	0.0026633172	0.0644274215	-0.042673219	0.0643690899	0.0472795013	0.0082745707	0.0349742955	-0.025839349	-0.0727149281	-0.0675277954	-0.0300324344	0.0082704419	-0.0105102449	-0.1102261293	-0.0542490523	0.0458138687	0.0039963559	-0.0500995082	-0.0593479732	0.0579104492	0.0139264854	0.1034946168	0.0108262197	-0.0330541406	-0.0195459021	-0.0495415536	-0.0203400688	-0.0210259074	-0.0437971612	0.1507522881	-0.0543199494	0.0948708429	0.0341648131	0.0107702778	0.0109024505	0.0495016336	-0.0121786988	0.0192164552	-0.0263614457	0.1176203166	0.0233470753	0.0126106881	0.1329860014	0.0155191782	0.0237868657	-0.0504575849	0.1657194202	0.0639324938	-0.0836909211	0.0300897868	0.0309507382	0.0767952174	-0.115064428	0.0102153192	-0.0232105574	0.0694945769	0.0198824669	0.0772559516	0.052147146	0.0925647461	0.02655585	0.0017149423	0.0087712978	-0.0588884882	0.0273138043	0.034414502	-0.052762673	0.0254681445	0.0300051008	0.0039278434	0.0202272389	0.0370784314	-0.0593227504	-0.0100926366	0.0024126326	0.0209322646	-0.0883455704	0.0585824951	-0.0237391677	-0.0876876832	-0.0837695089	-0.0150171519	0.0212145494926261	0.000593707953584	0.000450057110175	3.524891341490192e-07	0.0930430189805235	-0.0003067186968195	9.407635897871341e-08	0.00865700338101	-0.2083440922576755	-0.0754708669630871	0.00569585176016	0.0434072607786748	-0.0005247387121092	0.0003226786826799	2.753507159860219e-07	1.041215322560356e-07	0.0032702082979942	0.0004608780591259	2.1240858538365657e-07	1.0694262312270124e-05	-0.0007721442630034	-3.316753008999508e-07	5.962067628890638e-07	1.1000850522707293e-13	0.0	0.0	0.0	0.0	0.0	0.0	0.0	0.0	0.0	0.0	0.0	0.0	0.0	0.0	0.0	0.0	0.0	0.0	0.0	0.0	0.0	0.0	0.0	0.0	0.0	0.0
5671.140988658385	17.015098679484254	32161840.113241207	289.5135830725868	4283.041787784049	24.550280390076296	18344446.955904383	602.7162672313647	3933.977795674092	6.977308910472857	48.682839632163926	15476181.296856789	3951.316366038456	6729.493014004816	0.971667	29.933657	0.0977559747920084	0.0498946682947298	0.0182398977	0.0216228859	-0.114500838	-0.0644507312	0.0212311221	-0.068578542	0.0842801074	-0.0636766339	0.0280143972	0.0426573641	0.0079752815	0.0618386463	0.1009513168	0.0828255196	0.0183400775	0.0209948348	0.0640398837	0.0816532845	-0.0141714123	0.0218447046	0.0029935184	0.0146589476	-0.0189021832	-0.0325913925	0.1394806212	0.0013267616	-0.0668328073	0.0313060138	0.0547510741	0.1071623111	0.0067966805	0.069377832	-0.0824332278	-0.034070771	0.04474732	-0.0249174413	0.0185513702	0.1189106677	0.0470536053	0.0002889407	-0.0174021548	-0.1019035462	0.0264240225	-0.0791522946	0.0432042086	0.0502617112	-0.0219026372	-0.0945933056	0.0013725403	0.077094487	0.0892916472	0.0978953993	-0.0716822879	0.0589723454	0.0091215296	-0.052133436	-0.0625985982	-0.0872777869	0.072689023	-0.0371665738	0.1138702946	-0.0822673193	0.0244303517	0.0657794518	-0.0658765369	0.2303408243	0.0860568405	-0.0985214371	-0.0724641469	-0.0746452589	0.0392172832	-0.0387543334	-0.049543677	0.075359905	0.1659447149	0.0941449925	0.019334534	0.0746513003	0.1346407117	-0.0267396534	0.0545742231	0.0029327999	0.1062463628	0.0425737223	0.0172660156	-0.0674908995	-0.0250612407	0.0914642567	0.0672949012	-0.0190422233	-0.0470024678	-0.0647019728	0.0096688806	0.1043634744	-0.1058192415	0.0358751893	0.063031372	0.0356133131	0.0329909185	-0.0207030974	-0.0265925452	0.0471006399	-0.0221633487	0.0945575191	0.0279580239	0.0281260335	0.0419634825	0.0064110792	0.0762705455	0.0085682774	-0.0304625031	-0.0289817075	0.0288348667	-0.0059107196	-0.0434548527	0.033342137	-0.1469315426	0.0046475782	-0.0217615208	-0.1542060694	0.0487180788	0.0171684673	-0.0374513315	0.0553717133	-0.0035822764	0.0597325796	-0.146151389	-0.075814807	-0.0371713285	0.0503610938	-0.1604821789	-0.0008548494	0.0236299837	0.0787940635	-0.0587968123	-0.0756218648	0.0541922567	0.0328024101	0.0487679522	0.0042740082	-0.1239264938	-0.0496630761	0.0672874439	0.1406495953	-0.0594452426	0.0090440542	-0.033541752	0.0816383666	-0.0023522158	0.0788749293	-0.0825703323	0.0691243253	0.0622261264	0.03116557	-0.0636337562	-0.0168753577	0.0341831701	0.0642771548	-0.0127958194	-0.0002405022	0.0013198725	0.0916294676	0.0038437497	0.0700882231	-0.0297119987	-0.0100991008	-0.0390177395	0.0293050868	-0.0898193656	0.0574934194	-0.0263848473	-0.0892409375	-0.0809941435	-0.0082151139	0.0160678360695953	-0.0051467134230307	0.0002581753559593	2.64886590588054e-05	0.1176935906697878	0.0246505716892642	0.0006076506846075	0.0138517812847475	-0.1826674149133822	0.0256766773442932	0.0006592917594429	0.0333673844711377	-0.0010668593894755	-0.0005421206773663	1.138188956912037e-06	2.938948288280961e-07	0.0029679164065867	-0.0003022918914075	9.138038761072377e-08	8.808527796486511e-06	-0.0007709165850688	1.2276779345999711e-06	5.943123811341404e-07	1.507193111103651e-12	0.0	0.0	0.0	0.0	0.0	0.0	0.0	0.0	0.0	0.0	0.0	0.0	0.0	0.0	0.0	0.0	0.0	0.0	0.0	0.0	0.0	0.0	0.0	0.0	0.0	0.0
5675.639080907175	4.498092248790272	32212878.976720847	20.23283387862712	4261.500903806306	-21.54088397774285	18160389.953141965	464.0096825425787	3930.939754209776	-3.0380414643159384	9.229695938902932	15452287.351226812	3948.621145134885	6791.3787722076095	1.095837	33.758907	0.0637230989844155	0.030884323349431	0.0174196313	0.0075216066	-0.0807600067	0.0723007386	-0.0951008248	-0.0563082554	0.0059309789	-0.0301918012	-0.035798299	-0.0155936544	-0.0381154945	0.0570632699	-0.0278349512	0.0939997186	0.0003905529	0.0032102365	0.0269741439	0.0200321139	0.0566239543	0.1464493901	0.0252550974	-0.0562055286	-0.0470201521	-0.0313822955	0.0827781377	-0.0207127414	0.0297250477	0.0080662274	-0.0183295262	-0.1037396259	0.0272890683	-0.1091955891	0.1501171857	0.0135924598	0.0258178772	-0.0944236457	0.0351423274	0.1343925722	0.0355690044	0.0687084787	-0.0524716769	0.0867473227	-0.0211282588	0.0248437573	-0.0031259944	-0.0095390296	0.0118684285	-0.0476456116	-0.0109055468	0.0363881274	0.0323364449	0.0472185273	-0.1080961995	0.0738881297	-0.1590279239	-0.0748242834	0.1181301536	-0.1772077095	0.1634857563	0.010744702	0.0306612177	0.0272119501	0.0658576577	0.0318406403	-0.0680718947	0.03010531	-0.073364449	-0.0357734589	-0.0180126646	-0.0005093325	0.0672385381	-0.0706371692	-0.0275001143	0.0094683901	0.0284056686	0.0164223339	-0.0667853195	-0.0451143112	-0.1841826263	0.0969280098	-0.0075702494	0.0564907051	0.1044431341	-0.1992387469	0.0068391714	-0.0360255985	-0.0346436606	0.0314527381	-0.0132517739	0.0321286251	0.0634690564	-0.1225003525	0.0951599462	0.0810454747	-0.0715959635	0.008188264	-0.0197008396	-0.0369388892	-0.0361454536	-0.0762127136	0.0958399089	-0.0291560849	-0.021932723	-0.0369060435	0.0548343376	0.0237048046	0.0647504423	-0.0394422472	-0.03511334	-0.0109961218	0.0802431665	0.0530520543	0.0333030754	-0.1231756895	-0.1095214606	-0.0007420568	-0.0886037826	-0.0905558377	0.1353030843	0.0570097674	0.0260973836	0.0897210492	-0.0152702735	0.0600003666	0.0487483395	-0.0846092613	-0.0538630742	-0.1254099699	-0.0390011412	-0.0263598894	-0.0167205202	0.1609081954	-0.0724080329	0.2194655103	0.0344759545	0.0968085633	0.1425442168	-0.0046120558	0.0680829939	-0.0357737934	0.1055483631	0.0671032366	-0.153902367	0.0724557898	0.0410101872	0.0022789911	-0.0289651611	0.0629107473	0.0075888447	-0.0935687304	-0.0958478808	-0.0036484293	0.0145353085	0.1154298846	-0.030490216	-0.0346986491	-0.043148407	-0.0635109941	-0.0126796747	0.0190434236	0.0250398411	0.0729493947	-0.0217110793	0.0026225187	0.0208460431	0.0219057065	-0.0958298099	-0.0318240118	0.0255921814	0.0563925126	-0.0290088101	-0.0906289382	-0.0779521747	-0.0013708306	0.0260743399339986	0.0100065038644032	0.0006798712029937	0.0001001301195883	0.0934163837691528	-0.0242772069006349	0.0005893827748962	0.0087266207565056	-0.179089233071565	0.0035781818418172	1.2803385293110424e-05	0.0320729534021613	-0.0008522418169454	0.0002146175725301	7.263161145503967e-07	4.606070243871278e-08	0.0032703322407032	0.0003024158341164	9.145533672437828e-08	1.0695072964582811e-05	-0.0007711073059734	-1.9072090459996887e-07	5.946064773255547e-07	3.6374463451430416e-14	0.0	0.0	0.0	0.0	0.0	0.0	0.0	0.0	0.0	0.0	0.0	0.0	0.0	0.0	0.0	0.0	0.0	0.0	0.0	0.0	0.0	0.0	0.0	0.0	0.0	0.0
5678.815211890801	3.176130983625626	32248942.210802365	10.087808025146686	4279.8547000214985	18.353796215192236	18317156.25329611	336.86183550880475	3935.716712547509	4.776958337733049	22.81933096043729	15489866.04142577	3954.443904359396	6880.147113262164	1.203504	37.075756	0.21189510962843	0.0987385232366761	-0.0429987863	-0.0200855171	0.0001217057	-0.0119871347	-0.0416115014	-0.0862033662	-0.1030148971	0.0206405221	-0.0224175744	0.0274830138	-0.0890377679	-0.0711400274	0.0023918636	0.0144748942	0.0407617259	0.0449769504	-0.0049510304	0.0056697793	-0.0310372602	-0.0388126046	-0.0492935266	-0.0952771164	-0.0952537213	-0.0680015026	-0.063999019	-0.019168613	0.0009768837	-0.1120891141	0.0240444621	0.0230939951	0.0720190197	-0.0339376607	0.0320838931	0.0385850895	0.1501558778	0.1010829945	0.0648425201	0.0151478256	0.0215090311	-0.0370475971	0.0395333381	-0.043752262	-0.0296388776	-0.0874514995	0.0209522518	-0.1616665491	0.053648395	0.0231012749	-0.0787929733	-0.0688903759	-0.0110149536	0.0637033484	-0.0193964342	-0.055362924	-0.0082084397	0.1151957387	0.0874884895	0.0231718986	0.0155443323	0.0864641195	0.0473973932	0.0470155145	-0.033375506	0.0582028873	0.0906026876	0.1033147986	-0.1497309628	-0.1746071077	-0.1407183067	0.1008224998	-0.0890215686	-0.0186582268	0.12235078	0.0105520878	-0.065080672	0.00519049	0.0589015317	0.0234738657	-0.0980277072	0.056857022	0.0175225164	-0.0132598638	-0.015976182	0.0776499521	0.0272572301	0.0934918111	0.0943195413	-0.0359421715	0.0262858604	0.1053452809	-0.0420348657	-0.0214715321	0.0578443653	-0.025016512	0.037000612	0.0165997173	-0.036720152	-0.0553257636	-0.0256038888	0.0603019645	0.0067219652	-0.046516304	-0.048221585	0.0570299118	-0.0141582976	0.0102957211	-0.1066960834	-0.0108821893	0.0362287681	0.1082012102	-0.0243882161	-0.0483480269	0.0526310624	-0.0349416361	-0.0811462326	-0.0436759596	-0.0030055873	-0.0992311949	0.0309904715	0.0393969266	-0.0478909918	0.0491285127	0.0206867871	-0.154092587	0.074997199	0.0342588082	0.1151621421	0.0420013274	0.0181147366	0.1584176487	-0.0387358992	0.078075852	-0.0495679663	0.096833671	-0.0281503228	-0.0062715686	-0.1433391738	-0.0632595863	-0.0432578556	-0.0478811861	-0.0890986038	-0.1255560764	0.0230338653	-0.0019479214	0.1097724742	0.024152731	-0.00628976	-0.004402971	-0.0137327769	-0.0070154815	0.1121127339	0.011996705	-0.057274619	0.0934981689	-0.0309126668	0.0399060851	0.0643916935	-0.0041765735	0.0032475675	0.0694349289	-0.0030490095	-0.0341524449	-0.0493399492	0.0438937413	0.0134550178	0.0601118219	-0.0533577498	0.0170244764	0.0587589326	0.0552800014	-0.0316088963	-0.091849115	-0.0746536153	0.005480502	-0.0043294572321315	-0.0304037971661301	1.874419992485575e-05	0.0009243908821191	0.0815067628694521	-0.0119096208997006	0.0001418390699745	0.006643352393457	-0.1942251881830543	-0.0151359551114892	0.000229097137137	0.0377234237247428	0.0002689803310436	0.001121222147989	7.235041848832466e-08	1.257139105141067e-06	0.0020063032849493	-0.0012640289557539	1.597769200984295e-06	4.025252871198352e-06	-0.0014747709312527	-0.0007036636252793	2.174949299667956e-06	4.951424975412072e-07	0.0	0.0	0.0	0.0	0.0	0.0	0.0	0.0	0.0	0.0	0.0	0.0	0.0	0.0	0.0	0.0	0.0	0.0	0.0	0.0	0.0	0.0	0.0	0.0	0.0	0.0
5676.456308838375	-2.3589030524262853	32222156.226150986	5.564423610746046	4253.643379443703	-26.21132057779505	18093481.99948525	687.0333264319422	3933.930844066723	-1.785868480786121	3.189326230665328	15475811.885899518	3951.666355481833	6987.614699385158	1.270955	39.153679	0.1722425978627647	0.1139230396971692	-0.1074068088	0.0185416297	-0.0019079523	-0.1155691159	-0.0021190739	-0.0596423405	0.0053743564	-0.0497607299	-0.0776884182	-0.0369725913	0.1033563285	-0.0417292379	0.0147499656	0.0592476481	0.0648624036	0.0003485004	-0.0052568041	-0.0174010261	-0.0668000825	-0.0500059138	0.0340978655	-0.0917549154	-0.0518386012	-0.0422213532	0.0968023603	-0.0401546174	-0.1358158874	0.0916852923	0.0568634075	0.125997223	0.0550721405	-0.1015178751	0.1955508531	0.0559544355	0.1743517386	0.020733783	-0.1405323538	0.1132453379	0.0908909496	-0.0870262716	-0.0285972909	0.0675533098	-0.0384250706	0.026973932	0.037333677	-0.0009469807	-0.0030014373	-0.0160974704	0.0075359883	0.0275305852	-0.0252524893	-0.0895673489	0.1294001095	-0.1295707819	0.0261955227	0.0886744599	-0.0202699026	0.0043724062	0.0475209857	0.1173750234	-0.1204403697	-0.0284109941	-0.0344295856	-0.0650654348	-0.0757673684	-0.0197969162	0.0383201879	0.0457732489	0.0992984857	-0.0079635958	0.0192217942	-0.0511677231	-0.0219024035	-0.0333312737	0.0898991445	0.0680714657	-0.0125685498	0.0771654488	0.1135393043	-0.0721994724	-0.0582753508	0.104066068	0.071392343	-0.0063759686	0.0496747027	-0.0208687601	-0.0311759063	0.0386102362	-0.0565973245	0.0986303615	-0.0918636125	0.0141170103	0.004840683	0.1024542984	0.0060283993	0.0428676685	0.0809958238	-0.0207289631	0.0241131144	0.0633062732	-0.0157279536	0.0593218678	0.0024064859	0.0110548174	-0.0660749342	0.1035456263	0.003854355	0.0981786716	-0.0423630992	-0.1513135207	-0.0063970374	-0.1487290085	0.120148748	0.1007726986	-0.173895828	-0.0165946599	-0.0313060663	-0.0946465629	0.0640034825	0.2279754118	-0.0803502433	-0.0454608375	0.022896232	0.0131850295	0.0946052555	0.0231190359	0.0276508271	0.03115	0.0412106393	-0.0236619781	0.0549789417	-0.1431137507	-0.0426337232	0.0313876994	-0.0644437395	-0.0485084686	-0.0542453117	0.0234063352	-0.0795189134	0.0170545604	-0.0639432334	-0.0004648783	-0.0578465714	-0.0093427161	0.0088791383	0.0721140471	-0.0313196827	-0.0393743454	-0.0165770645	0.0684492311	0.0620335793	-0.0883352786	0.0468157749	0.0755846858	-0.0510211595	0.0704354102	-0.0256481712	0.1204870671	0.0188918432	0.0464397369	-0.1492089785	0.0485476589	0.0288514357	0.0347621502	0.0469226937	0.0577660767	-0.0060500211	0.0025865924	0.138480216	0.0541561147	-0.0341829659	-0.0928992083	-0.0711093231	0.0123036518	-0.0004693909044419	0.0038600663276896	2.203278211727849e-07	1.4900112054163074e-05	0.104952280918539	0.0234455180490869	0.00054969231659	0.0110149812700039	-0.2012450765519275	-0.0070198883688732	4.92788327114414e-05	0.0404995808363911	0.0022098067752622	0.0019408264442186	4.883245983994723e-06	3.7668072865782144e-06	0.0026890263018628	0.0006827230169135	4.661107178234715e-07	7.230862452109927e-06	-0.0013399778900425	0.0001347930412102	1.7955407458027502e-06	1.816916395869467e-08	0.0	0.0	0.0	0.0	0.0	0.0	0.0	0.0	0.0	0.0	0.0	0.0	0.0	0.0	0.0	0.0	0.0	0.0	0.0	0.0	0.0	0.0	0.0	0.0	0.0	0.0
5684.315253636668	7.858944798293123	32311439.902726498	61.76301334261854	4274.487434047725	20.84405460402195	18271242.82383191	434.4746123354486	3934.1499337521113	0.2190896853885533	0.0480002902436552	15477535.701241745	3954.873531735585	6878.487690288715	1.373685	42.318424	0.1593209726260351	0.124602450693301	-0.0175516094	0.0532939587	-0.0741127144	0.0279675185	-0.046158348	-0.0991833447	0.0047486223	-0.034715086	-0.0091309113	-0.0413813149	-0.0560699055	0.0130917226	-0.0912732993	0.0847194921	0.0434745761	0.0074181256	0.0479698861	0.0057150558	0.079525297	0.0486173317	0.0665508108	-0.092665263	-0.0724221917	-0.0426107667	0.0690602585	0.047169712	0.0234225782	-0.0890131432	0.0831351783	0.0191372502	0.1239055124	0.101631284	-0.0067725122	-0.0334405636	0.0261605315	0.0351332794	0.0338325018	-0.047776199	0.0662298452	-0.096986251	-0.1238765467	-0.0189899385	0.0211383155	0.0423418516	-0.0599235126	0.110960794	0.0628775675	0.0437179652	-0.0471113962	-0.0293513013	0.0274517343	0.0272493337	0.0328482708	-0.0476774498	0.0534429233	-0.0613327142	0.1025774054	-0.0082702651	0.0226956491	-0.0677989306	0.0654563244	-0.0153256346	0.1291472725	-0.0798410586	-0.0914199408	-0.1242885825	0.1219320734	-0.081108704	-0.0542721766	-0.0677599523	0.0333993888	-0.0731831117	0.0302670119	-0.0735257734	0.0257295144	0.2268389041	-0.0291326196	-0.0299116303	0.0095835796	0.0882525857	0.1223592725	-0.0979883099	-0.1161412862	-0.0068233958	0.0429101494	-0.0373592923	0.0170327085	0.0068422617	-0.022095697	0.0882008687	0.1082609492	-0.1133420702	0.0064608329	-0.0102273694	-0.0145053676	-0.0214758894	-0.0057916806	-0.0984519117	0.0874224216	0.0091384239	-0.0548331572	-0.0654112244	-0.0162739009	0.0876767101	0.0139287006	0.0734063912	-0.0496786038	-0.0226461601	-0.0317929268	0.0064329005	-0.1016315715	-0.1019616679	0.0601333705	0.0777846525	0.0985893716	0.0666737451	-0.0671458196	-0.0072756604	0.0322469535	0.0941438909	0.0328518154	-0.0682441041	-0.0116144715	0.0143267892	-0.0149467012	0.0942405332	0.009037805	0.0125968613	-0.0373173773	-0.1102000245	0.0838564153	0.0862132612	-0.0857115549	0.1225594115	-0.0537371164	0.0075424823	-0.0467580284	-0.0198000941	0.079381713	-0.0303403644	-0.0339509705	-0.1498463698	0.0929241734	0.1144885667	0.0871584132	0.0258431744	-0.0375312582	0.0341763663	-0.0456979386	-0.0624994825	-0.0665748529	-0.030460277	-0.0053050492	0.1117783626	-0.0438196157	0.0228506284	0.0065686227	-0.0663579422	-0.0001288463	0.0290552509	-0.0089552018	0.0739532857	-0.0376391281	-0.0540978209	0.0080980738	0.059672523	-0.0891300082	0.0649311536	0.0595854182	0.0530210836	-0.0367289002	-0.0937772737	-0.0673309646	0.0190635313	0.0071279781326012	0.0075973690370431	5.080807225884089e-05	5.77200162850212e-05	0.092803460084653	-0.012148820833886	0.0001475938476538	0.0086124822036837	-0.1984948946809765	0.0027501818709509	7.563500323307522e-06	0.0394002232144119	-0.0001265959538946	-0.0023364027291567	1.6026535542483686e-08	5.458777712811341e-06	0.0025100732187057	-0.0001789530831571	3.202420597143197e-08	6.3004675632635935e-06	-0.0011188416846733	0.0002211362053691	1.251806715362588e-06	4.890122132508899e-08	0.0	0.0	0.0	0.0	0.0	0.0	0.0	0.0	0.0	0.0	0.0	0.0	0.0	0.0	0.0	0.0	0.0	0.0	0.0	0.0	0.0	0.0	0.0	0.0	0.0	0.0
5682.139449939536	-2.175803697132324	32286708.728559166	4.734121728454688	4271.845669677163	-2.6417643705626688	18248665.425539527	6.978918989574374	3934.7519846653295	0.602050913218136	0.3624653021067915	15482273.18082775	3951.072336023291	6937.933916953196	1.059967	32.653866	0.120256154941601	0.0936514223001644	-0.0478340122	0.0118303006	-0.0574920896	-0.0152132347	0.0019226569	-0.0813911365	-0.0640979512	-0.023310011	-0.002774728	-0.0438239237	-0.1385119268	-0.071434837	0.0670722119	-0.0319951835	0.0622262984	0.0268956705	0.0392784141	0.037112212	-0.0251276075	-0.0575474121	-0.0504162343	-0.0431085933	-0.0437243273	-0.0486144962	-0.037752142	-0.0036713112	-0.0621866649	-0.0553193097	0.0659824742	-0.0153020732	0.0408291981	-0.0377662836	-0.0866863988	0.0597810954	0.0295077975	0.0939838975	-0.0549997148	-0.0418488575	0.0887124316	-0.1052907467	-0.0354139324	-0.0415932302	-0.0884761276	0.0946447208	-0.0889021523	0.0509161566	-0.0548572687	0.0307357558	-0.1820856577	0.1426061609	0.015569388	-0.2048372484	-0.0058490331	-0.0552921858	-0.0011498879	0.0504533428	0.0396920493	0.0032698889	0.018608814	0.0368526527	0.1050552792	0.0572988746	-0.0027461232	0.0368185033	0.0589184866	-0.0953443322	0.1527993318	0.1490898445	0.1718191492	-0.0761669654	0.06890943	0.0131085337	0.0945905311	0.0669943901	-0.1078924814	-0.0072339546	-0.0122981175	0.028637808	-0.1574272854	-0.1486996554	0.0275001143	-0.0469648432	-0.0175736888	-0.0330763381	0.0579281368	0.061816107	0.1096857142	-0.0343270433	0.0642224479	0.0782623926	-0.0242114742	0.0418273497	0.0332678765	0.0074908343	0.048545922	0.0264618704	-0.0145411744	-0.0566900732	-0.0165355283	-0.0230968183	0.1088096939	0.0913821029	0.0716272221	0.0182462302	0.0343875028	0.0136305113	0.0678836831	-0.0528645946	0.1329959303	0.0666702482	0.0221224494	-0.0085507725	0.0518362176	0.0108075684	0.0277034006	-0.1569174324	-0.0972533313	-0.1292711428	-0.0556431154	0.148239922	0.0190624876	0.0037670726	-0.1522032904	-0.0553930745	-0.1560922488	0.1231952202	0.0423271365	0.0497848716	0.03381228	-0.0865381229	0.0313600797	0.0183900106	0.111532562	0.0042383023	-0.0108600697	-0.0448560012	0.0554308641	0.1987405256	-0.0147083825	0.0114509719	0.2186872355	0.0149671948	0.1323136106	-0.0262560848	0.0598834801	0.0517002139	-0.0281138222	0.044934684	-0.0525164333	0.0184718904	0.1037260261	0.0166955877	-0.0439992445	0.0898701335	0.0281166042	0.0336442632	0.0342974032	0.0101603859	-0.0398186241	0.0266645156	0.0320960206	0.0148350985	0.0137908453	0.0230871624	-0.0304970989	0.0877153837	-0.0705977478	0.0166929868	0.0303029923	0.0518751419	-0.0392446037	-0.0944816852	-0.0633309768	0.0257253786	0.0096337623886455	0.0025057842560443	9.280937776088064e-05	6.278954737839486e-06	0.0926424341360103	-0.0001610259486427	2.5929356136281865e-08	0.008582620602645	-0.2843108728239656	-0.0858159781429891	0.0073643821046379	0.0808326724059251	0.0002790563256055	0.0004056522795001	7.787243286044283e-08	1.6455377186362724e-07	0.0027118450686218	0.0002017718499161	4.0711879418565214e-08	7.354103676208376e-06	-0.0011468848871356	-2.804320246229991e-05	1.315344944340038e-06	7.864212043415437e-10	0.0	0.0	0.0	0.0	0.0	0.0	0.0	0.0	0.0	0.0	0.0	0.0	0.0	0.0	0.0	0.0	0.0	0.0	0.0	0.0	0.0	0.0	0.0	0.0	0.0	0.0
5671.052722245618	-11.086727693917965	32160838.97848943	122.91553095908756	4283.821603815226	11.975934138063169	18351127.533314053	143.42299847922678	3931.109898120777	-3.642086544552512	13.26479439801046	15453625.031103143	3952.5613404943256	6788.778036405471	1.310445	40.370239	0.2181761042506357	0.1124029801857201	0.0429513184	0.0297050928	-0.1203549711	-0.0327493762	0.1263674242	-0.0007659101	0.0704355332	-0.0559896935	-0.0070908966	-0.0513559091	0.0892806917	-0.0744208186	-0.0139792096	-0.0162739474	0.0084593434	0.0110455617	0.0670540733	0.062547913	0.0465861079	-0.0142433602	0.0374493813	-0.0662512608	0.1427058885	-0.0616650063	0.0864447273	0.114095432	0.0222770069	-0.0427880464	-0.0295311376	-0.0258732071	-0.0740527761	0.0460968908	-0.0236736613	-0.0142418628	-0.0401232922	-0.1228025341	-0.1237294719	-0.0501655705	-0.0397773198	-0.0899943211	0.0519056441	-0.0797916048	0.018529755	-0.1062644659	0.0317913279	0.091058675	-0.0704065962	-0.1155207286	0.0502245704	-0.0376753104	0.019081259	0.0435701703	-0.0842041023	0.06836599	0.0394889379	0.1617399916	0.0066946557	-0.0770205403	-0.0219429089	-0.0694775109	0.176896162	0.0798904237	-0.1324463579	-0.0455718166	-0.1262747914	0.0505544502	-0.0132960018	0.1069453809	0.0547102715	-0.0389789241	-0.0213291484	-0.0046350097	0.1514506035	-0.0488144146	-0.0189979299	-0.0641850952	0.0980681564	0.0247290571	0.0264710838	-0.0621090998	0.0046429184	-0.0029606952	0.0399141342	-0.0969756783	0.0149973954	-0.0869450342	-0.0158253125	0.1007976479	0.0223607191	0.0750539885	0.0423689229	0.0730025889	-0.0731222022	0.0361554967	-0.024023503	0.0144531992	-0.1255149828	-0.0283643526	0.034344403	-0.0457524413	0.1711707976	0.0536212303	-0.0141959823	-0.0537231508	-0.0453353082	0.0229820157	0.2162296887	-0.012705119	0.059175967	-0.0980830508	0.0330648283	0.0221284416	-0.0985207927	0.0526018214	0.0526053238	-0.0424467503	-0.0340657239	-0.0528688431	-0.0541507705	-0.1840541422	0.0603463419	-0.0529747839	-0.1982871181	-0.0825794635	-0.0345611042	0.001724674	-0.064096011	0.0221256048	0.0582365326	0.0034090561	0.0646451273	0.033692307	0.0106005064	-0.0504037961	0.0194018925	-0.0504271141	0.003738815	-0.0631732192	-0.0381195158	-0.0259526445	-0.0079656293	0.021910577	0.0052958886	0.0482254494	-0.1460702134	0.0083067019	-0.036639554	0.0840371423	-0.0463670944	0.0886061687	-0.1002110492	-0.0517758045	-0.0883253645	0.0402152419	-0.0279464321	0.0296943789	0.0044174411	0.0532446828	0.0527927553	-0.066417534	-0.0243519198	0.0463034115	0.0195288745	0.0385101784	-0.0173413465	0.0318269978	-0.047711229	0.0207967762	-0.0019425535	0.0507185253	-0.0417280058	-0.0950111383	-0.0591225262	0.0322549359	0.0261875583825883	0.0165537959939428	0.0006857882140414	0.000274028161809	0.1404150567753674	0.047772622639357	0.0022822234738424	0.0197163881692296	-0.2130666094427198	0.0712442633812458	0.0050757450647363	0.0453973800594164	-0.0008899128777823	-0.0011689692033878	7.919449300427749e-07	1.366488998469108e-06	0.0028198467078162	0.0001080016391944	1.1664354068677365e-08	7.951535455581862e-06	-0.000771747284996	0.0003751376021395	5.955938718986973e-07	1.4072822053904874e-07	0.0	0.0	0.0	0.0	0.0	0.0	0.0	0.0	0.0	0.0	0.0	0.0	0.0	0.0	0.0	0.0	0.0	0.0	0.0	0.0	0.0	0.0	0.0	0.0	0.0	0.0
5666.6374583238185	-4.415263921799124	32110780.084078625	19.49455549914098	4260.306520127022	-23.51508368820396	18150211.645436816	552.9591608632359	3931.360033519848	0.2501353990710413	0.0625677178684291	15455591.71315718	3955.523117755181	6954.07336250556	1.533267	47.234612	0.2629588375054493	0.1566159708949131	-0.0845703756	0.055564729	-0.0402025506	0.0901272439	0.0226428073	0.0182956187	-0.0631172422	-0.0842409179	-0.0308880038	-0.1058977301	-0.0723440847	-0.0377818373	-0.1526816634	0.0499860616	0.0859454983	-0.0611648107	0.0621841445	0.0115727078	0.1287577536	-0.0126774034	0.0173987449	-0.0744189504	-0.0440001479	-0.037318374	-0.02814093	0.1316207863	-0.0495179854	-0.0051133143	0.0580989289	-0.0697561823	-0.0404320224	0.137966597	0.0635726169	-0.0952873007	-0.1662597757	0.0453447251	0.0354951143	-0.0112488382	0.1188498758	0.1023807273	-0.0476679981	0.1440798902	-0.1524812541	0.038184785	0.1399888437	0.0383316348	0.0199021488	0.1489507035	0.0762069709	0.14445073	0.0794915551	0.0317635848	0.1215279413	0.0007041196	0.0641050446	-0.0508198038	-0.1860301631	-0.0845949631	0.1039937239	0.142668316	0.1252566094	0.0238615467	-0.1020336098	-0.1441789684	-0.0357847993	-0.07948914	0.06813378	0.0884133411	-0.006466933	0.0103469566	-0.1598673826	0.0439360829	-0.0766772082	0.0367686577	0.0277266384	-0.1632644565	-0.1013774621	0.0203074211	-0.0563504638	0.0240969579	0.0490711172	0.00529635	-0.0949463227	0.0907561453	0.1134452068	-0.0443759898	0.0592495608	-0.0881819299	0.0022194824	0.0727824219	0.1120525289	-0.0488384082	-0.0417644159	-0.0468065882	0.0181974482	-0.0111034362	0.0044478614	-0.0061674506	0.2225249589	0.0110736548	-0.008260696	0.132161856	0.1024546469	-0.09616157	0.0030707523	0.0106737187	0.0643027719	-0.1627248665	0.1265912239	-0.1198378765	0.009752147	0.1176483872	0.074788106	-0.0774631688	-0.0173453095	0.1849446481	0.0819564249	0.0685473468	-0.0364689679	0.0429894571	-0.3042849613	-0.0808178436	0.023356468	0.0287994829	-0.0435081334	0.0554945455	-0.1306536814	0.0183743839	-0.1248904403	-0.1894160096	-0.0824616636	0.006537813	-0.0150999575	-0.0536575613	-0.0278009151	-0.1079793048	0.0490091374	0.0510854081	-0.0395266048	-0.0596396104	-0.0111680217	-0.020287416	0.0738466087	0.0494661284	0.0092333489	0.07764025	-0.05476836	0.0427932783	-0.0727049641	-0.0596589087	-0.010718132	-0.0978489903	-0.0228931004	0.0381621778	0.0591159664	-0.0101000331	-0.0878796232	-0.0624418504	-0.1369847538	0.0405260417	-0.0719648531	0.0267148308	0.0504406216	-0.1429229	-0.048940835	0.0834397105	0.0349521292	0.1343629115	-0.0002630097	0.0495514717	-0.0441770624	-0.0953646527	-0.0547194656	0.0386186257	0.0048945231831538	-0.0212930351994345	2.3956357190430007e-05	0.0004533933480043	0.1177265799538105	-0.0226884768215568	0.0005147669804823	0.0138595476276209	-0.2774310320393027	-0.0643644225965829	0.0041427788961915	0.0769679775383926	0.0014878815268959	0.0023777944046782	2.213791438078075e-06	5.653906230918956e-06	0.0035269289656025	0.0007070822577862	4.99965319276171e-07	1.2439227928405918e-05	-0.000779128680289	-7.381395292999928e-06	6.070415004488787e-07	5.4484996471521484e-11	0.0	0.0	0.0	0.0	1.0	0.0	0.0	0.0	0.0	0.0	0.0	0.0	0.0	0.0	0.0	0.0	0.0	0.0	0.0	0.0	0.0	0.0	0.0	0.0	0.0	0.0
5664.647723262562	-1.9897350612563969	32088233.82866373	3.9590456139929975	4259.12587021553	-1.1806499114918552	18140153.1783392	1.393934213505725	3928.379137391786	-2.980896128061886	8.885741726294343	15432162.647095034	3943.982662083108	6790.728244630111	1.259201	38.791573	0.0978912572434512	0.0693465733132355	-0.0123225749	0.0152099779	-0.0359703627	-0.0026197103	0.106948727	0.0415083763	-0.0116628846	-0.0381149441	-0.0406860572	-0.0263145782	-0.0431055482	-0.1252170784	0.0297542348	-0.1128214343	0.0365351026	-0.0074415218	0.0775429351	0.0384141354	0.0002471985	-0.1053292307	-0.0457104912	-0.0086302321	0.0730552738	-0.0518816549	-0.0562002365	0.0307394624	-0.0606688818	0.0878920357	0.0504462794	-0.0941021085	-0.0044106775	0.0229212432	-0.0369203145	0.0042327449	0.0217187409	-0.0981563454	0.0581764375	-0.1388698352	-0.0185507969	-0.0830117208	-0.01811767	-0.0014914924	0.0341203803	0.0851237557	-0.021731117	-0.0410937608	0.0066969431	-0.0561950041	-0.0452487833	0.044859343	-0.0579328727	0.1135052054	0.1244277383	0.017574288	-0.0500811532	0.0953761688	-0.0954354726	-0.0399194751	-0.089304862	0.2082826294	0.0017334488	-0.0217164821	0.0157964151	0.012305753	-0.0997912587	0.0248278339	0.0887518219	0.0585957069	0.0595231138	-0.1131206288	0.0098561602	-0.0043961459	-0.0372671734	-0.0205418802	0.0212668961	-0.0478652217	-0.0675784626	-0.0490227748	0.0979311909	0.0365837818	0.0432617326	0.038801849	0.0601529519	0.0956775062	0.028710074	-0.0054768578	0.0701088627	-0.0061480566	0.04228947	0.0594030211	0.0326814726	0.1524724632	0.0211751962	0.0040064082	0.0008826807	0.0142507716	0.0747193922	0.0012912305	0.0714340994	-0.0634732932	-0.0256274834	0.0129558091	-0.0218430931	-0.0562694746	0.0960025154	-0.05293066	0.0317638064	0.003709114	-0.0321831301	0.0847187242	-0.0132530623	0.0668640048	0.0362802865	0.0737919797	0.0921640536	-0.0696354255	0.0624377892	0.1252817463	0.0119495974	0.1101104034	0.0541706794	-0.0401392174	-0.0545119323	-0.0406332759	0.0202029866	0.0234717544	-0.1825144287	-0.0383179313	0.0988755137	0.0174286809	0.0712114733	0.0481611397	0.0478380624	-0.0140412207	-0.0483554762	-0.0471728721	-0.0355252384	0.1197518619	-0.0208486604	-0.1407695712	0.0569234026	0.0144331353	-0.0335397854	0.0014841247	-0.1003847077	0.0369408056	-0.0358042278	0.0567290193	-0.0465795863	0.0692907189	0.0537234112	-0.0495196598	-0.0655821238	-0.029451789	0.0487326877	-0.0208263057	-0.0488679187	0.0578190091	-0.0767736973	0.0159124045	-0.0357484033	0.0097903191	0.0320722666	-0.0243499305	-0.067750579	0.0553055156	-0.041114544	0.0125068826	0.0057622182	0.0483742215	-0.0465897578	-0.0955415737	-0.0501362882	0.0447837232	0.0113262341450592	0.0064317109619054	0.0001282835799087	4.136690589749409e-05	0.122192422283561	0.0044658423297505	1.9943747714191397e-05	0.014930988063524	-0.2440529669699174	0.0333780650693852	0.0011140952277761	0.0595618506868195	0.000419869933403	-0.0010680115934929	1.7629076097583966e-07	1.1406487638352434e-06	0.0035278417230337	9.127574312002736e-07	8.331261282113221e-13	1.2445667222777388e-05	-0.0007757402535649	3.38842672409996e-06	6.017729410009353e-07	1.1481435664594783e-11	0.0	0.0	0.0	0.0	0.0	0.0	0.0	0.0	0.0	0.0	0.0	0.0	0.0	0.0	0.0	0.0	0.0	0.0	0.0	0.0	0.0	0.0	0.0	0.0	0.0	0.0
5659.442082763675	-5.205640498887078	32029284.688156445	27.098693003653302	4319.137592824895	60.01172260936528	18654949.545753237	3601.406850543404	3929.3431780510978	0.9640406593116496	0.9293743928060398	15439737.8108967	3949.870095290248	6710.58713872705	1.196325	36.85458	0.3128304142262232	0.2127876312266946	0.0436886537	-0.0215496122	-0.025398989	0.0444753543	-0.005755221	0.0976680947	0.1118223406	-0.0192537872	0.0749248377	0.0604221969	0.0072339855	-0.0677074741	-0.0214134097	-0.1542856223	-0.0281123609	0.0160315246	0.0307906306	0.0188308232	0.064558518	0.0722395847	0.030324443	0.0200732501	0.0875544447	0.0422123122	-0.0834042241	0.021181463	0.0263142762	0.1016199381	-0.0462543954	0.0015737691	0.0172956343	-0.0445697927	-0.0151410165	-0.0090688859	-0.01558886	0.1678564175	0.0522957844	-0.0152997386	0.0087674573	0.0336724879	-0.0072305591	0.0773775926	0.0529747414	-0.1268298204	0.0415523605	-0.006420017	-0.0178249812	0.0563219409	-0.104868563	-0.0739141107	0.1235005212	-0.107097678	-0.058301152	-0.0844144116	0.0722279578	0.0644779304	-0.0293199258	0.0866630217	0.0800856769	-0.0409520503	0.0427012076	0.046124509	-0.1731464223	-0.0606678567	0.0741913382	-0.0653396691	0.0811574046	-0.1127115995	0.1286222181	0.1211888781	0.1792771561	0.1257828406	-0.2051693159	0.0129589523	0.1436063622	-0.0691009836	0.0874815672	-0.0499212935	-0.0066433206	0.1620583153	-0.0370881627	0.022488103	-0.0150958285	-0.1542755251	-0.032278064	-0.0460028773	-0.0223132035	0.0683714245	0.0087291249	-0.052214252	0.0763280822	0.1120695575	0.0800090994	-0.0595075183	0.0882924964	0.0105778992	-0.0265770334	0.0577327706	-0.0322356414	-0.0744447941	0.0411992819	0.0199125288	0.0353368026	-0.0316769501	-0.0010127658	-0.0601867996	-0.1406706773	0.0330315244	0.0285627617	-0.077473108	0.0184002019	-0.0679850743	-0.0771548415	-0.0030695388	0.0762842203	0.0263306845	-0.0379793829	-0.0367593302	0.0369571545	-0.0331245948	-0.0585703515	0.1131731392	-0.0014319218	-0.0022578042	0.0643541003	0.108016072	0.1656147155	0.0027235491	-0.1246089001	0.0235125	-0.0434337242	-0.0139777539	-0.0666387607	-0.0406374487	0.0184137261	-0.0843856459	-0.1142787931	0.0389093677	-0.1611773008	0.072922268	0.1533520297	0.0566217663	0.1464782748	-0.0696691314	-0.0614119982	-0.0250374621	-0.0117153012	0.0375456083	0.0465130934	-0.0197411955	-0.0974400294	-0.0297685829	-0.0181863644	-0.0923794833	0.0189452938	-0.0534472535	-0.0606462708	0.0256668497	0.0108883714	-0.028419762	-0.0290770031	0.0257793089	0.0062802776	-0.0429558299	-0.0016357444	-0.0369867947	-0.028383615	-0.111051879	-0.0197136808	0.0471870168	-0.0489641061	-0.0955415737	-0.0453880801	0.0507185253	0.013275634771233	0.0019494006261738	0.0001762424785791	3.800162801326807e-06	0.1270482658259766	0.0048558435424155	2.357921650841912e-05	0.016141261849388	-0.0898689596367035	0.1541840073332139	0.0237727081173285	0.0080764299061834	-0.0018189904641781	-0.0022388603975811	3.30872630877086e-06	5.0124958798570015e-06	0.002972934635302	-0.0005549070877317	3.079218760148769e-07	8.838340345778235e-06	-0.0010187960227405	-0.0002430557691756	1.0379453359518614e-06	5.907610692954255e-08	0.0	0.0	0.0	0.0	0.0	0.0	0.0	0.0	0.0	0.0	0.0	0.0	0.0	0.0	0.0	0.0	0.0	0.0	0.0	0.0	0.0	0.0	0.0	0.0	0.0	0.0
5651.18625942475	-8.255823338925438	31935906.13871109	68.15861900354598	4272.762141136152	-46.37545168874294	18256496.3147264	2150.6825193349305	3931.001984071474	1.6588060203762325	2.7516374132364336	15452776.598773863	3949.266357471812	6658.491568160304	0.966151	29.763744	0.1476827720678994	0.089801968379089	0.0472594229	-0.025094652	-0.0342863246	0.0950409244	-0.0123786163	0.0538428565	-0.0449406318	0.0258140007	0.0428969588	-0.0532377208	-0.0380946064	0.0511960523	-0.0256280016	-0.090932505	-0.0148651083	0.0387665367	0.0480706518	0.0090665939	0.061513259	-0.0092470515	-0.0339248379	0.0749767492	0.0373185152	0.0010721251	-0.1156734855	0.014051228	0.0758824113	0.0789334925	0.1329981182	0.0045103007	-0.0506849239	-0.0471207342	-0.0059075872	-0.0049945155	-0.0341176367	-0.032617466	-0.1131497311	-0.0234907212	-0.0896291866	-0.0575917999	0.1389551989	-0.0327996464	-0.0957104123	0.033016182	0.057366869	0.0318245257	0.0725110006	0.2143494045	0.0686994739	-0.0436354284	0.0585952767	0.0505010072	0.0566730498	0.0913738567	-0.0370307506	0.0463128633	0.0205717118	0.1503821084	0.1140448179	0.0412383512	-0.0611653036	-0.0308723346	0.0661437598	0.1276484661	-0.088005895	-0.0650493238	0.04766351	-0.188970096	-0.0299683979	-0.0298881928	-0.080916518	-0.0757829036	-0.0691266237	0.0725401305	-0.0812264636	-0.0466929842	-0.0186500778	0.0094253786	-0.0343208978	-0.0797921687	-0.0680649858	-0.1166947504	-0.0137815083	-0.0818448568	-0.0127447222	0.0242760922	0.08014241	-0.0094754877	0.0388305894	-0.0525093284	0.0955860812	0.0275653627	-0.022762617	-0.0470513675	-0.0219030343	-0.0018445388	0.0082457326	0.0202437757	-0.0296944203	-0.0922701374	-0.0179763321	0.0557345146	0.0182217826	-0.0537788954	0.0740074922	-0.0668228138	0.0224047917	0.0659626622	-0.0627940781	-0.0331458261	0.0280553086	-0.0145350675	0.0145505027	0.1306752509	-0.1022686296	-0.0906788863	0.0954396711	0.081275078	-0.0569032024	-0.0501409053	-0.0089762733	-0.0844656334	0.0730337383	-0.0127461344	-0.0317383617	-0.1115718665	0.0294403692	0.1744609548	-0.0793880708	0.0075645322	-0.0291312994	0.0945253869	-0.0444611259	0.0010519267	0.0842598843	-0.0499407932	-0.0016921856	-0.04828149	0.0524367127	-0.0267203924	-0.1036042081	0.0309584667	-0.0163589867	-0.1304654928	0.2080163404	-0.0196835046	-0.0120517315	0.0709361487	0.0089494152	-0.0623868415	0.0280184735	0.0327591762	-0.0436348169	-0.0808079626	0.0655685168	-0.0740176209	-0.0324308116	-0.0367345345	-0.0402031316	0.068587733	-0.0244919979	-0.0357370252	-0.0104666769	-0.0136100343	-0.021683431	0.0199250897	-0.0307063529	-0.0803201602	0.0235674869	0.045990102	-0.0512981531	-0.0953646527	-0.0404904708	0.0563925126	0.0146219980943129	0.0013463633230798	0.00021380282827	1.8126941977347492e-06	0.0905944918544889	-0.0364537739714876	0.0013288776367643	0.008207361954373	-0.1632849507041953	-0.0734159910674918	0.005389907744422	0.0266619751264714	-0.0014158214693302	0.0004031689948479	2.0045504330163265e-06	1.6254523840666604e-07	0.0032987270075184	0.0003257923722164	1.0614066979438945e-07	1.0881599870131298e-05	-0.001019167529793	-3.71507052499909e-07	1.0387024537843654e-06	1.3801749005717016e-13	0.0	0.0	0.0	0.0	0.0	0.0	0.0	0.0	0.0	0.0	0.0	0.0	0.0	0.0	0.0	0.0	0.0	0.0	0.0	0.0	0.0	0.0	0.0	0.0	0.0	0.0
5653.449370152895	2.2631107281458758	31961489.78088217	5.121670167848954	4303.207007093229	30.444865957076217	18517590.545896266	926.8898631443384	3933.319293113914	2.317309042439774	5.369921198173143	15471000.661582138	3951.560483630144	6664.073387479287	0.940056	28.959852	0.0583378035297044	0.0319837808073456	0.044398046	-0.0220371135	-0.0660578742	-0.0264308253	0.0464693533	0.0074212699	0.0228269621	-0.0073317045	0.079869574	-0.0371836507	0.0541337688	0.038324388	0.0912895683	-0.0561875934	0.0095747853	0.050701203	0.0455884097	0.0462791004	-0.0333441566	-0.0425758261	-0.0331883453	0.0627593231	0.0634615227	0.0244455288	0.0208569928	0.071736945	0.0088897465	0.1120346633	-0.0180168428	0.0074339638	-0.0916906854	-0.0769816355	0.049616621	-0.0474815178	0.0456132044	-0.0555757227	-0.1212395753	-0.0338965363	-0.0829121801	0.0221438711	0.0135852277	-0.0061483203	0.0001717355	0.0283305048	0.0516134518	-0.020139904	0.0034186308	-0.0797903914	0.0260587478	0.0282896915	-0.0885204438	0.0598471681	-0.0750063846	-0.0835408529	-0.055321144	0.0059062325	0.0580309264	0.0417296526	0.0389875479	-0.0254025398	-0.0906913645	-0.1635372683	0.046770358	0.0055644237	0.0624097506	-0.0365659423	-0.0425954126	-0.0244489164	-0.0049022561	0.068547101	0.0271462156	0.0563425856	0.0012904492	-0.0177164368	-0.096507665	-0.0183911081	0.0824522457	-0.1839559911	-0.0517775132	0.0415868793	-0.1011686331	-0.0446840537	-0.1235224954	0.0694733617	0.0002692297	-0.0168875554	0.0366875227	0.0801307555	0.0443238946	-0.0841443944	-0.0349839556	0.0839349506	-0.0307778445	0.0408932904	-0.0107187628	-0.0338928308	-0.0078177849	0.0539639632	-0.0128757218	-0.0771100291	0.0136195211	0.0509901146	-0.0318445285	-0.0120898687	0.0348621385	0.0246383569	0.0441165623	0.0971610402	-0.0972890424	-0.0226156619	0.0295109697	0.0579888034	0.0231002202	0.0920364573	-0.0440822715	-0.0254628746	0.0974575526	-0.035455524	0.0689062424	-0.0357671542	-0.0405336255	0.0404403492	0.039686986	0.0549409618	-0.0028189886	-0.0106400408	-0.0049327256	0.065842164	0.1017142339	0.0451240629	-0.018151455	0.0313786695	0.0013772165	-0.0027612432	-0.1149625117	0.0791047843	0.0391302839	-0.0256110411	-0.0694483217	0.0540150203	-0.1217188727	-0.0184513337	0.089885278	-0.0365512909	0.0606236541	-0.011464569	-0.0192150394	0.0791366764	0.005720189	0.0521881053	0.0216009379	0.066447817	0.0049213292	-0.0820232865	0.0389674647	-0.0471341648	0.0135604715	0.054438951	-0.0331663809	0.0160440669	-0.0128017258	-0.0006050963	-0.0072521029	0.000661743	-0.0321406002	-0.0253314636	-0.0525600497	-0.0675066418	-0.0489847735	0.0447837232	-0.0535899776	-0.0950111383	-0.0354595815	0.0617765075	0.0180250386068081	0.0034030405124952	0.0003249020167769	1.1580684729683595e-05	0.106168079867686	0.0155735880131971	0.0002425366436047	0.0112716611827913	-0.1860375249748074	-0.0227525742706121	0.0005176796359397	0.034609960698752	-0.0014017620777143	1.405939161589994e-05	1.9649369225179114e-06	1.976664926092376e-10	0.0032300416012305	-6.868540628789978e-05	4.7176850369338635e-09	1.0433168745679691e-05	-0.0007697403130288	0.0002494272167641	5.92500149501675e-07	6.221393646273515e-08	0.0	0.0	0.0	0.0	0.0	0.0	0.0	0.0	0.0	0.0	0.0	0.0	0.0	0.0	0.0	0.0	0.0	0.0	0.0	0.0	0.0	0.0	0.0	0.0	0.0	0.0
5663.574909109651	10.125538956755918	32076080.751096398	102.52653916478172	4321.434556304432	18.22754921120304	18674796.62442208	332.2435502468286	3934.304477077175	0.985183963261079	0.9705874414668072	15478751.7183495	3958.7358482456034	6653.13288043857	0.871749	26.855528	0.0731901204414837	0.0461926964182841	0.0533355117	-0.0077334635	-0.1069230911	0.0165035681	0.0288373461	-0.0171023011	0.0437125182	-0.0141809731	0.0963408681	-0.0169616867	0.0288716768	0.0686573951	0.0300823119	-0.0003065886	-0.0106536405	0.0470946578	0.082459771	0.0452005928	0.0774135671	0.0666463021	-0.0429787708	0.1395336533	0.044395375	0.0214039327	0.0594928596	0.1233515797	0.0126597507	-0.0554026333	-0.0095887392	-0.1033669667	0.0124472956	0.0493284044	0.0769365232	0.1553973069	-0.0543651737	-0.0685481116	-0.0402143167	0.0808165734	0.0398199189	-0.0121523987	0.055845114	-0.018565105	-0.0454933831	0.0199037495	0.0732836121	0.0249391018	-0.1157312251	0.0969049357	-0.0312008089	-0.0152620451	0.0391699668	-0.0224051298	-0.0109055073	-0.104012588	0.0589181021	-0.0392762464	-0.0959813801	0.041453904	-0.0843046576	0.0364285274	-0.0586049975	-0.0627612588	0.0073039367	0.2435093633	0.0058828315	0.0697484922	-0.0664458356	0.0171716467	0.0522579514	-0.0314845192	0.2122878282	-0.1319610451	0.0530917476	-0.0015107508	-0.0323469945	-0.0177066093	0.0618502902	-0.025057101	0.0402283593	0.0053409571	0.0347473944	0.0127740498	-0.0765343965	0.1256929951	-0.0057055729	-0.0548612701	0.0278508911	0.0953614486	0.0491742358	-0.1088347069	0.0645866131	-0.0188094999	-0.0465093324	0.0168056936	-0.0933073783	-0.0204272569	-0.0463435914	0.0528697641	0.0736509986	-0.009864757	0.0649025175	-0.037013027	-0.0606893341	-0.1169396134	-0.0094904603	0.0433726137	0.0023750196	0.0409778412	-0.0211424254	0.0512770866	-0.0175760839	-0.0031251491	-0.0193362943	-0.0659487097	-0.0993700741	0.0275939136	0.0639240057	0.0003551635	-0.0937602023	0.0005159763	0.0009948002	-0.0100484615	0.0064323648	-0.0218431486	0.0083175559	0.1574682718	0.0714382956	0.1056192553	0.0274060797	0.0498134891	-0.0541726544	0.0256882537	0.0086558708	0.041184934	0.0663139034	0.0385081951	0.1154096129	-0.0198238602	-0.0807104427	-0.172495145	0.0295046278	0.1087973435	-0.0588238968	-0.1573806167	-0.0430857878	-0.0240231221	-0.0281859423	0.0969194977	-0.0117276397	0.0114214754	-0.0932079485	0.0439039407	0.012170804	-0.0573536806	0.0037675228	0.006251145	-0.0186793857	0.0288963185	0.0307726584	-0.0194625823	-0.0259888719	0.0474539784	0.0027458119	-0.0212223397	0.0480454539	-0.045671611	0.051569964	0.0127050816	0.0270287545	0.0435681289	-0.0558376933	-0.0944816852	-0.030311972	0.0668428233	0.0138081866602135	-0.0042168519465946	0.0001906660188432	1.7781840339498668e-05	0.1067952972534413	0.0006272173857552	3.93401648993698e-07	0.0114052355154508	-0.1676158730703036	0.0184216519045038	0.0003393572588907	0.0280950809051201	-0.0020847572387771	-0.0006829951610628	4.3462127446335184e-06	4.664823900352002e-07	0.0032311416420274	1.1000407968996852e-06	1.2100897548436944e-12	1.0440276310843522e-05	-0.0010841330952617	-0.0003143927822328	1.175344568241714e-06	9.884282152014364e-08	0.0	0.0	0.0	0.0	0.0	0.0	0.0	0.0	0.0	0.0	0.0	0.0	0.0	0.0	0.0	0.0	0.0	0.0	0.0	0.0	0.0	0.0	0.0	0.0	0.0	0.0
5666.296573867317	2.721664757666076	32106916.8630205	7.407459053121541	4335.750337194224	14.315780889792222	18798730.986479823	204.9415824845402	3933.346520732158	-0.95795634501701	0.9176803589583484	15471214.852155771	3955.720071475426	6755.573995004475	1.014036	31.238905	0.0997316348773824	0.0530171882149075	0.0307369303	-0.0310939198	-0.0387714744	0.057646737	-0.1118488496	-0.0270658183	0.0128031368	0.0212653251	0.1164760342	0.0259045337	-0.0139783427	0.0310828391	-0.004987391	0.0284597351	-0.0159409491	0.0119340979	0.0209828611	-0.0058796404	0.0302576098	0.1350431288	-0.0198647267	0.0527136151	-0.0532604952	0.0385839994	0.0023771821	0.0056826407	-0.0352104856	0.0151511769	-0.0503683986	0.0002776033	0.0342672005	-0.1591768757	0.0655742148	0.0026875415	-0.1126903573	0.1178062356	0.0496885263	0.0686710844	-0.0537165154	0.0152875837	0.0800987332	-0.0775776959	0.0973226246	0.0582638886	0.0507545591	-0.0957279191	-0.0518983098	-0.0450666166	0.0469175872	-0.1365489365	-0.0264750941	-0.0529155656	0.0960568267	-0.021792026	0.1505149945	-0.0716160813	0.0010007727	-0.0349945245	0.1070068432	0.0775061067	0.1321186097	-0.0890785434	-0.0163750832	0.0476904492	0.0595413175	-0.0438987463	-0.0432417559	0.0934173727	0.1654270193	-0.0741541723	0.0091050515	0.0884889536	0.0922533947	0.0751668536	-0.003748565	0.0931601633	-0.020784569	-0.0329883103	-0.0050549152	-0.1007654017	-0.1249194632	-0.0443057588	0.0790167332	0.0949773177	-0.0054492206	-0.0152271213	0.0257972825	0.0194657779	0.0103950121	-0.1007369289	0.0309735759	-0.0637276624	0.078161328	0.0210058247	0.03471016	-0.0176319643	-0.0437409884	0.0522433925	-0.0307503921	0.0018802822	0.0689683665	0.0328615143	0.0508920764	-0.0115572672	0.0418620528	-0.0091962072	-0.1559492361	-0.0176724652	0.0298496024	-0.0446471998	0.0221467598	0.0279529621	-0.0283269917	-0.1792558121	-0.0637371538	-0.0283532998	0.0888722263	-0.198726895	-0.0323461631	-0.0464534302	0.037756419	-0.0626099596	0.0268344369	-0.0032703789	0.1680393141	0.0291694049	-0.0634550171	0.0204726606	-0.0486206738	-0.0242831519	0.0807099556	0.0193638109	0.0068141877	0.0073178844	-0.0791039914	-0.0124672936	0.0060825753	0.0162505743	-0.0131874983	0.0480666561	0.0781941291	0.1392558994	0.0133764651	-0.0678087061	-0.0052256511	-0.031728409	-0.0099165373	0.0438473573	0.028193709	-0.0846416022	-0.0368000893	0.0515292433	0.0573891572	-0.0197917496	-0.0115365688	-0.0232781211	-0.0478686359	-0.0506099656	-0.0050053652	0.046217755	0.0341675483	-0.0167530922	0.0343850601	-0.0062140873	0.060979487	-0.0351970556	0.0368793551	0.0346692438	-0.0058263124	0.0423435691	-0.0580394502	-0.0937772737	-0.0250645864	0.0715654069	0.0128335872385321	-0.0009745994216813	0.000164700961409	9.498440327417184e-07	0.0912931125442497	-0.0155021847091915	0.0002403177307578	0.008334432398017	-0.1290762220839241	0.0385396509863794	0.0014853046981519	0.0166606711074585	-0.0019111621617302	0.0001735950770469	3.6525408084292513e-06	3.0135250774919155e-08	0.0033226499957537	9.150835372630011e-05	8.373778801697664e-09	1.1040002994282064e-05	-0.0017133336596911	-0.0006292005644294	2.935512229430498e-06	3.958933502782756e-07	0.0	0.0	0.0	0.0	0.0	0.0	0.0	0.0	0.0	0.0	0.0	0.0	0.0	0.0	0.0	0.0	0.0	0.0	0.0	0.0	0.0	0.0	0.0	0.0	0.0	0.0
5660.072935828895	-6.223638038421996	32036425.63890273	38.733670433293184	4314.27751556325	-21.472821630974067	18612990.48129461	461.08206879562783	3931.907716427365	-1.4388043047929386	2.0701578274906915	15459898.290501056	3952.855290463425	6714.792929815999	1.15355	35.536835	0.1418249702530858	0.0828143774460779	0.0586693451	-0.0162203149	-0.0868362563	-0.0728908714	0.0367630925	-0.040452023	-0.0427607017	0.0227074524	0.0576345627	-0.0202521151	-0.0186318602	-0.0233001162	0.0902888271	0.0396597621	-0.0087583867	0.0478120583	0.0599740124	-0.0080331333	-0.1056582646	-0.0282721209	-0.0730913735	0.0209229956	-0.0599861299	-0.0049217772	0.0544407518	0.0228354371	0.1515092438	-0.0115465887	-0.0679895163	-0.0782812059	-0.0177477281	-0.0747277724	-0.1407582098	-0.103219146	-0.0947472153	0.0702107125	0.0360672648	-0.0129111749	-0.1365946851	0.0412794698	0.1736400422	0.0447178158	-0.117508836	-0.0097796052	-0.0407753408	-0.0338881569	-0.0687322435	-0.0709719848	-0.0818942622	-0.0341978776	0.0565232906	-0.013073673	0.0927147537	-0.0548645612	-0.0717524433	-0.0790966493	0.0846763024	-0.0736250654	-0.0069865882	0.029638149	-0.116673762	0.0393413145	0.0870458772	-0.1657770202	-0.0486757166	0.0438879221	0.0634585917	0.0737142461	-0.1184048896	0.0460069823	-0.0580820591	0.0423337337	0.0220351149	0.0177985919	-0.0498052994	0.0031024335	0.0774718109	-0.0067590926	-0.0681560155	0.0722148874	-0.0307970452	0.039875802	-0.0069434154	-0.075681395	-0.0058329648	0.0222028939	0.0926541487	0.0169899997	0.031839474	0.0016332182	-0.0857977965	-0.03466536	-0.0094292771	0.0393055846	0.0334876094	-0.0269308551	-0.1383763786	0.0030820391	-0.0290312659	-0.0553501265	0.0494976153	-0.0244884653	0.0626350511	0.0018737775	0.0145266586	-0.129698698	-0.0491128914	-0.0387163112	-0.0061035488	0.0489052331	-0.0297622003	0.1732427158	0.0079389376	0.05805153	-0.0388535887	-0.0595217542	-0.0080379847	0.1015576817	0.0260103442	-0.1193237478	0.0393251032	0.0453387	0.0415891301	0.0849458497	0.0208426822	0.0064044589	0.0507962581	-0.0320201027	-0.0195493713	-0.0480279914	0.0738087512	-0.1207052284	0.0250644961	-0.0080724715	-0.1223559652	-0.0048725762	-0.077937278	0.0231976472	0.1009032702	-0.0091659214	0.0650578705	-0.1224346595	-0.1826285823	0.0123187397	-0.0024889393	-0.0255842075	-0.0181814479	0.0850372046	0.0043360561	0.0792428267	0.0557981567	0.0735269098	0.0414426629	0.0606215241	0.0384729618	-0.0224192629	0.0281786825	0.0301520034	0.0133309498	0.000231298	0.0351008073	-0.0445770493	0.0047946396	0.0380130963	-0.0481815669	-0.0179126335	0.0406528053	0.0160089082	-0.0588576873	0.0411102958	-0.060193436	-0.0928992083	-0.0197346973	0.0759199731	0.0189778389985946	0.0061442517600624	0.0003601583730565	3.775182969103112e-05	0.0906879685888526	-0.000605143955397	3.66199206753644e-07	0.0082243076467727	-0.1901313097991703	-0.0610550877152462	0.0037277237359164	0.036149914965948	-0.0015439115548418	0.0003672506068884	2.3836628891740243e-06	1.3487300825989826e-07	0.0036081955945816	0.0002855455988278	8.153628900998396e-08	1.3019075448758066e-05	-0.0008857201289598	0.0008276135307313	7.845001468445647e-07	6.849441562495285e-07	0.0	0.0	0.0	0.0	0.0	0.0	0.0	0.0	0.0	0.0	0.0	0.0	0.0	0.0	0.0	0.0	0.0	0.0	0.0	0.0	0.0	0.0	0.0	0.0	0.0	0.0
5652.089139404764	-7.983796424131469	31946111.639777284	63.74100534197444	4289.746895497521	-24.530620065728726	18401928.42743062	601.7513208091328	3926.778586953653	-5.129129473712055	26.307969158101702	15419590.070957726	3945.023565999665	6675.090872437896	1.016055	31.301092	0.177662809253735	0.1252117550476034	0.0467691673	-0.0176558869	-0.0345844169	-0.0403959225	-0.0422518066	0.0052309222	0.086345228	0.0184756806	-0.0198979553	0.0356068977	0.0238275996	-0.0388297601	0.0284203243	0.1287987965	-0.0309053628	-0.0037300323	0.0527086904	0.0341258504	-0.0634591669	0.0753751573	0.0668061959	-0.0301354143	-0.0389840619	-0.0293731785	0.0442594953	0.0046143763	0.0106676984	0.0747847203	-0.0709603024	-0.1165643715	0.0024031225	-0.0788190504	-0.0452125203	0.0366293802	-0.088781695	0.0106267074	0.0034799207	-0.0073506526	-0.016815729	0.0047315474	-0.0407006722	0.1161313128	-0.0444031931	-0.0835662113	0.1448970839	0.0170594485	0.0366183808	-0.112415912	-0.0438627376	-0.1376079325	-0.0199598683	-0.0176135399	-0.053979519	-0.0706183794	0.1628585573	-0.1459376798	0.0750394118	-0.0196320245	-0.0277319469	-0.022600714	0.0568671692	0.1000348457	0.1609764871	0.0181762728	-0.029989942	-0.02752743	0.1338557667	-0.0652855395	-0.0348340925	0.0861896156	0.0181611317	0.0673450568	-0.0671800394	0.0325387326	-0.0335420031	-0.0181441569	-0.0882208178	-0.1650104976	0.1492724263	-0.1533994062	0.0425233973	0.0788037879	-0.0095086909	0.0971730433	-0.0352907678	-0.0677222667	-0.0321840143	0.0526756816	0.01680681	0.0481725237	-0.0500989626	-0.072548871	0.0415490314	0.0329568426	-0.0185346811	-0.0048516584	-0.0109366708	0.0678298519	-0.0133574192	-0.0356111349	0.032274386	-0.0286674077	0.0863314656	-0.0671781525	0.0165810906	-0.0470604427	0.034494066	-0.001873635	-0.0649730397	-0.024677028	-0.0920025166	-0.0098284854	-0.0824831897	-0.0092497976	0.1020831536	0.0145057252	-0.0426322201	-0.1244336611	0.0723376039	-0.0415772996	-0.0610872391	0.0965491829	0.1183643316	0.0242005403	0.0727547262	0.0342102918	0.0034415641	-0.0797924016	-0.1093097057	-0.003087778	0.1577035629	0.0144211033	-0.0230544827	-0.052100252	-0.0102288582	0.0428024448	-0.0055800973	-0.031756246	0.0640982576	-0.106871096	0.0302865045	0.002804137	0.0282423186	-0.1087461478	-0.0508654251	-0.0413367772	-0.0090212885	0.0301489903	0.0452605907	0.0161413334	-0.0551900138	-0.0347508223	0.0355289543	0.1102930291	-0.0002829044	-0.0141390548	-0.0043858186	0.0523277117	0.0753387606	-0.0205093127	0.0007670133	0.0446549158	-0.0290351916	-0.0001768564	0.0397034483	-0.0582881154	-0.0022712962	-0.0543242777	0.0102897762	0.0398685628	-0.0622978778	-0.091849115	-0.0143398485	0.0798841288	0.0200234321536783	0.0010455931550837	0.0004009378352129	1.0932650459578868e-06	0.0913837047568648	0.0006957361680122	4.840488154803054e-07	0.0083509814950898	-0.0810463126991862	0.1090849970999841	0.0118995365923035	0.0065685048021342	-0.0022606443486191	-0.0007167327937773	5.110512870943476e-06	5.137058976758141e-07	0.0032498108260852	-0.0003583847684964	1.284396422902182e-07	1.056127040534057e-05	-0.0011473322232992	-0.0002616120943393	1.3163712306206852e-06	6.84408879046471e-08	0.0	0.0	0.0	0.0	0.0	0.0	0.0	0.0	0.0	0.0	0.0	0.0	0.0	0.0	0.0	0.0	0.0	0.0	0.0	0.0	0.0	0.0	0.0	0.0	0.0	0.0
5658.254289377525	6.165149972761356	32015841.603259165	38.00907418663934	4292.93592051879	3.189025021269117	18429298.81768051	10.169880586280494	3931.4530211412575	4.674434187604675	21.85033497424737	15456322.85744072	3952.042121199017	6648.431177154132	0.968833	29.846367	0.1188757086077552	0.076777587325249	0.0583647383	-0.0161408255	-0.0550674715	0.0842359371	0.0084985987	0.0116578015	-0.0191768149	0.0459785966	-0.0232329063	-0.0086704715	-0.0440429922	-0.0343674943	-0.0658718922	0.0646987652	-0.0257330019	0.0194649306	0.0304353459	0.0082298946	0.0073134363	0.0179832006	0.0335004192	-0.0788274973	0.0126024048	-0.1125962099	-0.0485540222	-0.0476764534	0.0687009805	0.0417504965	-0.0219762666	0.0976422075	-0.0472287736	-0.0572279786	0.0506690706	-0.0380118658	-0.0553612353	0.1143020688	0.0997913475	0.0483759934	-0.187662975	-0.1709661724	0.0707157019	-0.034840271	0.0717960533	0.000125244	-0.0582611819	0.0134051671	0.2184441819	-0.1970146823	-0.0113952822	0.0127813453	0.0346291884	0.0900437253	-0.0197810489	-0.0753896617	-0.0432143426	-0.0087811229	-0.1119528112	-0.0448733426	-0.0126542681	0.0481216346	0.1393124815	0.1130438191	0.0217114917	0.042414958	0.0305768344	-0.007818199	-0.0228674589	0.0513770299	-0.0236516403	-0.0714730953	0.067062482	-0.0710122713	-0.0796549975	0.0483943233	-0.143924153	-0.0719780389	-0.089193762	-0.1178283756	-0.0302521509	0.0544841615	0.0488874101	0.1333388204	-0.0829026028	0.0327424467	-0.0291338756	0.0018920238	0.0228644719	0.008112477	-0.0220770523	0.1033730931	0.0672562929	-0.0273138498	0.025558759	-0.0386672763	-0.0311273077	0.0388091293	-0.0564124352	0.019965693	-0.0934018322	-0.040463736	-0.0365993976	0.0067333251	-0.0212146972	0.0599940949	0.0366833889	0.0552564786	-0.1166496785	0.093824715	-0.121005357	-0.0415214763	-0.1683153875	0.1777861964	0.0310672488	0.0698694754	-0.03299061	-0.0697949264	0.0051196038	-0.0544841019	0.0446966144	-0.0497660267	0.1443436647	-0.080200542	0.0026527118	-0.0961648238	0.0652815343	0.0532610507	-0.1230326567	-0.1517146403	-0.0447807069	-0.0255668845	-0.033375887	-0.0640932712	-0.0408143685	0.0169289611	-0.0110744597	0.0282606409	-0.0184133858	0.0153580149	0.0108744727	-0.0339083212	-0.0192125786	-0.1049388418	0.0951744937	-0.0511043967	-0.0584998224	-0.0372861392	-0.0048955185	0.0601763234	-0.0042654545	-0.044801194	-0.0292599066	-0.024930285	-0.0595180317	0.0758444664	0.0580533117	0.011142135	-0.0197526065	-0.0287543818	0.0932514975	0.0191819706	0.059840959	-0.0238715048	-0.0153234383	0.0104568194	0.0396531237	-0.0016451319	0.014701158	0.0325749459	0.0139613793	0.0386186257	-0.0643510435	-0.0906289382	-0.0088977982	0.0834374889	0.0083828730952433	-0.011640559058435	7.027256133095399e-05	0.0001355026151929	0.0703054564808098	-0.021078248276055	0.000444292550387	0.004942857210975	-0.1538217835499864	-0.0727754708508002	0.0052962691575556	0.0236611410944988	-0.002168245400524	9.23989480951003e-05	4.701288116893481e-06	8.53756560908104e-09	0.0030802471132831	-0.0001695637128021	2.875185269923308e-08	9.48792227888887e-06	-0.0011416662757471	5.6659475520999016e-06	1.3034018851782537e-06	3.2102961663146866e-11	0.0	0.0	0.0	0.0	0.0	0.0	0.0	0.0	0.0	0.0	0.0	0.0	0.0	0.0	0.0	0.0	0.0	0.0	0.0	0.0	0.0	0.0	0.0	0.0	0.0	0.0
5652.653258503076	-5.601030874448952	31952488.860865448	31.371546856530397	4280.900840026712	-12.035080492078125	18326112.00214141	144.84316245079938	3925.522705012141	-5.930316129116363	35.16864939125769	15409728.507565835	3947.152220318912	6687.60924504125	0.929773	28.643049	0.1288960576342559	0.0663341523101666	0.0424937426	-0.0153599518	-0.058663596	0.0790786572	0.0779636177	0.0580428805	-0.0376151754	0.0394146158	-0.0010430635	-0.0182772186	-0.1052873912	-0.0412291239	-0.021619618	-0.0432908222	-0.023677501	-0.0060915954	0.0518234351	0.0116566294	0.0352889282	-0.1473087158	-0.0253526515	-0.0050370637	0.0155800331	-0.0408302572	-0.1547854177	-0.0028590765	0.1170651063	0.0436956974	0.09348936	0.0554337796	0.0267255078	0.0526628969	0.0355477832	-0.0134335347	0.0967157806	-0.0676577371	-0.021958164	-0.1410369747	-0.0560337721	-0.014614909	-0.0335606288	-0.0173223728	0.0568873014	0.0317385431	-0.0319809484	-0.0345845144	-0.0199046439	0.0592617774	0.0003829548	0.0768115879	0.0347051426	-0.011589516	0.0056542225	-0.0379192882	-0.0393092417	0.0388770325	-0.061884777	-0.0358382481	-0.1056869788	-0.177183309	0.0503055255	-0.1070844141	-0.1069761273	0.0643410012	0.0057524394	0.0131131258	-0.0632718236	-0.0704166399	-0.0506478154	0.0491991039	0.1261784752	0.1119321037	-0.0982856189	0.0272493474	0.0635154558	-0.1471367259	-0.1247449636	-0.0305796041	0.0484890252	-0.023225605	0.1832247439	0.0390033475	0.0654502982	0.0658944121	-0.0129716465	0.0271375796	0.1008433935	-0.073898683	0.0740739359	0.0734019127	0.0300539972	0.0426146868	-0.0901475626	-0.0984876228	0.0088726207	0.0585945426	-0.0306963132	-0.0407578423	-0.0181355541	-0.0711905047	-0.0786979888	0.028423123	-0.0934100201	0.0665085884	-0.0438220657	-0.0257805844	0.0218190957	0.0501834234	-0.0482403161	0.0550659534	0.0931776239	-0.0377080838	-0.1597014272	0.0550265872	0.0581571195	0.0118103227	0.0212408073	0.0673851594	0.0181455525	0.075995166	0.0065995564	-0.0631078496	-0.0135243814	0.0160882998	-0.0262927219	0.0711177729	-0.0248653661	0.027433148	0.0825897822	0.0665355931	-0.1280656538	-0.0366784005	0.0804083851	-0.0223754401	0.0164957846	0.1158737009	0.0507299547	-0.0891222426	-0.0287642584	0.0164288575	0.0274418	0.0258862776	0.0946933709	0.0137326567	-0.1210081338	-0.0232203674	-0.0120632813	0.0807156686	-0.0307103962	-0.0037444172	0.0581210843	0.0009216157	-0.109683311	0.0088830994	0.1064847542	0.0041365576	-0.0165032779	0.0028842415	0.0026385027	-0.0007892718	0.0679547388	-0.085583595	-0.0057938783	0.009243099	0.0030841824	0.0452284069	0.0848187327	0.0029807976	-0.0449907549	0.0373607416	-0.0663512432	-0.0892409375	-0.0034264595	0.0865617806	0.0180159095062037	0.0096330364109604	0.0003245729953357	9.279539049488883e-05	0.1101052725283722	0.0397998160475624	0.0015840253574198	0.0121231710385471	-0.1905150982959895	-0.0366933147460031	0.0013463993470492	0.0362960026787305	-0.0017912573100634	0.0003769880904605	3.2086027508555678e-06	1.4212002034912948e-07	0.0034349200669643	0.0003546729536812	1.2579290407294686e-07	1.1798675866434031e-05	-0.0010179295112943	0.0001237367644528	1.0361804899638523e-06	1.5310786877247723e-08	0.0	0.0	0.0	0.0	0.0	0.0	0.0	0.0	0.0	0.0	0.0	0.0	0.0	0.0	0.0	0.0	0.0	0.0	0.0	0.0	0.0	0.0	0.0	0.0	0.0	0.0
5655.851578697914	3.1983201948378337	31988657.08025969	10.22925206870752	4274.890839266274	-6.010000760437833	18274691.687642712	36.120109140463335	3932.1534790039054	6.630773991764272	43.967163729857496	15461830.982442517	3946.860082715683	6636.452603615279	0.917422	28.26256	0.0500462785047732	0.0347848127037385	0.0667093503	-0.0149606738	-0.038864488	-0.0190670367	0.1096042989	0.0900006852	0.0198319649	0.0443043056	-0.0444548018	0.0630436147	0.0327737123	-0.0893117852	0.0040293475	-0.0362023504	-0.0284875179	0.0678427656	0.0311140248	0.0278391932	0.0106196404	-0.0983927142	-0.0050106607	-0.0349338174	0.1177129452	-0.0579179493	-0.0314057027	0.0148187065	-0.0204528178	0.1000632719	0.0021157348	0.0210012901	-0.0037476863	-0.0154373969	-0.0137202718	0.1356001005	0.0519629859	-0.0054387985	0.005094815	-0.1424356812	0.0086280692	0.1724582475	0.0096222337	0.0283902261	0.0559429869	-0.021365547	0.0223534453	0.0380189614	0.0725341466	-0.0342891023	0.0947311716	0.0243173993	0.0380224913	0.013317633	-0.0428203217	0.1345547097	0.0809722486	-0.0316219216	0.0155454679	-0.0776369889	-0.024133939	-0.029011967	-0.0954086214	-0.0167880091	-0.0878276442	0.0379052715	0.1197503524	0.0909950541	0.1564905277	-0.0509096717	-0.1193385205	0.095449336	-0.0522266222	-0.1389541804	0.0168317008	0.0453577832	-0.0252514492	0.0622977986	-0.0175566839	0.0063397254	-0.1873622122	-0.0792246423	0.0675842575	-0.0096560189	0.057199683	-0.133750533	-0.0416915385	0.0013562431	0.0208301575	0.076951942	0.0145882893	0.0592139539	0.0065557763	0.1117544096	-0.0463704359	0.0011699562	-0.07578113	0.0546287138	0.1312611927	0.0793057027	0.021124679	-0.0664987268	-0.0855645216	-0.0040360245	-0.0340358754	0.0229239965	-0.1156400079	-0.1196322199	-0.0763164662	-0.0181216739	0.0058242588	0.0266551532	0.0862045708	0.0079382004	-0.0617483319	0.0093338395	0.0824028488	0.0281370056	0.0523783433	0.0272032823	0.0584240357	-0.0583551807	-0.1155097518	0.0268433763	0.0395020773	-0.0483147926	-0.0621335419	-0.0284324778	-0.0537209142	-0.0043354029	-0.0233836182	0.0834978282	-0.0739905422	0.0159163842	-0.0928903641	-0.0092971833	0.0144509378	0.0133021855	0.1005980826	0.0204044563	-0.1074893487	-0.0996095926	0.0160149735	-0.0646082238	-0.0015214401	0.0342907803	0.1634792733	-0.0337571126	-0.0140502303	0.0696973158	-0.0054761135	0.0701079027	0.0072024136	-0.0286771776	-0.0641800682	-0.0345325843	0.0663865591	-0.0187369973	-0.0366225415	0.0691543039	0.0328044873	-0.067042672	-0.0069151463	-0.0226020167	-0.0049952794	-0.0427736974	-0.0197314583	-0.0019367327	0.0543405116	0.0296651278	-0.0680596451	0.0360951694	-0.0682968306	-0.0876876832	0.0020561578	0.0892409375	0.0171601333062483	-0.0008557761999554	0.0002944701750882	7.323529044101082e-07	0.1082085575545761	-0.001896714973796	3.597527691822314e-06	0.011709091928042	-0.1588310516938378	0.0316840466021517	0.0010038788090873	0.0252273029821705	-0.0018291976923896	-3.7940382326199975e-05	3.3459641978434376e-06	1.4394726110582275e-09	0.0034107107363059	-2.4209330658400263e-05	5.860916909277588e-10	1.1632947726752334e-05	-0.0007678844097015	0.0002500451015928	5.896464666626211e-07	6.252255283055367e-08	0.0	0.0	0.0	0.0	0.0	0.0	0.0	0.0	0.0	0.0	0.0	0.0	0.0	0.0	0.0	0.0	0.0	0.0	0.0	0.0	0.0	0.0	0.0	0.0	0.0	0.0
5663.223074096958	7.371495399043852	32072095.5869842	54.33894441812468	4299.73435313026	24.84351386398612	18487715.5074885	617.2001811100705	3932.8762732263513	0.7227942224458275	0.5224314880010683	15467515.780506792	3953.049831241351	6703.870274127148	0.892433	27.49275	0.0452723733042883	0.0265823326860853	0.0434747962	0.0004487711	-0.0758881166	0.0188539211	0.0689350646	0.0386957508	0.0684363604	-0.0076794052	0.0277517842	0.0245732485	0.027314059	0.018385677	-0.0878389093	-0.1014465259	-0.0181335686	0.0249097368	0.0450724923	0.047652883	0.0522435641	0.010866019	0.0260088921	0.0278993908	0.0974864012	-0.0460767588	0.0217969646	0.0150556364	-0.1251447005	0.0841000477	0.0141123841	0.0464205716	-0.0821741565	-0.0233850889	0.0234347	0.0645065849	-0.1623607588	-0.0616806614	-0.0049034735	-0.1713989352	-0.0625509709	0.0391076746	-0.0679486734	-0.125366941	0.0968454204	-0.0795006432	-0.1388553816	0.1254267737	0.0015636625	-0.1346786414	0.0297089145	0.0122116915	0.0322274083	-0.126724743	0.0723736775	-0.0670239416	-0.0367293942	-0.0679884262	0.1639325207	-0.0606064577	-0.0063961536	-0.0658443165	-0.1314507436	-0.1493650928	-0.0247992993	0.0581364513	0.1064126088	-0.0141208069	-0.034333169	0.0754785143	0.0499002112	0.0362156714	0.031950927	0.0584819234	-0.0456096596	0.0590051326	-0.0110325355	0.0767659732	-0.0216198108	0.0149158886	0.0002434258	0.109411647	0.0853501638	-0.0578896438	-0.0615857296	0.0796329272	-0.016350385	-0.0626697864	-0.0178758531	0.0785151652	0.0207603747	-0.0383809547	0.0885132201	0.038683066	-0.0245029889	-0.0116891974	-0.1234037195	0.035800449	0.1277233858	0.034408008	0.0536301257	0.0435214517	-0.0380337632	0.0586258521	0.0248031036	0.0542531298	-0.1396141535	-0.1012492234	-0.0975336836	0.0763935411	-0.0629958349	-0.0483791578	-0.0431875669	-0.0228127337	-0.0927918709	-0.0241070331	0.2043159145	-0.0198920844	0.0568496974	0.0312406727	0.0963299838	-0.0702504896	0.100619957	-0.0280701877	-0.0770801389	0.0489471823	0.0579141417	-0.0297696128	-0.0039454588	0.0248962834	0.0934571931	-0.0204010667	-0.0177735009	-0.1109938081	0.132627312	0.0367628369	-0.1039107457	0.1260222729	0.1095458245	0.1085575622	-0.0804736237	0.0793895293	0.0203690824	0.0729537322	-0.0011572705	0.0793530633	0.0893306342	-0.0282276418	-0.0208427523	0.072458098	-0.0277906081	0.0382350891	-0.0938621375	-0.0104640435	-0.0109643479	-0.0767785166	0.0390021385	0.0443640458	-0.066121289	0.0693237617	0.0492837658	-0.0823009473	0.0200158722	0.0343659204	-0.0071466296	-0.0243332898	0.0080837849	-0.0142482587	0.0545941622	0.0122222812	0.0121062923	0.0348221695	-0.0701862042	-0.0859720514	0.007532007	0.0914611824	0.0173482467145191	0.0001881134082708	0.0003009616640678	3.5386654371257724e-08	0.1029023901007946	-0.0053061674537814	2.8155413047570035e-05	0.0105889018884561	-0.1645158937154889	-0.005684842021651	3.231742881113009e-05	0.027065479285006	-0.0022031771723459	-0.0003739794799562	4.853989652746075e-06	1.3986065142838457e-07	0.00340819281922	-2.5179170858999e-06	6.339906451466643e-12	1.1615778292982772e-05	-0.001073252021071	-0.0003053676113695	1.1518699007329863e-06	9.3249378073514e-08	0.0	0.0	0.0	0.0	0.0	0.0	0.0	0.0	0.0	0.0	0.0	0.0	0.0	0.0	0.0	0.0	0.0	0.0	0.0	0.0	0.0	0.0	0.0	0.0	0.0	0.0
5666.352968154772	3.1298940578135444	32107555.95971639	9.796236813136534	4310.95814689261	11.223793762349487	18584360.14425977	125.97354641975524	3937.2194340556375	4.343160829286262	18.86304598904653	15501696.871905394	3955.119365202914	6697.7124954606425	0.945094	29.115036	0.0490107591739812	0.0242004882281744	0.0558261633	-0.0156834739	-0.09708246	0.1094960731	-0.0258001204	-0.0379218517	0.0131472053	0.0273959779	0.1034441943	-0.0142508033	-0.009419482	0.0993643897	-0.0450922214	0.0012804587	-0.0302015384	0.0541125089	0.0582124652	0.0382282306	0.1492837593	0.1369539676	-0.0243189121	0.0725987456	0.0132633239	0.0038655385	0.0806950059	-0.0189417259	-0.0397745662	0.0342590603	0.0735019317	0.0746922771	-0.0697831781	-0.054806702	0.1009410049	0.0124249381	-0.0540715107	-0.028264956	0.065703595	0.1307824721	-0.0226762657	0.0025843667	-0.0773486767	-0.0621977095	0.0025188181	0.1074602816	-0.0306724976	0.0853107074	-0.2117717342	-0.0324377791	-0.0630973717	-0.1135375009	0.0694166898	0.0321913457	-0.1220479092	0.0317785732	0.0851460986	0.0037362435	-0.0024998787	-0.0975482412	-0.0746279629	0.0632779036	-0.0557853511	-0.0291695982	0.0143115999	-0.1096555536	0.0950068871	-0.0067673933	0.0464233355	0.0034242385	-0.0516399441	0.1023618491	0.0134791075	-0.0190289911	0.0812029595	-0.0947478535	0.0243374122	-0.080906036	0.0396823031	0.0499870281	-0.1222793991	-0.0557664684	0.0803279922	0.0406648685	-0.0309782675	0.0476433575	-0.0220413138	-0.0259833449	0.0112283996	0.0688108183	0.0263491997	-0.1060828105	0.1677271824	-0.0646374352	0.0518319355	0.0529271016	-0.1038790897	0.0589543455	0.0521154292	-0.0547458295	0.0278078821	-0.0073749129	0.0213645241	0.0584264166	-0.057760914	-0.007019248	-0.0043789944	0.0382467263	-0.0169255073	0.0343647476	0.0191342038	-0.1601953497	0.0241870638	0.0491986241	-0.0216350665	-0.1236338833	-0.0145160539	0.0048403637	-0.0287839109	-0.0379901106	0.0011200706	0.0180227549	0.0874143112	-0.0392973956	-0.0356069452	0.1939211861	-0.0089520477	0.0671146833	0.0784463511	0.0150352989	-0.0729749649	0.1304382614	0.1326140385	-0.0303913638	0.0844922788	0.0989933804	0.0173082654	-0.0173514024	-0.0082662508	0.0002128327	-0.1269215788	-0.0868929309	-0.0725388296	-0.0563141235	-0.0465040994	0.0818997543	-0.1191309324	-0.0336019459	-0.0220690216	0.1023055128	-0.0317674386	-0.0738192922	-0.1119247167	0.0236543472	0.0165082801	-0.0550169479	0.0020685474	-0.0048780031	-0.0559754453	-0.0212266437	0.0283107506	-0.0430504965	-0.0330788605	0.0232784004	-0.0388870518	-0.0219003634	0.01483445	0.0185834954	-0.0020477545	-0.0287796545	0.0514892369	0.0335420038	-0.072017809	-0.0840972192	0.0129830636	0.0932110979	0.0164017991377249	-0.0009464475767942	0.0002690190149542	8.957630156196174e-07	0.1105864960174045	0.0076841059166098	5.904548373767921e-05	0.0122293731014074	-0.183909318665286	-0.0193934249497971	0.0003761049312834	0.0338226374919297	-0.0024851543942795	-0.0002819772219336	6.175992363406708e-06	7.951115368939076e-08	0.0035248206927831	0.0001166278735631	1.3602060891850469e-08	1.2424360916271934e-05	-0.0010521215019521	2.1130519118900057e-05	1.1069596548699426e-06	4.4649883823420086e-10	0.0	0.0	0.0	0.0	0.0	0.0	0.0	0.0	0.0	0.0	0.0	0.0	0.0	0.0	0.0	0.0	0.0	0.0	0.0	0.0	0.0	0.0	0.0	0.0	0.0	0.0
5676.590237484523	10.237269329751143	32223676.72430459	104.80168332986342	4337.669700318812	26.711553426202045	18815378.42906389	713.5070864408461	3940.4339262431376	3.2144921875001278	10.332960023499352	15527019.527087908	3957.8855852988095	6745.301983910036	1.012174	31.18153	0.1273453373556514	0.0948283436518199	0.0422405492	-0.046559074	-0.1346951124	0.107706348	-0.0326773586	-0.0831749674	-0.0647936787	0.0281925388	0.1479931785	-0.0191088561	-0.0828021482	0.0648541443	0.0590278271	0.0017189365	0.008491787	0.0750915028	0.0562102851	0.0777187089	0.1069651508	0.0475862307	-0.1313076412	0.1180973023	-0.0414043401	0.0357150029	0.0072666013	0.0255311455	-0.040487217	-0.1261494604	0.012541934	0.1159285639	-0.0632115144	0.0579696198	0.0549731473	-0.0798495886	-0.1292869085	-0.0656438365	0.0360491499	-0.0949668583	0.0730314028	0.0971007847	0.0739298507	0.0683602284	0.022945031	-0.008824058	-0.0342916364	-0.0530277556	0.1413382357	0.0623390882	0.0025116932	0.0050572775	-0.1782453546	-0.084945811	-0.125230808	-0.0743843991	-0.0351809119	0.0782729127	-0.0082189653	0.0036780725	0.0913941937	0.0398780992	2.71735e-05	-0.038475247	0.0378323477	-0.0459174835	0.023453702	0.0138526704	-0.0272793693	0.0428071926	-0.0523404582	-0.0079672739	-0.0944626968	-0.0736855421	0.1298677404	0.0544521474	0.0018069363	-0.016584312	0.0453369815	-0.0140181001	0.1130021524	0.0026614164	0.0538553151	-0.0182099116	-0.0257103919	-0.0980979618	0.0059609951	0.0624271286	0.1348145336	0.0072182175	0.1374503535	-0.1099554323	0.0710618313	-0.0239238215	0.0329146443	0.0297013116	-0.0608461993	0.0198442651	-0.0271339628	-0.0838531303	0.0293015903	0.0763011207	0.0295412447	0.0168074067	-0.0387287581	0.1288994865	-0.0768243282	0.0800718957	0.0981840012	0.0045239301	-0.0513193675	-0.0040125622	-0.0304782444	-0.029517887	0.0360032834	-0.0685999323	0.0211836537	0.0547172355	0.2055782554	-0.0535441174	0.0603955615	-0.0527695137	-0.0074325169	0.1367049498	0.0127828305	-0.0615269764	-0.0128101646	-0.1126556672	0.1036608802	-0.0363640567	0.0329606905	-0.1108501616	0.0281466672	0.0621136657	0.0153898417	-0.1197077529	-0.091803121	-0.0069606191	0.0570697824	0.0519406614	0.0360983035	-0.0379376425	0.0514597222	0.0679947651	-0.0316576087	-0.0129577345	-0.0259867556	-0.0162523087	-0.0157811844	0.1416966355	-0.049017571	-0.0757345138	0.035375129	0.1234424999	0.0090207407	-0.0327609373	0.0858929743	0.0173977872	-0.0412068079	-0.0267803143	-0.028588854	0.0027655694	0.0237591668	-0.0325387575	0.0327861853	0.0324601047	0.0295128634	0.0595869477	0.0827609617	-0.0510233863	0.0921713292	0.0322549359	-0.0737901375	-0.0820666583	0.0183913846	0.0944816852	0.0156200720213774	-0.0007817271163474	0.000243986649953	6.110972844329759e-07	0.1087267576708512	-0.0018597383465532	3.458626717640801e-06	0.011821507833616	-0.2682965785326416	-0.0843872598673556	0.0071212096279206	0.0719830540523219	-0.0022764396268735	0.0002087147674059	5.18217737479996e-06	4.3561854133340644e-08	0.0040851704394693	0.0005603497466862	3.139918386112887e-07	1.6688617519513795e-05	-0.0010148537755364	3.726772641569984e-05	1.029928185720486e-06	1.388883432195452e-09	0.0	0.0	0.0	0.0	0.0	0.0	0.0	0.0	0.0	0.0	0.0	0.0	0.0	0.0	0.0	0.0	0.0	0.0	0.0	0.0	0.0	0.0	0.0	0.0	0.0	0.0
5682.758269399526	6.168031915003667	32293741.5484287	38.0446177045038	4336.717858772367	-0.9518415464444844	18807121.786595188	0.9060023295378272	3939.6067958192566	-0.8271304238810444	0.6841447381096362	15520501.70566527	3956.907573884873	6756.099999231863	1.263849	38.934757	0.0706352249721211	0.0339597433881865	0.0623937856	-0.0166536961	-0.1415304422	-0.1095342245	0.0682907902	-0.1074891288	0.0041891793	0.0118520539	0.1145687549	0.0171281323	0.0995032254	0.0033582296	0.1231715949	0.0354889703	-0.0017182515	0.0996685963	0.058768712	0.0428890661	-0.0312605121	-0.0416374008	-0.0808283583	0.0446179245	0.0194661902	0.0299381735	0.1201028612	0.025542736	-0.0461524879	-0.0227454999	0.0150579047	0.1433718071	-0.0836593271	0.0022049988	-0.0954052139	-0.0814973777	0.0520345874	-0.0875853379	-0.0908963685	0.0267452633	-0.0116023472	0.0338109531	-0.1119234215	-0.0089361207	0.0007086119	-0.0402416083	-0.0566912437	-0.0802340216	0.0330614572	0.1026018294	-0.002443519	-0.1117444551	0.0626681428	0.0229244478	-0.1116626254	0.0182266821	0.0003572831	0.0078326717	-0.0349988374	0.0092464752	0.0361657888	0.0682602849	0.0377775634	0.0098883417	0.0685733433	-0.0843213309	0.1037753677	0.0044546164	-0.1055416939	0.0318979625	0.0750576808	-0.0388748265	-0.1163497102	-0.0146388209	-0.0978002507	-0.0044363423	-0.0039529378	-0.1118911199	-0.1214673972	-0.048975135	-0.0789333765	0.0043300294	-0.1443920742	-0.0231628983	0.0705473777	-0.1170826179	-0.0083773001	0.0103410812	0.0611734545	0.1218748505	0.0372018884	-0.0636371276	-0.0372621013	0.0366152573	0.0007601425	0.1371704721	-0.0559714526	-0.005960308	0.0170137855	0.0097351374	0.0360342529	-0.0581142777	0.0237569186	0.091274545	0.0495491882	0.1394505687	0.0257119885	0.0976251087	0.0445088014	0.0968839995	0.0542106101	0.0465270335	-0.0489791503	0.0765227772	0.001811244	-0.0317665127	0.0102857272	-0.0037947795	0.037632906	0.0813581752	0.0541830123	-0.0077305551	-0.0644760679	-0.0568272156	-0.0332350451	0.0013199673	-0.0055062309	-0.0582643636	0.1206173931	-0.0775681105	0.0042479352	-0.0376699462	0.0258412216	0.1520591733	-0.100144141	0.0347651804	0.0297318378	-0.0495342868	0.0517990243	-0.0037894728	0.0037488631	0.1428544696	-0.1225968158	0.0654054329	0.0022367624	0.0907439301	-0.0187226047	-0.0259202423	-0.0276600764	0.1249851647	-0.0480665329	0.1393236571	0.0120950612	0.0981174146	0.0612555883	-0.006114646	0.0300970115	0.0305183328	-0.0625264743	0.0762932619	0.0502091475	-0.074084084	0.0164633403	0.0111065944	0.0704559758	-0.0009657027	0.0287750163	0.0167436557	0.1263845333	0.0195622025	0.0673167847	0.0309612306	-0.0755017308	-0.0798841288	0.0237391677	0.0952664105	0.0176901133075801	0.0020700412862027	0.000312940108835	4.28507092658373e-06	0.1306009674044759	0.0218742097336247	0.0004784810514706	0.0170566126869849	-0.2473175762897028	0.0209790022429388	0.0004401185351092	0.0611659835418129	-0.0019716705820989	0.0003047690447746	3.887484884314215e-06	9.288417065282222e-08	0.0041906199187409	0.0001054494792715	1.1119592678651491e-08	1.7561295303347984e-05	-0.0011188746856773	-0.0001040209101408	1.251880562249477e-06	1.0820349746541182e-08	0.0	0.0	0.0	0.0	0.0	0.0	0.0	0.0	0.0	0.0	0.0	0.0	0.0	0.0	0.0	0.0	0.0	0.0	0.0	0.0	0.0	0.0	0.0	0.0	0.0	0.0
5681.162847573408	-1.5954218261185815	32275611.30064839	2.5453708032555493	4318.555083871167	-18.162774901200464	18649918.0124295	329.88639211167754	3934.18738881704	-5.419407002216758	29.36997225567603	15477830.410327038	3954.475194383677	6809.57566587199	1.221579	37.632576	0.1226989301683488	0.0731645181508685	0.0282599839	0.0020577166	-0.1229040931	0.0786240105	-0.0426600846	-0.0969159719	0.0714505714	-0.0168856103	0.0827656154	-0.0268466311	0.0045731904	0.0937557494	0.011440617	0.0245972649	-0.0129579753	0.0065876823	0.0853089198	0.0809864713	0.0801147391	0.0717710092	0.0037417727	0.0775753634	-0.0078607185	0.0128706941	0.1403384816	0.0940962827	-0.0070839312	-0.1026158657	0.0747409581	-0.0549469634	0.0161522726	-0.1077768547	0.0526858065	0.0238272119	-0.039877737	0.0399066461	0.0525656488	-0.0267976521	-0.0866255835	-0.0123023064	-0.0403378096	-0.1664990228	-0.0299727674	-0.0284958573	0.0455678241	-0.1517426334	-0.0077178678	0.0211023107	0.0008129384	0.1445032817	0.0472102973	-0.0469613943	-0.0342247121	-0.0464566551	0.039254001	-0.0186045323	-0.0270805003	0.1129039517	-0.1797308379	-0.1318996483	0.0033470333	0.0207009683	-0.0205526357	-0.1195358692	-0.0355198643	0.0332245207	-0.0681426551	-0.0973201062	-0.0718383657	-0.1704780828	-0.0961183143	0.0467196601	-0.1759170151	-0.1155815503	0.0017220845	0.0956209623	0.047686987	-0.0260409938	0.1365321903	0.0489530151	-0.0455626482	0.0448983601	0.0499046442	-0.0049354898	-0.0032535831	-0.0828746378	0.0079535024	0.0622978502	0.0755960297	-0.0650529046	0.0676511169	-0.0700480902	-0.02770093	0.0693702834	-0.0890595447	-0.0170668196	-0.0047203198	-0.0628978898	0.0934736312	-0.0256854537	0.1098061375	0.0021750403	0.022091338	0.0042363375	0.0528394001	0.0524466629	-0.1096392202	-0.0412796474	-0.027829147	0.0405068432	0.0370916601	-0.02240475	-0.0286030954	-0.0996372065	-0.0441229656	-0.0688288043	0.0027625068	0.0166152798	0.0160900272	-0.050467914	-0.017223089	-0.0457574487	-0.0049707671	-0.060732604	-0.0774024617	0.1375000969	0.0752565101	-0.1233336023	0.1156297425	-0.0510634776	-0.0518347633	-0.1615941382	0.0296023348	-0.0001457693	0.0252166758	0.0065845446	-0.1992923837	-0.1620110086	0.0053033803	0.0247227916	-0.0228722428	0.1221201665	0.0257253949	0.0128961761	0.0719632116	-0.0256414791	-0.0300245093	0.0966783277	-0.0599493789	-0.052414861	-0.1193795703	0.0766506607	0.0803330791	0.0080128862	-0.0104528665	0.05575708	-0.0707511024	-0.0186089975	0.0261866177	-0.0640192664	0.0395972322	-0.0061980942	0.0566869449	0.0043780882	0.0802754709	0.0019459402	0.1420821454	0.0167963538	0.0392252804	0.0296611541	-0.0771511802	-0.0775536723	0.0290088101	0.0955612383	0.0171284054060691	-0.0005617079015109	0.0002933822717546	3.155157666198906e-07	0.1502915412260677	0.0196905738215917	0.0003877186974235	0.0225875473641068	-0.1955220613190817	0.0517955149706211	0.0026827753710718	0.0382288764624627	-0.0022550755039867	-0.0002834049218878	5.08536552868087e-06	8.03183497502301e-08	0.0034637757202315	-0.0007268441985093	5.283024889067718e-07	1.1997742240065246e-05	-0.001116101136582	2.773549095300013e-06	1.2456817470796325e-06	7.692574584039519e-12	0.0	0.0	0.0	0.0	0.0	0.0	0.0	0.0	0.0	0.0	0.0	0.0	0.0	0.0	0.0	0.0	0.0	0.0	0.0	0.0	0.0	0.0	0.0	0.0	0.0	0.0
5681.028672368982	-0.1341752044254462	32274086.77627848	0.0180029854826102	4325.9072265625	7.352142691333029	18713473.33282566	54.05400215372167	3936.595341796875	2.407952979835045	5.798237553096473	15496782.885056855	3955.583249531194	6745.8014505454	1.062321	32.726391	0.2203765557125731	0.1325710026800733	0.0412993694	-0.0231719625	-0.119107918	0.0383958404	-0.0228902264	-0.1333263763	-0.0619537245	0.0247827102	0.1104563041	0.0006840594	-0.0825674585	-0.0052311956	0.0500361549	0.0460515867	0.0077092822	0.0661289298	0.0529848963	0.0214072048	0.0911441533	-0.0709680575	-0.1082363263	0.0400356463	-0.1244655299	0.0442734273	0.0370647801	-0.0308567969	0.0589848145	-0.0336630096	0.119258217	0.0232965881	0.0384848415	-0.0407423587	0.0122473685	-0.0111437574	0.087687232	-0.105915638	0.0693257344	0.0100869994	-0.0127560352	0.0318682289	0.0106757571	0.0330135828	-0.0047726476	0.0480513316	-0.0479529712	-0.0864070146	-0.106726012	0.0896912896	0.1002966313	0.1083788775	-0.0603721587	-0.0630597155	-0.0054785505	0.0461784504	-0.1636123446	-0.0793020513	0.0747435319	0.0600617709	0.0770086881	-0.161789364	0.0348819062	0.0115617617	-0.0615536707	0.003642184	0.016098353	-0.0938477698	0.019143931	0.1661200839	0.0486677255	-0.0848028592	-0.0093913319	0.0554085395	-0.0964863211	-0.0598856286	-0.0026045332	0.0388092818	-0.0591736234	0.1279463689	-0.0299393184	-0.0202757046	0.0028595715	0.0140639769	-0.0358040879	-0.0502378584	0.0129470108	0.057244779	0.1360888211	-0.0184526544	0.0968145518	-0.0198816604	0.0284463162	-0.0610299133	0.0047241273	0.093876222	0.0368119658	0.0315685386	-0.022430047	-0.1169211388	0.0623007519	-0.008686541	-0.0207015952	-0.0122818391	-0.0290180281	0.0556287902	-0.0379322954	-0.0262670626	0.0257979525	0.0069648771	0.0716459075	-0.0025207233	0.111163073	-0.0681888952	-0.0679690073	-0.0748858326	-0.0735472024	0.0040582348	-0.0081791226	0.092043383	0.0114764804	0.1350050298	-0.0052267907	0.018643975	0.0233335181	-0.0269193173	-0.0084813535	-0.1448743054	-0.0142503278	-0.0120936122	-0.0075023364	-0.0392837058	-0.1471870667	-0.0857213695	0.0757107313	0.0691260363	0.148622592	0.0785564955	-0.0483703122	-0.0666976753	0.0570447841	0.2136369528	0.0927474201	0.0316218446	-0.0042226006	-0.0277401582	0.0313919475	-0.0161898052	-0.0204743394	0.1385137043	-0.0582397228	-0.0303697948	0.0659747251	0.1116032729	0.0598058325	0.04878412	0.035305274	0.0048739169	-0.0277269459	-0.0320596626	-0.0343677205	-0.0073511755	0.0139089889	-0.0055376027	0.0273194903	-0.0135529712	-0.0167893409	0.0918345475	0.0485816841	0.0501858701	0.1040153708	0.0283549738	-0.0787371281	-0.0750796043	0.0341829659	0.0953646527	0.0164064705041084	-0.0007219349019607	0.0002691722744021	5.21190002669007e-07	0.0892744659281419	-0.0610170752979258	0.0037230834779127	0.0079699302667549	-0.2985633167932633	-0.1030412554741816	0.0106175003296955	0.0891400541345945	-0.0019396727838109	0.0003154027201758	3.7623305082567273e-06	9.947887589429405e-08	0.0042460871359999	0.0007823114157683	6.120111512415579e-07	1.802925596650383e-05	-0.0011018894717561	1.4211664825899927e-05	1.2141604079669372e-06	2.0197141712372126e-10	0.0	0.0	0.0	0.0	0.0	0.0	0.0	0.0	0.0	0.0	0.0	0.0	0.0	0.0	0.0	0.0	0.0	0.0	0.0	0.0	0.0	0.0	0.0	0.0	0.0	0.0
5681.783066337548	0.7543939685656369	32282658.81292011	0.5691102598082112	4276.645014814248	-49.26221174825241	18289692.58273556	2426.765506329658	3937.665803552576	1.070461755701217	1.145888370418932	15505211.980467357	3954.650405905637	6796.784325260604	1.07787	33.205399	0.1238667781781483	0.0612064521535027	0.0397140185	0.0034657758	-0.160594621	-0.0464926493	0.0689027328	-0.1072320718	0.0403267989	-0.0253563618	-0.0196863401	-0.0635222486	0.0142196328	0.007385989	0.0961677762	0.036806191	0.0111337313	0.0477332582	0.099691395	0.0808572887	-0.013526943	-0.041297047	-0.0582540134	-0.0754957585	-0.0386616283	-0.0496731667	0.1686190115	0.0895439294	-0.0262470711	-0.1271540262	0.0641938598	0.0307996245	-0.0278941354	-0.015551487	-0.0851108218	-0.0047426288	0.0682536593	-0.0347752293	0.0468604953	-0.0288935014	0.0524634526	-0.0011293369	-0.0390334289	-0.0790378266	-0.0589697516	-0.0657293388	0.0286148801	0.0113887707	0.0349860401	-0.009186058	-0.0987595176	0.0476304799	-0.1347153091	-0.0121464973	0.0782749194	0.0342337591	0.0984645904	0.0508939319	-0.0318534611	-0.0620722876	0.0072560947	-0.1220996152	-0.1405778219	0.1646939328	0.0345528101	0.1197752964	-0.0106799479	-0.0036044939	-0.0890930432	-0.0488907727	0.0143611137	0.0022369978	0.0384953596	0.0416229717	-0.0055281417	-0.0024413128	0.0305439948	0.1264400054	-0.0385401092	-0.0148889354	-0.0350750546	-0.0353882323	0.0281584689	-0.1358183654	0.0302639966	-0.0496926123	0.0108809464	-0.0492108297	0.0413168119	0.081455805	0.0802947415	0.0754155808	-0.0389334587	-0.0172201956	-0.0502548945	0.1201102189	-0.0824308898	-0.0222561832	-0.0571776347	-0.0615736723	0.0931251082	0.0114825588	0.0569725217	0.0512708085	0.0419792395	0.0716448068	0.0357762874	-0.040044102	0.0394983814	-0.0469166259	0.049262921	0.0661205204	-0.0834070231	-0.1127715583	0.0856648626	0.0001472855	0.0475129437	0.0076551189	0.0174001407	0.0048094221	0.0263354292	-0.0057682922	0.0174960532	-0.0183760113	-0.0349150145	-0.0419575985	-0.1204584221	0.0873077014	-0.0559708197	0.0950753071	-0.0056978424	0.1271173708	-0.0159260764	-0.0981464658	-0.0990004901	-0.0331176026	0.1409855971	0.0361392151	-0.077260907	0.0455181588	0.1052534071	0.1277280197	-0.0142819017	-0.0338676792	-0.0264136843	0.0243167034	0.0708714113	-0.0078168916	-0.0414524043	0.1467093742	-0.0723478094	0.0962819682	0.0025527486	0.0296943399	0.0504187713	0.07321283	0.0067254306	0.0106019678	0.008110716	0.053429455	-0.0307727567	0.0219084101	0.0360275936	0.0747119275	-0.006805416	0.0708989264	-0.0422509543	0.0838055282	-0.0626848075	-0.0121934696	-0.0317164598	0.0270429587	-0.080258269	-0.0724665061	0.0392446037	0.0946776645	0.02278692770318	0.0063804571990715	0.0005192440741499	4.071023406918459e-05	0.1357925735252649	0.0465181075971229	0.0021639343344175	0.0184396230246144	-0.2676721881263546	0.0308911286669086	0.0009542618303155	0.0716484002963505	-0.0016880293670446	0.0002516434167663	2.849443144004993e-06	6.332440920181777e-08	0.0045622536945957	0.0003161665585958	9.996129277431169e-08	2.081415877385212e-05	-0.0008681577528173	0.0002337317189388	7.536978837767841e-07	5.463051643808627e-08	0.0	0.0	0.0	0.0	0.0	0.0	0.0	0.0	0.0	0.0	0.0	0.0	0.0	0.0	0.0	0.0	0.0	0.0	0.0	0.0	0.0	0.0	0.0	0.0	0.0	0.0
5667.384417109252	-14.398649228295652	32119246.13129278	207.321099599499	4289.602527198524	12.957512384276017	18400689.84134796	167.8971271886663	3930.2052083113385	-7.46059524123757	55.66048135357668	15446512.979437573	3952.8049150491497	6759.155936483693	1.415258	43.599144	0.1875291576737969	0.110319193012457	0.0199469973	0.0059540485	-0.0268455099	-0.0402599758	-0.0448228772	-0.136095562	-0.0054271704	-0.0084306086	0.0181346229	-0.0458854473	-0.0248692211	-0.0076457282	-0.0624914199	0.1329983872	-0.0026934372	-0.0016088964	0.0608178084	-0.014529443	0.0030981405	-0.0747994731	0.0398868797	-0.0984377248	-0.1487636022	-0.0261830639	0.0515951867	-0.0277754307	0.1525911476	0.0529777943	0.1318400532	-0.032452024	0.0987137766	0.229016989	-0.0065874138	-0.0741967183	-0.1194633265	-0.0294980054	-0.0358426062	0.029464403	0.0320059996	0.0396292074	0.1502744407	0.0247760826	0.0966516733	-0.0753419556	0.1069652551	0.040333311	-0.0847111655	-0.0972727667	-0.0586254177	-0.0308075944	0.0248843367	-0.0890202813	0.2123845555	0.0158368089	-0.0546451832	-0.0267962983	0.0506918173	0.1120709926	-0.1919142236	-0.001591003	-0.1778365889	0.1141885132	0.0004584555	0.0076106136	0.0622175738	0.0199253285	0.0158048953	0.0608224359	-0.009041149	0.0955005123	0.0319545916	-0.049203641	0.092994019	-0.0552316247	-0.0119906051	-0.1197030224	-0.0037535012	-0.0859504043	0.0800137395	0.0311824824	-0.1055457372	0.0244623504	0.1148131486	-0.1822854181	0.0057644102	-0.0242441974	0.0687083947	-0.0220317398	0.0098572834	0.0948184668	0.0351181187	-0.1486339019	-0.0530805734	0.038227833	0.0622050952	0.0001217818	-0.0029694439	-0.1208843492	0.1279997716	-0.0677054948	-0.1747307521	-0.0017286095	0.1140942825	-0.0655496581	-0.1728384671	-0.0640133569	0.0965016897	0.0064031192	0.0261578921	-0.0115947746	0.0425588429	-0.1094704326	-0.0407007632	0.0377778634	-0.008114439	0.0787693432	-0.1011947421	0.2655006196	-0.1046706298	-0.0526560205	0.1615650749	0.0587216142	0.1470663541	-0.0215619461	0.17347683	0.0839966645	0.1061100793	-0.0128130863	0.0648029201	-0.0145757325	0.1181852701	-0.0211275488	0.012260819	-0.1166816655	0.0198067722	-0.0246802361	0.0159895602	0.0388171368	0.0329203528	-0.105353158	0.05658065	-0.0364824973	-0.1236680095	-0.1208845441	-0.0711036506	-0.0293822376	-0.0224258373	0.0422221945	-0.0449008769	-0.0108012943	-0.0134909604	-0.0354748804	0.0724634243	0.1283038907	-0.0409910689	-0.0097857777	-0.0192093916	-0.0827052201	-0.0577866032	-0.1420748179	-0.0725516032	0.0323976116	-0.0539400628	-0.2448512087	0.0097731988	0.167435104	0.0415633988	-0.0086205337	0.1366012344	0.0257253786	-0.081713351	-0.0697192167	0.0441770624	0.0935038064	0.0337388018860025	0.0109518741828225	0.0011383067527029	0.0001199435481163	0.1376413410823005	0.0018487675570356	3.4179414799474294e-06	0.0189451387749341	-0.1699448883205008	0.0977272998058538	0.0095506251273432	0.0288812650662674	-0.0010500592203923	0.0006379701466523	1.1026243663308849e-06	4.070059080195571e-07	0.0038120466296656	-0.0007502070649301	5.628106402710354e-07	1.453169950674486e-05	-0.0010200048637966	-0.0001518471109792	1.0404099221687203e-06	2.305754511275984e-08	0.0	0.0	0.0	0.0	0.0	0.0	0.0	0.0	0.0	0.0	0.0	0.0	0.0	0.0	0.0	0.0	0.0	0.0	0.0	0.0	0.0	0.0	0.0	0.0	0.0	0.0
5664.151606135934	-3.23281097331801	32082613.41729229	10.451066789205338	4333.967724981017	44.36519778249385	18783276.241177134	1968.2707742797973	3924.9868375870974	-5.21837072424114	27.231393015617	15405521.675231963	3944.4311789974745	6806.096704661228	1.666404	51.33609	0.4411270846452872	0.2576009715890008	0.0052447481	-0.0632828714	0.1135508088	-0.1013889922	-0.1258735266	-0.001932716	0.1519807656	0.0194384776	0.0044536113	0.1802806183	0.1080355494	-0.2432517174	-0.0007984313	0.0550816287	-0.0826890827	-0.0164025849	-0.1253358111	-0.0473309111	-0.1386375511	0.1002381335	0.0607380725	-0.1500526419	-0.0398240298	-0.0375918336	-0.0361427071	-0.0546557452	0.1329458307	0.1568040516	-0.0173351061	0.0403163536	-0.0330411888	0.0290592011	-0.0738674566	-0.1267233351	0.1933419567	-0.0741207333	-0.2298749635	0.181027334	0.0405704161	0.2413040312	0.01899295	-0.1269873792	0.0820798704	0.1205029218	-0.1397637676	0.1419336209	-0.0758460678	0.0247721781	0.1508492234	-0.0215380743	-0.0491467746	-0.1123678716	0.0259750397	-0.1198476649	-0.016854291	-0.0268583993	-0.0653373072	0.0410844603	0.1149123477	0.0383712197	0.0081651855	0.0837402574	-0.0306063246	0.0554155426	0.1266683668	-0.00527728	-0.1604528709	0.0490211459	-0.065509559	-0.0760400891	-0.0979410944	-0.0337679109	-0.027234183	-0.134796046	0.0432410893	-0.0447598405	0.0030461708	0.0038384409	0.0051199966	0.0037630488	0.0809005817	-0.0237704813	0.0188610003	0.0511338693	-0.1006619516	0.0219528274	-0.1154257344	0.0313877366	-0.1143447819	0.0875631983	-0.0869051784	0.0092856549	0.2475391927	-0.0542670872	0.2749568132	0.0887943534	-0.0965076474	-0.0002014858	-0.0009125445	-0.1478616453	-0.1253471161	-0.031583514	0.0429825223	0.0062571494	-0.1598729014	0.1431001475	-0.0179878937	0.2833796191	0.1762855248	-0.0210939368	0.2635307133	-0.0069791503	0.1824107618	-0.0084323454	-0.1134876525	0.0466715259	-0.1334689299	0.0190423157	0.0999918897	-0.0995148563	0.0604317438	-0.011257394	-0.057357092	-0.0041913601	-0.064770926	-0.1092527119	0.0307127455	0.1067555669	0.005836491	-0.0375218523	0.0264396158	0.0266014864	0.0058807796	-0.0411924729	0.1172511128	0.0392127695	0.0065774963	-0.0025694141	-0.0259477738	0.0026245609	0.0612502329	0.1096846317	-0.0751054281	0.113323021	0.0068950768	-0.0612631338	0.0627181711	-0.1090913547	0.1275653979	-0.0021997951	0.0144718173	-0.0751572582	0.0385035926	0.0779023138	0.0237434487	0.0471318238	0.0557007419	-0.0004563756	0.0032123688	-0.051200506	-0.0038893161	0.0753853276	0.0129403778	0.0362997585	0.0460056337	0.024905909	-0.0939788339	0.0016380913	0.0026019974	0.0244025048	-0.0831011765	-0.0668428233	0.0489641061	0.091849115	0.01717954632295	-0.0165592555630525	0.0002951368118623	0.0002742089448024	0.0802606066205271	-0.0573807344617734	0.0032925486873725	0.0064417649750949	0.0316453539346355	0.2015902422551363	0.0406386257724845	0.0010014284256483	-0.0027859092834387	-0.0017358500630464	7.76129053554993e-06	3.0131754413781917e-06	0.0027451374922247	-0.0010669091374408	1.1382951075548848e-06	7.535779851217716e-06	-0.0015291827106158	-0.0005091778468192	2.3383997624462853e-06	2.592620796914368e-07	0.0	0.0	0.0	0.0	0.0	1.0	0.0	0.0	0.0	0.0	0.0	0.0	0.0	0.0	0.0	0.0	0.0	0.0	0.0	0.0	0.0	0.0	0.0	0.0	0.0	0.0
5662.363437208032	-1.7881689279020063	32062359.69503036	3.1975481147142117	4267.237094566471	-66.7306304145468	18209312.42124409	4452.9770355228375	3934.887824904983	9.900987317885663	98.02954986893278	15483342.194585469	3946.50727595491	6654.649581202174	1.295825	39.919827	0.1603940178828247	0.1062686091631322	0.0695420484	-0.0718577156	0.1287772078	-0.1380529028	-0.0874001952	0.024271226	-0.0426133446	0.1169595916	-0.1354413835	0.1175920348	0.1232850341	0.0193639598	0.024285763	0.0214264897	-0.0939259993	0.136075592	-0.1469841715	-0.0562227131	-0.1184763243	0.0982003969	0.0012284617	-0.045809898	0.0129387834	-0.1277151134	-0.0276928448	-0.0298002546	-0.1095277606	-0.0754173326	0.0168454501	-0.17005841	-0.0650997926	0.1627824888	0.0058687639	-0.0794837974	0.1482620741	0.0060048852	-0.0141590698	-0.0223962132	-0.0333011348	-0.0248935383	-0.0390355103	0.0133310327	0.0288474549	0.1227953862	0.181560267	0.0054423757	-0.1021801512	-0.0627673071	-0.0415199416	0.0215905433	0.0005687744	0.0798007682	-0.0398811208	-0.1430965211	0.0165451467	0.0370624643	0.0614094832	-0.0527913783	0.0455541865	-0.0045693835	-0.0534188957	0.0113290734	0.0262166559	-0.0074668579	-0.1263106782	-0.0295411765	-0.0892114261	-0.0494074486	0.0505388317	-0.0040270658	0.0063307849	0.0390486489	-0.0972312555	0.1074994415	-0.0601479561	-0.0922424178	0.0768774273	0.0930929117	-0.0475029659	0.0604919389	-0.127849273	0.0927413668	-0.0590776431	0.0326083178	-0.1211005709	0.1533746232	-0.1028444786	0.0997493863	-0.099218951	0.0605419818	-0.1168000398	0.0094909619	0.0726277112	-0.0399631068	-0.0442688036	0.0608384644	-0.0532950669	-0.0181593898	-0.041184301	0.0727736653	0.1118510876	0.0297315064	-0.0201159144	-0.2459890375	0.081679017	0.0978678858	0.1201309829	-0.0575641783	0.0930903825	0.0259345211	0.0545524601	-0.0817649026	0.1007341982	0.1493533774	0.0816840823	-0.0080948679	0.1290172102	-0.0437946794	0.0899469638	-0.0149753086	0.0031697059	0.0267071143	0.0524825538	0.082839606	0.0640715165	0.1702953729	-0.0534710122	0.0115778855	0.0473657299	0.0020599816	0.0101126207	-0.0479440798	0.062588857	0.0517195225	0.0949804264	-0.0305191285	0.044884365	-0.0790722857	0.1070123352	0.1184697485	-0.169257204	-0.0321127944	-0.0541035165	-0.0481956839	-0.0121392028	-0.0837508056	0.102827043	-0.1369827335	0.1872294942	0.041710416	0.005931923	-0.0370022243	-0.0214525031	0.1041200679	0.073847216	-0.0083434779	0.057170054	-0.0049110321	0.1251362995	-0.0943301085	-0.2119915025	0.0603998395	0.0776446673	0.1210155415	0.0448532466	-0.0369058557	-0.0766831555	-0.0340278008	0.0045654864	0.0230746094	-0.0844206031	-0.0638426524	0.0535899776	0.0897220992	0.0105601334112179	-0.0066194129117321	0.0001115164176627	4.3816627296005655e-05	0.0638135681023897	-0.0164470385181374	0.000270505076017	0.0040721714739583	0.1305484714800258	0.0989031175453903	0.0097818266601972	0.0170429034057711	-0.0028600488930908	-7.413960965210005e-05	8.179879670869912e-06	5.496681719365766e-09	0.0023282973328317	-0.000416840159393	1.737557184827817e-07	5.420968470071209e-06	-0.0012516735015096	0.0002775092091062	1.5666865543813024e-06	7.701136113874867e-08	0.0	0.0	0.0	0.0	0.0	0.0	0.0	0.0	0.0	0.0	0.0	0.0	0.0	0.0	0.0	0.0	0.0	0.0	0.0	0.0	0.0	0.0	0.0	0.0	0.0	0.0
5646.007613181557	-16.355824026475602	31877401.968104094	267.5129795850366	4217.549711633901	-49.68738293256956	17787725.570103202	2468.836022687805	3925.2438066142313	-9.644018290751774	93.00708879235476	15407538.94136338	3941.1704703175137	6791.508675452335	1.506624	46.413818	0.1358983224905186	0.0716785406015158	-0.0143374165	-0.0491270392	0.1425605988	0.035510921	-0.1205690826	0.0946616023	0.0663314095	0.0594000302	-0.1998531182	0.0133137296	-0.1051132634	0.085128172	-0.0580178872	-0.0528234896	-0.0997198758	-0.0717807569	-0.1083755836	0.0160678817	-0.0249828509	0.1508220018	0.0596829128	-0.1290685264	-0.0369995236	-0.0105718034	-0.1587864129	-0.0307484774	-0.0674539595	0.0572143741	0.0535678186	-0.0613048825	-0.0443303077	0.0767885547	0.0065138901	-0.0369715519	-0.0106364877	-0.0285476535	-0.1666934564	-0.1059596591	0.1204426053	0.0455236969	-0.0826507814	-0.0786310421	-0.0669106754	0.0986091096	-0.0428249867	-0.1321116681	0.1645612181	-0.0737201647	0.0984816925	0.0337851335	0.1206081413	0.1165441474	0.0008426239	0.0815126566	-0.0747029698	-0.0209019138	-0.0638642744	0.1066810743	-0.0809761989	-0.050941841	-0.0860018593	-0.1093470938	0.0632874735	-0.1500479861	-0.0880768158	0.0708708931	-0.0705939894	0.0521039835	0.0819711012	0.0499877548	0.1911399907	0.0474026853	0.0951813989	0.0012807534	-0.0232735013	0.0033895022	-0.0333269961	0.1177242245	-0.0402168683	0.0135870244	0.0427483185	-0.0910374449	-0.1342219653	-0.0322497708	-0.0950448835	0.0187963446	-0.154739411	-0.0869928104	-0.0223797712	0.0886912451	0.055837943	-0.0680402287	0.1040120364	-0.1602943506	-0.0495653966	-0.0846244568	0.0986129224	-0.0260544318	0.0107463573	0.0460534574	-0.0813970627	0.0555741248	-0.038076123	-0.071318381	0.1252059005	-0.014248944	0.0125512003	0.0438047757	-0.1026909528	0.0336230356	0.1568856983	0.0621287356	0.1403124389	0.1363904622	0.1402119551	0.0783724641	-0.0063883404	0.0189222216	-0.0632289839	0.0021975004	-0.1359024765	-0.1985912004	0.0087235029	0.0946117987	-0.1038537676	-0.0960136307	0.0285151614	-0.0636473185	0.2394120787	-0.0589486369	-0.0810224925	0.1193603416	-0.0052652414	-0.016598263	-0.1072389988	0.0149642916	0.0418269304	-0.0178971616	-0.0172991043	0.133224664	-0.0378754252	-0.0860805936	-0.0271273199	-0.05480303	-0.1257540905	-0.060280916	0.0672293936	-0.1234762618	0.1272898516	-0.0905731795	-0.0390593298	-0.1293464196	0.0173258467	0.0067112121	0.0981854894	0.0293000889	-0.0508033437	-0.1117068948	0.0148260828	-0.0185784074	0.0734814037	0.0513113009	0.003386786	0.0258439944	0.0650038127	0.0191705283	-0.0952322739	0.0195642337	0.0007504326	0.0217419657	-0.0856705448	-0.0607242596	0.0580394502	0.0871336971	0.0216525095115116	0.0110923761002937	0.0004688311681461	0.0001230408075503	0.038890177715416	-0.0249233903869736	0.0006211753883814	0.0015124459227366	0.0788555856086645	-0.0516928858713613	0.0026721544497095	0.0062182033816854	-0.0029478348172871	-8.778592419629973e-05	8.689730110010069e-06	7.706368486998482e-09	0.0030526340436014	0.0007243367107696	5.246636705686679e-07	9.318574604154235e-06	-0.0011000027338378	0.0001516707676717	1.210006014450634e-06	2.3004021766153085e-08	0.0	0.0	0.0	0.0	0.0	0.0	1.0	0.0	0.0	0.0	0.0	0.0	0.0	0.0	0.0	0.0	0.0	0.0	0.0	0.0	0.0	0.0	0.0	0.0	0.0	0.0
5659.256441772792	13.248828591234997	32027183.47374684	175.5314590399259	4355.549812549171	138.0001009152702	18970814.169597123	19044.02785262476	3938.1853097946578	12.94150318042648	167.4825045689887	15509303.534282444	3960.072784355165	6597.341984621794	1.738962	53.571339	0.15510640508769	0.1175667165355746	0.1261254332	-0.0363032279	0.0762891928	-0.0005203481	0.0179402787	0.1122383713	-0.0551649192	0.137568708	0.1156759556	0.0802196022	-0.046983849	-0.0063551345	-0.0648631111	-0.1575348548	-0.077299318	0.1951438701	-0.0680006111	-0.1147564323	-0.0094240847	0.0616935589	-0.0688162492	0.0943439015	0.0703781598	-0.0276603409	-0.1079991071	0.0437482246	-0.1362573654	0.0442905	-0.0001574967	-0.0752031503	0.0742431903	0.0445362883	-0.0296906175	-0.1200886881	0.0222926821	0.196012594	0.0039522803	-0.0232500654	0.1367671831	-0.0240195752	-0.0137883526	0.0125095926	0.0425257188	-0.0221995392	0.1012187893	0.0738983705	0.1064479322	0.0523469947	-0.0077994795	0.055068502	-0.0318528942	-0.1085190098	-0.0595135886	-0.0157264662	-0.0897136108	0.020587842	0.0394645696	-0.0121018637	-0.0193781117	0.0472480587	0.0881845356	-0.0408529324	0.0430993487	-0.0576926228	0.0212274645	0.003344146	-0.0246956107	0.0262007754	-0.1116487952	-0.0105530893	0.0287422631	0.0784162334	0.066858944	0.0019941671	-0.0259197583	-0.0180704763	0.020910176	0.0608515428	-0.0043240665	-0.0906723443	-0.0286371695	-0.0003271485	0.0894488082	0.1195188205	-0.095949864	0.1688059327	0.0962162143	0.0737015742	-0.0485778955	-0.0926602516	0.0122478835	0.0657845342	0.0003337127	-0.2132367701	0.0163087554	0.0066575672	-0.0833780556	0.0196700071	0.0976847131	0.1452580512	-0.000750264	0.0788932204	0.0484917943	-0.0128732233	0.0369629248	-0.0301012354	-0.0643171333	-0.1503727704	-0.0743718127	0.0175390325	-0.0870761791	-0.1888447154	0.0612365189	0.0851173173	-0.0158227794	0.0686494434	-0.0064263112	-0.1550331174	0.0177503754	-0.0339623652	-0.0311731945	0.1013111163	0.0916805268	0.101714075	-0.0914566726	-0.1010452293	-0.0395436171	-0.0612221962	0.0190136668	-0.0517324612	-0.0852059899	0.0348817588	0.135726295	0.0985672917	-0.028604185	-0.0061910569	-0.0648937026	-0.0094378846	0.0363429578	-0.0022878584	0.0686504613	-0.0445073444	0.0439958544	-0.0021438594	-0.0389680326	-0.1017518948	0.0658208272	-0.0373229819	0.1066291201	-0.0079400729	0.074473413	0.0519295147	-0.1341085614	-0.0541135974	0.1526625175	-0.0998868114	0.0520274524	-0.0991595565	0.1201994621	-0.0613223404	-0.1070075741	-0.1467591069	0.0658702464	0.0788374265	-0.0500939037	-0.025306815	-0.0172015327	0.0003804668	0.0203988362	0.020404848	-0.0868499729	-0.0574934194	0.0622978778	0.0840972192	0.0170802216471628	-0.0045722878643488	0.0002917339715162	2.090581631447133e-05	0.0411746814864528	0.0022845037710367	5.218957479881347e-06	0.0016953543955108	-0.0406769710547649	-0.1195325566634294	0.0142880321024959	0.0016546159741901	-0.0032857827268359	-0.0003379479095488	1.0796368127973164e-05	1.1420878956840414e-07	0.0029069677297384	-0.000145666313863	2.1218674994434112e-08	8.450461381740426e-06	-0.0011907296462035	-9.072691236569987e-05	1.417837090347912e-06	8.231372627413385e-09	0.0	0.0	0.0	0.0	0.0	0.0	0.0	1.0	0.0	0.0	0.0	0.0	0.0	0.0	0.0	0.0	0.0	0.0	0.0	0.0	0.0	0.0	0.0	0.0	0.0	0.0
5592.15884699083	-67.09759478196156	31272240.56997781	4502.087225524316	4156.084904762286	-199.4649077868853	17273041.73559294	39786.249438430656	3907.835038930532	-30.350270864125832	921.1389415258054	15271174.691493193	3923.0023427749857	6886.226399809431	3.176304	97.850815	0.6466941318123426	0.41913463459276	-0.1407192106	-0.0553844042	0.0768831849	-0.118016084	0.0467382118	0.1715565071	0.1983909092	-0.0989502272	-0.2373912488	-0.0717308536	-0.0659153234	0.0299381711	0.0373270435	-0.1857748414	-0.040576021	-0.4000394229	-0.0336643288	0.1197889737	-0.1157038908	0.0069118251	-0.0869997067	-0.2971140969	0.2256086157	0.4301461604	0.0048196367	-0.1132385502	-0.0221100554	-0.0808495524	0.1416052154	0.1540435843	0.1648588319	0.0576929053	0.0013368563	0.0193070981	-0.0786148819	0.0926263947	0.0496418639	0.0038704703	0.0295734263	0.0200513282	-0.0403659939	0.0691149864	0.036760532	-0.0520906955	0.0097959454	-0.0523154869	-0.0793769478	-0.0878916678	0.0407547422	-0.0028654086	0.0010972001	0.1292828921	-0.0933048669	-0.101809408	0.0464503793	-0.0010427165	-0.0028917072	-0.0307775989	0.0184065731	0.0501670766	0.0499820306	0.0160559793	0.0071524451	0.0152114336	0.0225374785	0.0272587904	-0.0093805419	-0.0061444811	0.0689976905	-0.0847373428	-0.0381926576	0.0657171835	-0.0698674457	-0.0315559938	-0.119045442	0.0266827015	0.0480234644	0.0037056223	-0.0010445359	-0.0595207757	-0.0388390707	0.018216326	-0.085311247	0.0232037597	-0.0244846442	-0.1933706878	-0.224548978	-0.27118267	0.1060549369	0.050470379	-0.0896131233	0.2103624405	0.118262529	0.0031203818	-0.0435335675	-0.4482749229	0.1185977872	-0.1489671573	-0.0501466786	-0.1026523454	-0.1375480906	-0.1156868214	0.0511526849	0.2449968266	0.0545634795	0.1456553695	0.0111236925	-0.1025060762	0.1415009434	-0.0984203831	0.0096902888	0.0456966414	-0.0743497402	0.0431773559	0.0139948255	0.0667866692	0.0264865405	-0.1158705258	-0.0773131097	-0.0013218052	-0.0089225667	0.1106546359	-0.0337888246	-0.0482072887	0.122529735	0.0686665553	-0.0392523036	-0.017741166	0.0218072513	-0.0375944482	-0.0160215523	-0.0215507435	0.0441687855	0.0761718053	0.0404240731	0.0300061786	-0.0655257794	-0.0184428011	0.0322744566	-0.0070832845	-0.0553909444	0.0443165631	-0.0288686854	-0.0418653281	-0.0057681079	0.0630479042	-0.027482439	-0.1155327268	0.0738084949	0.16572615	-0.0514754489	-0.2198547634	0.1774436822	-0.1613611377	0.1603839508	0.3443492923	0.013528221	0.0096792862	-0.4717203696	-0.1024954082	0.4040721909	-0.0757124393	-0.0715479677	0.0656740076	0.0744015406	-0.0828519971	-0.1010690415	-0.0916685834	-0.0214729861	0.0190635313	-0.0879579165	-0.0541561147	0.0663512432	0.0806282803	-0.0074704832509269	-0.0245507048980897	5.580812000237934e-05	0.000602737110993	0.126438540017574	0.0852638585311212	0.007269925571615	0.0159867044017756	-0.1985097777399715	-0.1578328066852066	0.0249111948661297	0.0394061318583728	0.0032424111693561	0.006528193896192	1.0513230191165192e-05	4.2617315546278494e-05	0.0035547467537007	0.0006477790239623	4.196176638855504e-07	1.2636224482945666e-05	-0.0007857673323993	0.0004049623138042	6.174303006659119e-07	1.6399447560165138e-07	0.0	0.0	0.0	0.0	0.0	0.0	0.0	0.0	1.0	0.0	0.0	0.0	0.0	0.0	0.0	0.0	0.0	0.0	0.0	0.0	0.0	0.0	0.0	0.0	0.0	0.0
5628.528717690357	36.36987069952647	31680335.52586505	1322.7674947002745	4281.043022638182	124.95811787589628	18327329.361679062	15614.53122308639	3891.32293635188	-16.512102578652048	272.6495315679276	15142394.194978217	3914.555220293594	6968.542633931117	2.691005	82.900452	0.2742468910986053	0.155251247191068	-0.1834992014	-0.0619291217	0.1633635237	0.1168542215	-0.1504394726	0.1079647131	-0.1399313611	0.0211345512	0.0536001721	-0.1018432455	-0.003657936	0.0225401053	-0.0707074798	-0.0411764856	-0.0972837525	-0.5189999927	-0.1736586461	-0.2896286282	0.2091868442	0.0479979461	-0.3227456692	-0.0040890703	0.0465727802	-0.0198792913	0.1025378735	0.1045502747	0.0670126665	-0.0576851399	-0.0635340407	-0.0810026857	0.002634286	-0.1209362416	-0.015023755	-0.0042426018	0.1343638177	-0.1648419068	-0.0316937731	-0.0862773447	0.1144966303	-0.0794004164	0.1001935479	-0.0215021038	-0.0492813196	-0.0406813638	0.0042179804	0.1132781601	-0.0317500348	0.0021360011	-0.0377643959	0.0318107915	-0.0816875746	-0.0407607956	-0.0291588717	0.0393928265	-0.0496396622	0.0263658152	0.0116276395	-0.0102667645	-0.052981519	0.0690025213	-0.0215056662	0.005926447	0.0487108351	-0.0235876023	0.0009929981	0.0443420005	0.0651143011	-0.0374382002	-0.0739482675	0.0988955246	0.0058661468	0.0252138125	0.0081381712	0.0754833451	-0.0054951817	0.0540686896	0.0093651815	0.0014195355	0.0250868346	0.0398598102	-0.0112378784	0.0270486207	0.1078770385	0.0418151472	-0.0332128964	-0.092796763	-0.1793233248	-0.5003867046	-0.2342225384	-0.1482081177	0.0683064911	0.1958043698	0.1181174217	0.2636905405	-0.119910198	0.0254684195	-0.2618937901	-0.0329594679	0.1152438426	0.0046018774	0.1348403658	-0.0783246143	-0.1166857037	-0.0049508132	-0.1245734471	-0.1201407639	0.1166539803	-0.0012586883	-0.1256995935	0.1114125922	-0.0253598542	-0.1086822307	-0.0780984634	-0.0216072268	-0.0489114308	0.0344579902	0.0012048322	0.0151652163	-0.0077496859	-0.0098227093	0.0106468692	0.0048065353	0.0187250897	0.0645629211	-0.1490577909	-0.015440325	-0.0243609092	0.0723026878	-0.0269587814	0.0414543681	0.0098107404	-0.0019754013	0.0593492595	-0.0315164743	0.0009698372	0.0133884172	-0.0387778186	0.073312957	-0.0091711011	-0.0423604607	-0.0122394489	-0.0549133445	0.0180906769	0.0302891996	0.0811750705	0.1051328469	-0.0073193658	-0.1618016627	0.0531858466	-0.2047577334	0.1486515625	-0.0906425385	0.1303725304	-0.1718838277	0.0090290012	0.1283801365	-0.2401434509	0.0991352106	0.0645752789	0.1511680239	-0.0328980392	-0.0444765999	-0.0015040063	0.2363430251	0.0569746131	0.082755263	0.018710289	-0.2662798529	0.1193437366	0.0177182917	-0.0889934638	-0.0507185253	0.0701862042	0.076744719	-0.0083368007555009	-0.0008663175045739	6.950224683692037e-05	7.505060187313223e-07	0.1000408561730665	-0.0263976838445075	0.0006968377123545	0.0100081729038401	-0.2470060394025353	-0.0484962616625637	0.0023518873952438	0.0610119835013268	0.0057780335389337	0.0025356223695776	3.3385671577042695e-05	6.429380801102322e-06	0.002769883628128	-0.0007848631255727	6.160101258837479e-07	7.672255313371533e-06	-0.0014350143989882	-0.0006492470665889	2.059266325303465e-06	4.215217534742916e-07	0.0	0.0	0.0	0.0	0.0	0.0	0.0	0.0	0.0	1.0	0.0	0.0	0.0	0.0	0.0	0.0	0.0	0.0	0.0	0.0	0.0	0.0	0.0	0.0	0.0	0.0
5659.050345251099	30.521627560742672	32024850.810086586	931.5697489566868	4293.958102581372	12.915079943189994	18438076.18672422	166.7992899389885	3933.803094383446	42.48015803156613	1804.5638263868327	15474806.785380775	3946.826530414409	6602.629725104797	2.746378	84.606323	0.7597338386737834	0.5578244398627032	0.0851878426	-0.0324579932	0.1644697948	-0.0983425175	-0.1139422628	0.042458144	-0.2316266637	0.2187427394	-0.0158280825	-0.0275344975	0.2333504417	-0.0057926747	0.0464600967	0.0162132338	-0.0723942904	0.1678114407	-0.1308415586	-0.2808156095	0.0117340832	0.0194356172	-0.0607681683	0.0164664523	-0.0266817467	0.121693632	-0.0337512999	-0.011457895	-0.0536161976	0.1295871096	0.0481855645	-0.0869263371	0.0584869882	0.0227588964	-0.0166606128	0.0395489501	0.0770509089	0.0010579223	-0.0327517574	-0.048535824	0.0665594081	-0.0669872992	0.0078457768	0.0326414802	-0.1037276537	-0.1378882481	0.0190884658	-0.1730136759	0.0669765215	-0.0311168379	0.0393239435	-0.0851636998	-0.0331009555	0.0268446224	0.0186717083	-0.2251372698	0.1175726947	0.0633386166	-0.044752319	-0.1236189702	0.0750126626	-0.1956776888	-0.0733451905	0.066402433	-0.0644915765	0.006524039	-0.0487988265	-0.0538931083	0.1472588835	0.1221679593	-0.0359005735	-0.0161522115	0.0122354714	-0.0639268473	0.0476957457	-0.0227638152	-0.0199706463	0.0748815325	-0.041334602	-0.0277849993	-0.070252816	0.064267647	-0.0008764524	0.1177646428	0.0689286034	-0.0136070663	-0.106388348	0.2217378274	0.0533959956	0.0360046944	-0.2611295962	-0.1410681064	-0.0302150611	-0.0100474756	0.0397004246	0.045399019	0.0569334622	-0.0393457974	0.0111146366	-0.0490667552	0.0137935342	-0.0581560261	-0.0684962952	0.042837953	-0.0396862521	-0.0636652912	0.1065430678	-0.0486372281	0.0923729931	-0.0071425419	-0.040056356	0.0532644059	-0.0199773268	-0.12716299	-0.0897086479	0.1011145677	-0.0290050968	-0.0132709674	-0.0184303113	-0.1666224281	0.0312683012	-0.062247648	-0.181882379	0.0213306773	-0.093223034	-0.1308664573	0.1705434582	0.031812115	0.0711347946	0.071974299	0.0130945552	-0.0494165423	0.0007858622	-0.1954781086	0.0076718948	-0.0771063827	-0.0381432303	0.1053977451	0.0710023776	-0.0205108407	0.0500549845	-0.0431207698	0.0836427936	-0.1687606974	-0.035534763	0.0526736132	-0.1093131929	-0.1012767483	0.0740264591	-0.1197679902	0.1463110317	0.0097861052	0.0718557382	0.0386096813	0.0262459477	-0.0576054453	0.0362261204	-0.0824113547	0.0774080388	-0.1147117454	0.0569935	0.0132863719	-0.1701312131	-0.0845964171	0.1100871288	-0.0517297392	-0.0406429034	-0.0336239571	0.0409796099	0.0493071473	0.042654639	0.016369406	-0.0899557625	-0.0471870168	0.0737901375	0.0724665061	-0.002906905421554	0.0054298953339469	8.450099129860039e-06	2.948376333761832e-05	0.0656107488087087	-0.0344301073643578	0.0011854322931212	0.0043047703592394	0.0401383920655433	0.2871444314680786	0.0824519245231261	0.0016110905176072	-0.0024460386151025	-0.0082240721540362	5.983104906572556e-06	6.763536279479361e-05	0.0029740417915424	0.0002041581634143	4.168055568874082e-08	8.844924577840728e-06	-0.0016613721716856	-0.0002263577726973	2.7601574928513264e-06	5.1237841260527784e-08	0.0	0.0	0.0	0.0	0.0	0.0	0.0	0.0	0.0	0.0	1.0	0.0	0.0	0.0	0.0	0.0	0.0	0.0	0.0	0.0	0.0	0.0	0.0	0.0	0.0	0.0
5625.770711050163	-33.279634200936016	31649296.09330986	1107.53405254811	4198.620522706793	-95.3375798745792	17628414.293694664	9089.25413634177	3922.215046254751	-11.588048128694936	134.2828594329502	15383770.86906716	3939.356263343092	6674.49966855061	1.65611	51.018948	0.1563101198232899	0.1122297698377562	0.0123373551	-0.0253573242	0.0940857861	-0.1235210047	0.0014731802	0.0241791518	0.0777185157	0.0341188435	-0.2071396993	-0.1596432258	0.0368249077	0.1414812687	0.1480986042	-0.0614101136	-0.0758302663	-0.0563387749	-0.0605127021	0.0069328605	-0.1541834297	-0.0589298211	-0.0391713622	-0.0208374428	-0.0119780416	0.0561056054	0.0411928693	-0.036405296	0.0577679709	0.010515056	-0.0296590736	-0.0228085602	0.0457908577	0.0318005193	0.0129365139	-0.0221860539	0.0506334402	0.1259323907	0.0650705349	0.1477227927	0.0632718773	0.0368319168	0.0327738889	0.0124529278	-0.0303544956	0.0096030614	0.001030482	-0.0842397144	0.189646252	-0.05883428	0.0019499841	0.0614533582	0.0544162661	-0.1485094204	0.0133122828	0.1126277574	-0.060185063	0.001913413	-0.0539648493	-0.0176539889	0.0362429248	-0.0615429543	-0.1044325321	-0.070270479	-0.0403217859	0.1124758811	-0.0677592628	-0.0082490966	0.1362278534	-0.0130303231	0.0771803503	-0.0295057268	-0.0978291025	0.0169664024	0.1056983894	0.1419273575	0.0749846397	0.0036640286	0.0533689777	-0.0713293722	0.0608651276	0.0090967282	-0.0275505542	-0.1241518307	0.0251063468	-0.0888033344	-0.0704747092	-0.0202536559	-0.0707365342	-0.0581945583	0.043156859	-0.0108913099	-0.1776503487	0.0022236252	-0.0778114709	0.0151447528	-0.0181068295	-0.1685052683	-0.0178314203	0.0093205369	-0.0734482823	0.0505891791	-0.1036959112	0.0127745715	-0.0290612572	-0.0377632539	0.1372776785	-0.0779668325	-0.0593198094	-0.068235747	-0.0498019253	-0.0366051171	-0.0023678734	-0.0546479346	0.1326760473	0.0292643917	-0.1484353833	0.0143547916	-0.069792377	-0.0189758329	0.0162900321	-0.0593515443	0.0009527856	-0.0146914011	0.0682183653	0.0344648809	-0.0007477987	-0.0638637459	0.0486916696	-0.1249532671	0.063000755	-0.0059920319	-0.0550356584	-0.1027731406	-0.0764288982	-0.1007053665	0.0051398735	-0.1039754529	0.1356826281	0.1977238098	0.0057935264	-0.0082742717	0.1258717929	0.0145189143	0.1534353999	-0.0502057234	0.0380979991	-0.0544946057	0.0205140857	-0.0886868434	0.0560290931	0.0573482263	0.0715511224	-0.0176810637	0.0877069649	-0.0439861319	-0.0638797496	0.0191425243	0.1281710328	0.0902646242	-0.0212833459	0.0634581395	0.0221435942	0.0005467365	-0.0209426409	0.0925051525	-0.0045725659	-0.0542601712	-0.0074706454	0.0792573397	-0.0846116732	0.0150171519	-0.0908440203	-0.0435681289	0.0771511802	0.067815642	0.005292749917487	0.008199655339041	2.8013201689058644e-05	6.723434767906359e-05	0.0606243521654619	-0.0049863966432467	2.486415148378289e-05	0.0036753120754819	-0.0584947852426438	-0.0986331773081871	0.0097285036659082	0.003421639900583	-0.0016939000008268	0.0007521386142757	2.869297212801033e-06	5.657124950845703e-07	0.0029430069063767	-3.103488516569995e-05	9.631640972481828e-10	8.661289650980954e-06	-0.0017680164829005	-0.0001066443112149	3.125882283807854e-06	1.1373009114500473e-08	0.0	0.0	0.0	0.0	0.0	0.0	0.0	0.0	0.0	0.0	0.0	1.0	0.0	0.0	0.0	0.0	0.0	0.0	0.0	0.0	0.0	0.0	0.0	0.0	0.0	0.0
5648.051413950035	22.28070289987136	31900484.774622984	496.429721712336	4297.4225037907545	98.80198108396144	18467840.1760872	9761.831466115473	3930.860690588049	8.645644333297696	74.74716593788256	15451665.768810352	3952.006249717858	6589.278165900171	1.204373	37.102531	0.121418705010189	0.0815391385275397	0.0480406318	8.18686e-05	0.1339733554	-0.0525969015	-0.085522235	0.0215532419	0.030534412	0.0953357016	-0.0283745975	0.0483645731	0.0973123898	0.0148996479	-0.0711535308	0.1105687086	-0.0700474602	0.0733618277	-0.0594593374	-0.0997092452	-0.0441259522	0.0384486571	0.1202011959	-0.0642935664	-0.076275007	0.0336431826	0.0343635105	-0.0647893835	-0.018484891	0.1126824222	-0.082394915	-0.0941116523	0.0644046834	-0.0178316643	-0.0730670402	-0.0005394208	0.0020278534	-0.0136065313	-0.0095928225	-0.0797852344	-0.0859945883	0.0057188037	-0.1796858956	0.0757671214	-0.0727806532	-0.1336992505	0.0444314757	0.1808126159	0.1007489393	0.1353413865	-0.0396575887	0.0154876045	-0.1626966246	0.0841098886	0.0226260622	0.2845790373	0.0948863279	0.0552753495	-0.0151728845	-0.0119161363	-0.1395471464	0.033228813	0.036835901	-0.0246868131	-0.0006080192	0.1134298819	0.0717568772	-0.1815179171	-0.0494131392	0.020834647	-0.042072304	-0.1348769011	0.011655611	0.006010078	0.0584483106	-0.000286746	-0.037745534	-0.0220083371	0.2131841058	0.0576349784	0.0610994029	0.0603115974	0.1248247876	0.0565219162	0.0358599218	0.0244681035	-0.0854371652	0.0204050395	-0.0522904637	0.0770862766	-0.1432884988	0.0161658312	-0.0390290153	-0.1138501766	-0.0221606571	-0.0032801508	0.053600496	-0.0800217464	0.0327382443	0.0836822543	-0.0049402407	0.0568909304	-0.086012949	-0.0200650803	0.1104777265	-0.0590622192	0.0169247396	-0.0177418073	-0.0250571041	-0.0422170259	-0.1005029749	0.0402742273	-0.0768361156	-0.0451928836	-0.088027485	0.0086935744	0.1172721927	-0.018821294	-0.1247948003	0.0675525601	0.0005468693	0.0480289145	-0.1178204365	0.0380125796	0.0109592809	-0.0467222849	-0.1794145237	-0.0469053411	-0.1844059116	0.0689512449	-0.1083535898	0.2476700641	0.1330504854	0.0757419029	0.0045440589	-0.0769123725	0.0846117577	-0.0415059347	-0.0363491391	-0.0225236423	0.0213309664	-0.1307970643	0.0537359038	0.1855030085	0.0264889353	0.181872824	-0.0407824638	-0.0863711248	0.0340419778	-0.1127387376	0.0831579564	-0.0243023147	-0.0110518041	-0.0699917612	0.0569542733	0.0473591627	-0.0983372113	-0.0454445769	0.1069118149	-0.0416253605	0.0504543637	0.0530241628	-0.0793931063	0.0528514244	-0.0241344626	-0.0808822665	0.0286249812	-0.0784087431	-0.0322614268	0.0204805007	0.0074428683	0.0136618075	-0.0916575064	-0.0398685628	0.080258269	0.0628160431	0.0030988905750461	-0.0021938593424408	9.60312279610955e-06	4.813018814415217e-06	0.0801914977614899	0.019567145596028	0.0003828731867761	0.006430676313231	0.0127692131775063	0.0712639984201501	0.0050785574708271	0.0001630528051726	-0.0021874914422171	-0.0004935914413903	4.785118809773048e-06	2.43632511013754e-07	0.0029049093636979	-3.809754267879986e-05	1.4514227581629764e-09	8.43849841129974e-06	-0.0017318314339382	3.6185048962300136e-05	2.999240115576442e-06	1.309357768404058e-09	0.0	0.0	0.0	0.0	0.0	0.0	0.0	0.0	0.0	0.0	0.0	0.0	0.0	0.0	0.0	0.0	0.0	0.0	0.0	0.0	0.0	0.0	0.0	0.0	0.0	0.0
5643.37680333913	-4.674610610904892	31847701.74446617	21.851984363584613	4248.925244512267	-48.49725927848704	18053365.73345363	2351.984157524797	3928.154051216744	-2.7066393713048456	7.325896686297489	15430394.250090515	3949.2734362141296	6655.679464327835	1.235548	38.062916	0.2783558537558906	0.1829373054383896	-0.0005931868	-0.0048813628	0.0922928402	0.0567580084	-0.0903145789	-0.0310051288	0.0108122837	0.0500297201	-0.0733532286	-0.0308964655	-0.1463123577	0.0322547109	0.017369839	0.0205480187	-0.0404765328	-0.0426110577	0.0162309225	-0.0047084658	-0.0558291854	-0.0531872963	-0.0262577529	-0.0308002096	-0.1146821081	0.1169355398	-0.1040785151	-0.03758587	0.0469224238	-0.0738124192	-0.0976291628	0.0440646442	-0.1403488876	0.0619910332	0.1388916299	0.0039881772	-0.0176281235	-0.1129472194	0.0984778012	-0.0040086367	-0.0588807186	0.0514858552	-0.0093428645	-0.0012939742	0.042722771	0.008796334	0.0239015085	0.072253855	-0.0007571117	-0.0436307579	-0.238836663	-0.0334334374	0.1247090059	0.0218750848	0.1407277804	0.133302875	0.2000158138	-0.1655188202	-0.0544223367	0.1136002579	0.1570431878	-0.0285123364	0.0259440108	-0.0751383927	0.0315585819	-0.0282562287	-0.0651608922	-0.0054458074	-0.1112572762	-0.0231012883	-0.1144493508	-0.0250028722	-0.0121652068	0.0679777029	0.0934944959	0.0284016594	0.0374134994	0.0407678863	-0.1653293133	0.0574304944	0.0349785732	0.0168589328	0.0186633629	0.0928464278	-0.013820645	-0.0744052939	-0.0362561666	-0.0060221445	0.0417367839	-0.1067396982	0.0564853281	0.0239474662	-0.0595570986	-0.0916109892	-0.0424021086	-0.0452853571	0.062378406	-0.0739551588	0.0109868762	-0.0201217304	-0.115140413	0.1168816574	-0.0438073044	0.0498562794	-0.1157285507	0.0046934701	-0.0930715012	-0.0790790775	0.053911484	-0.0163551149	-0.0027061259	-0.0078727794	0.0545245664	0.0586706579	-0.0004656712	-0.1154492843	0.1033680054	0.113141933	-0.0912064259	0.018564261	0.0642770387	-0.0202817741	0.0937119765	-0.1416111004	0.0403861376	0.0456190636	0.0369827034	0.1465481437	-0.0435453169	0.0365278345	-0.1198998198	0.0646617213	-0.0987819394	0.0955651119	-0.0601168069	-0.0396549303	-0.0947284723	-0.0881133789	0.0213137305	-0.1086496791	0.0920584449	0.0658442795	0.0339903884	0.0958954797	-0.1288336068	-0.1405294971	0.1098731534	-0.0444409304	0.0047520089	-0.0619526212	-0.0079872218	-0.0871454296	0.1344666994	-0.0169338203	0.0398197251	0.0348658458	-0.0467520479	-0.0196728171	0.0868587317	-0.0492190887	-0.0511122587	0.1692170506	0.0561073525	-0.0918247173	-0.0596939918	0.00769461	-0.0079746104	0.0417423616	-0.0148227435	0.0050922583	-0.0049151209	0.0123036518	-0.092395551	-0.0360951694	0.0831011765	0.0574934194	0.0055528080618927	0.0024539174868466	3.0833677372220565e-05	6.021711032251535e-06	0.0400257225550291	-0.0401657752064608	0.0016132894979359	0.0016020584660521	-0.145625110689167	-0.1583943238666733	0.0250887618331805	0.0212066728632321	-0.0011440176715963	0.0010434737706207	1.3087764329246198e-06	1.0888375099735897e-06	0.0033650231695951	0.0004601138058971	2.117047143772062e-07	1.1323380931911852e-05	-0.0017750806013384	-4.324916740020002e-05	3.1509111412478955e-06	1.870490480810524e-09	0.0	0.0	0.0	0.0	0.0	0.0	0.0	0.0	0.0	0.0	0.0	0.0	0.0	0.0	0.0	0.0	0.0	0.0	0.0	0.0	0.0	0.0	0.0	0.0	0.0	0.0
5655.800404254152	12.42360091502269	31988078.21276144	154.3458596957526	4288.584417624552	39.65917311228441	18391956.307092115	1572.8500119501423	3932.018102103568	3.864050886823861	14.930889255964267	15460766.355270144	3950.309139308668	6598.073652973637	1.323101	40.760109	0.1663100883008308	0.0970459297633171	0.0556890613	0.0103710268	0.1036548384	-0.1308906227	0.0021983956	0.0125131218	0.0515598146	0.087387299	-0.0553551584	0.0345207109	0.0926169313	-0.0642486142	0.0391670348	0.062034822	-0.062720224	0.0802644131	-0.0085497648	-0.0879183534	-0.1182700298	-0.0956585813	0.091563118	-0.0426493119	-0.0142609853	0.0558595122	0.0369321425	-0.0617408682	0.0057771361	0.0081767904	-0.1525534211	-0.0295334928	-0.051351784	-0.083681344	0.0510025483	0.0367751745	-0.0763555346	0.0625559381	0.1976593291	-0.0944973004	0.1175029129	0.0047249269	0.0143879328	0.0636971534	0.1179580734	-0.0763382691	-0.1554538109	0.0783050399	0.023325424	0.0659033086	0.0695609876	0.0991189906	-0.0367356936	0.0614266552	-0.0175451608	-0.0478248666	-0.0863530853	-0.0152982364	0.0116921659	0.1745817631	-0.0154692074	0.0740814211	-0.0103869206	0.0121036636	0.0605445341	-0.039750333	0.0495335201	-0.0122902134	0.1380934376	-0.0838488982	0.0372245214	0.0367872111	-0.0753650565	-0.0776198971	-0.0512969505	0.0570115336	0.022853953	0.0042813198	0.0021897081	0.0306313323	0.0378755717	-0.1181066133	-0.0040391176	-0.0790989601	-0.0102248073	0.1165197185	-0.0863427857	0.0210816395	-0.0070038922	0.077956809	-0.0953848614	0.062350053	-0.1204105741	0.0012357447	-0.0517901223	0.026830187	0.0629857672	-0.0540880117	0.0470388129	0.0187019153	-0.1295374099	0.0334073204	0.0043897454	-0.0096166694	-0.0040714746	-0.0176161892	-0.0871355571	-0.0380774639	-0.1176325648	-0.036496194	-0.1434576265	0.0328765302	-0.1075057197	0.0659000581	-0.0297435066	-0.1280143026	0.0470146707	0.1162297691	0.0287907107	0.0450427543	-0.0325586354	0.0788533368	0.0427055452	0.1230901272	0.085615182	-0.0664894959	0.0045547136	-0.1004773301	-0.0157700499	0.0870403911	-0.0154644821	-0.1594832148	-0.0498041725	0.053505897	0.0208956045	-0.0334147401	-0.008334824	-0.0244104991	-0.0287835724	0.150842188	-0.0619323284	-0.0818265297	-0.091062731	-0.0770394748	0.0968977982	0.1069790636	0.1163285895	-0.0796042231	0.0125425613	-0.0884245857	0.0347022832	0.0768417396	0.0466280844	-0.0748859296	0.008476303	0.0572651031	-0.0717303114	-0.0118385413	0.1085326511	0.0697703559	0.0621744445	-0.0067079042	-0.0433947795	0.0269943413	0.000761869	-0.0699321651	0.026147363	-0.0654931331	0.0290154443	0.0079442974	0.0734997571	0.0109429642	-0.0930575468	-0.0322549359	0.0856705448	0.0518751419	0.0064708459316875	0.0009180378697947	4.187184707163667e-05	8.427935303773733e-07	0.1025538869837419	0.0625281644287128	0.0039097713468241	0.0105172997354741	-0.0809670101028388	0.0646581005863282	0.0041806699714317	0.0065556567249932	-0.0017492021691273	-0.000605184497531	3.059708228479652e-06	3.66248276051849e-07	0.0032580170379203	-0.0001070061316748	1.1450312216004673e-08	1.0614675019378964e-05	-0.0017231555222243	5.192507911410001e-05	2.9692649537721e-06	2.696213841005545e-09	0.0	0.0	0.0	0.0	0.0	0.0	0.0	0.0	0.0	0.0	0.0	0.0	0.0	0.0	0.0	0.0	0.0	0.0	0.0	0.0	0.0	0.0	0.0	0.0	0.0	0.0
5639.372767157758	-16.427637096394392	31802525.206960548	269.86726057083314	4283.794039509615	-4.790378114937084	18350891.372938104	22.947722484068173	3928.215846640097	-3.802255463470829	14.457146609493766	15430879.737794371	3950.9339494367737	6647.918681893794	1.155929	35.610138	0.062964882270848	0.0372119426677386	0.024901782	0.0095075853	0.1019714532	0.0625482184	-0.0659965451	0.0505401861	0.0494447355	0.0513435079	-0.0586840314	-0.0269231417	-0.0081585617	0.0121881766	-0.1325419382	0.0489235768	-0.0708661533	-0.0525146953	0.0038052007	-0.0100167925	0.0288132691	0.0833170814	0.1468304694	-0.0964700758	-0.0380416569	0.0235488662	-0.039840789	-0.0319911822	-0.0267360963	-0.0635205214	-0.0906024878	-0.0448914419	-0.0347430247	-0.0087352767	0.0444816776	0.0223770843	-0.0926748516	0.1174173974	0.0182103669	0.0225884478	0.0031884078	-0.1737530047	0.035357309	0.08942491	0.0478913662	0.006158881	-0.117175338	-0.0069728733	0.0478665702	0.1474069624	-0.0025431935	-0.1429538348	0.0911615486	0.0122298795	-0.102218658	0.0331263167	0.0731786691	0.0279349946	-0.0690938293	-0.0523103167	0.049349091	-0.0023713643	-0.1815675415	0.1684867716	0.0082392565	0.1083754303	-0.0159596099	-0.013986884	-0.1057218629	0.1071898421	-0.0423171376	-0.018131288	-0.0081211683	-0.107129009	-0.078968372	0.1123452132	0.098687957	-0.0349589721	-0.0414307759	0.0400508136	0.0050292427	-0.0147873347	-0.0143882213	0.0211940672	0.1099982279	0.0235131081	-0.0712824106	-0.0534285733	-0.0684867651	-0.0292394982	-0.0701441388	0.0735456694	0.0569833402	-0.082814406	0.001430923	-0.0715631162	0.0392826727	-0.0815614589	0.0047638952	0.0520724026	-0.0953786669	0.0877180086	0.0509466736	-0.0282237662	0.0524200011	-0.0280393492	0.0399874999	0.0566005238	-0.1149852062	0.0102487168	-0.0861855205	0.005973173	-0.1311325473	0.0895986773	-0.0176271822	0.0342200196	0.0276200679	0.0437252279	0.0621161953	-0.0770479658	-0.0615669761	0.0854254727	0.0666975458	-0.0636355604	0.00423541	-0.0553713122	0.0305746569	0.0433275641	0.1659340148	0.040166155	-0.1942707272	0.0198097009	0.0095777972	0.0043505051	-0.047252823	0.0007410848	0.1640954549	-0.0989807266	0.195945434	0.0304299633	-0.0200667434	0.0545679328	-0.0364865602	-0.0583326505	-0.1553913632	0.1038177986	-0.0376856459	-0.0674485584	0.0138130586	-0.0972935516	0.026405598	-0.0879166685	-0.0187907137	-0.1271804025	-0.0209669606	0.026517492	-0.101349539	-0.0262021431	0.0313750182	-0.0543805225	0.0457517816	0.0848642625	0.033929881	0.023982405	-0.0549870214	-0.0332852649	0.0305805516	-0.0305358203	-0.0177216461	0.0501376701	0.0019859061	0.0095800247	-0.0936429488	-0.0283549738	0.0879579165	0.045990102	0.006030656698627	-0.0004401892330605	3.63688202166947e-05	1.9376656090239146e-07	0.0891796724615545	-0.0133742145221874	0.0001788696140854	0.0079530139803501	-0.0523345668724886	0.0286324432303501	0.0008198168053392	0.0027389068897309	-0.0019923997084384	-0.0002431975393111	3.969656598185422e-06	5.9145043126974046e-08	0.0031636527373792	-9.43643005410998e-05	8.90462121661101e-09	1.0008698642726904e-05	-0.0016503566563715	7.279886585279984e-05	2.723677093229717e-06	5.299674869453945e-09	0.0	0.0	0.0	0.0	0.0	0.0	0.0	0.0	0.0	0.0	0.0	0.0	0.0	0.0	0.0	0.0	0.0	0.0	0.0	0.0	0.0	0.0	0.0	0.0	0.0	0.0
5651.140515508234	11.767748350475811	31935389.126018666	138.47990124012622	4297.652789721165	13.858750211550614	18469819.50099812	192.0649574261542	3933.7830850137248	5.567238373627788	30.99414310879378	15474649.359940097	3955.218263965902	6603.836007123175	1.106909	34.099991	0.1584250501975032	0.0937551864409885	0.0481605143	0.0207608663	0.1142731386	-0.0268701251	0.0358236114	0.0373046011	-0.0515045196	0.1024499533	-0.0032459534	0.0154904081	-0.1047627118	-0.077522099	-0.0103096701	-0.0169777655	-0.0418188037	0.0713258848	-0.0224723183	-0.0919748679	-0.0814065045	-0.1327098777	-0.0105059118	-0.100164456	-0.0444278609	0.0448730126	-0.0911905003	-0.0360344071	0.0134554734	-0.0758432163	-0.0839000612	0.0718669382	-0.0426102304	-0.011419912	-0.0669068815	0.0302191922	-0.0428930618	-0.0349666251	0.0166350518	-0.0633086951	-0.0836250102	0.0427420527	0.1194452462	-0.0280124321	0.0464492865	0.0152747076	0.0982625237	-0.075728844	-0.0962437366	0.0893632652	-0.0258219994	-0.0317513745	-0.1225539821	0.042239612	0.0185318124	0.0678300292	-0.0371252744	0.1400862481	-0.0366850438	-0.0098983645	-0.0990113932	0.0728460014	0.1144156245	-0.0035651975	-0.0150705225	-0.1120264652	-0.0036857795	0.1005178231	-0.0899607239	0.0036754223	-0.0123254968	0.0644665212	0.0541395241	-0.058049966	0.0386245673	-0.0098868777	0.0768721791	0.1636197127	-0.2128854455	-0.1130898141	-0.0271505502	-0.0500826508	0.0444992811	-0.1550908657	-0.0690040423	0.0124913922	-0.0539958163	0.1010719046	0.1151769667	-0.0491573877	-0.0301253108	0.0725118504	-0.0795239268	0.0035611842	-0.0531780424	-0.1006681048	0.1333036748	-0.0504152833	-0.0378412829	-0.0271076462	-0.070783277	0.0825489303	-0.0344354844	0.0192886424	-0.0235174041	0.0486241459	-0.0894373342	-0.0408974944	0.0137680317	-0.0607725563	0.0446369359	0.0437473601	-0.0145651845	0.0580894223	-0.0339042311	-0.0737562616	-0.0707936785	-0.0518718329	0.1493245256	0.0427412332	-0.054559845	-0.014827732	0.0305069134	0.0310291418	-0.0864193511	0.0278685295	-0.0449723533	0.0091079698	-0.0546026316	0.0015663763	0.0335009381	0.1180529752	0.0659494329	0.1731653277	-0.0213776888	-0.081740194	-0.088959679	0.0713570503	-0.1084479472	-0.0968141134	-0.0764631073	0.118756112	-0.0026127874	-0.0819395881	0.0030837833	-0.0071413658	0.0212716793	-0.0694853292	0.0132374976	-0.0814732986	-0.0070365028	0.0231197789	0.1454978334	-0.0474830403	-0.0825588776	0.011633923	-0.0193287175	-0.0335257116	0.1512955283	-0.0158741885	-0.0085007376	0.0802958013	0.0335759864	-0.0781999417	-0.0249787508	-0.0459485295	-0.0609197786	-0.0034030251	0.0257505693	0.0755289527	-0.0030514342	0.0082151139	-0.0941512753	-0.0244025048	0.0899557625	0.0398685628	-0.0026304272182642	-0.0086610839168912	6.919147350585137e-06	7.501437461543142e-05	0.0659466592231297	-0.0232330132384248	0.0005397729041368	0.0043489618626915	-0.1335320332949408	-0.0811974664224521	0.0065930285534252	0.0178308039158811	-0.001373189105517	0.0006192106029214	1.8856483195105784e-06	3.8342177077028397e-07	0.0029645788624255	-0.0001990738749536	3.963040768908135e-08	8.788727831540073e-06	-0.0015619714018519	8.838525451960013e-05	2.439754660203189e-06	7.811953216494495e-09	0.0	0.0	0.0	0.0	0.0	0.0	0.0	0.0	0.0	0.0	0.0	0.0	0.0	0.0	0.0	0.0	0.0	0.0	0.0	0.0	0.0	0.0	0.0	0.0	0.0	0.0
5637.524717480514	-13.615798027720302	31781684.940203745	185.3899559316721	4272.840297154018	-24.812492567147277	18257164.20498324	615.6597873947387	3930.9492265361055	-2.8338584776192874	8.030753871174705	15452361.821604803	3954.7780309416894	6596.453193811397	1.041837	32.095367	0.0786283129038201	0.0387381846312115	0.0374622587	0.0362710473	0.0689545591	-0.031096773	0.1089345838	0.0906485215	0.0806014753	0.0228557616	-0.0814941352	-0.0252552991	0.0741750467	-0.031544815	-0.0424886934	0.0106750395	-0.0436261646	-0.0336276891	0.0119324994	0.0238820256	-0.0497189934	-0.0486524888	0.0658728283	-0.0511548699	0.0588537002	-0.0610168234	-0.0094797268	-0.0735158584	-0.0254197251	-0.0448897512	-0.171803028	0.057950618	-0.1133345988	-0.019776948	-0.09995603	0.0892471634	0.0344268821	-0.0168309152	-0.0071821376	-0.049154587	-0.0834955569	-0.0683527365	0.0409562466	0.016479376	0.0598728625	0.0899446588	0.0711080141	-0.0103679267	-0.0559447834	0.1080431645	0.1136344643	0.0237444355	0.0076450502	0.0704674518	-0.0165600594	-0.0299300011	-0.0097524411	-0.0045745857	0.1345883858	0.123350465	-0.016114638	-0.0551111447	0.0011588792	0.0002345586	-0.0019715922	-0.0809578827	0.0596050524	-0.1018440661	0.0605772168	-0.0406440798	0.0457413831	0.0003522041	-0.0496577417	-0.0412596802	0.0289367657	-0.0781808505	0.1996721471	0.0349482442	-0.0617572311	-0.0339970646	-0.0031250496	-0.0340403785	-0.0060817819	0.1494355079	-0.064323952	0.0189677299	-0.0444029511	-0.0822133855	-0.0542620925	0.0215667209	-0.0237138775	0.0717306688	-0.0457292828	0.0324205403	-0.0932004315	-0.0043936671	-0.0051388321	-0.0323237103	-0.0453834662	0.1031611295	-0.1656018591	0.158943478	0.0550481104	0.0526352477	-0.0151813494	-0.0323212179	-0.0709569733	-0.0069566839	-0.0062155374	0.0330536414	0.0893551896	0.0123347614	0.0092072314	0.0104418595	-0.0616770129	0.0161208414	0.0233638463	-0.1254924945	0.0661236199	0.1038458281	-0.0175968567	0.039796231	-0.0346758064	0.0061850596	0.0514587231	-0.1088839138	-0.0165606875	-0.0742192314	-0.0177332476	-0.0344481818	-0.0596854756	-0.0893930039	0.0889822868	0.0482071515	0.1147877296	-0.0635597114	0.029285744	0.0318974088	-0.1098830485	-0.0850823112	-0.1056769742	0.0653997122	-0.0215784765	-0.0615011059	0.0354876443	0.0558887112	0.0402503078	-0.0579999632	-0.0059059528	-0.0620310078	-0.0235975957	0.0654196828	0.0164206949	-0.1152136303	-0.0674155083	-0.03685167	-0.0843181755	0.015621775	0.06685293	0.0956205061	0.04762428	0.0214667463	0.0407869098	0.0264007178	-0.0320966543	0.0231200369	0.001337743	-0.0279940299	0.0451169915	0.1298583846	-0.0556711291	0.0068485126	-0.0945821078	-0.020404848	0.0916575064	0.0335420038	0.0020616400402957	0.0046920672585599	4.250359655750455e-06	2.2015495158849817e-05	0.0966354352302829	0.0306887760071531	0.0009418009728172	0.0093384073421462	-0.1368371468950329	-0.0033051136000921	1.092377590951385e-05	0.0187244047703728	-0.0016826721598202	-0.0003094830543031	2.8313855974339763e-06	9.577976090083737e-08	0.0033051935006789	0.0003406146382533	1.1601833179249437e-07	1.0924304076930042e-05	-0.0014132219736482	0.0001487494282037	1.9971963468021133e-06	2.2126392390927713e-08	0.0	0.0	0.0	0.0	0.0	0.0	0.0	0.0	0.0	0.0	0.0	0.0	0.0	0.0	0.0	0.0	0.0	0.0	0.0	0.0	0.0	0.0	0.0	0.0	0.0	0.0
5648.106940341945	10.582222861431546	31901112.009538848	111.98344068900448	4282.813115783262	9.972818629244102	18342488.184725136	99.45711141179822	3932.446283057961	1.497056521855484	2.241178229630039	15464133.769136371	3954.5300350271136	6615.455496279838	1.004251	30.937464	0.0596976807864139	0.0320842861667742	0.0460000975	0.0620593338	0.0974221761	0.079132894	0.0612681345	0.1071785399	0.0399637747	0.0551458727	-0.022777038	0.0070855762	0.0426651996	-0.0207638396	-0.1667312275	-0.0146799583	-0.037622881	0.0211101814	0.0129568322	-0.0713663448	0.0638238174	0.0393688288	0.1486756469	-0.047447463	0.161561796	-0.0028050208	-0.0007677213	-0.0041065336	0.0257410901	-0.0431427849	-0.0706522477	0.137817104	0.0017665789	0.0326622365	0.1442956947	0.0493819493	-0.0638984523	-0.022034875	0.0346711216	0.0388529991	-0.1474557398	-0.0796431049	-0.1978273496	-0.0396902704	-0.0962563521	0.0237894223	0.0430042778	-0.0378284094	-0.0072166726	-0.0062899011	0.0221822844	-0.0182938334	-0.0805877689	0.0577594219	0.2640194196	0.1096340093	-0.0751198326	-0.0132942249	0.0328229982	0.0456791756	0.0580612162	-0.0020159227	0.0019982229	0.0983070117	-0.0343382295	-0.0500851366	0.0191955213	0.0666888049	0.0689682734	0.0346829667	0.0645577898	-0.0145197133	-0.0280358429	-0.0390382234	0.0075543644	-0.0274778478	0.0726811112	0.0105322529	0.1215077539	-0.0159932896	-0.010964967	0.031739634	-0.0213935314	-0.1060801604	0.0556487443	0.0729249132	-0.0512442911	-0.0571564502	-0.0369639281	0.0512574867	-0.1301285169	0.0373715824	0.109303776	-0.0017311314	-0.0599970445	-0.0884964698	-0.0314260249	-0.0565675993	0.0409060548	0.041646969	-0.0553569102	0.0116538616	-0.0059111702	-0.0168822282	-0.0118746695	0.004139639	-0.0607863251	0.091478806	0.0265616653	-0.0806067219	-0.0109904572	-0.1791804868	-0.0369558178	-0.0214927876	0.0103117964	-0.1576271178	0.0413401041	-0.1851876788	-0.0801947183	0.1072361966	-0.0096640227	0.0326515929	-0.0603240856	-0.1522196368	-0.0412566887	-0.0766840173	0.1373517929	-0.0464415303	-0.1241969065	0.0247779388	-0.0088726396	0.024060745	0.0684458073	-0.0308884665	-0.1189050587	-0.0135329504	-0.028801444	0.0340122776	-0.0211658923	0.0583320292	0.0626730256	0.0111188011	-0.0291285319	-0.052517279	-0.0017545046	-0.0460099009	0.0351404155	-0.0669945229	-0.0047959149	-0.0736730464	-0.0363601716	-0.0401099366	-0.0668318215	-0.1241550026	-0.073173727	-0.0917115342	-0.0762433395	-0.0364969174	0.0489088961	-0.0194766155	0.0178265636	0.0277750264	0.0094214735	0.0373405925	-0.0580484466	-0.0799272148	0.0125645223	-0.069757534	0.0098743854	0.1121854639	0.0071846688	0.005480502	-0.0949350916	-0.016369406	0.0930575468	0.0270429587	0.0061499465946752	0.0040883065543795	3.782184311735708e-05	1.6714250482582378e-05	0.0695477855171873	-0.0270876497130956	0.0007337407669793	0.0048368944703446	-0.123354452523074	0.0134826943719588	0.0001817830475276	0.0152163209572673	-0.001568302178181	0.0001143699816391	2.459571722087269e-06	1.3080492700150911e-08	0.0031196199117944	-0.0001855735888844	3.443755689147336e-08	9.7320283940641e-06	-0.0014140590060641	-8.370324159001023e-07	1.9995628726309903e-06	7.006232652675617e-13	0.0	0.0	0.0	0.0	0.0	0.0	0.0	0.0	0.0	0.0	0.0	0.0	0.0	0.0	0.0	0.0	0.0	0.0	0.0	0.0	0.0	0.0	0.0	0.0	0.0	0.0
5628.1063710337785	-20.000569308166632	31675581.32367101	400.0227726507771	4286.812560177519	3.999444394256898	18376761.92609573	15.995555462752924	3926.729167018581	-5.717116039380016	32.68541580773625	15419201.951114438	3949.5786535427305	6604.706762891327	1.136828	35.021687	0.0944183950618809	0.0531654858205298	0.028564243	0.0205978081	0.104183585	0.1703221386	-0.003712038	0.0910108347	0.0009313038	0.0618305684	0.0546421943	-0.0582594784	-0.1269958476	-0.0027018994	-0.1235297321	-0.1260258269	-0.0638270574	-0.0613366007	0.0008307486	0.0262125224	0.0379208074	-0.0101985067	0.0180208788	0.0780646697	0.0697456667	0.0089599551	-0.1116317115	-0.0836370824	-0.0199022437	-0.0727177384	-0.1411438552	0.1047518112	0.0186319818	0.0118102901	0.0245716576	-0.0762115206	0.0003617427	0.0520082457	0.036822703	0.124685791	-0.1902994518	0.0126680044	-0.060833923	-0.0509390037	-0.0380597926	0.0208352946	0.160886787	0.0049011628	0.030400733	-0.0660256127	-0.0950245837	0.1021544191	-0.0148126013	-0.1618102013	-0.0557055534	0.0568884587	-0.1220466813	-0.1107901438	0.0510024053	0.0747054509	-0.0740108462	0.0455855902	0.0706758829	-0.0555912606	-0.0545173936	0.1972453994	-0.1628146473	-0.0488454299	0.033077598	0.0642711339	0.079248509	0.080132142	0.0079399005	-0.0867957785	0.0233889907	-0.0652543502	0.0378922697	-0.0661120883	0.0786739468	-0.035671768	-0.1000075608	-0.052874163	-0.0383742277	-0.0679467356	-0.0369480571	-0.0297852066	-0.0512970919	-0.0054569464	0.0308106355	-0.1105401286	0.0351757837	-0.0611718637	0.0895235361	0.048005817	-0.0241497447	-0.1240395934	0.0707517255	-0.0082032118	-0.0358014075	0.0870892401	-0.1256011076	0.0999563288	0.0042770059	-0.0060590109	0.0388620301	-0.0067167733	0.0466856146	0.0865803063	0.094055419	-0.0561329374	0.0477111115	-0.0870561345	-0.0712502559	0.0060246791	0.0376443235	-0.136799176	-0.0776614387	-0.1847600244	-0.1234724637	0.0547464462	0.0889880781	-0.0229908628	0.0796619823	0.0141616594	0.0110556485	0.0398971582	0.0654725861	-0.0167638124	-0.0722045571	-0.1130921087	0.0693222705	-0.0002978834	-0.1069632934	0.0297973689	0.0785236986	-0.0453766661	-0.0079769919	-0.093621908	0.0594515807	-0.0996464825	-0.0381325645	-0.0964871057	0.0190913438	0.0817320515	0.0750401799	-0.132644981	0.0238829087	-0.0534771015	0.0028286391	-0.0571317106	-0.0458312964	-0.1205301538	0.0386932681	-0.0164732778	-0.0773243234	-0.1559862239	-0.0692690669	-0.0475266266	0.0356103926	-0.0464331405	-0.0200341327	0.0924221004	0.0167411609	-0.0786367093	-0.0678982745	0.0006285773	0.0065848787	-0.002198089	0.0105712436	-0.0595130107	-0.0092075171	0.0041113636	-0.0952099364	-0.0123036518	0.0941512753	0.020404848	0.0097982859764442	0.003648339381769	9.600640807618308e-05	1.3310380244566614e-05	0.0985484600079473	0.02900067449076	0.000841039120919	0.0097117989699379	-0.169217951705221	-0.0458634991821469	0.0021034605572307	0.0286347151793105	-0.001730910600873	-0.0001626084226919	2.99605150821453e-06	2.6441499130380127e-08	0.0029647325146504	-0.000154887397144	2.3990105794043253e-08	8.789638883425283e-06	-0.001413437185756	6.218203081000042e-07	1.997804678077841e-06	3.8666049556558417e-13	0.0	0.0	0.0	0.0	0.0	0.0	0.0	0.0	0.0	0.0	0.0	0.0	0.0	0.0	0.0	0.0	0.0	0.0	0.0	0.0	0.0	0.0	0.0	0.0	0.0	0.0
5642.700698139017	14.594327105238335	31840071.168778542	212.9943836546944	4320.796088547003	33.98352836948379	18669278.83880308	1154.8802004395095	3934.5935071130702	7.864340094489307	61.84784512179209	15481026.06621633	3954.980919990688	6547.38077565543	1.269736	39.116127	0.098425934464742	0.0676214874589582	0.06343811	0.0441435192	0.057886704	-0.0310502894	0.0890888544	0.0306377806	-0.0510968066	0.0804760316	0.1265763059	-0.0101630797	0.0031984821	-0.0005160043	0.0258557039	-0.0553209758	-0.0036476728	0.1116363392	0.0179790636	-0.1045618083	-0.0291863274	-0.1511609055	0.0117303762	0.0967643239	0.0765244638	0.0547091918	0.0040159666	-0.0147565351	0.09574232	-0.0052511457	-0.0709681593	0.0299590141	-0.0265050853	0.1318556462	-0.0815187314	-0.0602593588	-0.0538233275	-0.0772664175	-0.0194056961	0.1506825547	-0.1430656099	-0.07151469	-0.0816117045	0.0661940523	-0.1956545964	-0.0910297955	-0.1412137896	-0.0623805588	-0.1190798657	0.0657305751	-0.0353032974	-0.0862315918	-0.0182205951	0.0473206455	-0.060744586	-0.0883337263	0.0234415578	-0.0068889507	-0.0186681898	-0.0371045834	-0.0334144518	0.0348155855	0.0174473174	-0.0670168166	-0.059384898	0.0714043194	-0.0270468145	0.0735663957	0.0381678426	-0.0652649714	0.0178253053	0.0364568741	-0.05111002	-0.0518293205	0.0220958182	-0.0518399678	-0.0602685844	0.1180972772	-0.0678649068	0.1816520059	-0.0406756778	0.040892614	-0.0371432336	0.0420975986	0.0222931046	0.047572102	-0.0233073181	0.0709576937	0.1297630538	0.0389832517	-0.0385748325	-0.1033925538	-0.0744305523	0.0668175861	-0.1492055751	-0.0472808529	0.0784966685	-0.0075352085	-0.037283011	0.0720663571	-0.0860094372	-0.0709885157	-0.0638159784	0.0066362715	-0.0049544565	-0.0136868507	0.0443664623	0.1087953268	0.1758243564	-0.0530663631	0.0851484893	0.0595380962	-0.1693577154	0.1236946674	-0.0981227613	-0.0107309817	-0.0167281303	0.023667145	-0.065071249	0.0915382633	0.0193014305	0.0264796001	-0.0312747434	-0.0269118273	-0.1334687475	0.0886176969	-0.0080964457	0.0052402041	0.1180249684	0.0881773592	-0.0510592425	0.1351922965	0.0079674344	-0.0635308498	-0.0434610108	0.0624411131	-0.0010522277	0.0940616584	-0.0553340981	0.0074944034	0.02837524	0.0288502613	-0.054161667	0.0588225231	-0.0423632581	-0.08309906	0.0841317106	-0.0556517511	-0.0071086547	-0.0252945471	-0.0502403326	0.0675627253	0.0969434124	0.0470810345	-0.051473358	-0.1385797492	-0.0329351244	-0.0600571626	0.1229790838	-0.0103263696	-0.0456209863	0.0361687152	-0.0031688942	-0.051991674	-0.0220096226	-0.05933888	-0.0297671892	-0.0635510675	0.0656888797	-0.0259323344	0.0160156091	0.0027413792	-0.0954064159	-0.0082151139	0.0949350916	0.0136618075	0.011922005804493	0.0021237198280487	0.0001421342224023	4.510185908047622e-06	0.1063420468333333	0.007793586825386	6.073999560483024e-05	0.0113086309247028	-0.2281875393138932	-0.0589695876086722	0.0034774122627368	0.0520695530981295	-0.0015686107853987	0.0001622998154742	2.4605397960691267e-06	2.634123010299181e-08	0.0033931216730047	0.0004283891583543	1.835172709955056e-07	1.1513274687814214e-05	-0.0014133453555319	9.183022409999485e-08	1.997545094003593e-06	8.432790058255274e-15	0.0	0.0	0.0	0.0	0.0	0.0	0.0	0.0	0.0	0.0	0.0	0.0	0.0	0.0	0.0	0.0	0.0	0.0	0.0	0.0	0.0	0.0	0.0	0.0	0.0	0.0
5626.519563725412	-16.181134413604923	31657722.4009848	261.82911091114954	4270.00320520334	-50.79288334366265	18232927.3724468	2579.916998362922	3924.951808422192	-9.641698690878457	92.96235364568734	15405246.698436636	3947.375146545548	6518.631733331713	1.082355	33.343586	0.0846886608246714	0.0428941298049287	0.0439490631	0.0367143702	0.0002007322	-0.0338539554	0.1005288132	0.0161320485	0.1095231533	-0.0078258695	0.0202525525	-0.0272693824	0.0582822159	0.0878855915	0.0529402962	0.0103250452	-0.0600804133	-0.0565815015	0.0398787253	0.0775276631	-0.0160829996	-0.0629691762	0.0181253216	0.1325881232	0.0564831111	0.003333228	0.0206361489	-0.0155856628	-0.0350084817	-0.032397861	-0.1322582407	-0.036864876	-0.0052312871	0.1724667279	-0.0963548764	-0.0151259753	0.1591044684	-0.0953061893	0.0031859434	0.167746377	0.0308173271	0.0470415026	0.0225147451	0.0334272989	0.0245735465	0.0792316755	-0.047912303	-0.0831736113	-0.0199938443	-0.0180312323	0.0144373912	0.0123839642	0.0081103539	0.0102300186	-0.1203588019	0.0463956452	0.1505688689	-0.0015674467	0.1108828207	0.064035379	-0.0381503834	0.0115168928	-0.0253913476	-0.1471627702	-0.0053414634	-0.0294681929	-0.0876890394	-0.024405861	0.028333876	0.0392106543	-0.038267545	-0.0577449664	0.0090100901	-0.0211090394	-0.0427598265	-0.0789218335	-0.0985127453	-0.0187010383	0.0559437498	0.0087717189	0.0214072259	0.0044506083	-0.0399271433	0.0351447101	-0.0262679524	0.0809317797	-0.0485193359	-0.1091574947	-0.0436049038	0.0216501517	0.064702237	-0.0958450952	-0.0442385394	0.0547556964	-0.1253743049	0.0279701274	-0.0159002731	0.040737544	0.0060397823	0.1255601769	-0.0640340436	0.0824560865	-0.054264532	-0.061073777	-0.1522858461	-0.0400245147	0.0441092615	0.1177349897	0.14851231	0.019717436	0.1111395196	0.1569638019	0.0523649239	0.0600971911	0.0104986521	-0.0057012576	-0.0795865892	0.0513021623	-0.0719748513	-0.001323384	0.0045580964	-0.0335454407	-0.0042868102	0.04269148	0.1224403581	-0.0316819633	-0.0931313302	-0.0104566399	0.0589051245	-0.0385810548	0.1019459851	-0.0198236209	0.0568218503	0.0288686573	-0.0188410777	0.1007509048	-0.0922755823	-0.1342140049	0.1123039874	-0.0514773388	-0.024799661	-0.042352568	-0.0855052428	-0.0192105968	-0.0105572209	0.1128610506	-0.0964511688	-0.0462965292	-0.0244462003	-0.0152637475	-0.0559509302	0.0788162286	-0.01524895	0.0231728757	0.0022299274	-0.1293639361	-0.1709592187	-0.0045045657	0.0708272992	0.0963446033	0.0218639721	-0.0056166051	-0.0035018774	0.0753887611	-0.0557547194	0.048713791	-0.0047016732	-0.0334565397	0.0968294658	0.0425134344	-0.0654580332	0.0013708306	-0.0955243683	-0.0041113636	0.0954064159	0.0068485126	0.0129179500389113	0.0009959442344183	0.0001668734332078	9.91904918071056e-07	0.1334756089031543	0.0271335620698209	0.0007362301905968	0.0178157381720678	-0.2086926712374861	0.0194948680764071	0.0003800498813165	0.0435526310282374	-0.0020679460674834	-0.0004993352820847	4.27640093802006e-06	2.4933572393460697e-07	0.0036329739099383	0.0002398522369335	5.752909556205176e-08	1.3198499430292378e-05	-0.0014112471456697	2.098209862199957e-06	1.991618506160876e-06	4.402484625833164e-12	0.0	0.0	0.0	0.0	0.0	0.0	0.0	0.0	0.0	0.0	0.0	0.0	0.0	0.0	0.0	0.0	0.0	0.0	0.0	0.0	0.0	0.0	0.0	0.0	0.0	0.0
5661.981387510135	35.46182378472349	32058033.2325112	1257.5409461387808	4331.929664057926	61.92645885458569	18765614.61434501	3834.886306268694	3935.346622611381	10.39481418918922	108.05216202776953	15486953.040098803	3954.543816613088	6583.906985667338	1.251635	38.558502	0.229852465370895	0.1295551490968111	0.0691762956	0.0543653068	0.0394004115	0.0193549467	0.0025749915	-0.0273763233	-0.0133661072	0.0959086346	0.1175435678	0.0406434316	0.0810633456	0.0539543606	-0.0301220124	0.0719093066	-0.0488573324	0.1247875621	0.0023557336	-0.1088450309	0.0403924786	0.0272611411	0.1202324704	0.1387486063	0.0153657796	0.105851894	0.036981122	-0.0309285167	0.0983121211	-0.0005189828	0.0303826383	-0.037448375	0.0840570773	0.1141191544	-0.0251782881	0.2232362406	0.0612774056	0.0859714432	0.0275279911	0.0461160412	0.0460835408	-0.0801321002	0.1556949547	-0.2253341366	-0.0217446764	0.0803143091	-0.1196353418	0.0400656331	0.0583488015	-0.0648856822	-0.019434908	0.003518114	-0.0167847415	0.0037829812	-0.0995663786	0.0384726104	-0.0642173536	-0.0076596125	0.0102166623	-0.0179559375	-0.0684359462	0.1342816657	0.0469872897	0.1492105639	-0.0743607343	0.0212196048	-0.0043376672	0.0391667096	-0.0169046744	-0.0438564377	0.0644952182	0.1420706133	-0.1331189564	0.1667939222	-0.0872078716	-0.0333644742	-0.1039471351	0.0129514678	-0.0805670627	0.0225855205	-0.0072722751	0.1242112371	0.1483198297	-0.0409737205	0.0316074604	-0.009874684	-0.0605524176	0.0197602527	0.0473535439	0.0990974259	-0.0867585997	-0.1447212513	0.025357437	-0.0966225404	-0.0838293685	-0.0342274755	0.0168829331	0.011908636	0.1166489035	0.0062331902	-0.0211357809	-0.0431206336	-0.0495970445	-0.1932299466	-0.1201237737	-0.0624240108	-0.0986025129	-0.0060495254	-0.0923646304	-0.0877441804	0.1279128796	0.1185577536	-0.0254028265	-0.0148968601	-0.0362359283	0.0444317685	-0.0923247701	-0.0669318253	-0.1149272938	-0.0868260579	-0.0780176759	-0.0115979409	0.1665440051	-0.1514808865	-0.060578257	-0.0577320387	-0.0655808315	-0.0317919799	-0.0302493459	-0.0382852552	0.0325536005	-0.0946039365	0.0324941187	-0.0812690325	0.143322127	0.0635860902	0.0511846273	0.0066393896	-0.0432614502	0.0903124434	-0.015607165	-0.0295089874	-0.0279861939	0.0060806386	0.0865932202	-0.0130980481	0.0648981703	-0.0865416677	0.0058262611	-0.0722980119	-0.0225559351	-0.0204498856	-0.0862749114	0.0663362237	-0.0100516313	-0.0907468148	-0.1133462675	-0.012753056	0.153540084	-0.152105643	-0.0135902334	-0.1068180559	0.0055245878	-0.0108162199	-0.0415141127	-0.0560483179	0.0677439335	-0.1327176071	0.1409509386	0.0633742055	0.0378872836	0.0	-0.0955636965	-0.0	0.0955636965	0.0	0.0275056108026632	0.0145876607637518	0.0007565586256275	0.0002127998465583	0.1081073031758137	-0.0253683057273405	0.0006435509354758	0.0116871889999472	-0.1335408072631736	0.0751518639743125	0.0056478026588135	0.0178331472045	-0.0030658608500927	-0.0009979147826092	9.399502752131133e-06	9.95833913350166e-07	0.0023361745215035	-0.0012967993884348	1.681688653844871e-06	5.457711394922107e-06	-0.0014114256727354	-1.785270656998791e-07	1.992122429656576e-06	3.1871913187408944e-14	0.0	0.0	0.0	0.0	0.0	0.0	0.0	0.0	0.0	0.0	0.0	0.0	0.0	0.0	0.0	0.0	0.0	0.0	0.0	0.0	0.0	0.0	0.0	0.0	0.0	0.0
5621.726735243245	-40.25465226689085	31603811.485748667	1620.4370291283	4253.373550164895	-78.55611389303067	18091186.557242326	6171.063029974806	3919.117461531356	-16.229161080024824	263.3856693613925	15359481.67727998	3942.899729899771	6599.25420952132	2.002075	61.676941	0.3325989076315031	0.2180160574896791	0.0033853714	-0.0121658972	-0.0431136096	0.1072270861	-0.0430752507	-0.0140377019	0.0437760149	0.000955205	0.0153252291	-0.0336970273	-0.1495894665	0.1323214812	-0.0026072927	0.0206192985	-0.0643663962	-0.2356188906	0.0090400308	0.27034242	-0.095822095	-0.0137706012	-0.0467839618	0.2429843962	-0.0694464301	-0.1411108481	-0.1815509706	-0.0718459449	-0.1290125997	-0.0980863367	-0.1120670374	0.0254048884	0.0463639092	-0.0751714666	-0.0335834341	0.0511863019	-0.0171259942	-0.0256803293	-0.0700852372	-0.0018034698	-0.0395110835	-0.0510291813	-0.0532774899	0.0921152446	-0.1908762808	0.0065883915	0.00894315	0.0732977439	0.0271742169	-0.0610355487	0.0315569869	0.0989463658	-0.0078114163	-0.0171646478	0.0122827003	-0.0593560146	0.0035491967	0.0763688596	0.0034402934	0.0059668005	0.0446619601	-0.0037170577	-0.0273950847	0.1024872708	-0.0535819298	-0.0209687873	0.1168279351	-0.0604181153	-0.0727130418	-0.0382373969	-0.0190803636	-0.0278834828	0.0652522731	-0.0867604239	-0.0551269784	0.0317558247	-0.0409170692	0.0167962973	-0.0399987663	0.0627181892	0.123749041	-0.0132916449	0.0898026299	-0.0232389242	0.0968559752	-0.0607031045	-0.0195130061	-0.0991112479	-0.0598522022	-0.2091353544	0.2662929188	-0.0863760682	-0.0175168432	-0.0442333763	0.0211215771	-0.0755896694	-0.0774623506	0.1817869713	0.0398279906	0.1379842283	-0.0350910091	0.2507146238	0.0112474524	-0.0653684462	0.0799027151	0.081214499	0.0320392351	-0.0836537702	0.129353942	0.1533045435	-0.0489586353	0.0433991608	-0.0373936343	0.0997233515	0.1659464153	0.0601943719	0.0187876311	-0.1892474881	-0.0472792477	0.0284008732	-0.0042773498	0.0859951324	-0.1307528331	0.0869741971	-0.0079519162	-0.0436745282	0.0448290168	0.0613895758	-0.008353046	0.0066064232	-0.0165333201	-0.0324855866	0.0721911905	-0.0706078999	-0.0088916434	0.0517919803	0.1236792103	0.0630993699	0.0418600448	-0.0199030071	-0.0089835747	0.0055686579	0.0748877491	0.0055612351	-0.0346273986	0.0719201769	0.0469525286	-0.0136895468	-0.0183521999	0.0147247735	-0.0593246135	-0.1077034631	0.0541376303	0.1229445962	-0.0006580727	-0.0873907708	-0.1326260118	0.004211118	-0.0355267698	0.1647553479	0.1003026721	0.034170869	0.1589189697	0.0898046139	-0.076481473	0.237102768	0.0270416303	0.0915527771	0.0722526514	0.0198496739	-0.1036412344	-0.0013708306	-0.0955243683	0.0041113636	0.0954064159	-0.0068485126	0.0368018192508259	0.0092962084481627	0.0013543739001704	8.641949151169159e-05	0.1045543853563515	-0.0035529178194621	1.2623225031852e-05	0.0109316194972444	-0.3071520171323669	-0.1736112098691933	0.030140852192245	0.0943423616284818	-0.0019780284999229	0.0010878323501697	3.912596746507238e-06	1.1833792220759498e-06	0.0039997414582233	0.0016635669367197	2.7674549529472986e-06	1.5997931732630248e-05	-0.0012400535297313	0.0001713721430041	1.537732756599056e-06	2.9368411397817713e-08	0.0	0.0	0.0	0.0	0.0	0.0	0.0	0.0	0.0	0.0	0.0	0.0	1.0	0.0	0.0	0.0	0.0	0.0	0.0	0.0	0.0	0.0	0.0	0.0	0.0	0.0
5667.135605496406	45.408870253161695	32116425.97108512	2061.965497668473	4311.005156255717	57.63160609082206	18584765.45726338	3321.4020206076784	3933.7436417863178	14.626180254961582	213.9251488506281	15474339.039294282	3956.636913827797	7078.276437723101	3.101488	95.545998	1.6581257737390869	1.1406270663422642	-0.2162780941	0.015899812	0.0830216205	-0.3090911278	-0.1754665148	0.1194839969	-0.1000733098	-0.1896673494	0.0726796954	0.1737259957	0.1317576424	0.0678274143	0.0295764896	-0.0064486674	0.2164489389	-0.0216973298	-0.1622722164	-0.2101116537	-0.2546731488	0.1705782194	-0.1050981564	0.1920382097	0.1148147042	-0.3220414244	0.1313685654	-0.1302506213	0.0657175902	-0.1191276606	0.046579339	0.2326012355	0.0769917132	-0.0340046417	0.1086841209	0.0291280109	-0.1457398497	0.1605785368	-0.0336789571	-0.0712927369	0.0372507966	0.0224096508	0.0577719438	0.0757399644	0.0704746506	0.0475589555	0.0791310122	0.0057998184	-0.0405534392	0.0522062172	0.0082062647	-0.0653412504	0.0009259571	-0.0144966455	0.0707383076	0.0451857816	0.0037762876	-0.0561048728	-0.0041406107	-0.0314507539	-0.0526329172	-0.0469157146	0.0341658557	0.0233486118	-0.0801971703	-0.0146327335	-0.0783430858	0.1063894857	-0.0401195417	-0.0356879368	-0.0046530435	-0.120603602	-0.006012008	0.0368292633	-0.0436899803	-0.033641943	-0.0091799344	-0.0402200059	0.0195656794	0.0377924759	-0.0334016596	-0.0567766262	0.0406495746	-0.0069311234	-0.1293508939	-0.0417698341	0.2088559763	0.0660001833	-0.0916212771	0.0409818829	-0.1686609332	-0.1324267898	-0.2592944454	0.0202729465	0.1223203312	-0.1375318304	-0.2954676835	0.304515634	-0.1882576854	0.0095847566	-0.0661496229	-0.0050973033	0.0013799177	-0.0285354722	0.1811388136	0.1850903628	-0.14599639	0.1211019952	-0.1836483916	-0.1798207974	-0.002106785	-0.1581047175	0.0479783883	0.0178759361	-0.0321896374	0.0330468007	-0.0385367028	0.0190380313	0.09865099	0.096525916	-0.1784819011	0.0623165095	0.0264030699	-0.0745399152	0.0431548941	-0.0336650999	0.0063356771	0.0562167526	-0.0489482311	-0.0064742718	0.0798332675	0.0051245772	-0.0021191289	0.0281276131	-0.0720302873	0.0033973884	-0.0077485432	-0.0474338441	0.0648889483	-0.061147473	0.0237948245	0.0535348195	0.0519822775	-0.0375529642	-0.0057551132	-0.0195114832	-0.04552946	0.2262954572	-0.0370670919	-0.2106196591	0.3112834447	0.0201115881	-0.0255372985	0.2845096599	-0.1410243981	0.0102365257	-0.1847978623	0.2260534842	-0.2761093436	0.2338663522	0.1408349081	-0.0626393983	0.0178343741	-0.1258694111	-0.0115156632	-0.3049955982	-0.0416197733	0.196182177	-0.2275205045	0.0719999994	-0.1560942858	-0.0027413792	-0.0954064159	0.0082151139	0.0949350916	-0.0136618075	0.026533230288706	-0.0102685889621199	0.0007040123095535	0.0001054439192729	0.225368006912987	0.1208136215566355	0.0145959311536299	0.0507907385399321	-0.8450601399055131	-0.5379081227731461	0.28934514854533	0.7141266400571253	0.0152808080204755	0.0172588365203984	0.0002335030937586	0.0002978674380378	0.0020621302926639	-0.0019376111655593	3.754337028900455e-06	4.252381343922103e-06	-0.0006537924067454	0.0005862611229858	4.274445111179426e-07	3.437021043246885e-07	0.0	0.0	0.0	0.0	0.0	0.0	0.0	0.0	0.0	0.0	0.0	0.0	0.0	1.0	0.0	0.0	0.0	0.0	0.0	0.0	0.0	0.0	0.0	0.0	0.0	0.0
5726.765588268396	59.62998277198949	32795844.102975063	3555.7348453877635	4248.620089171362	-62.38506708435489	18050772.66211048	3891.89659511946	3946.6818701171874	12.938228330869606	167.3977523417169	15576297.7839117	3958.675045944279	7264.744736874599	2.533895	78.06044	0.9445938280173304	0.6284403217963792	-0.2077678183	0.1933485784	0.0621876732	-0.0207154947	-0.1563554839	-0.0370440177	-0.1206204872	-0.1075088627	-0.0084676876	-0.0648550752	0.0505959874	-0.001201582	0.1527190493	0.0041791775	0.1999562811	0.0301053204	0.0194106281	-0.1106428336	0.0457386594	0.0606037483	0.1009429947	0.0816221868	-0.0348707816	0.1623049486	-0.0320251806	-0.1184259843	-0.17067715	-0.0142410386	0.0776817588	-0.050933489	-0.0624563984	0.0888223854	0.0764839563	0.0461907348	0.0950961025	0.0032876817	0.111565511	-0.0421139536	-0.0348361959	-0.0045007325	-0.010975453	0.0084107042	-0.0832038929	0.0261142557	-0.0185233579	0.019076692	-0.1563322888	0.1370994409	0.0212974799	0.0019673335	-0.0118202216	0.0528737052	-0.0630567812	0.0126375151	-0.0141111006	0.0010194173	-0.0289962086	-0.0448673789	0.0217584029	0.0767375063	-0.0250058106	-0.0196886701	0.044579079	-0.0858320357	-0.0496873388	-0.0113050761	0.0109219458	0.0742115703	-0.0844267995	0.0493521644	-8.13331e-05	0.0058113332	-0.0127853324	0.1286843457	-0.0302955468	-0.0380723737	0.0485898119	-0.0234600811	0.0896362501	-0.0507189912	-0.0765404226	-0.0328452494	-0.0393822916	-0.0760442412	0.1657153432	0.0369187201	0.0294457841	0.0323185639	-0.1165141303	-0.0744482933	0.0038687283	0.0203436753	0.0947099237	0.0331011881	0.0529916796	0.0026351571	0.2840707752	-0.2188536886	-0.094595608	0.0145511242	0.1147491325	-0.0454530864	-0.205395291	-0.1018267907	0.1414507949	0.1407921827	-0.0028399583	-0.1024910161	-0.0212201489	0.0786622073	0.0370510195	0.037837099	-0.0610215827	-0.015092307	-0.0210254871	-0.0673703174	0.0657432026	0.0945950108	-0.0030626454	0.0229170535	-0.080190284	0.0543537436	-0.0121539648	0.0492673737	-0.0308653999	0.0332540184	0.0668094541	-0.0138875049	-0.1184167666	-0.0342482212	0.0845456407	0.0831132281	-0.0080950212	-0.1228843222	-0.0259797925	-0.0490187276	0.0136386371	0.0168271146	0.0359379168	-0.0201247862	0.0335729756	0.0542817771	-0.0968007685	0.0345178438	-0.0164171323	0.1779720366	-0.0668968159	-0.190126827	-0.0359489354	-0.0510297815	-0.0601702164	0.1062415254	0.0918831036	0.0103601657	0.089368672	0.0259710217	-0.093329706	-0.193043055	-0.0568770003	-0.0599380448	-0.0233634632	-0.0756555377	0.1972793611	-0.0464874437	-0.1018544487	-0.1775198886	-0.0287749526	0.0964762738	0.0681532392	-0.0041113636	-0.0952099364	0.0123036518	0.0941512753	-0.020404848	0.0319551818390095	0.0054219515503034	0.0010211336463641	2.9397558613838512e-05	0.1258253293966902	-0.0995426775162968	0.0099087446471134	0.0158320135177855	-0.5165843459638779	0.3284757939416352	0.1078963472055875	0.2668593864949275	0.0064064995632574	-0.0088743084572181	4.104323665401726e-05	7.875335059385268e-05	0.003320737912549	0.0012586076198851	1.5840931408328364e-06	1.102730028384029e-05	-0.0005636403836667	9.01520230787e-05	3.176904820999448e-07	8.127387265182458e-09	0.0	0.0	0.0	0.0	0.0	0.0	0.0	0.0	0.0	0.0	0.0	0.0	0.0	0.0	1.0	0.0	0.0	0.0	0.0	0.0	0.0	0.0	0.0	0.0	0.0	0.0
5669.500985629584	-57.26460263881199	32143241.42605482	3279.2347153810333	4265.299590421226	16.67950124986328	18192780.59604748	278.20576194419067	3939.352343288113	-7.329526829074439	53.721963538122	15518496.884569546	3958.4657221868447	7022.709714150346	1.549711	47.741196	0.186232108878612	0.1278284725622049	-0.1459902164	0.1590417104	0.0568449964	-0.0091995082	-0.0803461605	-0.1140761859	-0.1225109112	-0.0815424148	-0.0058920738	-0.073885282	0.0064851509	0.018315212	0.0596257877	0.0510542181	0.1359530991	-0.0369511412	-0.0452420452	-0.0652572902	-0.0111616264	-0.0206617828	0.0262615576	0.1035455143	-0.1327893641	0.0074577518	-0.0534155042	-0.0285377501	-0.1361995083	-0.1609564458	0.0699060091	0.0397420245	-0.0378813823	-0.1141134997	-0.0446913229	-0.0244381731	-0.0019417133	-0.0436539382	-0.0750177494	-0.0448125632	-0.0197767624	-0.0700131548	-0.0591050187	0.0378894543	-0.0550376448	0.0383487539	0.0551135506	-0.0195397736	0.0089668825	0.0090532156	0.031608584	0.0200377779	0.0207477617	0.0203337579	0.0497131957	0.0084544178	-0.1009903503	0.0349487647	-0.0450988023	-0.0151834831	0.1012154313	-0.1074412727	0.0427854652	-0.0114845097	0.00958306	0.0185587916	0.1190364169	0.1021113243	-0.0255109241	0.0026264475	-0.0302612083	0.0538584826	0.1014838056	0.0154385178	0.0404471792	0.0662095422	-0.073705572	-0.0278871816	0.0594827563	0.0035578238	0.0101957265	0.1063183693	0.0244995087	-0.0693340776	0.033415838	-0.0432699581	0.1339924567	0.0519978198	0.0262896589	-0.0794282143	-0.0673670963	-0.0511251869	-0.0126076095	-0.0732294969	0.0269483152	0.0539347737	0.0133342778	0.0577944684	0.1130068861	-0.0789368275	-0.0179964451	0.0654188533	0.1523825518	-0.019438784	0.0664686867	0.1103853479	0.0933221317	0.0096603315	0.0100264267	0.1524780242	-0.0124853597	0.0099252646	0.0882406507	-0.0233747265	0.0331421717	0.0260041649	0.1036783401	-0.1903839918	0.029927036	0.09912106	-0.0813743783	-0.0342411302	-0.0645398154	0.0567632068	0.0408091893	-0.0026732477	0.009200167	-0.021907692	0.0809376244	-0.0561926814	-0.0494683516	0.0275190084	-0.1593157076	0.0140598428	-0.1170590949	-0.0255862823	-0.0660007437	0.1354219723	-0.0366084429	0.053121513	0.0750883649	-0.0885748448	-0.0048158758	-0.0044930569	-0.0341169798	0.0101831354	-0.0349007473	0.1365555344	-0.0517325138	-0.1422526964	-0.111757663	-0.0672681169	0.070346951	0.1911681728	0.0315909382	0.0747543133	0.0081243114	-0.0216305731	-0.0816407266	0.0293005391	0.0044139254	-0.0653535283	0.0170560865	0.0627807671	0.0296337597	0.0460664149	-0.1749329049	-0.1000201472	-0.0655449316	0.0603248491	-0.0423705074	-0.005480502	-0.0949350916	0.016369406	0.0930575468	-0.0270429587	0.0514068339646343	0.0194516521256248	0.0026426625782674	0.0003783667704163	0.1489356839587685	0.0231103545620783	0.0005340884879849	0.0221818379562661	-0.5331096471731769	-0.0165253012092989	0.000273085580058	0.2842058959091091	0.003917041652067	-0.0024894579111904	1.5343215304027772e-05	6.197400691588472e-06	0.0033218098465617	1.071934012699706e-06	1.1490425275824934e-12	1.1034420656714263e-05	-0.0006160065580958	-5.236617442910005e-05	3.794640796170343e-07	2.7422162243389323e-09	0.0	0.0	0.0	0.0	0.0	0.0	0.0	0.0	0.0	0.0	0.0	0.0	0.0	0.0	0.0	1.0	0.0	0.0	0.0	0.0	0.0	0.0	0.0	0.0	0.0	0.0
5690.790116841264	21.289131211679887	32385092.153938204	453.2271077481228	4267.722461566434	2.422871145207864	18213455.00895866	5.870304586280867	3941.780207717483	2.427864429369947	5.89452568739986	15537631.205953283	3959.523708069634	6965.876348436806	1.410518	43.453129	0.1788452860306123	0.1163691036338576	-0.0759483308	0.1535201152	-0.0298837172	-0.0088025417	0.0790730107	-0.1723896516	-0.0085343984	-0.0942586347	-0.0223554502	-0.0263107356	0.0329878974	-0.0344863105	0.1656797461	-0.035749966	0.1101119689	0.0372800203	-0.0003567833	0.004035674	-0.0082946243	-0.1427813096	0.0715140104	-0.0063016136	-0.0392662123	0.0875078033	0.0291506497	-0.0234633138	-0.0643693737	-0.0155381808	0.1132444058	-0.0457802365	-0.0241639976	-0.0783154675	0.0236308608	-0.0410617697	0.1169839212	-0.0378386533	0.0083934631	-0.0070296788	0.061183388	0.0270275678	-0.0537406873	-0.1171539305	0.0594677293	0.0182889057	-0.0986296895	-0.0219276192	-0.0562125937	0.0102011803	0.052685444	-0.0316642787	0.089306836	-0.0254916388	0.114983728	0.0993501152	-0.05449674	0.0104616295	0.0690655132	-0.0359972409	0.0543007132	0.022055128	0.0570434485	0.0524006808	0.0234994349	-0.016551343	-0.0847460029	-0.0035673786	-0.0120960586	-0.0607451893	-0.0131834897	-0.0315142919	0.02826218	0.1677108144	-0.0236517442	-0.0481679556	0.0626352766	-0.0726152184	0.0525205604	-0.1475101503	0.0223194577	-0.092503511	-0.0403202181	0.0390546861	0.0348590412	0.0765563579	0.0977133647	0.0121853589	0.0222990307	0.0465650335	0.0119372333	0.0472746181	-0.0560897786	0.0550407203	-0.0626262523	0.0778672836	0.0846041507	-0.0158154006	0.1417220989	-0.1584681031	0.0253079087	0.0170929548	0.1137181549	-0.0348740279	-0.0187947891	0.0112600082	0.0333621058	0.0051706877	-0.0153861886	0.0262000473	-0.0510814094	0.015381222	0.1101630963	-0.1142111135	-0.0025649922	-0.0210164571	0.0051837764	-0.0018495821	-0.0362657675	0.0659883643	-0.0097669313	-0.0087917333	0.0320709708	-0.0798738807	-0.0260902941	0.0328630854	-0.033048075	-0.1567184149	-0.0403092985	0.0075930434	0.0297116099	-0.0446324231	0.0373193595	-0.0466715122	-0.0414453277	0.1140195037	0.0079595379	-0.1367515455	-0.1090167553	-0.0267874902	0.0401897899	-0.003506237	0.0080096286	-0.0426900911	0.0052096805	0.0035052655	-0.1093657482	0.0996015905	-0.0429148376	-0.0627447028	-0.1733438065	0.0973280802	-0.008733599	0.1059286035	-0.0112878625	0.0977217519	-0.0167082333	-0.0124830406	0.0670615958	-0.1450505786	-0.0928439718	-0.0826068994	-0.0090341114	-0.0237326825	0.0151147462	0.0245331537	-0.124500102	-0.021888271	-0.1053380574	-0.1074339345	0.0007870635	-0.0068485126	-0.0945821078	0.020404848	0.0916575064	-0.0335420038	0.0563696917096052	0.0049628577449708	0.0031775421434359	2.462995699681763e-05	0.1669294006121902	0.0179937166534217	0.0003237738390036	0.027865424788745	-0.4953856173343922	0.0377240298387847	0.0014231024272775	0.2454069098617768	0.0019172228529117	-0.0019998187991552	3.675743467726878e-06	3.999275229454945e-06	0.0034801167300233	0.0001583068834616	2.50610693513247e-08	1.2111212454588068e-05	-0.000410838604844	0.0002051679532518	1.6878835923016436e-07	4.209388904153281e-08	0.0	0.0	0.0	0.0	0.0	0.0	0.0	0.0	0.0	0.0	0.0	0.0	0.0	0.0	0.0	0.0	0.0	0.0	0.0	0.0	0.0	0.0	0.0	0.0	0.0	0.0
5661.704398115956	-29.085718725307743	32054896.69164556	845.9790337677175	4283.526131194425	15.80366962799144	18348596.11662548	249.7559737106991	3933.761358774546	-8.018848942936984	64.30193836964158	15474478.427787762	3956.551169008632	6850.9993799778285	1.070727	32.985344	0.1237731184560439	0.0771331619397406	-0.0692729377	0.1349130091	0.0178471448	-0.0253060734	0.0428685612	-0.119333759	0.0358076923	-0.0892215874	0.0045331285	-0.02990185	0.0702888058	-0.0474941533	-0.0498153249	0.0968034095	0.0759370207	-0.045355158	0.0249061286	-0.0019282364	-0.0126420965	-0.0843813064	0.1268076601	0.0254609434	-0.0801500269	-0.0210964789	0.0083924359	-0.0346465707	-0.0893080932	-0.0074987552	-0.0274499461	-0.0963073163	-0.0018900863	-0.0487019676	-0.0738499101	0.0055383437	-0.0432837182	-0.0328789423	-0.0424128602	-0.0317011331	0.1379399909	0.0446699861	-0.0715036973	-0.1446321554	-0.0012529752	0.0599233726	-0.042685789	-0.0278955214	-0.0256999967	-0.0100126399	0.0372373645	-0.0173662864	-0.0085361782	-0.0442469426	0.0140059452	0.0965511834	-0.0467613243	-0.0415866466	-0.0177990173	-0.1144801848	0.0682640554	-0.0486762649	0.0007533201	-0.0156062293	0.0404717055	0.0299625982	0.013988084	0.0447526902	-0.0158691696	-0.1873385342	3.11968e-05	0.0421469189	0.028372628	-0.0654495054	-0.0126849967	-0.004518896	0.0551221054	-0.0629182724	0.0234647478	-0.0793753715	-0.0007750147	0.0611794239	-0.1259809182	-0.0467953461	-0.1942932412	-0.0292775166	0.0739122194	-0.0778008705	-0.0270403669	0.0143307485	-0.0387650453	0.0486834646	-0.0350789135	-0.0395314968	-0.0635705472	0.020296925	0.1117370977	0.0751698461	0.0792717003	-0.006428604	0.0545032291	0.0343377273	0.0149983793	-0.0099506722	0.1476010997	0.0170275455	0.0122024787	-0.0576464982	0.0026226723	0.0349672066	-0.0286329365	0.1091576494	0.0539907418	-0.0770261136	0.0360379736	-0.0560745805	0.0736685207	0.0112262516	0.0519205045	0.0062928244	-0.0795245462	-0.0037354363	0.0298355122	0.0002964282	-0.0675089329	0.1021778368	-0.0230593971	-0.0721292123	0.0054370252	-0.0030282941	0.0617827211	-0.0577037915	-0.0075249811	0.009851369	-0.2250522025	0.151662374	0.0480130032	0.1065366822	0.0600932878	0.0123975777	-0.0321338728	-0.0588659412	-0.0855779357	0.0222910111	0.1012702245	-0.0394302573	-0.0421923322	0.0704527216	-0.0532002763	-0.0888680059	-0.1557272337	0.0442799379	0.0096040398	0.0540778926	-0.0230527194	0.0955239591	-0.1148931247	-0.031475551	0.0379823851	0.0436007784	-0.0009561047	-0.0484328063	0.0181720238	0.1179417574	0.0172227107	0.0282823817	-0.0603821823	0.0386415301	-0.0713435624	-0.177968656	0.0055661247	-0.0082151139	-0.0941512753	0.0244025048	0.0899557625	-0.0398685628	0.0564441164710416	7.442476143639659e-05	0.0031859382841965	5.539045114864545e-09	0.1830205688725499	0.0160911682603596	0.0002589256959832	0.0334965286304317	-0.4396884342224894	0.0556971831119028	0.0031021762066008	0.1933259191890243	0.0010889556380968	-0.0008282672148149	1.185824381742809e-06	6.860265791372317e-07	0.0034182031441016	-6.191358592170029e-05	3.8332921216837655e-09	1.1684112734346062e-05	-0.0005588646505543	-0.0001480260457103	3.123296976391799e-07	2.191171020862785e-08	0.0	0.0	0.0	0.0	0.0	0.0	0.0	0.0	0.0	0.0	0.0	0.0	0.0	0.0	0.0	0.0	0.0	0.0	0.0	0.0	0.0	0.0	0.0	0.0	0.0	0.0
5680.031006343402	18.32660822744583	32262752.23302244	335.8645691222852	4274.087509619827	-9.438621574598072	18267824.03988821	89.08757722846822	3938.884916101404	5.12355732685819	26.250839681602244	15514814.382291164	3964.7715303167824	6835.44109063	1.160353	35.746437	0.0651165534223212	0.0339176042467754	-0.0490433419	0.1394608688	-0.039651492	0.1037677524	0.0773259993	-0.130695881	0.0227642765	-0.1097809464	0.0085445553	-0.0499821177	0.015324572	-0.0381808593	-0.0682468884	0.0370267595	0.063547733	-0.0266886962	0.0406134988	-0.005710678	0.1435914806	-0.0443108008	0.1318011984	0.0242045831	-0.0281996121	0.0357531289	0.0154213555	0.0116253514	-0.029507033	-0.126301785	-0.0173030282	-0.0528270567	0.0322177123	-0.0095807868	0.0143815439	0.0802036292	-0.0050256491	0.014569457	-0.0464470137	-0.069756842	0.067994502	-0.021394642	0.0864088887	-0.0112289209	0.2198024579	0.0387146233	-0.0559244115	-0.0555699439	0.0230615419	-0.0067589311	0.0742299242	0.0607779172	-0.109107771	-0.0329050888	-0.0731496924	0.0527392663	-0.0086524481	-0.1394754614	-0.0992899375	0.0241256571	0.0171571581	-0.0268749728	-0.0130326707	0.1017867092	0.0681555417	0.0702918833	0.1074100326	-0.1147736156	0.0528043893	-0.0977684252	-0.008965865	-0.1164495701	0.092033664	-0.0699830539	0.1325796688	-0.1052495797	0.063616608	-0.0289220916	0.0256454741	-0.0525000258	0.0120403879	0.0225227129	-0.097430785	0.1823979124	-0.061982878	-0.0037225185	0.073352621	-0.0811945268	-0.0188135113	0.0147024184	-0.0193284542	0.0480429649	0.0913027443	-0.05005842	-0.1300957028	-0.0015338589	0.0810612557	0.0331385022	-0.0034455866	-0.035718056	0.0122597844	0.1043000885	0.040316471	-0.0950485129	-0.0329095859	0.0036964955	-0.0111849349	0.034222143	-0.0468897842	0.0459968282	-0.0136761172	0.0440001955	0.0148099978	-0.0880437532	-0.0693882453	0.052492621	-0.0052901099	0.0773270717	0.1387298808	-0.1186083096	-0.0769799986	0.0197275284	0.1337181134	0.0452447556	-0.0546309165	-0.0068898771	-0.0149417173	-0.0903494091	-0.0721615992	-0.0583056438	-0.0682318462	-0.1285592607	-0.0447121941	-0.014589475	-0.0679211436	0.0033379487	0.1807457234	-0.0063459503	-0.0196360674	-0.0130429253	-0.065494295	0.0247177843	-0.0088558908	-0.0178455136	0.0302203745	-0.1350792158	-0.0825787493	0.0654785521	-0.0396702494	-0.0430701929	-0.1849584211	-0.0194191375	-0.1224919012	-0.0109253373	-0.0734870948	0.0868997875	-0.0896535653	-0.0029558128	0.0533207112	-0.1225676725	-0.0612622263	-0.0714771967	-0.0155345737	0.0082381848	0.0337590147	0.0299514461	-0.0623659502	0.0436988934	-0.0286420643	-0.0443505677	0.0381879063	-0.0095800247	-0.0936429488	0.0283549738	0.0879579165	-0.045990102	0.056173101630307	-0.0002710148407345	0.0031554173467687	7.34490438984006e-08	0.1722238189450848	-0.010796749927465	0.0001165698089962	0.0296610438120293	-0.4534746860358609	-0.0137862518133715	0.0001900607390616	0.2056392908753226	0.000600089167645	-0.0004888664704517	3.60107009124869e-07	2.389904259320006e-07	0.0037078335228484	0.0002896303787468	8.388575629301502e-08	1.3748029433158376e-05	-0.0005856185381707	-2.67538876164e-05	3.429490722491877e-07	7.15770502590961e-10	0.0	0.0	0.0	0.0	0.0	0.0	0.0	0.0	0.0	0.0	0.0	0.0	0.0	0.0	0.0	0.0	0.0	0.0	0.0	0.0	0.0	0.0	0.0	0.0	0.0	0.0
5654.878355763571	-25.15265057983106	31977649.218483303	632.6558311910758	4256.54696512334	-17.5405444964872	18118192.066300716	307.6707012332474	3934.1401149770377	-4.744801124366404	22.51313770978869	15477458.444271538	3962.464483556437	6893.631433366491	1.448455	44.621834	0.1699661500741983	0.1196757004815065	-0.0988402635	0.1129140862	0.008492337	0.1673767514	0.0517982961	0.0113226753	-0.0006666969	-0.1141221218	-0.0403197695	-0.0358481309	-0.1056083056	-0.0267079329	-0.1901392346	-0.0264190377	0.0972261447	-0.0930184373	-0.0220591471	0.0193544235	0.0973997093	-0.0456910556	0.1092322246	0.0221593772	-0.0224668174	-0.1173297318	-0.1150928242	-0.0240041313	0.0985430115	-0.0773839737	0.0030761822	-0.0239747217	-0.0186956715	0.0434417211	-0.102135252	-0.0936531945	-0.0546571459	-0.0068448287	-0.0095183792	0.0204389276	0.0302208635	0.0912867966	-0.0859513941	-0.0266236113	0.0782182503	-0.0915474547	-0.0551231269	-0.0858527284	0.054961846	-0.0399041612	-0.0667351718	-0.0810814152	0.0351453488	-0.0441885718	0.0925672056	-0.09182241	0.0212651325	0.0568739169	-0.0080044816	-0.0027978696	0.0440056956	-0.1020003033	0.1090541171	-0.0582727065	0.1903035837	-0.0100022291	-0.0359033188	-0.0251692396	-0.0898690717	-0.0302999942	0.1248302887	0.0385070471	-0.1441758975	-0.1467428414	0.0368949191	-0.0728660098	-0.0077154299	-0.0032849097	0.0531851776	-0.0333188509	-0.0319275115	-0.0283872157	0.0082957728	0.0532254725	0.1342846595	-0.0727140884	0.1161030638	-0.0373666283	-0.0425700629	-0.0837401438	0.0079178886	0.0625300914	0.1111819302	-0.0286131945	-0.0949322254	-0.1197456238	0.0789441574	0.085827784	-0.1176315712	0.035714132	-0.0949910549	-0.0284872419	0.0212403069	0.0483778243	0.120038817	0.043998684	0.072062003	-0.0961044224	-0.0279932183	0.0992235207	0.1207673197	0.0922253923	-0.0092305032	-0.0759984763	0.0258604995	-0.059839977	0.0725047259	0.1363684471	-0.0220111054	0.0040728474	0.0435335349	0.001740145	0.0126730201	-0.0280693027	-0.0936343255	-0.056668493	0.1362916519	-0.0007760151	0.1074228691	-0.0523478349	0.0870704955	0.0024236599	0.0343165562	0.0631857929	-0.0414897519	0.0015821316	-0.0402289687	0.0612684466	-0.0529985576	0.0793025817	0.1578752143	-0.076384966	-0.0838484703	0.1011917235	0.1020475517	0.0361607663	-0.0056706059	0.1049683305	-0.0107721816	-0.0490502373	-0.1511085974	-0.1318166863	0.0086009176	0.0428942082	-0.1728716205	0.0441256396	0.0033648989	-0.0215531997	-0.0759469364	0.0896395866	-0.0410224443	-0.0226013331	0.1096726135	0.1776410513	0.0820004228	0.105331778	0.000632984	0.0241983454	0.0832800056	-0.0416085328	-0.140981004	-0.0109429642	-0.0930575468	0.0322549359	0.0856705448	-0.0518751419	0.0526398145936752	-0.0035332870366317	0.0027709500804565	1.2484117283230312e-05	0.1643852748044878	-0.0078385441405969	6.144277424408727e-05	0.0270225185725469	-0.5545687921037654	-0.1010941060679045	0.0102200182816687	0.3075465451754294	0.0008083917620894	0.0002083025944444	6.534972410140052e-07	4.338997085226818e-08	0.0046382739868893	0.0009304404640409	8.657194571246457e-07	2.1513585577453967e-05	-0.0005968797362667	-1.126119809599993e-05	3.562654195658053e-07	1.2681458255735246e-10	0.0	0.0	0.0	0.0	0.0	0.0	0.0	0.0	0.0	0.0	0.0	0.0	0.0	0.0	0.0	0.0	0.0	0.0	0.0	0.0	0.0	0.0	0.0	0.0	0.0	0.0
5657.96699779619	3.0886420326196458	32012590.548150837	9.539709605664816	4183.833776826881	-72.71318829645861	17504465.072117485	5287.207752236245	3925.459864534945	-8.680250442092529	75.34674773744754	15409235.14807471	3939.4801065589686	6908.993216829316	1.506555	46.411701	0.2901428496388455	0.186616078978262	-0.1145008427	0.1990393423	0.0618142686	-0.0743591606	0.0193419425	0.0115639052	-0.0324473099	-0.0819226555	-0.1119267447	-0.0451401336	0.0106424524	-0.1314855983	0.0233684287	0.0019461851	0.0837886369	-0.1544419392	-0.0536234173	-0.0858496661	0.0012684404	-0.0774863744	0.1095451213	0.1137854989	-0.0031671182	-0.2116343034	0.0106433803	0.0208965456	-0.0727711417	0.0114620485	-0.0322434707	-0.0481714699	0.0046869395	-0.0834114755	-0.0516620909	-0.0917790982	-0.0469735107	-0.0895844095	0.0795711043	0.0965532633	-0.0950978095	0.0009938923	0.0673332159	-0.0323583327	-0.0409477428	-0.0755048283	-0.0419408076	0.0311226402	-0.0045529212	-0.0859103666	0.0243350916	-0.1143371401	0.0127025786	-0.0403255355	-0.0588756804	0.0145592745	-0.0418340255	0.0075124135	-0.0764009291	-0.0789776679	0.0212804493	0.0014119779	0.0007552163	-0.0584008564	-0.0384770839	-0.0317981421	-0.000308727	0.0136673386	0.1278716454	0.0461943319	0.1322001217	-0.0060965163	0.0442393984	0.1151455219	-0.0765477916	-0.0967812617	0.0824208916	0.0460906335	-0.0424467073	0.0579374945	-0.0109858884	0.0560664325	0.0156973586	0.1099490658	-0.0608542293	0.0224544069	0.0941518312	-0.0601593005	-0.0707121734	-0.1088660232	-0.1091995818	0.0263285959	-0.0873639023	0.0556152919	-0.0259102742	0.0258350457	-0.0084419676	0.2890585777	0.0982968244	0.0460726654	0.0793576174	0.0101884079	0.0537939544	-0.0621282566	0.058812146	-0.0065014396	0.1585025323	-0.1593653125	0.0316995721	-0.0660061722	0.0361844751	-0.0453444882	-0.0971061553	0.1489981068	0.0305767545	-0.0565618249	-0.0451328346	0.0573276534	0.014672908	-0.0734476118	0.1065374856	-0.0904137219	0.0552972306	-0.1274396328	-0.0887942311	0.1297137408	0.062032225	-0.0633939041	-0.0412040423	-0.0151207383	-0.031703561	0.0726670496	0.0092374136	-0.0388007307	0.0567574078	-0.0580033053	-0.0034079842	-0.0168925111	0.0032875894	0.038181198	-0.035246951	0.1981553217	-0.0040764808	0.0358385974	0.0696147053	-0.0691568259	-0.0659422653	0.1199917437	-0.0624898837	-0.1664358629	-0.1145557534	0.0670708907	-0.002233242	0.0432134744	-0.0488840979	0.0663970254	-0.0098767997	-0.0105598555	-0.1557743327	0.060549695	0.0684491976	-0.0037334206	-0.0332204017	-0.0223196725	0.1197193611	0.1285389601	0.1218045985	-0.1029198003	0.0846683015	-0.0180727663	0.0393329821	-0.0123036518	-0.092395551	0.0360951694	0.0831011765	-0.0574934194	0.0319231784078226	-0.0207166361858526	0.0010190893196576	0.0004291790148569	0.1677642041407665	0.0033789293362787	1.141716345956483e-05	0.0281448281909847	-0.5054822694206962	0.0490865226830692	0.0024094867091154	0.2555123246986973	0.0043679638600144	0.0035595720979249	1.907910828239189e-05	1.2670553520326183e-05	0.003981954657571	-0.0006563193293183	4.3075506203682413e-07	1.5855962894951378e-05	-0.0007202035376963	-0.0001233238014296	5.186931357102658e-07	1.5208759999047422e-08	0.0	0.0	0.0	0.0	0.0	0.0	0.0	0.0	0.0	0.0	0.0	0.0	0.0	0.0	0.0	0.0	1.0	0.0	0.0	0.0	0.0	0.0	0.0	0.0	0.0	0.0
5678.1248972905305	20.1578994943402	32241102.3492306	406.3409120239209	4305.702713763128	121.86893693624644	18539075.85930716	14852.03778997081	3942.3152710620775	16.855406527132345	284.10472919489564	15541849.69644926	3964.2323746223774	6942.843747387037	1.465504	45.147064	0.1624617333065195	0.1057217472016745	-0.1043545051	0.2181128583	0.1095441857	0.0139640254	0.0298332248	0.039389006	-0.1509896768	-0.0502907033	0.0622108274	-0.0268348151	0.0828741913	-0.0662833897	-0.1595448504	0.0693351775	0.1283612468	0.0492322185	0.0386812836	-0.1653359022	0.0835187863	-0.0583557831	0.1488433408	-0.0912162595	0.0288679258	0.1279183938	-0.0271295481	0.0350360204	-0.0933691891	0.0059937194	0.1427708252	-0.0434600566	0.1685876477	0.0404327874	0.0176912995	0.0543739819	-0.144637557	-0.0172403438	-0.0691537941	0.0512397124	-0.0507015813	-4.50837e-05	0.1242350519	0.0244493154	-0.1072619071	0.0536237715	0.0074074841	-0.0247834737	-0.0499307362	-0.1212555882	-0.0154363433	0.0513262038	0.0237439699	-0.0281828459	-0.0779563223	0.0021945749	-0.0566692801	0.0622495047	-0.0053486025	-0.040831266	-0.0975302212	0.0441831266	0.0659556895	-0.0779724942	0.0024685512	0.0121832152	0.1043294321	-0.0262277556	-0.0265091896	-0.1022418619	-0.1023317938	-0.0201763708	0.0705116466	-0.0450890828	-0.0253949767	-0.0447366576	0.0018502176	-0.0127138275	-0.007750379	0.010240344	0.0322600267	-0.0715967652	-0.0048360417	0.0094078441	-0.0695770285	-0.0184059717	0.1211577185	0.0338553703	0.0821327085	-0.0045803372	-0.2135345583	0.0326231409	0.0914160498	-0.047705439	-0.0806949214	-0.0795429188	0.034249546	-0.0877639523	0.2193608435	-0.0349067209	0.1778483744	-0.0247396296	-0.0824506794	-0.1421107644	0.13740596	0.0173028604	-0.0651740369	0.0228111834	0.0335888774	-0.0689284855	0.0278269881	-0.0421313375	-0.0214475234	0.1406806266	-0.0319224033	0.0689961605	-0.1452187556	-0.0444625321	0.0826266704	-0.0600623384	-0.0486765073	0.0151424357	0.0369179067	0.0732665199	-0.0229545272	0.1093825326	-0.0603246974	0.0969306505	0.0122017508	-0.0326721546	0.072116153	0.0921489385	-0.1051611919	-0.0012210244	0.0476387287	0.1448062316	0.0443847716	-0.0004167699	-0.0353329919	-0.0621490873	-0.0800016674	-0.0273157152	-0.0069954525	-0.0024348531	0.0423230412	0.0550881413	-0.0129780571	0.0867985999	-0.0604663886	-0.1679415148	-0.1239458143	-0.0012098788	-0.0017109302	-0.0540198452	-0.0941426673	0.002338362	-0.02656382	-0.0293475872	-0.0124772406	-0.0322590716	-0.1659128033	0.0180145753	-0.0348489973	0.0773356007	0.1724899998	-0.142837539	-0.0746657016	-0.010937405	0.0996548382	0.0518688346	0.0712023792	-0.0136618075	-0.0916575064	0.0398685628	0.080258269	-0.0628160431	0.0207205512346178	-0.0112026271732047	0.0004293412434664	0.0001254988555818	0.1871794639762782	0.0194152598355116	0.0003769523144804	0.0350361517344468	-0.4613062820764781	0.044175987344218	0.0019515178578365	0.2128034858832232	0.0026753685974528	-0.0016925952625616	7.157597132236562e-06	2.864878722845972e-06	0.0039550991332062	-2.6855524364799956e-05	7.212191889083639e-10	1.564280915348843e-05	-0.000686297145551	3.390639214530006e-05	4.710037719914504e-07	1.1496434283108655e-09	0.0	0.0	0.0	0.0	0.0	0.0	0.0	0.0	0.0	0.0	0.0	0.0	0.0	0.0	0.0	0.0	0.0	0.0	0.0	0.0	0.0	0.0	0.0	0.0	0.0	0.0
5648.736854009094	-29.38804328143669	31908228.045840558	863.6570879115964	4185.639595907242	-120.06311785588514	17519578.826826543	14415.152269276165	3923.358489429371	-18.95678163270668	359.3595698701253	15392741.836577514	3950.664610567988	6788.495278530055	1.892215	58.292538	0.4626123301806841	0.2211768945210774	-0.0583748027	0.0951136025	-0.0299283097	-0.0954218546	0.0873768942	-0.0189611099	-0.0408135887	-0.1028964759	-0.2056850223	-0.0958679431	-0.1247921588	0.0595733237	0.0467128821	-0.0501175579	0.0385878474	-0.1899348375	-0.0567496985	0.0899380283	-0.0610208724	-0.1662900664	0.0142761357	0.0664196648	-0.0743984533	-0.1805053661	-0.0361957149	0.2513718438	-0.0255254199	-0.0048083683	0.2268138717	-0.0900632531	0.0756023361	-0.0064408384	0.1129581952	-0.0678628622	0.0106651438	0.2077028434	-0.0299150001	0.1761175155	-0.1206439776	0.0478285997	-0.1185908297	-0.1553952974	0.1363434854	-0.0760270926	0.0295702422	-0.0468846198	0.0547804626	0.1568177057	0.0776810351	-0.0462775607	0.0187433358	0.1334576379	-0.0230484529	0.0023262862	0.1132656376	-0.0669835011	-0.0071301573	0.0271491919	-0.0134778687	0.0277600176	-0.0944047456	-0.032847071	0.0334382412	0.0528268158	0.0092283012	-0.0542571004	0.0490860317	0.0359310388	-0.060636656	0.1801720098	0.0133867068	0.1364156781	0.0133363569	0.0460726138	-0.0446587172	0.0008503539	-0.044209117	0.0476077041	-0.083223216	-0.1105982168	0.0541585638	-0.0345518147	0.0247739822	-0.033477144	0.0911970271	0.0054070998	-0.0183550024	-0.2390498813	0.1499195542	0.119185158	-0.1212649535	-0.0459337559	-0.2036938841	-0.1234017132	-0.0599142405	0.0832474042	0.0100273901	0.0777576865	0.2929121627	-0.0866011139	0.0125638411	0.0906974062	-0.0173805044	-0.1276824956	0.2433929299	0.2576897552	-0.2561286313	0.1029830409	-0.0375322316	-0.0156570612	0.1225656973	-0.0992400678	-0.0759717487	-0.080657328	-0.0209893248	-0.0476949627	-0.0813797355	-0.0520119569	0.0296298784	-0.1517176418	-0.0210483873	-0.0217993973	0.0978400253	0.0115964754	0.0427947681	-0.0300065541	0.060655704	0.0712173728	-0.1718264564	0.0814610805	0.0131909219	-0.0046212823	0.0774732757	-0.0773528048	-0.0653490879	0.0216783694	-0.0102949373	0.0485235172	0.0296529929	-0.0448029136	-0.0021191969	-0.0287778111	-0.0459238129	0.0417906904	0.073920278	0.0892682326	0.0045820704	0.0029354014	-0.0688754433	0.2200602543	0.0327595575	-0.020725141	0.0316876596	0.1374349726	0.1621280196	-0.1840079507	-0.3320084835	-0.0760535794	-0.1233513732	0.0413149663	-0.2032770443	-0.0830050294	-0.4549647864	0.019355921	0.3464540632	-0.1007072002	-0.0411337539	0.2727772937	-0.1401645363	-0.0150171519	-0.0908440203	0.0435681289	0.0771511802	-0.067815642	0.0719390759185927	0.0512185246839748	0.005175230644021	0.0026233372708029	0.1463849451460817	-0.0407945188301965	0.0016641927665872	0.0214285521654213	-0.5335998957545058	-0.0722936136780277	0.0052263665786279	0.2847288487492195	0.0016570601120271	-0.0010183084854257	2.745848214871265e-06	1.036952171489983e-06	0.0074167394977278	0.0034616403645216	1.198295401328524e-05	5.500802477715562e-05	0.0007998674642714	0.0014861646098224	6.397879603999593e-07	2.208685247488566e-06	0.0	0.0	0.0	0.0	0.0	0.0	0.0	0.0	0.0	0.0	0.0	0.0	0.0	0.0	0.0	0.0	0.0	1.0	0.0	0.0	0.0	0.0	0.0	0.0	0.0	0.0
5679.560474483806	30.823620474711788	32257407.18331871	950.0955791690718	4306.097865906477	120.45826999923428	18542478.830764312	14510.194811208428	3939.437884818413	16.07939538904202	258.5469560771457	15519170.848342571	3955.4542202339935	6629.505003268743	2.413323	74.34605399999998	0.5153051504857216	0.4560640221932056	0.0321160167	-0.2015625503	-0.1093399942	0.0452706495	-0.0493020133	-0.0652022864	0.3128141711	-0.1083618496	0.0735993447	0.3724093176	-0.428868279	0.000346404	0.1553482728	-0.086892683	-0.0451426536	-0.0606736229	0.0698433397	0.4654045753	-0.1370874584	0.1112102058	-0.0641581678	0.0395876	-0.1108690063	0.0445254938	-0.1741409123	0.0078866837	-0.0221304121	0.0905862946	-0.0077943347	-0.0635367497	0.0169090388	0.0851303226	0.1260582828	0.0147320927	0.0872010335	0.0915881183	0.0527791896	-0.0271785456	0.0148748951	0.000171096	0.1123608266	-0.0183627745	-0.0624231651	-0.0847337966	-0.0377003799	-0.0020404173	-0.0874414501	0.1526518927	-0.0133612261	-0.1590923232	-0.0945520847	-0.037558839	0.0614625132	0.0293811136	-0.1870634954	-0.0072456802	0.0189015951	-0.1477182169	-0.1427338793	-0.051671239	-0.0167352526	0.0351738132	-0.0562980416	-0.084635925	-0.0185558978	0.0862566584	0.1196215324	-0.0293840474	0.0058251487	-0.0194727402	-0.099965193	-0.0624086347	0.0320005645	-0.0016229286	-0.0472639922	0.0217404703	-0.034083066	-0.0183664742	-0.0119607278	0.139000611	-0.0651101233	0.0747173164	0.013283713	0.0903831896	-0.0449145945	-0.0688169977	-0.0298974854	0.0333567052	0.5069583567	0.0559942745	-0.0458811545	0.0767041989	0.3008964619	-0.0884090396	0.1589199691	0.0572280074	0.1214496539	0.0695612147	0.006334005	0.0022234119	0.1817663206	-0.0465193409	0.0470617669	-0.1292541982	-0.1206443973	0.0290925416	-0.0491869355	-0.2619884609	-0.0777975213	0.0402504201	-0.0695855464	-0.0679884998	-0.1478684079	0.057646986	-0.1902081111	0.1054626714	0.0233864226	0.1289932742	-0.0184853761	0.0215144733	-0.0075880494	-0.0781014589	-0.0216669586	0.0313165743	-0.0558881967	-0.0506193271	0.0591785851	0.0508787166	0.0589494301	0.0309347137	0.065049697	-0.0714625955	-0.0626871783	-0.025608191	-0.0354058942	0.1008812449	0.0241631285	0.0316467221	0.0162060423	-0.0089686398	-0.0430010853	-0.0898460114	0.0219704692	-0.0050169673	-0.0554183029	-0.0179873723	0.0766608253	0.206386188	0.0608644783	-0.1062439183	-0.038595228	-0.0043153584	0.0953004347	0.0871147621	0.0517103079	0.0448938278	0.0215419763	0.0223334087	-0.0474159215	-0.2918462662	-0.0230102845	-0.2037649419	-0.0764115993	-0.0249955395	-0.1593119724	-0.0246619886	-0.115171758	0.0199674164	0.0561905826	-0.016369406	-0.0899557625	0.0471870168	0.0737901375	-0.0724665061	0.0632618950861427	-0.0086771808324499	0.0040020673698901	7.529346719903751e-05	0.1432266005208475	-0.0031583446252341	9.975140771745616e-06	0.0205138590967584	-0.5127879733998384	0.0208119223546674	0.0004331361120967	0.2629515056635134	-0.0070272886820239	-0.008684348794051	4.93827862205012e-05	7.541791397673506e-05	0.0079902639637043	0.0005735244659764	3.289303130736287e-07	6.384431820967154e-05	0.0004045866708315	-0.0003952807934398	1.6369037421451653e-07	1.5624690566247686e-07	0.0	0.0	0.0	0.0	0.0	0.0	0.0	0.0	0.0	0.0	0.0	0.0	0.0	0.0	0.0	0.0	0.0	0.0	1.0	0.0	0.0	0.0	0.0	0.0	0.0	0.0
5680.782556143021	1.2220816592152914	32271290.45017884	1.4934835817903998	4273.036202852843	-33.06166305363331	18258838.390891045	1093.0735638719818	3954.20745526288	14.769570444467265	218.1402111140809	15635756.599256542	3974.264369553402	6778.088692082666	1.886858	58.127506	0.2685809433326666	0.1637587972322562	0.003973629	-0.098331786	-0.0950082799	0.0187660981	0.07344718	-0.1108561884	-0.0328452054	-0.0365196914	-0.0260578565	-0.0988553688	0.0532776185	0.030679672	0.0383394381	-0.1085133678	0.0569778234	0.1406833821	0.0260267477	0.0048678523	0.1154973179	0.0165521649	-0.0704215835	0.0087717586	-0.0386637229	0.0541938507	0.0890654813	-0.0007371648	-0.0172162206	-0.0674520215	-0.0487653508	0.0503860868	0.0012630675	-0.1838544234	0.0776318146	-0.0760263523	0.1292078526	0.0319578518	-0.0276261115	-0.094944903	-0.0475215467	-0.0080124995	0.0692613427	0.0707311274	0.0370246322	-0.0131826597	0.0001090139	0.064280385	-0.0365769249	-0.0789423773	0.0116126237	0.0289685329	0.1776342266	0.1906154328	0.1573214292	-0.0382733664	-0.075713035	-0.0010265235	0.0044314796	0.0207450599	-0.0390890296	0.0025601971	0.0055791971	-0.0665356461	-0.0173819769	0.0190969587	-0.0533957626	-0.0140980238	-0.0002862203	-0.0354672591	0.0806827715	0.0230395617	-0.0774624071	0.001093941	0.052328815	-0.132461987	-0.126036458	-0.0437150398	-0.0502965123	0.0776338419	0.0837402377	-0.0679120891	0.0340297335	0.0586255062	-0.0167331555	-0.0072058813	0.0522228043	0.0409235573	0.038033506	0.120788822	-0.0033764089	-0.0134311276	0.0786252456	0.0104472837	-0.0242249322	0.1457415163	0.0284741891	-0.0661885844	-0.108563658	-0.0511797591	-0.0985121131	0.0727859476	0.1504950801	0.0642662496	-0.055720274	0.1195586632	0.1523605193	-0.0621004451	-0.1250762885	0.0383329702	-0.0143265784	-0.0841742878	0.1398925222	0.0388644957	0.0119701664	0.0926157533	-0.0194566725	0.0528099018	-0.037677321	0.1597958755	0.0536734715	0.0723499753	0.0082235924	-0.0302226567	-0.0219304959	0.0227907818	0.0790490656	-0.0220667814	-0.1297941706	0.0932014441	0.0265492351	-0.0276090838	-0.0467524873	0.0075277194	0.0529480896	0.1007404698	-0.0733376476	0.0196055466	-0.0295222415	-0.0230806033	-0.0250921906	-0.1145297267	0.0408165017	0.0364692934	-0.0380249665	-0.1378938816	0.0438786705	0.0137849187	0.040360206	0.1299247743	-0.0532797034	0.0433629792	0.0431183512	0.0479443088	0.0512709118	0.0029773777	-0.0469550059	0.0287199626	-0.0700140578	-0.1392608266	0.1095323131	-0.005078708	0.0257464963	-0.0254685595	-0.1102417839	0.1784560192	-0.0079110442	0.1282254782	-0.0561033318	-0.1047089372	-0.0779002826	-0.0177182917	-0.0889934638	0.0507185253	0.0701862042	-0.076744719	0.0613876626406693	-0.0018742324454734	0.0037684451244846	3.512747259665219e-06	0.1164263703240635	-0.026800230196784	0.0007182523386006	0.0135550997068359	-0.5561974995140275	-0.0434095261141891	0.0018843869574584	0.3093556584656566	-0.004215361847756	0.0028119268342678	1.7769275507516878e-05	7.906932521275893e-06	0.0068997911158545	-0.0010904728478497	1.1891310318976516e-06	4.760711744242469e-05	0.0003770472614248	-2.753940940670004e-05	1.4216463734794145e-07	7.584190704698384e-10	0.0	0.0	0.0	0.0	0.0	0.0	0.0	0.0	0.0	0.0	0.0	0.0	0.0	0.0	0.0	0.0	0.0	0.0	0.0	1.0	0.0	0.0	0.0	0.0	0.0	0.0
5657.738153911531	-23.044402231489585	32010001.018226262	531.0444742066821	4265.867511543792	-7.16869130905161	18197625.62604482	51.390135084472085	3933.81789313239	-20.38956213049005	415.7342438731139	15474923.216328556	3958.95945826199	6903.210710628223	2.348559	72.350891	0.8634443879029287	0.4805507023180992	-0.1314896524	0.1451479232	-0.0752471204	0.04249129	0.07973012	-0.046467885	0.07449139	-0.2257196942	-0.0307291767	0.0205119837	0.0325228616	0.1708022618	-0.0372749426	-0.1034187242	0.1682555711	-0.0932202728	-0.0961979196	0.118954124	-0.0984578621	-0.0011502267	0.2278682499	0.1249315036	0.138404564	0.0346885918	0.1105897106	-0.105139287	0.1992993661	0.0961997497	0.2224919296	-0.0689514727	-0.2301002483	-0.0361349588	0.0233769711	0.0558841174	0.1188971467	-0.0574110602	-0.0287378839	-0.0359517529	0.0606834826	-0.062388616	0.0431183267	0.0304262051	0.0606227429	-0.0791330031	0.0817946918	0.0371814926	0.09167024	0.0594514706	-0.1882378784	0.1326408195	-0.0104925369	-0.0264307338	-0.0632769684	-0.0972738558	0.0050453657	0.061725125	0.0064427229	-0.1371001381	-0.0057666295	0.0263865074	0.0929945374	-0.0806050918	-0.0307309972	0.0013884947	-0.0630146317	-0.0061287971	-0.0587858744	0.1933519269	-0.0914729035	0.0063635665	0.0244035444	-0.1065059282	0.0415471144	-0.0455744999	-0.0444775862	0.0347170975	0.0470177421	-0.0618119955	-0.0761847216	0.0732997389	0.0118806664	-0.0077188914	0.038455829	0.0948727167	0.1737608004	-0.0511535109	-0.2048007898	0.0423571563	0.1057182689	-0.0776104615	-0.0679574925	0.0195254448	-0.1137064157	-0.1716442032	0.0555713052	0.0968941864	-0.0604015938	-0.3028423045	-0.0920499195	-0.2425298417	0.0285645232	0.0390161497	0.0019577166	-0.1083335806	-0.1278925222	-0.0358346546	0.0857535149	0.1232890055	-0.05257735	0.0521275237	-0.1518889394	-0.138876209	0.0355745725	0.0498351006	-0.0412844881	-0.0137737623	0.0086978594	-0.1548653972	0.0723009601	0.0821725509	-0.0362624146	0.0582284247	-0.0816187828	-0.0485873235	-0.0588833727	0.0309193897	-0.1126993816	-0.0407212911	-0.0805883206	0.0949351947	-0.1249056143	-0.0032952145	0.1428830887	0.0240657876	-0.1679232317	-0.0762455355	0.0592711851	-0.0878696893	-0.0411153209	-0.113529429	-0.0252510382	-0.0018842498	-0.1032711356	0.0158418162	-0.0212937283	0.1739566281	0.0237955702	-0.0554339556	-0.0169226596	0.0449221269	-0.3198963134	0.1746704861	-0.0405415173	0.0187753275	0.4063214895	0.1584417161	0.3067008159	-0.0839202578	0.0310993918	0.2107200568	-0.1846141219	-0.1326150741	-0.1171189114	-0.0566509427	0.1118441999	0.102899696	-0.0054829098	-0.1743853061	-0.0801617568	-0.0190635313	-0.0879579165	0.0541561147	0.0663512432	-0.0806282803	-0.0100844636717596	-0.0714721263124289	0.000101696407547	0.0051082648396197	0.129976503501382	0.0135501331773185	0.000183606109123	0.0168938914624447	-0.7615205181813138	-0.2053230186672863	0.0421575419946468	0.5799134996111367	0.0031209993309221	0.0073363611786781	9.740636823616194e-06	5.382219534401512e-05	0.0044362168626328	-0.0024635742532217	6.069198101136858e-06	1.9680020052307604e-05	0.0020390940244429	0.0016620467630181	4.157904440518742e-06	2.7623994424589444e-06	0.0	0.0	0.0	0.0	0.0	0.0	0.0	0.0	0.0	0.0	0.0	0.0	0.0	0.0	0.0	0.0	0.0	0.0	0.0	0.0	1.0	0.0	0.0	0.0	0.0	0.0
5668.048118915056	10.309965003524669	32126769.478336506	106.2953783739034	4252.385660854939	-13.481850688853228	18082783.808644693	181.76029799653227	3945.708230772276	11.890337639885727	141.38012919048333	15568613.442384085	3963.022133440005	6824.497037843849	2.387739	73.55789199999998	1.270945540593241	0.6458901357169358	-0.2021637948	-0.2541997927	0.0434086731	0.0753238142	0.1197245218	-0.0521446897	-0.2026589226	-0.1532740917	-0.1499118518	0.2064412932	0.0541529701	0.2169127953	-0.0963273992	-0.0770337421	0.1702070609	0.0331273703	-0.3560207612	0.1403726858	0.0962154235	0.0384454142	0.0203688624	0.0027849999	0.0375217966	-0.000171348	0.0303247993	0.0993498694	0.2088323445	0.1767822165	0.0606767743	0.091426308	-0.1484547295	-0.0269379387	-0.0297121692	0.0901919513	-0.1023475785	-0.0446459315	0.1592329134	-0.0278087507	0.0217086059	0.0734598763	-0.0396064444	-0.021503323	-0.0867542414	-0.0050971733	0.1071680058	0.0179185368	0.0216565336	-0.0702823799	-0.0498539524	0.0565002273	0.038412352	-0.0764588539	-0.0166407695	-0.0110399272	0.0047207226	0.101013062	0.0857470166	0.0607832509	0.0301406509	-0.0158856835	-0.0353848923	0.1179832161	0.0574063722	-0.0153561535	0.0846115963	-0.0096289808	-0.0629347901	-0.0524394972	-0.0155392264	-0.0626984237	-0.0073852475	-0.0551348144	-0.0340945874	0.1073725289	0.0624739764	0.0516469776	-0.0645146868	0.0207659796	0.057133548	-0.0859807016	-0.0620023845	0.0469515253	-0.0551365826	0.0538130349	0.1766534974	0.2737383747	-0.2781482324	-0.0112044633	0.0824387437	-0.0336252048	0.0970561257	-0.0378908809	-0.0487035778	-0.0091978799	-0.0523318467	-0.0232056251	0.0409245161	0.0039391242	-0.0787086874	-0.3014765136	-0.0253866483	0.1275804196	-0.0757692844	-0.0409665205	-0.1572301101	-0.1642046665	0.0026269846	0.0062878493	-0.0525667716	-0.0937351515	-0.1162635993	0.0033878525	0.096336811	-0.1355644884	0.0159464564	-0.113151026	0.0389105129	0.0961748673	0.0603809303	-0.06715255	-0.0380813228	0.0986555573	0.0518601372	-0.0816084094	-0.0397167107	0.1075184367	0.072245371	-0.1307112062	0.0361565408	-0.0271244345	0.0592453371	0.0090697072	-0.0363450035	0.0017922765	0.1385583022	-0.0015174958	-0.0274322512	0.0034632446	0.0096818769	0.0160287116	-0.0160196377	-0.048055682	0.0120749307	0.0791167345	0.0247542064	0.2050883787	0.362876618	0.0657498555	0.0748702578	-0.0381833492	-0.1545802617	0.0242539372	0.0277447302	-0.0497584241	0.2836703717	-0.0503519988	0.180774764	0.2928620697	0.1966843051	0.1987604078	0.1905015698	0.2031568065	-0.1269312412	-0.1327102501	-0.0932708653	0.0502839421	0.078229869	0.1288124693	0.1964899063	-0.020404848	-0.0868499729	0.0574934194	0.0622978778	-0.0840972192	0.0485438316901394	0.058628295361899	0.0023565035951605	0.003437277017042	0.0474011420682813	-0.0825753614331007	0.0068186903158072	0.0022468682693773	-1.193177701088345	-0.4316571829070312	0.1863279235552342	1.423673026374468	-0.0032084838652279	-0.0063294831961499	1.0294368713427766e-05	4.006235753034521e-05	0.0112982934869452	0.0068620766243124	4.7088095597934666e-05	0.0001276514357171	0.0028092282218047	0.0007701341973618	7.891763202183996e-06	5.93106681946104e-07	0.0	0.0	0.0	0.0	0.0	0.0	0.0	0.0	0.0	0.0	0.0	0.0	0.0	0.0	0.0	0.0	0.0	0.0	0.0	0.0	0.0	1.0	0.0	0.0	0.0	0.0
5674.689697413077	6.641578498020863	32202103.16192612	44.110564945373056	4274.27699740765	21.89133655271144	18269443.85056816	479.2306160640799	3954.516482791385	8.808252019109204	77.58530363214138	15638200.612668747	3966.920891159223	6660.8523921166325	2.044708	62.990322	0.7779435028791666	0.4184439082730768	-0.070706894	-0.2999467819	0.0368886325	0.1017057631	0.124773657	-0.0763544515	-0.2053418284	-0.0564163159	-0.0074058402	0.1534994676	0.052797495	-0.0989610872	0.0490869126	-0.0018250458	0.0827414913	0.1109396489	-0.1233873728	0.1200122909	0.2576805455	0.023078328	-0.2158962771	-0.129765541	0.0168164162	-0.0466899292	0.038906891	-0.0011953114	-0.0794141179	0.0354434587	-0.026601462	0.0216092199	0.1271851178	0.0262476541	-0.0149074635	-0.0086716921	-0.0582531429	0.0008795593	-0.0244555058	-0.0303711304	-0.0417062779	-0.0097254253	0.056415776	0.0823008012	0.0524401636	0.0693403969	-0.0050987075	0.0162048877	-0.0204775514	-0.0959796628	0.0046670326	0.0008333395	0.0260595872	0.071164757	-0.0052547653	0.0303097657	0.0012394845	0.0051339019	-0.0425914929	0.0074966566	-5.53046e-05	0.0388300755	-0.0332573801	0.0025677166	-0.0285912043	0.1081899019	-0.0146067902	-0.0139645096	-0.0086594345	-0.0458988001	0.0333961841	0.0230043827	-0.0760930453	-0.0121866179	0.0334920061	-0.042114168	-0.0125051485	0.0263610057	0.1225336249	-0.032014407	-0.0340578672	-0.0081985676	-0.0231424501	-0.0041735616	-0.0426103013	-0.0207351618	0.0875762052	0.2014993683	-0.044895827	0.0497684487	0.0481796099	0.075529525	0.2386476445	0.0792209496	0.0855965367	0.2655541996	-0.0914962832	-0.048512361	-0.0319508701	0.1166730766	0.0472165164	0.059505743	-0.0708791876	-0.0826105814	0.0101757283	0.0271904878	0.0623884333	0.0334101118	0.0315920331	-0.1092692884	0.0340230242	-0.0473866778	0.1148834656	0.0847067009	-0.0138455467	0.1180402865	0.0671625802	-0.0239363823	0.0728264975	-0.0110024035	-0.0424725486	-0.0521374668	0.1289836732	0.0624377577	0.0125327418	-0.0621532174	0.0683876837	0.0174107128	-0.0436774194	0.0181761975	-0.0438619837	0.0613318469	-0.0038175727	-0.0202201164	-0.0028895239	-0.0724760493	-0.0172620281	-0.0369744613	0.0521230761	0.0148304487	-0.0300635848	-0.1413751891	-0.0435759362	-0.017352557	0.0322070836	0.0148640974	0.0020646924	0.1025751753	0.2558780957	0.2164235355	-0.0031388011	-0.059734188	0.0491127767	-0.1298902851	-0.0304342728	-0.0379745838	-0.1339101081	0.0464788747	-0.1080683111	-0.001139589	-0.0374288956	-0.0594317067	-0.2271457591	-0.109400857	-0.0839495028	0.0697385567	0.0051690624	-0.0862398966	0.003641939	-0.0508959578	-0.017329366	-0.0217419657	-0.0856705448	0.0607242596	0.0580394502	-0.0871336971	0.0374400300212585	-0.0111038016688808	0.0014017558479927	0.0001232944115018	0.2062188746220243	0.1588177325537429	0.0252230721735122	0.0425262242503741	-0.8787730713890625	0.3144046296992826	0.098850271176343	0.7722421109985663	-0.0067654887399399	-0.003557004874712	4.577183789025358e-05	1.2652283678724932e-05	0.0108230328237968	-0.0004752606631484	2.258726979362576e-07	0.0001171380395049	0.0009691469805199	-0.0018400812412848	9.392458698508396e-07	3.3858989745282105e-06	0.0	0.0	0.0	0.0	0.0	0.0	0.0	0.0	0.0	0.0	0.0	0.0	0.0	0.0	0.0	0.0	0.0	0.0	0.0	0.0	0.0	0.0	1.0	0.0	0.0	0.0
5664.764531580061	-9.925165833015852	32089557.198247463	98.50891681286528	4249.439281597629	-24.83771581002111	18057734.207984973	616.9121266593726	3948.96330978806	-5.5531730033249005	30.837730404856494	15594311.22205227	3965.238857295036	6742.295874009908	1.401057	43.161663	0.2947893094713457	0.1609893627920983	-0.064455997	-0.1619622061	-0.0271607526	0.0084993246	0.1672546023	-0.0227009621	-0.0668986906	-0.0830456172	-0.0799269597	0.0487282144	0.0449256575	-0.0616966409	0.070729266	-0.0523789921	0.0861184619	0.0919840409	-0.0807924246	0.0906477917	0.0803039673	-0.085243115	-0.0368786252	-0.1725039497	0.0610116556	-0.0262270359	0.0320247683	-0.1067835522	0.0834356193	0.0536808026	-0.0506720762	-0.1315380335	0.0164529922	-0.021603731	-0.0160235639	0.0035316979	-0.050030974	0.0297880267	0.0389549232	-0.0156070313	0.0663933735	0.0687141828	0.0336621894	0.0163398935	-0.0063241627	0.0481064952	0.1509132366	-0.0499346602	-0.0039500971	0.0158452965	0.0567255911	0.0146378258	-0.108237537	-0.0247730116	0.0403656069	-0.0414173206	0.0249454501	0.0388626625	-0.0002223336	0.0589367891	-0.0414844674	0.0649312264	0.0052352943	-0.0725176171	0.0650857639	0.0013070387	0.0263026647	0.0620172497	0.0510092227	-0.0026787652	-0.0395206291	-0.1165936857	0.0457069418	0.1085795275	0.0031474072	0.080759938	-0.0454616426	0.0171487118	-0.039227143	0.1045953508	0.000491149	0.059202996	0.0256787405	-0.0611304465	0.0586325102	0.0122751437	0.0849261772	0.0986537103	-0.0446694319	0.0833594786	0.0377142168	0.1237996441	0.0701497201	0.0916468106	0.0020141871	0.1164901291	0.0337886193	-0.0102171213	-0.0656308148	-0.0234941022	-0.051486563	-0.0541187432	-0.1627506828	-0.0672697576	0.0385821285	-0.1104591151	0.0082668036	-0.0307780273	-0.0351364846	0.0217422092	0.0201463446	-0.0061918673	0.0337123948	0.047056207	0.0371885709	-0.0749799189	-0.0204891813	0.0721909967	0.112317564	-0.1052408645	-0.0970930038	-0.0090402378	-0.113626248	0.0113608708	0.1185589346	0.0162506866	0.0002168831	0.0400335915	-0.0497725071	0.0151651485	0.1558067937	0.0879379928	-0.0180956591	0.1103649968	0.0624287841	0.0139458603	-0.0211249937	0.0588488731	-0.0694454021	0.1143973442	0.0477672677	0.0676285051	0.1020994095	0.0267096046	0.0167674748	-0.0023387054	0.0514459469	0.0900489368	0.1433882728	0.1549578596	-0.0156587594	0.0764036245	0.0337136207	-0.1422630072	-0.0544209492	0.0370224053	-0.0005701079	0.0639467271	-0.0616854292	-0.0281278253	-0.0601192875	0.187846898	-0.0312570301	0.0665524392	0.1292905643	-0.0736877007	-0.0526711414	-0.1096175935	0.0586466233	-0.0814205473	-0.0889140493	-0.0230746094	-0.0844206031	0.0638426524	0.0535899776	-0.0897220992	0.0403838805255674	0.0029438505043088	0.0016308578063033	8.666255791719753e-06	0.1991528049366167	-0.0070660696854076	4.992934079903626e-05	0.0396618397141221	-0.7665693812666632	0.1122036901223992	0.0125896680770834	0.5876286162955549	-0.0043422658643992	0.0024232228755407	1.8855272837126533e-05	5.872009104543738e-06	0.0102501189215806	-0.0005729139022161	3.282303393525923e-07	0.0001050649379065	0.0005137697750922	-0.0004553772054277	2.639593817982898e-07	2.073683992231417e-07	0.0	0.0	0.0	0.0	0.0	0.0	0.0	0.0	0.0	0.0	0.0	0.0	0.0	0.0	0.0	0.0	0.0	0.0	0.0	0.0	0.0	0.0	0.0	0.0	0.0	0.0
5655.827423027856	-8.937108552205245	31988383.839073915	79.87190927390013	4281.434142851997	31.99486125436852	18330678.31957882	1023.6711466862916	3943.250853337469	-5.712456450591162	32.63215869990058	15549227.292346677	3963.818800828091	6601.47652149087	1.129536	34.797066	0.2430067915682538	0.1579598781886357	-0.0020181821	-0.1702616583	-0.0521929854	0.0381741482	0.1267945366	-0.0207531272	0.0295838477	-0.0646846551	0.0184704476	0.0868865892	0.0244789067	-0.0760092471	-0.0139256985	0.0266169009	0.0239619749	0.0451326687	0.0012265139	0.1303336799	0.0975830941	-0.0305413576	-0.0449703922	-0.0845149841	0.0412768345	-0.0840696901	0.1089531819	-0.03253532	0.0334813036	0.1013453112	-0.1238535785	-0.1335760973	0.0443127906	-0.0271944753	0.0178002896	-0.0746318992	0.0331186762	0.044852836	-0.0099154103	-0.0680968626	-0.0724251245	-0.0362899226	0.071168144	0.0587328754	-0.0144441422	0.1455332986	-0.0395646323	0.0671917872	0.0091432879	-0.0577899706	0.0432490803	0.0002893759	0.0264235823	0.0367532461	0.0176742176	0.0162062753	0.0214315211	0.0082682103	0.0285596322	0.022815985	0.0051018559	-0.0460863119	-0.0508493867	0.0243789142	0.022610654	-0.0046459497	-0.0614792161	0.029568197	-0.0546054903	0.0692253946	-0.1038599654	0.0581174774	0.0741533244	0.0304972246	-0.029665	0.0592158573	0.1131331335	-0.0036874221	-0.0043466726	0.0599780701	0.0375359855	-0.0382916658	-0.0294504924	-0.0127441477	-0.0244996461	-0.0342283572	0.0301038485	-0.0035202026	-0.0404944365	0.0967765264	0.0787071291	0.0840456877	0.0947939379	0.0681715216	0.0297048856	0.136724934	0.0731214696	0.0666900383	-0.1436019833	0.0153384839	-0.0059750651	0.0228791016	-0.0966906369	-0.0289344864	-0.0228699849	-0.0756865022	0.0077821631	-0.0504842313	-0.0291125612	-0.0657981946	-0.074042353	-0.0408177091	0.072940605	0.1168832576	0.0174502205	0.0968599414	0.0873526351	-0.0653051877	-0.0007774125	-0.0921202086	0.0819079931	-0.0079684215	0.0262621938	-0.0317501117	0.0681446827	0.036707565	-0.0094950291	-0.0075678406	0.008578421	0.0051813237	-0.0345917129	0.0039749718	0.0130978086	-0.0187020223	0.0380749868	0.0009554517	-0.0316526505	0.0094902719	0.0422664135	-0.0338027328	0.0728077887	0.0306437673	-0.0094723446	-0.0317752565	-0.109903266	-0.0094732214	0.0275504517	0.0379934187	0.1091486582	0.1790515454	-0.0091557493	0.0346423935	-0.0513321315	-0.1490389707	0.0103128071	0.0402279547	-0.1126916391	0.0808020181	-0.0819619768	-0.0143961157	0.045603541	0.056157697	-0.1087291892	-0.1188572686	0.1637427849	-0.0193756736	-0.0483233394	-0.043926745	0.0575396041	-0.0725084322	-0.0349279527	-0.0244025048	-0.0831011765	0.0668428233	0.0489641061	-0.091849115	0.0451215570471674	0.0047376765216	0.0020359549103607	2.2445578823319895e-05	0.2109787210927152	0.0118259161560985	0.000139852292931	0.0445120207539177	-0.6387101611786079	0.1278592200880552	0.0163479801615257	0.4079506699928032	-0.0055833527887606	-0.0012410869243613	3.117382836376077e-05	1.5402967538208383e-06	0.0096842503167111	-0.0005658686048695	3.20207277976955e-07	9.378470419671904e-05	0.0003490457282731	-0.0001647240468191	1.2183292042569878e-07	2.713401160046105e-08	0.0	0.0	0.0	0.0	0.0	0.0	0.0	0.0	0.0	0.0	0.0	0.0	0.0	0.0	0.0	0.0	0.0	0.0	0.0	0.0	0.0	0.0	0.0	0.0	0.0	0.0
5647.913676201649	-7.913746826206989	31898928.893825624	62.62738882930119	4263.875011649568	-17.559131202429853	18180630.1149696	308.32308858414564	3944.777745592272	1.5268922548029875	2.331399957777352	15561271.462120049	3964.772086462036	6556.367965681743	1.148381	35.377598	0.1633146366283197	0.1032064080048066	0.0015289169	-0.1527042445	-0.0189846197	0.0923926224	-0.0489207037	0.0099835165	-0.0721569876	0.0166538615	-0.027719616	0.0490945752	-0.0224581397	-0.0190765616	-0.0289314474	0.0890431355	0.0087872368	0.0369269926	0.0082136666	0.0203449871	0.082796243	0.052396853	-0.0659619275	-0.1007924218	-0.0745033955	-0.0232782031	0.040534257	-0.0017904084	0.0776056282	0.107841101	-0.0435216905	0.01368514	0.0205412973	0.0298666635	-0.0551507536	-0.0409933907	-0.0005911452	-0.0043227787	-0.0769401644	0.1011944974	0.0354466037	-0.0097814915	-0.0936174959	-0.0081122397	-0.0141924366	-0.0411033962	-0.0037267824	-0.1395813326	0.040195516	0.0292970327	0.040049619	-0.0358480712	-0.0109615177	-0.0075736479	0.0462778159	-0.0634915447	-0.0043793036	-0.0069018294	0.0066818725	0.03889555	0.0195751181	-0.0121849473	0.057989254	-0.0756663966	-0.0619719708	0.0153222928	-0.0296505961	0.0820543446	0.0050339753	-0.0899715207	0.0981889669	0.015095561	0.0801626828	-0.0553572206	-0.0620440792	0.0444166992	-0.074766653	0.1111312568	-0.0262292032	-0.0075999295	0.0841445756	0.0045602437	0.1130137032	-0.0638401233	0.050134684	0.0413385362	0.0089394201	0.0457313241	0.0308279661	0.0062046279	0.0065997814	0.0635532924	0.0763771805	-0.0420524044	0.0807112514	0.1221132969	0.0112108274	-0.0128720596	-0.0776232934	0.141741888	-0.0256759183	-0.1452617084	-0.1028416376	0.0480336229	0.0006713202	-0.0405262008	0.0368695867	0.0691803234	0.0202551274	0.0267731553	0.0566618298	0.0363640838	-0.0370604766	-0.078794553	-0.0091159954	-0.0314266211	0.0100825815	0.0469452532	-0.023759717	-0.0191277064	-0.0358200334	0.0327609851	-0.1026630565	-0.0213946563	0.0217933596	0.0172249209	0.0688172041	-0.0538884261	0.0524000624	-0.0130844464	0.0721118108	0.0091311832	-0.0416708139	-0.0492837385	-0.0587717111	0.0526691501	-0.1479415584	0.0207453106	-0.0203047765	0.0059467106	-0.002532716	0.0140349852	-0.0479279478	0.0624715851	0.0311622374	-0.0607105936	0.0459053587	0.0066745606	0.0688198729	0.14749264	0.0476859153	-0.1138098226	0.0489794415	-0.058422105	0.0456749555	0.068705471	0.0214917565	0.0084673318	0.0073390176	0.0750423449	-0.088594122	0.0908919643	-0.0109348773	-0.0036694458	0.1061951375	-0.0944376015	0.038484004	-0.0808354867	-0.0308259877	-0.1335532485	-0.0658337959	-0.0257253786	-0.081713351	0.0697192167	0.0441770624	-0.0935038064	0.0366991170025556	-0.0084224400446118	0.0013468251887672	7.093749630508048e-05	0.1379920198206292	-0.072986701272086	0.0053270585625807	0.0190417975341769	-0.5695462693934559	0.069163891785152	0.0047836439268682	0.324382952980003	-0.0057193343691904	-0.0001359815804298	3.271078562660255e-05	1.8490990216186168e-08	0.0095662200172201	-0.0001180302994909	1.3931151597935056e-08	9.151256541786254e-05	0.0003498659188817	8.201906085999848e-07	1.224061611949363e-07	6.727126344356136e-13	0.0	0.0	0.0	0.0	0.0	0.0	0.0	0.0	0.0	0.0	0.0	0.0	0.0	0.0	0.0	0.0	0.0	0.0	0.0	0.0	0.0	0.0	0.0	0.0	0.0	0.0
5665.118340562037	17.20466436038805	32093565.812572364	296.0004757536068	4291.50915448727	27.63414283770271	18417050.823048044	763.6458503745561	3948.595579207137	3.817833614864867	14.575853510792136	15591407.048134144	3965.493441136392	6490.501956228566	1.246554	38.401958	0.1926850959732087	0.1053610362327295	0.0645309653	-0.10039534	-0.0599061525	-0.0765856765	0.0604378283	-0.0024365065	-0.040053391	0.0623203684	0.0092915005	0.0218146967	0.04387476	-0.0808171298	0.0814119448	0.034747411	-0.0125513315	0.1061366551	0.01615046	0.0294976966	-0.0684445124	0.0071118071	-0.1281248107	-0.0520076551	-0.0388410049	0.0435277028	0.0544032029	0.1304057634	-0.0399724142	0.011326778	0.0296280902	0.0967791505	-0.0030069377	-0.012483813	0.0349551439	0.0200890054	0.0494518042	-0.036512933	0.0034833937	0.0677886599	0.0068587693	-0.0092753276	-0.0188623585	-0.0238778065	0.0260454582	0.035706802	-0.0179123721	0.0831740096	0.1373695916	-0.0213715804	0.028485956	0.0526140453	0.0713691929	-0.1160140171	-0.1221506802	0.1054636133	0.024972913	-0.036895824	-0.0769566589	0.0780752366	-0.0296620525	0.0963804058	-0.0549773293	0.0609841055	-0.1460069305	-0.0284502981	-0.0106507537	-0.0166280958	-0.0866567712	0.0230037884	0.0561961214	0.0247673486	-0.0001027649	0.1133424071	0.0658649904	-0.054489624	-0.0507467503	-0.0167951578	0.0492735426	-0.0672727268	0.0132869586	0.0074882921	0.0207239906	0.1501247738	0.0585682649	-0.0074976461	-0.0255537752	0.0576024159	0.0752703536	0.065768955	0.0252983746	0.0371544049	-0.0647064075	0.0178525991	0.050746015	0.0982531684	-0.0369108048	-0.0763910422	0.0052727075	0.0751487004	0.1386684307	0.0222282392	-0.0006560713	-0.0137251089	-0.1012661276	0.0504003664	-0.016374058	0.0172439318	-0.0224919116	0.0552675759	-0.0201305411	-0.1020592318	-0.0456541056	-0.0246068288	0.0808328282	0.0308538614	-0.0174047377	-0.0244323015	-0.0491565579	-0.0242049491	0.0240255403	-0.0193915733	0.0606573572	-0.0618112877	0.0462069448	-0.0141568059	-0.1506356269	-0.0578068191	-0.0191298789	-0.1105398792	-0.0443309239	-0.0374112796	-0.0647826428	-0.0750472732	0.0247398282	-0.1229265664	0.0602822674	-0.1659183245	-0.0568365461	-0.0449403629	-0.1160969424	0.0167151809	0.0649970107	0.1205821752	-0.0535573167	-0.0796194657	-0.0860164083	-0.02835416	0.0189681202	0.1187033515	0.042879008	0.1112523223	0.0669011735	-0.0129807117	0.0716675719	0.0011538863	-0.0153708091	-0.0711090059	-0.018024636	-0.0441907192	0.0533052317	0.0459491134	0.0015268195	-0.0148920289	0.0728626483	-0.0402315212	-0.0320871147	0.0157404044	-0.0787129955	-0.0004859055	-0.0735632222	-0.0270429587	-0.080258269	0.0724665061	0.0392446037	-0.0946776645	0.0445687995842405	0.0078696825816849	0.0019863778963801	6.193190393647479e-05	0.1343441031991687	-0.0036479166214604	1.3307295677127754e-05	0.0180483380643888	-0.4993416395134176	0.0702046298800382	0.0049286900565931	0.2493420729519478	-0.0044540345201957	0.0012652998489947	1.983842350709494e-05	1.600983707866011e-06	0.0086284037434272	-0.0009378162737929	8.794993633908011e-07	7.444935115958851e-05	0.0003337247038688	-1.6141215012900015e-05	1.1137217797231825e-07	2.605388220926688e-10	0.0	0.0	0.0	0.0	0.0	0.0	0.0	0.0	0.0	0.0	0.0	0.0	0.0	0.0	0.0	0.0	0.0	0.0	0.0	0.0	0.0	0.0	0.0	0.0	0.0	0.0
5669.587735724887	4.46939516285056	32144225.09308205	19.975493121711985	4286.470762730762	-5.038391756508645	18373831.59974564	25.385391492054268	3951.233988597973	2.6384093908363866	6.961204113653633	15612250.032651847	3972.634829544002	6658.463831967549	1.03929	32.016891	0.1519225673481531	0.0918981584227333	-0.0088827512	-0.098460854	-0.0626966659	-0.0092707191	0.0394355214	-0.04789248	0.0670301526	-0.0652889086	-0.0084068563	0.0261254859	0.0382378609	0.0700991638	0.0098253646	0.0607341274	0.0396517966	0.0471924352	0.0086679572	0.0872689011	0.0022458054	0.0446256263	-0.0504760866	-0.1013950663	-0.0223271893	0.0418070665	0.1245506007	-0.0731064152	0.0207860523	0.0055505198	0.0541534651	0.0868196514	-0.0465855575	-0.0856810786	-0.1710778397	-0.0949059355	-0.0561023918	-0.0461557439	0.0028563369	0.0233389032	0.099439294	-0.0517018221	-0.0154837404	0.0826164378	-0.0640301113	0.0077023266	-0.0498200345	-0.0246223318	0.0108794042	0.0670288095	0.0009799539	-0.0115148098	0.0577653662	-0.0675147002	0.0496741014	-0.0375562688	0.1223653014	-0.0694610319	-0.0183330269	0.075890412	0.0071958465	-0.0307992294	0.0360047246	-0.0191799204	0.0084545613	0.0831452342	0.0566812951	-0.0317560794	-0.0174374324	-0.0328321043	-0.048418104	0.0825421123	-0.0369693094	0.0558976847	0.0134926599	0.0049147245	-0.063907507	-0.0677711365	0.0410486418	-0.0233544892	-0.0968862922	0.0113571603	0.1237481823	0.0169820295	0.0734646474	0.0870583236	0.0359412377	-0.0319602368	-0.0510693243	0.1054500301	0.0583829576	0.0180568201	0.0019600756	-0.0500461925	0.0263271504	0.0893471805	-0.0125084353	-0.0550348224	-0.0718457256	-0.0616133324	-0.0176335312	-0.014232336	-0.1112497212	0.1285194759	0.0474641348	0.1323483381	-0.0035025108	-0.0281384946	0.0568459084	0.0872127017	0.0776685492	0.0421115614	-0.0323019984	-0.0014926038	0.0017826921	-0.0856506215	0.0705803863	0.0404953436	-0.0315602776	-0.0283559528	-0.0618299961	0.0729743515	-0.0624926147	-0.004806483	0.0900925629	0.0053983709	-0.0660059596	-0.0514589036	0.0691041069	0.1089497416	-0.0809110051	0.0147871043	-0.0692574129	-0.1045562533	0.0444456739	-0.0118324779	-0.0052011594	-0.0692943597	-0.0049713312	-0.0579887838	0.057988013	-0.031546792	0.0354139154	-0.001219788	0.0426866197	-0.0187917131	0.0071369996	0.0092120649	0.0502928462	0.1209778382	0.0120242503	0.045802156	-0.0442365504	-0.02936457	0.10021962	0.0020428054	-0.0198452015	0.0631537352	0.0021213207	-0.004779935	0.020606026	0.1094811645	0.0364465376	0.0301728824	0.1309671265	0.0168913156	-0.0100157923	-0.0077807883	-0.0110678854	0.0561776059	-0.0135123753	-0.0283549738	-0.0787371281	0.0750796043	0.0341829659	-0.0953646527	0.0462120669980805	0.00164326741384	0.002135555136235	2.700327793388405e-06	0.1196951248694091	-0.0146489783297596	0.0002145925661057	0.0143269229175034	-0.5858450022731461	-0.0865033627597284	0.0074828317687411	0.3432143666884225	-0.0050558730131243	-0.0006018384929286	2.5561851924838588e-05	3.622095715705688e-07	0.008845246500001	0.0002168427565738	4.7020781078524376e-08	7.823838564577994e-05	0.0001698667764747	-0.000163857927394	2.8854721749905697e-08	2.6849420369890132e-08	0.0	0.0	0.0	0.0	0.0	0.0	0.0	0.0	0.0	0.0	0.0	0.0	0.0	0.0	0.0	0.0	0.0	0.0	0.0	0.0	0.0	0.0	0.0	0.0	0.0	0.0
5673.21945405757	3.6317183326827935	32185418.973897275	13.189378047944295	4306.351018686763	19.880255956001747	18544659.096144523	395.2245768761429	3947.8781853753167	-3.3558032226565047	11.261415269191785	15585742.166562304	3970.979287858925	6687.887072860163	0.819401	25.242882	0.0653060671771393	0.0475097768153586	-0.0161072973	-0.119759095	-0.0525390484	0.0641874029	0.0124994599	-0.074422297	-0.0423819862	-0.0320299133	0.0399665447	0.0430707833	0.0049825041	0.0018227396	-0.0775713577	0.0745480643	0.0169971176	0.0339989272	-0.0101313601	0.0826575777	0.0636313495	0.0401257225	-0.0841347985	-0.0583027199	-0.0924059016	-0.0529199546	0.0767182966	-0.0122235299	0.0065138417	0.0610998108	-0.0351383666	0.032464183	0.0148863356	0.0379730727	-0.0037485542	-0.034531383	0.0330670538	-0.019510355	-0.0952739686	-0.0307756073	0.0295715333	-0.1373742751	0.0966548573	-0.0989558377	0.0465804911	-0.0056396194	0.0411326807	-0.1027742585	-0.0163370807	0.0034613486	-0.0089175985	-0.1272405598	-0.0156626656	-0.0517074343	-0.1119064497	0.1082570997	0.0357124035	-0.0562968205	-0.0436711671	0.1014280934	-0.0248347238	0.0531364911	0.0407203144	-0.046672315	0.009041183	-0.0439467295	0.0447031256	-0.0180919482	0.0155624417	0.1584758678	-0.0093065155	-0.0256952732	-0.052430985	0.0236120443	0.012101812	-0.0423330665	0.0565352468	0.0300923386	0.0313432472	0.1534750743	0.0792152616	0.0363261435	0.01315092	-0.056766177	-0.0844291595	-0.1026924681	0.0305534413	0.0246261794	-0.0180664979	0.0365020623	0.0472932092	0.0286959135	0.0751778664	-0.0745467034	0.0272839545	0.1068082883	-0.0079775824	0.0028850383	-0.1064017165	0.030585343	0.0249994586	0.0403629555	-0.0497209586	0.1076372576	0.0586119418	0.0352156836	-0.0401042349	-0.012675249	0.0366898671	-0.0429656504	-0.0124117607	0.0829286751	0.0098650047	-0.0155485979	-0.052959278	0.037932656	-0.0301796443	-0.0119525182	-0.1039712374	-0.1110814245	-0.0430023707	-0.0148220014	0.0598131361	-0.1863320521	0.0380950404	0.0454617341	0.0265266927	0.0019564268	0.0239852041	-0.0343127594	0.0212210613	-0.0043195961	0.005631809	0.1283727989	0.1147173337	-0.0974033977	0.044442418	-0.0377808825	-0.0498043911	-0.0487473429	-0.1059251828	0.0778542855	0.002884436	0.0262470957	-0.0323436773	0.014482558	-0.0077811653	0.0187246106	0.072932442	0.1332973326	0.0008775262	-0.0462322356	0.0004271775	-0.0408417042	0.0617887928	0.0593788315	-0.0558544254	0.0513844516	-0.0110392687	-0.0014693571	-0.0073456599	0.0758058373	-0.030808251	-0.0235050077	0.0778264263	0.0170425559	-0.0191406096	-0.0316198063	-0.0161584294	0.0143277031	-0.0193152149	-0.0296611541	-0.0771511802	0.0775536723	0.0290088101	-0.0955612383	0.0408686624734428	-0.0053434045246377	0.0016702475723681	2.855197191391869e-05	0.1196341730751271	-6.095179428200481e-05	3.715121226195834e-09	0.0143123353673694	-0.6316943452918906	-0.0458493430187445	0.0021021622552504	0.3990377458737503	-0.0051853671569628	-0.0001294941438385	2.6888032552508477e-05	1.6768733288466153e-08	0.0089922515241966	0.0001470050241956	2.161047713874917e-08	8.086058747441609e-05	0.0001653185877193	-4.548188755400007e-06	2.7330235445503893e-08	2.0686020954747064e-11	0.0	0.0	0.0	0.0	0.0	0.0	0.0	0.0	0.0	0.0	0.0	0.0	0.0	0.0	0.0	0.0	0.0	0.0	0.0	0.0	0.0	0.0	0.0	0.0	0.0	0.0
5662.337348480203	-10.882105577366929	32062064.24799382	118.42022179696042	4286.782085409767	-19.568933276996177	18376500.64779011	382.94314959952834	3941.1456182036527	-6.732567171663959	45.32746072096724	15532628.783885852	3959.012615326359	6567.091139503003	1.040023	32.039482	0.3456861800922237	0.1718392548233112	0.0371565104	-0.0277287747	-0.0330379346	-0.0298994468	0.0036248156	-0.0255689824	-0.0431704138	0.0504078348	0.0131216551	0.0152968806	-0.0351750241	-0.0747677828	0.0746893262	0.0307753644	-0.0226916405	0.0213737245	0.0019665091	-0.0048283868	-0.03228285	-0.0544937037	-0.0631518723	-0.0613269384	-0.0486866527	0.0324646069	0.0046861358	0.077454433	0.039287887	0.0753474673	0.0092470725	-0.0014041933	0.0132022906	-0.087311137	-0.0764846673	0.1255155345	-0.0691307229	-0.0109676696	0.0072866624	0.0331189036	0.0603363572	-0.098096339	-0.1150944996	-0.0317548127	-0.0098187544	0.0962430671	-0.0577980672	-0.0321370124	-0.0128712352	0.0542372704	0.0230142028	0.0338222131	-0.0370466473	0.0138216749	0.0514689709	-0.062400895	-0.0117072681	-0.0444291756	0.0357792882	-0.1330481519	-0.0138948994	0.1021482001	-0.0305586537	0.017736812	0.0078690823	-0.0733513557	0.0695454691	-0.03169925	0.028056261	-0.0136715055	-0.0307590291	-0.0154781274	0.0822511949	-0.0697877831	0.0512310756	0.0632739087	0.0754759538	-0.0407037169	0.0978446991	-0.117466297	-0.0798414302	-0.0303710115	0.0402103176	0.0834928412	0.0153607481	-0.1281419335	-0.0290481008	0.0493540889	0.0676368021	-0.0301302657	0.0074815787	0.0700964695	-0.0311071115	0.0104886232	0.0491702169	0.0472037524	0.011023759	-0.0523537553	0.0387742828	0.0559888739	0.105358379	-0.0907017102	-0.0662655324	-0.0802184449	-0.0328162105	-0.0059279263	-0.0485469577	-0.037945022	-0.0421782094	0.1055523242	-0.0135942863	0.0199477485	-0.083811327	-0.0361999044	0.0424002859	-0.0789238284	0.0221655814	-0.072468815	0.057201259	0.0086552128	-0.0989002445	0.1242839256	-0.0208316449	-0.0388902477	-0.0418376761	0.0763795186	-0.0278143557	-0.0002997491	-0.0258599721	-0.0131042826	-0.0688330469	-0.0127715584	0.0671340653	-0.0829300874	0.0028983349	0.0756909135	-0.0373503306	0.0208785825	0.0533027685	0.0020677537	-0.0532262722	-0.0402531329	0.0190411285	-0.0859646247	-0.0696354492	0.03476542	-0.0499105123	-0.0257447455	-0.0027565419	0.0550262219	0.018925387	0.0293730026	0.0789493373	0.023490312	0.0425711576	0.0216674247	0.0270016011	-0.0536570277	0.0763627409	-0.0307582919	-0.0352665732	0.0611942666	0.0590743875	0.0677501344	0.0138228575	-0.0163995967	0.0217463175	0.0210471863	-0.083813071	0.0234538385	-0.0649080148	-0.0309612306	-0.0755017308	0.0798841288	0.0237391677	-0.0952664105	0.0415636397187313	0.0006949772452885	0.0017275361466684	4.829933714687978e-07	0.0724090832757582	-0.0472250897993689	0.0022302091065584	0.0052430753408356	-0.4931808742355343	0.1385134710563563	0.01918598166408	0.2432273747117259	-0.0036913237469429	0.0014940434100199	1.3625871004744572e-05	2.2321657110238912e-06	0.0077866969766169	-0.0012055545475797	1.4533617671900965e-06	6.063264980565478e-05	-0.0003201362945053	-0.0004854548822246	1.0248724705958417e-07	2.3566644267570026e-07	0.0	0.0	0.0	0.0	0.0	0.0	0.0	0.0	0.0	0.0	0.0	0.0	0.0	0.0	0.0	0.0	0.0	0.0	0.0	0.0	0.0	0.0	0.0	0.0	0.0	0.0
5672.20322243283	9.865873952627226	32173889.396577384	97.33546884912836	4320.81830477212	34.03621936235322	18669470.822853822	1158.4642284822285	3943.2610090925887	2.1153908889359627	4.474878612993282	15549307.3858299	3964.033515067207	6535.608796580853	1.006182	30.996962	0.3364526942274526	0.1892383705723667	0.0860313843	-0.0123032037	-0.0476114955	-0.0740765548	-0.0241979835	0.0093986076	0.1062735752	0.0641165357	0.0331434516	0.0660600047	0.0381047257	-0.0580970668	0.0493742897	0.0964173556	-0.0858270569	0.0361264119	0.047565057	0.0590731275	-0.1011529912	0.0294067159	0.0140707295	-0.0401844434	-0.0438405867	-0.060307923	0.0705905793	0.0345798476	-0.1495357457	-0.0492947075	-0.0940833814	-0.0786768844	0.034263359	0.0393364567	-0.1227064105	0.0676507433	0.0143176446	-0.1304752839	0.0501128591	-0.0718993945	0.0924234045	0.0513551139	-0.0273910614	0.1067356628	0.0224761535	-0.077462863	0.0108176816	0.0221901843	0.0514684928	-0.1169359907	0.0117736371	0.0911795383	-0.0503078624	0.0713302897	0.1118217829	-0.0571037653	-0.0799203087	-0.0738359818	-0.0320780441	0.0012849737	0.0336425915	0.0877641994	-0.0292603415	-0.1476456007	-0.0856421931	-0.1043204837	-0.0104658375	0.072688865	-0.0332956171	0.0142275582	0.0611583045	-0.0052121503	-0.0092530966	0.0556415454	-0.1446298397	0.0235321362	-0.055080709	0.0473295088	0.0862454653	-0.02305483	-0.1196872095	-0.0227838142	0.0004985102	0.0358847087	0.0751050742	-0.0177402195	-0.0913173288	-0.0603718938	-0.0083759094	0.0947896239	0.0177577072	0.0440909695	-0.0817323231	-0.0256389983	0.0535835813	0.0406629956	-0.0018093533	0.031812892	0.0290494449	0.0421998219	0.1237138796	0.1238891886	0.0017834764	-0.0426985424	-0.0155471687	-0.0189156468	0.0084971917	-0.0878843764	0.0789160205	0.0059648565	0.0471712862	0.0459941888	-0.0822968656	0.0019636379	0.0710594878	0.0041289874	0.1356316773	0.0691092687	-0.0145692608	0.0098426638	0.0023681476	0.0226940454	-0.0076155488	0.1151589371	-0.0339492448	-0.0507614213	0.0071747172	0.00187456	-0.1548472825	-0.0151318107	0.1190828654	-0.0609111861	-0.132641198	-0.0341574475	-0.0640832085	-0.0519636122	-0.1269704339	0.0267213265	-0.0476613724	-0.0286302672	-0.0282683164	0.0300366823	0.0217139245	0.0081852982	-0.1589585756	0.0747246883	0.0421319298	-0.0773544927	-0.038778702	0.0188597403	0.052406063	0.0565310994	-0.0465219494	-0.0360550853	0.0230514718	0.0386605166	-0.0535263111	-0.0695289637	0.112162754	-0.0235555189	0.0917799732	-0.070120505	0.0250058379	0.0204995728	-0.0240528099	0.0575160125	-0.0074773941	0.0446088177	-0.0738596756	-0.0463016633	-0.05940899	-0.0322549359	-0.0737901375	0.0820666583	0.0183913846	-0.0944816852	0.0587755998751617	0.0172119601564303	0.0034545711406851	0.0002962515724265	0.1295976745543328	0.0571885912785746	0.0032705349724278	0.0167955572498907	-0.3518526264462167	0.1413282477893176	0.0199736736231987	0.1238002707371009	-0.0049310313298668	-0.0012397075829239	2.4315069976127947e-05	1.5368748911590187e-06	0.0066158683807215	-0.0011708285958954	1.3708396009663946e-06	4.376971443103053e-05	-0.000316194573262	3.941721243299983e-06	9.997900816033828e-08	1.5537166359882362e-11	0.0	0.0	0.0	0.0	0.0	0.0	0.0	0.0	0.0	0.0	0.0	0.0	0.0	0.0	0.0	0.0	0.0	0.0	0.0	0.0	0.0	0.0	0.0	0.0	0.0	0.0
5663.193051092946	-9.010171339884437	32071755.53394743	81.1831875740749	4269.549945411414	-51.2683593607062	18229056.73636261	2628.444671538511	3941.493695035367	-1.7673140572214834	3.1233989768526604	15535372.548003552	3962.468141396223	6653.068423502173	1.169454	36.026783	0.1320349594156673	0.0816024202666523	0.0418227887	-0.0334669282	-0.0394066297	0.1048385137	-0.0884663171	0.0186121057	0.0426761329	0.0262191306	-0.0712453482	-0.0431353075	-0.0438687206	0.0538726615	-0.0977411605	0.0300974145	-0.0541836673	-0.0072252301	0.0474636424	-0.0364043484	0.0244521557	0.1067480316	0.022796354	-0.0774567692	-0.0425044649	-0.0425869751	-0.0253113977	0.0712658576	-0.0069588101	-0.0138279253	-0.0728102323	0.0470454202	-0.0070985342	0.0126379039	0.0023200778	0.0015328934	-0.0051899099	0.0579613467	-0.0480884945	-0.0066630185	-0.1064106212	0.0919717631	0.1278307558	0.0207012073	0.0137204291	-0.0096460215	-0.0777881221	0.1163822799	-0.0693563373	-0.0458896741	0.0994953842	-0.0393934641	-0.1179885945	0.1100449557	-0.0683848375	0.03179919	0.0588782768	0.0403048973	0.1146297297	-0.1071066946	0.0647987792	-0.1354273075	0.1249646667	-0.0079711586	-0.0674190332	-0.0497536696	-0.1697312285	-0.1107644367	0.0110415102	0.0490005951	0.1041725134	0.0038651041	0.0039528232	-0.0359438137	0.068234062	0.0947135221	-0.0294842618	0.0120662199	0.0228524786	-0.0535706399	0.065053435	-0.0870758008	0.0873545408	-0.0840465402	0.029252443	-0.0162792308	-0.051049369	-0.0444910457	-0.0068080939	-0.0002104531	-0.0296229538	0.0505069336	0.0528658184	-0.0990353116	0.0299920854	-0.0318500434	-0.0523700947	-0.0399478341	-0.0421799633	0.03411457	-0.0059669433	0.0228951668	0.0206698516	0.0261422013	-0.074201174	0.044119241	0.0189850143	-0.0374913375	-0.042828345	-0.0374830437	0.0073691722	-0.0268882462	0.044746081	0.0472835014	-0.0067288253	0.0965084743	-0.0407773073	0.0858436806	0.0026584155	-0.0572290167	0.048691429	-0.131201465	0.0564190674	0.0881571734	-0.0966967758	-0.0504400812	-0.0153157166	-0.0455061461	-0.0904580252	0.0245457948	-0.0205660771	-0.0142112149	0.2329235576	0.0055751267	-0.0481729911	-0.0502912154	-0.0547205312	0.1338392738	0.0403172643	-0.1488927968	-0.0147533527	-0.0105053686	0.0273985493	0.0871725967	0.0758192857	0.0275583408	-0.0040374339	-0.0497624629	-0.0212072344	0.0356285253	0.0367221243	-0.1323395948	-0.050242606	-0.0605084712	-0.0318657993	0.0822469614	0.0223294894	-0.0451608827	0.0466562637	0.014969568	0.0049307485	-0.0706308456	0.0697573483	-0.0301112876	-0.0408793068	0.0144442457	-0.0750557776	0.009965801	-0.0057745132	-0.0553521525	-0.0058991482	-0.0335420038	-0.072017809	0.0840972192	0.0129830636	-0.0932110979	0.0542490154673913	-0.0045265844077704	0.0029429556791812	2.048996640067011e-05	0.1162751299220872	-0.0133225446322455	0.0001774901954781	0.0135199058383982	-0.4289784997071137	-0.077125873260897	0.0059484003262559	0.1840225532109661	-0.0051562820824855	-0.0002252507526186	2.6587244914161005e-05	5.073790155529067e-08	0.0069038268911212	0.0002879585103997	8.292010371161438e-08	4.766282574256822e-05	-8.820469398531424e-05	0.0002279898792766	7.780068041042931e-09	5.197938505259775e-08	0.0	0.0	0.0	0.0	0.0	0.0	0.0	0.0	0.0	0.0	0.0	0.0	0.0	0.0	0.0	0.0	0.0	0.0	0.0	0.0	0.0	0.0	0.0	0.0	0.0	0.0
5657.692385081547	-5.500666011398607	32009483.124209728	30.25732656895586	4285.931159776603	16.381214365188498	18369205.90634401	268.344184078258	3941.4846057458826	-0.0090892894845637	8.261518333420168e-05	15535300.897331776	3960.918973127253	6570.356446831696	1.138602	35.076355	0.1855516417971146	0.1172936743213902	0.0591771507	-0.0659177923	-0.0256876917	-0.0427491435	0.0530379063	0.0425873671	-0.0475796604	0.0706866205	-0.0208253126	0.0150662756	-0.0488087243	-0.0777234049	0.0071398218	-0.0056941675	-0.0369369594	0.0601649804	0.025057145	-0.0225834544	-0.0090112132	-0.0731144537	-0.0389655549	-0.0555340781	0.0056759746	-0.0628353281	-0.0572642844	0.0939950455	-0.0446239258	-0.0323341106	-0.0507369644	-0.0488235757	0.0525274212	-0.019741318	0.0895295254	0.0793817366	0.001559064	0.0058674436	-0.0199806814	-0.0185394854	-0.0251142942	0.0115811162	-0.0155976337	0.1074477811	0.0796839936	-0.0298352065	-0.0911100159	0.0577613285	-0.0691937878	-0.0328581059	-0.0263338163	0.0047153468	-0.019143984	-0.0588058838	-0.1120984522	-0.030206868	0.0629404383	0.0870077203	-0.0229253156	0.0053932132	0.1646319083	0.016577569	-0.026699619	0.0120486275	0.0647976888	0.0321227174	-0.0079563731	0.1292626267	-0.0559826295	0.1308085272	-0.0056797326	-0.0180973449	0.0030217919	-0.0172423589	0.0077229606	0.0207456745	0.0917590645	-0.035989377	-0.042439201	-0.1063163966	0.0013481578	0.035951717	-0.0216522187	-0.1182575575	-0.0783941537	0.0228425277	-0.0396754592	0.0608803129	0.0820331524	-0.0053861401	-0.0002219518	0.0862844793	-0.0272935372	0.0428006274	-0.0301072099	-0.0234992883	-0.0139426157	0.0109023109	-0.0267403982	0.0607133752	0.0402586994	0.0224542486	0.0800505213	-0.0202245613	-0.0279790245	-0.0101882323	-0.0417522046	-0.0229128702	-0.0292944133	0.025796884	0.0028266733	-0.0698545135	0.0387587635	0.1041133882	-0.0684021144	0.0254762634	0.0101097257	0.0359361533	-0.0280029452	-0.1282638437	0.0800127137	0.0494568801	0.0216710471	0.0999199874	-0.136447896	-0.0451870528	0.0014111962	0.0588853899	0.0576568717	0.0109908856	0.0463754301	-0.0441248527	-0.0164384208	0.0870721432	-0.0470612111	0.0149952632	0.040783321	-0.0012056155	0.0422086868	0.116830704	-0.0397998465	0.0434453228	-0.0664491937	-0.0406701385	-0.0595830159	0.0153664346	0.0543539222	-0.0413588036	0.0018393052	0.0558404498	0.0357057433	0.0449646533	0.0828211999	-0.0623562491	-0.0772306543	0.0426687039	0.019777334	-0.0385988373	0.0005348205	-0.0423084232	0.0547763999	-0.0756038435	0.0675355385	-0.0007744947	0.0187397857	-0.0259464696	-0.0725310677	-0.0104044682	-0.0094291248	0.004253018	0.0072295601	-0.0348221695	-0.0701862042	0.0859720514	0.007532007	-0.0914611824	0.0487665820205052	-0.005482433446886	0.0023781795219626	3.0057076499535395e-05	0.1197375019761892	0.0034623720541019	1.1988020241026448e-05	0.0143370693794979	-0.514123838199211	-0.0851453384920973	0.0072497286669338	0.2643233210046885	-0.0047203423273971	0.0004359397550884	2.2281631687816667e-05	1.9004347006653458e-07	0.0080743711571629	0.0011705442660416	1.3701738787630995e-06	6.519546958362414e-05	-0.0003109506289358	-0.0002227459349504	9.669029363556956e-08	4.961575153696602e-08	0.0	0.0	0.0	0.0	0.0	0.0	0.0	0.0	0.0	0.0	0.0	0.0	0.0	0.0	0.0	0.0	0.0	0.0	0.0	0.0	0.0	0.0	0.0	0.0	0.0	0.0
5658.479663209342	0.787278127794707	32018392.09895371	0.6198068505039389	4280.30096964423	-5.630190132373173	18320976.39073733	31.699040926672243	3942.7262162822	1.2416105363172392	1.5415967238939825	15545090.016558953	3964.115677226319	6625.367336510787	1.027168	31.643454	0.230521325208346	0.1316161670454249	0.0520580238	0.0359532323	-0.032831561	0.0054740108	0.0662263709	0.118692115	0.0867622395	0.0348215166	-0.0430735246	-0.0097409873	0.0477514427	-0.0752889867	-0.0647676339	0.0133468277	-0.0498711887	0.0137627778	0.0774948687	0.0006957107	0.0254428875	0.0064695211	0.048968382	-0.075715884	0.0992913331	-0.0330686425	-0.0302040456	0.0629797039	0.0002366631	-0.0654983435	-0.0997991751	0.0885645311	-0.0670316905	0.0934190164	0.0229874656	0.0621778407	-0.0125979426	-0.1142643095	0.0737185889	-0.0013818268	0.0236747583	-0.0424309546	0.0262695462	0.049777002	-0.0587446931	-0.0234545995	-0.0446447687	-0.0717716042	0.0084459625	0.0375596279	0.0674831472	-0.0534219236	0.1444779391	-0.1204046681	-0.0015743348	-0.1105523799	-0.0256385264	0.0629675858	0.0159676703	-0.0587240897	0.0384105566	0.0060987004	-0.035307496	0.0275832034	-0.0211418112	0.0989022323	0.0134227857	0.0740342631	0.0237396762	-0.0608901879	-0.0397206284	0.0241129398	0.0198988747	0.1751223138	0.0472680349	0.0868143056	-0.0217308642	-0.0944367276	0.0635578899	-0.040179311	0.0236116353	0.01568917	0.0870660362	-0.0303599292	-0.01731183	0.0361025484	-0.0534149277	-0.0722513254	2.32273e-05	0.05499523	-0.0262946353	0.0736445796	0.034997651	0.037062295	-0.0318170945	-0.0568689394	-0.0273500412	-0.0010979875	-0.0128984173	0.0127868566	-0.0059461069	0.0367474894	0.0180654618	0.0183820365	-0.1213798085	0.0251172711	-0.0401455084	-0.0278285058	0.1068431247	0.0430088268	0.0858179614	-0.0771203635	-0.0291458442	0.0828372225	-0.0446841444	-0.0386312514	0.0096492719	0.0419163845	0.0694878477	-0.0074423721	-0.0315587325	-0.0457922921	-0.0517812486	-0.0376761529	-0.0455633962	-0.0969809774	0.0231846997	0.0135736513	0.2088618715	-0.0265902803	0.0254093683	-0.0152614429	-0.0646072374	-0.0263998039	-0.0010794191	0.0163036942	0.0039901449	-0.0217234091	-0.0061657194	0.062223536	-0.0195311384	-0.0445522035	0.0566369105	-0.0447155376	0.0179696415	0.0742483997	-0.1185707352	-0.0467570017	-0.0464390639	0.0112379656	0.0107183832	0.0519919736	-0.0722749924	-0.1161358296	-0.0748953308	-0.04727261	0.0024078579	-0.0539098921	-0.016480643	0.0316777196	0.0205482273	-0.0366743417	0.0369097835	0.0175011122	-0.0002450835	0.0319795794	-0.0440300066	0.0723770835	0.0740285463	0.0270086724	-0.0803128159	-0.0360951694	-0.0682968306	0.0876876832	0.0020561578	-0.0892409375	0.0485115122969403	-0.0002550697235648	0.0023533668253361	6.506056387947405e-08	0.1736641048001814	0.0539266028239922	0.0029080784921366	0.0301592212960483	-0.4095667924463271	0.1045570457528839	0.0109321758165706	0.1677449574747727	-0.0041329112138782	0.0005874311135188	1.708095510180018e-05	3.450753131300541e-07	0.0072342549680677	-0.0008401161890951	7.057952111798414e-07	5.2334444943012194e-05	-0.0003190554644798	-8.104835544000025e-06	1.0179638941442093e-07	6.568835919528619e-11	0.0	0.0	0.0	0.0	0.0	0.0	0.0	0.0	0.0	0.0	0.0	0.0	0.0	0.0	0.0	0.0	0.0	0.0	0.0	0.0	0.0	0.0	0.0	0.0	0.0	0.0
5662.105502634668	3.6258394253254655	32059438.72296578	13.146711538244508	4303.926723364087	23.62575371985713	18523785.240087524	558.176238831343	3942.3010219594594	-0.4251943227404808	0.1807902120907362	15541737.3477426	3965.99743823377	6587.40377964033	1.02948	31.714668	0.1524028951978243	0.0767194246775215	0.0548251593	-0.024952494	-0.0222494598	0.1171844139	-0.0213441856	0.0847316705	-0.0085215809	0.0606048046	0.0339558408	0.0037318382	-0.0105600258	-0.0076484258	-0.1646502418	-0.0583658442	-0.057175529	0.0051735649	0.0299380993	-0.0381214097	0.0999855098	0.1259216184	-0.0439506084	0.0084013026	0.0477052515	-0.0219801256	-0.0815418273	0.0540321945	-0.0020019363	-0.0055755888	-0.0510528435	0.0419872656	0.0431715013	-0.0066810614	0.0694000604	-0.0011139391	0.0208676399	0.0354249505	0.0254329528	-0.0150312271	0.0723364918	0.063784646	0.0746079624	-0.1038792679	0.0163023985	-0.0476056072	-0.0403140976	0.1058242916	-0.0359236717	0.0144823011	-0.0636357604	0.0162191789	0.0350042975	0.0906598469	-0.0904013722	0.0477902875	0.0084449285	0.1179065694	0.0677020736	0.0167206885	-0.0581312428	-0.0780740583	0.0087746246	-0.0307860169	-0.0292030843	-0.079209079	-0.0514546846	-0.0953023074	0.0324868343	0.0399009487	-0.0463790256	0.0094594284	-0.080370866	0.0566603807	-0.0206222905	0.0025486186	0.0565778797	-0.0206980132	0.0737091275	-0.0264016313	-0.1110047202	-0.0962870652	-0.1353894703	-0.0735128729	0.0592272924	-0.0200321365	-0.0533342272	-0.0194252871	0.0030901358	-0.0024587763	-0.0427147801	-0.0266447736	0.1399410429	-0.003702894	0.0416690597	-0.0693361249	-0.0949417784	-0.0164760597	-0.0211438375	0.0625870887	0.0243357507	0.0514404457	0.0208721688	-0.0210834408	-0.082613535	0.0191503053	0.0061910637	-0.0185974044	-0.0301281512	-0.0753296091	-0.0874126627	-0.0748962164	0.0594811806	-0.0923457144	0.059310849	0.0140097304	-0.0244767085	0.0383908531	-0.0168737343	-0.0004089325	0.0078249633	-0.0788806085	0.107517219	0.110829793	-0.0372877367	-0.0317379304	-0.0480116903	-0.0461527864	0.0723827283	0.1015960361	-0.029149535	0.0103463696	-0.0075024895	-0.0112346564	0.0279277038	0.0442910315	-0.0327835089	-0.077737186	0.0033314172	-0.1034409621	-0.0338113403	0.0273447094	-0.0584169078	-0.0063982795	0.0390265049	0.1330487127	0.0217818097	-0.0464905616	-0.0192412798	0.0362369154	0.0261346857	-0.1082039328	-0.0552741271	-0.0453557804	-0.0769368691	-0.0761764867	0.0054273908	-0.0506411365	-0.0009559419	0.0124169825	-0.0269860257	-0.0893577	-0.0521829414	-0.045662587	-0.0136207578	0.0091657492	-0.0561192598	0.0359932549	0.010805413	-0.0125988813	0.0217227178	-0.0373607416	-0.0663512432	0.0892409375	-0.0034264595	-0.0865617806	0.0426554386467614	-0.0058560736501789	0.0018194864461476	3.4293598596319626e-05	0.1397764708123645	-0.0338876339878169	0.0011483717372922	0.0195374617927597	-0.4661533162006606	-0.0565865237543334	0.0032020346705997	0.217298914204873	-0.0047662430301317	-0.0006333318162534	2.271707262227901e-05	4.011091894789567e-07	0.0076251535672042	0.0003908985991365	1.5280171480687857e-07	5.814296692344694e-05	-0.0002218326037599	9.72228607199e-05	4.92097040908968e-08	9.452284646561074e-09	0.0	0.0	0.0	0.0	0.0	0.0	0.0	0.0	0.0	0.0	0.0	0.0	0.0	0.0	0.0	0.0	0.0	0.0	0.0	0.0	0.0	0.0	0.0	0.0	0.0	0.0
5657.487830503159	-4.617672131508698	32007168.55229134	21.32289591411208	4311.393398597592	7.466675233505157	18588113.03747089	55.75123904263929	3940.203061589421	-2.097960370038436	4.401437714251811	15525200.166558646	3960.718356411256	6672.69027075718	1.086578	33.473667	0.2176963612765102	0.1266340684140492	0.0084155555	-0.0685078951	0.0009954656	0.0141461786	0.0018786512	0.0375862017	-0.0602361402	0.0335878922	0.0836599816	-0.0068521642	-0.0259071359	0.0201539359	0.013853417	-0.1455364291	-0.0112573263	0.0373241736	-0.0147966414	-0.033574447	0.0234748524	-0.0408301304	-0.0679042102	0.0253305161	0.0022467563	0.0593735654	-0.0683776636	-0.0123553919	0.0558136816	0.0830978495	0.0133872664	0.0492499594	0.0506500021	0.0738811885	-0.0408129008	-0.0178528194	0.042566363	0.0121903303	0.0079585077	0.0809578878	0.0274286488	-0.0530184278	-0.0510777716	0.0594321101	-0.0193514365	-0.0813542271	0.076646699	0.0567955904	0.0164253488	-0.0433579287	-0.0324716803	0.0987795263	0.0020136972	0.0171127108	0.0203369818	0.0301830459	0.0098223767	-0.0616163068	0.0426383632	-0.0398077265	0.1156952194	-0.0138690849	0.0143606147	0.1279435889	-0.0855960135	-0.0226381558	-0.0496735517	0.0168049601	-0.0077496113	-0.0814864409	-0.049243451	-0.1095004974	-0.0204610125	0.0569103356	-0.0341224261	-0.0107005108	-0.0276100703	-0.1777268796	-0.1077874919	-0.110551089	0.1002343168	0.0284205435	-0.0526738007	-0.1239777986	-0.0484840667	0.0035945775	-0.0134725585	0.0894478805	0.0817315358	-0.0424397931	0.024632011	-0.0690583927	0.0209774063	0.0791157155	0.0058386341	-0.010940316	0.026405622	-0.0307815346	0.0059516099	0.0459044413	-0.053804992	-0.075623264	-0.041259708	0.0274659396	0.0404666914	-0.0043167116	0.032692513	0.0320338677	0.0720215455	-0.012193551	0.0251447596	-0.0798091272	-0.0779721719	-0.0530875346	-0.0019845134	0.0699494319	-0.0700946929	0.0777911986	-0.1257448773	0.0513087252	-0.0103165539	0.0318274285	0.0014927318	0.0705316049	0.0414384281	-0.0133297457	-0.0320207209	0.0632368351	-0.0900284222	-0.0090532026	0.0246770504	-0.0565424971	-0.0190746443	0.0268155254	-0.1671984691	0.0896583661	0.0612774458	-0.0275220045	-0.0657429967	0.0494582787	-0.0239480415	0.0465387779	-0.0162807555	0.0001603099	0.0202279484	-0.0364923939	0.0286904794	-0.0149268126	0.0207490462	0.0543736819	0.0362159874	-0.0067675764	0.1145150751	0.0253187231	-0.0366534368	-0.1070282546	0.0234096868	-0.0299740093	-0.036753244	-0.0047919113	-0.0431116697	-0.0187979468	0.0127035598	0.0908298245	-0.0112372494	-0.0435215143	0.020609138	-0.0104485156	-0.0244479186	-0.1056332586	0.054321577	-0.0386186257	-0.0643510435	0.0906289382	-0.0088977982	-0.0834374889	0.0494259936891268	0.0067705550423654	0.0024429288521576	4.584041558169955e-05	0.1431044671398353	0.0033279963274708	1.1075559555659132e-05	0.0204788885153762	-0.5657488023799289	-0.0995954861792682	0.0099192608672848	0.3200717073943238	-0.0054754191017526	-0.0007091760716208	2.9980214339837248e-05	5.029307005596518e-07	0.0089028210501602	0.001277667482956	1.6324341970031216e-06	7.926022265117558e-05	-4.862968378868595e-05	0.0001732029199712	2.3648461453875844e-09	2.9999251486554777e-08	0.0	0.0	0.0	0.0	0.0	0.0	0.0	0.0	0.0	0.0	0.0	0.0	0.0	0.0	0.0	0.0	0.0	0.0	0.0	0.0	0.0	0.0	0.0	0.0	0.0	0.0
5661.952319676449	4.464489173290531	32057704.07028953	19.931663578428367	4321.317986803256	9.924588205663897	18673789.14306934	98.49745105200287	3936.793827333192	-3.409234256228956	11.622878213845002	15498345.638928724	3960.4161417152186	6674.966594785143	1.323185	40.762722	0.5661550464497198	0.2885427076239701	0.0509342416	0.1503985953	0.0099068852	-0.0985905757	-0.0146517563	0.0229663864	0.0745169783	0.0325466204	0.0981319754	-0.048971222	0.1724773948	-0.0312372154	0.0525780403	-0.0322358093	-0.0272552614	-0.0245535881	0.0154717204	-0.0952086632	-0.0985301316	-0.0678022003	0.0186374648	0.1144697714	0.0758353655	-0.0056297236	-0.0125497606	0.0504953593	-0.024751321	0.0286753649	-0.0694650339	0.0773966925	0.1472945493	0.0684635215	0.0077991451	-0.0409364914	-0.0154957736	-0.1599383668	0.0843445473	0.1329826947	0.0933402708	0.0015188	-0.0212031703	-0.0616160901	0.1604990629	0.0852376627	0.0411244103	-0.0103827134	-0.0460873731	-0.0020916119	-0.0079776388	-0.0764815631	0.0463007207	0.0099718407	0.0683137633	-0.0790684995	0.0450088693	0.0629947862	-0.0848080443	0.0228786103	0.0026866191	0.0344343251	-5.76502e-05	0.0773900208	-0.0627986812	-0.0854442568	0.0765940593	-0.0697832287	0.1642487362	-0.0251411767	-0.0547146946	-0.0255852825	0.0339343627	-0.0465375645	0.0047491934	0.0608221067	-0.0568869128	0.0024523058	0.0672189864	0.0233229592	-0.0152852825	0.1050116828	-0.0132922821	-0.1407945326	0.0918569371	0.0379246314	-0.0401567101	-0.0787703024	0.009390642	0.0327782106	-0.1007970369	-0.1061652965	-0.1282703904	0.099962761	-0.0441526665	-0.027732693	0.0593099592	0.0765904524	0.0075700254	0.06247294	0.0622485988	0.0359090549	-0.0791967178	-0.0376069833	-0.0765318084	0.0234510993	0.0621554449	0.0437769442	0.1234950593	0.0713850444	0.0483562461	-0.0805596204	0.0375748716	-0.0387432159	0.0839528895	-0.0791087077	-0.05327849	0.0860505763	0.0489024898	0.0573109749	-0.0474994023	0.0504037527	0.1294209817	-0.0114969034	-0.0020064217	0.0194723208	0.0589473731	0.1115921	0.0504590857	0.0119244329	-0.010930663	-0.0126020359	0.0777800555	0.0213457429	-0.0459072165	-0.021445995	-0.0182176929	-0.0221190372	-0.1089499916	0.0573208732	-0.0445203841	-0.0529940112	0.1665514723	-0.1007276989	0.0774955996	0.0065150002	0.0180350296	-0.0449910109	-0.0993815603	-0.0908605684	-0.0026510221	0.1189497858	0.0150630053	0.0160838162	0.0084297448	-0.0938917839	-0.0575204538	-0.1609879627	-0.0604377746	0.0524279533	-0.0447182466	0.0891672594	-0.1104935088	0.0534108672	-0.0851066418	0.0247397408	0.0632136644	0.0737588786	0.0300593912	-0.0957483723	0.0251790375	-0.0398685628	-0.0622978778	0.091849115	-0.0143398485	-0.0798841288	0.0401369056637577	-0.009289088025369	0.0016109711962613	8.628715634305554e-05	0.1981194969495021	0.0550150298096668	0.0030266535049585	0.0392513350715237	-0.3815181002645857	0.1842307021153431	0.0339409516019123	0.1455560608294984	-0.0016111607916041	0.0038642583101485	2.5958390964023497e-06	1.493249228755174e-05	0.0069039928366185	-0.0019988282135417	3.995314227250308e-06	4.766511708807955e-05	-0.0005379476900853	-0.0004893180062966	2.8938771726811e-07	2.394321112860932e-07	0.0	0.0	0.0	0.0	0.0	0.0	0.0	0.0	0.0	0.0	0.0	0.0	0.0	0.0	0.0	0.0	0.0	0.0	0.0	0.0	0.0	0.0	0.0	1.0	0.0	0.0
5660.761167825755	-1.191151850694041	32044216.99916401	1.418842731411839	4286.260803365596	-35.05718343765966	18372031.674468286	1229.0061105817188	3938.1023125725824	1.308485239390393	1.712133621702534	15508649.82428952	3960.200001220953	6619.456863833134	1.377224	42.427471	0.2563755090117134	0.1308019282766491	0.0431441751	0.0728527074	-0.0432648522	0.0418043761	-0.029329064	-0.0003002898	0.0645835107	-0.0024874318	0.047014473	-0.0075523214	-0.0030652254	0.1116643609	-0.0107803728	0.0268858418	-0.0449464863	-0.0273904652	0.0437700273	-0.0231521866	0.0603854601	0.102312506	0.0570740657	0.0891635433	0.0117408894	0.0402697701	0.0446939299	0.0428902135	0.0549257642	0.0621705005	0.0722210381	-0.0326042131	0.0672644043	0.0474184395	0.0508253279	0.0152854964	0.1562148395	0.0246686284	-0.0283093991	-0.0605021838	0.0083384915	0.1290281689	0.0156670904	0.0514010893	-0.0229705798	-0.0493858641	-0.0698227888	0.0774449408	-0.0203956099	-0.0245725125	-0.0232268673	0.0305133321	-0.0447136466	0.108690326	0.049188336	-0.0711407641	0.0914455777	-0.0321295192	-0.0477825225	-0.0424571291	-0.036229883	-0.0688836433	-0.0098081594	0.0848480968	0.0246680514	0.0074404905	0.0166704325	-0.1173776056	-0.0382164707	-0.0175329117	0.0921822625	-0.0032792388	-0.088203282	-0.0030309289	-0.0263196221	-0.0053000264	-0.108498001	0.0572132581	-0.0967604606	-0.0170211018	-0.1083424346	0.013713343	0.016270114	-0.1038651171	-0.1338433618	-0.0895967914	-0.0358079197	-0.0846319126	-0.0247203241	0.0136475296	0.0113683434	-0.1218275767	0.0352664722	-0.0777631739	-0.0181458448	-0.0263403695	-0.0319996819	0.0124940858	0.0220214554	-0.0517558639	0.0091649704	-0.0776507059	0.012088301	-0.0057141852	-0.1369183623	-0.0230645301	-0.0120654616	0.0359361391	-0.054390752	-0.0998379618	0.0518480311	0.0414835921	0.1510196261	-0.0020550716	-0.0242712434	0.1262835657	0.0189213753	0.1520083441	-0.0837312406	-0.0372454516	0.0990347985	0.039335057	-0.0481707381	0.054498119	-0.0580523857	-0.0894526004	-0.0053747618	0.0517241727	-0.103357846	0.1250044551	-0.0561894975	-0.031239165	0.0364709561	-0.0461376616	-0.0015088072	-0.0666092397	0.0414074189	0.1057291068	-0.027449773	-0.0071198434	0.0646185815	0.0199313913	0.0194941237	0.0549228118	0.0446143694	-0.0090429289	0.1198996435	-0.0339814711	-0.0607150583	-0.0140912375	-0.0128403036	-0.0552179565	-0.1489914964	0.011192675	0.0439231421	-0.056966968	-0.0350850536	-0.021214349	0.0345335416	-0.0309968749	-0.0873575301	-0.0519499551	-0.0821761877	-0.0580013217	-0.0340382025	0.0598557424	0.0147428417	0.0651480274	0.0311967617	0.1094461862	0.0589158891	-0.0411102958	-0.060193436	0.0928992083	-0.0197346973	-0.0759199731	0.0530575274494964	0.0129206217857386	0.002815101219054	0.0001669424673301	0.1416569452419338	-0.0564625517075682	0.0031880197453298	0.0200666901352762	-0.4607996569153272	-0.0792815566507414	0.0062855652249647	0.2123363238132832	-0.0033523940850152	-0.0017412332934111	1.12385461012449e-05	3.0318933820832664e-06	0.0071041261500222	0.0002001333134037	4.00533431339438e-08	5.046860835542925e-05	-0.0003250987195468	0.0002128489705385	1.056891774509689e-07	4.530468425929925e-08	0.0	0.0	0.0	0.0	0.0	0.0	0.0	0.0	0.0	0.0	0.0	0.0	0.0	0.0	0.0	0.0	0.0	0.0	0.0	0.0	0.0	0.0	0.0	0.0	0.0	0.0
5674.357556505445	13.59638867968988	32198333.679070447	184.86178512919912	4315.786744450518	29.525941084922124	18626015.2235748	871.7811969502923	3947.43496727196	9.3326546993776	87.09844373781479	15582242.82084138	3969.005756767525	6624.026045485764	1.291238	39.778542	0.4570822066457883	0.240630648917053	0.0023078299	-0.0822118465	-0.0102923006	-0.0129239194	-0.0353152899	-0.0494568015	-0.0861732911	0.0345492022	0.0957456101	0.035573471	-0.0597040725	0.0188943772	0.0585805067	-0.0015567095	-0.0168687777	0.0286595168	-0.0052545144	0.0382629899	0.0287120309	-0.01420941	-0.142023191	0.0065458502	-0.0265505231	0.0335160723	-0.0117478816	-0.0210454356	-0.0458458921	0.0397183865	-0.0225262536	-0.0570386472	0.0439483732	0.0167237525	0.055323395	0.0409128732	-0.0136261158	0.0426878441	-0.1034098205	-0.0509888929	-0.0746192798	0.0594882424	-0.0349703215	0.0535236787	0.0126222404	-0.0474369139	0.0134807524	0.0849792371	0.0287329272	-0.0412221272	-0.0611161561	0.0182519545	-0.0020123067	-0.0153387788	0.0716431881	-0.0286896176	0.0077091462	-0.0485192003	-0.154743204	-0.0039905899	-0.0404513113	0.0464327258	0.1012319507	-0.0119210021	0.0177671116	0.0502583142	0.0385708807	-0.0463006758	-0.0247707307	0.0313524186	-0.0402646522	-0.0340318522	0.0050625842	-0.0387436738	-0.0453270144	0.0149907446	0.121063536	0.0144561903	0.0017834329	0.0801931345	0.0131668749	0.1756745337	-0.2010585778	0.0837940709	-0.0199810165	0.0596811595	-0.0113339665	0.0771943985	0.0692952566	-0.0485442913	0.0719461929	-0.0692628595	0.0158285103	-0.0086614219	0.050527021	0.0489624965	-0.045521462	-0.0321938538	0.0203360145	0.0243265728	0.0603510899	0.1050384282	-0.0831379862	-0.0372411551	0.0485468994	-0.0407909249	-0.1046732552	0.0210687191	-0.0179988152	0.0810312786	-0.0803529792	-0.0253987773	-0.0215223115	0.0008676156	-0.0066240136	0.0710653596	0.0270966056	-0.0143684405	-0.0265272358	-0.0358919451	0.0884731591	0.0189100623	-0.0520055678	0.0083909392	-0.0916193332	0.0459653229	0.0447023745	0.1047694862	-0.0999605201	-0.0192534306	-0.1181347192	-0.016256934	-0.0356617698	0.0456369588	-0.0078819808	-0.0433354166	0.0455639573	-0.0494979524	0.0513960588	-0.0673052487	0.0762745529	0.0461265503	0.0482055867	-9.2602e-05	0.0448117315	-0.0620930764	-0.0181695492	-0.0065965231	0.0369849518	0.0687690706	0.0338559155	-0.0284923924	0.0884887474	0.0696362945	0.0459168199	-0.0345185103	-0.0239560824	0.0237763395	0.0031218404	-0.0396344451	-0.0364732357	-0.099407621	-0.01954015	0.0481075668	-0.0556303874	0.0274765864	0.0538057246	0.0209366516	-0.043708801	0.0542875574	0.1019919557	-0.0423435691	-0.0580394502	0.0937772737	-0.0250645864	-0.0715654069	0.0615525908426946	0.0084950633931982	0.0037887214394481	7.216610205445613e-05	0.1094501411527772	-0.0322068040891566	0.0010372782296373	0.0119793333983628	-0.6341001532173607	-0.1733004963020334	0.0300330620185311	0.4020830043102803	-0.0060413245998406	-0.0026889305148253	3.649760292063918e-05	7.230347313559189e-06	0.0090259324706374	0.0019218063206151	3.6933395339565298e-06	8.146745696450654e-05	-7.423869775939878e-05	0.0002508600217874	5.511384245011361e-09	6.29307505311754e-08	0.0	0.0	0.0	0.0	0.0	0.0	0.0	0.0	0.0	0.0	0.0	0.0	0.0	0.0	0.0	0.0	0.0	0.0	0.0	0.0	0.0	0.0	0.0	0.0	0.0	0.0
5685.104992329148	10.7474358237032	32320418.77380581	115.50737678461888	4327.857756353374	12.071011902855387	18730352.75922806	145.7093283588765	3948.751341189823	1.316373917863075	1.7328402916301815	15592637.154548427	3970.468418083105	6697.875307175115	1.096345	33.774551	0.305062305408891	0.1578381938959008	0.0432663289	0.015147301	-0.0483683653	-0.1016301843	-0.0291573609	-0.0268614123	0.0452879305	0.0269709893	0.0778323682	0.0119758568	0.0433503345	0.01659259	0.0634192515	0.0350853176	-0.0207890966	0.0503345388	0.0483587961	-0.006500357	-0.0491503382	0.0596874638	0.0047710638	0.0469054919	0.0232790714	0.089378612	0.0211175969	0.0943177149	-0.0375073818	0.0611053638	0.0214523326	0.0499031515	0.0234859312	-0.0333848906	0.0693970985	-0.1146998596	0.0336566475	-0.1157998481	0.0250092666	0.0373505654	-0.0503621239	0.0087981583	-0.0381075502	0.0401309706	-0.0296408784	-0.0986412027	0.1020048594	0.0441795917	-0.0266894028	-0.0487672159	0.0053303404	-0.0312164921	-0.0399996686	0.0968899688	-0.0177224758	-0.0040435674	-0.049983913	0.0040337813	-0.0440163453	0.0534983893	-0.0669866985	0.0558828466	-0.0375060564	0.090194669	-0.0339531018	-0.0933324471	0.0301021621	-0.0945681749	0.0023439731	-0.0664015284	0.0118167597	-0.0137183073	0.1289846414	-0.0307579267	-0.0271134813	-0.0440196196	0.0314728942	0.0912177178	-0.1443882279	-0.001101022	-0.1122811628	-0.0180301618	0.0082318813	-0.0290960876	0.0155686714	-0.0397520792	-0.0321507885	-0.0320741202	0.013728001	0.0877181529	-0.0071153461	-0.0706200539	-0.0343229253	-0.0129882432	0.0469085183	-0.005417669	-0.0047619876	-0.0424532147	0.0482395973	-0.0263505041	0.0950914219	-0.0214094316	0.0163965739	0.0540906299	-0.0388544169	0.0527682056	0.0372484524	0.0282274168	0.0781544819	0.0459140739	-0.1152249664	-0.0410310196	-0.0225999359	0.0536335629	-0.0261915224	-0.0701432214	-0.0661264534	0.0461737843	-0.0318562378	0.0905093721	0.0678523992	-0.0156807164	-0.0495828615	0.0477529721	0.0350964606	0.0080571742	0.0764247215	0.0699018983	-0.1094487087	0.0365383718	-0.0125798607	0.0255026077	0.0687281071	0.0775415485	-0.036805771	-0.0217381674	0.0720711477	0.0242741676	-0.0321389195	-0.1026722452	-0.061288494	0.0709622616	0.0504087413	-0.0750963778	0.0388694501	0.0134813837	0.0240517294	-0.0413509662	-0.0473734568	0.0199980607	0.0320812338	0.0851030303	-0.0244536625	0.0279979747	0.0737586013	-0.0348653643	-0.020206712	-0.017506931	-0.0016829711	-0.0149983599	0.0370080486	-0.0229743688	0.0434806591	0.0267221486	0.0118911398	0.0559772924	-0.0006197923	0.0877759085	-0.0106398187	0.046531694	0.0669705094	-0.0435681289	-0.0558376933	0.0944816852	-0.030311972	-0.0668428233	0.0550968233870605	-0.0064557674556341	0.0030356599473449	4.167693344122439e-05	0.1520082953323083	0.0425581541795311	0.0018111964871687	0.0231065218498342	-0.5091918701826899	0.1249082830346708	0.0156020791706694	0.2592763606601452	-0.0045823210122126	0.0014590035876279	2.099766585896511e-05	2.128691468711374e-06	0.0080998448025768	-0.0009260876680605	8.576383689339181e-07	6.560748582583041e-05	-0.0003119494568519	-0.0002377107590925	9.731246363019545e-08	5.6506404988333163e-08	0.0	0.0	0.0	0.0	0.0	0.0	0.0	0.0	0.0	0.0	0.0	0.0	0.0	0.0	0.0	0.0	0.0	0.0	0.0	0.0	0.0	0.0	0.0	0.0	0.0	0.0
5678.643591631517	-6.461400697631689	32246993.04077769	41.74969897535527	4328.262025926934	0.4042695735606685	18733852.16508113	0.1634338881069247	3946.22454342404	-2.526797765783158	6.384706949166759	15572688.147122271	3969.538156935032	6720.346434900092	0.901586	27.774712	0.0723075543180225	0.0511960061439274	0.0365098235	-0.0016191057	-0.0596472184	-0.0044256137	-0.0759340867	-0.0350553399	0.0014095173	0.0349071207	0.0805428918	-0.0263060273	-0.0046429677	0.0728781553	0.008696386	0.0310104044	-0.0390951359	0.0245547492	0.0623775797	-0.0115239567	-0.0006690301	0.0517699091	0.0028862401	0.0285134757	0.0094669889	0.0412958159	-0.0098686309	0.0351323101	0.011573849	-0.02736184	0.0447470259	0.0161222415	-0.031764102	0.0069205182	0.0330790411	0.002709701	0.0891112811	0.0439198443	-0.043581108	0.0534962273	-0.0838667908	0.0524517742	0.0471163173	0.0521707475	-0.0137516556	-0.0830137739	-0.0310385076	0.0168451658	0.0694073757	0.0279148187	-0.0676396081	0.0381683443	-0.0658629941	0.0545832122	0.0231808248	-0.0413138809	-0.0212290318	0.0178595795	0.0660009726	0.0322966867	0.096462998	-0.0166500961	0.0320471983	0.0623226241	0.0592642067	-0.0400629738	0.0921147655	0.0222769032	-0.0496928696	-0.041388337	-0.0214069123	0.0996382694	0.0708915071	-0.0164943742	0.0590570573	0.0732497524	0.0331466115	0.0869804322	0.0337014911	0.0734120914	-0.0058808414	-0.0605797137	0.0552015751	0.0100933888	-0.0307356811	0.0675387857	-0.0367989862	-0.0149569435	0.0433141244	0.0212240389	0.011198386	-0.0795710253	0.0249888955	-0.0675188941	0.000531173	-0.0273720932	-0.024331628	-0.0535478906	-0.0144141721	-0.0612560724	0.016194058	-0.013814598	0.0530075498	0.026608315	-0.0040822565	-0.0045032695	-0.0278329517	0.0501031122	-0.0425470984	0.027581626	-0.0084748618	0.0721247118	0.0293292426	0.0356899662	0.008702874	0.0444397492	-0.0850313903	-0.0440752167	-0.0669131142	0.023710385	0.0994524885	-0.0195876756	-0.0200558457	0.0894544108	0.0058998897	-0.1187523725	0.0208677226	-0.0045723828	0.0120276547	-0.0183792756	-0.112218124	0.0687397421	-0.0009984819	0.0570621587	-0.0154346781	-0.0759332571	-0.0523283562	0.0505189772	-0.0642667805	0.0865801654	0.0404108681	0.0996871565	-0.005286297	-0.0440656101	-0.0048791581	0.0634701126	0.0133429782	-0.046917781	-0.0360887169	0.0280143023	0.0320269098	-0.0307416724	-0.0479991772	0.0364581046	0.0673519896	-0.0242903687	-0.039115087	0.00111079	0.0153860742	-0.0110544664	-0.0055369879	-0.0653768013	-0.0053118435	0.0108871732	-0.0108990785	0.082688861	0.0221675506	0.0749046847	-0.0193434563	0.1114486359	0.0660600779	-0.0447837232	-0.0535899776	0.0950111383	-0.0354595815	-0.0617765075	0.0552210241409056	0.0001242007538451	0.0030493615071704	1.5425827255691698e-08	0.1267550161086603	-0.025253279223648	0.0006377281115475	0.0160668341087067	-0.5023283473255304	0.0068635228571594	4.710794601074967e-05	0.2523337685267987	-0.0053398684507108	-0.0007575474384981	2.8514195070896555e-05	5.738781215751833e-07	0.0081369603962802	3.71155937033997e-05	1.3775672959558435e-09	6.621012449063243e-05	-0.0003052814593861	6.667997465800029e-06	9.319676944490701e-08	4.4462190203915607e-11	0.0	0.0	0.0	0.0	0.0	0.0	0.0	0.0	0.0	0.0	0.0	0.0	0.0	0.0	0.0	0.0	0.0	0.0	0.0	0.0	0.0	0.0	0.0	0.0	0.0	0.0
5683.108164875426	4.464573243909399	32297718.41367373	19.93241425023169	4325.036714719106	-3.225311207827872	18705942.58366824	10.402632387340086	3947.505102934966	1.2805595109261958	1.639832661023538	15582796.537697596	3972.191981670827	6743.9121140831485	0.892479	27.494156	0.1390354664579543	0.0906802661085483	0.0226925159	-0.0189169939	-0.0311353948	-0.0028764654	-0.0857697039	-0.0493589702	-0.0450239739	0.0312626254	0.0675955638	-0.0010720027	-0.0465641868	0.0041855565	0.0491218827	0.0034619363	0.0066487659	0.0480531796	0.006609996	-0.0336348902	-0.0364112761	0.0210460868	-0.058018016	0.0273027622	-0.0168886369	0.0970356406	-0.0906774085	0.088546332	0.0601521733	-0.067686874	0.0657730839	-0.0401195043	-0.0917241042	-0.037539328	-0.0028879495	0.0047777781	-0.037802673	-0.0018009983	-0.0739016699	-0.1080544762	-0.0636682987	-0.0383796213	-0.0584613957	-0.0620410851	0.0184178972	0.0423307944	0.0316396487	0.1124742805	-0.0078394545	0.0120517478	-0.090144604	-0.0645952923	0.0567010696	-0.035774832	-0.004955518	-0.0905735678	0.0432484168	-0.0687183387	0.0113559708	-0.0663177266	0.0247625258	-0.0339411557	-0.0702657829	-0.0139211451	0.0095116508	-0.0324168144	-0.012097632	0.0212604408	-0.0274181078	0.005331553	0.0433027165	-0.0125207061	-0.0364745837	0.0367465457	-0.0505702855	0.1699765447	-0.0858088111	0.0444606028	0.0409096103	-0.0044074906	0.1257258103	-0.0289051692	-0.0705788721	-0.0677780355	0.0394741094	0.0329700336	-0.0010491163	0.0580418797	0.0781320496	-0.0142737338	0.0112349745	-0.0611967788	-0.0199962544	-0.0190049322	0.0302600064	-0.0437466052	0.0057919951	-0.1046117472	-0.0056202629	-0.0101865349	-0.0152317292	-0.0085985037	0.1354412278	0.0016878159	0.0100029382	-0.0025775107	-0.0756028726	-0.0328715286	-0.0112214817	0.1058004624	-0.0125470259	-0.0095134998	0.0054043412	-0.0550817824	-0.0442427007	0.032174483	0.0688243449	-0.0161792214	0.071130037	0.0318332194	0.0994726789	-0.0233445009	-0.0006495858	-0.1074038791	0.0290217367	0.0938254923	-0.0015874947	0.1052957846	0.010446475	0.0822983657	-0.0164192435	-0.086371458	0.031892616	-0.0087993073	0.0151847854	0.0148703764	-0.006609776	-0.0289232922	0.1221947711	0.0964719813	0.0757009539	0.0456412663	-0.0362297761	-0.017243276	-0.008347133	0.0606367525	0.0483305363	-0.0310718216	-0.0164305019	0.0244463882	0.0280651172	-0.0551308181	0.0858011614	0.0943333483	0.0325783368	-0.0205233589	0.0299225302	-0.020940815	0.0252559175	-0.0215901093	-0.0547004462	-0.0690190705	0.0616458001	0.0613355586	0.0167691141	-0.0068401757	0.0393124089	0.0542969067	-0.0357555653	0.041856046	0.0948069812	-0.045990102	-0.0512981531	0.0953646527	-0.0404904708	-0.0563925126	0.0540336420670968	-0.0011873820738088	0.0029196344750351	1.4098761892024868e-06	0.1040752518796921	-0.0226797642289681	0.0005143717054815	0.0108316580538213	-0.5812200309797078	-0.0788916836541773	0.0062238977497907	0.3378167244120524	-0.0049863089578292	0.0003535594928815	2.486327702292772e-05	1.250043150066941e-07	0.008507917993749	0.0003709575974688	1.376095391198243e-07	7.238466858835801e-05	-0.0003062970990557	-1.0156396695999931e-06	9.381791288993728e-08	1.0315239384651833e-12	0.0	0.0	0.0	0.0	0.0	0.0	0.0	0.0	0.0	0.0	0.0	0.0	0.0	0.0	0.0	0.0	0.0	0.0	0.0	0.0	0.0	0.0	0.0	0.0	0.0	0.0
5678.487481058024	-4.620683817402096	32245220.072532702	21.35071894040161	4340.643743510548	15.607028791441737	18841188.108077265	243.5793476968913	3946.302658658414	-1.202444276551887	1.445872238212391	15573304.673734467	3971.056628552798	6770.548107559654	0.958644	29.532482	0.0569103613656093	0.0432094723490438	0.029216657	-0.0045348551	-0.0540207293	-0.101608856	-0.0262809454	-0.0629171344	0.0494697173	0.0045841152	0.0516778321	-0.035388859	0.077094842	0.0220899066	0.0722842954	4.65031e-05	-0.0211953345	0.0385552406	0.0427678368	-0.0109613488	-0.0800138708	0.0049551145	-0.0260374007	0.0281741528	0.0597617466	0.1028119841	0.0508881477	0.0502220874	-0.054967768	0.0192551844	0.0029937734	-0.0648524647	-0.0218540673	-0.0036904391	-0.0129414153	-0.0885010186	-0.0065996346	0.0745262489	-0.0222564314	-0.095932326	0.0424284519	-0.0764084524	0.0447300353	-0.0075944949	0.0567581551	-0.0342209519	0.0675317757	-0.0480725647	-0.0077549339	-0.0022246296	-0.033706119	0.0049312354	0.0708071204	-0.1025017589	0.057472662	-0.1286887158	0.063156548	-0.0669279195	0.0257960228	0.0124864306	0.0631479743	0.0514998674	-0.0044371666	-0.076934766	0.0968611404	0.0078265669	-0.0796083482	0.1054638063	0.0792558622	-0.0441849299	0.0171549753	0.0174176026	-0.0068642783	-0.1276422616	0.0548515554	-0.1287501585	0.1087159698	-0.1051592141	-0.0515966399	0.1048339359	-0.0670021319	0.0138411828	0.0253748571	-0.0164143312	0.0333388533	-0.0146240268	-0.024169333	-0.04156114	0.0020247046	0.0828574571	-0.0108570979	-0.0654835409	-0.0404649677	0.0201909341	0.0171538471	0.0176033465	0.0316717927	-0.0911154757	-0.0527877053	-0.0781478004	0.0633051351	0.0329468785	0.0164213625	0.1091475177	0.0831088705	0.0320757007	0.0037389951	-0.0403819519	-0.0046265593	0.0570615	-0.0586104738	0.0579373705	-0.0470758516	-0.0145532211	-0.0377261169	0.0302649701	0.033959678	-0.0110781414	0.0143230687	-0.0630760438	-0.0431290061	-0.0111949721	-0.0501024593	-0.0614780543	0.0612585083	-0.0173421063	0.1231048755	0.1183496906	-0.020337936	0.0327335746	0.0410278894	-0.1289267059	0.0178734361	0.0706138616	0.040972781	0.0966687625	-0.0264383009	-0.0410021011	0.0714472364	0.0928844279	0.0340815904	-0.016644428	0.0432562975	-0.0355359825	0.0190715059	-0.1084903183	-0.0263101273	-0.032939582	-0.0277039491	0.0222335616	0.0216548563	0.091849799	0.0157328969	0.0602934464	0.0791280982	-0.0337740011	-0.0136197683	0.0266105694	-0.0258377712	-0.0446254402	0.0617291165	-0.0500166339	0.0729322013	0.0245532022	0.0500211703	0.0398359798	0.0749107899	0.0898664579	0.030857831	0.0369489757	0.1064543397	-0.0471870168	-0.0489641061	0.0955415737	-0.0453880801	-0.0507185253	0.05246951873373	-0.0015641233333668	0.0027530503961492	2.44648180198247e-06	0.1468823679996944	0.0428071161200022	0.0018324491905113	0.0215744300291976	-0.5739422126451075	0.0072778183346002	5.296663971144404e-05	0.3294096634559618	-0.0050603146773701	-7.40057195409002e-05	2.5606784634007258e-05	5.476846524766378e-09	0.0084769340762247	-3.0983917524299645e-05	9.600031451526027e-10	7.185841133265952e-05	-0.0003060606645681	2.364344875999537e-07	9.367313039586704e-08	5.590126692665265e-14	0.0	0.0	0.0	0.0	0.0	0.0	0.0	0.0	0.0	0.0	0.0	0.0	0.0	0.0	0.0	0.0	0.0	0.0	0.0	0.0	0.0	0.0	0.0	0.0	0.0	0.0
5683.455008898486	4.967527840462026	32301660.83817329	24.67633284576532	4335.013675448487	-5.630068062060673	18792343.566325404	31.697666383435617	3945.683733042124	-0.6189256162901984	0.3830689185002018	15568420.121193232	3971.360313985118	6807.4872289685645	0.985192	30.350332	0.2130498853868928	0.1337433071302303	0.0439302543	0.0683163915	-0.0557315156	-0.006905512	-0.1146094533	-0.0354385819	0.089389886	0.0255752966	0.0607037224	-0.0461360917	0.0216942389	0.0131561322	-0.0155423781	0.0468503077	-0.0396164742	-0.004841594	0.0591652179	-0.0140957472	-0.0626242482	0.1206250742	0.0992266962	-0.033106684	-0.0330858681	0.0356672109	0.0101826383	0.0588341472	-0.0245709773	-0.1438990685	0.0086625097	0.0054029006	0.0049620059	-0.0296800562	-0.0922578767	-0.0409028695	0.0148374314	0.0056200735	0.0751322424	-0.0679225206	-0.0261064288	0.0867464038	0.0535333556	-0.0180226179	0.0382406717	0.0016544025	-0.0048286418	-0.0851073256	0.1136007256	0.0682748653	0.0314932793	-0.0224078768	-0.077778018	-0.0036704002	0.0252277796	-0.0769941404	0.0695718461	-0.0960368313	0.1071317955	0.0004701967	-0.0112924499	0.034592534	-0.0454468763	-0.0771065625	-0.0377279595	0.1520569272	0.0077232391	0.0617594672	0.029372488	0.0323864428	-0.1041920706	-0.0623786679	-0.0976075719	-0.0295946444	-0.074658771	-0.1127462868	0.0749643561	-0.1087039249	0.0250577192	0.1134009629	0.1021773185	-0.122785905	-0.059584798	-0.1137847517	0.060961554	0.0394885197	-0.04504574	-0.0853728676	-0.0020074033	0.050207016	-0.0408063232	-0.0042812497	-0.0059551958	-0.0910216453	0.0678390292	-0.0578930087	0.0389937118	-0.075597768	-0.0599684076	-0.020374254	0.0256700028	0.017217154	0.0736639932	-0.0347237894	0.020027836	0.0977850795	0.051022835	-0.0307262507	-0.0613993973	0.0120574448	0.0414475819	0.1236490425	-0.0858354981	-0.0413535483	0.0374894017	-0.0738920241	-0.0076319514	-0.020477633	0.1268785328	0.0235451087	0.0256522481	0.0019661995	-0.0039574265	-0.0326157077	0.0922746942	-0.1102452678	0.0026712156	-0.0253944971	-0.0150094382	0.0919762543	0.0936538235	0.0852187223	-0.0119094767	0.0379996399	-0.0030574342	-0.0069702236	0.0347215508	-0.0309345798	0.1199168026	0.0555141486	-0.0111601446	-0.0011374074	0.0359185911	0.0279258311	-0.0427859114	-0.0088248789	-0.0138108492	-0.0574578478	-0.0909592653	-0.0313228225	0.0200840034	-0.0362835778	-0.0768891791	-0.0003543238	0.0577622318	0.0243930332	-0.0302389844	-0.0489982507	0.0462411212	0.0357416365	-0.0464267433	0.0201397964	0.0529556071	0.0179024383	0.0083784665	0.0326469399	0.0273906355	0.0813059895	-0.0154108453	0.0276595079	-0.0039147326	-0.0483742215	-0.0465897578	0.0955415737	-0.0501362882	-0.0447837232	0.0518728196869204	-0.0005966990468095	0.0026907894222717	3.560497524634816e-07	0.1532440444414931	0.0063616764417986	4.047092715013646e-05	0.0234837371567863	-0.455025788762228	0.1189164238828794	0.0141411158690926	0.2070484684386877	-0.0044551672049494	0.0006051474724207	1.9848514824056646e-05	3.66203463377162e-07	0.0075392345292757	-0.000937699546949	8.792804403483602e-07	5.6840057287422986e-05	-0.0005067153655065	-0.0002006547009383	2.567604616403859e-07	4.0262309008678735e-08	0.0	0.0	0.0	0.0	0.0	0.0	0.0	0.0	0.0	0.0	0.0	0.0	0.0	0.0	0.0	0.0	0.0	0.0	0.0	0.0	0.0	0.0	0.0	0.0	0.0	0.0
5664.383993744224	-19.07101515426166	32085246.02858577	363.7036190140778	4295.537105229755	-39.47657021873238	18451639.022405624	1558.399596234508	3942.9836464711775	-2.700086570946496	7.290467490605607	15547120.036339143	3966.721475458799	6727.171403861788	0.998566	30.762337	0.2104376052224478	0.1150122771403561	0.0427940352	-0.0052621606	-0.0188446877	0.0361616556	-0.1215580961	-0.0164165732	-0.013276804	0.0338544036	0.0067793122	-0.0718028417	-0.0768495185	0.0136651125	-0.0188684122	0.0267183565	-0.0408800534	-0.0251440452	0.0393545323	-0.0440069329	-0.0159417049	0.0326850596	-0.0292396219	-0.0130248531	-0.0474381603	-0.016575102	0.0027182714	0.0317339435	0.0738141999	-0.074017084	-0.0202947359	0.0060388255	-0.0703592706	-0.0378079799	-0.0163694573	0.0081455583	-0.0030195976	0.0341888214	-0.0669868225	-0.0381180131	0.0668801513	-0.006381772	0.1458932056	0.0627977545	-0.0496546691	-0.0604161757	0.0094919612	-0.0318368466	0.0563336964	0.0288411806	-0.0226215414	0.0593341042	0.1325837476	0.0067271384	-0.0083113135	0.048095353	0.0156754823	0.0205394471	0.1270529266	-0.0402123678	-0.0283039149	0.0635333546	-0.0103736074	-0.0634541516	-0.1071337002	0.0533367136	0.1667719755	0.0322041905	0.0330516696	0.0434449187	0.049709942	-0.0015429917	0.0218415773	-0.0151287446	0.0005566993	-0.0734864269	-0.0033093322	0.0424445098	-0.0141760238	0.0345303347	-0.0318396253	-0.0860685098	0.0394018132	0.0026622081	-0.0755851858	-0.0361536797	-0.0344027815	-0.0045748571	0.0550183811	-0.0619663784	-0.0143378434	0.0105654462	0.0016600884	-0.065087804	0.0196390242	-0.0015287308	-0.0072277384	-0.0493555051	-0.0976075493	0.0030857014	-0.0289235312	-0.0302307116	0.1162324183	-0.0035261804	0.0582790684	0.0154626014	-0.0317528263	-0.0932742286	-0.0132949793	-0.0138627875	0.0292863107	0.0332045553	-0.0011908194	0.0276755369	0.0415589943	0.0824545093	-0.0247909624	0.0033252073	-0.0013026337	0.0569946274	-0.0351346252	-0.0114177822	-0.0360273384	0.0183724431	0.0005189385	-0.0910208438	0.0175679257	-0.0652077394	0.0493571938	-0.0374810506	-0.0276812488	0.0833657039	-0.0697884815	-0.0152196281	0.0910045657	0.0908114225	-0.0563092238	-0.0260266887	0.0178993135	0.0489396911	-0.1812079219	-0.0275173013	-0.0077795055	0.0658639039	-0.0480277207	-0.0491982222	0.0322772007	-0.0462225084	-0.0401465819	0.0055887325	0.0340507	-0.1038344589	0.0328222846	0.0128983084	0.0166836909	0.0883575669	0.0226863321	-0.0180904521	-0.0007396894	0.0358210846	-0.0450996155	-0.064208578	0.0367333975	-0.064581963	0.0648705904	-0.0338596846	0.1330525537	0.008598963	0.0573345903	-0.0699393637	0.071047967	-0.0495514717	-0.0441770624	0.0953646527	-0.0547194656	-0.0386186257	0.0564234941371495	0.004550674450229	0.0031836106906449	2.0708637951967876e-05	0.1385370304485604	-0.0147070139929327	0.0002162962605883	0.0191925088055053	-0.540550719952364	-0.085524931190136	0.0073145138550775	0.2921950808410191	-0.0051517939988936	-0.0006966267939442	2.654098140703611e-05	4.852888900409749e-07	0.0087529527426508	0.001213718213375	1.4731119014784438e-06	7.661418171507816e-05	-0.0003039606610428	0.0002027547044636	9.239208346157596e-08	4.110947018216232e-08	0.0	0.0	0.0	0.0	0.0	0.0	0.0	0.0	0.0	0.0	0.0	0.0	0.0	0.0	0.0	0.0	0.0	0.0	0.0	0.0	0.0	0.0	0.0	0.0	0.0	0.0
5661.967064894253	-2.416928849971555	32057871.04394724	5.841545065824823	4286.029368630617	-9.507736599138298	18370047.748764165	90.39705523859388	3942.05004724451	-0.9335992266674112	0.8716075160339881	15539758.574980443	3963.960564235501	6666.607313382172	0.920724	28.364298	0.0390783356670847	0.0241058454487731	0.0498963385	0.0143565038	-0.0152998949	-0.0645302515	-0.0397095323	0.025182764	-0.0214166455	0.0639166436	-0.0329178496	-0.0495567174	-0.0325685705	-0.0804127439	0.0456145634	0.0230947176	-0.0346535721	-0.0004259286	0.0402810863	-0.0673366501	-0.054074667	-0.0593426996	-0.0378189399	-0.0423024577	-0.0234873964	0.0115143047	-0.008733828	0.0307604708	0.0891860959	-0.0522858757	0.039674976	-0.023162001	-0.0304673776	-0.1329934455	-0.0168452125	0.0723034156	-0.0024602546	0.0424610155	-0.0819254875	-0.0435338544	-0.0986321293	-0.0662909537	-0.1322297484	0.0385440806	-0.0640902897	0.0448429835	0.0765946733	-0.007360913	0.0147754271	-0.0491961097	0.0461778559	0.051650878	-0.0632258881	-0.0452652819	-0.0772917875	0.0564275761	-0.035535825	-0.0679010887	0.0347867447	0.0439739407	0.0271137494	0.0525542911	-0.0370827625	-0.0624094552	0.1587533631	-0.0126952801	-0.129218096	-0.0175439741	-0.0438191399	0.1104987278	0.0631400932	0.0577985487	-0.0460673984	-0.0503966592	-0.0251868019	0.0121634458	-0.0535853223	-0.0319448883	-0.0840067206	-0.0774222214	-0.0094077059	0.1373334684	0.0048972281	0.0023758971	-0.0184507451	0.0416284127	-0.0382497048	0.0094291126	0.0874998753	-0.0472549174	-0.029510114	0.044793008	-0.0877788878	0.0083096673	-0.0262600511	0.013275184	-0.0021980255	-0.0525163587	-0.0553679132	0.0224435305	-0.0322623117	-0.0831293838	0.0956378941	-0.0066346734	0.0426581494	0.0159968927	-0.0250102123	-0.0340681948	-0.0201489313	0.0151846445	0.0322648987	-0.0441657487	0.0050493916	-0.0074137791	-0.0765520788	-0.0090785172	0.0276661365	-0.1310593526	-0.034128012	-0.0507359746	0.0603879191	0.0499574138	-0.1026899797	-0.0192549882	0.028830686	0.129138339	-0.0419200233	-0.0657534738	-0.0471884515	-0.0695727612	0.0907811773	-0.0831451773	0.044685603	0.0470882207	0.0629183439	-0.0072945946	0.0053505218	0.0367358114	0.034860925	0.0248215889	0.0410814892	-0.038734464	-0.195001351	0.0396339653	-0.0510579388	-0.0641237456	0.1066470584	-0.0474383753	-0.0512260775	-0.0044905802	0.0343705629	0.0325132738	0.0937009932	-0.0116192781	-0.0121795342	0.0683284404	0.0608377978	-0.0230325247	-0.0178667293	-0.0007841921	0.0074900863	-0.0219263587	0.1027060273	0.0097033498	0.0589103848	-0.085109439	0.1247858701	0.007597147	0.0722743221	-0.0935857706	0.0207001529	-0.0507185253	-0.0417280058	0.0950111383	-0.0591225262	-0.0322549359	0.0563275335952795	-9.596054186999936e-05	0.0031727910409273	9.2084255959839e-09	0.1479996929229656	0.0094626624744052	8.954198110451672e-05	0.0219039091052921	-0.5438173558354435	-0.0032666358830795	1.067090999262269e-05	0.2957373165078534	-0.0048102474703017	0.0003415465285919	2.31384807255439e-05	1.166540311931777e-07	0.0089344092453784	0.0001814565027276	3.2926462382131815e-08	7.982366856390305e-05	-0.0003060191650779	-2.0585040350999933e-06	9.364772939497501e-08	4.237438862522954e-12	0.0	0.0	0.0	0.0	0.0	0.0	0.0	0.0	0.0	0.0	0.0	0.0	0.0	0.0	0.0	0.0	0.0	0.0	0.0	0.0	0.0	0.0	0.0	0.0	0.0	0.0
5650.885977692978	-11.081087201275295	31932512.33288712	122.79049356226716	4283.450343969555	-2.5790246610613394	18347946.849252906	6.651368202362557	3941.163632284629	-0.8864149598812219	0.7857314811012281	15532770.77644297	3965.986593413826	6588.929848938253	0.94693	29.171606	0.0735417496866623	0.0400368857991079	0.0574642286	0.0009697383	-0.0133051061	-0.0718643512	0.0802213529	0.115923743	0.0545093586	0.0261655011	-0.0550051759	-0.0834172363	0.0462926729	-0.0637405835	-0.0127863861	-0.0052274214	-0.0516229319	-0.0163710703	0.0515679405	-0.0230847473	-0.0721633731	-0.0506157317	-0.039137742	-0.0482786936	0.0900681592	-0.0522972184	0.0287935613	0.0595405671	0.0038181278	0.0363759054	0.0275659577	-0.0723376105	0.0409777954	-0.0691899818	-0.0080730591	-0.0169405364	-0.1116286124	0.0927002055	-0.0904160088	0.0214371829	0.0139067516	0.0670648402	-0.0622398242	0.0512262748	0.0655090748	0.0887686978	-0.0285860894	-0.0741964546	-0.0758746139	-0.0225848881	0.0802010921	-0.0528676573	-0.0926647725	-0.0130593614	-0.0354134968	0.1019230076	-0.0616764928	0.0363475228	-0.0323153037	-0.0233827379	0.013311794	0.0231381181	0.0132580906	0.0672139495	0.0940234081	0.056753929	-0.1183362039	0.0172754952	-0.0356359851	-0.0345616557	-0.0723041021	0.0703953785	0.0621601887	-0.0555848732	-0.0009029645	-0.0860883511	0.0674686154	0.0137743835	-0.0257415066	-0.0889924714	-0.031804889	0.0673562852	0.0159556928	0.1099683306	0.051708941	0.0492918842	-0.0497561967	-0.048383695	0.029019433	0.0047021586	-0.0260569101	0.0762070353	-0.0347435593	0.0780624658	-0.042721386	-0.0500105182	-0.0214029898	-0.0322349646	-0.0948256153	0.0077468375	0.0905751913	-0.0345987384	-0.0173634344	0.0193264691	0.0415332768	-0.036177182	-0.020633049	0.0341834591	-0.0434635027	-0.0080217395	-0.0256765398	-0.0112859947	0.1033042016	0.0751129562	-0.0555621174	-0.039692995	0.0382571876	-0.0883327864	0.0040180614	-0.0935008949	-0.0898263971	0.0195608548	-0.0172165927	0.0816126651	-0.0294058471	0.1107821106	-0.012480363	-0.1539723729	-0.0178358934	-0.0587685798	0.0084480847	-0.0407805757	0.0655834031	0.026537708	-0.003092088	0.0026412362	0.0645253391	-0.0045901094	0.0114009316	-0.0894190154	0.1147883347	-0.1147740776	0.0221507562	-0.0334912538	-0.0465380768	-0.032361245	-0.0704183509	-0.0478520024	-0.0424641555	0.0044390856	0.0334522745	0.1194552448	0.0261204609	-0.0820823687	-0.0497042835	0.0016613859	0.025386987	0.0186631609	-0.0833358579	-0.0105215794	0.1115534215	-0.0274673988	0.113105473	-0.025236602	0.1134912879	-0.0391351636	0.0589762296	0.0057371928	0.1234022858	0.0104426507	-0.0092184032	-0.0518751419	-0.0392446037	0.0944816852	-0.0633309768	-0.0257253786	0.0580889588322293	0.0017614252369498	0.0033743271382124	3.102618865363673e-06	0.1719929666494408	0.0239932737264751	0.0005756771841135	0.0295815805768756	-0.5466428684683109	-0.0028255126328673	7.983521638492951e-06	0.298818425647263	-0.005474277755194	-0.0006640302848923	2.9967716941011857e-05	4.409362192541494e-07	0.0091620216962147	0.0002276124508362	5.180742777570669e-08	8.394264156190888e-05	-0.0002984311389991	7.588026078800031e-06	8.906114472430015e-08	5.7578139772549374e-11	0.0	0.0	0.0	0.0	0.0	0.0	0.0	0.0	0.0	0.0	0.0	0.0	0.0	0.0	0.0	0.0	0.0	0.0	0.0	0.0	0.0	0.0	0.0	0.0	0.0	0.0
5648.507044276307	-2.3789334166704066	31905631.829239063	5.659324200951135	4298.019335851736	14.568991882180852	18472970.2113554	212.2555244630516	3943.681746166332	2.5181138817029023	6.340897521224858	15552625.715045528	3967.1950794827794	6540.870125304456	1.136756	35.019482	0.3328632134208197	0.1961725740493613	0.0970571285	0.0995250971	-0.0019505476	0.0542226359	-0.0184417199	0.2074727176	0.1003101888	0.0733774455	0.008666096	-0.0426155923	0.0230031674	-0.0899635943	-0.1519701707	0.0033632385	-0.0810385999	-0.0014762122	0.0642907711	-0.0656028252	0.0026485511	0.0979317665	0.105358487	-0.0173230049	0.0876853617	-0.0237750673	-0.0976051601	0.0589401221	-0.0742745823	-0.0459654734	-0.0239794805	0.0364258275	0.134912682	0.0431330363	-0.0089990687	-0.0348310496	-0.0550132832	0.0665999278	-0.0069627883	-0.0261150654	0.0465823493	0.1633441539	0.039903394	-0.0630057552	-0.0812574297	0.027982948	0.0883415476	0.0588480406	-0.0138903303	0.0168828855	-0.0618660324	0.0171169238	0.0593929996	-0.0500329327	0.0084880508	0.0246237026	0.0083736265	0.0827154056	0.0141484658	0.1028863837	-0.0147285803	-0.1215332048	-0.049175038	-0.1218184058	0.055641893	0.0131224378	0.0777616603	0.0654638806	-0.1093451217	0.0730420011	0.0292129036	-0.0739345646	-0.0395321193	-0.029616981	-0.004668099	0.0047368312	-0.0011281366	0.0490151223	-0.0573592343	-0.1399567476	-0.0363828086	0.0604821913	0.0499892459	0.1527421369	0.1076304497	0.0860545361	-0.0877393111	-0.0959944178	0.0143460144	0.0378432299	-0.1015520385	0.0030476988	0.0485913401	0.0145634599	0.0279592169	-0.1484378115	0.0129454049	0.0002863156	0.0344463162	0.0557219281	0.0617531167	0.044701073	0.0152327492	-0.010301906	0.0411395726	0.0493290028	0.0148538148	-0.0887305763	-0.0012761501	-0.1403866049	0.0672200973	-0.091065582	0.074605534	-0.0685900817	0.0522236517	-0.0237181671	0.023284295	-0.0555762232	0.0163746465	0.0213705275	0.0192737987	-0.1589123564	-0.0524897189	0.0797095072	0.0615880075	-0.0749092896	-0.0458861541	0.1008117417	0.1524553408	0.0272048312	0.040800205	0.0048624841	-0.0302472351	0.014513854	0.0165982476	0.009396082	-0.0861542776	0.1041646089	0.0738842873	-0.0099494697	0.0494560921	-0.044567534	-0.0260966799	0.1109450397	-0.0323078405	0.0388331717	0.053129439	-0.0864845343	-0.1198361206	-0.0664857594	0.0411356668	-0.0244814547	-0.0923648991	-0.0949902769	-0.0704678707	-0.062020421	0.0580665015	-0.1151463842	-0.0468078705	0.0627853358	-0.0043964245	-0.0199367618	0.0321295503	-0.0531225846	0.0305289671	-0.0397562965	0.0573861176	0.0476046717	0.0991095863	0.0242310424	-0.0556545334	-0.0530210836	-0.0367289002	0.0937772737	-0.0673309646	-0.0190635313	0.0570714509057381	-0.0010175079264912	0.003257150508486	1.0353223804724294e-06	0.168432618893064	-0.0035603477563768	1.2676076146337411e-05	0.0283695471071761	-0.3801101096677541	0.1665327588005568	0.0277331597537244	0.144483695471632	-0.0041494950364421	0.0013247827187519	1.721830905745762e-05	1.755049251903676e-06	0.0076290067096576	-0.0015330149865571	2.3501349490086654e-06	5.820174337600068e-05	-0.000675685412438	-0.0003772542734389	4.565507765815101e-07	1.4232078682791233e-07	0.0	0.0	0.0	0.0	0.0	0.0	0.0	0.0	0.0	0.0	0.0	0.0	0.0	0.0	0.0	0.0	0.0	0.0	0.0	0.0	0.0	0.0	0.0	0.0	0.0	0.0
5648.104333335089	-0.4027109412181744	31901082.56023861	0.1621761021768279	4284.647502461417	-13.371833390318898	18358204.22034886	178.80592821844738	3942.4576849860114	-1.224061180320405	1.4983257731673822	15542972.59790526	3965.829127492142	6523.393926955837	1.072194	33.03054	0.3456757807750849	0.1921189095284605	0.0637283434	0.0040888242	0.0177008129	0.063935014	-0.0145740508	0.1302418104	-0.0196758666	0.0688037889	0.0088986674	-0.0688296028	-0.0598763143	0.020394612	-0.0499592314	-0.0877758952	-0.0477839264	-0.0054004644	0.0518320356	-0.0415562818	-0.0055137518	-0.0053180221	-0.0375386158	0.0159521736	0.0664237117	0.0445875632	-0.12616185	0.001538519	0.0502431029	0.0736107389	0.0936551497	0.027098367	-0.0402465918	0.0124870999	-0.0145108163	-0.0378146774	-0.0122339648	-0.0195659111	-0.0116110192	0.0033420025	-0.0638036639	-0.0456168434	-0.0753411977	0.0560642005	0.010480921	0.0016631295	-0.0406780042	-0.0335633008	0.0128045103	-0.0454456166	-0.0993310092	0.0255312784	0.0124097231	0.0065450014	-0.104798645	0.1239202394	-0.0597799988	0.0982804353	0.0861595852	0.0981771158	0.0541039295	-0.0013847549	-0.090185222	0.0779405973	0.1180367178	-0.0463745589	-0.0161901611	-0.055697694	0.0389929461	-0.0383004388	0.0368018431	-0.0740911937	-0.0065967795	0.056243305	0.1085560915	-0.0274189842	-0.025298622	-0.0620747004	-0.0754923136	0.1135659542	0.0298446671	0.0104679701	-0.0486135213	0.0602187019	0.068428471	0.0695512947	-0.0473980086	0.0084027713	0.0810230675	-0.0644413234	0.00203818	-0.0439050899	0.038323553	0.031024442	-0.0108394636	-0.0993609112	-0.0373053028	-0.064624218	0.0316040463	0.0240991835	-0.0509353901	-0.0796950228	-0.011328998	0.0815636617	-0.0055654398	-0.0297243726	0.0202578586	0.0095996965	0.0599303504	0.0198249088	-0.0374087274	-0.0685334349	0.014148781	-0.0440214932	-0.0293374527	0.077349235	0.0115440016	-0.0700839186	-0.0381974871	0.0186128553	0.0625358053	0.0098423994	0.0916809177	0.0875308203	0.0487499499	0.0822559568	-0.0195391243	-0.0859853783	0.0519920011	-0.0157797108	0.0349684334	-0.005939093	0.0120949864	0.0259918953	-0.0406250806	0.0741153826	0.0734088379	-0.1221201698	-0.0705105241	0.0385301668	0.0763687949	0.1158834532	-0.0476912913	-0.0066188098	-0.0019914496	-0.0169651615	-0.0048031316	-0.0523469345	-0.0512990427	0.0015135815	0.0319838137	-0.0616545113	0.0743268558	-0.0026754405	-0.0746859159	-0.0761323173	0.0741054438	-0.0694307239	-0.0065929842	0.0360912996	-0.0564592411	-0.0258613366	0.0025263983	0.0175474827	-0.0085234912	-0.0731713093	0.0466110979	-0.0126601801	-0.0257011895	-0.0374820264	0.0019531822	-0.0541561147	-0.0341829659	0.0928992083	-0.0711093231	-0.0123036518	0.0541397078538068	-0.0029317430519313	0.0029311079664955	8.595117322547454e-06	0.1269882766368226	-0.0414443422562413	0.0017176335050524	0.0161260224031901	-0.5460162527694763	-0.1659061431017222	0.0275248483188891	0.2981337482884206	-0.0051262679112076	-0.0009767728747655	2.627862269747673e-05	9.5408524887766e-07	0.0088771712256126	0.0012481645159549	1.5579146588891783e-06	7.88041689688443e-05	-0.0001927517558547	0.0004829336565832	3.715323938506988e-08	2.332249166609167e-07	0.0	0.0	0.0	0.0	0.0	0.0	0.0	0.0	0.0	0.0	0.0	0.0	0.0	0.0	0.0	0.0	0.0	0.0	0.0	0.0	0.0	0.0	0.0	0.0	0.0	0.0
5644.353402598887	-3.750930736201554	31858725.33342964	14.069481387781527	4297.15257831368	12.505075852262962	18465520.28130791	156.37692207085024	3944.385965114284	1.9282801282724904	3.718264253090572	15558180.64179054	3966.375494435951	6533.784663072094	0.93981	28.952267	0.1022211150684139	0.0553645276769301	0.0510502531	-0.000644282	0.0064245653	-0.0520577306	0.0360992166	0.1148511883	0.0511703815	0.0345992098	0.0400927845	-0.0418603883	0.0668820776	-0.0173172264	0.0186766815	-0.0815153007	-0.0237871555	0.0056991549	0.0398436565	-0.0457434585	-0.0538540265	-0.0066507294	-0.0202858027	0.0275303026	0.061928214	0.0517118272	0.022528969	-0.0010658999	0.0512908819	0.0976850727	0.0297282481	0.0401458162	-0.0542481124	-0.0235447129	0.0243586854	-0.1016433615	-0.0520029663	0.0285817271	-0.0054672966	0.0129489195	0.0817705586	-0.0742014021	-0.0081762388	0.0746802403	-0.0602853386	0.008872971	-0.0329774492	-0.0047364931	-0.0149062147	-0.0302130436	0.0210903758	-0.0123366649	-0.0588535853	-0.0381254135	-0.0806657753	0.0102402349	-0.0490264958	-0.0113120912	-0.0624572395	0.0386747405	-0.0480855956	-0.0965291114	0.008575659	-0.090130056	-0.0092840675	-0.0086247179	-0.0274762312	-0.0387715214	-0.0676342995	-0.0109946168	0.0663564886	0.0425386452	-0.0146515132	0.023088492	-0.043574074	0.0405939364	-0.0093758402	-0.0140258864	-0.0424919507	0.0364559082	0.0587392719	0.0955187706	0.1833920744	0.0292715853	-0.0367438899	-0.0745452904	-0.034563272	-0.0400452297	0.0235457326	0.0367231775	-0.0344630698	-0.0631693284	-0.0388174351	0.0779653117	-0.0119158358	-0.0075692011	0.0020225159	-0.0279334697	-0.0023148876	-0.0208049239	-0.0184504596	-0.0893701852	-0.0088313144	0.082617044	-0.0055745531	0.0287685362	0.0018025153	0.0377124424	0.0224666847	-0.0115233197	-0.0794646504	-0.0337459861	-0.0379359968	0.1004293151	-0.0063027113	0.0417871529	0.0129670183	0.0480012789	-0.0369037108	-0.0357303452	-0.0480779822	0.0746300267	0.0062992867	0.0261170465	0.0563023709	0.0854800982	-0.0021370876	-0.0456894363	0.0590841344	0.0216615441	0.0489204297	-0.0393642741	-0.0191784124	-0.0511721788	0.0578077608	-0.0715856603	0.0139443588	0.0770656537	0.0284518041	-0.0747824343	0.0112568493	0.0794193088	-0.0590364465	0.0781633758	0.1246377394	0.030139895	-0.0293791961	-0.0428285334	-0.0484811091	-0.000166935	0.0329781736	0.0820995071	0.0184952519	-0.0044878422	0.0069395019	-0.1103253364	0.0491358088	0.0076817864	-0.0675210293	-0.0036171351	0.0557143858	0.0350613098	0.0421645331	0.0071218523	0.081243798	-0.0819704783	0.0575535942	-0.0124717597	0.0172508281	-0.0115221174	0.0607914259	-0.0552800014	-0.0316088963	0.091849115	-0.0746536153	-0.005480502	0.0556275486208761	0.0014878407670693	0.0030944241655679	2.2136701481533665e-06	0.1451857418727371	0.0181974652359145	0.0003311477410123	0.021078899643137	-0.5863791422212614	-0.0403628894517851	0.001629162844897	0.3438404984321423	-0.0053233973223868	-0.0001971294111791	2.8338559051994956e-05	3.886000475185808e-08	0.0094534061894893	0.0005762349638767	3.320467335939827e-07	8.936688858347461e-05	-0.0002628457730717	-7.009401721700003e-05	6.908790042165963e-08	4.913171249617096e-09	0.0	0.0	0.0	0.0	0.0	0.0	0.0	0.0	0.0	0.0	0.0	0.0	0.0	0.0	0.0	0.0	0.0	0.0	0.0	0.0	0.0	0.0	0.0	0.0	0.0	0.0
5656.902837451705	12.549434852817283	32000549.712369148	157.4883151251052	4307.674449054084	10.521870740403756	18556059.159033407	110.70976387776469	3948.30219967404	3.916234559756049	15.336893127027654	15589090.25995086	3970.2536513917066	6521.583553845495	0.8247409999999998	25.407404	0.0938034012640964	0.0651964829505737	0.0627580822	0.0123100036	-0.0167363722	0.0074825075	0.0035221809	0.1004448893	0.080275302	0.0499747264	0.0494372771	-0.0096519441	-0.0111769044	-0.0005744046	0.0009039575	-0.0310383897	-0.0573112989	0.0082038011	0.0699633728	0.0149321577	-0.0002918869	0.0885886681	-0.0056255078	0.0125730164	0.0676224644	0.0073007783	0.0166973151	-0.0127061323	-0.0377824507	0.0058506774	0.0007085528	0.0373259698	-0.0236870884	0.0446803691	-0.0280307985	-0.0502210966	-0.0670227792	0.0788206084	0.0697769124	0.0754283272	0.0669735414	0.0332062795	-0.1217129685	-0.0671908329	-0.0968481965	0.1584688635	-0.0881443878	-0.0456235723	-0.0418906149	0.0184498413	-0.0267501585	0.0555589253	0.0185437901	-0.0405361467	0.0793507946	0.1275864176	0.0647769331	0.0843407683	-0.0404227812	-0.0015581765	-0.0706902912	-0.1152801232	-0.1092359556	0.0235807734	-0.0017605229	-0.0344617697	0.0110660328	-0.0125745299	0.0491249628	0.0674378591	-0.0738855595	-0.0497193189	0.0870221855	-0.0200683505	-0.0157306091	0.0109925928	-0.1258485622	0.0779116352	-0.0063024574	-0.0333440333	-0.0041918595	0.0813112306	0.0074151316	0.1162579512	-0.0190870075	0.0304307443	-0.0645607753	-0.0691709413	0.0146564713	0.0454292084	0.0154925239	-0.0538226258	0.0304812515	0.0219067231	0.0432062896	-0.0450452334	-0.0439099835	-0.0111831882	0.0327329036	-0.0074010359	0.0195249793	0.0029401429	-0.0453753894	0.036847509	-0.0589837611	-0.0133522322	-0.0204810066	0.0632945718	-0.0164669421	-0.0837537832	0.0265693795	-0.0068454806	0.0676531961	0.0359488985	0.1200255112	-0.0691342384	0.1082052858	-0.0373808065	-0.0315376456	0.0069174888	-0.088967671	0.0394806495	-0.0243179221	0.0058683691	-0.0076850731	0.1340337225	-0.111402596	0.029742289	0.1280047931	-0.008150123	-0.0237968679	0.0808894555	0.0496662954	-0.192483226	-0.0325139427	-0.0042433251	0.0216412424	0.0134305657	-0.0258609181	0.0336854783	0.0649187719	-0.0128338327	0.0551393623	-0.0750464442	0.0012773468	-0.0238548462	-0.0281180638	-0.0564893736	-0.0658108439	0.0011629683	0.0329743198	0.0095948117	-0.0754681021	-0.0404067852	0.0124056901	-0.0923222573	0.0214145041	-0.000808504	-0.0137645238	0.0404084181	0.0123305339	0.0132460392	-0.0463633999	-0.0328894706	0.0236230986	-0.0005687679	0.0258008975	0.0196398721	-0.0421102453	0.0498682759	0.0299630494	-0.0563925126	-0.0290088101	0.0906289382	-0.0779521747	0.0013708306	0.0577049896311905	0.0020774410103144	0.0033298658283358	4.315761151336121e-06	0.146963788906433	0.0017780470336958	3.1614512540347327e-06	0.0215983552497345	-0.5311868356806002	0.0551923065406612	0.0030461907012783	0.282159454400369	-0.0056073511612125	-0.0002839538388256	3.144238704515117e-05	8.062978258385153e-08	0.0090649965113041	-0.0003884096781852	1.5086207810793064e-07	8.217416174995551e-05	-0.0002855943896493	-2.2748616577599964e-05	8.156415539915618e-08	5.174995561946558e-10	0.0	0.0	0.0	0.0	0.0	0.0	0.0	0.0	0.0	0.0	0.0	0.0	0.0	0.0	0.0	0.0	0.0	0.0	0.0	0.0	0.0	0.0	0.0	0.0	0.0	0.0
5665.395327578816	8.492490127111523	32096704.217751883	72.1223885590867	4326.538270615303	18.863821561219083	18718933.40709886	355.843763893514	3950.704594429634	2.402394755594287	5.771500561706933	15608066.79244742	3973.960698727573	6581.493071667464	1.026065	31.609482	0.1907078164850684	0.1108626523786452	0.0241677136	-0.0381862623	0.0164329807	0.1047306047	-0.0962217435	0.0446528827	-0.0287457991	0.0469794852	0.101682376	-0.0246764347	-0.0469154148	0.1021693391	-0.0272053605	-0.0007123187	-0.0201929105	0.0051771287	0.0340651397	-0.0375216311	0.0464281338	0.1307898407	-0.1089090102	0.0311323809	-0.0110455574	-0.0058526869	-0.0225961875	-0.1248129157	0.0277121482	0.002875032	-0.0064060004	0.0730148684	-0.1501943428	0.0435039676	-0.1062168739	-0.0363358079	-0.0806966945	0.0250463279	0.0183189779	-0.0068543311	0.0492283355	0.0760626258	-0.0092214233	-0.0164528766	0.0032824681	0.0420335499	0.0331329469	-0.0235015502	-0.0283961884	0.0925309267	0.0211618869	0.0107366167	-0.0178203316	0.0187486123	-0.0052425142	-0.1035067694	-0.0204850709	0.1191295174	0.0269574803	0.0461865895	-0.0809555375	-0.0076334619	-0.0714599794	0.0681492714	0.0832232746	0.0119715494	-0.0130444635	0.0510547368	0.1379455302	-0.0143951034	0.0207565627	0.0034931305	0.0819375902	0.0956810292	-0.1323105787	-0.088942204	0.0406550803	0.0627804181	0.0217587597	-0.0254277183	0.0030728514	0.0446933657	-0.0490831224	0.0274751855	-0.0083095613	0.0041225305	-0.0252579959	0.0022020358	0.047337712	-0.0281074216	-0.0007237851	-0.1200476857	0.0733989647	-0.0579552424	0.0921487654	-0.0055649586	-0.0798890959	-0.0293967861	-0.0390859617	0.0141094903	-0.0897548065	0.010712021	-0.0688811172	0.0602448517	0.0447095755	0.003457227	-0.0730568876	0.0367895561	0.0149599357	0.0092978073	0.0585632107	0.0578655508	0.0065312394	-0.06120444	0.101848342	-0.0045134746	0.0629538891	0.0314604676	0.1187615081	0.0492930966	-0.0325637322	-0.019249984	-0.0454140861	0.0333098895	0.0268253295	0.0368498182	-0.0270380273	-0.053625359	0.0709394025	0.0004241017	-0.0307598291	0.0466049656	0.0712238964	-0.0538649056	0.1292055028	0.0313716789	0.0020617961	-0.0344006665	-0.1220934915	0.090946984	0.0548247456	0.0474275881	-0.0270648372	-0.0373039751	0.0478080065	-0.0554176675	-0.0525013664	-0.0316161468	-0.0231462498	0.0229902868	0.0362265537	-0.1480171001	0.0068686001	0.017833606	0.0129133335	-0.05992718	0.0142681877	0.0121356646	0.0204462974	0.0666143425	-0.0715845984	-0.0032957356	-0.0547847956	-0.0091593199	0.0374232785	-0.0056026222	0.0452630009	-0.0291201776	-0.0451643488	0.0264406154	0.0253575618	-0.0574934194	-0.0263848473	0.0892409375	-0.0809941435	0.0082151139	0.0555052289170134	-0.0021997607141771	0.00308083043713	4.838947199636951e-06	0.1246918930236944	-0.0222718958827385	0.0004960373462115	0.0155480681858324	-0.627334840745263	-0.0961480050646628	0.0092444388779144	0.3935490024128845	-0.0063376211221188	-0.0007302699609063	4.016544148752636e-05	5.332942158020893e-07	0.0096983078385242	0.00063331132722	4.010832371852836e-07	9.405717493077991e-05	-0.0003237761979927	-3.818180834340001e-05	1.048310263866081e-07	1.4578504883721303e-09	0.0	0.0	0.0	0.0	0.0	0.0	0.0	0.0	0.0	0.0	0.0	0.0	0.0	0.0	0.0	0.0	0.0	0.0	0.0	0.0	0.0	0.0	0.0	0.0	0.0	0.0
5659.110496723722	-6.284830855094697	32025531.61412861	39.49909887715034	4306.243910992732	-20.294359622571392	18543736.62096198	411.861032490256	3947.301267287796	-3.403327141838417	11.582635634374052	15581187.29473184	3966.9000190708334	6572.324249176006	1.059117	32.627682	0.057909674003735	0.0284400946461374	0.0433579799	-0.0509541355	0.0028189146	-0.0577471991	-0.033547751	0.014900686	-0.049701373	0.0689654132	0.0241985835	-0.0414741216	-0.0210204035	0.0154095955	0.1316277907	0.015944876	-0.029696547	0.0121731025	0.0232184401	-0.0218250996	-0.0189994105	-0.0339899213	-0.1114831933	0.017255559	-0.0683053812	0.0768631983	0.0209776313	0.0061069644	0.0672540208	-0.0507107512	-0.0269106274	0.0071165608	0.0214821626	0.0081307182	0.0476987582	0.06035416	-0.0563090842	0.015551445	-0.0265718047	-0.0372505872	-0.0236618364	-0.0488302938	-0.2111622304	-0.0623221125	0.0501129958	-0.0153457005	0.0922144057	0.005752637	0.0285062809	0.0306161287	0.0124417526	0.0451355196	0.0206655144	0.0344099757	-0.0342717195	-0.0753718349	-0.0313002433	-0.000543917	-0.0019439713	-0.0417322463	-0.0239124512	-0.0262213236	0.0202013748	-0.0387637445	0.0129923486	0.0493173589	0.0038969861	-0.0848358115	0.0235430235	0.0463955038	-0.0774417944	0.0615741006	-0.1563210655	0.0337737229	0.0080097413	0.0246735185	0.0673812467	-0.051322423	-0.0043450077	-0.0049440981	0.0149700395	-0.0087091979	0.0496791218	0.027459616	-0.0207064956	0.0054086694	-0.0297214957	0.0504155524	0.1039971718	-0.0567826917	0.0292834151	-0.0509516885	-0.0840129361	-0.0136270441	-0.0016334527	0.0703057113	-0.0392883076	-0.0960235456	-0.0032891115	0.0392591401	-0.0076945853	-0.0286458473	0.0038951056	-0.0473919595	0.0278309967	-0.0118420397	0.017618398	0.0801849591	-0.0307017882	0.0071936993	-0.0211852483	-0.0592109682	-0.0051088768	-0.0789668386	-0.0468442632	-0.0783919792	0.0874741786	-0.0379682703	0.0276950606	0.0282418455	-0.0056949347	0.0294582757	-0.0640276816	-0.0343802828	-0.0516416115	0.026274226	0.0161258752	0.0596980819	-0.0007577617	-0.0700725859	-0.0347064214	-0.0188474803	-0.0159254741	0.0391756107	0.1051885005	-0.0602097172	-0.048720955	0.0131018185	0.0440366156	-0.0182418582	-0.022053779	-0.0459129083	-0.0435933507	-0.016411616	0.0926870502	0.1110099087	0.0172524856	-0.0394780411	-0.0220066848	0.0309548327	0.0491834264	0.0027223115	0.1241297133	0.0775641979	0.0427687738	-0.0068488509	0.0183548892	0.0051386629	0.0282975505	-0.0449048212	0.0136568526	-0.0213570719	0.0368908946	0.0280835781	0.0254141093	-0.0805969595	0.0642065613	-0.0555927704	-0.076860599	0.0114039047	-0.0223319259	-0.0585824951	-0.0237391677	0.0876876832	-0.0837695089	0.0150171519	0.0612384392422313	0.0057332103252179	0.0037501464408244	3.286970063318518e-05	0.135013080592472	0.0103211875687775	0.0001065269128298	0.0182285319310693	-0.6521083077324477	-0.0247734669871846	0.0006137246665651	0.4252452450136766	-0.0064623484630867	-0.0001247273409678	4.176194765835903e-05	1.555690958492268e-08	0.0096312877462263	-6.702009229789946e-05	4.491692771618962e-09	9.276170365060888e-05	-0.0001738874488074	0.0001498887491853	3.023684485274616e-08	2.2466637132333773e-08	0.0	0.0	0.0	0.0	0.0	0.0	0.0	0.0	0.0	0.0	0.0	0.0	0.0	0.0	0.0	0.0	0.0	0.0	0.0	0.0	0.0	0.0	0.0	0.0	0.0	0.0
5661.97913257007	2.868635846348297	32058007.69765892	8.229071618954412	4297.150313580622	-9.093597412109377	18465500.81750604	82.69351389352232	3944.7565595637134	-2.5447077240824	6.475537401004629	15561104.314220944	3966.683322705967	6614.553849542017	0.935729	28.82653	0.0681360319461083	0.0433844985355113	0.0329319439	-0.0056316645	-0.0171385792	-0.0649883678	0.002070313	0.0312074766	0.1168303145	0.0021498549	0.0117165147	-0.0196203421	0.0167442335	-0.0058138867	0.0710821507	0.0809681264	-0.0373902819	-0.0179219563	0.0478321086	-0.0213353561	-0.0281871422	0.002169157	-0.0116409886	-0.0066691092	-0.0327303987	-0.0045941752	0.0957466949	-0.0360895806	0.0335881539	0.0357555046	-0.0309954841	0.0639978698	-0.0848522981	-0.0087855056	-0.060722089	-0.0687581077	-0.0002020286	-0.0005645742	0.0883590225	-0.0913249083	0.0828343153	-0.0453912469	-0.0928420336	-0.0810127712	-0.0481804526	-0.1034271031	-0.046029737	-0.0023174123	-0.0652068113	0.0777608487	0.0391797152	0.006217169	0.0188297989	-0.0435155472	0.0039104867	0.0428893542	-0.0081520779	-0.0496528984	-0.0088309569	-0.0276064219	-0.0249476934	-0.0263771188	0.1271750195	0.0483274423	0.0364230648	0.0974819572	-0.0460611785	-0.0048667173	0.0271987185	0.0636254622	0.0033549854	0.0064616212	0.0971885082	0.0167596187	0.1165253888	0.1095179189	-0.0313401311	0.0961341773	-0.0206012477	0.0080894861	-0.0185418391	-0.0790841929	-0.1120629661	0.0429524658	-0.0956492879	-0.0931371077	-0.0375870146	-0.0861971538	-0.0080744423	0.0393394606	-0.0023362851	-0.0189661578	-0.0676790793	-0.0174315467	0.0164691984	0.0645217417	0.0114310775	0.0306982382	-0.0563806686	-0.0528265247	-0.0442350842	-0.0309592045	-0.0273601119	0.0944989407	-0.0533119435	0.1023540847	0.0265121468	-0.0152458808	0.0322066003	-0.0400334612	-0.0434607989	0.0532949922	-0.0790784328	-0.0125670421	-0.0364505567	-0.0999128691	0.0902296053	0.043846096	-0.0456115019	0.0119864245	-0.0526200785	-0.0356138661	-0.0967102011	-0.0794173208	-0.053255708	0.0221644748	-0.0196523069	-0.0289627653	-0.0155491512	0.0184095912	-0.0651703194	-0.0505161689	-0.0103719314	0.0389388692	0.1091027342	0.0361740768	0.0598332262	-0.0457553225	0.0581859414	-0.0360195368	0.0723444554	0.062186074	0.0158121656	-0.0630410318	0.1056433398	-0.0422892569	-0.0421135532	-0.0358875165	-0.0429493625	0.0163179861	0.0294324262	0.069750762	-0.018124322	-0.0009547071	0.0794645073	-0.0106883551	-0.0367429254	0.0405864586	0.020905356	-0.0294005125	0.0675347435	0.059700895	0.0439084934	-0.0176451006	0.0724733012	0.0144740893	0.0120627581	0.0328460835	-0.0620349049	0.0228711271	-0.0603645617	-0.0596595157	-0.0210739489	0.0859720514	-0.0862691351	0.0217419657	0.061065840780202	-0.0001725984620292	0.0037290369101929	2.9790229094879626e-08	0.1696029660140823	0.0345898854216103	0.0011964601734801	0.0287651660807739	-0.6281319197371289	0.0239763879953187	0.000574867181302	0.3945497085926509	-0.0062897792699529	0.0001725691931337	3.956132326472924e-05	2.9780126418850685e-08	0.0096318293515937	5.416053674000415e-07	2.93336373996534e-13	9.277213665822191e-05	-0.0001887198516492	-1.4832402841800007e-05	3.5615182406496065e-08	2.200001740614369e-10	0.0	0.0	0.0	0.0	0.0	0.0	0.0	0.0	0.0	0.0	0.0	0.0	0.0	0.0	0.0	0.0	0.0	0.0	0.0	0.0	0.0	0.0	0.0	0.0	0.0	0.0
5667.933734904485	5.95460233441554	32125472.82326831	35.457288961027	4313.197740398469	16.047426817846826	18603674.74777846	257.51990747414953	3944.49793470228	-0.2586248614334181	0.0668868189514547	15559063.956870552	3967.598231883058	6559.732048800247	0.8493319999999999	26.164957	0.1222188993616755	0.0702386228448628	0.0563628498	-0.0087780941	-0.0268425045	-0.012921777	-0.0883092386	0.0092533158	0.0277387644	0.0645142067	0.0324388832	-0.0362166398	-0.0249368601	0.0341940537	0.0016564523	0.1161210925	-0.0557679117	-0.0212403333	0.0537357991	-0.0387279274	-0.022017764	0.0770744485	0.0075581749	0.0557631234	-0.039251908	-0.0139251113	0.0430256626	0.0217349986	0.0680966475	0.034453108	0.0135873353	0.0164730762	-0.0057538711	0.0089141486	-0.042348291	0.0190838358	0.0139142056	0.0989817477	0.0997458541	0.0084710365	0.0814533438	-0.0465065454	-0.0306674847	-0.0704731744	-0.0777400772	0.0689336012	-0.0544098869	-0.1155422133	-0.0808166486	0.0247876654	0.0446072028	0.0016072284	-0.100705788	0.0469249886	-0.0005196315	-0.0149606776	-0.0731501109	-0.0561575182	0.0502368413	-0.0323889092	-0.0027539703	-0.0427124057	0.0921864614	0.0189191336	-0.0470743152	0.0910224624	-0.0131768476	0.0060095551	-0.0438343521	-0.0225392109	0.0354102962	-0.0290283209	0.117755984	-0.0407853955	-0.0057293416	-0.0757607929	0.0020972979	-0.0456069804	-0.0722627426	0.0365678001	0.0303455684	-0.1489926011	-0.0386434355	0.0559124232	0.0505565206	-0.0653995869	-0.0537171433	-0.0572916107	0.0172979106	0.0050802768	-0.0267725866	-0.0235468633	-0.0124171446	-0.0778559557	0.0432164932	0.0427374985	-0.0368981541	0.0359980715	-0.0303249685	0.0368025663	-0.034016174	-0.1216209945	0.0209471895	0.0198458216	-0.0736342099	0.022420664	0.0404104585	0.0432865507	-0.0246084046	-0.0905470309	0.0176667269	0.1398700407	-0.0233088559	-0.0257853667	0.0115592459	-0.0722302245	0.0060686222	-0.0857464633	-0.0773693739	0.0163755743	-0.1164482473	0.0383275648	0.021412347	0.0059153214	0.0394731939	-0.0181773134	0.0590298202	-0.0369674835	-0.0023070419	0.0351841184	0.0030728545	-0.0733050539	0.0105057713	-0.0360644245	-0.0277253633	0.0809253942	0.0848627871	0.0913259007	0.0209593719	-0.0654742389	-0.0117832962	0.0221266438	0.0731016575	0.0563314279	-0.0036074622	-0.0386132768	-0.164890303	-0.0578407854	-0.0635485703	0.0179775222	0.0443360104	-0.0460842944	-0.0369873559	0.0131063542	0.0823932453	0.0306148448	-0.0202957667	0.0270728584	0.0548767167	0.0193006245	-0.004890059	-0.0144062584	0.0029982706	-0.0571218467	0.0139675435	0.0073551929	0.0267899613	0.0244841862	-0.0861688387	0.0827942428	-0.045992028	-0.0607242596	-0.0183913846	0.0840972192	-0.0884847944	0.0283549738	0.0566368519384212	-0.0044289888417808	0.0032077329974946	1.961594216061889e-05	0.1355895439057945	-0.0340134221082878	0.0011569128835165	0.0183845244165813	-0.5752201727242721	0.0529117470128568	0.0027996529719525	0.3308782471089413	-0.0065523497099292	-0.0002625704399763	4.293328672120928e-05	6.894323594934795e-08	0.0093741823938353	-0.0002576469577584	6.638195484215909e-08	8.787529555289171e-05	-0.0002857972818895	-9.707743024029998e-05	8.168008633542631e-08	9.424027462060308e-09	0.0	0.0	0.0	0.0	0.0	0.0	0.0	0.0	0.0	0.0	0.0	0.0	0.0	0.0	0.0	0.0	0.0	0.0	0.0	0.0	0.0	0.0	0.0	0.0	0.0	0.0
5671.847682645415	3.913947740929871	32169856.135130167	15.318986918730038	4290.29341343471	-22.90432696375956	18406617.57336125	524.6081936628032	3940.02554938239	-4.472385319889781	20.002230449565623	15523801.329786006	3957.281207578756	6639.254206806421	0.978212	30.135279	0.1545373528326426	0.0772923753331442	0.0645528185	0.0535701977	-0.0063388048	0.0210302612	-0.1636706982	0.0334137002	-0.0450209765	0.1286030002	-0.0111512882	-0.0719343317	-0.0880808809	-0.0277620339	0.0478850724	0.093172552	-0.0926586271	-0.0244254241	0.0814922821	-0.1048407028	-0.074390879	0.002782645	-0.0038467691	-0.0279903789	-0.1006490997	-0.0518261083	-0.1377262318	0.0620512866	0.0658863092	0.0338867169	0.0598277274	0.0215727747	0.0168608098	-0.0281423756	0.0347512563	0.190937633	0.0535366789	-0.1086896187	-0.0423902964	0.0206848179	-0.0472952154	0.0277782474	-0.0147208446	-0.056133946	-0.0170229571	-0.0213118676	-0.0208564291	-0.0122645016	0.0355184463	-0.1022691253	-0.1225365688	-0.0726638872	0.0183931978	-0.0978810716	0.1203276146	0.0187190713	0.0016345071	-0.0325875355	0.0572194903	0.0134854654	0.0135392332	0.1400485064	0.0885494166	-0.033036496	-0.0303123568	-0.0222488508	0.0518942311	0.0492221586	0.0603072992	0.0573711602	0.0379510448	-0.0407481323	-0.039391976	0.0203857107	-0.061550119	0.1360402356	0.079838092	0.0054165696	-0.0392968778	0.1520546056	0.0068094418	-0.0446642855	-0.0388891841	-0.0082863684	-0.0392266261	-0.0209688128	-0.0933831981	-0.0011512623	0.1176298005	-0.1023180296	-0.0594653713	0.0417920341	-0.0465156136	-0.057660836	0.0958316512	-0.0215798324	-0.0644720668	0.0042889264	0.1152729411	0.0422864974	0.0346636386	-0.0775757768	0.0493625049	-0.0801204712	-0.0486558846	-0.0257518016	-0.075998807	-0.1277825771	-0.0037197964	0.0910394003	-0.0160294267	0.0223956579	-0.0076033414	-0.0345355964	0.0150182317	-0.0052575413	-0.0720723445	-0.0377972746	-0.0661954482	0.0493708487	0.0332816747	0.0667058438	0.0152069529	-0.0972355149	-0.065963924	0.0079251573	0.0840907759	0.0511357943	-0.0342684452	-0.0553500134	0.0707739521	0.0378664078	0.0498577324	0.0634124122	-0.026742635	-0.0251748845	-0.0765002409	-0.1244827407	0.0523296199	0.0558323293	0.0331778156	0.0656999399	0.1085280625	-0.0019812459	0.0326941235	-0.0294880177	0.0927244603	-0.076252182	-0.1047425592	-0.0248720799	0.0451735736	-0.0805080309	0.0855596856	0.043895157	0.0195270565	0.0714291974	0.059336734	-0.0430854195	0.0293704045	0.0440739992	-0.0176297095	0.0158128337	0.0503184685	0.0270290873	-0.0012965581	-0.0391738996	0.0852811088	0.0089843687	-0.0037235975	-0.0974002642	-0.0319399383	-0.0617765075	-0.0156936827	0.0820666583	-0.0904091936	0.0348221695	0.0497709972190989	-0.0068658547193222	0.0024771521641835	4.713996102684022e-05	0.1333918646179626	-0.0021976792878319	4.82979425216535e-06	0.0177933895462568	-0.5162814927699486	0.0589386799543234	0.0034737679947581	0.2665465797767665	-0.0056901949200087	0.0008621547899205	3.237831822769282e-05	7.433108817828616e-07	0.0088840817622877	-0.0004901006315475	2.401986290433556e-07	7.892690875901293e-05	-0.0006642446378447	-0.0003784473559552	4.412209389054367e-07	1.432224012294819e-07	0.0	0.0	0.0	0.0	0.0	0.0	0.0	0.0	0.0	0.0	0.0	0.0	0.0	0.0	0.0	0.0	0.0	0.0	0.0	0.0	0.0	0.0	0.0	0.0	0.0	0.0
5676.445952598798	4.598269953382442	32222038.652775276	21.14408656417976	4283.939702054097	-6.353711380612367	18352139.37083535	40.36964830812311	3943.227843578442	3.202294196051753	10.254688118066742	15549045.82637229	3963.703367923417	6753.233225451208	1.244748	38.346336	0.1810857080923588	0.1394720548175992	0.063892176	0.1751788718	-0.0317453829	-0.0990885236	-0.0877277293	-0.009246307	0.0493625693	0.0639831364	-0.0469313803	-0.1053190707	0.0393818043	-0.036145924	0.0721648347	0.0971255745	-0.05954248	-0.0484587692	0.0709381843	-0.108633815	-0.1136642849	-0.0144438736	0.0282022167	-0.0050497138	-0.0630457903	-0.0562474625	0.0522607546	-0.0307553452	-0.0664950314	0.0352750499	0.1159811452	0.0153698408	-0.0009369356	0.0231261824	0.1140887505	-0.0685679582	0.0433747434	-0.1582630513	0.0981704997	-0.069183769	-0.1061196878	-0.1047563258	0.0733774572	0.072462063	0.0171698996	0.0859617869	-0.0202445855	0.0106452448	-0.0639466976	0.0058035243	0.0009076418	-0.1153426767	0.0079429868	-0.0516673908	-0.0606041037	0.0128209858	0.0262817482	0.0413662196	-0.0885960543	0.0418507531	0.0237835236	-0.0450006067	-0.0711583543	-0.0812546606	0.0879899374	-0.028883545	-0.0408508718	-0.0282079939	0.0448171002	-0.1527246574	0.0615151301	-0.0279738237	-0.1135238181	-0.0050272338	-0.0284657411	0.0082622752	-0.1070909458	0.0722884528	0.1720653661	-0.1008550037	-0.0073543533	0.0041020508	-0.0208728266	0.0160211678	0.0703319825	-0.0846579931	-0.0634845869	-0.089141058	0.0465086442	-0.0295216874	-0.0846162719	0.0254694264	-0.1729179016	-0.0348505225	-0.0034974355	0.0347745183	-0.0425221042	0.0893902231	0.0729426916	-0.0697847332	-0.00287565	0.0002067736	0.047440507	0.0521515335	-0.0384456748	-0.0016063432	0.0302020662	-0.0100369586	0.0784217893	0.0105856088	0.0028993998	-0.0948837983	0.0106719021	0.0598752663	-0.1158886132	0.071210227	-0.0064670942	0.0331828185	0.1218955384	-0.0046471888	0.1426609887	0.0319050693	0.115924805	-0.0370234844	0.1576394607	0.0488446104	0.0565932048	-0.0031649166	0.0822964482	0.0481426586	0.0423411743	0.010070753	-0.0378110299	-0.0134569676	-0.0574743014	0.0296410966	-0.005378544	-0.0181825995	-0.1547190493	0.0583856008	0.0198316353	-0.134597521	-0.0755113796	0.1374999251	0.0065795128	0.0583340747	0.0221234171	-0.0624392451	-0.1608512679	-0.0976639015	0.0131337143	0.0707637759	-0.0071216387	0.0209368279	0.0432347058	0.1757974049	0.1042009529	-0.0662339694	-0.1412632368	0.0906080391	0.0713001321	0.121223383	0.0117951205	-0.0466863487	-0.2229919952	0.096234827	-0.2864615167	-0.2719695587	0.0810670607	-0.142903395	0.1801457387	-0.0628160431	-0.0129830636	0.0798841288	-0.0920359983	0.0411102958	0.0533488818125391	0.0035778845934401	0.0028461031906482	1.2801258163976718e-05	0.1531297766246808	0.0197379120067182	0.0003895851703849	0.0234487284891246	-0.5057233500077132	0.0105581427622354	0.0001114743785877	0.2557561067430239	-0.0030830640181427	0.002607130901866	9.505283739966211e-06	6.7971315394646245e-06	0.0086320168575158	-0.0002520649047718	6.353671621766679e-08	7.451171502843696e-05	-0.0005792050698833	8.50395679614001e-05	3.354785129785184e-07	7.231728119061585e-09	0.0	0.0	0.0	0.0	0.0	0.0	0.0	0.0	0.0	0.0	0.0	0.0	0.0	0.0	0.0	0.0	0.0	0.0	0.0	0.0	0.0	0.0	0.0	0.0	0.0	0.0
5677.085788757428	0.6398361586307146	32229303.052911557	0.409390309891309	4275.312640080687	-8.627061973410491	18278298.170433693	74.42619829306531	3943.369247782939	0.1414042044971211	0.0199951490494636	15550161.024360182	3964.737880095842	6758.619787900093	1.198653	36.926323	0.2951708394481119	0.1695143349869744	0.0331914493	0.0617944144	-0.0375734699	-0.019918313	-0.0462974427	0.0080587414	0.1028123666	0.0237094729	-0.0649436371	-0.0355955899	-0.0791459804	0.0110853127	-0.0590583833	0.0847494583	-0.0605789115	-0.0799128171	0.0782574006	-0.0085109366	-0.0285763463	0.0327010678	0.0506607584	-0.0810501224	0.0458660203	-0.0899773164	0.0397782871	-0.0418910706	0.0239077154	0.0150647722	0.1017587245	0.0280427761	-0.083431661	0.02615983	0.1048471734	-0.0251013096	-0.0259392057	-0.0151327803	0.0290175909	-0.0690026864	-0.0537782778	-0.1496107608	0.0761802061	-0.0849081375	-0.0974734657	-0.0436591787	-0.1176103049	0.0269676631	0.0163699685	-0.0362813954	0.0273692778	0.0204871335	-0.0260511226	-0.0085188558	0.0257986388	-0.0218585655	0.0656657411	-0.0251680039	-0.1105459349	0.0718058436	0.0543448492	-0.0441767411	-0.0185780756	0.0347594566	-0.0479579564	-0.0252615294	0.0444122185	0.0375124659	0.0202826531	0.0742604464	-0.068152672	-0.0241023299	0.0287013196	-0.0973760097	0.0300757815	-0.074627325	0.0431864264	-0.0374951805	0.1071310385	0.0024392812	-0.0015187917	0.0268490863	-0.072475294	-0.0410310628	0.0036209225	0.026541301	-0.0570181261	-0.1143030206	-0.0176223966	-0.0275303764	-0.0213548556	0.0837488862	0.0258604896	-0.0431905744	0.0353949593	-0.0407327268	-0.0818766886	0.058038808	0.023872553	-0.1297335075	-0.0221258698	-0.0759928663	-0.0322658465	0.0733574055	0.0285875694	0.0368304297	-0.0495919564	0.0499051651	0.0011192291	-0.0004232489	-0.1077714173	0.0187845061	-0.0664009533	0.1348260297	-0.0094182462	0.0746028624	-0.0050501464	-0.0534878479	-0.0496323281	0.0093764082	0.0029457793	-0.0633770235	0.0970928843	-0.1197521019	-0.0399102735	-0.0832194546	0.0066100854	0.0458940416	0.0336929693	0.0538515185	0.0367385957	-0.0374783508	-0.0653134801	-0.0717854928	-0.0694861506	-0.0990719448	0.0582450901	0.0651412031	-0.080005549	0.0439611183	-0.1037714547	-0.0252247352	-0.0150561508	-0.0232541099	-0.0364543982	0.0074529339	0.0040698918	-0.0471189035	-0.0849404829	-0.0255876808	0.0152834899	-0.021581965	-0.0775933414	-0.055454013	-0.001070113	0.122169828	0.0858577084	0.0900202428	-0.0792396209	0.0535808007	0.0603937362	-0.0232180115	0.0342642716	-0.1034290135	-0.1252294721	0.0480042555	-0.3068203751	-0.2000814758	0.0708321519	0.0352773772	0.1248580443	-0.0638426524	-0.0102617584	0.0775536723	-0.0933598536	0.0471870168	0.0554391019998519	0.0020902201873128	0.0030734940305499	4.369020431449961e-06	0.1343813897628081	-0.0187483868618726	0.0003515020099224	0.0180583579145837	-0.5926010439361846	-0.0868776939284714	0.0075477337023291	0.3511759972742558	-0.0059301104948545	-0.0028470464767118	3.516621048118348e-05	8.105673640557074e-06	0.0093930183084174	0.0007610014509015	5.7912320827434e-07	8.822879294226448e-05	-0.0004381622280876	0.0001410428417956	1.9198613812269e-07	1.9893083221806845e-08	0.0	0.0	0.0	0.0	0.0	0.0	0.0	0.0	0.0	0.0	0.0	0.0	0.0	0.0	0.0	0.0	0.0	0.0	0.0	0.0	0.0	0.0	0.0	0.0	0.0	0.0
5670.375753722322	-6.710035035106557	32153161.18840199	45.02457017235746	4285.872611838705	10.559971758018037	18368704.044909123	111.51300353013856	3946.209200307485	2.839952524545879	8.065330341674512	15572567.05259144	3967.7430315741394	6716.980659478263	1.158157	35.678783	0.2207259247201698	0.1335734816368888	0.0068381889	-0.0319281725	0.0161026072	0.0705229489	-0.059466629	0.0129506662	-0.0579446546	0.0489509637	-0.0480123215	-0.0398443586	-0.0888139782	-0.0207257558	-0.0364698163	0.0048386025	-0.0344964096	-0.0336569206	0.0281776751	0.0042692757	0.0234545339	-0.0097587322	-0.0380759283	-0.0392908459	-0.0191710722	-0.119656035	-0.1081439948	-0.1285144231	0.0264699517	0.0564428105	0.0473016858	0.0196323077	-0.1084408417	0.0433423694	-0.0205199004	0.0267728409	-0.0229883047	-0.0508234082	-0.0608312262	-0.0434863417	-0.0060998252	-0.0412300676	0.0282176466	0.0197992953	0.011100333	0.0857518662	-0.053926026	-0.0376633805	-0.0039160434	0.047883286	0.0342512126	-0.03198099	-0.0099431355	0.02164249	-0.0655781926	-0.0643860205	0.0890084513	-0.132020424	-0.0080958223	-0.0079336708	-0.0746451932	-0.0165916894	0.0383910026	0.0693178951	-0.0318534385	-0.0090345917	-0.0148665641	0.000190242	0.0265007232	-0.0439828428	0.0390304519	0.0424047794	0.0537594051	0.0096793453	-0.0935396525	-0.0356214248	-0.00229414	-0.017438743	0.068568978	0.0041920784	0.0020633757	-0.0461088012	0.0338179919	-0.1015831024	-0.114936673	0.0013148872	-0.0317784267	0.0274043918	0.0566407471	-0.0897283802	0.0250380506	0.0875014299	0.0446868059	-0.0088995258	0.0135429085	-0.0390017396	-0.0714976881	0.0574019644	-0.0176416983	0.0154946813	-0.1077656434	-0.0614175417	-0.0373481704	0.0707884929	0.0211148576	-0.0173756713	-0.0402958665	0.1257329179	0.0470414024	0.061667485	0.0033501466	0.126931181	0.0409211216	0.0490424421	-0.0402145586	0.0454897747	0.0374798715	0.012679229	0.0370715659	-0.055293546	-0.0231115628	0.0176041703	0.0354938511	-0.0654798082	0.0280340176	-0.0146003494	-0.0059597671	-0.0199463993	-0.0075933576	-0.0613229759	-0.0257317194	-0.0258607019	0.0249589097	-0.0193427332	0.0282860293	-0.0705374448	0.06758949	0.0434091596	0.0305104208	-0.0060212266	-0.0355495741	-0.0372282467	-0.0016378071	-0.0070532043	0.0087316314	0.0068938456	-0.0322833692	-0.0195208653	-0.0072111192	0.0157262038	0.0138369773	-0.1076434032	0.0652170974	-0.0341705152	-0.0689321871	0.0544205498	0.0192056436	0.0815082336	0.006863409	0.0395325409	-0.0178456646	-0.0444338468	-0.0172472846	0.0258333611	-0.0306616809	0.0048395076	-0.0145268852	-0.0520413875	0.0255139493	-0.0047190522	-0.0699800483	-0.0648561241	-0.007532007	0.0750796043	-0.0943764019	0.0530210836	0.0514878505170059	-0.003951251482846	0.0026509987508615	1.561238828069273e-05	0.1437025981886961	0.0093212084258879	8.688492651884524e-05	0.0206504367261818	-0.7158158864178006	-0.1232148424816159	0.0151818974077694	0.5123923832481015	-0.0069834622599258	-0.0010533517650712	4.876874513580796e-05	1.1095499409788228e-06	0.0099435662142408	0.0005505479058233	3.031029966065304e-07	9.88745090569911e-05	-0.0003572894523859	8.087277570169998e-05	1.2765575278621634e-07	6.540405849697475e-09	0.0	0.0	0.0	0.0	0.0	0.0	0.0	0.0	0.0	0.0	0.0	0.0	0.0	0.0	0.0	0.0	0.0	0.0	0.0	0.0	0.0	0.0	0.0	0.0	0.0	0.0
5679.674925059553	9.2991713372312	32258707.25435024	86.47458755918231	4278.171442893964	-7.701168944740857	18302750.89479342	59.30800311544101	3949.980258525127	3.771058217641894	14.220880080844458	15602344.042738227	3968.218026217178	6724.042257970592	0.956065	29.453014	0.0866087081593097	0.0502718395084863	0.0254124265	0.0121017875	-0.0176263766	-0.0656938745	0.0075848688	-0.0003066642	-0.0518781826	0.0638058612	-0.0439681068	-0.0036833842	-0.0300186897	-0.1060700413	0.0134633105	0.0655498492	-0.0307971812	0.0282112005	0.0632928407	-0.051022967	-0.0011300851	-0.0887532678	-0.039385541	-0.0692846581	-0.0193847985	-0.0517944627	-0.0115299448	-0.091344451	-0.0561060725	0.0096318793	0.0840949794	0.0068494125	-0.0657058726	-0.051067086	0.0470898057	0.0830953711	-0.0347963825	-0.0071400727	0.0054290744	0.0929231703	0.0309494499	0.0364552375	-0.0208667187	0.0226500008	0.0445711977	0.0422894565	0.0268115153	-0.0367897845	0.0536894923	0.0102653693	0.0627570146	0.0119256457	0.0748958652	0.0051320887	-0.0344297267	-0.0203257503	0.0020931178	-0.0197570585	-0.0217618052	0.0188506834	-0.0064163919	0.0417418866	0.0740682427	0.0671210631	-0.04688495	0.0658392269	-0.0303773719	0.0223743824	0.0022591449	0.0124519875	-0.0678337472	0.0038098838	0.0471443447	-0.0180390546	0.0617990039	0.0562372227	-0.0340657758	0.0275534249	0.0451765648	-0.0101098043	0.0253428793	0.018910031	0.0082386718	0.0017542763	-0.1597641727	-0.0027422706	-0.0383533826	0.0062593031	0.0868545876	-0.0164696112	-0.0482424243	0.1084581827	-0.0242098288	0.0236606007	-0.0065043081	0.036224816	-0.0814396	0.0343301461	0.0893483417	-0.0208671831	-0.0372750787	-0.0318931932	-0.0456536535	0.0527638306	0.0563555721	-0.0231113342	-0.0382403004	0.0471535207	-0.0237196728	0.0330802344	0.0455260989	0.0386196691	0.0170282479	0.060214327	-0.0045065472	-0.0861890929	-0.0273466648	0.0739838034	0.0473056148	-0.0895993721	-0.0489108113	0.043116255	-0.0443531689	-0.0703762444	-0.0121892231	-0.0461636216	-0.0299467434	-0.0002859347	-0.0249129204	-0.0700342819	-0.0342992748	0.0620139893	-0.0180923061	0.030671588	0.0485568274	0.009284519	0.0727263903	-0.0284095965	0.0806011216	-0.0938093464	0.0005030797	-0.0304389241	-0.0265987782	-0.1537323899	0.0286328903	-0.1004686846	0.0214880985	-0.027861689	-0.0410108615	0.0053240318	-0.0008677462	0.03658316	0.0758133692	-0.023101059	-0.0576741866	0.049136346	0.0312913728	0.0911831767	-0.0149374755	-0.0601218716	0.0611165814	-0.0111274173	0.0310893127	0.0514574594	-0.0264381276	-0.060590391	-0.02392106	-0.0059599968	-0.0058854047	-0.0070725969	-0.0492080332	-0.0658562496	-0.0047960562	0.0724665061	-0.0950822971	0.0585824951	0.0527243689132177	0.0012365183962117	0.002779859077297	1.5289777441701982e-06	0.1523057390332525	0.0086031408445564	7.401403239127471e-05	0.0231970381424652	-0.698500542936074	0.0173153434817265	0.0002998211198901	0.4879030084819901	-0.0061421953990005	0.0008412668609253	3.772656431950291e-05	7.077299312911081e-07	0.0096451554348799	-0.0002984107793608	8.90489932387794e-08	9.302902336299328e-05	-0.0003078929839358	4.93964684501e-05	9.47980895568908e-08	2.4400110953417246e-09	0.0	0.0	0.0	0.0	0.0	0.0	0.0	0.0	0.0	0.0	0.0	0.0	0.0	0.0	0.0	0.0	0.0	0.0	0.0	0.0	0.0	0.0	0.0	0.0	0.0	0.0
5686.455901286825	6.780976227271822	32335780.717279755	45.98163859482559	4279.637252271594	1.4658093776297392	18315295.01103076	2.1485971315472834	3950.290014912373	0.3097563872461251	0.0959490194397714	15604791.201916397	3973.111465544612	6845.381775657302	1.109854	34.190716	0.193150144119561	0.1023658079846531	-0.0355896532	0.0563642979	-0.0307407589	0.0261265688	-0.0240182904	-0.0598814044	0.075320998	-0.0372035441	-0.0568423333	-0.0353445944	-0.0304434065	0.0237694463	-0.0451462365	0.0466057679	-0.0036257039	-0.0566736205	0.0474798937	0.0419054903	0.0744307965	-0.0003434517	0.0426389607	-0.015163458	-0.0570770153	-0.1212492196	0.024670773	-0.1254000463	-0.0962676529	0.0385729309	-0.0113955321	-0.0528065947	0.0567320152	-0.0393315376	-0.0128185619	0.0534994829	0.0288340794	-0.022886998	0.0510758577	0.0494101295	-0.0292416172	-0.0295442071	0.0870756314	0.0571642409	0.0353775153	-0.0745928039	0.0570109432	-0.00472896	0.0916506459	-0.0472814513	-0.0320200442	-0.0809224282	0.0532294449	0.0117238914	-0.0880061393	-0.0050883993	0.0416107424	-0.0481477956	-0.0664494206	-0.0008718572	-0.046347278	-0.0401141339	0.025130441	0.0206601265	0.0065642093	-0.0789221187	0.0592280672	-0.1183549128	-0.0194088937	-0.0828564159	-0.0279661913	-0.0495424525	-0.0215488109	0.0016910601	0.0980683958	0.0218654243	-0.1350090472	-0.0206574701	-0.1002027554	0.0231048666	0.030000466	-0.0104107635	0.0453737943	-0.0423485714	-0.0703748591	0.0792215597	0.0027760859	-0.0813010904	-0.0384148222	-0.0133638592	0.0240659261	0.0653304005	0.0363886178	-0.0354603756	0.0008916526	0.0294586667	-0.0392127632	0.1098593035	0.0324542297	-0.0369196738	-0.0618123071	0.1210065633	-0.0870054312	0.0250920251	0.0385714829	-0.0382406566	0.068622268	-0.0516042586	-0.0127929406	0.0183511536	0.0093047866	0.0297121137	-0.0797327826	-0.0393019016	-0.0803047195	0.0367957912	-0.1022637621	0.0918613146	0.002121535	-0.0971843134	0.0685516969	0.0039588157	0.0208638283	0.024480117	0.0557925018	0.0237912618	0.0114051517	0.0053900314	-0.0064946575	-0.0842990679	-0.0202857775	0.0174924358	-0.007602298	0.023722402	-0.0251087085	-0.02953817	0.0498552478	0.029763091	-0.0502130157	-0.1032305793	-0.0214700231	-0.0489994271	0.04512583	-0.0502660999	-0.001451719	0.026413172	0.0915099833	0.0164755202	-0.0192231199	-0.0214607621	-0.0466340349	-0.0113142368	-0.0620019389	-0.0261158443	-0.0201520075	0.0604610022	-0.0583487603	0.1155843068	0.0039450445	-0.0171413444	0.0204079379	0.0279909767	-0.0436704342	0.0196260269	-0.0195325321	0.0920552239	-0.041021677	0.1005391193	0.0682004928	-0.0080472159	-0.0667546412	-0.0668428233	-0.0020561578	0.0697192167	-0.0954752155	0.0638426524	0.0503635872596106	-0.002360781653607	0.0025364909216564	5.573290016007865e-06	0.2107586928147071	0.0584529537814546	0.0034167478057768	0.044419226596964	-0.7693695585408733	-0.0708690156047993	0.0050224173727932	0.5919295176093783	-0.0055813255298984	0.000560869869102	3.1151194670695654e-05	3.145750100666064e-07	0.0092779100607218	-0.0003672453741581	1.3486916484052342e-07	8.607961509484279e-05	-0.0006091256022696	-0.0003012326183338	3.71033999340303e-07	9.074109034823684e-08	0.0	0.0	0.0	0.0	0.0	0.0	0.0	0.0	0.0	0.0	0.0	0.0	0.0	0.0	0.0	0.0	0.0	0.0	0.0	0.0	0.0	0.0	0.0	0.0	0.0	0.0
5700.485667303606	14.02976601678074	32495536.843133837	196.83433448561573	4295.11723388386	15.479981612265874	18448032.05280614	239.6298307160896	3954.032964856947	3.7429499445738657	14.009674287585504	15634376.687175415	3972.750839873213	6910.8241641859695	1.061663	32.706139	0.2569947946122008	0.1489364781322984	-0.0651404711	0.0318333858	-0.0109291094	0.0607860411	-0.0592158918	-0.0978507687	-0.078560841	-0.0225489171	-0.0308528896	0.0307311424	-0.0255607018	0.0375326961	-0.0298223577	0.0118230005	0.0348202412	-0.012630701	-0.0450361789	0.0169014625	0.0622731903	-0.0641771291	-0.0068661327	0.0180388315	-0.0967862198	-0.017497133	-0.0423469585	-0.0897242498	-0.0968768216	-0.0861312728	0.0108596892	0.0310058617	-0.029536392	-0.0270308375	-0.0232190224	0.1324802981	-0.0340401627	-0.0782791394	-0.0293103487	0.0444917344	0.0304562747	0.0697773395	0.0322964738	0.0383618891	0.0771813587	-0.0340849507	0.0321403377	-0.0012692454	0.0096637918	-0.0088548219	0.0357387037	0.02361257	0.0482551039	0.0798309979	0.0514675815	-0.0826927819	0.05029245	-0.0171561504	0.0197037227	-0.1058891791	-0.0625829456	-0.0351609252	-0.0069179607	-0.0190655016	-0.070074645	-0.0878827986	-0.0609063766	-0.000665396	0.0416627798	-0.0185892846	-0.0147980146	-0.0325248274	-0.0484346701	-0.0074943304	0.0989447329	-0.0104727525	-0.0205507113	-0.053463705	-0.0048289871	-0.0142483626	0.0146612508	0.0085805635	-0.0076767251	-0.0154670864	0.1024040643	0.0426528601	0.0435036743	0.0540863811	-0.0031251454	-0.0603895073	0.0268636017	0.0280300119	-0.0195410033	-0.0503832588	-0.0405544544	0.0586227488	-0.0632032523	0.0734419961	0.0824028058	0.0048824587	-0.0971823136	0.1135719729	0.0673809946	0.0259964941	0.0400504868	-0.0041930142	-0.0056110004	-0.0277711784	0.0525638154	0.0776071354	0.1543994763	-0.0352166744	0.0030656276	-0.0848950385	-0.0932195052	-0.0107167954	-0.0252705548	0.1551968646	0.0637858264	-0.0399021473	-0.0278435735	-0.0157016237	-0.0394734873	-0.0026289059	-0.0523969569	-0.0955753453	-0.0295371277	-0.0080583665	-0.059413015	-0.0157506001	0.056082398	0.0128310692	0.0511911758	-0.0640923801	0.0233810383	0.0248576535	-0.1403486205	0.0801694079	0.0355494122	-0.0542696052	-0.0412501159	-0.0763348868	0.0380299163	0.0058656969	-0.0569755424	-0.0360155373	-0.0362992326	0.0470482467	0.0244958475	-0.0376752496	-0.0426549254	-0.1097958421	0.0509657345	0.0655216164	-0.0664154869	0.1013484135	0.0240437039	0.0833414385	0.0500723236	0.0313649453	-0.0518833204	-0.0504650786	-0.0410791571	0.1357312396	-0.0862401278	0.0394290491	0.0405547902	-0.0053760166	0.0838566313	0.0415322937	-0.0573244206	-0.067815642	0.000685433	0.0668428233	-0.0955538639	0.0687745056	0.0433931064780352	-0.0069704807815753	0.0018829616898141	4.858760232631194e-05	0.1225849968633951	-0.088173695951312	0.0077746006577144	0.0150270814559985	-0.8791250465758367	-0.1097554880349633	0.0120462671537929	0.772860847516967	-0.0048403199738675	0.0007410055560309	2.3428697449420672e-05	5.49089234068664e-07	0.009490883595383	0.0002129735346612	4.535772646608566e-08	9.007687142111014e-05	-0.0006970491084645	-8.792350619489997e-05	4.858774596111543e-07	7.730542941604612e-09	0.0	0.0	0.0	0.0	0.0	0.0	0.0	0.0	0.0	0.0	0.0	0.0	0.0	0.0	0.0	0.0	0.0	0.0	0.0	0.0	0.0	0.0	0.0	0.0	0.0	0.0
5693.233549847882	-7.252117455723237	32412908.25311352	52.59320759160568	4286.081528889212	-9.035704994647858	18370494.872285284	81.64396475030425	3951.755507251637	-2.277457605309792	5.186813143983411	15616371.589093642	3969.262860078709	6860.312682118795	1.233606	38.003082	0.210037824018545	0.1099323396809986	-0.0104858732	-0.0096704776	0.0070682382	-0.0626454559	0.0781977199	-0.017577553	-0.0664489742	0.0233990149	-0.0306883031	-9.20299e-05	0.0231536325	-0.1438003441	0.1364299384	-0.1283853165	0.0077209099	0.0318938541	0.0017896389	-0.0105301695	0.0357972569	-0.1135104119	-0.0178189028	-0.0091670378	0.068087049	-0.0105687861	-0.0216957456	-0.1011783034	-0.0178316589	-0.05935093	-0.0731451396	-0.0971434428	-0.0466176571	-0.0620533932	0.0881770727	0.0721675271	0.0568995982	0.0116278709	0.0439220249	0.1108806722	0.0489734401	0.0573536925	0.0447930087	-0.0893070181	-0.018725296	-0.0630675643	0.0071213678	0.0642339111	-0.0113916546	0.0033428493	0.038780795	0.0415280278	0.0459649232	0.016113327	-0.0063322003	0.0373021276	0.0919137887	0.1455457553	0.0852711972	0.152914643	0.0125923365	-0.00228176	0.0465801196	0.0018837557	0.0691613468	0.0152304573	-0.0428511936	0.0567026647	0.0120753463	0.0058101919	0.0786914399	-0.0401171205	0.0860445653	-0.061965677	-0.1452125522	0.0251077709	-0.0589498275	-0.0265809675	-0.032173321	0.0297351213	-0.0429429752	0.0056986312	-0.0419853725	0.0416799818	0.0609710128	-0.0839262615	-0.0073295214	0.0477614446	0.0417105903	0.0193048192	-0.0196119453	0.0602981031	0.0184901639	0.1851366363	-0.0069655342	0.0735459272	-0.0478542445	0.0347398663	0.0789224435	-0.136131861	-0.0752537996	0.0997173335	0.0482198368	-0.1278481484	-0.0359017493	-0.135734396	-0.0092274266	-0.0727680932	-0.0696140405	0.0971832697	-0.1195878108	-0.0079835063	0.0183574417	0.0099707138	0.1017208405	-0.1028437772	-0.050813696	0.0164842825	-0.0888019808	0.0185676455	-0.0707355236	-0.0933992842	-0.0203814539	0.0383048073	0.0037493054	-0.1369278385	-0.0268472375	0.0672960486	0.065242804	0.0094534989	0.0317394461	0.0381792135	0.0449428981	0.048872631	-0.0237216284	0.0485113208	0.0116692062	-0.0953099827	0.054961396	-0.0393217114	0.0709063244	0.034842992	-0.1060475191	0.0879897916	0.0211496753	-0.0947932029	0.0078684083	0.0102047421	0.00827107	-0.0034290958	-0.0370864684	0.0657961984	0.0792907648	0.0173154186	-0.0894109452	-0.048404252	-0.0001303632	0.1393092375	0.0043363054	-0.1377252817	0.0800488487	-0.0608177778	-0.0098105821	0.0895083953	-0.0684590815	-0.0305398227	-0.046037318	0.021312735	0.0034529625	-0.0128570671	0.0072960447	-0.0687745056	0.0034264595	0.0638426524	-0.0953179834	0.0733526932	0.0467599337401765	0.0033668272621412	0.0021864914033856	1.1335525813097863e-05	0.1760547648357544	0.0534697679723593	0.0028590160870179	0.0309952802213727	-0.8276652442128523	0.0514598023629844	0.0026481112592374	0.6850297564779204	-0.0063167235232932	-0.0014764035494257	3.9900996069725664e-05	2.179767440756807e-06	0.0092045643952609	-0.000286319200122	8.197868435855892e-08	8.472400570650467e-05	-0.0004249433295911	0.0002721057788734	1.8057683336397026e-07	7.404155489629967e-08	0.0	0.0	0.0	0.0	0.0	0.0	0.0	0.0	0.0	0.0	0.0	0.0	0.0	0.0	0.0	0.0	0.0	0.0	0.0	0.0	0.0	0.0	0.0	0.0	0.0	0.0
5690.097322599129	-3.13622724875313	32377207.54064978	9.835921355821627	4300.937346768882	14.855817879670212	18498062.06083135	220.6953248739292	3950.141918516417	-1.613588735220219	2.603668606429586	15603621.176420558	3973.146516896289	6865.928769738616	0.907148	27.946049	0.0980568866224166	0.0545072400961626	-0.0257668136	0.0096102714	-0.0086187097	0.0049470808	0.0351326672	-0.0014646573	0.0458201118	-0.0377546793	0.0009386513	-0.0208784875	0.0513888278	-0.0128027085	-0.0456779017	-0.1461532213	0.0170742467	-0.0183296918	-0.0063076171	0.0214694351	0.0288309423	-0.0442667443	0.0390772688	0.0595123142	0.0595139303	0.0091987139	0.0649808296	-0.0555854548	-0.0150006943	0.0048769264	0.0566845349	-0.0607876891	0.0742585723	-0.0261933458	-0.0699508483	0.0351068048	0.0070102646	0.0627916178	0.0048337889	0.0719644391	-0.0141788908	-0.009750108	0.079767513	-0.0571084624	0.0146972962	-0.0588549595	0.0059314131	0.0110626223	0.0304262204	0.0163751134	-0.062424558	0.0687270357	0.0096292737	-0.0835245406	-0.0441125208	0.0383644537	-0.0403210421	0.0017175286	-0.0257160216	-0.0668208065	-0.0039630855	0.0353181424	-0.0997153036	-0.0401433613	0.0226592826	-0.1617774117	-0.0265213564	-0.0148759927	-0.0130760615	-0.060387619	-0.0117864037	-0.0231807128	-0.0309833692	0.0389245879	-0.0043861536	0.0248879225	0.0787767984	-0.0250891927	-0.041933449	0.0778705026	-0.0027901739	0.0284389904	0.0295769337	-0.0366508844	-0.0605035999	-0.0980802787	0.0161999448	-0.0399996118	-0.0413169475	0.0318053845	0.0098570287	-0.0338159876	0.0279768034	0.0800320237	-0.0357301913	0.0028784697	0.0387075386	0.0562342226	0.0184171823	-0.1037863286	0.0102792054	0.0250051355	-0.0524090373	-0.0275695219	0.0757763486	-0.022195676	0.0621064177	-0.0816686081	-0.0844622615	0.0084104059	0.0217977377	0.019366541	-0.0333202643	-0.0599250367	-0.0205376054	-0.001300255	-0.0865945073	-0.0163413692	-0.051286453	-0.0201757396	-0.009180567	-0.021045448	0.0351536229	0.0139556945	0.0185957608	0.069268647	-0.0874612755	0.050776531	0.0012179212	-0.034334569	0.0510445139	-0.0277308544	0.0109187126	-0.025050363	-0.0543613379	-0.0264894082	-0.0329631362	-0.0308044395	-3.76951e-05	0.029098812	-0.024465095	0.07411687	0.010610924	0.0406573391	-0.0580911812	0.052240217	0.0526630449	0.0170121602	-0.0040626594	-0.0087550766	-0.0384603214	0.001118423	-0.035991563	0.0096050317	-0.0430276471	-0.0674339934	-0.027377458	0.1131881603	0.0427216246	-0.0502114974	0.0029719191	-0.0418602479	-0.0784611636	0.0169964917	-0.0558623649	0.0120933772	-0.0554797536	0.0700441371	-0.0171432887	-0.0510019909	-0.0378417764	-0.0697192167	0.0061646659	0.0607242596	-0.0947683504	0.0775536723	0.0512655497117293	0.0045056159715528	0.0026281565872457	2.030057528311169e-05	0.2151193422199213	0.0390645773841668	0.0015260412062035	0.0462763313971316	-0.7946898966952602	0.032975347517592	0.0010873735439059	0.6315320319095235	-0.0064656488449554	-0.0001489253216621	4.1804614986273096e-05	2.2178751432189664e-08	0.0090083161569964	-0.0001962482382644	3.8513371021919854e-08	8.11497599844024e-05	-0.0003398899745357	8.505335505540004e-05	1.1552519478987879e-07	7.234073206179943e-09	0.0	0.0	0.0	0.0	0.0	0.0	0.0	0.0	0.0	0.0	0.0	0.0	0.0	0.0	0.0	0.0	0.0	0.0	0.0	0.0	0.0	0.0	0.0	0.0	0.0	0.0
5683.909190409991	-6.188132189137832	32306823.684827164	38.29297999024378	4276.763472045613	-24.173874723269364	18290705.795823645	584.3762191363214	3948.7334888685073	-1.4084296479095428	1.9836740731105988	15592496.166111654	3970.459258702372	6816.916059673864	0.845148	26.036043	0.2059091611116968	0.1251468965424734	-0.0298806176	-0.0295236704	0.0333848195	-0.0189228547	0.078156917	-0.0113428616	-0.0500990345	-0.0113378638	-0.0526513816	0.0032127992	0.0136319899	-0.0288238869	0.0184145786	-0.0839435612	0.0009699674	-0.0079826121	-0.0422412044	0.0065192638	0.0330917418	-0.0780057226	-0.0044291166	0.0192956152	0.0537790851	-0.0215544607	0.0124802325	-0.0285935673	0.032039185	0.0038734084	-0.032135816	-0.0257068207	-0.0372657783	0.068285504	0.123900448	0.0272088436	0.0410723427	0.0544629592	-0.0044931778	0.0134263974	-0.0073988863	0.0375549065	0.0411973615	-0.0218313416	-0.123606037	0.0014742874	-0.0053811209	0.0560288039	0.0440119379	0.0121783479	0.0339018341	0.0401759862	0.0803528511	0.0395128309	-0.020833387	0.0344397241	0.000127403	-0.0032353933	-0.0255675489	-0.0702658671	-0.0207791638	0.0215996269	0.0227115464	-0.0133523039	-0.0388849682	-0.0622541115	0.0212858207	0.103783547	-0.0667735239	-0.0427126017	0.0466658773	-0.0216512889	0.0480530365	0.0066982342	-0.067368286	0.0614772165	0.1013731626	-0.080874456	-0.0304203583	-0.071234503	0.0181091405	-0.0854591754	-0.0828283809	0.001393669	0.0568510082	-0.0978358639	0.0063059644	0.0427631143	-0.0148074102	-0.0251408699	0.0062843475	0.0215944279	0.0178022901	0.0768995159	-0.0588764956	0.0179726171	-0.0251431337	0.0122621508	0.0202563324	-0.0489210343	-0.0322693161	0.0274737181	0.0051184954	-0.0181916328	-0.0281135193	-0.0765034271	-0.0040119128	-0.0074181422	-0.043782289	-0.0353845105	-0.0486911937	-0.0469986514	0.0253361973	0.0602322423	0.0985843628	0.0560465019	-0.0397093156	-0.0037350255	-0.0672906704	0.0707184973	0.0214787172	-0.0683363806	-0.0372074197	-0.0407906762	-0.0502213566	-0.0680464586	-0.0498817209	0.0377503425	-0.0081777541	-0.0295769227	-0.0324278198	-0.0195520066	-0.0302506375	0.0301988683	-0.0768828448	0.0217798083	0.0406312932	0.0244789298	0.0807849401	0.0025527956	-0.0656315484	0.0054525223	-0.0345255297	0.1055282613	-0.0426926047	0.0095323534	-0.1123026957	0.0276313435	0.0447841164	-0.0077838139	-0.0275537767	0.038913221	0.0703000169	0.0067920298	-0.0664910252	-0.05632312	-0.0042879234	0.0824699656	0.0091694128	-0.0999941249	0.0539728184	-0.059595334	0.0063331808	0.0545369736	-0.0752578701	0.0148764008	-0.0401881434	0.0330534009	-0.0241462388	-0.0080414154	0.0042226944	-0.070649581	0.0088977982	0.0574934194	-0.0939067741	0.08135584	0.0568822038166274	0.005616654104898	0.0032355851110363	3.154680333406863e-05	0.1512743595380499	-0.0638449826818713	0.0040761818136484	0.0228839318536471	-0.8895912872982876	-0.0949013906030273	0.0090062739383883	0.7913726584370245	-0.0064641445649072	1.5042800482001698e-06	4.178516495601929e-05	2.262858463413105e-12	0.0097556440145587	0.0007473278575622	5.584989266886569e-07	9.5172590138795e-05	-0.0004219805113632	-8.209053682750004e-05	1.780675519703478e-07	6.738856236627139e-09	0.0	0.0	0.0	0.0	0.0	0.0	0.0	0.0	0.0	0.0	0.0	0.0	0.0	0.0	0.0	0.0	0.0	0.0	0.0	0.0	0.0	0.0	0.0	0.0	0.0	0.0
5689.681831779724	5.77264136973281	32372479.34688428	33.32338838355069	4305.061984131431	28.2985120858184	18533558.68721365	800.8057862712102	3948.670479406409	-0.0630094620983072	0.003970192313918	15591998.55493564	3969.1883669014624	6782.723075712634	1.264424	38.952488	0.4478173942910337	0.2918299113522523	0.0463372652	0.0913841601	-0.0452488392	-0.0193074483	-0.0187887899	0.0562827516	0.1274333775	0.0253461203	0.0399377352	-0.0131080383	-0.0194185623	-0.1783671408	0.0261962467	-0.0952187775	-0.0465205524	-0.0323763457	0.098914794	0.0100417439	-0.0067204458	0.0390248497	-0.0055564678	0.043820889	0.0599702146	-0.0339282698	0.0147611219	-0.1227630813	-0.0361304356	0.0717407331	0.0665801572	0.0304557003	-0.0021481847	0.0380589218	-0.0698807443	-0.0899886965	0.1204013488	0.1220807808	0.0409304147	-0.0150876812	0.0668404703	0.0211687256	-0.0230668249	-0.0140429535	0.0439757557	0.0156880499	0.1296071658	0.0570687647	-0.1146247542	-0.0102717641	0.0203354477	0.0647894837	-0.0341363371	-0.011003979	0.0839879106	0.0768083722	-0.0047207246	0.0983994504	-0.0530783649	-0.06409408	0.0683268618	0.0833147478	0.0171695696	-0.1291662194	0.0456079211	0.0452287844	0.0873078335	-0.033982668	-0.0180584265	-0.0077261953	0.0173694821	0.0566213056	-0.0299699773	-0.061902336	0.0295648312	-0.0197404201	0.0171064349	0.0198028199	0.0510598688	-0.0173495224	0.1403699191	-0.0914555888	0.0064969625	0.0783395092	-0.0284012523	-0.0999466295	-0.0580739824	-0.1017683303	0.0491257119	0.0261565632	0.0046145375	-0.0168216282	0.0216474885	0.1301808924	0.1305480043	-0.0298784246	0.0999207993	0.1266577257	0.0036735139	-0.109606877	-0.0007047378	0.0180836922	-0.0858957269	0.0112654026	0.0357317498	0.0034663053	0.0121797963	-0.0320335431	-0.0881750895	-0.0491821298	0.0633394923	-0.025092514	0.0565246768	-0.0966539583	0.1177109078	0.0104595273	0.0449814476	-0.0684417419	-0.030634702	0.0687592996	-0.0762479164	-0.0086774636	-0.0399612825	0.0869363316	0.0172695234	0.0901315484	0.0374229653	0.055392764	-0.0941658457	-0.0351258899	-0.0876208933	0.075403518	-0.0090031727	0.0891261335	-0.0182568887	-0.0333162149	-0.0247943948	-0.0218191951	-0.0678789732	0.089735406	-0.0665362311	-0.0364523471	-0.0827851046	0.054089359	0.0053459211	0.0136083767	-0.0423232103	-0.0479293582	-0.1121755148	-0.0174132445	-0.0143574779	0.0290847028	-0.067105968	-0.0195280177	-0.0085745948	-0.0653293832	0.0358885717	0.050609122	-0.0299681524	0.0191833875	-0.0030515933	0.052702315	-0.0987043716	-0.0151611428	-0.0075940682	0.0024198864	-0.0366161505	0.0661121713	-0.0414904191	-0.0055848591	0.019042551	-0.0715654069	0.011623607	0.0541561147	-0.0927360906	0.0847396439	0.0506958368208216	-0.0061863669958057	0.0025700678709633	3.827113660679525e-05	0.2078732476404923	0.0565988881024424	0.0032034341344327	0.0432112870846054	-0.6090317718537221	0.2805595154445655	0.0787136417064893	0.3709196991272843	-0.0053913078801692	0.0010728366847379	2.9066200658774514e-05	1.1509785521196218e-06	0.0090521675536405	-0.0007034764609182	4.948791310659971e-07	8.194173741918182e-05	-0.0007351198406714	-0.0003131393293082	5.404011801487446e-07	9.805623955958933e-08	0.0	0.0	0.0	0.0	0.0	0.0	0.0	0.0	0.0	0.0	0.0	0.0	0.0	0.0	0.0	0.0	0.0	0.0	0.0	0.0	0.0	0.0	0.0	0.0	0.0	0.0
5684.831765753949	-4.85006602577505	32317312.204925165	23.523140454377383	4289.413638255635	-15.648345875795712	18399069.360053446	244.8707286485327	3952.915660763302	4.245181356893227	18.021564752913815	15625542.221107772	3976.1223727292777	6863.745926765834	1.198058	36.907993	0.3169594586038718	0.2097374848803222	-0.0119323375	0.0110087347	0.0078121219	0.0800714759	-0.0348503164	-0.010193492	-0.0463090524	-0.0076755704	0.0049628323	-0.0594348806	0.006858652	0.0875835947	-0.044403508	-0.1152205967	0.0186909273	0.0020663612	0.0018685839	-0.0125385171	0.0538181373	-0.0385765695	-0.0096450812	0.0168075907	-0.0083911485	0.0161420031	0.0065819141	-0.135093902	0.0404395611	-0.0446885945	-0.0335850377	-0.0995222517	0.0195673723	-0.002717589	-0.010021995	-0.0375336307	-0.0817530408	-0.0155747215	-0.0259100379	0.0306479589	-0.0550574769	0.0479986116	0.0210793432	0.065386768	-0.0222060334	0.0266949812	0.0380840501	0.0509898657	0.0008659926	0.0422243378	-0.0541666198	0.0529152573	0.0257717713	-0.0006070335	0.1033568827	-0.0134498966	-0.1047167579	-0.0185202301	-0.0679828765	0.0068520873	0.0503623132	-0.0145494417	-0.0327098325	0.0378632737	-0.1357553143	0.028480902	0.0177200513	-0.0512107199	-0.0462236515	-0.0972898507	0.0176027663	0.0701427374	-0.0876121184	0.0412710134	-0.0025123232	-0.0923952338	-0.0806842406	0.0672233995	0.0275055831	-0.0207933114	0.0095931765	-0.052458282	-0.025563655	0.044023652	0.0029152567	-0.0411754356	0.0187309697	0.0178705799	0.0169841696	-0.0263354602	0.0031170975	-0.0230573065	0.0669771893	0.0126949354	-0.0578459921	0.0169541283	-0.0181773448	-0.0296521123	-0.0139913736	-0.0398864125	-0.148672496	0.0276080206	0.0066945678	-0.0318243289	0.1478759812	-0.1265939219	0.006075173	-0.0122487272	0.0213210272	-0.0409971837	0.0180088233	-0.0663710279	0.0224023368	0.0053878422	0.0564789656	0.0456212143	-0.0401848315	0.0153509485	0.0665923671	0.1260382927	0.0310617459	0.0085808061	0.0319911242	0.0353101022	-0.0463138509	0.0327995878	-0.007994499	-0.0210231179	-0.065769972	0.0846696846	-0.0890109517	-0.0764876131	-0.1345192097	-0.0992468619	-0.0941233674	-0.0068296855	0.029489927	-0.0428271001	-0.0041537977	-0.0466476397	0.028328746	-0.0167670028	0.0332506869	-0.0551545308	-0.003772315	-0.0194446807	-0.0115021033	0.0032460776	-0.005677114	-0.0011585811	-0.0303916049	-0.1052149287	0.0559611293	0.0511258418	-0.0557662165	-0.0432055609	0.0331870465	0.0704728808	0.0004371963	0.0386711385	-0.0441855313	-0.0093798495	-0.1025439441	0.0569403297	-0.0103687852	-0.015709935	0.0365444699	-0.0644853629	0.0178987996	0.0054063067	0.0344201712	-0.0724665061	0.0143398485	0.0507185253	-0.0912601531	0.0876876832	0.0537990653086666	0.003103228487845	0.0028943394280861	9.630027047772766e-06	0.1468917117582862	-0.0609815358822061	0.0037187477185527	0.0215771749832794	-0.8013953883635878	-0.1923636165098656	0.0370037609567546	0.6422345684904257	-0.0058180873330939	-0.0004267794529246	3.385014021550769e-05	1.821407014387061e-07	0.0098309075603952	0.0007787400067547	6.064359981203117e-07	9.664674346103552e-05	-0.0007304177458717	4.702094799699974e-06	5.335100834842954e-07	2.210969550536554e-11	0.0	0.0	0.0	0.0	0.0	0.0	0.0	0.0	0.0	0.0	0.0	0.0	0.0	0.0	0.0	0.0	0.0	0.0	0.0	0.0	0.0	0.0	0.0	0.0	0.0	0.0
5661.247432645297	-23.58433310865257	32049722.49363296	556.2207681798859	4300.070513901722	10.65687564608652	18490606.42452702	113.56899853615197	3945.813123449377	-7.1025373139250405	50.44603629569753	15569441.20518533	3967.848803621052	6752.898267151988	1.172809	36.130135	0.0883524186876948	0.0451980806998878	0.0183599404	0.0107103108	-0.0050146228	-0.095407123	0.0467484606	0.0152227952	0.0119413614	-0.0004174299	0.0024917181	-0.1031372196	0.073508331	0.0201117695	0.0382953954	-0.0862719221	-0.0006259599	-0.0176518737	0.0052398069	-0.0254274662	-0.0003874744	-0.1088215271	-0.0230135823	0.0798350854	0.0808243041	0.0204765874	0.0537047176	-0.0618750402	0.0110547806	-0.025522778	-0.0101905133	-0.0688857551	-0.0118434145	0.0509185669	0.0004751514	-0.0634726468	-0.0568959237	0.0729640252	-0.0761703383	0.0268002475	-0.0621339219	0.0454081413	-0.0629754092	0.0820965492	0.0313171634	-0.096234441	0.1088946439	-0.0854373377	0.0365262759	-0.0322035499	-0.0029112244	-0.0378098662	-0.0140714828	0.0567520507	-0.033669633	-0.0328443529	-0.0491821976	0.0390539797	0.0244759589	0.1198521042	-0.0545252699	-0.0356903537	-0.013484391	-0.0086257357	0.016569045	-0.0024282275	0.0367170843	-0.0537036992	-0.0723733362	0.0524936341	-0.0316256489	-0.0556256816	-0.0258925949	-0.0075460926	0.1169132249	-0.0735968432	0.0221921931	-0.0070973131	0.0055044513	-0.0496101808	-0.0502703377	-0.0255510389	0.039749022	-0.0300426382	0.0550960458	-0.0695994436	0.0052112897	-0.0225562942	0.0205966816	-0.013360602	-0.0142788212	-0.0625046838	-0.0189545495	0.0941374084	-0.1034703933	0.0091200791	0.0090968496	-0.0272235534	-0.0392067103	-0.0539000282	0.0137828758	-0.0032236509	-0.0683123441	-0.0430853279	0.1543098904	-0.0738731203	0.0977161733	0.0404246009	-0.03337134	0.0033832117	-0.0063855419	-0.0380939983	-0.0252186724	0.0526116723	0.0298766667	0.0357403324	0.0107479911	-0.0111167359	-0.0043344842	0.0894251269	0.0353055469	-0.0261818001	-0.0371485121	0.0763790344	-0.008544006	-0.0171821808	0.0597004365	-0.0284062429	0.0282163849	-0.0627663365	0.0636614938	0.0569618116	-0.0012062318	0.1137436368	0.0218609755	-0.0685235666	0.0065781404	0.0586851348	-0.033685123	-0.109932464	-0.0570581682	0.0122069523	0.076101933	-0.0267351081	0.0070011901	0.0031674973	-0.0399256578	-0.0160557588	-0.0370607237	0.0040484785	-0.0123425984	0.0997633949	0.0429209206	0.0431527925	0.0112078814	-0.0878643552	0.0185962059	0.0914683174	-0.0250348312	-0.091967315	0.0716818354	0.0649265218	-0.0202467543	0.049216961	-0.0059590592	-0.0760160819	-0.0028834412	-0.0414420462	-0.0680574761	0.0131910843	0.0549227558	-0.0733526932	0.0170442873	0.0471870168	-0.0894838202	0.0901847978	0.0607542003896242	0.0069551350809576	0.0036910728649826	4.837390399436712e-05	0.1649603002319111	0.0180685884736249	0.0003264738894292	0.0272119006526022	-0.7702316368431354	0.0311637515204523	0.0009711794088284	0.5932567743940557	-0.0061292117589323	-0.0003111244258383	3.756723678583398e-05	9.67984083532738e-08	0.009836028253285	5.120692889800174e-06	2.6221495671650057e-11	9.674745179942078e-05	-0.0004033639923467	0.000327053753525	1.6270251032186865e-07	1.0696415769479148e-07	0.0	0.0	0.0	0.0	0.0	0.0	0.0	0.0	0.0	0.0	0.0	0.0	0.0	0.0	0.0	0.0	0.0	0.0	0.0	0.0	0.0	0.0	0.0	0.0	0.0	0.0
5662.478436375777	1.231003730480552	32063662.042420667	1.5153701844570353	4291.011117832443	-9.059396069278591	18412776.413361635	82.07265714006039	3949.032357309702	3.219233860324948	10.363466647462667	15594856.559079023	3971.567606866079	6687.993979008553	0.997078	30.716497	0.0828229247938433	0.0430866036371325	0.0121195422	0.0415357505	-0.0149208187	0.0341924436	0.0182328152	0.0300015218	0.0784333864	-0.0254916387	0.0097877273	-0.041667186	0.0163983226	0.003189401	-0.0043109668	-0.0259490763	-0.0012890384	-0.0555363293	0.0272219114	0.021292589	0.0646348325	-0.0165910612	0.0327594084	0.0148435588	0.0742888991	0.0119816777	0.0762100405	-0.0615205262	0.0169288405	0.0559358892	-0.0363080033	-0.0867417848	0.0222316529	0.0806795729	-0.0643749821	-0.0475519086	-0.0842519208	0.0346571255	0.0371707756	-0.0471377802	-0.0226282539	-0.0255059173	-0.0181622428	-0.107122701	0.0671486502	0.1222980166	0.0052371437	-0.0417801382	0.0003827836	-0.0597500616	-0.0259126539	0.0399828508	0.035732436	0.0231733691	0.0171264828	0.0228751998	-0.0478166449	-0.0209080487	-0.029492688	-0.0226352548	0.0768349684	0.0054361444	-0.0032852289	0.0625882016	-0.0383966712	-0.0762118162	0.0262484069	0.0295479652	-0.0979623857	-0.0385503524	0.0319815366	0.104574666	-0.0519199874	0.0414660249	0.0906024677	-0.0084571024	0.0571616305	0.0574211303	-0.0742252648	0.0482649761	-0.0392021399	0.0032533382	0.0067093113	-0.0281348837	0.0255658033	0.0685948112	0.0020471024	-0.0833497225	-0.0284912924	0.0011371339	0.0187589915	-0.033852407	0.0451429841	0.0374260874	-0.0477109338	0.0095038437	0.0509631649	0.0365975471	-0.03620345	-0.0581377147	-0.0369182894	-0.0400046078	-0.0931562176	-0.0107542419	0.0229501828	-0.0924394285	0.0122865598	-0.0054470771	0.0061515695	-0.1238938579	0.0586356098	0.0206569866	0.0499675776	0.011672128	0.0025083123	0.0081945924	0.1009344196	-0.0660380797	0.0510298724	-0.0327662286	0.0312507685	-0.0285531312	0.0830927075	-0.0421289984	-0.0478660706	0.0588926097	-0.0240468574	-0.0115064737	-0.0176539634	-0.0574625441	-0.0538932025	-0.1160716007	-0.0331188159	-0.0074652082	-0.039601414	-0.0020378695	-0.0636237042	0.0224091727	-0.096803522	0.0050334878	-0.0123957992	0.0482771743	0.018531204	-0.0636457497	-0.0605852106	0.0582187356	0.0297960889	-0.012843706	-0.0401125241	-0.0076354921	-0.030694517	-0.0017673803	-0.0857018364	-0.0124438637	0.012003701	-0.0652415705	-0.0156793171	0.0765782123	0.0076666183	0.0151330455	-0.0077102568	0.0779788269	-0.0797647546	-0.0444047526	0.0063399302	0.0325118959	-0.0056793054	0.0256677662	-0.0302647694	0.0642984221	0.0072647247	-0.0742237856	0.0197346973	0.0435681289	-0.0874129386	0.0922181468	0.0546707815679354	-0.0060834188216888	0.0029888943572489	3.700798456007756e-05	0.1633993706317937	-0.0015609296001174	2.4365012165227185e-06	0.0266993543228662	-0.7329081181412533	0.0373235187018821	0.0013930450482897	0.5371543096373533	-0.0058472184113381	0.0002819933475941	3.418996314989126e-05	7.952024808738299e-08	0.0096713044959417	-0.0001647237573433	2.7133916233294784e-08	9.353413065322212e-05	-0.0007137480408123	-0.0003103840484656	5.094362657633967e-07	9.633825754189592e-08	0.0	0.0	0.0	0.0	0.0	0.0	0.0	0.0	0.0	0.0	0.0	0.0	0.0	0.0	0.0	0.0	0.0	0.0	0.0	0.0	0.0	0.0	0.0	0.0	0.0	0.0
5670.474676347549	7.996239971771502	32154283.055098835	63.939853686156304	4298.107069600662	7.095951768218583	18473724.381751187	50.35253149688444	3948.553281447952	-0.4790758617500614	0.229513681311564	15591073.01643339	3971.9969268755135	6698.492379884819	0.823474	25.368364	0.1371099443536335	0.0749733406925336	-0.003268449	0.0216647605	0.0141349546	0.0854876777	-0.0246207098	0.0253734506	-0.0272804545	0.0012977708	0.0104865673	-0.0196701704	-0.0517149933	0.0276775528	-0.0375559978	-0.0366888519	0.0050237711	-0.0222101553	0.0007789955	-0.0101443482	0.065931664	-0.0304345711	0.0194764196	0.0249817862	0.0239885094	0.0380068649	-0.0321248146	-0.1095300619	-0.0023344754	0.0055267925	0.0076048212	-0.0816186001	0.0334931215	-0.0163036022	-0.0010325812	0.0481849786	-0.0181950665	0.0111170018	-0.0526643546	-0.0152774528	0.0107989318	0.1156895753	-0.0072239004	-0.0416925109	0.0088017496	-0.0362577336	0.0164625993	-0.0238905182	-0.0061065255	-0.0215060907	-0.0124113893	0.009073541	-0.1021410004	-0.0383916537	0.0214658369	0.010764903	-0.052387551	0.0577650255	0.0141215864	0.0334875529	0.0461680988	-0.1003608353	0.0049461463	-0.0046457975	-0.06245534	-0.0280473399	0.1200547904	0.0716756044	-0.0669005638	0.0271119189	0.060313956	-0.0265611441	0.0010520324	-0.0188313039	0.0158679649	0.0255452546	-0.0457864447	-0.0216126639	0.0077390234	0.0247311466	0.141906695	-0.0377724107	-0.0202098788	-0.0604166	-0.0766681961	0.0466901423	0.0096552455	-0.0023901368	0.0116530672	-0.0448122622	0.0014755281	-0.0340725094	0.0608054504	0.0037086481	-0.0333944274	-0.0105146713	-0.0027235007	-0.0064853487	0.0333269311	-0.009922938	-0.0735828263	0.0088027947	-0.0613245609	-0.0463061513	0.1048535572	-0.0571573471	-0.0195873056	-0.0362524619	-0.0050821931	-0.0363082264	0.0096960758	0.0139477675	0.0731919036	-0.0691403277	0.0086087815	-0.0241354264	0.009900303	-0.0155286005	-0.008861055	-0.0285131133	0.0458424332	-0.0353695548	0.0143879079	0.0777001812	-0.0511542632	-0.0110772448	-0.026969311	-0.0205602577	-0.0126816014	0.041889261	0.0625215894	0.046037928	-0.0244014507	-0.0159149138	-0.0535546038	0.0035931909	-0.0183731629	0.0769486242	0.0051377331	0.0159618054	-0.0267832446	0.0965019346	-0.0603011004	0.001017234	0.0009223452	-0.0394052213	-0.0156546183	0.0006366521	-0.0172058439	-0.0047905419	-0.0240008789	-0.0867439348	0.0053049717	0.0314504477	-0.015837878	-0.0505622446	0.0297320718	0.0414349516	-0.0051617831	0.0720792507	-0.07779129	0.0575241112	-0.1096191328	0.0312911724	0.003345422	-0.0202551195	0.01678531	-0.0357286959	-0.0473236915	0.0353110602	0.017641173	-0.0750796043	0.022408864	0.0398685628	-0.0850543252	0.0937772737	0.0585781346844243	0.0039073531164888	0.0034313978631065	1.5267408376935497e-05	0.1432462684033311	-0.0201531022284625	0.0004061475294308	0.0205194934114791	-0.7865364389652854	-0.053628320824032	0.0028759967944053	0.6186395698201921	-0.0055985574962624	0.0002486609150757	3.134384603895591e-05	6.183225068628473e-08	0.0104022176269344	0.0007309131309927	5.342340050575529e-07	0.0001082061315581	-0.0005048987231877	0.0002088493176246	2.549227206765697e-07	4.3618037472261065e-08	0.0	0.0	0.0	0.0	0.0	0.0	0.0	0.0	0.0	0.0	0.0	0.0	0.0	0.0	0.0	0.0	0.0	0.0	0.0	0.0	0.0	0.0	0.0	0.0	0.0	0.0
5688.679450539491	18.204774191942303	32361073.890990283	331.4138033796086	4319.908880515177	21.801810914515045	18661612.73595389	475.3189591522673	3959.052802470439	10.499521022486988	110.2399417016462	15674099.092749037	3983.614171109869	6797.121664048891	0.90512	27.883589	0.1266291790207415	0.0860829882869003	-0.0231513691	0.001249352	0.0179718342	-0.0096289866	0.042934579	-0.0183640271	-0.0387144855	-0.0170027604	0.0338995286	-0.0130792953	0.0095980267	0.0407746466	0.0268222629	-0.0728942795	0.0313427042	0.0119593113	-0.0238592777	0.006679131	0.0101852107	-0.0295337322	-0.0231735195	0.0217294289	0.0018297709	0.0588344696	0.0692109246	-0.057297013	-0.0334237439	-0.0950682558	0.0198645772	0.0299359148	-0.0134052738	-0.0655484692	0.003415808	-0.0394319621	-0.0176026584	-0.0286712705	0.0352972363	0.1421742206	-0.0206767271	-0.0141859798	0.0548037394	-0.0169243255	-0.0278425128	0.0648329215	-0.0258421192	0.1250466689	0.1895940757	0.0307180463	0.0683280614	-0.0267484719	0.0374227101	0.038347743	0.076072114	-0.0462222974	0.0308098103	-0.0263634659	0.0647525887	-0.0790923063	-0.0410504038	0.0361083858	-0.0238211484	-0.0446286936	0.0001323486	0.0881278731	-0.0192311516	-0.0204585224	-0.098420872	0.020014133	-0.0547955109	0.0266822292	-0.0138097279	0.0777767643	-0.0149106108	-0.0710089013	-0.0579018148	0.0701492946	-0.0124127408	-0.0366764246	0.0106785113	0.0599086274	0.0151834308	-0.0434864452	0.0641688454	0.0190807738	0.0329719615	0.028771727	0.0079720386	-0.0031774933	0.0068135606	-0.0345722742	-0.0024898658	0.0223094311	-0.0469129062	0.0189723988	-0.0100777979	-0.0367379126	-0.0152735107	-0.0443709029	-0.0401995125	0.0703490128	-0.0012902466	-0.0241463677	0.0469334207	0.0258890532	0.0473475629	0.0541020975	-0.0384829222	0.0649219953	0.0084224883	-0.0585911894	-0.0814793234	0.0192584533	0.1045079239	-0.0474117833	-0.0743352644	0.0142942944	0.0430763152	-0.0019175939	0.0206534765	0.0007498978	0.0730422148	-0.1008620011	0.0672942911	-0.0537643036	-0.1063637386	-0.0626548648	-0.0402390202	0.0481321207	-0.0765355159	0.073568195	-0.0339239479	-0.0915303996	0.0353227823	0.0787920418	-0.0521340717	0.0473749779	-0.0111763418	0.0160029922	0.0337771779	-0.0540057716	0.0360016558	0.0744621867	-0.0848043417	0.010408594	0.0366111016	0.0183280393	0.0179355886	-0.0098490353	-0.0338958046	0.0255163375	0.0465379434	0.0390858946	-0.0141404482	-0.0599233503	-0.0020085469	0.03944753	-0.0098460491	-0.0394656361	0.0119566095	0.083945402	-0.0293526775	0.0789980242	0.0130750874	-0.0309454814	0.011883606	-0.0579891292	-0.0289833653	0.028697969	0.0556118542	-0.0759199731	0.0250645864	0.0360951694	-0.0824157435	0.094854161	0.0584807366454498	-9.739803897449578e-05	0.0034199965585944	9.4863779960774e-09	0.161048397873742	0.0178021294704109	0.0003169158136812	0.0259365864576991	-0.8710584231495915	-0.0845219841843061	0.007143965810452	0.7587427765398528	-0.0058333607007614	-0.000234803204499	3.402809706518754e-05	5.5132544842999524e-08	0.0105231341204119	0.0001209164934774	1.4620798394894028e-08	0.0001107363517161	-0.0006333323717522	-0.0001284336485645	4.011098931092669e-07	1.6495202083589497e-08	0.0	0.0	0.0	0.0	0.0	0.0	0.0	0.0	0.0	0.0	0.0	0.0	0.0	0.0	0.0	0.0	0.0	0.0	0.0	0.0	0.0	0.0	0.0	0.0	0.0	0.0
5675.758008738129	-12.921441801361652	32214228.973755013	166.96365822597627	4355.89145404896	35.98257353378358	18973790.359456766	1294.7455981141425	3951.937889140361	-7.114913330077798	50.621991694518734	15617813.079623174	3979.543962765384	6766.138269678531	0.7607469999999998	23.43597	0.048168612662426	0.0223833913785629	-0.021995163	-0.0021494023	0.0109250237	-0.052944069	0.0533427681	-0.0343420456	0.019817833	-0.0535838836	0.090257195	-0.0062056564	0.0531590334	0.0954337829	-0.0003733604	-0.0673907442	0.0309368011	0.0048872077	-0.0322610327	0.020568779	-0.031452887	-0.0167601987	0.0098504793	0.0502276766	0.046901163	0.041070007	0.0390828375	-0.0123123557	0.0313083457	-0.0636577376	-0.0484095652	-0.0554037985	0.0181011368	0.0222962423	0.0936231508	-0.0033626837	0.1012151554	0.0159499134	0.0221176707	0.0070539516	0.0311169557	0.0118989506	-0.102721498	0.0191459284	-0.0401782528	0.0463711271	-0.0463338128	0.0442839221	0.0266099302	-0.004753482	0.0410674439	-0.0730319775	0.0330841087	0.0441778581	0.0091953004	-0.0731642706	-0.0300813391	-0.0461305643	0.0188758484	-0.0545865059	-0.1075300189	0.0465804745	-0.007846924	0.0940995441	0.0449132192	0.0117104672	0.0644694204	-0.0084303815	-0.0437129848	0.0437884748	-0.0235118775	0.0355070805	0.0037712826	-0.1229517774	0.0475291554	0.0582275154	0.0768709463	-0.0257259442	-0.025234878	0.0006197852	-0.0281115534	-0.0554043452	-0.0222628839	-0.0536948607	0.066988095	0.0188186118	0.0388127387	0.0002323592	-0.0316557055	0.0272245963	0.0253153449	-0.0798411378	-0.0242497803	0.029033031	-0.0629210546	-0.0249276943	0.0474528961	-0.0536402676	-0.0647830029	-0.0555962029	0.0373871017	0.0501216406	0.011118418	-0.0883873911	-0.0145029297	-0.0477238939	-0.0014124493	0.0890813638	-0.0399373028	0.0131567272	-0.0599739778	0.0048036871	-0.0372076647	0.0116853625	0.0763222768	-0.0259943607	0.0216712509	0.0423447494	-0.0446498658	0.0464029044	0.0705441908	0.0959232964	-0.0209040535	-0.0729752918	-0.0033271194	-0.0061387282	0.0180401131	0.012961142	0.0223094178	-0.0383068741	0.0070957036	0.0092282546	0.083817218	0.0242419186	0.0316432456	0.0694782519	0.0632399426	0.1252732131	0.0563208059	-0.0043598437	-0.0369335425	-0.0671654195	0.0220100221	-0.0952711836	-0.0206039384	0.0185639668	-0.046011556	0.0230824641	0.0220137909	-0.0105122853	-0.0267154406	0.0767791874	-0.0038720268	0.0305910986	0.0468729442	-0.0607057012	-0.0378915501	0.0279141693	-0.0002138597	-0.067612043	0.0165492772	0.0967590705	-0.0086447675	0.0288791634	0.0308583733	-0.0161963383	0.0099108988	-0.0183953614	-0.0674633947	0.0498594059	0.0517599133	-0.076744719	0.0276996788	0.0322549359	-0.0795058789	0.0954432708	0.0667690516731767	0.0082883150277269	0.0044581062613353	6.869616599884358e-05	0.1757807546562446	0.0147323567825025	0.0002170423363669	0.0308988737075188	-0.874246361418983	-0.0031879382693915	1.0162950409451292e-05	0.7643067004543311	-0.0060294030198378	-0.0001960423190763	3.635370077562918e-05	3.84325908688528e-08	0.0105681124811332	4.4978360721301125e-05	2.023052933175484e-09	0.0001116850014138	-0.0004351529998938	0.0001981793718584	1.893581333165735e-07	3.927506343018999e-08	0.0	0.0	0.0	0.0	0.0	0.0	0.0	0.0	0.0	0.0	0.0	0.0	0.0	0.0	0.0	0.0	0.0	0.0	0.0	0.0	0.0	0.0	0.0	0.0	0.0	0.0
5668.782331445797	-6.975677292331966	32135093.12131205	48.66007368675583	4322.481084390323	-33.41036965863714	18683842.724912144	1116.252800726781	3949.869979248047	-2.067909892314219	4.276251322731006	15601472.852964967	3977.34749058493	6739.11905002264	0.803239	24.744999	0.0431933957574587	0.0191745717831981	-0.025814949	0.0002003918	0.0154246907	0.0306421484	0.0046967573	-0.035561395	0.0162817138	-0.0497352509	0.0360268342	0.0143947345	-0.0084210885	0.063421975	0.0074158209	0.0167047913	0.0315848415	-0.0243444146	-0.0246184522	0.0258057325	-7.96615e-05	0.0493450859	0.0825366732	0.0575095127	0.011034671	0.0773082809	0.0385002681	0.019900662	0.0275328889	-0.038476288	-0.0673724187	-0.046572917	0.0348580105	-0.0138727403	0.0291525842	-0.0148810462	0.0079896809	-0.0483548791	0.0172212063	-0.0453423231	0.0106447743	0.0038159606	-0.0499205314	0.0658460884	0.0399688131	0.0490811697	-0.0907835274	-0.0448444479	0.0195891966	0.0202605623	0.0091615615	-0.0536036251	-0.0137060137	-0.0387243483	-0.0048001768	-0.0111105165	-0.0266226943	-0.0717455741	-0.0206798752	-0.1070789699	0.0121211039	0.0913399677	0.0013258323	-0.0045622954	-0.0452553005	-0.0997390804	-0.0478274525	-0.050323523	-0.0998423467	-0.0261490968	-0.0056111602	-0.000680832	0.0428590797	-0.0007317806	0.0462042043	0.0175763963	0.0815298101	-0.0064827722	-0.0410953818	0.0079839761	-0.0228195688	0.0009311905	0.0714209908	-0.0120833106	0.0173088568	0.0025369635	0.0426712769	-0.0166352934	-0.0522247111	0.0071556311	0.0260169376	-0.0702594826	-0.0068153928	-0.0604783439	-0.0365356666	-0.032011252	0.0927321234	-0.0282213555	-0.0558724633	0.0071622256	-0.0009652926	-0.0012929672	0.0269237161	-0.0744640144	-0.0144416763	0.0077924364	0.0093013604	-0.0052733439	0.0144667745	-0.0548861475	0.0083357058	0.0250059402	-0.0225199201	0.0482111089	-0.0239880826	-0.0637527167	0.0383916932	0.0298855621	0.0629299984	-0.0525311785	0.0916581352	0.1180849998	-0.0123749414	-0.0399913268	-0.0294187582	0.0242607029	0.036428751	-0.0195013908	-0.0099797208	-0.0358089851	-0.0153770169	-0.0479656173	0.0231320544	0.0210392668	-0.0387642081	0.003021562	-0.049983092	0.0064333997	0.013135137	-0.0078639714	-0.0318022693	-0.0044343894	-0.0132632594	0.019174673	-0.0781634104	0.0935344652	-0.016459698	0.0221776954	0.0199979558	-0.0027118567	-0.0267148698	-0.0185947966	-0.060833852	0.0122577481	0.0670898659	-0.0098808892	-0.0700535809	0.0172437887	0.0379474724	0.0335880757	-0.0315312122	0.090303519	-0.0539271697	-0.0603221148	0.0408860013	0.0508523864	0.0006004211	-0.0080460343	-0.0546308403	0.1066563638	-0.0322519989	-0.0775536723	0.030311972	0.0283549738	-0.0763343096	0.0955415737	0.0727669542566076	0.0059979025834309	0.0052950296317832	3.5974835400327065e-05	0.1780141083423956	0.0022333536861509	4.987868687444218e-06	0.0316890227689381	-0.8613814433876712	0.0128649180313118	0.0001655061159523	0.7419779910126278	-0.0062025257005583	-0.0001731226807205	3.847132506608623e-05	2.997146257985229e-08	0.0106741665839404	0.0001060541028071	1.12474727222401e-08	0.0001139378322617	-0.0005979206454974	-0.0001627676456036	3.575090983120276e-07	2.649330645533915e-08	0.0	0.0	0.0	0.0	0.0	0.0	0.0	0.0	0.0	0.0	0.0	0.0	0.0	0.0	0.0	0.0	0.0	0.0	0.0	0.0	0.0	0.0	0.0	0.0	0.0	0.0
5665.265556368166	-3.516775077631792	32095233.824171502	12.367706946652094	4320.510625977706	-1.9704584126175175	18666812.069186267	3.882706355855148	3948.5737100797087	-1.2962691683383127	1.680313756784501	15591234.343932636	3975.723326126133	6678.4378490316	0.675681	20.815359	0.0686747171586083	0.0368920484081995	-0.0304785528	-0.0064465503	0.0312424779	0.0528894186	-0.0118673148	-0.0229647896	-0.031525674	-0.0320886324	0.0185811668	-0.0004570895	-0.0106995506	0.0737328275	-0.0143105484	0.0272693871	0.0348755829	-0.0337530858	-0.0396144465	0.0112298276	-0.0022655967	0.0032816165	0.0449207297	0.038094239	-0.0449883145	0.0503568868	0.0088626834	-0.0004500139	0.0516145028	-0.0361411644	0.0087499448	-0.0527397867	0.0359391427	-0.0094887197	0.0571601596	-0.0386449565	0.0699835319	-0.0209219905	0.0538741423	-0.0645132491	-0.0265537048	0.0442323152	0.0350371444	0.0942044716	0.0545227309	0.0952624209	-0.0185793058	-0.0633738655	0.0070074824	-0.019628484	-0.0080811603	-0.0139055322	-0.0213501958	0.0405228415	0.040170627	0.0296193465	-0.1595647613	-0.0004685376	0.0196713469	-0.0212222335	-0.0584325313	0.0377894047	0.0027512789	0.0535146111	-0.1013902196	0.0454010904	-0.002480208	-0.110374447	-0.0064255145	0.0611210614	0.024731047	-0.0227730373	0.0549820143	0.0052495472	-0.041092227	0.0557070393	0.0926838836	0.0056660182	0.0457717598	0.0334218826	-0.0816630822	-0.0277120146	0.0998161837	-0.0454176388	0.0452717218	0.0518381321	0.0460435243	0.0120601401	-0.0348212991	-0.0427582049	0.0224677547	-0.0517188009	-0.0154906775	-0.073123008	-0.0526142755	-0.0120504363	0.0541141879	-0.0478127577	-0.026095533	0.0354782975	0.011905804	-0.0355104278	0.0457747533	-0.0989751656	-0.0113302707	-0.027328635	0.0076832522	0.0228274631	-0.0416402092	-0.0751447571	0.023375942	0.0223878386	0.0693930597	0.0284968561	-0.0055099836	0.0079150261	0.0183761417	-0.0080534215	0.0647151309	0.0510639286	0.090202879	0.137792731	0.0172647707	-0.020828022	0.0252273854	-0.0727256725	0.0902925283	-0.0692527632	-0.069643406	-0.0201043829	0.0047651409	0.0172718475	-0.0427042481	-0.0561699424	0.0611783636	-0.0022224687	0.0181460278	-0.0403682151	0.0402854201	-0.0429749479	-0.0473308636	0.0043725439	0.069729954	-0.051134442	0.0146186697	0.1565344385	-0.024961579	0.0276161151	0.0342131699	-0.0041833826	-0.0171680975	-0.059949864	-0.0146416286	0.04667728	0.0709979211	0.0033683147	-0.0443567362	-0.0260851423	0.0133713484	0.0793220913	-0.0761901434	0.0527453452	-0.0477740658	-0.0398392516	0.0689057369	-0.0020746858	0.0586198808	-0.0687970264	-0.0125992061	0.1030088015	-0.0345589579	-0.0783466667	0.0328993162	0.0244025048	-0.0729114752	0.0951485642	0.0789581073786536	0.0061911531220459	0.0062343827208189	3.83303769806198e-05	0.1644076958698974	-0.0136064124724981	0.0001851344603717	0.0270298904612486	-0.8743364282341304	-0.0129549848464591	0.0001678316323719	0.7644641897372166	-0.0061252334206917	7.729227986660002e-05	3.751848445795855e-05	5.974096526976823e-09	0.0112504645887729	0.0005762980048325	3.321193903739203e-07	0.0001265729534632	-0.0005330675958444	6.485304965300005e-05	2.841610617393286e-07	4.20591804929449e-09	0.0	0.0	0.0	0.0	0.0	0.0	0.0	0.0	0.0	0.0	0.0	0.0	0.0	0.0	0.0	0.0	0.0	0.0	0.0	0.0	0.0	0.0	0.0	0.0	0.0	0.0
5672.321105553565	7.055549185399286	32175226.724508416	49.78077430758853	4303.953517511801	-16.557108465905003	18524015.880902205	274.1378407517431	3951.516713273332	2.943003193623099	8.661267797675759	15614484.335278474	3976.228944631363	6678.812470544169	0.749224	23.080984	0.0724584374207684	0.0363801371926372	-0.0318366163	-0.0055432757	0.0241696011	0.0022285596	-0.0024033729	-0.0566908408	-0.0658089377	-0.0060459984	-0.0179455232	0.0064280902	-0.0261834036	0.044633582	0.0604304292	0.0877153071	0.0316940644	-0.0103580402	-0.0434038685	0.0086986065	0.0108970513	-0.0473972904	-0.0299265957	-0.0027788092	-0.077552062	0.0337179317	0.0151580849	0.0106300194	0.0244587748	-0.0783714889	-0.0054815495	0.0240028306	-0.0150456617	0.0149512999	-0.0170860109	0.0070860745	0.0233813402	-0.0858747156	-0.0371185441	0.0185121743	0.0040255626	-0.0633827878	-0.0591550796	0.0083755575	-0.0078110872	-0.0104268294	0.0250255486	0.001257666	-0.0026267504	-0.0605165198	0.0275057014	-0.0290504746	-0.0130321463	0.0255577205	0.0683724508	0.0476195069	-0.0106869994	-0.0904177266	0.0792750035	-0.0281589399	-0.0026029355	-0.0670069886	-0.0164828433	0.0472451281	0.0094259374	0.0570157966	-0.0056883479	0.0225724343	0.0517530471	-0.0322605277	-0.0087484106	0.0594115564	0.0785050529	0.0275816394	-0.0101168179	-0.0603424756	0.0180125451	-0.0408211349	0.0344587951	0.0657295602	-0.1005141564	-0.0495006914	0.1026705028	0.0635655698	0.0005826257	0.0595213979	0.0398157618	0.054901974	0.001708748	-0.0565859704	0.0272355953	-0.0027099064	-0.0323464416	-0.0811893932	-0.0490250409	0.0623406552	-0.0185997377	-0.0429989037	-0.0054194866	0.071837934	0.0199710915	0.013202086	0.0131749292	-0.0870387191	-0.0219616135	0.0003887619	-0.0196851321	0.0096029812	0.0670623934	0.0606110365	0.0380830175	-0.0013571462	-0.0060300297	-0.0485839988	-0.0296898779	-0.0160000118	0.0714821863	-0.0259284929	-0.0289456768	0.0357104961	-0.0342008782	0.0217214468	0.0212844334	-0.0692185987	0.0153104098	-0.0162296098	0.0550679442	-0.0868210922	-0.061766782	0.0065784208	-0.0363718991	0.0666853768	-0.0506289693	-0.0823672543	-0.0004227757	0.0474040206	0.012025702	0.0126696475	-0.0086285545	-0.0160615318	0.0120611038	0.0630884732	-0.0205318171	-0.0680952171	-0.0100408552	0.0060452031	-0.0579788261	0.0319654814	0.036077393	-0.0043993115	-0.0249119108	-0.017781387	0.0559620765	0.0744271099	0.0622495396	0.0469497727	-0.0401965401	-0.0268066961	0.0320035051	-0.0007363273	-0.052598537	0.0371193311	-0.0253260272	0.0334557441	0.0157116162	-0.051487129	0.0781573088	-0.0592348347	-0.0366844865	0.053589244	-0.0618999467	-0.0791235388	0.0354595815	0.020404848	-0.0692486424	0.0942662634	0.0851084019905954	0.0061502946119418	0.0072434400893927	3.782612381368038e-05	0.1754909128007824	0.011083216930885	0.000122837697537	0.0307970604756518	-0.9006755142497269	-0.0263390860155965	0.0006937474521369	0.81121638196901	-0.0058735229296392	0.0002517104910525	3.4498271604997445e-05	6.335817130589086e-08	0.0110614982380723	-0.0001889663507006	3.570828169710252e-08	0.0001223567432708	-0.0003960276403506	0.0001370399554938	1.5683789192166417e-07	1.8779949401742688e-08	0.0	0.0	0.0	0.0	0.0	0.0	0.0	0.0	0.0	0.0	0.0	0.0	0.0	0.0	0.0	0.0	0.0	0.0	0.0	0.0	0.0	0.0	0.0	0.0	0.0	0.0
5674.75202158194	2.4309160283755773	32202810.50644832	5.909352737013291	4306.081640167594	2.128122655793049	18542339.091788437	4.528906038099662	3951.507932326858	-0.0087809464739621	7.71050209785875e-05	15614414.93924208	3976.956106771499	6773.835594128778	0.8888049999999998	27.380985	0.1663754925160318	0.0992850108277012	-0.0514375741	0.0139256395	0.0249307322	-0.0442183591	0.059670413	-0.0566247871	0.0137897544	-0.0637041403	-0.056317069	0.0255267566	0.0313923369	0.0354198695	0.0286281235	0.0492373611	0.0538420687	0.0036590833	-0.0726150139	0.0093546476	-0.0390407768	-0.040788144	0.0692886426	-0.0146310019	-0.013960659	0.0272085903	-0.0010879532	0.0869131678	-0.0060238953	-0.0033701635	-0.0119924605	0.0322322569	0.0699460302	-0.0362361544	-0.028402161	0.0257881659	-0.0301596152	-0.0335672869	-0.0244706904	-0.0276256115	-0.0180526182	-0.0398536728	-0.042296795	-0.0414108807	0.0020145219	0.0386322474	-0.028860034	-0.0054682378	-0.0647237787	-0.0409390163	0.0762136231	0.0512369199	-0.0586288555	0.0409457314	0.048845983	-0.0079531752	0.063813803	-0.0248015615	0.031150009	-0.0113129945	0.0309372144	0.0615643296	0.0105038661	-0.065330309	-0.0155437453	0.0536344815	-0.0359961015	0.0352301789	-0.0388737467	-0.0192914922	-0.1093068919	0.0162202771	-0.0422706749	0.0455691834	-0.0092970804	-0.012988532	0.0161704007	-0.0036839242	-0.0541399046	0.0073581216	0.0401466072	0.018486327	-0.0495791244	0.0125136061	0.045609874	-0.0031833852	0.0528916147	0.0201142748	-0.0726338182	0.0194274978	-0.0071222353	0.0364638437	-0.0622064827	-0.043419759	-0.0618331734	-0.011399402	0.0596188768	-0.0246137708	-0.0105856317	0.0228541365	0.0726285212	0.0230022956	-0.0206961527	-0.0342335458	-0.073983303	0.0438449213	0.016862727	-0.0054112358	0.0146946813	0.0642873923	-0.0411157324	-0.0265758305	0.0042380348	-0.009955737	-0.0440185329	-0.0202065423	0.0358416103	-0.0690025614	0.011749134	0.0077848513	-0.081517213	0.0317791671	-0.010992214	0.0083707623	-0.0169041945	0.0496958611	0.0241316806	-0.0424532251	-0.0964561763	0.0731451335	0.0648013344	0.0137089586	0.0309301492	-0.0227302263	0.0099906617	0.0759738196	-0.0160071833	0.0421871935	-0.031844437	-0.0245041828	-0.0064387081	-0.0436016742	-0.0091163241	0.0230074619	-0.0417807217	-0.0452453405	0.0154462868	0.0579062396	0.0557656858	-0.0371401525	-0.0235699797	0.1010185483	-0.0061911527	-0.0178207267	0.0292026387	0.082711542	-0.0538014241	-0.0764466507	0.0193702633	-0.0804108586	-0.0108600268	0.1001183048	0.0383290496	0.0024435764	0.0315421946	0.003405741	-0.0013440194	0.0050701491	-0.0132122701	-0.1131258307	-0.0777784632	-0.0798841288	0.0379906609	0.016369406	-0.065357868	0.0928992083	0.085362593321264	0.0002541913306686	0.0072867723385315	6.46132325870758e-08	0.2095016361176505	0.034010723316868	0.0011567293005365	0.0438909355359724	-0.968258325407092	-0.067582811157365	0.004567436363932	0.937524184720146	-0.0049782973870267	0.0008952255426124	2.478344487367687e-05	8.014287721458443e-07	0.0113445728774963	0.000283074639424	8.013125148502823e-08	0.0001286993337728	-0.0005082827925367	-0.0001122551521861	2.58351397188906e-07	1.2601219192324472e-08	0.0	0.0	0.0	0.0	0.0	0.0	0.0	0.0	0.0	0.0	0.0	0.0	0.0	0.0	0.0	0.0	0.0	0.0	0.0	0.0	0.0	0.0	0.0	0.0	0.0	0.0
5670.37103788438	-4.380983697560623	32153107.70727798	19.19301815829195	4296.263391856566	-9.818248311027672	18457879.132206887	96.39799989699776	3952.961372598184	1.4534402713261445	2.112488622312616	15625903.613253318	3977.944692660461	6717.54206868274	0.7738169999999999	23.838593	0.0201790909050924	0.0092691363407181	-0.052372613	0.0230456599	0.028005108	0.0115633898	0.0633486052	-0.0356210901	0.0195888265	-0.0692624068	-0.0463005617	0.0733372317	-0.0055874739	-0.0228508729	-0.0122590608	0.1050110482	0.0499908421	-0.0150979517	-0.0658086335	0.0184907597	-0.0400766081	0.0035523117	0.0757339317	-0.0263413364	-0.0567072809	-0.0386905353	0.0003500557	0.0672338855	-0.0347915603	-0.0098714599	-0.0167950684	0.047151987	0.0249141601	-0.0201333235	-0.0028580062	-0.0244027357	0.0133855073	-0.0883255206	0.0487624296	-0.0410111299	-0.0222774278	-0.0495369709	0.0477044866	0.0149004255	0.0343440447	-0.0419994662	-0.021781028	-0.0715944381	-0.0414418831	0.0169293099	0.0587768351	0.0321370164	-0.0342336081	-0.0844855271	0.0151800372	0.0478727518	0.0363950539	0.0845794874	-0.010615313	0.0275027663	-0.0184575243	0.0169198314	0.011547106	0.0627343274	-0.0103799236	0.0453175366	-0.0475258678	-0.0885498553	0.0001064089	-0.0149727531	0.029112944	0.0132013795	-0.067639287	0.0456444868	0.0757526579	0.0197472756	-0.0074493166	-0.0261216444	-0.0297489285	0.0040437842	-0.0491294179	0.0814543279	-0.0895885681	0.0604462585	0.0227327721	0.0553459398	0.0509713659	0.0017107676	-0.0786660977	0.0178288473	-0.0054215749	0.069083411	-0.0423720897	-0.0540818764	-0.0001725993	-0.0151893191	0.0815342104	0.0738067508	-0.0415456047	0.0082851054	0.0193594975	0.0291323989	0.0062921985	0.0335011764	-0.0746058772	0.0605309514	0.0275277483	-0.0298084538	0.0758875782	-0.0201835489	-0.0127433797	-0.0061944977	-0.0159788349	-0.0025817458	-0.0965792134	-0.0220924202	-0.0249190851	-0.022830828	0.0961812572	-0.0201451414	-0.0129371798	0.0182383411	-0.0186292885	0.0165099655	-0.0175104499	-0.0471224502	0.0502800495	-0.0509882722	0.0113356648	0.0218707096	0.0236955989	-0.0238425438	0.0514719021	-0.0453846487	-0.0161945323	-0.0427031324	0.0635529465	-0.0757222234	-0.016551106	-0.0202652006	0.0454590172	-0.0156226433	-0.0064543339	0.0623082168	0.0862485703	-0.0256976215	0.0571817296	0.058077802	0.0570992055	-0.0471774337	-0.0366211907	0.0565286637	-0.0648939248	-0.0650011211	-0.0146130579	0.0795917498	-0.0396059593	-0.0736905418	-0.0096295196	-0.0187745473	0.0030898926	0.0964152851	0.0366506073	-0.0624717576	0.0655166494	0.0509284003	-0.0279302539	0.0152233541	0.0469867212	0.008275255	-0.0702235618	-0.0806282803	0.0404904708	0.0123036518	-0.0612519591	0.0910544289	0.0855999911017448	0.0002373977804807	0.0073273584766187	5.6357706177206035e-08	0.2017077965615072	-0.0077938395561432	6.074393502690391e-05	0.0406860351936983	-0.9644955106215036	0.0037628147855883	1.4158775110642492e-05	0.930251590009035	-0.0048865870101864	9.171037684030034e-05	2.387873260812246e-05	8.410793220189897e-09	0.0113861391305638	4.156625306749907e-05	1.727753394071376e-09	0.0001296441643005	-0.0005427069382865	-3.4424145749800054e-05	2.9453082086430695e-07	1.1850218106034772e-09	0.0	0.0	0.0	0.0	0.0	0.0	0.0	0.0	0.0	0.0	0.0	0.0	0.0	0.0	0.0	0.0	0.0	0.0	0.0	0.0	0.0	0.0	0.0	0.0	0.0	0.0
5672.840336368701	2.469298484321371	32181117.48193176	6.097435004671819	4318.884421623284	22.621029766717584	18652762.647340287	511.71098770672296	3954.105322199641	1.143949601456825	1.3086206906732285	15634948.899047526	3978.704250617368	6704.560352868275	0.78257	24.10825	0.0958266857987801	0.0531408712559463	-0.0543180392	-0.0107701298	0.0667085098	0.0507310019	0.0637023666	0.0097215751	-0.0177270729	-0.0627055713	-0.0279960079	0.0929893615	-0.0291150904	0.0421386326	-0.0692245615	0.045702297	0.0438344096	0.0137302278	-0.0778475507	0.0477431874	0.0130559734	0.021776202	0.0659532754	-0.0391938799	-0.0373017631	-0.0136027357	-0.027460101	0.0828515854	0.0401220822	0.0346174555	-0.0976398944	0.0625011925	-0.0076033017	-0.0119418317	-0.0276984408	0.0842743935	-0.0330790705	-0.0227453405	0.0082465125	-0.0125946434	-0.0283981769	-0.0104121288	0.0279001105	-0.0302666517	0.0108052136	-0.1328436796	-0.0288185904	-0.0001545705	-0.0304975259	0.0819389663	0.0487065989	0.0826959864	-0.053847228	0.0648433247	-0.0189137813	0.0760071405	-0.0511117108	0.0919697185	-0.0702498144	-0.0178989031	0.0805037423	0.0283297852	0.0001668224	-0.0072531165	-0.0007013643	0.0837897799	-0.0373875115	0.0923654408	0.031545819	0.0016694759	0.0376171744	-0.0221468306	-0.0417507465	0.0398001384	-0.0386712119	-0.0846343351	-0.0621829873	-0.0326610216	0.0284036837	-0.0040272434	-0.1292690554	0.0992510318	0.0187282245	0.0031781611	-0.0354577811	0.061356392	0.0428752405	0.0438795444	-0.0741192045	0.0091366384	0.0118073194	0.0694375714	0.0485844409	-0.0493878569	-0.0014439201	-0.0336767617	0.0533759339	0.0036036958	-0.0062074594	0.1226309596	-0.028587822	-0.0391701849	0.0152848909	0.0117671055	-0.0869959756	0.0449232341	-0.012854357	0.0170850787	-0.0039353951	0.015975713	-0.0315724967	0.0033842463	-0.0465429914	0.0328590177	-0.0893682094	-0.0181841429	-0.0834736644	-0.0019342477	0.0342496281	0.0430390706	-0.1066188171	-0.0371490169	-0.0449363373	0.0656484683	-0.148595872	-0.0465389043	-0.0694550925	-0.0790141429	-0.044226608	0.0852244708	0.0538668385	0.0073219909	-0.0980561608	0.0113086143	-0.0460956028	0.0018018171	0.0307436181	-0.0371157826	-0.0303241739	0.0867820566	0.0079124042	-0.0387598955	-0.073979344	0.0173471857	-0.0019909668	0.026789808	-0.0027319005	0.0565511815	0.086430239	-0.0362259703	-0.020380228	-0.010944242	-0.0399498677	-0.0692803142	-0.0368307284	0.0384094011	-0.0351495988	-0.0813217992	0.0182585511	0.0586084435	-0.0662358017	-0.00183466	0.0382539024	-0.0603375707	0.042309058	0.0228038607	-0.0301569079	-0.0049332289	0.0635023874	-0.0059758445	-0.1043601716	-0.08135584	0.042956954	0.0082151139	-0.0569444308	0.0887414118	0.0823991391031881	-0.0032008519985567	0.0067896181249465	1.0245453516664424e-05	0.2020426665822299	0.0003348700207227	1.1213793077883241e-07	0.0408212391196581	-0.9835961566557644	-0.0191006460342607	0.0003648346789261	0.967461399387991	-0.0057212774206991	-0.0008346904105127	3.273301532460135e-05	6.967080814018599e-07	0.011885562825169	0.0004994236946052	2.494240267331084e-07	0.000141266603671	-0.0004130146884996	0.0001296922497869	1.7058113291642166e-07	1.6820079654787673e-08	0.0	0.0	0.0	0.0	0.0	0.0	0.0	0.0	0.0	0.0	0.0	0.0	0.0	0.0	0.0	0.0	0.0	0.0	0.0	0.0	0.0	0.0	0.0	0.0	0.0	0.0
5670.781333662434	-2.059002706267165	32157760.93421429	4.23949214441551	4286.971104999337	-31.91331662394714	18378121.255099237	1018.4597779403008	3953.3769375527872	-0.7283846468535558	0.5305441937719791	15629189.210374257	3974.954472592331	6725.528789701759	0.7303039999999998	22.49811	0.0813114163507738	0.0496335019398706	-0.0606614824	0.0076137204	0.0541546714	0.074703735	0.0739663829	0.0197409244	-0.0850063647	-0.0355623993	-0.0575903397	0.0800152752	-0.0123417713	-0.0558297066	-0.0229543103	0.0377520083	0.0550164401	0.0097051602	-0.0870743974	0.0052165652	0.0406311345	-0.0255850293	0.0389815973	-0.0240427097	-0.0057418124	-0.0026999991	-0.1074583364	0.053704288	0.0074611662	-0.0317925526	0.0037586858	0.0161726286	0.0062732543	0.0128633057	-0.0913068987	0.0444959405	-0.007509518	-0.0430888095	-0.0109630651	0.0501206101	-0.0047384721	-0.018285788	-0.0136131588	0.0149891143	-0.0752070632	0.0293276252	0.0321681025	0.0752702377	-0.0606004956	0.081475234	-0.0578949046	-0.0244760638	-0.0644392016	0.0235902022	-0.0559412184	0.0009515	0.0549576362	0.0010711024	-0.0549451347	-0.0130499913	0.1098673774	-0.0957456852	0.0275919944	-0.0142112697	0.036796785	0.0306809105	0.0001999869	0.0765280556	0.0490646925	0.0031529747	0.0080864192	-0.0056581556	-0.0868651518	0.1095737603	-0.0061596008	-0.0705685326	-0.038888928	0.0988159257	0.0088129756	0.0340772916	-0.061769875	-0.006248013	0.0304285007	0.0827767463	-0.0475394655	0.0096641785	0.0530845938	0.0776534578	-0.0374430624	-0.0244989888	-0.021936082	0.0598702014	0.0213845044	-0.004569559	-0.0140767776	-0.0152300103	0.0013482201	0.0236486805	0.0721926315	0.1029657113	0.0003002235	-0.0116193897	0.0487844903	-0.0417531795	-0.0428861709	0.0039908695	-0.013453532	0.0073669158	0.1098155953	0.0153628132	0.1096648789	0.0019064824	-0.0053889856	0.0085748074	-0.0427287823	-0.0417416917	-0.02165024	0.0014752044	-0.0087868899	-0.0520982178	-0.0521212157	-0.0506631073	-0.0308322301	-0.007262008	0.0102212966	-0.0076566512	-0.0786661357	0.070802878	-0.0068636595	0.1311215078	-0.1055889114	0.002151305	-0.0458520519	0.0086384683	-0.0229992077	-0.0104838409	-0.0145677067	-0.0023155556	0.0331534219	0.0410792792	0.1190368511	0.0844053488	-0.012086587	-0.0144256376	0.0881071836	-0.002961711	-0.0284217656	0.0620590318	0.0771463102	-0.0367241198	-0.038321601	-0.0362717537	0.0184111688	-0.0245307832	-0.080705431	0.028053934	0.0037996615	-0.0940403621	0.0020956538	0.0536078777	-0.0827453801	0.0032345048	-0.0138084902	0.0476742351	0.0107777665	-0.0046081878	-0.0044404026	-0.0291088608	0.0932258374	0.0096161307	-0.1239327891	-0.0820666583	0.0453880801	0.0041113636	-0.0524494619	0.0859720514	0.0904056643678501	0.008006525264662	0.0081731841497923	6.410444681367092e-05	0.1925691749228519	-0.009473491659378	8.974704422030501e-05	0.0370828871304679	-0.9861522946087432	-0.0025561379529788	6.5338412346587565e-06	0.9724963481620894	-0.0048202872870007	0.0009009901336984	2.3235169529220564e-05	8.117832210218614e-07	0.011649122472868	-0.000236440352301	5.590404019622105e-08	0.0001357020543878	-0.0003249399450239	8.80747434757e-05	1.0558596787213517e-07	7.75716043831036e-09	0.0	0.0	0.0	0.0	0.0	0.0	0.0	0.0	0.0	0.0	0.0	0.0	0.0	0.0	0.0	0.0	0.0	0.0	0.0	0.0	0.0	0.0	0.0	0.0	0.0	0.0
5675.398359733948	4.617026071514374	32210146.54167079	21.316929745043453	4287.1749319036335	0.203826904296875	18379868.896742925	0.0415454069152474	3952.7279751504434	-0.648962402343841	0.4211521996558893	15624058.445536925	3973.9606441092847	6745.863498156458	0.811878	25.01112	0.0888900334816811	0.0638774599608623	-0.0678964568	0.0009022234	0.0621493253	-0.005506526	0.1116248899	0.0070667635	-0.0413089288	-0.0614121502	-0.0476960038	0.1093471635	0.0379861838	-0.0447379101	-0.0290787403	-0.0321554836	0.0605688377	0.0191668546	-0.1107855742	0.005060877	-0.0210141065	-0.0269158259	0.0645191053	-0.0150313401	0.0406248223	0.0372049607	-0.0526638013	0.1141203006	-0.0519883661	-0.0043036282	-0.0494129909	0.0152856896	-0.0092615377	0.0085195185	0.0295203919	0.0001465451	-0.0359752946	0.0381439469	0.0651779003	0.0304150123	0.0310133681	0.0325932901	0.0279514373	0.018351331	-0.0415242707	0.0351668059	-0.0596181871	0.0330715686	-0.0327740331	0.0605494615	0.0245579623	0.0010902741	-0.0273491297	0.0315009266	-0.0331106415	0.0344967424	0.0764930585	-0.1081302715	-0.0327770702	0.0724305738	0.0221842281	-0.0457948817	-0.0331074526	-0.0222234818	-0.0105983391	-0.0106599663	0.02595399	0.0886101766	0.029563997	0.0323330458	-0.0551140653	0.0109117753	-0.0102247717	0.0486762261	-0.0317830441	-0.0032410589	-0.0079220481	0.0110856803	0.0563238232	-0.0486307211	0.0235055033	0.0751715406	-0.0002461056	0.0250261205	0.048965979	-0.0347291996	0.0573272353	0.0680416764	-0.0840733581	0.0220389131	-0.01836515	0.0163024304	-0.0256682612	0.0381333057	-0.0221952526	-0.0369534994	0.0285130924	-0.0007440449	0.0849298788	0.0680314314	0.0521721361	0.0136936283	0.0152275113	-0.0041521562	-0.095474602	0.0329016408	-0.041540772	0.0198456308	-0.0170453076	-0.0114895065	0.0086124714	-0.0014534981	-0.0167274629	0.0635758408	-0.0105367894	-0.0550855174	0.026993892	0.0210097685	-0.0624835142	-0.0465085739	-0.046612955	-0.0510468038	-0.0027270702	0.0146863022	0.1003445942	-0.0107931234	-0.0306051982	-0.0097520438	0.0377472664	0.0926631636	-0.068607226	-0.0147079199	-0.0383545573	-0.0173053614	-0.0095874515	0.0175289561	-0.0143052687	0.0018600378	0.0458843093	0.0374776502	0.0278569772	0.0177422303	0.0248732744	0.0644115674	-0.0559795976	-0.0851829077	-0.0051982845	0.0743581692	0.0949169415	-0.0580148351	-0.0249009603	0.0816339606	-0.0262369756	-0.0241042941	-0.0410113646	-0.0159968052	0.0093790641	-0.1161345857	-0.0034541503	-0.0578082338	-0.0245495137	0.0093721798	0.0499555123	0.023487782	0.035284484	0.0089410315	-0.0451990291	0.0310323686	0.0255526421	-0.0470938168	-0.0579152004	-0.0827605889	0.0477818483	0.0	-0.0477818483	0.0827605889	0.0933762349186508	0.0029705705508007	0.008719121247583	8.824289397284388e-06	0.189186248010543	-0.0033829269123088	1.1444194494023664e-05	0.0357914364363066	-1.0437479332821198	-0.0575956386733765	0.0033172575941941	1.0894097482306964	-0.0046021391487849	0.0002181481382157	2.1179684744778604e-05	4.7588610207019575e-08	0.0119116268705303	0.0002625043976623	6.890855879204739e-08	0.0001418868547027	-0.0003431053560497	-1.8165411025799984e-05	1.1772128534999141e-07	3.2998215773625563e-10	0.0	0.0	0.0	0.0	0.0	0.0	0.0	0.0	0.0	0.0	0.0	0.0	0.0	0.0	0.0	0.0	0.0	0.0	0.0	0.0	0.0	0.0	0.0	0.0	0.0	0.0
5683.665441523772	8.26708178982335	32304052.851171613	68.34464131962886	4290.713106320669	3.538174417035407	18410218.96075196	12.51867820536384	3956.08248330606	3.3545081556167133	11.252724966099043	15650588.614721045	3976.8987149609015	6749.423050098353	0.8133089999999998	25.055216	0.2320832722538997	0.1348369169808863	-0.0403416528	0.0032391487	0.0291070921	0.0281032991	0.0634792908	0.0051974319	-0.0002629233	-0.0324738739	-0.0187090902	0.0873899183	0.0212582747	-0.0599628307	-0.0232360496	-0.0284686031	0.0500762797	0.0050574183	-0.056824566	0.0341497604	0.0232096528	0.0232695417	0.0155033148	0.0214014949	0.0372613675	-0.0165237612	-0.0136571344	0.0306769882	-0.0228861346	-0.0297073068	-0.0639659122	-0.0154254881	-0.0482100226	0.0280007563	-0.025938733	-0.0135888576	0.0374708473	-0.0895706779	0.0153714201	0.0224761134	0.0048919571	-0.0898952036	0.0696336808	-0.0105748474	0.0064634491	-0.0142845708	0.0537833478	-0.0193390963	0.05583499	-0.0360235677	0.0476003622	0.0426042383	-0.0021393244	-0.1202993871	0.0266850288	0.0190025429	-0.0222492935	-0.0338596735	0.059043612	0.0261133774	0.0110831648	0.0294505139	-0.0231137795	-0.0262718663	-0.0423083119	0.013403422	0.034610431	-0.0466104508	0.0929437653	0.0945787328	-0.1554485762	0.0524760911	-0.006941249	0.0557948495	-0.0709272591	0.0148487243	0.0505627174	0.0579307701	0.0310710887	-0.0442096142	0.0051968418	-0.0014165196	0.0246890782	0.0335197133	0.0184633338	0.0334479292	0.0438687764	0.0181981493	-0.0549051657	0.0316305368	0.0019789617	-0.0005476292	0.0252530992	0.0278779199	0.029207504	-0.0163374062	0.0279497928	0.0622556435	0.035115612	0.0226911574	0.0757003514	0.0803827228	-0.0152645052	-0.0358088501	-0.0718204104	0.0062636629	-0.059396652	-0.0623037089	0.1080972382	0.0046962958	0.0105461869	0.0002658723	-0.0401520859	-0.0064112671	-0.008296097	-0.0535207635	0.0017846764	-0.0513746393	-0.0339929022	-0.0105116289	-0.0010179424	-0.0518228423	-0.011959783	-0.0448298573	0.0963423926	-0.0039007854	-0.0163919141	-0.0619822963	0.044998498	-0.0627452692	-0.0255599516	0.0222797039	-0.0526544116	-0.0758942646	0.0273158478	-0.0523585491	-0.0690683408	-0.0381461978	-0.0423236447	0.0292535841	-0.0910664765	0.0021055008	0.0494767952	-0.0424623707	-0.0241706938	0.0168618298	0.0805982534	0.0439781713	0.0516674262	-0.0232628969	-0.0355676412	0.018969581	-0.0605637572	-0.0406743435	-0.0271477097	-0.0310963639	-0.0314948595	-0.0442351145	-0.0080498171	0.0216634357	-0.0347823815	0.1045732575	-0.049462419	-0.0306972914	0.0330197801	0.0334908719	-0.0546511056	0.0282794978	0.0202479325	0.0178025789	-0.0161340474	-0.0834374889	0.0501362882	-0.0041113636	-0.042956954	0.0791235388	0.0720431940914494	-0.0213330408272014	0.0051902218148982	0.000455098630935	0.2125578669546683	0.0233716189441252	0.0005462325720693	0.0451808468043184	-0.9296009085539368	0.1141470247281829	0.0130295432542964	0.8641578491843048	-0.0053211923225125	-0.0007190531737275	2.8315087733165973e-05	5.17037466647734e-07	0.0113522582607035	-0.0005593686098268	3.128932416595682e-07	0.0001288737676177	-0.0005293153275831	-0.0001862099715334	2.801747160144045e-07	3.467415349846964e-08	0.0	0.0	0.0	0.0	0.0	0.0	0.0	0.0	0.0	0.0	0.0	0.0	0.0	0.0	0.0	0.0	0.0	0.0	0.0	0.0	0.0	0.0	0.0	0.0	0.0	0.0
5694.68087410139	11.015432577618412	32429390.25785617	121.339754872057	4315.23493146338	24.52182514271135	18621252.513721764	601.3199083297105	3959.270193794869	3.187710488808989	10.161498160462845	15675820.46747246	3982.404486534663	6922.571375021885	1.22456	37.724415	0.4034191433498582	0.2567205531081369	-0.118091464	0.0213464218	0.0491105461	0.011295408	0.0580746725	-0.0060104589	-0.0747288538	-0.0661396601	-0.0376608246	0.1309924624	0.0027072228	0.0623976137	-0.0853797467	-0.0261381847	0.1009380668	0.0382293267	-0.1447322912	0.0033853349	-0.0648919778	0.0128682894	0.0530334072	0.0116682204	0.0037772475	0.0030955457	-0.0702122558	0.0059984939	-0.1046292978	-0.0214217024	0.1072392593	0.0322706344	-0.0565188564	0.0461802123	0.0279924855	-0.02009494	-0.0330034652	0.0325387835	-0.0077979046	0.0024288167	0.0175383458	0.0242569896	0.0893325213	0.0099857775	0.0298462412	-0.0201860945	0.0522482778	0.0235201574	0.0131256084	0.0124148613	0.0063188858	0.0578647542	0.0742686899	0.0288358457	-0.0305536864	0.0621581791	0.002318643	-0.0100566086	0.004879645	0.0734591763	-0.0283103537	0.0162688406	0.0270269811	0.0007585213	-0.005100089	0.0603734502	-0.0264632671	0.0633109478	0.0773295364	0.0154668619	-0.0014177863	0.0288583777	-0.0063816159	0.0147168214	0.0187673048	0.0164870893	0.0667362489	0.1099430763	-0.0209693157	-0.0998422374	0.0965668145	0.051195337	0.0506961354	-0.0218934503	0.0838016296	0.0365769865	0.0895765941	0.1223109713	-0.0956038566	0.0157850624	-0.015244266	-0.0171840037	-0.0128173204	-0.0230866433	-0.0052883496	-0.1135592698	-0.0308815209	-0.0045843894	0.0992294721	0.0030164697	0.0170849504	0.0441075913	0.0173518958	0.0716577055	0.0288294684	0.0511089063	-0.0391878072	0.0253642467	-0.001971444	0.0125235813	0.0149533986	0.0350106302	0.0068957822	-0.0538061199	-0.0133473971	0.0551994825	-0.0128746004	0.0020833482	-0.009283978	0.036568456	-0.0208320613	-0.0915881639	0.0306516872	0.037878182	0.0949381979	-0.0485237612	-0.0182897722	-0.0264648982	-0.014202724	-0.0206195544	-0.056504866	0.0054572802	-0.0363715112	-0.0199598499	0.063673159	-0.0038123705	-0.0461399623	-0.0479839863	-0.0040449118	0.0627007048	-0.0302826921	-0.1278689965	-0.0056258952	-0.0003680618	0.0334483937	-0.0723264699	-0.0038743911	0.1097576293	0.1161209247	-0.1081190586	0.0065236995	0.0059799148	-0.0490241631	0.0494518128	-0.0740845479	0.0278961506	0.0723701063	-0.1654969016	0.0685705302	0.0029147548	-0.0645772342	-0.1705127029	-0.0399545112	0.0557629052	-0.0161158425	0.0083325642	-0.0194355907	0.0702403218	0.1570824787	-0.0904452993	-0.0766980584	-0.0840972192	0.0524494619	-0.0082151139	-0.0379906609	0.0750796043	0.1098530814106482	0.0378098873191988	0.0120676994954145	0.0014295875790905	0.2001368320929799	-0.0124210348616884	0.0001542821070352	0.0400547515602136	-1.1530819730848378	-0.223481064530901	0.0499437862038647	1.3295980366532227	-0.0035473163794987	0.0017738759430138	1.2583453496259764e-05	3.146635861203098e-06	0.0107273251153101	-0.0006249331453933	3.905414362112882e-07	0.0001150755041295	-0.0003339812832289	0.0001953340443542	1.1154349754722274e-07	3.8155388883768585e-08	0.0	0.0	0.0	0.0	0.0	0.0	0.0	0.0	0.0	0.0	0.0	0.0	0.0	0.0	0.0	0.0	0.0	0.0	0.0	0.0	0.0	0.0	0.0	0.0	0.0	0.0
5704.861328944871	10.18045484348113	32545442.782490645	103.6416608201584	4292.54217068317	-22.692760780209937	18425918.287093382	514.9613918278343	3959.569230363176	0.2990365683067466	0.0894228691846755	15678188.490038833	3976.614925510144	6934.755890070774	1.103975	34.009609	0.2509492231921543	0.1165446648616679	-0.1158810732	0.018106663	0.0493541855	-0.030728361	0.0256267907	-0.0896619957	-0.0288718781	-0.0902334492	-0.0413314306	0.1730499451	0.0190952112	0.0325610769	-0.01499159	0.0777012056	0.0814066037	0.0379881311	-0.1437286744	0.0469414576	-0.0351664178	0.0433846298	0.0830099725	-0.0050914854	-0.0945000526	-0.0049070143	-0.0376122026	0.002406469	-0.1271952996	0.0931378394	0.0423433153	0.0512435467	0.0032790761	0.0030341981	-0.0482199011	-0.0388769363	0.0080440438	-0.0227496112	-0.0507935342	0.0222303785	0.0158331741	-0.0463707308	0.0643388807	0.0209405839	0.0428314111	-0.1136188748	-0.0210397083	0.0423379481	-0.0254434514	-0.0627270323	0.0295055979	-0.0481342292	0.0603975658	0.041979223	-0.0190314729	0.0789259083	0.001779299	-0.0175386983	-0.0035881781	0.1201224406	0.0619187017	-0.0085368768	0.0021818796	0.019620299	0.1060056722	-0.0042329171	-0.0183210116	-0.0300667356	0.1127085453	0.0271611443	0.0247685474	0.1124325641	-0.0482600347	-0.0204296037	-0.0067864713	0.0251694151	-0.0999142137	-0.0073771401	0.0664742097	-0.0045726265	0.0290079112	0.038369081	0.0091749052	0.08136934	-0.0018733202	-0.0320953494	0.0736745072	0.0837933328	-0.1189658315	0.0509249349	-0.0016038107	0.0144607231	-0.0455205341	-0.081171566	0.0661357281	0.0050674757	0.0540427656	0.0744303981	0.14226298	0.0300991044	0.0165250655	0.0577104411	0.0072591764	0.0940862499	0.0228439998	0.083359915	0.0563372565	-0.0650481253	0.0830802491	-0.0071082615	0.0158308352	-0.016225033	-0.0107777841	-0.0044929481	-0.0775314615	0.1225222922	-0.0335874322	0.0458440191	-0.1000371772	-0.0571931904	-0.0384045528	-0.0679634904	0.0354348789	-0.000562693	-0.0020952799	0.055159825	0.0777278293	-0.1005674961	0.0195421363	-0.0261809747	-0.0725327366	-0.0129270386	0.0598788039	0.0441075374	0.0829382203	-0.0718259619	0.0200184779	-0.0332425606	-0.0519509132	0.0264045691	0.0614029617	-0.056083445	-0.1004411999	-0.0576465992	0.0240009745	-0.0725539917	0.0999969014	0.0978585614	0.1292376076	-0.0854579079	-0.0090613617	0.0619214592	-0.0765412228	0.0011081613	0.0274509458	0.0753595648	0.0046158662	-0.1517171954	-0.0111781588	-0.0557989299	0.0482320653	-0.1212591525	0.1266992676	-0.041854278	0.0095085575	0.0221218978	-0.0136995463	0.1266788626	0.0925827548	-0.1427650995	0.0279893324	-0.0847396439	0.0547194656	-0.0123036518	-0.0328993162	0.070649581	0.1295940101328199	0.0197409287221717	0.0167946074623054	0.0003897042668138	0.2181255052437478	0.0179886731507679	0.0003235923617251	0.0475787360378402	-1.1118271202802532	0.0412548528045846	0.0017019628799279	1.2361595453906806	-0.0050573862280352	-0.0015100698485365	2.5577155459520107e-05	2.280310947459048e-06	0.0121283919015693	0.0014010667862592	1.9629881395586864e-06	0.000147097890118	0.000194177452268	0.0005281587354969	3.770488296929142e-08	2.789516498816843e-07	0.0	0.0	0.0	0.0	0.0	0.0	0.0	0.0	0.0	0.0	0.0	0.0	0.0	0.0	0.0	0.0	0.0	0.0	0.0	0.0	0.0	0.0	0.0	0.0	0.0	0.0
5705.136280944496	0.2749519996250456	32548579.9841492	0.075598602097811	4306.965577637005	14.423406953834274	18549952.48695005	208.0346681559149	3957.416991065773	-2.152239297402957	4.632133993285574	15661149.241176076	3976.25884798783	6914.799129208479	1.059222	32.630943	0.2201951922489194	0.1324354817420934	-0.0679942712	-0.0344310053	0.067866284	0.0217574746	0.0034503051	-0.0570241074	-0.0353512626	-0.0541061183	-0.0573914305	0.1197376639	0.0473942877	-0.0037241442	-0.0479643607	0.0384064273	0.0427377711	0.0320851706	-0.0845673928	0.0304238659	-0.0049961245	0.0452816619	0.0408853754	-0.0470451615	-0.0388468486	-0.0139079325	-0.056854637	0.0908405024	-0.1604055474	-0.0510043603	0.0380179445	0.0460793168	0.054212259	-0.025890543	-0.0203868288	-0.0839881512	-0.015122386	0.0288778549	-0.0411572089	-0.0403407941	0.0058486675	0.0323114695	0.0324830439	0.0001877892	-0.0176985779	0.003083026	-0.0153305269	-0.0755959132	-0.0702570229	-0.0769083286	-0.090739191	0.0082459288	-0.012017698	-0.0204844157	-0.1181555034	-0.0164236738	-0.0068131934	0.0131149361	0.0124231146	0.0294818411	-0.0789328573	0.0112857321	-0.0661178652	0.0202348692	0.0126800977	0.0236216451	0.0017831297	0.0422241347	0.0500965492	0.0462078015	0.0146156268	0.0203601825	0.060362876	-0.1351013954	0.0012102037	-0.0111972156	-0.0296448785	0.0136925684	-0.0779316254	0.0362374439	-0.0934564183	-0.0814213723	0.0294795417	-0.0917209197	-0.0472731758	-0.000401913	0.0375702725	0.0685103226	-0.0816740148	0.0337305213	-0.014104484	0.0566108862	0.0225565077	-0.0214985802	0.0647220955	-0.0336220228	0.0194894921	0.0040505685	0.0892705001	-0.0091147543	0.1124764796	0.0285988833	0.0834698506	0.0674043745	0.0359128862	0.1367101702	0.0388358152	0.0810210046	0.077858293	-0.1143607611	-0.0116716353	0.1139071013	0.0330501031	0.0636604592	0.0067901439	0.0079948572	-0.0287325166	-0.0035263258	-0.0180593381	-0.0511726932	-0.0053895668	-0.0256613724	0.0361613816	0.0871776058	-0.0109461302	0.0516186567	-0.0180344792	0.098126089	0.0662053382	-0.0291402202	0.1069705267	0.0327117594	0.0325795588	0.0662899962	0.0753046617	-0.0478028636	0.0381874446	0.035762479	0.0967830176	-0.0252794343	-0.0487358897	-0.0213911247	0.0875401945	-0.1006719384	-0.0169398311	-0.0132010013	0.1502526332	0.0607087231	0.1176965411	-0.0316286057	-0.0168339097	-0.0437458578	-0.0369609796	-0.040847934	-0.0097115005	0.0387195981	-0.0099686221	-0.0852515465	0.0042969598	0.0660540136	-0.0002212018	-0.118304734	0.0660085354	-0.0759468997	-0.0301047503	0.0608543198	-0.0308258768	0.082534138	-0.0043373349	0.0344866218	0.015111655	-0.0853646308	0.0569444308	-0.016369406	-0.0276996788	0.0658562496	0.1275208431392087	-0.0020731669936112	0.0162615654349346	4.298021383398937e-06	0.1795155984749783	-0.0386099067687694	0.001490724900693	0.0322258500958296	-1.0322985275495995	0.0795285927306537	0.0063247970617181	1.065640249981071	-0.0064717488493164	-0.0014143626212811	4.188353316862814e-05	2.0004216244774268e-06	0.0115673269236151	-0.0005610649779542	3.147939094867473e-07	0.0001338030521577	0.0001699345363857	-2.4242915882300017e-05	2.8877746656622797e-08	5.877189704762743e-10	0.0	0.0	0.0	0.0	0.0	0.0	0.0	0.0	0.0	0.0	0.0	0.0	0.0	0.0	0.0	0.0	0.0	0.0	0.0	0.0	0.0	0.0	0.0	0.0	0.0	0.0
5693.647328874589	-11.4889520699071	32417619.905600745	131.99601966462262	4311.663134456519	4.69755681951483	18590438.98503142	22.067040072570283	3957.0242008023647	-0.3927902634081874	0.1542841910282733	15658040.525735592	3980.688393442829	6872.687826744001	0.856209	26.376793	0.0741519391257928	0.0395249237690377	-0.0643492728	-0.0452650611	0.0781956036	-0.0191010982	0.0717692934	-0.0392597455	-0.0682652244	-0.0421736651	-0.0405972447	0.0731356717	0.0270305055	-0.0342374208	-0.0315259413	-0.0870213139	0.0495507908	0.0306674844	-0.1043288659	0.0306290951	0.017841829	-0.0026131071	0.0089916931	-0.0276198105	0.0100921356	0.0400184007	-0.0515857533	0.0915618584	-0.0954979709	-0.0792970641	-0.0380734155	-0.0024530059	-0.0091661064	-0.0513577855	0.0091572454	-0.056171565	0.0162173803	0.0811981462	0.0285170268	-0.0219495051	0.0437650042	0.0127137789	-0.0369562945	-0.0752553959	0.0424535077	-0.0855522594	-0.0982624787	0.066938508	-0.0015875108	-0.0033719719	-0.0096917196	-0.0523910096	-0.0829341383	-0.0232434014	-0.077092024	-0.0433713776	-0.0033159011	-0.0571546249	0.0135955714	0.0169702586	-0.0575090094	0.0476614464	0.0303740606	0.0965913519	0.0381192996	-0.0047188242	-0.0292476728	0.0590326917	-0.0281620465	0.0558213521	0.0421558802	-0.121517846	0.0146896907	0.000391104	-0.0053264545	-0.0768312941	-0.0999755983	-0.0910125687	0.0005663542	0.0832148853	0.0481780213	0.0020530226	-0.0301594779	-0.0245923418	0.0390512007	-0.0028057149	0.0481706122	0.1075670066	-0.0536194638	-0.0010869515	-0.0108859295	0.0233993264	0.0399198571	0.0639211538	0.0012704726	-0.0305841628	0.0244100875	-0.0674983383	0.0259848812	0.0478790304	0.0653723726	0.0532310126	0.1495641474	-0.0022278161	0.0435968854	0.0843092752	-0.0197509896	0.0902360616	-0.109146791	0.0285553213	-0.0412019431	0.0832706478	-0.0606335846	0.0051121134	0.0305197866	-0.0573377777	0.0236742487	0.065771513	-0.0938171913	-0.0309224382	-0.0048689855	-0.0416332582	0.081351329	0.050169919	0.0235974283	-0.0290381802	-0.0438149133	0.0333229709	-0.0197572649	0.0080729169	0.1283988177	-0.0359730278	0.0390242664	0.0576420568	0.0557584794	0.0398872439	0.0972029956	-0.0145297065	-0.0488893047	0.0384586715	0.0602847191	0.0315971534	-0.0023617865	0.0722699908	-0.0374129656	-0.0093282629	-0.071632516	0.0672285582	0.115577432	-0.0288163281	-0.0185038748	0.0226403909	0.016321469	-0.0012557189	-0.0305440077	-0.0291568154	-0.0008753589	-0.0983091275	-0.0215689902	-0.0446356914	-0.0073575931	-0.1496775536	0.0663183337	0.022690103	-0.0137127083	-0.0552384921	-0.0127897952	0.0429494764	-0.0298427128	-0.0695249483	0.0475753014	-0.0859720514	0.0591225262	-0.020404848	-0.022408864	0.0607242596	0.1157988882548863	-0.0117219548843224	0.0134093825210676	0.00013740422631	0.210493834698255	0.0309782362232766	0.0009596511195051	0.0443076544459763	-1.0448033731996702	-0.0125048456500707	0.000156371164732	1.0916140886494092	-0.0062686222209575	0.0002031266283588	3.929562454908215e-05	4.1260427148454396e-08	0.0116361746814854	6.884775787029986e-05	4.740013763767435e-09	0.000135400561218	6.297087525243723e-05	-0.0001069636611332	3.965331130058012e-09	1.1441224803031468e-08	0.0	0.0	0.0	0.0	0.0	0.0	0.0	0.0	0.0	0.0	0.0	0.0	0.0	0.0	0.0	0.0	0.0	0.0	0.0	0.0	0.0	0.0	0.0	0.0	0.0	0.0
5686.907663164151	-6.739665710438203	32340918.769355144	45.423093888456485	4325.30549210631	13.642357649790938	18708267.60004501	186.1139222448093	3953.273601997994	-3.7505988043708394	14.066991391347964	15628372.172254194	3977.3784533614	6834.843309206121	0.772906	23.810526	0.1230590366482717	0.064357829419341	-0.0524013209	-0.0402532689	0.0600131574	-0.0442297189	0.066292025	-0.0482146218	-0.0074155515	-0.0528043446	0.0180107197	0.0403010133	0.0838108663	0.0341226794	-0.0230199682	-0.1243329512	0.0457135423	0.0050696029	-0.091600631	0.0407825398	-0.0237333121	-0.0073920333	-0.0114375743	0.0076168375	0.0444482678	0.0394965829	0.0363170579	0.1497986789	-0.0646301051	0.0060876158	-0.0556584439	-0.0002190276	0.0039937013	-0.0215926355	-0.0319587065	-0.0191764979	0.0242634978	0.0082022181	-0.0430947814	-0.048733944	-0.0116523841	-0.0033894385	0.0067882634	0.0775391234	-0.0122071086	-0.0059820819	-0.1058551374	0.043258261	0.0554363232	-0.0069933604	-0.1095362099	-0.076141849	-0.0320751913	-0.0585539346	0.0076060728	0.0477662305	-0.075020161	0.0285310878	-0.015904983	-0.0459568024	-0.0534512023	0.0130742944	0.1060095518	0.0137359032	0.0304882884	-0.0198001953	-0.024803309	0.0055847806	-0.1000361961	0.0302735755	-0.0153794951	-0.0301667201	0.0610243365	-0.0108844775	-0.0679391595	-0.0826777282	-0.0217648578	-0.0928013141	0.0144082764	0.0431902906	0.0365176214	-0.0238697922	-0.0156380205	0.0317915867	-0.0034682668	-0.0214600747	0.0494368	0.0495812508	-0.0867135777	0.0165675363	0.0102960066	-0.0508263397	-0.0037317621	0.0534206292	-0.0212259563	-0.024470392	0.1024370658	-0.0534483863	-0.0484367636	0.0173468865	0.1461148361	0.0342052787	0.0665201854	0.0190016652	0.0250764918	0.0535677242	-0.0270189653	-0.026356222	-0.0392945415	-0.0115586188	-0.0438553472	0.0086953604	-0.0558727969	0.0532755286	0.0340488245	0.0749277018	0.0105962234	-0.0401485221	-0.0522364026	-0.0279453221	0.0164334759	0.0899787016	0.0709300866	0.0227240705	-0.0978090761	0.0254097095	-0.039901363	-0.0334138825	0.0198240061	-0.0370207851	0.0520623295	0.0370609195	0.0166348132	0.0966425674	-0.0253136887	-0.0260794387	0.0112293119	-0.013526957	-0.003736431	-0.0540419673	0.0656190145	-0.0040021262	0.0439869953	0.0422475118	-0.0624434588	0.0230461982	-0.09719776	0.0524533553	0.0987845026	-0.0207996961	-0.0158234775	0.0700084329	-0.0399475789	-0.0078746931	0.0332260675	-0.0618594986	-0.0473565729	-0.0835243842	-0.0177531111	-0.0457404307	0.0232938455	-0.0317688815	0.053473324	-0.0535102342	0.0161904405	-0.0153778747	-0.0346896918	0.0537093567	-0.0795297545	-0.0539852224	0.0934642739	-0.0865617806	0.0612519591	-0.0244025048	-0.0170442873	0.0552800014	0.1195912490304493	0.003792360775563	0.0143020668446629	1.4382000252028884e-05	0.2432559462458385	0.0327621115475834	0.0010733559530563	0.0591734553839582	-0.9973519788793368	0.0474513943203334	0.0022516348229437	0.9947109697745292	-0.0066491636942259	-0.0003805414732684	4.4211377832611824e-05	1.448118128772844e-07	0.0114032165829951	-0.0002329580984902	5.426947565221602e-08	0.0001300333484386	-0.0001045929530847	-0.0001675638283371	1.0939685834978257e-08	2.80776365669976e-08	0.0	0.0	0.0	0.0	0.0	0.0	0.0	0.0	0.0	0.0	0.0	0.0	0.0	0.0	0.0	0.0	0.0	0.0	0.0	0.0	0.0	0.0	0.0	0.0	0.0	0.0
5678.155683013265	-8.751980150886084	32241451.960535835	76.597156561504	4322.825832786828	-2.47965931948238	18686823.180609133	6.14871034069582	3950.923766561972	-2.349835436021749	5.521726576383523	15609798.60918424	3977.078634304609	6780.529096063858	0.8794389999999999	27.092438	0.1090766715370816	0.0593808884278722	-0.0489597942	-0.0411053608	0.0590919107	0.041384558	-0.0119875292	-0.0462571351	0.0014565092	-0.0557742106	0.0230348384	0.0307317786	0.0243237247	0.0927577395	-0.0839234336	-0.0343873492	0.0222288588	-0.0265318926	-0.0893719565	0.0474809949	0.0036068486	0.0648333583	0.0295787915	0.0173842143	0.0225857754	0.0188909093	0.0097746448	0.0586645039	0.0564163736	-0.0073293063	-0.0792504406	0.0003159981	-0.0256529346	-0.0119815091	-0.0103407769	-0.0300770616	0.0089546886	0.0138017808	-0.0619664922	-0.0657264184	0.0587842623	-0.0168415442	0.0582974018	-0.0092278885	0.0159455995	-0.0049421896	-0.019028052	-0.0996411387	0.01347932	0.0610022468	-0.0646124204	-0.0114799563	0.0459059741	0.0275228354	-0.0209125711	-0.0037229528	0.0055271886	0.0396763758	-0.0206784314	0.0016211681	-0.0212070189	0.0404723531	-0.0372197132	-0.061393468	-0.0550905262	-0.0007693128	-0.0885090712	-0.0605941031	-0.0068170998	0.0167528172	0.0410429852	0.0990869947	-0.1247378411	-0.1447292533	0.0519425037	0.0293849045	0.0397668911	-0.0065006987	0.0188042212	-0.0939773942	0.0037885146	-0.0051693379	0.0082683454	0.0977327879	-0.0327186916	0.0501623745	0.0294132208	0.0084105925	-0.1023255088	0.0026963047	0.0149546848	-0.0591877641	0.0417736242	-0.0114700152	-0.0121584853	-0.0493269309	0.1084324286	-0.0497263349	-0.1079502204	0.0396527483	0.0072345871	-0.0107381737	0.026722759	0.0367553282	-0.0036929976	0.0132742176	0.0212023507	-0.0545772378	0.0222613891	-0.0875673773	-0.0373591408	0.0460716843	0.044831224	-0.0074684863	0.0858004887	0.0509673138	-0.0406224058	-0.013206557	0.0709980056	0.0195465831	-0.0104486294	0.0686503505	-0.0053566954	-0.0214885401	-0.099229547	0.0052387401	0.0301521633	-0.0533816059	0.0990242023	0.0024243836	-0.0173301191	-0.0549215428	0.0182333768	0.0179115413	0.0011948728	-0.0902852056	-0.0456538674	-0.093342116	0.0206841982	-0.0245306555	-0.1211025498	-0.0686168461	-0.1282251848	-0.01304747	-0.0149713818	0.0142657608	0.0281291746	0.0445559882	0.0863212988	-0.0047718179	-0.01281584	-0.0539036207	-0.0718271469	0.004560184	0.0570096607	-0.0432624085	-0.0638583632	-0.0527839323	0.0065625581	0.0953184606	-0.0410692133	-0.0503716758	-0.0266108963	-0.1233038517	0.0352724868	0.0329875639	0.0155203649	0.01956643	-0.0473352958	0.0185649053	0.068054856	-0.0871336971	0.0633309768	-0.0283549738	-0.011623607	0.0495514717	0.1088473611034572	-0.0107438879269921	0.0118477480191864	0.0001154311277877	0.221987775604731	-0.0212681706411074	0.0004523350824192	0.0492785725179364	-0.9499556521085708	0.0473963267707659	0.0022464117913612	0.90241574097302	-0.0069883702438992	-0.0003392065496732	4.883731866581577e-05	1.1506108334126483e-07	0.0116256631487379	0.0002224465657427	4.948247461076551e-08	0.0001351560436479	-7.288034453647703e-05	3.171260854822297e-05	5.311544619755598e-09	1.0056895409328251e-09	0.0	0.0	0.0	0.0	0.0	0.0	0.0	0.0	0.0	0.0	0.0	0.0	0.0	0.0	0.0	0.0	0.0	0.0	0.0	0.0	0.0	0.0	0.0	0.0	0.0	0.0
5677.0789793027625	-1.0767037105024428	32229225.73724129	1.159290880209728	4297.257269758809	-25.568563028018616	18466420.042494938	653.7514153177605	3950.773045225401	-0.1507213365712232	0.0227169212978159	15608607.654879589	3973.317834340324	6720.088041715556	0.859816	26.487942	0.1243414782886727	0.0828026232381786	-0.0499007853	-0.0699680665	0.0989624649	0.0054418594	-0.0091400354	-0.0508235845	-0.0925099885	-0.0274897931	-0.0317768867	0.0359355943	0.0400969966	0.0653135348	0.0150307008	-0.0108767889	0.0379995788	0.0038140116	-0.1068170993	0.0257341138	-0.0188899983	-0.0256870553	-0.0429167911	0.0355081706	-0.0275550888	0.0844494	-0.0483386749	0.0890710136	0.0971104069	0.0164860846	-0.0757155484	0.0267146489	0.0453285527	0.0352318468	0.0257112715	0.0565409324	0.0145424221	0.0057869129	0.0074726832	0.0006894349	-0.0677082429	-0.0070896915	-0.0549408029	-0.0601429497	0.0063890686	0.0319794599	0.0076581436	-0.0087634781	-0.0022916059	-0.0117551102	-0.0529588588	-0.016130739	0.0046334159	-0.0086205443	0.0251420546	-0.101237865	0.018150321	0.0458174436	0.0303307766	-0.072868841	0.0792480907	-0.07552163	-0.0170729233	-0.0208948231	0.011507535	-0.0712711235	-0.0302279288	-0.0397113101	0.0798136393	-0.0543579554	0.0516840902	-0.0153914837	0.0094039468	-0.0287573727	0.0072575825	-0.0125257125	-0.012738912	-0.0131110313	0.0633798042	-0.0361669253	0.0734915367	-0.0232109109	0.0090195889	0.0060005983	-0.0872100373	-0.0236331679	0.0464390623	0.1052430912	-0.0490826751	-0.0461242032	0.0260242596	-0.0580524351	-0.0339350478	-0.0126991183	-0.0512090395	0.0121252813	0.0150212059	-0.0955387338	-0.0016279005	0.1495964612	0.0090447835	-0.0436408387	0.0298895849	-0.0767190343	-0.040935771	-0.0286672764	-0.021914288	0.0025874654	0.0185868641	0.0101627894	-0.0236967237	-0.0761986406	0.0397382337	-0.0549248648	0.0203949824	0.0415424866	0.0252666603	-0.0298081439	0.0214153572	0.0141535519	0.0663355638	-0.0060820994	0.0287034252	-0.031157494	-0.046880928	0.0284780112	0.0244433944	0.0924576067	0.0191173407	-0.0230030908	-0.0266327146	-0.0421430551	0.0515416033	-0.0512371262	-0.0630203617	0.0048948014	-0.0784694866	-0.010282914	-0.0704351265	0.0553628396	0.0076008159	0.0417122608	-0.0509092783	0.0023340033	0.029628399	0.0170134733	-0.0707165725	0.0522305803	0.1227693784	-0.0044829868	0.0094192016	-0.0312188064	0.0520894191	0.0399537044	0.0478909227	-0.034258738	-0.0524011008	-0.1143115156	0.005863549	0.0556856466	-0.0258395521	-0.0641797361	0.0144621961	-0.015077724	-0.0316741518	-0.0564201828	0.0659285833	-0.0669448423	-0.0682249911	-0.0054477733	0.088235092	-0.0876876832	0.065357868	-0.0322549359	-0.0061646659	0.0435681289	0.1159426163162891	0.0070952552128319	0.0134426902782662	5.0342646535218246e-05	0.2071184379421993	-0.0148693376625317	0.0002210972025223	0.0428980473356166	-1.0213125170432988	-0.071356864934728	0.005091802173313	1.0430792574693186	-0.006989680792139	-1.3105482397999383e-06	4.885563757599688e-05	1.7175366888427174e-12	0.0122133083249507	0.0005876451762127	3.4532685312617165e-07	0.0001491649002403	-0.0001043250296555	-3.144468511902296e-05	1.0883711812620954e-08	9.887682222345042e-10	0.0	0.0	0.0	0.0	0.0	0.0	0.0	0.0	0.0	0.0	0.0	0.0	0.0	0.0	0.0	0.0	0.0	0.0	0.0	0.0	0.0	0.0	0.0	0.0	0.0	0.0
5680.0719744457	2.992995142937616	32263217.634883475	8.958019925648161	4321.918228578233	24.66095881942329	18678977.17451681	608.1628898932911	3950.31282952386	-0.4602157015410739	0.2117984919449428	15604971.451100804	3976.0500103269137	6738.0973749697005	0.849078	26.15712	0.0592667700181081	0.0295900023754485	-0.0521748996	-0.0553515053	0.0763906339	-0.0733108427	0.0430179494	-0.0759476059	-0.0101105499	-0.065181319	0.0035810807	0.0578806551	0.0886692498	0.0587258193	0.0117714354	0.0164999787	0.0523731645	0.0114385824	-0.1165505445	0.0082862827	-0.0473632603	-0.0087387959	-0.0043742612	0.0145615529	-0.004862973	0.058730117	0.0043351108	0.1509585441	0.0393103745	0.0559132487	-0.0579575749	-0.0279406932	0.0300874369	0.0488565524	0.0254333168	-0.0426843391	-0.0066060063	-0.0010402837	-0.0599464262	0.0089749955	-0.0387213324	-0.0304354417	-0.037600154	-0.0182266639	0.0083348428	0.0228024414	0.0403792443	0.0238733941	-0.0404013279	0.030925386	-0.0250196195	-0.0486165776	-0.0477968171	-0.0276805211	-0.048005161	-0.009670734	0.01859417	-0.0209845969	0.0568942045	0.0355583888	0.0579520592	-0.0092775414	-0.0082659175	-0.0239220077	0.0379215079	0.0096920469	0.0519389711	0.0217847441	0.0050258393	-0.0207889586	-0.0102178404	-0.0317783321	0.1304945048	0.0593412554	-0.0258248329	0.0109450833	-0.0163434104	0.0223346867	0.0462813773	-0.0549763639	0.1295543454	-0.0269892409	0.0035758235	-0.0821154689	-0.0372837741	-0.0728065243	0.05410365	0.0573044961	-0.090077464	0.0253035644	0.0041577212	-0.0556911813	-0.0535289904	-0.0189454132	-0.0292223976	-0.0098178138	0.0884432738	-0.0612114908	-0.0497430441	0.0688501646	0.0936656521	-0.0068353162	-0.0221630101	-0.0018676256	-0.0591996841	0.0119047281	-0.0205919656	0.0120384799	0.0354331084	0.0450253888	-0.0780841817	-0.0173698329	0.0288890302	0.0088530099	-0.0264362332	0.0255016979	0.0181815477	-0.0240260273	-0.0181419585	-0.0023980595	0.0080048821	-0.0457221357	0.0109608809	0.0013678401	0.0490179149	0.0391586059	0.0042471536	0.0632316078	0.0063121938	0.0095742885	-0.009359206	-0.0007106969	0.0661135548	0.1084878138	-0.0010637146	0.0433096859	-0.0007155992	0.0450178838	-0.0040856163	0.0410762474	0.010441124	0.0853419568	0.065049686	0.0209604063	0.0336858594	-0.0488541352	-0.0658329351	0.0566302346	0.1144628526	-0.0167513521	0.0014768151	0.0841055019	-0.0006223333	0.0236247565	0.0841831374	-0.0409351903	-0.0849200834	-0.0851996183	-0.0004241826	-0.0895545126	0.021599431	-0.0091929429	0.0778011353	-0.0320202738	0.0175422521	-0.0344607804	0.0112339597	0.0088717628	-0.0539650801	0.0051974803	0.0789348695	-0.0882236248	0.0673309646	-0.0360951694	-0.000685433	0.0373607416	0.1160179710146849	7.535469839579922e-05	0.0134601695983642	5.678330570321866e-09	0.2241018976095148	0.0169834596673154	0.0002884379022713	0.0502216605121854	-1.0314862757160057	-0.0101737586727068	0.0001035053655304	1.0639639369904756	-0.0067996163801781	0.0001900644119609	4.623478291758632e-05	3.6124480694042896e-08	0.0118555686254557	-0.0003577396994949	1.2797769259477248e-07	0.0001405545074328	-0.0001972048577934	-9.28798281379e-05	3.888975593731512e-08	8.626662474925843e-09	0.0	0.0	0.0	0.0	0.0	0.0	0.0	0.0	0.0	0.0	0.0	0.0	0.0	0.0	0.0	0.0	0.0	0.0	0.0	0.0	0.0	0.0	0.0	0.0	0.0	0.0
5684.672390485564	4.600416039864285	32315500.18714886	21.163827739840592	4342.601168415865	20.682939837632148	18858184.907926835	427.78400032711096	3954.7580098250105	4.445180301150685	19.759627909738096	15640110.916275078	3980.934165875003	6721.42567572503	0.908607	27.990995	0.2026360608765849	0.1688652673249553	-0.0090183493	-0.0434923667	0.0204699992	-0.0369592976	-0.0099726323	-0.0445640751	0.0575167495	-0.0506026597	0.0537909367	0.060384028	0.0102967663	0.0210568037	-0.0103029149	0.0851076727	0.0235375682	0.0128672799	-0.0217475086	0.0543018539	0.0234309558	0.0508875801	0.0022587133	-0.0195047036	-0.0126629269	0.0338461431	0.092911352	0.1064942468	0.0395301205	0.0137166513	-0.0535751126	0.0132821848	0.0942662178	0.0653287557	0.0077355935	-0.0975313603	0.0273400939	-0.0519520835	-0.0204714046	-0.0173044295	-0.0588604994	-0.0161940969	0.0146912335	0.0344667989	-0.0139653887	0.0253222371	0.0880662802	-0.0705511593	-0.0084912881	0.0151461976	0.033748388	-0.0643722225	-0.0189025011	0.0126154664	0.0937817722	0.0803507188	0.078745543	0.0424656701	0.0231230714	-0.0578391539	-0.008420654	-0.0676160479	0.0441802259	-0.0342488769	-0.0880596481	0.0415772695	0.0207225297	-0.0765836467	-0.0029970758	0.0121082386	-0.0618696568	0.0087680606	0.0647507674	-0.0696148681	-0.072348649	0.112731888	0.0414250025	-0.0036658966	0.0005065917	-0.0013049964	-0.0398898582	0.0326231479	0.0120517195	-0.1564362206	-0.1179287694	-0.0098683324	0.0289773167	-0.0252560167	-0.0626552304	0.0629579383	0.0441723727	-0.0297520712	0.0009080122	-0.0539476539	0.0168956048	0.0189020317	0.1188526382	-0.0145413542	-0.1147263595	0.0317851441	0.1223742259	-0.0074374334	-0.0896271065	-0.0039333756	-0.0657754298	0.0364509081	0.0268991899	-0.0243562872	0.0304757242	-0.0615403195	-0.0158896027	-0.0320587666	0.0248686822	0.0182606852	-0.026598181	0.0051996861	-0.0109450044	0.0070413881	0.0628248294	0.0397195661	-0.0081524198	0.014341714	-0.0607838316	-0.05701259	0.0026846956	-0.0138266169	0.0960441666	0.0640868201	-0.0416766486	-0.0036043439	-0.0221354857	0.1550694603	0.0161483224	0.0304938327	-0.0706261282	0.0157890914	0.011584719	0.0147376014	0.0515426164	-0.0874994841	-0.0339816449	0.03839141	0.0574332189	-0.0452992259	0.0897315363	0.0034945738	0.0933647066	0.0171401773	0.0461996844	0.0168302546	0.0141724153	0.0484033226	-0.061924902	-0.027759227	0.1164855256	-0.0124333309	-0.1000592548	-0.0738320237	-0.0176943603	0.0248585948	-0.0102006971	0.0677839355	0.0340797331	-0.1283031468	0.0776156149	0.0486557951	-0.0308244578	0.0073211627	-0.1169861675	0.0624332499	-0.0213258501	-0.0887414118	0.0692486424	-0.0398685628	0.0047960562	0.0309612306	0.1128051165615886	-0.0032128544530962	0.0127249943224735	1.032243373678071e-05	0.2302411447019636	0.0061392470924488	3.769035486214121e-05	0.0530109847136705	-0.8655304561269759	0.1659558195890298	0.0275413340554666	0.7491429704833709	-0.0069505574751036	-0.0001509410949255	4.831024921471853e-05	2.278321413730897e-08	0.0117285066317951	-0.0001270619936605	1.614475023300622e-08	0.000137557867812	-0.0004657645640475	-0.0002685597062541	2.1693662912235778e-07	7.21243158232885e-08	0.0	0.0	0.0	0.0	0.0	0.0	0.0	0.0	0.0	0.0	0.0	0.0	0.0	0.0	0.0	0.0	0.0	0.0	0.0	0.0	0.0	0.0	0.0	0.0	0.0	0.0
5683.934065265014	-0.7383252205499957	32307106.45828007	0.5451241313001999	4299.545619062295	-43.05554935356941	18486092.530397777	1853.7803301376507	3959.123977446685	4.365967621674372	19.061673273508973	15674662.668793255	3982.52155593432	6758.8590711613015	1.055742	32.523727	0.2210296898180589	0.1257640350584931	-0.0505110967	-0.0638454056	0.077098606	0.0650906914	-0.0703016605	-0.0806620386	-0.0436329632	-0.0336266147	-0.0523103217	0.0447838693	-0.025691925	0.1005689545	-0.0397392475	0.0757695242	0.0468602556	0.0407198157	-0.0668397674	0.0386600598	0.026104784	0.0921512935	0.0085245594	-0.0115967723	-0.1226499097	0.0309983812	0.0027604446	0.0712131282	0.0398580407	-0.0034143001	-0.0441545449	0.1255539596	0.0099945027	0.0355903255	-0.0500276447	-0.0326331829	0.0824014812	-0.0003438718	0.0080723142	-0.0205013399	-0.0406807922	0.0493365369	0.0790675916	0.0232502018	-0.018338647	0.08204794	-0.0244851434	-0.0817822314	0.0261942916	-0.0687939724	-0.0834290222	0.0177358138	0.0144572495	0.0731098537	0.0475525223	-0.0599597257	-0.0578203376	0.0394190145	-0.0006263958	-0.0051321354	-0.026958812	0.0105788436	0.0041149459	0.0015435043	-0.0156529339	0.0009968682	-0.0256783665	-0.0492794294	0.0614082932	-0.0595870178	0.0938493736	-0.0157889621	-0.0286381156	0.0080303369	0.0057515863	0.0458842665	0.112629612	-0.032655503	0.0339496525	-0.0519662306	0.0622829255	0.0226597307	0.0835364302	0.0369306625	0.0811290157	0.0052037368	0.0492459272	0.0660657122	-0.0571525975	0.0112533391	0.0290233523	-0.0046547921	0.0247117408	-0.1380161117	0.0196484231	0.0114603923	0.0480907165	-0.0663332018	-0.0386718312	0.1032461279	-0.0252434508	-0.037141615	0.0499028127	0.0482030689	-0.0731522341	0.0838636793	0.0125665074	-0.0232397226	0.0038863879	-0.0671770728	0.0478290973	0.0379049437	0.0623554003	-0.0414293942	0.1081062936	0.1018984935	-0.0410028929	-0.0068841175	0.0681839684	0.0603523035	0.0714370198	0.0320519684	0.0597062031	0.001257848	-0.0520033035	-0.010679162	0.0874669218	-0.0079364392	-0.0122080945	-0.0209497127	-0.0028050571	0.0104582516	-0.0037626296	-0.0851295922	-0.017502081	-0.0290874975	-0.0473434225	-0.0547209892	-0.0331820378	-0.0209721353	0.0039458031	-0.0064436095	0.0123977802	0.0014533471	0.0440906624	0.0151229821	-0.0222796162	0.0412260443	0.108565771	0.0065959654	0.0069644768	-0.1192502712	-0.0104745273	0.0208664164	0.0825146284	0.0562139127	-0.0736226019	-0.0620069006	0.0695944867	0.1506315787	-0.0798098065	-0.050942072	0.0302662214	-0.1171021934	0.0225156383	0.0294309685	0.0511931126	-0.0724099271	-0.0534185369	0.0850771607	-0.0133084133	-0.0892409375	0.0711093231	-0.0435681289	0.0102617584	0.0244025048	0.1168703702067546	0.0040652536451659	0.0136586834322638	1.6526287199535408e-05	0.1735774352588066	-0.056663709443157	0.0032107759678585	0.0301291260310251	-0.9706111143430718	-0.1050806582160959	0.0110419447311279	0.9420859352862996	-0.0072382740961446	-0.000287716621041	5.239261189091793e-05	8.278085402325054e-08	0.0122525895474217	0.0005240829156265	2.746629024516772e-07	0.0001501259506175	-0.0001731627304423	0.0002926018336052	2.9985331214232655e-08	8.561583302912518e-08	0.0	0.0	0.0	0.0	0.0	0.0	0.0	0.0	0.0	0.0	0.0	0.0	0.0	0.0	0.0	0.0	0.0	0.0	0.0	0.0	0.0	0.0	0.0	0.0	0.0	0.0
5678.957862496529	-4.976202768485564	32250562.404011145	24.76259399308339	4310.076536585073	10.5309175227776	18576759.751221176	110.9002238715443	3955.0180108477616	-4.10596659892326	16.85896171147344	15642167.466130186	3977.507053586695	6714.144058351917	0.967545	29.806667	0.0624303023725012	0.0302733095495244	-0.039512484	-0.0797024511	0.0836100308	-0.0521694277	0.0055226948	-0.0543926772	-0.0903037292	-0.0294472493	-0.0331354158	0.0648915695	0.0342511647	0.0223634611	0.0733690313	0.0789785615	0.0406652724	0.0343561203	-0.0896665688	0.0371087054	-0.0336743404	0.002475984	-0.0265495108	-0.0209830151	-0.062334493	0.0274517703	-0.0145846356	0.1188105887	0.0367668759	-0.0557786866	-0.0618924342	0.0620596879	0.0451319355	0.0437345948	0.0343576964	0.0185672016	0.0093786809	-0.0505336955	-0.0422426979	-0.0118253729	-0.0326448277	-0.0045860232	-0.0309708188	0.0492162596	0.0093544415	-0.0219047006	-0.0307992719	-0.0838152295	-0.0157774638	-0.0068397133	0.0940613158	0.0519294133	0.026957438	-0.019014041	0.0304402826	0.0574719569	-0.0288431745	-0.0570093583	0.0046115926	-0.055589718	-0.0017679532	0.0074610072	-0.0392481299	0.0280069989	0.0460200995	0.0147426677	0.0357376912	0.0397092728	0.0561330039	-0.0661677008	0.0622417122	0.0177964303	-0.0472602823	0.0595636785	-0.0135739588	-0.0200028061	-0.0625147286	0.019367918	0.0179919502	0.0090657234	-0.018168702	0.0059960602	-0.0276422943	0.0683629326	-0.0724968443	0.0513577383	0.0440888743	0.0993339182	-0.0346480613	-0.0131614163	0.021132974	0.0405905787	-0.0610350712	-0.0644907929	-0.0107880151	0.0413149918	0.0204940757	-0.056729283	-0.0190745093	0.120237537	0.0704661511	0.0144368911	0.0733796256	-0.068829785	-0.0781924676	0.0517424531	-0.0065995932	0.0463900666	0.0241306396	3.97039e-05	-0.0067921114	-0.0589289769	0.037057796	0.0395447848	-0.0545949639	0.0188318679	0.0133482019	0.028443245	0.0290594993	0.051662305	-0.0450775833	0.0100175779	-0.0777854287	-0.0301471375	-0.0158265797	0.0044957475	0.0294099933	-0.0705205315	0.0072677825	-0.0590230145	0.0151609678	-0.0111993442	-0.0489912757	-0.0528032498	-0.0153051807	0.0118369164	0.0223564316	-0.0196860296	-0.0341784153	0.0577652634	0.0363346507	0.0174750089	-0.0248159153	0.0496771036	-0.0308720411	-0.0287846462	0.0570733261	0.0400164143	0.1087600707	-0.0003062181	0.0212231934	0.022549571	0.0728515975	0.0011457651	0.0649852826	0.0746659566	-0.0641331384	-0.0655388709	-0.0061756248	0.0044686739	0.0195075945	-0.0287770151	0.0986626874	-0.0591224361	0.0186045251	-0.0430653156	0.0663610956	-0.101882711	-0.047146329	-0.0238196923	0.0436144804	-0.0897220992	0.0729114752	-0.0471870168	0.0156936827	0.0177182917	0.1054713784846939	-0.0113989917220607	0.0111242116794615	0.0001299370122796	0.1681944340488854	-0.0053830012099211	2.8976702026012997e-05	0.0282893676450248	-0.9959317041318912	-0.0253205897888194	0.0006411322672536	0.991879959295053	-0.0072429212602511	-4.647164106499208e-06	5.245990838219738e-05	2.1596134232734577e-11	0.0119945958796163	-0.0002579936678053	6.656073262768273e-08	0.0001438703303153	-0.0003170762915644	-0.0001439135611221	1.0053737467223241e-07	2.0711113074844422e-08	0.0	0.0	0.0	0.0	0.0	0.0	0.0	0.0	0.0	0.0	0.0	0.0	0.0	0.0	0.0	0.0	0.0	0.0	0.0	0.0	0.0	0.0	0.0	0.0	0.0	0.0
5689.779460110657	10.821597614128224	32373590.30469712	117.10697492210564	4327.865307274133	17.788770689059675	18730418.11790702	316.4403626279486	3953.147494028453	-1.8705168193087047	3.498833171316753	15627375.109543435	3977.91878442263	6733.622171344229	1.303627	40.160183	0.630688478978848	0.3453077201316759	0.0298953794	0.0425646594	-0.0474585137	-0.0187805948	-0.016659795	0.0056352511	0.0637823165	0.0216470355	0.0332380992	-0.0085796903	-0.0324000579	-0.1065895909	0.0374214656	0.0552574454	-0.0340420718	-0.0295019982	0.0699105732	0.0198885498	-0.0148346741	-0.0102500601	-0.001378017	-0.0743687288	-0.0325163121	-0.0338789248	0.1082023849	-0.069372499	-0.0130642817	0.0219076765	-0.0654722352	-0.0027130369	0.0297718007	-0.023935348	-0.0135373858	-0.0432410639	-0.0469311003	0.0585576965	-0.0193558694	0.0127005796	-0.0503800432	-0.0904758749	0.0434426759	-0.0808608155	-0.0265464679	0.0593744884	-0.0345847908	0.0165059773	0.0257478984	0.0411377367	0.0475071925	-0.0353376315	0.0323824409	-0.0544528185	-0.0158704931	-0.0645331622	-0.0156721221	0.0189769757	0.0604749133	0.0163412853	-0.0026174307	0.045573665	0.1346054339	-0.1803287818	-0.0420318026	-0.0774630416	0.0926359866	-0.0070627207	0.0047555286	-0.039444475	-0.1600192966	-0.1022820625	-0.0061750159	0.0160505051	0.01681228	0.1570022574	-0.0473621859	-0.0703234905	0.0508312374	-0.0595465683	-0.0805334967	0.0764592319	-0.0220069629	-0.0165770837	-0.0006730804	0.1048438872	-0.0331303692	-0.0786772588	0.0403816563	0.0144246077	0.011824663	0.0859511097	-0.0135359303	0.0129671667	0.0705131105	0.0884489231	0.0767003895	0.0615388876	-0.0713778297	-0.0149791543	-0.0177532181	0.0135070507	-0.0881978483	-0.0704718928	-0.032611612	-0.0132021953	-0.005886169	0.0683095494	-0.0545433049	-0.0078406566	-0.0358601097	-0.0105992453	-0.0687437003	0.0431820716	-0.0249865306	-0.0690035402	-0.0225639665	-0.1440174328	0.0780078876	-0.0309519808	-0.0487055623	-0.0779391613	-0.0299810381	-0.0234241712	0.0731625649	0.0466142455	-0.0194042908	-0.0176484886	0.0556099724	0.0400281936	0.0515040974	0.0011271106	-0.0896919783	-0.0046304969	0.0235898993	0.1201437461	-0.2111256348	-0.0478709652	0.0298636881	-0.0545220401	-0.0156173209	-0.0308585236	-0.0273392097	0.0057410111	0.0605057646	0.0887958529	0.0428309403	-0.0316915688	-0.070325886	0.0125310609	-0.0094171041	0.0216770308	-0.007316011	-0.044139596	0.0109869598	0.0722420308	-0.0285936203	0.121290337	0.0271104554	0.0069195542	0.0394416873	0.1852069466	-0.0645579926	-0.0043998085	0.0355456527	-0.0080851595	0.0237911099	-0.0712523145	0.0889255659	-0.0930555956	-0.0428121685	-0.0901847978	0.0746536153	-0.0507185253	0.0210739489	0.0109429642	0.034197012074955	-0.0712743664097389	0.0011694356348546	0.0050800353071097	0.2175743828664025	0.049379948817517	0.0024383793452206	0.0473386120796959	-0.6904585599937292	0.305473144138162	0.0933138417896543	0.4767330230686141	-0.0059092866063153	0.0013336346539357	3.491966819557739e-05	1.7785813901784606e-06	0.0099081917952925	-0.0020864040843237	4.353082003083033e-06	9.817226465230164e-05	-0.0009882579455734	-0.0006711816540089	9.76653766988957e-07	4.504848126782569e-07	0.0	0.0	0.0	0.0	0.0	0.0	0.0	0.0	0.0	0.0	0.0	0.0	0.0	0.0	0.0	0.0	0.0	0.0	0.0	0.0	0.0	0.0	0.0	0.0	1.0	0.0
5671.876716189016	-17.90274392164065	32170185.4836471	320.5082399238412	4293.373094402376	-34.49221287175624	18433052.52773824	1189.7127487905466	3949.6970276868665	-3.4504663415864343	11.905717974420872	15600106.610518469	3970.715560822576	6628.411813485169	1.025443	31.590315	0.2803196088307294	0.1558360244847532	0.0384879034	-0.0075919956	-0.0337633101	0.0492993686	-0.0931853512	0.007731362	0.0013882935	0.0617674283	-0.0327785629	-0.0527054185	-0.0653816351	-0.0152457046	-0.0017345403	0.0713140211	-0.0503126773	-0.0185216873	0.0805636628	-0.0283137289	0.0329736708	0.0341787595	-0.0044828761	0.0050092213	-0.1167133829	-0.0649129499	0.0350673369	-0.1004747647	0.0693703554	0.0621023798	0.0590373392	0.0905266186	0.0828219288	0.0297885578	-0.1357033001	-0.0133051413	0.0215929622	0.0380246665	0.016090939	-0.0173818537	-0.0004470777	0.0173358475	-0.0050985174	-0.0752742135	-0.033467961	-0.051857342	0.0711810878	0.0200435918	-0.0172665887	-0.0051381304	-0.1496117208	-0.0288193756	-0.0659300112	0.0713112469	-0.0755117539	-0.0044913557	-0.0375821042	-0.0785912136	-0.0329193307	-0.0151074502	0.0262712977	0.1254573316	-0.0881745517	-0.0002365628	-0.0317478366	0.0641819332	-0.0041668689	-0.026001435	-0.0536789828	-0.0560329725	-0.0181815209	-0.0484657596	0.0503447514	0.0084579214	-0.0083228281	0.0390708969	0.1012976073	-0.0458342384	0.0707988802	0.0125392189	0.0120852964	0.173028619	-0.0993386281	-0.0236400213	-0.1048069021	0.0551641123	-0.0504448136	-0.0395931105	0.0649530406	-0.0326319975	-0.0196256788	0.0569142494	0.0299921577	-0.0818818197	0.0436464801	0.0677830007	-0.0451983608	0.0667221508	0.0056216215	0.047574111	-0.0957640081	-0.1161270379	-0.0603911488	-0.0467307542	0.0302734073	0.038861662	0.0379210405	0.0400449606	-0.0306751021	-0.0462975368	0.0222677789	0.1136421989	-0.0674462934	-0.1354861381	0.0211646441	0.0366950706	-0.0342403592	-0.0523632499	0.0025284493	0.0550724629	0.00025032	-0.0429862001	0.0731105507	0.0358048665	0.0411441195	0.1083527115	0.0118721043	0.096479514	-0.0770609	0.0506371883	0.0136592196	0.0200715838	-0.0125983804	0.0667020836	0.0096937243	-0.0140204642	0.0131962079	-0.0869555126	0.0351398591	-0.0206374085	-0.0296604235	0.0353103089	-0.0104011403	0.0510997096	-0.0176048349	-0.002221751	-0.0368904963	-0.0527270198	-0.0699063131	0.0229113627	0.0052746133	-0.1173776303	0.0153714502	0.0204932877	-0.0261421235	0.0823763495	-0.0144631711	0.1598682324	0.1555377431	-0.0073655153	0.0561739862	-0.0588969404	-0.0309240286	-0.0244385949	-0.1450109439	0.0354868201	0.0456885146	-0.0069868776	-0.0161137183	-0.0394662442	-0.107811193	-0.0906289382	0.0763343096	-0.0541561147	0.0263848473	0.0041113636	0.0584300745381369	0.0242330624631819	0.0034140736105322	0.0005872413163444	0.1499951806678154	-0.0675792021985871	0.0045669485697975	0.0224985542235705	-0.6701761422984589	0.0202824176952702	0.0004113764675654	0.4491360617060442	-0.0074706143071052	-0.0015613277007899	5.581007812552491e-05	2.437744189253877e-06	0.0081219563161236	-0.0017862354791689	3.1906371870417544e-06	6.596617440102003e-05	-0.0010051932950884	-1.69353495150001e-05	1.0104135604906751e-06	2.868060631952141e-10	0.0	0.0	0.0	0.0	0.0	0.0	0.0	0.0	0.0	0.0	0.0	0.0	0.0	0.0	0.0	0.0	0.0	0.0	0.0	0.0	0.0	0.0	0.0	0.0	0.0	0.0
5675.68199747381	3.8052812847936366	32213366.136448298	14.48016565640071	4276.1366824433735	-17.236411959002908	18285344.926937822	297.0938972204585	3950.498454787796	0.8014271009296863	0.6422853981045615	15606438.041280763	3968.7573560097135	6664.27837778829	0.866506	26.694023	0.21270194107583	0.1224990742531757	0.0254513886	-0.040476535	-0.0136312575	-0.0214981245	-0.0199017967	-0.0191736376	-0.059173586	0.0598699093	-0.077908059	-0.0584261505	-0.0411865338	-0.0152674438	0.0910653827	0.0151618703	-0.0347354762	-0.007772828	0.0420865665	-0.0034534529	0.0059359458	-0.0555003962	-0.0790386027	-0.0367631515	-0.0717645726	-0.0863470863	-0.0062716533	-0.0882693732	0.0165846562	0.0039497279	-0.0174116379	-0.0151656813	0.0417079069	-0.0358074818	0.0092375127	0.1728237797	-0.0159814846	0.0410576582	-0.0404582699	-0.0491893186	0.0486637921	-0.0289780305	-0.0597258897	-0.0906188989	0.1196577076	-0.0670604583	0.0195789896	0.0052636631	-0.0329224519	0.1137994673	0.0193772033	-0.0684585158	-0.0965861677	0.0446474111	0.0793038815	-0.0003556571	0.0131584678	0.0237091886	0.0878314234	-0.0029901873	-0.0093000603	0.0288991315	-0.0474570559	0.0298259325	-0.0294654621	-0.0667989065	-0.0824738913	-0.0355833812	-0.0114891353	0.0346553276	-0.0276445868	-0.0459462706	-0.0461574361	0.0192374256	0.023471385	0.0082992507	-0.006298697	0.0479152325	-0.0001333969	0.0277760693	0.0135277887	0.0425165008	-0.009086398	0.0191163131	-0.0153779245	-0.0325304866	-0.0298047828	0.0240547936	0.0745249909	-0.0657179839	0.0211674289	0.0874662313	-0.0362891048	-0.0084764589	-0.0122015244	0.0778153616	-0.1108332796	0.0076161684	0.0141438314	0.0234330884	-0.0641993262	0.0121158374	0.0042496621	-0.0223069223	0.0235490989	-0.084484531	9.94241e-05	0.0134755265	-0.0845306379	-9.509e-05	0.0012810235	0.0057482299	0.0281520719	-0.1512584823	-0.0385579905	-0.0192419024	0.0111955958	0.0044937676	0.0348106992	-0.0380618003	-0.0994012028	0.052534078	-0.0096091137	-0.0199089168	-0.0973519053	-0.0381705078	-0.0152735128	-0.0284488697	-0.0329385866	0.0271437613	0.0288740465	-0.0120514402	0.1350895072	0.0720376687	0.0210286026	-0.0929449606	-0.0102762173	0.0052425792	-0.077496972	-0.0219683402	-0.0044532939	0.0579608842	0.0702691505	-0.0451906992	-0.0888590915	0.0724335423	0.0403430453	-0.0276812551	-0.0218392642	0.0320178087	0.0014714894	-0.0237933855	0.1208139744	0.0207768422	-0.0487001704	0.0676604324	0.0171566457	0.1215640302	0.061527843	-0.0647768222	0.069169775	-0.0637106138	0.0193073473	0.055426032	-0.0856091962	-0.0433561239	0.030120736	-0.06056492	-0.0269058554	-0.0186750079	-0.057194222	-0.0910544289	0.0779521747	-0.0574934194	0.0316088963	-0.0027413792	0.0715123321967468	0.0130822576586098	0.0051140136562178	0.0001711454654462	0.1334878122316212	-0.0165073684361941	0.0002724932126882	0.0178189960143845	-0.7646565844366648	-0.0944804421382059	0.0089265539466308	0.5846996921223464	-0.0070531877907889	0.0004174265163162	4.974745801213361e-05	1.7424489652396217e-07	0.0092339351866783	0.0011119788705547	1.236497008560108e-06	8.526555903177561e-05	-0.000761961225103	0.0002432320699854	5.805849085604645e-07	5.9161839869382576e-08	0.0	0.0	0.0	0.0	0.0	0.0	0.0	0.0	0.0	0.0	0.0	0.0	0.0	0.0	0.0	0.0	0.0	0.0	0.0	0.0	0.0	0.0	0.0	0.0	0.0	0.0
5674.301533053051	-1.380464420759381	32197697.8880082	1.9056820169825333	4278.664864176051	2.5281817326776945	18306973.019934665	6.3917028734451895	3950.6746882918073	0.1762335040111793	0.0310582479360583	15607830.49270957	3972.7731608817808	6689.625714392088	0.8673039999999999	26.71862	0.0819711176231959	0.0429869476065744	0.0174647602	-0.0372397888	-0.0076416449	-0.0498356197	0.0994473481	0.0344812725	0.0380769866	0.0045790148	-0.0943272791	-0.0752246795	0.0069012407	-0.0342012968	0.0556064652	-0.0537326217	-0.0288470394	-0.0022825696	0.0346820599	-0.0041845811	0.0066410344	-0.0741489468	-0.0722905967	-0.0357077595	0.0473138057	-0.0842844208	0.0625427781	-0.060128021	-0.0206600293	-0.0365809028	-0.0204548651	-0.0285600772	-0.0932813208	-0.002275445	-0.0074593664	0.1036618985	0.0641187796	0.0679643727	-0.0228380857	-0.0382813999	0.0542595381	0.0060526637	-0.0522063567	-0.0394003781	0.057624589	-0.0936556008	0.0107037341	0.0504571191	0.0275962321	0.0628860251	-0.0212961777	-0.0103934266	0.068886786	-0.0122116265	-0.001804209	-0.0006504158	0.0402318271	0.0688936993	-0.0357821301	-0.0132116437	-0.0569948129	-0.0446186761	-0.0021769655	0.0578612134	0.0611515931	-0.0099276986	-0.1018148531	-0.005163454	0.0634341189	-0.0094843597	-0.0034176462	0.015203097	-0.1120639729	0.0357261697	-0.0341684357	-0.0689701497	-0.0360049902	-0.0836910391	-0.0118963988	-0.0279634051	-0.0056379505	-0.0489295508	0.0279240508	0.0174467943	-0.0738110385	-0.0208311157	-0.0250456918	-0.0301278653	0.0108680241	0.0168427243	0.0104671371	0.0935290923	-0.0170312087	0.0935717982	-0.0522201818	0.0508701493	-0.0627245353	0.0239503581	-0.0709249091	-0.0836072155	-0.0529688327	0.0618938905	0.0216887439	0.0654297774	-0.0505172757	-0.0816034255	0.0101456835	0.014281018	-0.1092272526	0.0640175713	-0.0195811059	-0.0089546653	-0.0001823151	-0.0607081724	-0.0332818739	-0.0043046794	0.0201468608	0.0336070749	-0.0418853037	0.0124196858	-0.0711747134	-0.0014227969	-0.0478855815	-0.0018242008	-0.110828078	-0.0529550395	-0.0863287958	-0.007649392	0.0320581351	-0.0249415262	0.0464137532	0.0037141062	0.046832865	0.0326343207	-0.0123175089	-0.0578202704	0.0525190512	-0.0575394174	0.0284465425	-0.0112400549	0.0469063769	-0.0911321533	0.0383000294	-0.036020099	0.0448901283	0.0518772022	0.0078027814	-0.0169361659	-0.0061891423	0.0259380215	-0.0096942722	0.0736031904	0.042809963	-0.0484626823	-0.0723974967	-0.0043826631	-0.0038118314	0.1491328022	0.0387131621	-0.1308778907	0.1464344161	-0.0301799524	0.0635192291	-0.0058947179	-0.0444911187	0.0125856754	-0.0482567409	0.0030596566	-0.0002203835	0.0134300585	-0.0867624966	-0.0914611824	0.0795058789	-0.0607242596	0.0367289002	-0.0095800247	0.0786821048397996	0.0071697726430527	0.0061908736220212	5.140563975306829e-05	0.1688180592747983	0.035330247043177	0.0012482263561319	0.0284995371373093	-0.787565484929516	-0.0229089004928511	0.0005248177217913	0.6202593930522636	-0.0071837579152728	-0.0001305701244838	5.160637778524461e-05	1.7048557407741074e-08	0.0091500645701125	-8.387061656579993e-05	7.034280323127433e-09	8.372368163722805e-05	-0.0006451580172704	0.0001168032078325	4.162288672482738e-07	1.3642989359985537e-08	0.0	0.0	0.0	0.0	0.0	0.0	0.0	0.0	0.0	0.0	0.0	0.0	0.0	0.0	0.0	0.0	0.0	0.0	0.0	0.0	0.0	0.0	0.0	0.0	0.0	0.0
5672.6430961930655	-1.6584368599851589	32178879.696786847	2.750412818557433	4302.991113381308	24.326249205257227	18515732.521838512	591.7664003962778	3950.9332253286	0.258537036792859	0.0668413993936321	15609873.351005455	3975.933315852152	6734.482860663564	0.761293	23.452791	0.1106158083312353	0.0597025162013717	0.0133398958	0.0026736032	-0.0205247685	0.0135593396	0.0670427492	0.0659149508	0.0685733933	-0.0048092823	-0.0092141664	-0.0257606852	0.0197319582	-0.0624076225	-0.069523061	0.0274370928	-0.0274179001	-0.0147721757	0.0311507624	0.0189300075	0.0228383099	-0.0328022793	0.0204265159	-0.0182576866	0.0474230381	-0.0727409514	0.0172129567	-0.0349544538	-0.0225122137	-0.015584956	-0.0469743868	-0.0549449777	0.0448766474	-0.0146842373	-0.0682363726	0.0217199188	0.0268443846	0.0115094471	0.0058337441	0.0030937635	-0.0314847328	0.0439185715	0.0316361641	0.0081758619	-0.0825591008	-0.0932829703	0.0641470063	0.000666247	-0.1437461396	0.0058958359	0.0396473285	0.0105750027	-0.0099417925	-0.0906681349	-0.0204952353	-0.0107539761	0.0514171568	0.0677327278	-0.0825564207	-0.0813321067	0.0010022623	-0.0110502608	0.0840901055	0.0892066367	0.0145647808	-0.0065720431	0.0306928583	-0.0107733089	0.0168527639	-0.0309786466	0.0394340447	0.0509580126	-0.0675201723	0.0104079351	-0.073849816	0.0211958828	0.0485812544	-0.0326363412	-0.009945297	0.0089130329	-0.0737943462	-0.0621059962	0.0118724028	-0.1232175871	0.0395030321	0.0536915353	-0.022141227	-0.0721373336	-0.0135958569	0.0285222003	-0.003534495	0.0430839276	0.044842773	0.0389654252	-0.0317869855	0.0025616961	0.032033551	0.0692364918	-0.0699376938	-0.0313117123	-0.0182387583	0.0812251644	-0.0487163568	-0.0112394009	0.0309873776	-0.0165864829	0.0260783222	-0.0820670375	0.0043584665	-0.0122090542	0.0552991039	-0.0104236584	-0.0017676377	0.025237183	-0.0652047633	-0.0268566411	-0.0654058327	-0.0516523766	-0.0068623036	0.0018842984	-0.0006511423	-0.0455739068	-0.12582998	0.07153575	-0.0532241607	0.0104516416	0.0139639736	0.083028478	0.0051789013	0.0115011055	0.0032357544	-0.0253664767	0.048607212	-0.0249038849	-0.0478351919	-0.0156032047	0.0906206458	-0.0279722167	0.0023308683	0.0285940393	0.0474524545	0.003782455	0.0031346314	0.0253076847	0.1132170814	0.0766556888	-0.0322646555	-0.0217421907	-0.0306164127	0.0262175568	-0.0174265767	0.0206541495	-0.0291853948	-0.0666034885	-0.0656313888	-0.0216814767	-0.0263187336	0.1248102134	0.0193563374	-0.0412952245	0.0870069763	-0.0172860839	0.0134411421	-0.0371027011	-0.0060439471	0.0369497137	-0.0324008946	0.0186687844	0.0512762138	0.0456937364	-0.0847553789	-0.091849115	0.0809941435	-0.0638426524	0.0417280058	-0.016369406	0.0752313251310425	-0.003450779708757	0.0056597522809726	1.1907880598369709e-05	0.1969101205156818	0.0280920612408835	0.0007891639047615	0.0387735955615003	-0.7382788316364213	0.0492866532930946	0.0024291741928337	0.5450556332424392	-0.006805298604554	0.0003784593107187	4.631208909714462e-05	1.4323144986974913e-07	0.0091611319333539	1.106736324140052e-05	1.2248652911710346e-10	8.392633830031658e-05	-0.0008513576250802	-0.0002061996078098	7.248098057821984e-07	4.2518278260915344e-08	0.0	0.0	0.0	0.0	0.0	0.0	0.0	0.0	0.0	0.0	0.0	0.0	0.0	0.0	0.0	0.0	0.0	0.0	0.0	0.0	0.0	0.0	0.0	0.0	0.0	0.0
5677.411114791618	4.768018598552771	32232996.966359407	22.734001356145136	4296.656468340049	-6.334645041259137	18461256.806928385	40.12772779874897	3952.198485140414	1.2652598118138485	1.6008823913912154	15619872.865946185	3976.218967642953	6681.908401316013	0.7879089999999999	24.27272	0.0894216361785944	0.0475679230730409	0.0128226875	-0.0096473713	-0.0089441295	0.079919675	-0.01073023	0.0435224773	0.0311684666	0.0131852966	-0.0148333301	-0.001025644	-0.0449215971	-0.0446152285	-0.0586358671	0.0585034659	-0.0097808689	0.0022104762	0.0222099248	-0.012251956	0.0663779215	0.0162238113	0.0150556045	-0.0425959424	-0.008462734	-0.0383058665	0.0205933913	-0.0834744247	-0.0305431975	0.0639302355	0.003758782	-0.0121869536	0.0674776304	0.0729868979	-0.027632647	0.0538538464	0.0486058674	-0.0492374841	0.0244099906	0.0793972563	-0.0824181403	0.0381796192	0.0097895485	0.0229839926	0.0420069692	0.0078254605	0.0568421523	-0.0419724458	-0.0240313417	0.047134868	-0.0055188364	0.0598596411	0.0248159607	-0.1017693237	-0.0793245782	0.0556217224	-0.0493822335	-0.0136307555	0.0403969853	-0.10624629	0.023881554	0.0638566087	-0.0949332213	-0.0423646796	0.0286888458	-0.0512203143	-0.0182344747	0.1028895721	-0.0169198136	-0.0347701625	0.0364501775	0.0191191742	-0.0906424297	-0.1236370424	-0.0418429612	0.0272613514	-0.0806954363	0.0669774919	0.0514464187	0.0494722305	-0.0470706731	-0.0612179307	0.0301969715	-0.0632980992	-0.0189287842	0.1037002053	-0.0111407892	-0.0282787909	0.0118399815	0.0063241363	-0.021938541	0.0592343255	0.0672051824	-0.0181262207	0.021335455	0.0197493681	-0.0143379695	0.0621280292	0.0050864349	0.0158433398	-0.0595254092	0.0195262304	-0.1186673292	0.0094609161	-0.0449309932	-0.0506480017	0.0117658281	0.0237343352	0.0246279096	-0.0098326853	0.0614146525	0.007177522	-0.0154516126	-0.053428115	-0.1309186381	0.0115487306	-0.111285488	0.0088659521	0.0509502638	-0.0054370312	0.065996524	0.0052226379	-0.0083233505	0.0177607147	-0.0027103818	0.0587805482	-0.0691211028	0.0287456539	-0.0016464927	-0.0880758372	0.042206557	0.009803483	-0.0216819472	-0.0235611707	-0.0492857322	0.077058346	-0.0110314161	-0.0523418953	0.025301921	0.0733869214	0.0487941274	-0.0223873023	-0.0559249432	0.0053541239	-0.0560466083	0.0579955009	0.0744190698	-0.0168770781	-0.0179056957	0.0296428669	-0.0063460331	-0.080759822	-0.0110146078	-0.0555405469	-0.06284942	0.0174305499	-0.0151027458	0.1019650113	0.0219199292	0.0400166197	-0.0078763489	-0.0032224365	-0.048245877	-0.0352455911	0.0025492409	0.0454946607	-0.0168737084	-0.0149016865	0.0676817543	0.0824822377	-0.0983861738	-0.0922181468	0.0824157435	-0.0668428233	0.0465897578	-0.0230746094	0.07226765897434	-0.0029636661567025	0.0052226145336315	8.78331708838378e-06	0.1692788824283155	-0.0276312380873662	0.0007634853182407	0.0286553400361794	-0.7525731534052369	-0.0142943217688156	0.0002043276348304	0.5663663512263022	-0.0065120801893	0.000293218415254	4.240718839187353e-05	8.597703904406723e-08	0.0097519839475008	0.0005908520141469	3.491061026214485e-07	9.51011909123133e-05	-0.0008447798511669	6.577773913299997e-06	7.136529969375698e-07	4.326710965448995e-11	0.0	0.0	0.0	0.0	0.0	0.0	0.0	0.0	0.0	0.0	0.0	0.0	0.0	0.0	0.0	0.0	0.0	0.0	0.0	0.0	0.0	0.0	0.0	0.0	0.0	0.0
5691.178170307009	13.767055515390894	32389508.96617904	189.5318175638548	4298.632550277532	1.9760819374823768	18478241.80230552	3.904899823644104	3957.096356102196	4.897870961781791	23.989139958265287	15658611.571477275	3977.438959893773	6753.216948679162	0.929166	28.624353	0.1637628213906108	0.1070081980242596	-0.0174893221	-0.0486151023	0.0156630889	0.032337182	-0.0110158896	-0.0118089418	-0.0831225498	0.0193038806	-0.041734136	0.0359463941	-0.0514609654	-0.031498301	0.0051028126	0.0006189245	0.019715741	0.0410843675	-0.0124958173	0.0242613062	0.0495628059	-0.0473276216	-0.0693576618	-0.0111917437	-0.0314942075	-0.0533339067	-0.0816379579	-0.0818922059	-0.0036246835	-0.0343872441	-0.0028656147	0.0224269264	-0.0202160627	0.045434198	0.0387422616	-0.0249225717	-0.0062411295	-0.0146185715	0.0589736674	0.1161528431	0.0877990585	0.0546209572	-0.0130487337	-0.0402464279	-0.0485319699	-0.0455136418	0.0509511231	-0.0468172245	0.0397265885	-0.0353175015	-0.0257027423	0.0006875272	-0.0612943414	0.0820422316	0.0449763877	-0.0276288399	0.0604927057	0.0121307542	-0.0483505273	0.0418225125	-0.0316624836	0.0587109761	0.0115132894	-0.0121283882	0.0198366819	-0.0054937456	-0.0187780315	-0.0698327976	-0.0093771858	-0.0311996631	0.0614876376	-0.0420952837	0.1456749965	-0.0142219411	0.0643867344	-0.007097244	-0.063329375	0.0608879362	-0.0105782122	0.0409482437	-0.0786422599	-0.0707092889	0.0393535161	0.1023338303	-0.0139654791	0.0002295282	0.0152731617	0.0748502596	0.0430084818	-0.0265897371	0.0267745891	0.055979879	0.0244287634	0.0066001442	-0.0137112218	0.0176289113	-0.0843354324	0.0143290244	0.0447486232	0.0419037825	-0.0657192817	0.0225743981	-0.0403530012	0.0155839554	0.0286976276	-0.0004031853	0.0253447709	0.0618144961	0.0047818153	0.017942849	0.0279573617	0.0630627498	0.0253438331	-0.0237296703	0.1064166119	-0.1008433937	-0.0374844127	0.1187459722	-0.0019001504	-0.0148269502	-0.0362324846	-0.0454656814	-0.0467822528	-0.0111744331	0.0289537355	-0.048934105	0.0569520187	0.0674685523	-0.0437406509	0.0314760425	-0.0117005348	0.04429204	0.0091672849	0.0026998628	-0.0252417942	-0.0037826731	0.0130821078	0.0292949561	-0.0539977705	-0.0329005548	0.0095421035	-0.0036602612	0.0631777577	0.0177433713	0.0123471852	-0.0062084507	-0.0459014084	0.0075298309	0.0354781366	0.0294322546	-0.0016580341	-0.055562888	0.1118068605	0.0008047051	-0.0693328402	0.0126389232	0.0120951186	0.0770913479	-0.0184408707	0.0079337	-0.0008717854	-0.0620682828	0.0157843959	0.1045368538	-0.0460596619	-0.0467918173	0.0576485567	-0.0980036974	0.0357948182	0.0145602113	-0.0094752635	-0.0925682019	0.0837695089	-0.0697192167	0.0512981531	-0.0296611541	0.0798826281725837	0.0076149691982436	0.0063812342837592	5.798775589020028e-05	0.163794837657349	-0.0054840447709665	3.007474704996508e-05	0.0268287488431973	-0.8488812991851376	-0.0963081457799006	0.0092752589435625	0.720599460106247	-0.0067191881931903	-0.0002071080038902	4.514748997550793e-05	4.2893725275424385e-08	0.0104650784966031	0.0007130945491022	5.085038359594115e-07	0.00010951786794	-0.0006778691713295	0.0001669106798374	4.59506613438943e-07	2.7859175043783068e-08	0.0	0.0	0.0	0.0	0.0	0.0	0.0	0.0	0.0	0.0	0.0	0.0	0.0	0.0	0.0	0.0	0.0	0.0	0.0	0.0	0.0	0.0	0.0	0.0	0.0	0.0
5690.89097245183	-0.287197855179329	32386240.060333733	0.0824826080196068	4292.576349084216	-6.056201193315246	18426211.71271718	36.67757289391301	3952.8551103911527	-4.2412457110431205	17.988165181441666	15625063.523745451	3976.804564293627	6840.381144883311	1.071961	33.023365	0.3131203547529571	0.1687221665407422	-0.0593900473	-0.061741151	0.0519525259	0.0135437683	0.0684939339	-0.0084647489	0.0093840422	-0.0661213852	-0.037229322	0.0624213667	0.0497530236	0.0135000317	-0.0170002491	-0.0703905415	0.0541083151	0.0325139854	-0.1036114874	0.0216189297	0.0124734929	0.0033167664	0.0324268433	-0.012351325	0.0865289305	0.0071839568	-0.0289528526	-0.0026194002	0.0565962263	-0.0438212535	-0.0455544086	0.0370108454	0.0850962025	-0.0540926166	0.0901560541	-0.0054877996	0.0580990441	-0.0157486605	0.0559000739	-0.0085555592	-0.0373690954	0.0084345198	-0.0318512774	0.0254158593	0.0402619879	0.0220155707	-0.0951178407	0.0140465374	-0.0260117658	-0.0349977445	-0.0246064847	-0.0226703107	0.0435825063	-0.0672000366	0.0491279326	-0.0099599617	0.0304914194	-0.0242516928	-0.0600716361	0.021080435	-0.1084523646	-0.0572884374	-0.027178203	0.0001132034	0.0520413187	-0.0484615906	0.0509545336	-0.0225694856	-0.0327602631	-0.0454653603	-0.0078595019	-0.0565280554	0.1036198739	-0.0429180425	-0.0576400548	0.0008830148	-0.0737320515	0.0484146453	-0.0525858118	0.1329349273	0.0392078817	0.0199897708	-0.0726058625	-0.0598549264	-0.0139580537	-0.1035194842	0.0513177412	0.0486971105	-0.101823806	0.0562366975	0.0048518205	-0.007167285	0.0077077608	0.0467701973	-0.0409287738	-0.0548586255	0.0082526276	0.0012825788	-0.030387297	-0.0330913591	-0.0231186365	0.0907684388	-0.003122143	-0.0199299774	-0.0804781994	0.1083734426	-0.0485101481	-0.0661825528	-0.0352819091	0.0414564858	-0.0370051776	-0.0726248298	0.0497086092	-0.0033181068	-0.0694147543	-0.0552452276	0.007065238	0.077907927	-0.1080441256	0.0025591912	0.0708595659	0.0890866506	0.0247196807	-0.0303229821	0.0255462198	0.0748682958	-0.0214524916	0.055618879	0.0649075253	-0.0428145912	0.074805073	0.0227289104	0.0220153997	-0.0355679918	-0.0353637249	-0.0004290872	0.0714337596	0.0836160817	-0.0467306343	0.0084555469	0.0632342498	0.0294735046	0.039399675	0.0254208627	-0.0296761666	-0.0745026598	0.0267092941	0.0584973295	0.1203819209	-0.0049361317	0.0082373058	0.0591166594	-0.0074491624	-0.0503286349	-0.0251879974	-0.0531399286	-0.0083065852	-0.0584115132	-0.1071240721	-0.0688604142	0.095237739	-0.0440351334	0.072602448	-0.0557875319	-0.1936829267	0.1387420177	0.160794589	0.0684162344	0.0524052491	-0.0138761514	0.0859980902	-0.0928992083	0.0850543252	-0.0724665061	0.0558376933	-0.0360951694	0.1209976531308143	0.0411150249582306	0.0146404320631648	0.0016904452773159	0.2102690596507415	0.0464742219933924	0.0021598533098911	0.044213077446407	-0.9831698389937316	-0.134288539808594	0.0180334119239243	0.96662293230696	-0.0062463624906946	0.0004728257024957	3.901704436515644e-05	2.2356414494055237e-07	0.0114684229916817	0.0010033444950785	1.0067001758045296e-06	0.0001315247259161	-0.000329188009049	0.0003486811622804	1.083647453016445e-07	1.2157855292928037e-07	0.0	0.0	0.0	0.0	0.0	0.0	0.0	0.0	0.0	0.0	0.0	0.0	0.0	0.0	0.0	0.0	0.0	0.0	0.0	0.0	0.0	0.0	0.0	0.0	0.0	0.0
5697.283489964392	6.392517512562336	32459039.16502085	40.86428014841615	4358.440603787782	65.86425470356517	18996004.496746004	4338.100047656106	3953.8040937104097	0.9489833192569676	0.9005693402279719	15632566.811441194	3977.160645661069	6733.661035994757	1.402494	43.205936	0.433120735167818	0.3235123938169763	0.0412198856	-0.0048488946	-0.0387518982	-0.0029773778	-0.0510273087	0.0205246446	0.0455243849	0.0272407028	0.0763293035	0.0319367851	0.0017014338	-0.080163659	-0.0704280577	0.0822347463	-0.0235668239	0.0103415914	0.0860090333	-0.0235441669	0.037609801	0.0676423354	-0.0162228486	-0.0362995295	0.017113049	-0.0809145183	0.043241963	0.0131166706	0.0009314034	0.0644058448	0.0549406277	0.0250167958	0.0575408065	0.0228252579	0.0291510295	-0.0265553119	0.1334436116	-0.0510816314	-0.0087635822	-0.0091263877	-0.0708818077	-0.0752654249	0.0931660692	0.0605070553	0.0499389722	0.0176983283	0.0192539873	0.0025989655	-0.0015621313	0.0668146481	0.0636359978	0.0139551013	-0.0210111465	0.0166022387	-0.0034391007	-0.0145165869	-0.0936972503	-0.087484233	-0.1420039359	-0.0275003133	0.0628489872	-0.090959659	-0.0506108794	0.0653366132	0.0646345613	0.096245555	0.0445682357	0.0974735766	0.0474212963	0.0569658238	-0.0288645638	-0.067532469	0.0488521617	0.0483939383	-0.0101240257	0.0610550184	-0.0372728893	-0.0560411464	-0.0669790064	0.0823186617	0.0718164836	-0.0501296076	-0.109727002	-0.0329705593	-0.00826652	0.0782226467	-0.0350684729	-0.072253618	0.0315968913	0.0601431298	-0.0485127722	0.0486872058	0.0536629306	0.0260603179	0.1127482001	0.0480942488	0.001660578	0.0888308111	-0.0505879136	-0.0027414469	0.052309792	-0.0180013353	-0.0223789272	-0.0434008728	-0.0596275448	0.0369498539	0.0536655247	0.0613726052	0.0088125309	0.0075590005	-0.0524678151	0.0294693197	-0.0341262538	-0.0248094572	-0.0991977782	0.1044948215	-0.1517511748	-0.0095178828	0.0567069838	0.056744954	0.0060664988	0.0203926732	-0.0043647682	-0.0142377984	0.0625219183	0.0042486237	0.0146992681	0.0114843004	-0.0348491045	-0.0442885804	-0.0249156985	0.0640867983	-0.1701516661	0.0402823267	0.0257330397	-0.0440361423	0.1057197955	0.091708488	0.0655214424	0.0822778904	0.1270137581	0.0056522743	0.0184989923	-0.0474132129	-0.0586056599	-0.0605301973	0.0047092405	-0.031694471	-0.0450460486	0.0374282919	0.0214541171	-0.0265812926	-0.0755355928	-0.0814830274	0.0079982656	0.0507813143	-0.025194683	0.0361991541	-0.0277190415	0.0309302613	-0.0050906488	-0.0444264113	-0.0764619058	-0.1526116841	0.0109701412	0.0518221575	-0.0549903604	0.0768869938	-0.0133836957	-0.0167703669	-0.0306022316	-0.0932110979	0.0862691351	-0.0750796043	0.060193436	-0.0423435691	0.1005048698938111	-0.0204927832370031	0.0101012288723718	0.0004199541647987	0.2314436141327576	0.0211745544820161	0.0004483617575118	0.0535661465228327	-0.6814054266962728	0.3017644122974587	0.0910617605292306	0.4643133555311296	-0.0065407520597114	-0.0002943895690168	4.278143750661893e-05	8.666521834589763e-08	0.0100310547483803	-0.0014373682433013	2.0660274668513512e-06	0.000100622059365	-0.0003912098997576	-6.202189070860002e-05	1.530451856683515e-07	3.846714927069526e-09	0.0	0.0	0.0	0.0	0.0	0.0	0.0	0.0	0.0	0.0	0.0	0.0	0.0	0.0	0.0	0.0	0.0	0.0	0.0	0.0	0.0	0.0	0.0	0.0	0.0	0.0
5686.882058549953	-10.401431414438775	32340627.547857355	108.18977546927384	4301.839241331579	-56.60136245620288	18505820.85826025	3203.714231898453	3955.780046650655	1.9759529402454064	3.9043900220644665	15648195.77747946	3975.607977002792	6796.55486081587	1.043368	32.142525	0.1144403568484079	0.0750419568560118	0.0130573409	-0.0314306618	-0.0126109126	0.0419001202	-0.0683410601	0.0053378749	-0.0963995585	0.0636385291	-0.0309486646	-0.0385942435	-0.0603124802	0.0156329241	0.0434329808	-0.0161310774	-0.0006895414	0.03245884	0.0300859832	-0.014314672	0.0342716446	0.00719531	-0.0708713776	-0.0549971919	-0.0504273751	-0.0502352838	-0.0604488858	-0.1080313289	0.0478616792	-0.0250717702	0.0260865607	-0.0065835988	-0.0644124951	-0.0011300638	-0.0274538661	0.1216545645	-0.0354675814	0.034805138	-0.0169988489	0.1090160806	0.0046825011	0.0455609366	-0.0568272122	-0.0180424568	0.0734142824	0.0027768325	0.072792744	0.0227956062	-0.0323035573	0.0180238944	-0.0448116346	-0.0303090075	-0.032554224	-0.0658832232	-0.0612818009	-0.086477375	-0.0549760369	-0.0525925937	-0.0473828682	-0.0383099233	0.0256738486	-0.0320032388	-0.0531309851	-0.0461258237	-0.0212452211	-0.0724132315	-0.0317337606	0.0188496567	-0.0034655564	-0.0832461945	0.028674594	-0.0924112258	0.1021998362	0.0253646528	0.0482537625	-0.0864417014	0.0306979474	0.0298533705	0.0753601462	-0.0699896384	-0.0126989414	0.0775294713	-0.0089493431	-0.0216131461	0.1158042442	-0.0133448764	-0.0039412687	0.0709223689	0.0931622255	-0.0461634633	0.001110995	0.056588047	0.0161491262	-0.011817565	0.0350651674	0.0407261636	-0.1041535818	-0.0311042552	0.0103716112	0.0414356214	-0.1429496757	-0.0136232939	0.0612669983	0.007672482	0.103252492	-0.1001143895	-0.0022271501	0.0328681724	-0.0097672081	0.027456924	0.105183733	-0.0362154057	-0.0137387206	-0.0748113258	-0.0215670899	-0.0549172977	-0.0665989854	0.0343080395	0.0306945362	0.0144897548	-0.013701346	-0.0227703778	0.0073902299	0.0359758324	0.0139021235	0.079137164	-0.0073719785	0.0335726408	0.0167310774	-0.038198651	0.0652433689	-0.0469311932	-0.0271652116	0.0203882297	-0.0269755932	-0.0502833543	-0.0510719432	0.0487564586	-0.0200082454	0.0233462069	-0.0287324307	-0.0199100192	0.0314572186	0.0079655851	-0.0303146361	0.0802859963	-0.0969901263	-0.0205816132	-0.0178843789	0.040601012	0.0166633915	-0.0917009654	0.1127611651	-0.0063560382	-0.0638231444	0.0611719439	0.0312279234	0.0485839804	-0.0157867272	0.0355225801	-0.0266164291	-0.0577555568	-0.0044043408	0.0772397393	-0.0285361127	-0.0624504477	0.0390944519	-0.0716599901	0.0343539351	-0.0576972582	-0.0436016394	-0.0935038064	0.0874129386	-0.0775536723	0.0643510435	-0.0483742215	0.094717190116043	-0.0057876797777681	0.0089713461034786	3.349723720998585e-05	0.1836186444392638	-0.0478249696934938	0.0022872277261836	0.0337158065857127	-0.7393455779602789	-0.057940151264006	0.0033570611284959	0.5466318836494188	-0.0065823048876211	-4.1552827909699386e-05	4.3326737633600615e-05	1.726637507293092e-09	0.0100250477615926	-6.006986787699536e-06	3.60838902675968e-11	0.0001005015826222	-0.0003810185921922	1.0191307565400013e-05	1.45175167596126e-07	1.0386274989257954e-10	0.0	0.0	0.0	0.0	0.0	0.0	0.0	0.0	0.0	0.0	0.0	0.0	0.0	0.0	0.0	0.0	0.0	0.0	0.0	0.0	0.0	0.0	0.0	0.0	0.0	0.0
5673.467135125997	-13.41492342395668	32188229.333354782	179.9601704706216	4295.39439774453	-6.444843587049036	18450413.03217509	41.53600886152708	3951.957884620461	-3.8221620301942494	14.608922585058624	15617971.121813828	3974.515088742046	6745.995626438035	1.149322	35.406609	0.0906480938566288	0.0644482121376068	0.0169274401	-0.0502907286	0.0108733883	-0.0515237214	0.1195774749	0.0783634675	0.0174430165	-0.0106040902	-0.0464297479	-0.0600779234	0.0655817894	-0.0308102474	0.0420468342	-0.1234927155	-0.0053035865	0.0332103655	0.0052910462	0.0053908624	0.0112172368	-0.0902199026	-0.0494973037	-0.0527223609	0.1264869951	-0.0121129484	0.0231958916	0.0066174609	0.0097456371	-0.0222092285	-0.0409303889	-0.0838976137	-0.0120538915	-0.0297866322	0.0260599001	-0.0243360938	0.0414768882	0.0761579786	0.0992926344	0.0714922253	0.0127106785	-0.0703138036	-0.0151484875	0.0596017472	0.0066815839	-0.0296135832	0.0084785929	0.1157946952	0.0201460147	0.0280481138	0.1057591763	0.0018236643	0.0942301458	0.022362358	0.0313278416	-0.008603882	-0.0587452803	-0.0014619234	0.0034518034	0.0321640633	-0.0705540712	-0.2083726284	-0.0009748428	-0.0447759255	0.0427483135	-0.0019820326	0.0523344433	0.0573347365	-0.0008251142	0.0950932419	0.0114359275	-0.0225857894	0.0666129559	-0.0304395503	0.0245387447	-0.035417808	-0.0282862242	0.0478190494	-0.0169720922	-0.0836142042	-0.016600019	0.0365153421	0.0085180224	-0.0903328638	0.0996826303	0.0558683768	-0.0056462919	0.0049996138	-0.0022295544	0.0447908752	0.0027691961	0.0373450573	0.0058903891	0.1512382395	-0.0662168467	0.0146646962	-0.0236141501	-0.0352600728	-0.0459432058	-0.1014890339	-0.016063597	0.0801444232	0.0270176619	0.0086433032	-0.0423478817	-0.0642735804	0.050558831	-0.0450050973	-0.0697930747	0.0339524388	-0.0428647932	-0.1152883601	-0.0201526444	0.0400944533	-0.0205396254	-0.0046112453	0.0290250499	0.0548920796	-0.1404540022	0.0718272184	-0.0290624857	-0.0298855567	0.0037012547	0.012384818	0.0442020744	-0.0695479733	-0.0589034572	-0.0020734915	0.0541500267	-0.0149567742	0.0036945125	-0.0581241866	-0.0308286766	-0.0335534351	0.0515991227	0.050751932	-0.0017392542	0.1562439669	0.0611067628	-0.0254447455	0.0363477726	0.0128155969	0.0590883924	-0.0604342377	0.0038563928	0.0404581219	-0.01254558	-0.0044672776	0.0134351761	0.0360663016	0.0052716074	0.0903211776	0.0424145193	-0.0614509809	-0.0719921206	-0.0714562762	0.021235078	0.0644871098	-0.0578818202	-0.0937229407	0.0761738344	-0.0206966854	0.0357141259	-0.0294780312	0.0205464579	-0.0366875103	-0.0573078246	-0.0261509045	0.0097065359	0.0103450307	-0.0151101138	-0.0937772737	0.0884847944	-0.0798841288	0.0682968306	-0.0541561147	0.0886543128918759	-0.006062877224167	0.0078595871943306	3.675848023532411e-05	0.1852318122537468	0.001613167814483	2.602310397683883e-06	0.0343108242708073	-0.7971679965851877	-0.0578224186249087	0.0033434320956341	0.6354768147796418	-0.0064834003238818	9.890456373929952e-05	4.203447975971063e-05	9.78211272846116e-09	0.0103632277125922	0.0003381799509995	1.143656792580915e-07	0.000107396488623	-0.0004469266813147	-6.590808912250001e-05	1.9974345847097145e-07	4.3438762117794044e-09	0.0	0.0	0.0	0.0	0.0	0.0	0.0	0.0	0.0	0.0	0.0	0.0	0.0	0.0	0.0	0.0	0.0	0.0	0.0	0.0	0.0	0.0	0.0	0.0	0.0	0.0
5669.162210270889	-4.304924855107856	32139400.16636351	18.5323780081254	4303.633470736287	8.239072991756984	18521261.050441656	67.88232376349939	3949.55585986988	-2.4020247505809493	5.769722902403472	15598991.490232509	3974.139402212017	6686.127508823434	0.914008	28.157383	0.1474414588009817	0.1077018180898294	0.0268344144	-0.0192386182	-0.0141847483	0.0254890033	0.0438866636	0.1081729885	0.0703763525	-0.0079233386	0.0231156756	-0.0273431726	0.0343458058	-0.0615398916	-0.0768360605	-0.0937017224	-0.0221573667	-0.0197689068	0.0360710644	0.0118978527	0.0755954523	0.0199984683	0.0100562908	0.0242750599	0.0759674204	0.0030164071	0.060122405	-0.0444733747	0.0157893748	0.065867963	-0.0248905634	-0.0655817836	0.1039284794	0.0554000287	-0.0428332225	0.0134703013	-0.009881417	0.0638184128	0.0007195529	-0.0445306328	-0.0279468386	-0.074899523	-0.0876638216	-0.0212688506	0.0020731108	0.0949733063	0.0371913324	0.0024555372	-0.0490837405	0.0268966539	0.0034427761	0.0313638476	0.1274630584	-0.0035321756	0.0106391775	0.0387434162	0.0189526071	-0.0234373049	0.0643626047	0.0244673475	0.0287637707	-0.0147103399	-0.0187173491	-0.0107460253	0.0356114647	-0.0716598151	0.1075501575	-0.0119871437	-0.1060765797	0.0382757707	0.0428769213	0.0545710159	-0.0695334209	-0.0148463182	-0.0045759163	0.0552010842	-0.0228222808	0.0339435685	0.1086781246	0.0309781432	0.0217046752	-0.1088391921	-0.0257879403	0.0789108461	0.0401803719	-0.0296759249	-0.0150726232	-0.0747633376	-0.0160752448	0.0319141629	4.58486e-05	-0.0458100796	0.0732437113	0.0588455469	-0.0151462257	0.0063612335	0.0279317576	0.025504078	-0.0239236379	-0.0254590072	0.0138015747	0.0090309633	-0.1003360666	-0.0199662534	0.0426668446	-0.0621644028	0.032626414	-0.0726371967	-0.0795937323	-0.0768926546	0.0418991771	-0.0515747987	0.0441638386	-0.0557123884	-0.039078422	0.0180182581	0.1237913018	-0.0969377607	-0.0709976714	0.0509655305	0.0016717349	0.0140661473	-0.0015221601	-0.0387434182	0.0596250626	0.0426023449	-0.0233462084	0.0859579006	0.0777978369	-0.0971517888	-0.0808911447	-0.0650195612	0.0135995252	-0.0189426809	0.0122221574	0.0308819562	-0.0170750428	0.0607948178	-0.0048527739	0.0047702883	-0.0297299861	0.0220681163	-0.0438842623	0.0754681393	-0.06588974	0.0371309043	0.0292213794	-0.0270366071	-0.0285677436	0.0332288716	0.0139724694	0.0081194768	-0.0670220503	-0.0522442219	-0.020421562	-0.0894275578	0.0121355197	0.0784546877	-0.0456364018	0.0188330359	0.0355752365	0.0165437333	-0.0215476876	-0.0663567461	0.0422329809	-0.01281113	-0.0365218317	-0.0223545546	0.0366323285	0.0128938291	0.0495896035	-0.0940314435	0.0894838202	-0.0820666583	0.072017809	-0.0596595157	0.0851683717813358	-0.0034859411105401	0.0072536515518838	1.2151785426153624e-05	0.1943269603979871	0.0090951481442403	8.272171976567798e-05	0.0377629675375208	-0.6964725440002013	0.1006954525849863	0.0101395741712952	0.4850740045461123	-0.0066184017232191	-0.0001350013993373	4.380324136990956e-05	1.822537782302921e-08	0.009934152246849	-0.0004290754657432	1.8410575530274417e-07	9.868738086357502e-05	-0.0005661481554585	-0.0001192214741437	3.2052373392906184e-07	1.4213759897020755e-08	0.0	0.0	0.0	0.0	0.0	0.0	0.0	0.0	0.0	0.0	0.0	0.0	0.0	0.0	0.0	0.0	0.0	0.0	0.0	0.0	0.0	0.0	0.0	0.0	0.0	0.0
5668.110216397506	-1.0519938733832532	32127473.425229777	1.1066911096359002	4297.727291491327	-5.906179244959276	18470459.87202938	34.882953273587724	3948.957893396326	-0.5979664735536971	0.3575639034942444	15594268.44381715	3971.800870811508	6653.916660430935	0.957684	29.502903	0.1826967018907167	0.115855711637966	0.0036856731	-0.062763583	0.02602781	0.1022631551	-0.0140250738	0.049811991	-0.0292235493	0.0106156351	0.0087055139	-0.0044885605	-0.0461562159	0.026685794	-0.0354842604	-0.084257803	-0.009601992	-0.0063811628	-0.0217125114	0.0013485272	0.1084573845	0.0055980853	-0.0374788415	0.0410259007	0.0071928238	-0.008123603	-0.0489682813	-0.1016619085	0.0454165232	0.0419895508	0.0437383179	-0.0216001518	0.0081992668	0.0249361732	0.070373331	0.0276955098	-0.0953143975	-0.0069487832	-0.0819408394	0.010369344	0.0597384816	-0.0616221279	-0.045662621	0.0121298366	-0.0243570447	0.0314395988	-0.0709127967	-0.0053609321	0.089384803	-0.047406361	-0.0236305599	-0.0556583779	0.0380660464	0.0208103896	0.0339358411	0.0074081915	-0.027154898	0.0140960172	0.0824295743	-0.004391273	0.0106552994	0.0196065618	0.0010120378	-0.0406851095	-0.0891781236	0.0420144891	0.0016523065	-0.0038056757	-7.257e-07	-0.0267716631	0.0307656469	0.0198352814	-0.0626277294	-0.0169255865	0.0203717224	-0.022013527	-0.0192105745	-0.0322936723	-0.0897413096	-0.088851858	-0.0571545045	-0.1310724346	-0.0825747277	0.0733593138	0.0873175094	-0.0380780569	-0.0032799526	0.0316184754	0.0103742305	-0.050774039	0.0236361919	-0.0506354179	0.1090220677	0.0104452491	-0.0201655749	-0.007052124	-0.0465887943	0.0128759682	0.0075669204	0.019409841	-0.0710463673	-0.0289126177	-0.0721131956	-0.0088789065	0.0646070888	-0.0784396939	-0.0031589135	0.0130773873	0.0152077699	0.0152954682	-0.0579478607	-0.0500967612	-0.0264307862	-0.0679016529	0.0331167677	0.0486618043	0.0567028863	0.0041912615	-0.0115789581	-0.0125496461	-0.0145024962	0.0583524194	0.0636245035	-0.0499886659	-0.0480212387	-0.0188288555	0.047882941	-0.088900656	0.0291306485	0.0250841643	-0.0368258945	-0.0089783901	-0.0293260485	-0.0495013021	-0.047384687	0.0818803425	0.009892934	0.0361769229	0.0624955005	-0.0377242564	-0.0793149579	0.0362198899	0.0047110435	0.0113669012	0.0210605731	-0.0670888614	0.0261399774	-0.002939302	0.026009921	0.0427904498	0.0111972625	-0.1103171936	0.052018302	0.0253173893	-0.0419096401	-0.0806131273	0.0257564995	0.0361744991	-0.0160744724	0.0593352262	-0.0358305419	-0.0180667004	-0.06057619	0.017829406	0.0098639218	-0.0291662192	0.0204930846	-0.1070717433	0.016451333	0.0093253428	0.0515101342	-0.0942662634	0.0904091936	-0.0840972192	0.0755017308	-0.0648561241	0.0884849398300104	0.0033165680486746	0.0078295845767205	1.0999623621489322e-05	0.1460214083819977	-0.0483055520159894	0.0023334263555694	0.0213222517058621	-0.793896320370564	-0.0974237763703627	0.0094913922022624	0.6302713674979212	-0.0064813661159487	0.0001370356072704	4.200810672896794e-05	1.8778757659967413e-08	0.0104521254462985	0.0005179731994495	2.682962353479516e-07	0.0001092469263451	-0.0005481408530646	1.8007302393899965e-05	3.004583947983874e-07	3.242629395053554e-10	0.0	0.0	0.0	0.0	0.0	0.0	0.0	0.0	0.0	0.0	0.0	0.0	0.0	0.0	0.0	0.0	0.0	0.0	0.0	0.0	0.0	0.0	0.0	0.0	0.0	0.0
5671.514420928138	3.4042045306323416	32166075.82679583	11.588608486377762	4312.030930959089	14.303639467761968	18593610.74954791	204.59410202371788	3948.965693854255	0.0078004579286243	6.084714389623899e-05	15594330.051237816	3968.819310245057	6680.390833897161	1.075779	33.140991	0.0482612099522276	0.023783397901678	0.0083289141	-0.0585003082	-0.0061256001	-0.0784971255	0.0619372522	0.0085364686	-0.0103804139	-0.004601917	0.0464381388	-0.0132095909	0.0538794418	0.0044431435	0.0818854053	-0.0653575045	-0.0038767117	0.0258035882	-0.0265645033	-0.0022822979	0.0032748047	-0.0836163043	-0.0349271469	0.0590250132	0.0719818547	-0.0120578323	0.0586508607	-0.0383755828	0.0685907699	0.0728467201	-0.0389518934	0.0208961078	0.0418882409	-0.0169451526	0.009523539	0.003558696	-0.0261063032	0.0418826137	0.0039157933	0.0184162135	-0.0251929725	0.0169642665	-0.0802041028	-0.0041299438	-0.0441404795	-0.0342603529	-0.1211416626	-0.0183804287	0.0140510172	-0.040953189	0.1023183225	-0.0033161859	-0.0553812005	0.0858978364	0.0016795228	0.0093171476	0.0523048598	0.0796434552	-0.0138270728	0.0540101174	0.0477642117	0.0017843774	-0.0202044914	-0.0305393936	-0.078813952	-0.0625513873	-0.0890136169	-0.0199547745	0.0250267393	0.0230306906	-0.0323353838	0.0497776011	0.0463696437	0.0344362147	0.0750401293	0.0327954094	0.0323192999	-0.0447320189	-0.1290627463	-0.0143859333	0.0210851104	-0.0277075733	-0.0239906692	-0.065906298	0.0048649491	-0.032651664	-0.0006778358	0.0224292202	0.00591788	0.0226400763	0.0160733261	-0.0647595834	-0.039327067	0.080621893	-0.0704578139	0.0559167127	-0.0370478976	0.0355987237	0.0004583548	0.0142281421	-0.0341571393	-0.0614380942	-0.1217664224	-0.0319438291	-0.0217342025	0.0138002774	0.0511846042	0.0367242801	-0.0321630138	0.0019785602	-0.0613360655	-0.0411655307	-0.0258327734	0.0904647048	0.0164073507	-0.0304827923	0.029168277	0.0059999575	-0.0782398258	-0.0227039459	0.0364350874	-0.0080446543	-0.0351836104	0.0339794879	-0.0508689304	0.021840261	-0.023992089	-0.086676953	-0.0201323815	0.1200452585	0.0626267546	-0.0409021902	0.0711062494	-0.0142140172	-0.0702020335	-0.0300717408	-0.0231396921	0.0254597218	-0.0120947705	-0.0311179947	-0.0495030419	0.035656904	0.0379433327	-0.0296105062	0.0343609306	-0.0457903141	-0.0028541119	-0.0026797797	0.0151034507	0.0369052113	0.0174262131	0.1036615755	0.0542853065	0.0249024784	0.0182945173	-0.1030522362	-0.0156560831	0.0320789098	-0.0243517602	-0.0925193887	0.0631284912	0.0620640339	0.0233345528	0.0815247836	0.0064156523	-0.0472913592	-0.0297719049	-0.0660882501	-0.066266036	0.0103628839	0.0583495696	-0.0944816852	0.0912601531	-0.0859720514	0.0787371281	-0.0697192167	0.0936338603617201	0.0051489205317096	0.008767299806238	2.651138264186161e-05	0.1589782306054559	0.0129568222234582	0.0001678792421303	0.0252740778064415	-0.8072260221058087	-0.0133297017352447	0.0001776809483505	0.6516138507647676	-0.0063992954801181	8.207063583060004e-05	4.095098264185994e-05	6.735589265638971e-09	0.010374505587172	-7.76198591265001e-05	6.024842530817721e-09	0.0001076303661782	-0.0003713160387854	0.0001768248142792	1.378756006592807e-07	3.126701494487358e-08	0.0	0.0	0.0	0.0	0.0	0.0	0.0	0.0	0.0	0.0	0.0	0.0	0.0	0.0	0.0	0.0	0.0	0.0	0.0	0.0	0.0	0.0	0.0	0.0	0.0	0.0
5674.309553644354	2.795132716216358	32197788.910579592	7.812766901263035	4329.889058812161	17.858127853071892	18747939.261621263	318.9127304166621	3944.6637017327375	-4.301992121517287	18.50713621359681	15560371.719767824	3965.4509671469314	6683.966085023121	1.361634	41.947201	0.5331676685073683	0.3002231354265577	0.0652257114	0.1122178611	-0.0801810097	0.0006995253	-0.0269136308	0.0296765142	0.1243746649	0.0228513951	0.1290057636	-0.0124887698	0.0044937625	0.0270574112	0.0099274175	0.0167719359	-0.0607668999	-0.0582574109	0.0807902405	0.0287169934	-0.0379658389	0.0750458189	0.0851922664	0.121069689	0.0636257268	-0.0118421436	0.0891341694	-0.0651684284	0.0012033903	0.0340113761	0.0446444303	0.0934809884	0.038384885	0.0622252593	0.0158367548	-0.016267215	0.0568175789	0.0109855168	0.0547639417	-0.078987235	-0.015482647	-0.0206585367	0.1347098967	0.0189696312	-0.0803887849	0.0839635644	-0.0454156849	-0.0544459429	0.0735637859	-0.0523351383	0.1157435007	0.0377329445	-0.0840393419	0.0268252448	0.1578856789	-0.0188163322	0.1752552095	0.1420494773	0.0629202593	-0.066194372	0.0868023923	0.0270757433	0.0204099556	-0.0001932637	0.1682529866	0.0341195205	0.0796440625	0.0101867946	-0.0290495989	0.0046582391	-0.0105760402	-0.0096236397	-0.0118961147	0.1091700375	0.0202858785	0.02031725	0.0251638528	0.0291282452	-0.0996006634	-0.0550530756	-0.0317548238	0.0295941518	-0.0924214834	0.124233021	-0.039383432	-0.0691754535	-0.0659161666	-0.1400037669	-0.002284795	0.0400071407	0.0295195974	-0.1053856766	0.0060254663	0.0034461288	0.0539525758	-0.0182858376	0.006427724	0.1282642678	0.0595724424	-0.0890397344	0.0214324699	-0.0491917922	-0.0929391354	-0.0730574559	-0.1096103941	0.0621084514	-0.0112623133	0.0206047038	0.0029153176	-0.0579356141	-0.0194162105	0.0088155514	-0.0096026293	0.076747461	0.1233771156	0.067082126	-0.0251278909	-0.103967135	0.1240668268	-0.059401024	-0.0578518553	0.0225914911	-0.0775012792	-0.0422896568	0.0030194861	-0.1756412353	0.0642878678	-0.0364990025	-0.0211998503	0.0242283738	-0.0354580817	0.0363611248	0.1113710246	-0.0291161267	0.01739797	0.0391924614	-0.0666723098	-0.0286744392	-0.0561437268	0.1103165643	0.1449552243	0.0537286866	-0.071913642	0.0522238464	-0.0211038274	-0.0841318591	-0.0180852969	-0.0568053544	-0.1323869159	-0.0216712196	-0.013483457	0.0229764835	-0.1465633732	0.0198622137	0.0436805834	-0.0658739072	0.0028925042	0.0090869466	-0.0007994175	0.0046292174	-0.0007680257	0.0359420934	-0.0653584088	-0.0414116678	0.027245723	0.0711854082	-0.0100181813	0.0745916015	0.0423541003	0.0445272288	0.0704044113	-0.0946776645	0.0920359983	-0.0876876832	0.081713351	-0.0742237856	0.0887959163654983	-0.0048379439962217	0.0078847147631885	2.340570211057853e-05	0.1920860631134218	0.0331078325079658	0.0010961285733755	0.0368970556424134	-0.555654103456348	0.2515719186494607	0.0632884302529708	0.3087514826878779	-0.0043134786178652	0.0020858168622529	1.8606097786780275e-05	4.350631982858534e-06	0.008106048422618	-0.0022684571645539	5.145897907416367e-06	6.570802102982778e-05	-0.0008900414790529	-0.0005187254402675	7.921738344346739e-07	2.690760823807117e-07	0.0	0.0	0.0	0.0	0.0	0.0	0.0	0.0	0.0	0.0	0.0	0.0	0.0	0.0	0.0	0.0	0.0	0.0	0.0	0.0	0.0	0.0	0.0	0.0	0.0	1.0
5684.593146923023	10.283593278668375	32314599.246044192	105.75229072107342	4319.588030205398	-10.301028606762884	18658840.750693757	106.11119035734728	3948.0258236116974	3.362121878959897	11.303863528980829	15586907.903904822	3969.7380667655448	6815.073325406309	1.233554	38.001488	0.3423265645075345	0.219533710020758	-0.0191406353	0.0512571083	-0.0498186042	0.0753100472	-0.0651683804	-0.0637999304	-0.0668926941	0.010935282	0.0685448494	-0.0080805469	-0.0698127367	0.1069383344	-0.0032533238	0.0287812672	-0.0017601687	-0.0387608841	0.0340942719	0.0184909083	-0.0136933611	-0.0390524611	-0.0079596226	0.0704899646	-0.0314677025	0.034690041	-0.0972362223	-0.1135825208	-0.0569858648	0.0427372689	0.0585442247	-0.0725617162	-0.0629593598	0.0080527218	0.0357644075	-0.0333044275	-0.125348804	-0.0713678424	-0.0999996384	-0.0683770982	0.0935450423	0.0438981733	0.055680643	0.0333082311	-0.0904122851	-0.018717219	-0.0939600086	0.0206781855	-0.0307872015	-0.0323888797	0.027939744	-0.0348375895	-0.0671291507	0.0023351576	-0.0660385496	0.0058917114	0.0488372864	-0.0868626308	0.0367050625	0.0595949798	-0.0131808924	0.0823418254	0.0292063546	0.0366371755	0.0114280319	0.0299859803	0.0430944636	-0.0790775177	-0.0572438172	-0.0585449528	-0.0486301152	0.0142976442	0.0743522363	0.018905042	0.0514863371	0.0373727898	-0.0389630988	0.0870782925	0.0415321916	-0.0648061736	-0.0294606626	0.0734052863	-0.025677018	-0.0798253851	0.0582777941	-0.035621599	0.0059692819	0.0175455096	0.0606503143	-0.0886473722	0.0590163481	-0.0891101588	0.0148317273	-0.0461221361	-0.0036951945	-0.0346003294	-0.0785213916	0.0101493475	0.162134955	-0.0215894367	-0.0117303802	-0.0038474301	-0.0537981147	-0.0317054894	0.1325150799	-0.036588999	-0.1171623741	0.0352252899	0.0950970766	0.0448445498	-0.0457719007	0.1210528427	0.0109822037	0.0978482104	0.0250506174	0.0507994691	0.06663583	0.0630359991	0.0086736675	-0.0872981856	0.0099041605	-0.0464363431	-0.0300149313	0.0607422386	0.0671420738	0.0201090553	0.0440030833	-0.070705003	0.0199523774	0.0897450065	-0.0852344395	-0.0609666873	0.0629078852	0.0178341967	0.0465399598	0.0367501575	-0.0209678767	-0.0151189183	-0.0554452015	-0.0370857041	-0.0559685321	-0.0168008232	0.0226244721	0.0752768997	-0.0128098044	0.0006628548	0.040590086	0.0076871064	-0.0363073555	0.0026904592	-0.0278964028	-0.0876267376	0.0007555084	0.1118772653	0.0251092392	-0.0258588774	0.0408330814	0.0390159605	0.0224138885	0.0337657476	-0.102674358	0.0318480081	-0.0766129918	0.1241649254	0.0237519337	0.0235733165	0.0444147302	-0.0016287695	0.0431396275	0.0432855826	0.091445183	-0.094854161	0.0927360906	-0.0892409375	0.0844206031	-0.0783466667	0.0879332138660089	-0.0008627024994894	0.0077322501008052	7.442556026252601e-07	0.1474261050863106	-0.0446599580271112	0.0019945118509833	0.0217344564609198	-0.752272279599282	-0.1966181761429339	0.0386587071897738	0.5659135826535003	-0.0045631717039715	-0.0002496930861063	2.0822535999926167e-05	6.23466372492884e-08	0.0093841285519642	0.0012780801293461	1.6334888170295982e-06	8.806186867978972e-05	-0.0004141001377454	0.0004759413413075	1.7147892408075926e-07	2.265201603655823e-07	0.0	0.0	0.0	0.0	0.0	0.0	0.0	0.0	0.0	0.0	0.0	0.0	0.0	0.0	0.0	0.0	0.0	0.0	0.0	0.0	0.0	0.0	0.0	0.0	0.0	0.0
5692.733196100421	8.140049177398396	32407211.241983715	66.2604006104643	4326.853307004835	7.265276799436833	18721659.54033868	52.78424697243511	3952.6756507997256	4.649827188028212	21.620892878526348	15623644.800425034	3974.4710132445166	6825.831444096812	0.8681489999999998	26.74464	0.1215366220890808	0.0666423356210392	-0.0207983644	0.0013632965	-0.0449829777	-0.0209214233	0.018485329	-0.079101028	-0.0497804715	-0.0158416517	0.0744397468	0.0024806356	0.0460583385	0.0550199969	0.0508199134	-0.0204927514	0.0276384149	0.0229451614	-0.0050824954	-0.0140344931	0.0094913899	-0.0262970776	-0.0427510772	0.0674759438	0.0344381908	0.0577179186	0.0060439679	-0.093480534	-0.0166298259	-0.0931458088	0.0959173925	-0.0268151013	-0.0667657482	-0.0205072404	-0.0229180568	0.0222903094	-0.0456922284	0.0385253075	-0.0033392628	-0.0201446341	-0.028140345	0.0374492621	0.0231996337	-0.0263005798	0.014849576	0.0013552846	-0.0418137586	-0.0036659039	-0.0908088775	-0.1174260963	0.0317733585	-0.0410831457	-0.0679260663	0.0537987071	-0.0506470951	-0.1056454195	0.0091083134	-0.0652944161	-0.0358503737	0.0711935336	0.0159783636	0.0306400803	0.0131079518	-0.0910700596	-0.0658201222	0.0376235845	-0.0370395631	-0.049563427	0.0335834624	0.0455438659	-0.0470969439	0.0650737011	0.0314711149	-0.0127193676	0.0561608021	0.0741709967	0.1214190621	-0.0116721538	-0.0205767007	0.0201812151	0.0348870548	0.1095528859	0.0316666267	0.0054305573	0.0494639984	-0.0286818063	0.0306561691	0.0415454659	0.0242552819	0.0081845385	0.0202285193	-0.0931715671	-0.020725397	0.0244767357	-0.0411605875	0.0075246187	-0.0725774523	-0.007439338	0.0378263265	-0.1250041693	-0.0399427537	0.0223540685	-0.0200726353	-0.0399360589	0.0259761331	0.020456084	-0.0364827688	0.0460124556	0.0063297681	0.0473226158	0.0619728675	0.0606502863	0.0079925353	0.0597984831	-0.0172307718	-0.03947179	0.0648742744	0.0076225036	0.0043329765	-0.0633392615	0.0158548365	-0.0455670187	0.0539505035	0.0386385844	0.0063589741	0.0712920463	0.0851857616	-0.0205059659	-0.017429599	0.0890259159	0.011784804	-0.0532992224	0.0567419619	-0.0108698355	0.0593996318	-0.0649712619	-0.0728040986	0.0394789227	0.0755368406	-0.0608618531	-0.0966865519	0.0055075661	-0.0229423337	-0.0292517792	0.0309795005	-0.085529235	-0.0015288247	0.0213562288	0.0097396041	0.0167695157	-0.0234139963	0.030394816	0.0375538765	0.0873281489	0.0095776707	-0.0432105239	0.0040483974	0.0176169539	0.0043982875	-0.0660098893	-0.0227534037	0.0207314053	-0.0405353624	0.1400891742	-0.0116752525	0.0158220655	-0.0029203308	0.0032015735	-0.0113891783	0.0499928793	0.0808636073	-0.0950111383	0.0933598536	-0.0906289382	0.0868499729	-0.0820666583	0.0919813637808317	0.0040481499148228	0.0084605712829816	1.6387517732879857e-05	0.1567300703370193	0.0093039652507087	8.656376938639503e-05	0.024564314947847	-0.8107429603267065	-0.0584706807274244	0.0034188205047284	0.6573041477193116	-0.0051163337747183	-0.0005531620707467	2.6176871294323204e-05	3.05988276512887e-07	0.0097801385003821	0.0003960099484178	1.5682387924594704e-07	9.565110908665622e-05	-0.0003689956329876	4.510450475779998e-05	1.361577771639196e-07	2.034416349446401e-09	0.0	0.0	0.0	0.0	0.0	0.0	0.0	0.0	0.0	0.0	0.0	0.0	0.0	0.0	0.0	0.0	0.0	0.0	0.0	0.0	0.0	0.0	0.0	0.0	0.0	0.0
5693.278936685788	0.5457405853667296	32413425.050910056	0.2978327865164207	4338.549136874268	11.6958298694326	18823008.61307245	136.7924363347118	3953.1486972788216	0.4730464790959559	0.2237729713850806	15627384.622797243	3974.166698597038	6822.932597285324	0.704723	21.710051	0.1075032347567241	0.0552726637466908	-0.0027478399	-0.0059948581	-0.0492573818	-0.0504480149	-0.0053305799	-0.0752221489	-0.0399514613	0.0084481399	0.0837958594	0.0233405191	0.0284759682	0.0247100699	0.0735312173	0.0127822881	-0.000112593	0.0366608633	0.023169111	-0.001507253	-0.0172257602	-0.0076734676	-0.0572195068	0.0288312573	0.0030341924	0.0522231078	0.0122529069	-0.0460238967	-0.0207257693	-0.0495026428	-0.0144221881	-0.083296087	-0.0556212658	-0.0504822784	-0.0170514068	0.0243704873	0.1102765768	-0.0279573471	-0.0502483709	0.0346133147	-0.019587676	0.0136349801	0.0140832909	-0.0247199736	-0.0925825161	-0.0092515018	-0.0698190368	0.016741706	0.0450315577	-0.0004465634	-0.0675448052	0.0622008644	0.0589044296	-0.0647453588	-0.0003044754	0.0162128368	0.0858075292	-0.0390341878	0.0127468913	0.1411730548	-0.0272191868	0.0761039198	0.0108180868	0.0445243115	-0.0222947951	-0.0199959807	0.0024040933	-0.0117232912	0.0931260489	0.0248886081	0.072822318	-0.0434890364	0.0264943228	-0.0414165644	-0.0370845317	0.0197365001	0.0002332695	0.0070258795	-0.0315482411	-0.0785124574	0.0226058475	-0.0625179881	0.0069181735	0.0359023404	-0.0386720247	-0.0253177794	-0.0019595026	0.0283524698	0.044815659	0.0267210754	0.0037431379	-0.0640638714	-0.0158772278	0.0402635662	0.0327781697	0.0473549275	-0.0282454479	-0.0372437223	0.0408393972	-0.0683121929	0.0309840036	0.0402920116	0.033032742	-0.0553196923	0.0567423284	-0.0248684754	-0.0227708131	0.0267371532	0.0273139056	0.0550810107	-0.0225064398	0.151125005	-0.0305847968	0.0696927079	0.0429613477	-0.0182511409	-0.0315929663	-0.0065603156	-0.0974188116	0.0083934417	0.0704452857	0.0385783368	-0.0504941016	-0.0422995535	0.0298014876	-0.0426836542	-0.0999555195	0.0616934492	0.0148812029	-0.0193244976	0.0016770787	-0.0384535769	0.0607126734	0.025905147	-0.0243062568	-0.0211702965	-0.002339375	-0.0866518117	0.0395462708	-0.028919316	-0.0945499247	0.0473313436	0.0170877629	-0.0193611336	0.0935450967	-0.0780368333	0.053221135	0.0074678557	-0.0115437518	0.023249321	-0.012230086	0.0472539495	0.0378304055	0.0928426928	0.0326359738	-0.0466407244	-0.0043286885	0.0523282612	0.0156148628	-0.0756643341	0.0027536515	0.0180937082	-0.0208750485	0.1286576976	0.0092866257	0.0209326485	-0.0125014396	0.0201049956	-0.0186125354	-0.0172685442	0.082649876	-0.0951485642	0.0939067741	-0.091849115	0.0889934638	-0.0853646308	0.0906873302826056	-0.001294033498226	0.0082241918737863	1.674522694531276e-06	0.1883265576065298	0.0315964872695105	0.0009983380077723	0.0354668922999255	-0.7818598597260689	0.0288831006006375	0.0008342335003065	0.6113048402508681	-0.0055181739124793	-0.000401840137761	3.0450243328367104e-05	1.614754963157796e-07	0.0093190850382114	-0.0004610534621706	2.1257029497958798e-07	8.684534594941558e-05	-0.0003172969651523	5.1698667835300006e-05	1.0067736409485989e-07	2.6727522559446834e-09	0.0	0.0	0.0	0.0	0.0	0.0	0.0	0.0	0.0	0.0	0.0	0.0	0.0	0.0	0.0	0.0	0.0	0.0	0.0	0.0	0.0	0.0	0.0	0.0	0.0	0.0
5692.567939322382	-0.7109973634060225	32405329.74380107	0.5055172507703156	4333.399145622164	-5.149991252103973	18778348.1552789	26.52240989674745	3951.759643356736	-1.3890539220856226	1.929470798461451	15616404.278862957	3977.90608472194	6855.863110540648	0.858692	26.453302	0.1656705797312033	0.081588900929555	-0.0026198984	0.0532806091	-0.0794199854	0.0026567215	-0.0192387344	-0.070346575	0.058584121	-0.0374358983	0.0654014074	-0.0244422172	0.0473889617	0.0542771218	0.0119316605	0.0157041162	0.0196161583	0.0027628735	0.033993137	-0.0152528729	0.0080350935	0.0122289848	0.0187165353	0.0191460844	0.0161795049	0.076054249	0.091596693	-0.0629781629	-0.0014765755	-0.0937452391	0.0402028453	-0.05812777	-0.0809608146	-0.0092253814	-0.0536560392	-0.1359826982	0.001784874	-0.0324747148	0.0400520514	-0.0567745171	0.0164977417	0.0369865958	-0.0400600533	-0.0026834128	0.0438101531	-0.026662307	-0.0621162788	0.0170022978	0.0087480604	0.0068630775	-0.0653717405	-0.0147254459	0.0258518164	0.0076694137	-0.0017311937	0.0225906518	0.0104585709	0.0148204483	-0.0351277215	0.0505669215	0.0953579274	0.0319158909	-0.0822606442	0.0041090195	-0.0222449151	-0.005680233	0.0361057016	0.0170609936	0.0211356488	-0.0114838133	0.043687479	-0.0450043069	-0.0449056581	0.0751980458	-0.1053333011	0.0487067823	0.0780204691	-0.096341254	-0.0210708379	0.0586369765	-0.1050931218	-0.0120966967	0.0670692597	-0.0321321609	-0.0125433256	0.0085662165	0.0220819207	-0.0589130959	-0.0127120508	0.0547059602	-0.0060612671	-0.0798377523	-0.0095160955	-0.0406457087	-0.0226558333	0.0090152604	0.0495225915	-0.0309820005	-0.0568283109	-0.1426583626	0.0052415793	0.0234998887	-0.0165994629	0.0150149958	0.0815287596	0.0224997196	0.0370031494	-0.0090429874	-0.0033962757	0.0174450795	0.0375157619	0.0664433214	0.03016014	0.0485516895	0.0153450354	-0.0554127109	0.111864483	0.0631391337	0.0100878965	0.0241307793	0.057718765	0.0101356045	0.0365295901	-0.0179927508	0.010522355	-0.0080831107	0.0149176929	-0.0236876801	-0.0095487038	0.0849789097	-0.0278221401	0.0020151491	-0.0810405988	0.004823922	0.0072371164	-0.0164450778	0.0367082078	-0.1208165748	0.0201889308	0.0602411787	-0.0230701155	0.13266638	-0.0397477229	-0.0371873155	0.0228629158	0.1041042763	0.0425439551	0.00243443	-0.0481267708	0.0079444899	-0.0365937697	0.0115807949	-0.0694025151	0.0706371963	0.0466500766	-0.0144994985	-0.0391910803	0.0370585233	0.0124764469	-0.0505485457	-0.0093049507	0.0483411919	-0.0564544943	0.047962381	0.0591145396	0.1034358096	-0.0282850709	0.0721219045	0.0163691049	0.0517166843	0.0169453748	-0.0952664105	0.0943764019	-0.0928992083	0.0908440203	-0.0882236248	0.0970422651760714	0.0063549348934657	0.0094172012305029	4.03851975001891e-05	0.2121427748698749	0.023816217263345	0.0005672122047348	0.0450045569294904	-0.7194193484585014	0.0624405112675674	0.0038988174473552	0.5175641989364547	-0.0047932234986849	0.0007249504137944	2.2974991508345117e-05	5.255531024606718e-07	0.00880796260823	-0.0005111224299814	2.612461384300916e-07	7.758020530797783e-05	-0.000542402447513	-0.0002251054823606	2.9420041506809266e-07	5.06724781888434e-08	0.0	0.0	0.0	0.0	0.0	0.0	0.0	0.0	0.0	0.0	0.0	0.0	0.0	0.0	0.0	0.0	0.0	0.0	0.0	0.0	0.0	0.0	0.0	0.0	0.0	0.0
5678.67019471522	-13.897744607162169	32247295.180346992	193.1473051659051	4326.006006173842	-7.393139448321563	18714327.96545216	54.65851090232846	3948.225218967747	-3.534424388989009	12.492155761480332	15588482.379692914	3973.380583424684	6790.911036159753	1.009944	31.112846	0.1698761691679156	0.0873726308528397	0.026513833	0.0139468702	-0.0439542966	0.003349581	-0.081367454	-0.0128141743	-0.0225558121	0.0400303265	0.0352541612	-0.0356986687	-0.0331189457	-0.0589144052	-0.0057830391	0.0332062394	-0.0268151524	-0.0214897883	0.0597228526	-0.020051648	-0.0133351158	0.0515249951	-0.0593095967	-0.024386956	-0.064578885	0.0373777176	-0.0076439545	0.013157957	0.0264411152	-0.0156737005	0.0299029714	-0.0399020977	0.02713948	-0.0852068835	0.0165056587	-0.0038866036	-0.019010109	0.0561385675	0.0572867511	-0.0456464967	-0.0652712845	0.0157561151	-0.0462198007	-0.0313590065	-0.0344960131	0.000187979	0.0355130269	-0.0131616333	0.0217277876	0.0568061283	-0.0576736527	-0.0449805129	-0.087970565	-0.0453712957	-0.0672265774	0.0050031888	0.0741284058	-0.0438695006	-0.0318250507	0.0074996755	-0.0431763692	0.0997619779	-0.011963341	-0.0193924328	-0.0105064651	-0.0434846994	-0.1120155094	0.0201562243	-0.1102721504	0.0413265661	0.0868097963	0.0303791553	0.0038291343	0.0799695744	-0.0416393358	-0.1054847005	0.1431862395	-0.0389272263	0.018467097	-0.0043960909	-0.0560884648	0.0283648331	0.1870883487	0.0289130505	0.0349775508	0.0587964812	-0.0250621749	-0.0118474733	0.0637095205	-0.0435839044	-0.0133711898	-0.0140060591	0.0140159571	-0.0443483982	0.074022914	0.0194063768	0.0145083136	-0.072966503	-0.0651066402	0.0541220283	0.0119746929	-0.0412737795	0.0575808598	-0.0171764989	0.1285621989	-7.41933e-05	0.0297302169	-0.028931138	-0.0816423505	-0.0513988777	0.0275080986	0.0318885927	-0.0071624417	-0.0221718113	-0.0043240769	-0.048590069	-0.0195158057	-0.0505106437	0.0284730382	-0.0478044449	0.103036858	0.0630548913	-0.008399252	-0.0471620165	0.0296161752	0.0417719343	-0.0192143813	0.0458911406	-0.034437342	0.0372801182	0.013554917	-0.0255980543	0.0173064209	-0.0111377132	0.0442491396	-0.0513439845	0.0227172988	-0.076326576	-0.1140384998	0.020683332	-0.0685256949	-0.0103460917	-0.1135469218	0.0944017424	-0.05085143	0.0851716119	-0.1160687953	-0.0328884981	-0.061959178	0.0254468194	0.0181549491	-0.0673434646	0.0484510766	0.0487880974	0.0295375088	0.0492898782	0.0214843417	0.0130199683	0.0401538679	0.0343030943	-0.1084133716	-0.0086259312	-0.0206266497	0.015997213	0.0024152193	-0.0389561388	-0.0114466722	-0.0201092028	-0.0250458587	-0.049471858	-0.060141252	-0.0953646527	0.0947683504	-0.0937772737	0.092395551	-0.0906289382	0.0862032268927919	-0.0108390382832794	0.0074309963267301	0.0001174847509063	0.1751069013871387	-0.0370358734827362	0.0013716559246292	0.0306624269134051	-0.6731351702114665	0.0462841782470349	0.0021422251560032	0.45311095737562	-0.0057793079475987	-0.0009860844489138	3.34004003531775e-05	9.723625403896329e-07	0.0090900598210668	0.0002820972128368	7.957883749029114e-08	8.2629187550573e-05	-0.0002962425261663	0.0002461599213466	8.775963430939094e-08	6.059470687741353e-08	0.0	0.0	0.0	0.0	0.0	0.0	0.0	0.0	0.0	0.0	0.0	0.0	0.0	0.0	0.0	0.0	0.0	0.0	0.0	0.0	0.0	0.0	0.0	0.0	0.0	0.0
5676.744120875042	-1.926073840177196	32225423.81388936	3.7097604378149303	4322.233217047305	-3.7727891265376456	18681699.982547093	14.233937793320692	3946.651773714633	-1.573445253114187	2.475729964547568	15576060.222964857	3967.220629118781	6599.386179634444	1.346842	41.491508	0.4156025188089787	0.2715174016786778	0.1309429585	0.1067591011	-0.070294568	-0.0918747315	-0.0824733132	0.0878711191	0.1308783995	0.1034247894	0.0352351729	-0.0724083538	-0.0012079521	-0.1014626162	0.0835281586	0.0226789686	-0.102732587	-0.0113110377	0.1411130398	-0.074662786	-0.1047369684	0.0467807674	0.0200412263	0.0460854623	-0.0023715539	0.030575882	0.0103918928	0.197505394	-0.0257113177	0.0100015857	0.0240323636	0.1215003269	-0.1101287222	-0.0304270385	0.0388459717	0.0048001835	0.0473529629	-0.0549002763	0.0273873309	-0.0499406082	0.0674696882	0.0953144882	-0.0721065666	0.0509486444	0.0342341122	-0.0694452892	0.1579305108	0.0476768757	-0.0166753152	0.0120307048	0.0583835026	0.1003519631	0.0896266502	0.058307964	-0.0045782621	-0.0532411473	-0.098438689	-0.0114555639	0.0181656263	0.0288188798	-0.1212172311	0.0318180919	0.0760571286	0.0221831466	-0.0084290775	0.0668085196	0.1079753433	0.0149090362	-0.0148394812	-0.0500148428	-0.090491707	-0.025922476	0.0379554643	0.0297921606	0.137522932	0.0070672072	0.0082489437	0.0101246986	-0.0233473184	0.0264035886	-0.0249519875	0.0540515869	-0.0602929871	0.0326920578	0.0049784309	-0.0565700976	-0.1190658703	-0.1122491383	0.0911468061	0.021112828	-0.0476294867	-0.0160791933	-0.1027398449	0.0048373865	0.0720578712	-0.0427923158	0.0330679684	-0.0041934833	0.0153075466	0.0125434928	0.1119323652	-0.0782117807	0.1447078951	0.0363378843	-0.1184294989	0.0460478514	-0.0367859903	-0.0123910982	-0.0120335829	0.0673248483	-0.0099582032	-0.1126633607	-0.0301174439	-0.0549362058	0.083062547	-0.0105486708	0.0667749525	0.0105144884	0.0656573443	0.1292087623	-0.013495223	-0.035122564	-0.098401454	0.1030936701	-0.002543801	-0.073016921	0.0025357033	-0.0096830324	-0.0738031644	-0.0580647791	-0.0235754844	0.1007271376	-0.1358865683	0.085362141	0.1074891098	0.0217279048	0.0081550663	-0.0038993743	0.0032284069	-0.0549995716	-0.055325267	-0.0633218667	-0.0086147614	-0.0043511523	0.0101545277	-0.0718187343	-0.06092149	-0.1114837715	-0.1771198693	-0.0389362224	0.0634441332	0.07073348	-0.0433734394	0.0274517635	0.0643433093	0.0224395679	0.0658272988	-0.1502077262	0.0021522127	0.0424975879	0.0583873997	0.0092608702	0.0445212774	-0.001378691	0.0072766206	-0.0197923317	0.0003747275	0.1094901288	-0.0483434567	-0.0745987269	-0.0562274753	-0.0954432708	0.0950822971	-0.0944816852	0.0936429488	-0.0925682019	0.1032242643768341	0.0170210374840421	0.0106552487561385	0.0002897157170331	0.1898961042595885	0.0147892028724498	0.0002187205216024	0.0360605304129685	-0.4204495044231748	0.2526856657882917	0.0638500456948722	0.1767777857696932	-0.0046510447258423	0.0011282632217563	2.163221704178548e-05	1.2729778975681307e-06	0.0077000497502257	-0.0013900100708411	1.932127997039682e-06	5.929076615595086e-05	-0.0004001014868527	-0.0001038589606864	1.600811997817413e-07	1.0786683714859186e-08	0.0	0.0	0.0	0.0	0.0	0.0	0.0	0.0	0.0	0.0	0.0	0.0	0.0	0.0	0.0	0.0	0.0	0.0	0.0	0.0	0.0	0.0	0.0	0.0	0.0	0.0
5665.431102435741	-11.313018439301231	32097109.576446258	127.98438620796966	4277.905703542383	-44.327513504921626	18300477.20840045	1964.9284535290087	3941.668270857528	-4.983502857104668	24.835300726770388	15536748.757484976	3963.021163556541	6603.5446973096605	0.958441	29.526222	0.0692340165698758	0.0340800696517902	0.1124371936	0.0875755328	-0.0607355054	0.0129346422	-0.1559151119	0.0746980125	0.0654624234	0.0914707416	-0.0398261051	-0.1267845596	-0.0900922545	0.0433202518	-0.0395188371	0.0481193033	-0.0961621097	-0.0583194075	0.1183402076	-0.0709571641	-0.0742238859	0.0898662571	0.084802081	-0.0309830428	-0.0636964345	-0.0129044657	-0.0573347401	0.105546659	0.0175201049	-0.0018992213	0.0973574237	-0.045186001	-0.0004679155	0.0018406973	-0.0615091347	0.0164297049	-0.0671044852	-0.0194442446	0.0130314537	-0.0504561741	0.0375982376	0.0193985507	0.0434870616	0.0341718203	0.0198113835	0.0674076129	0.0228694244	-0.0443479004	0.1480798035	-0.1038771392	-0.0145288112	0.0161672515	0.149277672	0.032253055	0.0048726681	-0.0017333975	-0.0740405669	0.1485663906	0.0472325008	-0.0015959499	0.0529132334	-0.0874026534	-0.0532854116	0.0690274539	-0.0493811289	-0.022825848	-0.1366455376	0.0035219675	-0.0518819239	0.0536903624	-0.0537699481	-0.0044843372	0.0093633929	0.0224049487	-0.0075274511	-0.1322104812	0.0441863895	0.0633622078	0.0353639036	0.0332551833	0.0799985412	-0.0487285422	0.0136948136	-0.03219113	-0.0313095832	0.056734897	-0.095281725	-0.1080505424	0.0585639992	-0.0573485419	-0.0511251949	0.0259126417	-0.0222462742	-0.1377924292	0.0306967379	-0.1011199785	-0.068542363	-0.0533224623	0.0517234483	-0.0078489853	0.0351148275	-0.1167882662	0.046442595	0.0576829146	0.0062939518	-0.0006333825	0.0733301172	-0.1387765768	0.0172784247	0.0126513844	0.0173741075	-0.036491491	0.0101209587	-0.0149253672	0.1051273715	0.1231601776	0.066694732	0.0285417382	0.0348656577	-0.0276726836	0.0331833277	-0.0249613416	0.1007582478	-0.0185311489	0.0026863376	-0.0794715146	-0.0291982428	-0.0008388417	0.0604868002	-0.049821348	0.10859044	0.0172208566	-0.0050838371	-0.0421086175	-0.0566761932	0.0250738102	0.0301409107	-0.0034541625	-0.0495368796	-0.04210017	0.0092220551	-0.0873897518	0.0955121983	-0.0905863306	-0.0631488857	0.0034591599	0.0190324217	-0.1054831015	-0.1582698121	-0.02490902	0.0607924418	-0.0816099996	-0.0654223159	-0.020012906	0.0332850971	0.0907247981	0.0652172185	-0.1114851575	0.0285057045	0.088446203	-0.0348963619	-0.0418497293	0.0099790298	-0.0128016695	-0.0205529673	-0.0447881302	0.0513176924	0.0718873793	-0.0358633098	-0.0624057416	-0.0198642745	-0.0955022485	0.0953179834	-0.0950111383	0.0945821078	-0.0940314435	0.1011892930700071	-0.002034971306827	0.0102392730320077	4.141108219609208e-06	0.1761415080979134	-0.013754596161675	0.0001891889155707	0.0310258308750072	-0.4297433434765736	-0.0092938390533988	8.637544435048092e-05	0.1846793412624243	-0.0050552140825859	-0.0004041693567435	2.55551894207748e-05	1.6335286893053485e-07	0.0079801535636059	0.0002801038133802	7.845814627013007e-08	6.368285089873195e-05	-0.0005988405176884	-0.0001987390308356	3.586099656253109e-07	3.94972023775133e-08	0.0	0.0	0.0	0.0	0.0	0.0	0.0	0.0	0.0	0.0	0.0	0.0	0.0	0.0	0.0	0.0	0.0	0.0	0.0	0.0	0.0	0.0	0.0	0.0	0.0	0.0
5681.044287145261	15.613184709519372	32274264.192505803	243.77153677356955	4285.432127048037	7.526423505653838	18364928.515535463	56.64705078645861	3947.311020639781	5.642749782252849	31.84062510511458	15581264.29366427	3967.6525086660185	6702.939538512263	1.159206	35.711079	0.4390465487722116	0.2633042286768707	0.0663019423	0.0380970515	-0.03294129	-0.0731356896	-0.0393512028	0.0575473215	-0.0173264616	0.0706818912	-0.0443128635	-0.0581325675	-0.0830099903	-0.03230682	0.0336816456	0.0108603665	-0.0489238609	0.0140529219	0.071037953	-0.0695541661	-0.0933864841	-0.0332838902	-0.0258074293	-0.0717140408	-0.0353885533	-0.0007531585	-0.0515064325	0.0870064973	-0.0156775539	0.0506043519	0.0433059069	0.0496851534	-0.1043804553	-0.102211921	0.0492841539	0.0284232701	-0.1252498015	-0.0165726926	-0.0130110529	0.1038818439	0.0182790743	-0.0010153796	-0.007984786	-0.0185351872	-0.0163507902	0.0919534577	0.1014713926	0.0060871365	0.0164877591	-0.0029092105	-0.0868642349	0.0583853101	-0.0301070724	-0.0447725658	-0.0701649716	0.045030954	-0.0538260071	-0.0125084678	0.0220710542	-0.1074035772	-0.0136907311	-0.0715339281	0.0495285299	0.11218617	0.0071402145	-0.0393169434	-0.0051363331	-0.0312625504	0.0233004482	0.0256539906	0.0001502611	0.0108782534	-0.1171002238	-0.1620695888	-0.0519794913	-0.0703390801	-0.0464537249	-0.021076899	0.0810819719	0.0934253492	0.1581632582	-0.0148260027	0.0106870899	-0.0030664411	-0.1012421786	-0.0247064844	-0.0546381143	0.00080192	0.1166278186	-0.0505270177	-0.0229023195	0.0674269471	-0.0992097877	-0.0185263779	0.0033347592	-0.0277317846	-0.0356074614	-0.0664179276	0.0179675069	0.0382495193	-0.022408335	-0.0791452608	0.1080453553	0.1903004588	0.0495138485	-0.01769134	-0.0952790152	-0.0478482976	0.0582264702	-0.0103773683	0.0230491593	-0.084896567	0.0101058104	0.0137233618	0.0041995721	-0.0368415898	-0.0720752008	-0.0231222086	0.011726757	-0.1031419537	0.0074324883	0.0297555589	0.0551184554	-0.0219195395	-0.0097028467	0.0559603642	-0.0825806074	0.0093756751	-0.0304407575	-0.1287597871	-0.0366441598	0.0186757635	0.0390562839	-0.0374883892	-0.0341391638	0.0455535285	0.0762028782	0.0676271151	0.0182200213	-0.0249005897	0.0124470868	-0.058949328	-0.0442865548	-0.0299217236	0.0162601883	0.018394987	-0.0192627365	-0.0590461973	-0.0783214866	0.0077560167	0.0643567901	0.0667346744	0.0898977139	-0.0610370888	0.013908492	0.0872615298	0.1368385173	-0.0991118416	-0.0923427791	0.0752604546	-0.0345915064	0.1224807875	0.074291836	0.0613654487	0.0383844463	-0.1189270511	-0.0186187155	-0.0061153126	-0.0552146548	0.0006501407	0.0207163553	-0.0955415737	0.0954752155	-0.0953646527	0.0952099364	-0.0950111383	0.088417887221496	-0.012771405848511	0.0078177227807131	0.0001631088073473	0.1230030902307106	-0.0531384178672028	0.0028236914534294	0.0151297602063043	-0.6002412297998063	-0.1704978863232327	0.0290695292406899	0.3602895339515839	-0.0046432487193848	0.000411965363201	2.1559758670068583e-05	1.6971546047741398e-07	0.0111851663901025	0.0032050128264966	1.0272107218007727e-05	0.0001251079471742	-0.0001630419327208	0.0004357985849675	2.658267182533388e-08	1.8992040665976245e-07	0.0	0.0	0.0	0.0	0.0	0.0	0.0	0.0	0.0	0.0	0.0	0.0	0.0	0.0	0.0	0.0	0.0	0.0	0.0	0.0	0.0	0.0	0.0	0.0	0.0	0.0
5672.176612969281	-8.867674175979118	32173587.52871567	78.63564529132694	4296.81646349726	11.384336449223156	18462631.7209811	129.60311638911088	3944.8636304040856	-2.447390235695366	5.989718965777018	15561949.0624849	3969.472078269917	6712.548100010334	1.012371	31.187607	0.249995413582588	0.1284366767018876	0.0781251598	0.0849758666	-0.0510116882	0.0296588543	0.006257379	0.1265858045	0.0698119126	0.0543737438	-0.0274327597	-0.1042471893	-0.0031243128	-0.0727220165	-0.0712966167	-0.0096312546	-0.0476582036	-0.0304896744	0.0977382038	-0.0549764476	-0.016279965	-0.0003203869	0.0362096388	-0.0550497305	0.0739543692	-0.031607258	-0.0713830089	0.087908652	-0.0132178375	0.0672099526	0.0010578916	0.0018519333	-0.0471021373	0.0245511721	0.0404080604	-0.0572940884	-0.0700160477	-0.0292537642	7.02589e-05	0.0593284212	0.0680713523	-0.0427234759	0.0245977997	0.0592209897	0.0532697962	0.0072706496	0.010484672	0.0471657879	-0.0608532327	0.0541352135	0.0083257935	0.0297593501	-0.0078072036	-0.0191535562	0.0696306892	0.0353466693	-0.0327402976	-0.0320373753	-0.0357719071	-0.0695206954	0.0003021336	-0.0662072554	0.1039621428	-0.0753648842	0.009121142	0.0982700333	0.0312669743	0.0425415224	0.0217507695	-0.0040000929	-0.0108034382	0.1144043158	-0.0898562093	-0.0548189524	-0.0069700279	0.009299826	-0.1582912743	-0.0068786339	-0.0638113434	0.0330939631	-0.0067382216	-0.0128168224	0.0179981984	0.0567531772	0.0029281867	-0.0544725073	-0.0561959997	-0.0974537909	0.043810761	-0.0043806665	-0.060474843	0.0670008695	0.014192682	0.048004498	-0.0017779191	-0.0881746618	0.0018322473	-0.0080803705	-0.0347788166	-0.0091835192	0.0102998174	-0.0237548097	0.0651506876	0.1483372081	-0.0451818183	-0.050852729	-0.0455274448	-0.0109611201	0.0948029826	-0.0016035866	-0.0151351485	-0.0676454177	0.042556686	0.0473183348	-0.0720337762	-0.0436425967	-0.0131584349	0.0400275838	-0.0265879628	0.0014028861	-0.1047356757	0.015266746	0.0224252714	0.0289559296	-0.0316439929	0.0035971314	0.0560309646	-0.0394181663	-0.0263916903	0.0225615027	-0.1082724324	-0.0118812894	-0.0842720661	-0.0069021507	0.0217125576	0.0005888574	-0.0306827733	0.0463888469	0.0944131425	0.0171269352	0.1275303734	-0.066200796	-0.0160701071	-0.0075544794	0.0234563507	-0.0221038192	0.0096965371	-0.0606823964	-0.1141530086	-0.00582189	0.0185687575	-0.0024140765	-0.0481295669	-0.0860971975	-0.0619716234	0.0042384378	0.0993159715	-0.0705977992	-0.0814204269	0.0619014379	-0.0448742382	0.0402713958	0.0013223461	-0.0452408729	0.0617888639	-0.0480154062	-0.0700135942	0.0360826959	0.0500630514	0.0379675208	-0.0095828512	-0.0955612383	0.0955538639	-0.0955415737	0.0955243683	-0.0955022485	0.0943090809399365	0.0058911937184404	0.0088942027477354	3.4706163428192694e-05	0.1936039219659875	0.0706008317352769	0.0049844774417128	0.0374824786006121	-0.5466883731111807	0.0535528566886256	0.0028679084595124	0.2988681772949495	-0.0041462025376881	0.0004970461816967	1.7190995483531236e-05	2.470549067392693e-07	0.0096202265834295	-0.001564939806673	2.449036598509728e-06	9.254875951652364e-05	-0.000500066573156	-0.0003370246404351	2.5006657758798506e-07	1.135856082604758e-07	0.0	0.0	0.0	0.0	0.0	0.0	0.0	0.0	0.0	0.0	0.0	0.0	0.0	0.0	0.0	0.0	0.0	0.0	0.0	0.0	0.0	0.0	0.0	0.0	0.0	0.0
