global_signal	global_signal_derivative1	global_signal_power2	global_signal_derivative1_power2	csf	csf_derivative1	csf_derivative1_power2	csf_power2	white_matter	white_matter_derivative1	white_matter_derivative1_power2	white_matter_power2	csf_wm	tcompcor	std_dvars	dvars	framewise_displacement	rmsd	t_comp_cor_00	t_comp_cor_01	t_comp_cor_02	t_comp_cor_03	t_comp_cor_04	t_comp_cor_05	c_comp_cor_00	c_comp_cor_01	c_comp_cor_02	c_comp_cor_03	c_comp_cor_04	c_comp_cor_05	c_comp_cor_06	c_comp_cor_07	c_comp_cor_08	c_comp_cor_09	w_comp_cor_00	w_comp_cor_01	w_comp_cor_02	w_comp_cor_03	w_comp_cor_04	w_comp_cor_05	w_comp_cor_06	a_comp_cor_00	a_comp_cor_01	a_comp_cor_02	a_comp_cor_03	a_comp_cor_04	a_comp_cor_05	a_comp_cor_06	a_comp_cor_07	a_comp_cor_08	a_comp_cor_09	edge_comp_00	edge_comp_01	edge_comp_02	edge_comp_03	edge_comp_04	edge_comp_05	edge_comp_06	edge_comp_07	edge_comp_08	edge_comp_09	edge_comp_10	edge_comp_11	edge_comp_12	edge_comp_13	edge_comp_14	edge_comp_15	edge_comp_16	edge_comp_17	edge_comp_18	edge_comp_19	edge_comp_20	edge_comp_21	edge_comp_22	edge_comp_23	cosine00	cosine01	cosine02	cosine03	cosine04	trans_x	trans_x_derivative1	trans_x_power2	trans_x_derivative1_power2	trans_y	trans_y_derivative1	trans_y_power2	trans_y_derivative1_power2	trans_z	trans_z_derivative1	trans_z_power2	trans_z_derivative1_power2	rot_x	rot_x_derivative1	rot_x_power2	rot_x_derivative1_power2	rot_y	rot_y_derivative1	rot_y_power2	rot_y_derivative1_power2	rot_z	rot_z_derivative1	rot_z_power2	rot_z_derivative1_power2	motion_outlier00	motion_outlier01	motion_outlier02	motion_outlier03	motion_outlier04	motion_outlier05	motion_outlier06	motion_outlier07	motion_outlier08	motion_outlier09	motion_outlier10	motion_outlier11	motion_outlier12	motion_outlier13	motion_outlier14	motion_outlier15	motion_outlier16	motion_outlier17	motion_outlier18	motion_outlier19	motion_outlier20	motion_outlier21	motion_outlier22	motion_outlier23	motion_outlier24	motion_outlier25	motion_outlier26	motion_outlier27	motion_outlier28	motion_outlier29	motion_outlier30	motion_outlier31	motion_outlier32	motion_outlier33	motion_outlier34	motion_outlier35	motion_outlier36	motion_outlier37	motion_outlier38	motion_outlier39
5699.4065505495655	n/a	32483235.028447296	n/a	3808.217055200932	n/a	n/a	14502517.139523258	3780.230997975201	n/a	n/a	14290146.398052584	3655.5451979677255	6454.836437588805	n/a	n/a	n/a	n/a	0.0733807984	-0.0388127138	0.0186033859	-0.1062239079	0.0357314023	-0.0609315462	0.0332930809	-0.1140730968	0.066422666	-0.0329572282	0.0970619886	-0.1182598951	0.0314592593	-0.0001742694	0.0408022077	-0.1198907376	-0.0657497517	0.0655385286	-0.0658799649	0.0921314762	-0.060402323	0.0067264679	-0.0503157016	-0.061228484	-0.0754406382	0.099319785	-0.0880172278	-0.020366595	0.0324907347	-0.0140686632	0.0495342248	-0.0067332273	0.0742321905	0.1320232699	-0.0131665545	0.0519830134	-0.0491914845	-0.0316319431	0.0069742877	-0.001037062	0.0357892664	-0.0291432835	0.0135214554	-0.1445799274	0.0422574269	-0.1764067035	0.2210576301	-0.1490031083	0.1360660383	0.2273026623	-0.2789489172	-0.0727275502	0.2442818762	-0.105629078	0.0620686838	-0.0018720966	0.0703690261	0.0955612383	0.0955538639	0.0955415737	0.0955243683	0.0955022485	-0.0806055416338864	n/a	0.0064972533420921	n/a	-0.7204670694157755	n/a	0.5190727981125559	n/a	1.0323720190647236	n/a	1.0657919857477742	n/a	-0.0320569585751636	n/a	0.0010276485930897	n/a	0.0023588554268543	n/a	5.564198924799983e-06	n/a	0.0016387220388035	n/a	2.6854099204602994e-06	n/a	0.0	0.0	0.0	0.0	0.0	0.0	0.0	0.0	0.0	0.0	0.0	0.0	0.0	0.0	0.0	0.0	0.0	0.0	0.0	0.0	0.0	0.0	0.0	0.0	0.0	0.0	0.0	0.0	0.0	0.0	0.0	0.0	0.0	0.0	0.0	0.0	0.0	0.0	0.0	0.0
5666.538620710863	-32.867929838702366	32109659.94000777	1080.3008118818614	3741.237579652413	-66.97947554851908	4486.250144754665	13996858.627403446	3776.4126055852207	-3.81839238998009	14.580120443857863	14261292.167622956	3649.324689024218	6386.834478398303	1.573918	69.372597	0.5234526706916014	0.2871717579240415	0.0879551201	-0.0263601582	-0.0040182779	-0.0721518636	0.0409623849	-0.0237441894	0.0805246704	-0.0460379345	0.0297120819	-0.03481602	0.1131163122	-0.0528853994	0.0500902174	-0.0441032058	0.0025792654	-0.1230320663	-0.0672266963	0.0522926938	-0.0593841383	0.0870192419	-0.0110906705	0.016628385	-0.0351953856	-0.0630637543	-0.0568019646	0.0979250826	-0.087088761	-0.0116224222	0.0257324006	-0.0694159938	0.0143977963	-0.0337778172	0.0345387916	0.1232503768	-0.0038653588	0.0505944464	-0.0506124398	-0.0185769656	0.0002386939	0.007141915	0.0454999815	-0.0168156817	0.007575236	-0.0959184311	0.0355994754	-0.1237284571	0.1715183243	-0.0999236849	0.0809474837	0.1779492472	-0.2181804234	0.0216450799	0.2658503614	-0.1113276376	0.0842866793	-0.0502618978	-0.0233378323	0.0955415737	0.0954752155	0.0953646527	0.0952099364	0.0950111383	-0.0625499070253994	0.0180556346084869	0.0039124908688861	0.0003260059411151	-0.6733578050423716	0.0471092643734039	0.4534107336114806	0.0022192827898032	0.9705088113664432	-0.0618632076982804	0.9418873529399064	0.0038270564667205	-0.0279239846085698	0.0041329739665938	0.0007797489164196	1.7081473808542085e-05	0.0052941787270897	0.0029353233002354	2.802832839436912e-05	8.61612287690484e-06	0.0024989160522029	0.0008601940133994	6.244581435957326e-06	7.39933740688167e-07	1.0	0.0	0.0	0.0	0.0	0.0	0.0	0.0	0.0	0.0	0.0	0.0	0.0	0.0	0.0	0.0	0.0	0.0	0.0	0.0	0.0	0.0	0.0	0.0	0.0	0.0	0.0	0.0	0.0	0.0	0.0	0.0	0.0	0.0	0.0	0.0	0.0	0.0	0.0	0.0
5601.826354382945	-64.71226632791786	31380458.50465932	4187.677413295372	3701.604783177975	-39.63279647443778	1570.7585563842078	13701877.970846064	3767.732823071961	-8.679782513259852	75.3386244774915	14195810.626053808	3641.6028880289673	6120.533266763587	1.73799	76.604324	0.6099640527703122	0.307564138000364	0.1078751608	-0.0143480123	-0.0114750267	-0.0400311604	0.057723996	-0.0553863706	0.0746317237	-0.0726618357	0.0254634496	0.03088343	0.1652755998	-0.0268303299	-0.0112950885	0.0108878688	-0.0354209284	-0.0733818108	-0.085599334	0.0609055586	-0.0660467715	0.0832448224	-0.0500861385	0.0155689938	-0.0546350209	-0.0796658272	-0.0711086079	0.1090541704	-0.0881259848	-0.0357508499	0.0177481265	-0.051814055	0.0413943633	-0.027055194	0.0452352676	0.1445419476	-0.0094351101	0.0746344421	-0.0817269373	-0.0083981247	0.0058723386	0.0040270777	0.0226321939	0.0098198418	0.0561020334	-0.0955830231	0.0067215239	-0.1323229132	0.1492456388	-0.1178256029	0.0725816103	0.1376482533	-0.1460730621	-0.0910772905	0.0802268151	-0.0684918343	0.0023512702	0.0766829659	0.1403053737	0.0955022485	0.0953179834	0.0950111383	0.0945821078	0.0940314435	-0.1270916012018403	-0.0645416941764408	0.0161522750960476	0.0041656302871652	-0.6250404808639587	0.0483173241784129	0.3906756027186487	0.0023345638157618	0.9667601851130598	-0.0037486262533833	0.9346252555198376	1.405219878755487e-05	-0.0251255174510293	0.0027984671575405	0.0006312916271819	7.831418431832808e-06	0.0009920147272943	-0.0043021639997954	9.840932191687843e-07	1.850861508113556e-05	-0.0002675809537027	-0.0027664970059056	7.159956678444648e-08	7.653505683684648e-06	0.0	1.0	0.0	0.0	0.0	0.0	0.0	0.0	0.0	0.0	0.0	0.0	0.0	0.0	0.0	0.0	0.0	0.0	0.0	0.0	0.0	0.0	0.0	0.0	0.0	0.0	0.0	0.0	0.0	0.0	0.0	0.0	0.0	0.0	0.0	0.0	0.0	0.0	0.0	0.0
5665.737816947205	63.91146256425964	32100585.01038568	4084.675047102761	3734.500734492163	32.89595131418764	1082.1436128654036	13946495.735922504	3781.623864634103	13.891041562142163	192.961035681161	14300679.053570168	3653.224310986775	5956.137677742885	1.742807	76.816635	0.3163449568999727	0.1702960568303255	0.095629985	0.0280098029	-0.0781169767	-0.0580881628	0.1038671619	-0.0245399126	0.0512598443	-0.024232418	0.0184372871	0.0870505026	0.1503009912	-0.0400013291	-0.0003304351	-0.0683807802	-0.0492267534	-0.0453093487	-0.0575719877	0.0632439925	-0.0649298061	0.0893748891	-0.0872453779	-0.0030089101	-0.0557192443	-0.0551340813	-0.0682886591	0.0958318481	-0.0982483482	-0.0589221418	0.0344726998	-0.0185663725	0.0480309299	-0.0536729545	0.0583939532	0.1334450667	-0.0033602541	0.0989117475	-0.0985535002	-0.0052313301	0.0071445539	0.01137491	-0.0335555875	0.0913332612	0.1151621182	-0.0870979487	-0.0216372446	-0.0971257926	0.0992704709	0.0728773152	0.0070865187	-0.0523003144	0.1352445768	-0.00413183	-0.1644216331	0.0886512177	-0.0492453313	0.0186910185	-0.0314020377	0.0954432708	0.0950822971	0.0944816852	0.0936429488	0.0925682019	-0.0919425034869334	0.0351490977149068	0.0084534239474447	0.001235459070172	-0.4699138858475322	0.1551265950164265	0.2208190601123275	0.0240642604813904	0.999313287383714	0.0325531022706542	0.9986270463416456	0.0010597044674436	-0.0244029017614603	0.000722615689569	0.0005955016143794	5.221734348112842e-07	0.0018209298127045	0.0008289150854102	3.3157853827960456e-06	6.871002188205994e-07	-0.0005863734166832	-0.0003187924629805	3.438337837927298e-07	1.0162863445317349e-07	0.0	0.0	1.0	0.0	0.0	0.0	0.0	0.0	0.0	0.0	0.0	0.0	0.0	0.0	0.0	0.0	0.0	0.0	0.0	0.0	0.0	0.0	0.0	0.0	0.0	0.0	0.0	0.0	0.0	0.0	0.0	0.0	0.0	0.0	0.0	0.0	0.0	0.0	0.0	0.0
5667.317522514527	1.5797055673219802	32118487.901000194	2.4954696794280595	3763.147366317673	28.64663182551021	820.6295149463346	14161278.10062364	3787.493357493549	5.869492859445927	34.45094642708673	14345105.933057755	3656.5622415594494	5874.6737983776975	1.167732	51.469395	0.1489143363836697	0.077141729447294	0.0834302986	0.078089445	-0.0880938062	-0.0645368521	0.1193039782	-0.0186099819	0.0426367584	-0.0371781254	0.0445648742	0.0570423597	0.1507262477	-0.0402498236	0.0706999575	-0.0517212023	-0.0410029646	-0.0696573092	-0.0472036207	0.0729106914	-0.0708348927	0.0962575545	-0.1004725943	0.0025087865	-0.0532935622	-0.0431207903	-0.0776067353	0.1007703002	-0.109126811	-0.0704272982	0.0216941276	-0.0031536616	0.0376360548	-0.0209164898	0.0587939226	0.1306018388	-0.0070616691	0.1066199419	-0.1123675918	0.0008058404	0.0079526722	-0.0014386709	-0.0347535169	0.119026949	0.1459454385	-0.106791763	-0.0106789217	-0.0810912752	0.0983060697	0.0249760197	0.0042233442	-0.0212911075	0.1122066314	-0.0290149922	-0.1840065942	0.1126774697	-0.0624328029	0.0580310684	-0.0404271283	0.0953646527	0.0947683504	0.0937772737	0.092395551	0.0906289382	-0.0791164781926028	0.0128260252943306	0.0062594171216005	0.0001645069248508	-0.5321572608206537	-0.0622433749731215	0.2831913502441412	0.0038742377280446	0.9720443633540016	-0.0272689240297124	0.9448702443282864	0.0007435942177382	-0.0248906773693025	-0.0004877756078422	0.0006195458199027	2.3792504360583058e-07	0.0013871411121575	-0.000433788700547	1.924160465037546e-06	1.8817263672225489e-07	-0.0005963293500241	-9.955933340899978e-06	3.556086937001656e-07	9.912060868844379e-11	0.0	0.0	0.0	0.0	0.0	0.0	0.0	0.0	0.0	0.0	0.0	0.0	0.0	0.0	0.0	0.0	0.0	0.0	0.0	0.0	0.0	0.0	0.0	0.0	0.0	0.0	0.0	0.0	0.0	0.0	0.0	0.0	0.0	0.0	0.0	0.0	0.0	0.0	0.0	0.0
5648.525127607608	-18.79239490691907	31905836.117214546	353.15410633759785	3713.564990939807	-49.5823753778659	2458.4119481116027	13790564.94193377	3779.007087917503	-8.486269576045743	72.0167713173196	14280894.570530728	3648.200627873877	5926.416817582571	0.871863	38.428574	0.0875099102153166	0.0525281463786697	0.094141353	0.0670190437	-0.0823656235	-0.043435114	0.1188944336	-0.004537053	0.0571640622	-0.0337744662	0.0539360744	0.0488573279	0.1271971212	-0.0291028634	0.0350774521	-0.0496218521	-0.0272781039	-0.0889039549	-0.0586917187	0.0630413038	-0.0647598848	0.0982793392	-0.0748735701	0.0329828903	-0.0469616694	-0.0553068933	-0.0634211553	0.1001296087	-0.1010133904	-0.0484938876	0.0512737504	-0.0348831777	0.0265297621	-0.0328997582	0.0363051017	0.1241380827	-0.0077800806	0.1002356384	-0.10500281	0.0008318963	0.0081699581	0.0236722785	-0.0254155954	0.0979042154	0.1162424501	-0.0620368195	-0.018994983	-0.0562905945	0.0609227266	0.0680921455	-0.0069369071	-0.0562118566	0.1275833341	0.0050442461	-0.1198452914	0.0783551819	-0.0265842026	0.00610227	-0.0273422357	0.0952664105	0.0943764019	0.0928992083	0.0908440203	0.0882236248	-0.0810348876769921	-0.0019184094843893	0.0065666530208227	3.680294949794829e-06	-0.5336253584976163	-0.0014680976769625	0.2847560232317095	2.1553107891028154e-06	0.9396296627630818	-0.0324147005909197	0.8829039031442628	0.0010507128143989	-0.024319378142014	0.0005712992272885	0.0005914321532142	3.263828071004387e-07	0.0018399046998134	0.0004527635876559	3.3852493043954377e-06	2.0499486630704185e-07	-0.0005862181157076	1.0111234316500051e-05	3.436516791837691e-07	1.0223705940316829e-10	0.0	0.0	0.0	0.0	0.0	0.0	0.0	0.0	0.0	0.0	0.0	0.0	0.0	0.0	0.0	0.0	0.0	0.0	0.0	0.0	0.0	0.0	0.0	0.0	0.0	0.0	0.0	0.0	0.0	0.0	0.0	0.0	0.0	0.0	0.0	0.0	0.0	0.0	0.0	0.0
5633.530666785541	-14.994460822066683	31736667.773613144	224.83385534449272	3714.4008624973007	0.8358715574936468	0.698681260626855	13796773.767320693	3779.568592137328	0.5615042198246556	0.3152869888808951	14285138.742670942	3639.713027606796	5725.902609164064	0.8786699999999998	38.728592	0.1533475073347732	0.0721551895879352	0.0951299232	0.1059593807	-0.1175054863	-0.0279628414	0.1330231635	-0.0193710307	0.0414749217	-0.0231835829	0.0080268522	0.0896431844	0.1259813385	0.0233835605	0.0093984957	-0.0554715456	-0.065261632	-0.0847486641	-0.0554522478	0.0737515969	-0.067813627	0.1015188252	-0.0992798842	0.0025370451	-0.0510399942	-0.0534863952	-0.0740682692	0.0965909049	-0.1069489548	-0.0686540209	0.0247710202	-0.0074116067	0.0257024803	-0.0093075812	0.0270600678	0.1097928945	-0.0003021863	0.0997072944	-0.1105307336	0.0060959769	0.0106908344	0.0410009986	-0.0292216848	0.0967648952	0.1232241887	-0.0421521757	-0.0157614607	0.0005681778	-0.0029607186	0.0319402274	-0.0157156695	-0.0471812536	0.09742651	0.0004744497	-0.0840776813	0.0285080947	-0.0025036856	0.005655679	-0.0159819285	0.0951485642	0.0939067741	0.091849115	0.0889934638	0.0853646308	-0.0647759211382634	0.0162589665387287	0.0041959199593105	0.0002643539929074	-0.5228566144553071	0.0107687440423092	0.2733790392796656	0.0001159658482487	0.8919651847819665	-0.0476644779811152	0.7956018908631277	0.0022719024612122	-0.0240353664217011	0.0002840117203129	0.0005776988390254	8.06626572750931e-08	0.0025370310304657	0.0006971263306523	6.436526449545852e-06	4.859851208887402e-07	-0.0011781864401948	-0.0005919683244872	1.388123287858895e-06	3.5042649719618294e-07	0.0	0.0	0.0	0.0	0.0	0.0	0.0	0.0	0.0	0.0	0.0	0.0	0.0	0.0	0.0	0.0	0.0	0.0	0.0	0.0	0.0	0.0	0.0	0.0	0.0	0.0	0.0	0.0	0.0	0.0	0.0	0.0	0.0	0.0	0.0	0.0	0.0	0.0	0.0	0.0
5664.7478442855	31.21717749995878	32089368.13933722	974.5121710639328	3739.5608054309632	25.15994293366248	633.0227284251524	13984315.017515477	3787.336071754946	7.767479617617937	60.333739610110094	14343914.520416183	3651.653755274815	5672.1704110551655	1.042403	45.945366	0.1889131375077682	0.1008830069426987	0.0947549026	0.1003763406	-0.1416323041	-0.0841779056	0.1713843282	0.0159294368	0.0075253421	0.0247815454	-0.0012288301	0.1344158761	0.1209107227	-0.0291371349	-0.0413626421	-0.0415101062	-0.0824580992	-0.0582264697	-0.0368853392	0.0692702726	-0.0552367361	0.0877616167	-0.0837943496	0.0117180491	-0.0493507949	-0.0352096675	-0.0699793665	0.0891343725	-0.0936063898	-0.0551491098	0.0186640694	-0.0203238891	0.0546318084	0.0162533315	0.0679288783	0.1144847876	-0.0068825605	0.0960150096	-0.1029147999	0.001371996	0.0131854357	0.0239250773	-0.0092371356	0.0974652455	0.1026508035	0.0052633905	-0.0158887474	0.0270203965	-0.0031955105	0.1242072468	-0.0288216041	-0.0981481926	0.1583875558	0.0189516172	-0.1193523972	0.0419969245	-0.01133228	-0.0223282973	-0.0500547801	0.0950111383	0.0933598536	0.0906289382	0.0868499729	0.0820666583	-0.0267721143931538	0.0380038067451096	0.0007167461090801	0.0014442893271196	-0.447029410757878	0.075827203697429	0.1998352940825356	0.0057497648205714	0.8792368413402869	-0.0127283434416796	0.7730574231700449	0.0001620107267693	-0.023644986307965	0.000390380113736	0.0005590853775038	1.523966332006101e-07	0.0027669103595593	0.0002298793290935	7.655792937836574e-06	5.2844505944523513e-08	-0.0005513702105535	0.0006268162296413	3.0400910908581093e-07	3.9289858574173493e-07	0.0	0.0	0.0	0.0	0.0	0.0	0.0	0.0	0.0	0.0	0.0	0.0	0.0	0.0	0.0	0.0	0.0	0.0	0.0	0.0	0.0	0.0	0.0	0.0	0.0	0.0	0.0	0.0	0.0	0.0	0.0	0.0	0.0	0.0	0.0	0.0	0.0	0.0	0.0	0.0
5714.117535934295	49.3696916487952	32651139.21447182	2437.366453497118	3797.4804988075134	57.919693376550185	3354.690880833592	14420858.13882336	3801.673132615396	14.337060860450038	205.5513141162484	14452718.607249755	3661.277364233471	5819.853837599912	1.060366	46.737114	0.1329241300335184	0.0845769471768306	0.0524937118	0.0966380226	-0.1311016476	-0.1042147714	0.1693086658	-0.0176323647	-0.0294921433	0.0138700742	0.0706261749	0.1487267076	0.0879025891	-0.0080465606	-0.0074112843	-0.0758257566	-0.0590782136	-0.1333814974	-0.0094763227	0.090434392	-0.0530099713	0.1155806332	-0.1196094307	-0.0197686066	-0.0314447359	-0.006732623	-0.0961245228	0.0753087981	-0.1314052016	-0.0850972869	-0.0076225276	0.058450563	0.0611793273	0.0703488199	0.0663211779	0.0990453133	-0.0038083864	0.110533119	-0.126525696	0.0097898477	0.0105695608	0.0285792374	-0.0105929109	0.0982529142	0.1111047526	0.0372614869	0.0050771265	0.0933067688	-0.0648863177	0.0501665112	-0.0334233817	-0.0810226124	0.12037651	-0.0001096858	-0.0983098238	0.0278495219	-0.0185306433	0.0148741131	-0.0352329354	0.094854161	0.0927360906	0.0892409375	0.0844206031	0.0783466667	-0.0423333341934437	-0.0155612198002898	0.0017921111839337	0.0002421515616729	-0.4492017586686074	-0.0021723479107293	0.2017822199909698	4.719095445250388e-06	0.8390268282496578	-0.0402100130906291	0.7039660185226808	0.0016168451527485	-0.0222615783624928	0.0013834079454722	0.0004955778711894	1.913817543595614e-06	0.002692939627449	-7.397073211029993e-05	7.251923837085159e-06	5.471669208933756e-09	-0.0005936025176084	-4.223230705489997e-05	3.523639489110309e-07	1.7835677591793531e-09	0.0	0.0	0.0	0.0	0.0	0.0	0.0	0.0	0.0	0.0	0.0	0.0	0.0	0.0	0.0	0.0	0.0	0.0	0.0	0.0	0.0	0.0	0.0	0.0	0.0	0.0	0.0	0.0	0.0	0.0	0.0	0.0	0.0	0.0	0.0	0.0	0.0	0.0	0.0	0.0
5721.617005363547	7.499469429251803	32736901.15606532	56.24204172028237	3743.947465982869	-53.53303282464458	2865.785603404474	14017142.628039544	3798.408550611024	-3.264582004371732	10.657495663267756	14427907.51735494	3661.086317580505	6137.075302922643	1.366048	60.210449	0.6558394073342888	0.363289736497018	0.0435089056	0.0268256164	-0.065760862	-0.1031457139	0.0993432247	0.0075486436	0.0187458657	-0.0045911314	0.0587474239	0.0793520662	0.0774891612	-0.0113345441	0.0042448923	-0.0396507739	0.0132182875	-0.1039584875	-0.0065140086	0.0515483184	-0.0174747163	0.0682315992	-0.073848016	0.0605323439	-0.0563489019	-0.0057943845	-0.0461258014	0.0393130783	-0.0863382208	-0.0621495117	0.0573893233	-0.0571122322	0.0385435957	0.0354485681	0.0558318924	0.0763837057	-0.0151659344	0.0881757345	-0.1006332511	0.0027129545	-0.0006171866	0.0312090871	0.031205082	-0.0212868032	-0.0637690342	0.1856293797	-0.0066196871	0.1979395228	-0.163545314	0.0368740667	-0.0618718894	-0.0665080964	-0.0152478055	0.0611266867	0.0610621892	-0.0252447741	0.0179594325	-0.0661868212	0.0135611972	0.0946776645	0.0920359983	0.0876876832	0.081713351	0.0742237856	-0.0641019803062477	-0.0217686461128039	0.0041090638791825	0.0004738739535844	-0.3785113083918645	0.0706904502767429	0.1432708105805211	0.0049971397603286	0.6505183404291159	-0.1885084878205418	0.4231741112346511	0.0355354499803873	-0.0170486917656534	0.0052128865968394	0.0002906578909202	2.717418667150787e-05	0.0019138723359164	-0.0007790672915326	3.6629073181860976e-06	6.069458447359411e-07	0.0009118800565036	0.001505482574112	8.315252374490087e-07	2.2664777809548934e-06	0.0	0.0	0.0	1.0	0.0	0.0	0.0	0.0	0.0	0.0	0.0	0.0	0.0	0.0	0.0	0.0	0.0	0.0	0.0	0.0	0.0	0.0	0.0	0.0	0.0	0.0	0.0	0.0	0.0	0.0	0.0	0.0	0.0	0.0	0.0	0.0	0.0	0.0	0.0	0.0
5744.398180615225	22.781175251678174	32998110.45745551	518.9819458476743	3824.635361177837	80.68789519496795	6510.536430994132	14627835.645971922	3809.835208258673	11.42665764764888	130.56850499657264	14514844.314087406	3676.3785422738974	6123.809017232613	1.206372	53.172497	0.529793901748332	0.2743356229290508	0.0239724722	0.0269404621	-0.0601897709	-0.0872317678	0.0881336192	-0.0086373293	-0.0227539602	0.002128283	0.0700946809	0.0313562752	-0.0128394946	-0.0186492837	0.0565610567	-0.0367617143	-0.0564342167	-0.0407860338	0.0199271026	0.0754203373	-0.0184638495	0.0905975661	-0.1015693747	-0.0107514033	-0.0070281602	0.0239252229	-0.0736496075	0.0314391496	-0.1117922759	-0.0514674794	0.0179685099	0.0634829802	0.013308017	0.0305413156	0.0227246684	0.0481653486	-0.0063763882	0.0793817504	-0.0984594878	0.0138996527	-0.0010747378	0.0352678702	0.0304844742	-0.0537671471	-0.0968883136	0.211938794	0.0205271387	0.2663214399	-0.2427011937	-0.1148853229	-0.0830707169	-0.0140409669	-0.1217314562	0.042407396	0.0930688048	-0.0576072041	0.0696957484	-0.0365314181	0.0314195807	0.0944816852	0.0912601531	0.0859720514	0.0787371281	0.0697192167	-0.0783284540411415	-0.0142264737348938	0.0061353467124752	0.0002023925549296	-0.5629718895651763	-0.1844605811733118	0.3169373484405851	0.0340257060067959	0.4886439960443454	-0.1618743443847705	0.2387729548701862	0.0262033033699993	-0.0147676009890294	0.0022810907766239	0.0002180820389711	5.203375131199079e-06	0.0016465351844676	-0.0002673371514488	2.7110781136897536e-06	7.146915254475862e-08	7.565793546928431e-05	-0.0008362221210343	5.724123199474389e-09	6.992674357071297e-07	0.0	0.0	0.0	0.0	1.0	0.0	0.0	0.0	0.0	0.0	0.0	0.0	0.0	0.0	0.0	0.0	0.0	0.0	0.0	0.0	0.0	0.0	0.0	0.0	0.0	0.0	0.0	0.0	0.0	0.0	0.0	0.0	0.0	0.0	0.0	0.0	0.0	0.0	0.0	0.0
5716.11235668412	-28.28582393110537	32673940.47423688	800.0878354614932	3759.570334813104	-65.0650263647326	4233.457655843349	14134369.102406716	3783.92141180476	-25.913796453913164	671.5248466548425	14318061.250714527	3643.2674947414935	6271.32482401391	1.243693	54.817471	0.2394504462672923	0.1363912882363699	0.0299544643	0.0216504206	-0.063880587	-0.1054325814	0.1087959507	0.0382456678	0.0073972227	-0.0633426055	0.0750424746	0.0100604232	0.001098453	-0.0151773596	0.0213937867	-0.0443612252	0.0430462849	-0.0508782571	-0.0199954018	0.0300966075	-0.0134992038	0.0248651207	-0.0356312045	0.0878696009	-0.0536920694	-0.0211857193	-0.0189135472	0.028035589	-0.0331003832	-0.0469989333	0.0697860353	-0.0795928201	0.0329195501	0.0669820753	0.0132801284	0.0627854034	-0.015496953	0.0760857946	-0.0893166212	0.0079654224	-0.005533424	0.0297554562	0.0577990104	-0.0514208675	-0.1252659387	0.221340854	-0.0235706837	0.2057438852	-0.1901796505	0.0347136771	-0.0566974734	-0.0635262333	-0.0257949093	0.0565189626	0.0823403187	-0.01879027	0.0190151115	-0.0472760813	0.0294473419	0.0942662634	0.0904091936	0.0840972192	0.0755017308	0.0648561241	-0.0886681604191466	-0.0103397063780051	0.0078620426721155	0.0001069095279833	-0.4425562121864885	0.1204156773786878	0.1958560009448522	0.0144999353585682	0.5494128948882206	0.0607688988438752	0.301854529069455	0.0036928590666971	-0.0150107015434071	-0.0002431005543776	0.0002253211608252	5.9097879538744866e-08	0.0014831649979938	-0.0001633701864738	2.1997784112739485e-06	2.6689817828484213e-08	-0.0004763945970137	-0.0005520525324829	2.2695181206384565e-07	3.047619986208764e-07	0.0	0.0	0.0	0.0	0.0	0.0	0.0	0.0	0.0	0.0	0.0	0.0	0.0	0.0	0.0	0.0	0.0	0.0	0.0	0.0	0.0	0.0	0.0	0.0	0.0	0.0	0.0	0.0	0.0	0.0	0.0	0.0	0.0	0.0	0.0	0.0	0.0	0.0	0.0	0.0
5733.985002542746	17.87264585862613	32878584.00938513	319.43146998786574	3811.682006874276	52.1116720611717	2715.626365011104	14528919.721529108	3807.8623906966745	23.94097889191471	573.1704703031057	14499815.986482194	3670.495827396927	6221.703668885298	1.660793	73.201752	0.2353048138824628	0.1045101466728316	0.0025984443	0.0257797857	-0.051558198	-0.0650312734	0.0462114362	-0.0158520266	-0.0688637072	0.0287617426	0.0597681299	0.0264381642	0.0998624924	0.0764884707	-0.0404621269	0.014625055	-0.1362885446	-0.0795835935	0.0220216548	0.11833342	-0.0342397804	0.1375867011	-0.1159843042	-0.0761531169	0.0089595714	0.0285857172	-0.1214656032	0.0478849775	-0.1695565863	-0.0562566412	-0.0453940224	0.0980310902	0.0005510808	0.0552201693	-0.0170122714	0.0167796809	0.0017666701	0.0949882806	-0.1156121736	0.0133478272	-0.0072961475	0.0533259	0.0185999479	-0.0511235039	-0.082453192	0.1651252349	0.0313608804	0.2250210539	-0.2117763264	-0.1531529777	-0.075726301	0.0185368392	-0.1462771799	0.0169837167	0.1009503521	-0.064806949	-0.0020490201	0.0531301244	0.0253360231	0.0940314435	0.0894838202	0.0820666583	0.072017809	0.0596595157	-0.0513038561779808	0.0373643042411658	0.0026320856587309	0.0013960912314264	-0.4944853505693345	-0.051929138382846	0.2445157619276776	0.0026966354131847	0.5465834982668696	-0.002829396621351	0.298753520577649	8.005485240912827e-06	-0.013748497669065	0.0012622038743421	0.0001890211881562	1.5931586204042089e-06	0.0021469267099678	0.0006637617119739	4.609294297973161e-06	4.405796102826551e-07	0.0004612793094122	0.0009376739064259	2.1277860129179614e-07	8.792323547920075e-07	0.0	0.0	0.0	0.0	0.0	1.0	0.0	0.0	0.0	0.0	0.0	0.0	0.0	0.0	0.0	0.0	0.0	0.0	0.0	0.0	0.0	0.0	0.0	0.0	0.0	0.0	0.0	0.0	0.0	0.0	0.0	0.0	0.0	0.0	0.0	0.0	0.0	0.0	0.0	0.0
5564.186073648511	-169.79892889423445	30960166.66218404	28831.676253629288	3618.951968399124	-192.730038475152	37144.86773063357	13096813.349579891	3674.898788390554	-132.96360230612072	17679.319538220232	13504881.10491436	3537.4377193913374	6853.280692741588	3.865521	170.378159	1.8036051455181568	1.0865513213491431	0.1109218592	-0.1479309312	0.1341239578	-0.0920585693	-0.0820125141	-0.0263058628	0.1606196733	-0.1078163874	0.0946754974	-0.0350719004	-0.0010228811	0.0235445605	0.0133949736	-0.0296128355	0.4160124927	0.2405934271	-0.1922177435	-0.1816657419	-0.0787451968	-0.2878893193	0.3540566362	0.3591647601	-0.1611374762	-0.1963553207	0.1931369441	0.0292948915	0.3292349297	0.0910968611	0.0707803281	-0.498838635	0.0764375447	0.3076082965	-0.066323863	0.0791067445	-0.0295368361	-0.0336741241	0.0681568657	-0.0127324878	-0.0287532006	-0.0823732605	0.1766898368	-0.2364023949	-0.4337077623	0.2422785687	-0.0960414039	-0.2051774637	0.1330662389	0.3843641493	0.1333720369	-0.0520518008	0.1869014726	0.0112937627	0.0740619185	0.0687813878	-0.2654219035	0.2301101863	0.0529115929	0.0937772737	0.0884847944	0.0798841288	0.0682968306	0.0541561147	0.0320246605258347	0.0833285167038155	0.0010255788817949	0.006943641696058	0.408243845694372	0.9027291962637064	0.1666630375473302	0.8149200017869176	0.26506438749756	-0.2815191107693096	0.0702591295194566	0.0792530097283428	-0.0067197646935467	0.0070287329755183	4.515523753663677e-05	4.940308724113833e-05	0.0023969253854936	0.0002499986755258	5.745251303623643e-06	6.249933776465435e-08	0.0039031140939946	0.0034418347845824	1.5234299630739286e-05	1.1846226684361376e-05	0.0	0.0	0.0	0.0	0.0	0.0	1.0	0.0	0.0	0.0	0.0	0.0	0.0	0.0	0.0	0.0	0.0	0.0	0.0	0.0	0.0	0.0	0.0	0.0	0.0	0.0	0.0	0.0	0.0	0.0	0.0	0.0	0.0	0.0	0.0	0.0	0.0	0.0	0.0	0.0
5727.125088309934	162.93901466142233	32799961.777149063	26549.1224988352	3724.33136967798	105.37940127885622	11104.818213890205	13870644.15116746	3725.520490431479	50.62170204092536	2562.5567175202264	13879502.92462481	3614.964337431517	7130.928034350276	3.414123	150.482178	0.8084700591682282	0.434502880227432	0.0652426056	-0.2867402947	0.176530868	0.0332321777	-0.1550470256	0.1084869435	0.0373398488	-0.1216605185	-0.239101548	-0.0173147589	-0.1250039342	-0.1568994176	0.0525282004	0.0484574318	0.252401773	0.1068091789	-0.0865156703	-0.2294761905	-0.1265560086	-0.3451335269	0.2243101387	0.0450212036	-0.025136862	-0.0876087754	0.2096254826	0.0905114347	0.425494677	0.1118924588	0.0009700538	-0.046866177	0.0920949927	-0.1490389804	0.0993913501	0.0751471334	0.0070189251	-0.1394714627	0.2024138915	-0.0051441576	0.0031454574	-0.1602492033	0.1402472897	-0.1113984551	-0.2005744684	0.0909933578	-0.0198199257	-0.1003534977	0.11931175	0.1858488361	0.104295375	0.0373881174	0.1008518137	0.0261308665	0.0023536799	-0.0626279328	0.1825942618	-0.3454210068	-0.1376385933	0.0935038064	0.0874129386	0.0775536723	0.0643510435	0.0483742215	0.00276353590408	-0.0292611246217547	7.637130693139262e-06	0.0008562134141298	0.4677892413152449	0.0595453956208729	0.2188267742902924	0.0035456541396462	-0.0584254719505707	-0.3234898594481307	0.0034135357726469	0.1046456891657713	-0.0022372918865788	0.0044824728069679	5.005474985751327e-06	2.0092562465206684e-05	-0.0008341059042511	-0.0032310312897447	6.957326595065452e-07	1.04395631953093e-05	0.0041130835868314	0.0002099694928368	1.6917456592261857e-05	4.4087187922143177e-08	0.0	0.0	0.0	0.0	0.0	0.0	0.0	1.0	0.0	0.0	0.0	0.0	0.0	0.0	0.0	0.0	0.0	0.0	0.0	0.0	0.0	0.0	0.0	0.0	0.0	0.0	0.0	0.0	0.0	0.0	0.0	0.0	0.0	0.0	0.0	0.0	0.0	0.0	0.0	0.0
5725.508576555648	-1.6165117542859662	32781448.46021228	2.613110251744692	3774.462524644095	50.13115496611499	2513.132698236636	14246567.349942677	3802.959869239178	77.43937880769863	5996.857390122244	14462503.767043663	3667.180886904241	6616.22443108417	3.316505	146.17952	0.9259878413425656	0.5891668961025837	-0.0260745305	-0.0510393572	0.0480632089	0.1367742862	-0.1464155144	0.0067284572	0.0087487355	0.0223067562	-0.0923723998	-0.106157362	-0.0875255293	0.1377991802	0.0516943753	0.1309928464	-0.1844555484	0.0406803397	0.0452898595	0.0274418822	0.0566468754	0.0517851809	0.0052252907	-0.078443246	0.1745648524	0.0467850179	-0.0237087607	-0.0675154533	-0.0167427341	0.0868077617	-0.0010397016	0.2279374561	-0.139984021	-0.0655813185	-0.1096669691	-0.0696280791	0.0252494602	-0.0782315443	0.1132696657	0.0419414661	-0.0039505903	0.0323226054	-0.0018625779	-0.0963153951	-0.0724867316	0.0127319058	0.0289558728	-0.012772758	-0.0609746165	-0.2480877028	-0.0086782723	0.0680079495	-0.094361138	-0.0413194605	-0.2764408665	0.1339959139	0.1631108455	0.1547384748	-0.0504627078	0.0932110979	0.0862691351	0.0750796043	0.060193436	0.0423435691	0.0499348934035452	0.0471713574994651	0.0024934935792234	0.0022251369683423	-0.0612768216138306	-0.5290660629290755	0.0037548488670932	0.2799108989432725	0.1399286402815391	0.1983541122321098	0.0195800243710403	0.0393443538393884	-0.0021095436507139	0.0001277482358649	4.4501744142673294e-06	1.631961176659415e-08	-0.0018023027833005	-0.0009681968790494	3.248295322692729e-06	9.374051966009984e-07	0.0021811025281074	-0.001931981058724	4.757208238116492e-06	3.7325508112683087e-06	0.0	0.0	0.0	0.0	0.0	0.0	0.0	0.0	1.0	0.0	0.0	0.0	0.0	0.0	0.0	0.0	0.0	0.0	0.0	0.0	0.0	0.0	0.0	0.0	0.0	0.0	0.0	0.0	0.0	0.0	0.0	0.0	0.0	0.0	0.0	0.0	0.0	0.0	0.0	0.0
5621.87858831038	-103.62998824526768	31605518.861702718	10739.174463714317	3649.4811826159607	-124.98134202813436	15620.335855153502	13318712.90226799	3754.16026499337	-48.79960424580759	2381.4013745474417	14093719.295255093	3619.6004913345178	6461.541791134781	1.847885	81.44806699999998	0.1538570335600629	0.0812858251388255	0.0370650186	-0.0636473871	0.0614144328	0.1535460266	-0.1206581092	0.0700823989	0.0891872448	-0.0246632816	-0.144945145	-0.0894761812	-0.0834459586	0.0526335992	0.0551618317	0.060476403	0.0629090162	0.1297402772	-0.0286633568	-0.0852305972	0.0064612382	-0.1353188767	0.0877602636	-0.0008243182	0.0508095244	-0.0343653107	0.0898630917	-0.0417594673	0.1781448806	0.079237562	0.0208199413	0.0299574643	-0.0550223726	-0.092646019	-0.0506571988	-0.0294789024	0.007187015	-0.109479209	0.1567535107	0.0274294431	-0.0048530902	-0.0583764164	0.0306774193	-0.1170703175	-0.1307568945	0.0804449984	-0.0324779184	-0.0292730081	-0.0270100372	-0.1162054181	0.0305074776	0.0796568938	-0.0710816658	0.0036386486	-0.1734461271	0.1256829952	0.1534745016	-0.0031308334	-0.0538553933	0.0928992083	0.0850543252	0.0724665061	0.0558376933	0.0360951694	0.0418484067810709	-0.0080864866224742	0.0017512891501139	6.539126589545578e-05	-0.0060516873032412	0.0552251343105894	3.6622919216210754e-05	0.0030498154596226	0.1077045840388848	-0.0322240562426542	0.0116002774229892	0.0010383898007297	-0.001846977175527	0.0002625664751869	3.4113246869176944e-06	6.894115389207304e-08	-0.0009769433709454	0.0008253594123551	9.544183500341613e-07	6.81218159563156e-07	0.0021026012879625	-7.850124014489998e-05	4.420932176141565e-06	6.162444704287256e-09	0.0	0.0	0.0	0.0	0.0	0.0	0.0	0.0	0.0	1.0	0.0	0.0	0.0	0.0	0.0	0.0	0.0	0.0	0.0	0.0	0.0	0.0	0.0	0.0	0.0	0.0	0.0	0.0	0.0	0.0	0.0	0.0	0.0	0.0	0.0	0.0	0.0	0.0	0.0	0.0
5643.374933839966	21.4963455295856	31847680.64389324	462.09287112733466	3676.7120409251456	27.230858309184896	741.519644254904	13518211.43188395	3773.521123629229	19.36085863585868	374.84284711770346	14239461.670476	3637.328898788973	6191.3839753378525	1.321734	58.257233	0.1840486627513463	0.1010244679141707	0.0256836006	-0.0275074657	0.0042629778	0.1983039721	-0.1053404675	0.0198352046	0.0441546091	0.0367045014	-0.1492748856	-0.0482086041	-0.0611589563	0.0487272462	-0.0470498951	0.0396862162	-0.0997903847	0.0620690952	0.0099701423	-0.0096937258	0.0189926679	-0.0219779506	0.0773468313	-0.0783617805	0.1176344746	0.0089368822	0.0117199975	-0.0408007093	0.0744160869	0.1210093391	-0.0220284058	0.1551425017	-0.0851206037	-0.0852750786	-0.0471768839	-0.0434598767	0.0266839057	-0.1175816315	0.1617968994	0.0373551292	0.003747498	-0.0183318483	-0.0122765661	-0.0511832218	-0.0210918385	0.0269702517	-0.0163073432	-0.0061788797	-0.0268580835	-0.1313714394	0.0030577993	0.0332485469	-0.0430079835	-0.008364234	-0.1269247181	0.0682754461	0.1018393495	0.0504913415	-0.0214397232	0.0925682019	0.0837695089	0.0697192167	0.0512981531	0.0296611541	0.0415179164388064	-0.0003304903422644	0.0017237373854197	1.0922386633010453e-07	0.0361860826941011	0.0422377699973423	0.0013094325807443	0.0017840292143483	0.0433302702085853	-0.0643743138302995	0.001877512316349	0.0041440522811218	-0.0008198806101982	0.0010270965653288	6.722042149789727e-07	1.054927354510218e-06	-0.0006467868557864	0.0003301565151589	4.1833323681805733e-07	1.0900332450193497e-07	0.0019177325968215	-0.000184868691141	3.677698312911734e-06	3.4176432964186464e-08	0.0	0.0	0.0	0.0	0.0	0.0	0.0	0.0	0.0	0.0	0.0	0.0	0.0	0.0	0.0	0.0	0.0	0.0	0.0	0.0	0.0	0.0	0.0	0.0	0.0	0.0	0.0	0.0	0.0	0.0	0.0	0.0	0.0	0.0	0.0	0.0	0.0	0.0	0.0	0.0
5683.922461648329	40.54752780836316	32306974.5500304	1644.1020113699835	3669.9969917182334	-6.7150492069122265	45.09188585125252	13468877.919220883	3761.039043147936	-12.482080481292996	155.8023331414756	14145414.68408314	3620.0016166539785	6407.688892854469	1.49687	65.976608	0.5811197798572121	0.2870163450540802	0.0266011519	-0.1311313801	0.0447541112	0.1502226865	-0.1037863332	0.0343849404	-0.0021421212	0.0690910461	-0.1935230722	0.1119919702	-0.0819072228	-0.0336012358	-0.1072432562	0.0546387406	0.0578115553	0.1170777751	-0.0015455926	-0.0790046707	-0.0052472805	-0.1091846795	0.1258004837	-0.0141966235	0.0684621555	-0.006749933	0.0731246959	-0.0302782486	0.1812606025	0.1263306619	-0.0076105598	0.085886243	-0.0082956705	-0.0029330515	0.0390714159	-0.0030922474	0.0306600011	-0.1416026488	0.1888110216	0.0170936412	0.0294200203	-0.0776428518	-0.0448697583	0.0361096454	0.0493548839	-0.020007717	-0.0092315256	0.0160108784	-0.0044900052	0.0549725771	-0.0075171997	-0.0336127061	0.0370636165	0.032493673	0.1005859432	-0.0869359021	-0.0313304571	-0.0613997276	0.0156078664	0.0922181468	0.0824157435	0.0668428233	0.0465897578	0.0230746094	-0.0127451635256363	-0.0542630799644427	0.0001624391932952	0.0029444818472275	-0.0607137728855633	-0.0968998555796644	0.0036861622179997	0.0093895820113598	-0.1452238948136397	-0.188554165022225	0.021089979624843	0.0355526731472284	0.0015678202328031	0.0023877008430013	2.458060282386767e-06	5.70111531566912e-06	0.0011059680450613	0.0017527549008477	1.223165316696714e-06	3.072149742445631e-06	0.0012301347548529	-0.0006875978419686	1.5132315150970042e-06	4.727907922798761e-07	0.0	0.0	0.0	0.0	0.0	0.0	0.0	0.0	0.0	0.0	1.0	0.0	0.0	0.0	0.0	0.0	0.0	0.0	0.0	0.0	0.0	0.0	0.0	0.0	0.0	0.0	0.0	0.0	0.0	0.0	0.0	0.0	0.0	0.0	0.0	0.0	0.0	0.0	0.0	0.0
5729.354066780749	45.43160513242037	32825498.02253711	2064.030744908165	3780.5545658897513	110.5575741715179	12222.977206690684	14292592.825669846	3789.605441244983	28.566398097047117	816.039100238977	14361109.400313582	3651.672531309133	6519.790721227239	1.552662	68.435722	0.2954844563956384	0.1597044181787025	-0.0189434758	-0.0735987457	0.0285045999	0.1310749699	-0.0868088028	0.0401150834	-0.0316864235	0.0144208655	-0.066210016	-0.0932510201	-0.1358911169	-0.116712105	0.0016807766	0.0446032954	-0.0165410275	0.1098871307	0.0522554656	-0.0154698709	0.0728320667	-0.011477445	0.0624177709	-0.0151035752	0.1082038462	0.0502071777	0.0217478855	-0.0942552992	0.0539992564	0.1129525709	-0.0083601228	0.1450742812	-0.073796175	0.0017090845	-0.0210310876	-0.054654982	0.0368225743	-0.1208230311	0.1599715785	0.0372263448	0.0189750215	-0.0094683154	-0.0604107209	0.0345488339	0.0622670796	-0.0294400803	0.00929689	0.008990203	-0.0297961654	-0.0514187156	-0.0151883816	-0.0058031942	-0.0102765851	0.003107687	-0.0117940269	0.0288770314	-0.0037956851	0.0422230516	0.0124938244	0.091849115	0.0809941435	0.0638426524	0.0417280058	0.016369406	-0.0118332584841169	0.0009119050415194	0.0001400260063519	8.315708047484987e-07	-0.0031265711894548	0.0575872016961085	9.7754474027288e-06	0.0033162857991882	-0.0514752641686442	0.0937486306449955	0.0026497028212317	0.0087888057478117	-0.0003917379162558	-0.0019595581490589	1.5345859503243618e-07	3.839868139543142e-06	0.0005258230076361	-0.0005801450374252	2.764898353594741e-07	3.365682644490868e-07	0.0009051035610767	-0.0003250311937762	8.192124562737235e-07	1.0564527692758166e-07	0.0	0.0	0.0	0.0	0.0	0.0	0.0	0.0	0.0	0.0	0.0	1.0	0.0	0.0	0.0	0.0	0.0	0.0	0.0	0.0	0.0	0.0	0.0	0.0	0.0	0.0	0.0	0.0	0.0	0.0	0.0	0.0	0.0	0.0	0.0	0.0	0.0	0.0	0.0	0.0
5692.12485775961	-37.22920902113947	32400285.396324854	1386.0140043396923	3704.880751336639	-75.67381455311215	5726.526209018809	13726141.38162474	3772.369291813002	-17.236149431981175	297.084847241585	14230770.073813727	3632.305548809944	6483.922411795888	1.124094	49.545975	0.0844624689734378	0.0416476889480253	-0.0106763146	-0.0802002564	0.0409842217	0.1187464443	-0.0889073883	0.0624420256	-0.0176592545	0.0660341188	-0.1411209462	0.0487095434	-0.1010064454	0.0065403636	-0.0829580413	0.0662609079	0.0202063059	0.0845260191	0.0276022349	-0.0553211061	0.0176558477	-0.0798756732	0.0567337413	-0.0154854897	0.0435627051	0.025460417	0.0537302298	-0.0493244741	0.128782069	0.089671795	0.0179785785	0.1049545922	-0.0127513579	-0.015564736	-0.0277226214	-0.046340064	0.0231735706	-0.1219232101	0.1605838112	0.0267529612	0.0258757506	-0.0491406685	-0.0721861748	0.0361679601	0.054886617	-0.0274323502	-0.0082606929	-0.0047155453	-0.0130489646	0.0064515937	-0.0143998417	-0.0126948948	0.0134636377	0.0160620443	0.0214743166	-0.0096299842	-0.0136802082	0.0057961967	0.0129963709	0.0914611824	0.0795058789	0.0607242596	0.0367289002	0.0095800247	-0.0230436795399953	-0.0112104210558783	0.0005310111667419	0.00012567354025	-0.0057081848221542	-0.0025816136326993	3.258337396387157e-05	6.664728948539392e-06	-0.0261971687458242	0.02527809542282	0.0006862916502971	0.0006389821082051	-0.0006560682584104	-0.0002643303421545	4.304255596936554e-07	6.987052978356788e-08	0.0002568259904482	-0.0002689970171879	6.59595893696989e-08	7.235939525598738e-08	0.0005305841431784	-0.0003745194178983	2.8151953299235685e-07	1.4026479438288148e-07	0.0	0.0	0.0	0.0	0.0	0.0	0.0	0.0	0.0	0.0	0.0	0.0	0.0	0.0	0.0	0.0	0.0	0.0	0.0	0.0	0.0	0.0	0.0	0.0	0.0	0.0	0.0	0.0	0.0	0.0	0.0	0.0	0.0	0.0	0.0	0.0	0.0	0.0	0.0	0.0
5758.30206822142	66.17721046181032	33158042.708883084	4379.423184506737	3798.111460585091	93.23070924845206	8691.965146969404	14425650.667027814	3793.014441074756	20.64514926175434	426.2221880401158	14386958.550201643	3654.219922925976	6573.018604521516	1.048096	46.196266	0.1506779880422524	0.0855210590454545	-0.0607160252	-0.0788660551	0.024339045	0.1009209179	-0.1078129505	0.0206029506	-0.069510354	0.1205068741	-0.1118248539	-0.010325631	-0.1126403511	-0.0545982692	-0.0328912727	0.045097648	-0.0317622867	0.0835048321	0.0719666182	-0.0061602332	0.0576210688	-0.010139344	0.071426479	-0.0132276487	0.0999033067	0.0720625874	0.0124630968	-0.0794988736	0.0582571162	0.1127341773	-0.009483114	0.1144263461	-0.0513287528	0.0434797716	-0.0101607538	-0.0712196827	0.0380922699	-0.120896259	0.1567957527	0.0376728626	0.0279129869	0.0002575401	-0.0667283314	0.0528435366	0.0889706128	-0.0232950862	0.0201398274	0.0365627749	-0.02628241	-0.0127257573	-0.0228486675	-0.0103992258	0.001117494	0.0006471736	0.0255102075	-0.027655859	-0.0343011223	0.019231907	0.0178053574	0.0910544289	0.0779521747	0.0574934194	0.0316088963	0.0027413792	-0.0334272332361536	-0.0103835536961582	0.0011173799218242	0.000107818187361	-0.0794573516285481	-0.0737491668063939	0.0063134707278227	0.0054389396046373	-0.0337690263325924	-0.0075718575867681	0.0011403471394513	5.733302731429912e-05	2.5990612257361008e-05	0.0006820588706677	6.755119255124843e-10	4.652043030565814e-07	9.80020055976194e-05	-0.0001588239848505	9.604393101155824e-09	2.5225058163817454e-08	0.0001919987996381	-0.0003385853435402	3.686353906247128e-08	1.1464003486030297e-07	0.0	0.0	0.0	0.0	0.0	0.0	0.0	0.0	0.0	0.0	0.0	0.0	0.0	0.0	0.0	0.0	0.0	0.0	0.0	0.0	0.0	0.0	0.0	0.0	0.0	0.0	0.0	0.0	0.0	0.0	0.0	0.0	0.0	0.0	0.0	0.0	0.0	0.0	0.0	0.0
5741.053601968121	-17.24846625329883	32959696.460671134	297.50958809118856	3725.6026276248185	-72.50883296027268	5257.530857260726	13880114.938964952	3774.130533077695	-18.88390799706121	356.6019812414725	14244061.280709326	3632.246603835992	6685.191208548271	0.930979	41.034187	0.0983268750256881	0.0566337734433783	-0.0565477291	-0.0963999174	0.0554062594	0.0790399364	-0.0974180906	0.0656858642	-0.0281641206	0.0289112009	-0.0711060069	0.0042760473	-0.1665145915	-0.0464248863	-0.030645276	0.0668334776	0.0596347204	0.0333788583	0.0475251396	-0.0638456735	0.0213303334	-0.0852888083	0.0568753022	-0.0231297275	0.0487423807	0.0435158464	0.0644647992	-0.0658823417	0.127555182	0.0719692932	-0.0077397009	0.1159319424	-0.0013302681	0.0278904207	-0.0232393723	-0.0578781674	0.0248219308	-0.1235559626	0.1593463805	0.0265504764	0.0347573787	-0.0574622554	-0.0706740252	0.0617143093	0.0951433575	-0.0150232002	0.0116062279	0.0447670235	-0.0188241248	0.0266664161	-0.012460169	-0.0203734196	0.0240418341	0.0098073848	0.0664978273	-0.0351867196	-0.0542577752	-0.0084253641	0.0441186035	0.0906289382	0.0763343096	0.0541561147	0.0263848473	-0.0041113636	-0.0492590776836863	-0.0158318444475327	0.0024264567342474	0.0002506472986108	-0.0880249810720954	-0.0085676294435473	0.0077483972927427	7.340427428193868e-05	-0.0769918486213896	-0.0432228222887971	0.0059277447541389	0.0018682123666089	0.0005279796397237	0.0005019890274663	2.787624999627681e-07	2.5199298369660094e-07	0.0002100506423832	0.0001120486367855	4.412127236559499e-08	1.2554897005506966e-08	0.0001919448869738	-5.391266430000447e-08	3.6842839635384864e-08	2.906575371924977e-15	0.0	0.0	0.0	0.0	0.0	0.0	0.0	0.0	0.0	0.0	0.0	0.0	0.0	0.0	0.0	0.0	0.0	0.0	0.0	0.0	0.0	0.0	0.0	0.0	0.0	0.0	0.0	0.0	0.0	0.0	0.0	0.0	0.0	0.0	0.0	0.0	0.0	0.0	0.0	0.0
5754.839528374419	13.785926406298133	33118177.99734071	190.0517668798681	3747.1457964259776	21.543168801159027	464.10812199523167	14041101.619672874	3785.146133215668	11.015600137973252	121.34344639971631	14327331.249797525	3642.607576758128	6654.3240678327065	0.967326	42.636219	0.1360607257713261	0.073309425751759	-0.0809717459	-0.055524511	0.0295300164	0.0920921105	-0.1086683975	0.0368356487	-0.0563753756	0.0676862782	-0.0707091324	-0.0432042172	-0.1311238133	0.0091670444	-0.0617338531	0.0037362872	-0.0048163084	-0.0088267962	0.071362434	-0.0172524076	0.0507963339	-0.0130618223	0.0786794444	-0.0141888235	0.0744602884	0.0701798977	0.0241548187	-0.0764503425	0.0493580079	0.0968489384	-0.014355955	0.1000304355	-0.0413464294	0.0610717719	-0.0284940708	-0.0836946808	0.0361812843	-0.1160320326	0.1470738584	0.0342310073	0.0282752287	0.0009088501	-0.0582960248	0.0575878173	0.0960007974	-0.0117400314	0.0161040877	0.0402779373	-0.0237190769	-0.0089296218	-0.0145926625	-0.0074395395	0.0160975227	-0.0078037591	0.0202544446	-0.0051674351	-0.0396215829	0.0218066445	0.0343131952	0.0901847978	0.0746536153	0.0507185253	0.0210739489	-0.0109429642	-0.0510787781072537	-0.0018197004235673	0.00260904157293	3.311309631531364e-06	-0.0737323326358421	0.0142926484362533	0.0054364568759224	0.0002042797993223	-0.0430408773128192	0.0339509713085703	0.0018525171198571	0.0011526684527953	-0.0002118953320606	-0.0007398749717843	4.4899631749071936e-08	5.474149738728188e-07	-0.0006300346208063	-0.0008400852631895	3.969436234145383e-07	7.057432494281717e-07	0.0003319327640587	0.0001399878770849	1.101793598556486e-07	1.9596605730737067e-08	0.0	0.0	0.0	0.0	0.0	0.0	0.0	0.0	0.0	0.0	0.0	0.0	0.0	0.0	0.0	0.0	0.0	0.0	0.0	0.0	0.0	0.0	0.0	0.0	0.0	0.0	0.0	0.0	0.0	0.0	0.0	0.0	0.0	0.0	0.0	0.0	0.0	0.0	0.0	0.0
5754.4154680848815	-0.4240602895379197	33113297.379334547	0.1798271291629843	3732.419752264742	-14.726044161235675	216.8563766386634	13930957.207095996	3770.235964870628	-14.910168345040349	222.3131200774432	14214679.230803952	3628.1063900078834	6726.704961204446	1.237552	54.546822	0.1105365480324748	0.0693646232603125	-0.0679144292	-0.1227008433	0.0643554953	0.0305062423	-0.1002292065	0.0446834868	-0.0890118974	0.077944072	-0.1100235986	0.0797300852	-0.1589903889	-0.0103026436	-0.1260762234	0.045085013	0.0675033517	0.0512864157	0.0518237075	-0.0578511951	0.0001135212	-0.0660412443	0.0559784003	-0.0361407347	0.0364561964	0.0496355857	0.0575090829	-0.0414024779	0.1100740463	0.0636749996	-0.0353211413	0.1114561328	0.0223309068	0.0703403774	-0.023342504	-0.0643614663	0.016429615	-0.1121092423	0.1457468728	0.0174475757	0.0385768568	-0.0651891344	-0.0789130776	0.0751278929	0.1211513968	-0.0121286312	0.0177707695	0.0616028211	-0.0120816976	0.0673731703	-0.02756384	-0.0377753453	0.031272732	-0.0095054714	0.0712416966	-0.0678756009	-0.0779049704	-0.0008901389	0.0232088751	0.0897220992	0.0729114752	0.0471870168	0.0156936827	-0.0177182917	-0.0497705746890488	0.0013082034182048	0.0024771101048781	1.7113961834029718e-06	-0.1346779932817412	-0.0609456606458991	0.0181381618743967	0.003714373551565	-0.06407083260342	-0.0210299552906008	0.0041050715904954	0.0004422590195246	-0.0002309762208388	-1.9080888778200003e-05	5.3350014592974106e-08	3.6408031656603876e-10	-0.0002440221469901	0.0003860124738162	5.9546808221657976e-08	1.4900562994170257e-07	0.0001919715530977	-0.000139961210961	3.685307719874305e-08	1.9589140573669547e-08	0.0	0.0	0.0	0.0	0.0	0.0	0.0	0.0	0.0	0.0	0.0	0.0	0.0	0.0	0.0	0.0	0.0	0.0	0.0	0.0	0.0	0.0	0.0	0.0	0.0	0.0	0.0	0.0	0.0	0.0	0.0	0.0	0.0	0.0	0.0	0.0	0.0	0.0	0.0	0.0
5821.735680977857	67.32021289297518	33892606.33917071	4532.011063955501	3839.951567069969	107.531814805227	11563.091195305631	14745228.037443109	3799.1257964359934	28.889831565365512	834.6223678751895	14433356.81714542	3656.8223857473818	6944.03571192368	1.363062	60.078815	0.1497001510990189	0.0744285222652811	-0.1146343591	-0.0992846882	0.0594288464	0.0141654047	-0.0962149853	0.0420751341	-0.0921930867	0.0713942671	0.004441726	-0.060639269	-0.194692776	-0.0439739464	0.0184330322	0.0728497077	0.0332184523	-0.0110018554	0.1108491208	-0.0160381024	0.0764311778	0.0008492316	0.0421533442	-0.0038043415	0.0754274769	0.1076711095	0.0228224112	-0.1143658408	0.0291252498	0.0677952681	-0.0228310937	0.1183753364	-0.0228680531	0.1324347046	-0.0156430484	-0.0967784586	0.0338095366	-0.1079401197	0.1372848476	0.030785084	0.0334010397	-0.0139257458	-0.0576634191	0.0718040605	0.1232305144	-0.0159257572	0.0484457042	0.0746313516	-0.0124403511	-0.0023151812	-0.0186860487	-0.0006564192	0.0009951781	-0.0226352295	0.0305334757	-0.0121203138	-0.0887996982	0.044155002	0.0376424459	0.0892409375	0.0711093231	0.0435681289	0.0102617584	-0.0244025048	-0.0335189793962342	0.0162515952928146	0.0011235219797651	0.0002641143495614	-0.118065124144465	0.0166128691372762	0.0139393735392479	0.0002759874209722	-0.1252486670092309	-0.0611778344058109	0.0156872285875892	0.0037427274225848	6.415678048864434e-05	0.0002951330013274	4.1160924826680945e-09	8.710348847254526e-08	-0.0009089884875934	-0.0006649663406033	8.262600705773367e-07	4.42180234135344e-07	0.0003450292564293	0.0001530577033316	1.1904518779215565e-07	2.3426660549144082e-08	0.0	0.0	0.0	0.0	0.0	0.0	0.0	0.0	0.0	0.0	0.0	0.0	0.0	0.0	0.0	0.0	0.0	0.0	0.0	0.0	0.0	0.0	0.0	0.0	0.0	0.0	0.0	0.0	0.0	0.0	0.0	0.0	0.0	0.0	0.0	0.0	0.0	0.0	0.0	0.0
5768.51426138975	-53.22141958810698	33275756.78385693	2832.5195029733377	3684.481956903659	-155.46961016630985	24170.79968526436	13575407.290748617	3775.536925754372	-23.5888706816213	556.434820034253	14254679.077734774	3628.812728542081	6950.314157417604	1.534597	67.639496	0.2976060063643628	0.1990654504504559	-0.0892926437	-0.1154836819	0.0738717781	-0.0153335727	-0.0599067353	0.0821655088	-0.031550369	-0.1100099722	-0.0431948836	-0.0178475178	-0.2680584762	0.0087957799	-0.088733452	0.0680446847	0.1070142481	-0.0879016091	0.0802506638	-0.0837756434	0.052560333	-0.1247830118	0.0082214723	-0.0016702157	0.0458312406	0.0703531047	0.0882847008	-0.0820945151	0.1480904538	0.0132624965	0.037875428	0.1182172896	0.0114136843	0.0463774239	-0.0006372209	-0.056888154	0.0221259328	-0.1205642633	0.1476413262	0.0088069959	0.0429648378	-0.1066956347	-0.057761447	0.0995298561	0.1574745729	0.0073993995	0.0310148476	0.102760213	-0.0202697834	0.1121700806	0.0201608627	-0.0503122342	0.052864875	0.024088033	0.2262261037	-0.0686340771	-0.1710161482	-0.0831663586	0.0868309609	0.0887414118	0.0692486424	0.0398685628	0.0047960562	-0.0309612306	-0.0475011836955445	-0.0139822042993102	0.0022563624524778	0.0001955020370676	-0.0936067222948793	0.0244584018495856	0.0087622184587906	0.0005982134210358	-0.3074549359967449	-0.182206268987514	0.0945285376687625	0.0331991244583503	0.0011991130561953	0.0011349562757066	1.4378721215380328e-06	1.2881257477659225e-06	-0.0011618821964534	-0.0002528937088599	1.349970238435377e-06	6.39552279809664e-08	0.0001936966164369	-0.0001513326399924	3.7518379219103565e-08	2.2901567927069348e-08	0.0	0.0	0.0	0.0	0.0	0.0	0.0	0.0	0.0	0.0	0.0	0.0	1.0	0.0	0.0	0.0	0.0	0.0	0.0	0.0	0.0	0.0	0.0	0.0	0.0	0.0	0.0	0.0	0.0	0.0	0.0	0.0	0.0	0.0	0.0	0.0	0.0	0.0	0.0	0.0
5778.632576259844	10.118314870094764	33392594.45141149	102.38029581038082	3796.13539069861	111.65343379495108	12466.489278203522	14410643.90451449	3766.0974003727065	-9.43952538166559	89.1046394311089	14183489.62909406	3630.8124843712553	6940.523402834272	1.742179	76.788933	0.5341812899378542	0.3911310237938637	-0.1305939701	-0.0702688002	0.0507090316	-0.0350301817	-0.0728393575	0.0733301834	-0.0992846523	0.0671070152	-0.0403004994	-0.1206643989	-0.1556789318	-0.1038987342	-0.0729602411	0.0190326073	-0.0259976916	0.0005812346	0.0672751762	-0.0516079391	0.1294425129	0.0014937454	0.1392307259	0.0917506023	-0.0144682472	0.0657156369	0.056728804	-0.1270859523	0.0171941866	0.1138047252	0.000806892	-0.0607467486	-7.56746e-05	0.1005542392	-0.0482273546	-0.1071597376	0.0127321386	-0.0744274033	0.0885057541	0.0192053918	0.0231725286	0.0032962952	-0.0326610682	0.0376910014	0.0709017982	-0.0254028844	0.0285994076	0.0306528652	0.0163660347	0.0252297184	-0.0135456871	0.0005425369	-0.0243017738	-0.012060382	0.0395980472	-0.0300177922	-0.0184392763	0.005059969	0.0125156202	0.0882236248	0.0673309646	0.0360951694	-0.000685433	-0.0373607416	-0.038909670282905	0.0085915134126395	0.0015139624415243	7.381410271956444e-05	-0.0734277802370826	0.0201789420577967	0.0053916389105452	0.0004071897025719	0.045338308020618	0.3527932440173629	0.0020555621741724	0.1244630730242945	-0.0013706882105186	-0.0025698012667139	1.878786170454682e-06	6.603878550404366e-06	-0.0010709015991421	9.098059731129988e-05	1.1468302350451071e-06	8.277469087120905e-09	0.0005852665614128	0.0003915699449759	3.425369479079628e-07	1.5332702180842937e-07	0.0	0.0	0.0	0.0	0.0	0.0	0.0	0.0	0.0	0.0	0.0	0.0	0.0	1.0	0.0	0.0	0.0	0.0	0.0	0.0	0.0	0.0	0.0	0.0	0.0	0.0	0.0	0.0	0.0	0.0	0.0	0.0	0.0	0.0	0.0	0.0	0.0	0.0	0.0	0.0
5782.695886127923	4.06330986807825	33439571.7114408	16.51048708402208	3760.226148710778	-35.90924198783205	1289.47366014068	14139300.68944829	3780.484592464342	14.38719209163537	206.99129628161532	14292063.753860282	3636.217156185129	6961.950773798919	1.814106	79.959221	0.7404908643721171	0.480338511248562	-0.1647241639	0.0132887916	0.0261885281	-0.0442352423	-0.0938335212	-0.0551909669	-0.1069084584	0.0697195649	0.1498148412	-0.0799902806	-0.0338388412	0.1499991586	0.0092801813	-0.0257105343	0.0516304573	-0.0030928196	0.0970362385	-0.0429685277	0.0578431221	-0.0241676333	-0.0081174448	0.0146942954	-0.0581628669	0.0955863678	0.0358271644	-0.0722179695	-0.0347216721	-0.0746014717	-0.0360067716	-0.1180477891	-0.0015277434	0.0761226901	-0.0959362437	-0.1672025698	0.0054890551	0.0343527301	-0.0530022347	0.0203908294	-0.0149751358	0.056124546	-0.0043638095	-0.0808717841	-0.1129808128	-0.0201113519	0.0031499515	-0.0718940961	0.0239625647	-0.0514446973	0.0089502697	0.0429775054	-0.018838854	-0.0081740008	-0.0881323828	0.0387466066	-0.0207946105	0.0658731564	-0.0511043476	0.0876876832	0.065357868	0.0322549359	-0.0061646659	-0.0435681289	0.0003224088880386	0.0392320791709435	1.0394749108628652e-07	0.0015391560360751	-0.002976634877001	0.0704511453600816	8.86035519097876e-06	0.0049633638825473	0.4737047807956998	0.4283664727750818	0.2243962193487019	0.1834978349977648	-0.0041566954111651	-0.0027860072006465	1.7278116741201002e-05	7.761836122054149e-06	-0.0020636642838931	-0.000992762684751	4.258710276616023e-06	9.855777482340135e-07	0.0003152131054901	-0.0002700534559227	9.935930187271292e-08	7.292886905579368e-08	0.0	0.0	0.0	0.0	0.0	0.0	0.0	0.0	0.0	0.0	0.0	0.0	0.0	0.0	1.0	0.0	0.0	0.0	0.0	0.0	0.0	0.0	0.0	0.0	0.0	0.0	0.0	0.0	0.0	0.0	0.0	0.0	0.0	0.0	0.0	0.0	0.0	0.0	0.0	0.0
5727.381699120915	-55.3141870070076	32802901.12742518	3059.6592842462087	3711.120050938285	-49.10609777249283	2411.408838441625	13772412.03247618	3774.718006647792	-5.76658581654965	33.2535119796316	14248496.029711084	3631.9721993470416	6848.614460541652	1.341894	59.145847	0.1807601458740915	0.1229848313560237	-0.14936339	0.0667719459	0.0179575128	-0.008254889	-0.0636421901	-0.0142779282	-0.043624114	-0.0294832863	0.0842435159	-0.0786522279	-0.0283493162	0.1785079631	-0.0086802351	0.0361716636	0.0413793255	0.0409478444	0.0938534018	-0.0170042619	0.0558574494	-0.0087064924	0.0026963233	-0.0036154925	0.0273490026	0.090234065	0.0288647479	-0.0630966075	-0.032678312	-0.0325263274	-0.0255905672	-0.0579236144	-0.0631655211	-0.0164023595	-0.0961212808	-0.1671233116	0.0085773231	0.0227367817	-0.0391458794	0.0246809316	-0.0159752622	0.0975139969	0.0012411378	-0.0378524551	-0.0473074608	-0.0215977397	-0.0144651426	-0.0637969265	0.01943529	-0.0261450458	0.0119250241	0.0120904911	-0.0143610455	-0.0095431638	-0.0555888524	0.0324906247	0.0312857156	0.0229905335	-0.0226180567	0.0871336971	0.0633309768	0.0283549738	-0.011623607	-0.0495514717	0.0009010152313635	0.0005786063433248	8.118284471490214e-07	3.34785300535812e-07	-0.1171004038584584	-0.1141237689814573	0.013712504583814	0.013024234646533	0.4686364917823056	-0.0050682890133941	0.219620161430027	2.5687553523292133e-05	-0.0032077499576933	0.0009489454534718	1.0289659791081366e-05	9.004974736648012e-07	-0.0018249594086701	0.000238704875223	3.330476843293521e-06	5.698001745522808e-08	0.0002830738034666	-3.21393020235e-05	8.01307782090473e-08	1.0329347345577512e-09	0.0	0.0	0.0	0.0	0.0	0.0	0.0	0.0	0.0	0.0	0.0	0.0	0.0	0.0	0.0	0.0	0.0	0.0	0.0	0.0	0.0	0.0	0.0	0.0	0.0	0.0	0.0	0.0	0.0	0.0	0.0	0.0	0.0	0.0	0.0	0.0	0.0	0.0	0.0	0.0
5679.267518791785	-48.11418032913025	32254079.550003394	2314.974348744064	3730.0651795660433	18.94512862775809	358.9178987222993	13913386.24381106	3758.6779648975057	-16.04004175028649	257.2829393509337	14127660.043806056	3622.21307381352	6572.989504914288	1.160403	51.146362	0.180571351667016	0.0845290910631804	-0.1182336984	0.1151785048	-0.0025666896	0.0381778129	-0.0581946253	-0.0234197933	-0.0554939208	0.0278837735	0.0804568581	-0.1265448918	0.0135226942	0.1608617509	0.0012330223	-0.0104252525	-0.0403183164	0.0777450424	0.0713058855	-0.0450084295	0.0503792014	-0.0158648361	-0.0362335905	-0.0481281757	-0.0268835645	0.070108334	0.0445255696	-0.0559441748	-0.0407993994	-0.0651278102	-0.0466709819	-0.0634637461	-0.0361352087	-0.0578047993	-0.1090124431	-0.1707039588	-0.0085184596	0.0433091854	-0.0646140957	0.0126271381	-0.0201667438	0.0525997197	-0.0207030183	-0.059211069	-0.0796500857	-0.0271523115	-0.018357069	-0.0692423157	0.0291142056	-0.0439038585	0.0018026973	0.0278229057	-0.0194963138	0.0043104542	-0.0479323657	0.0118298718	0.0246245117	0.0215140305	-0.0353633985	0.0865617806	0.0612519591	0.0244025048	-0.0170442873	-0.0552800014	-0.023937753897016	-0.0248387691283794	0.0005730160616341	0.0006169644518129	-0.1316345541327734	-0.0145341502743149	0.017327655841734	0.0002112415241963	0.5279815930649221	0.0593451012826165	0.2787645626153729	0.003521841046244	-0.0027809344976597	0.0004268154600335	7.733596680273807e-06	1.821714369236935e-07	-0.0007072654172213	0.0011176939914488	5.002243703972196e-07	1.2492398585207506e-06	0.0001905166353149	-9.25571681517e-05	3.62965883317106e-08	8.566829376262069e-09	0.0	0.0	0.0	0.0	0.0	0.0	0.0	0.0	0.0	0.0	0.0	0.0	0.0	0.0	0.0	0.0	0.0	0.0	0.0	0.0	0.0	0.0	0.0	0.0	0.0	0.0	0.0	0.0	0.0	0.0	0.0	0.0	0.0	0.0	0.0	0.0	0.0	0.0	0.0	0.0
5727.626207963152	48.35868917136759	32805701.97814636	2338.5628183729445	3729.5113003984766	-0.5538791675667198	0.3067821322644025	13909254.539799936	3773.742492160622	15.06452726311636	226.9399816611761	14241132.397138664	3635.8520734769054	6563.363161927649	1.015719	44.769211	0.0885912055892647	0.038042276343556	-0.1374403066	0.0982022525	-0.0267588767	0.0331351792	-0.0599906728	-0.0422730187	-0.0959768302	0.0684010647	0.0695109171	0.030726744	0.0025954867	0.1290973979	-0.0432460852	-0.0863134311	-0.0385567248	0.0830445318	0.1063617884	-0.0104964474	0.065813143	0.0192686823	0.0214335581	-0.0152758683	0.0309581633	0.106916078	0.0142966519	-0.0708090778	-0.0680472191	-0.024520323	-0.0544356406	-0.0536552974	-0.0488135618	0.0300841464	-0.077297839	-0.1830676984	0.0111142219	0.0326189451	-0.0486741615	0.0299374033	-0.0194751094	0.1056459415	0.0015474297	-0.0345788015	-0.0463718567	-0.0220492304	-0.0181162069	-0.0629368333	0.0363519274	-0.0078183213	0.0029322008	0.0007857279	0.0005041338	0.0010514706	-0.039804264	-0.0086790873	0.0265003784	0.0053713599	-0.0353782772	0.0859720514	0.0591225262	0.020404848	-0.022408864	-0.0607242596	-0.0036108657308489	0.0203268881661671	1.303835132621896e-05	0.0004131823825198	-0.1206540693356572	0.0109804847971161	0.0145574044472535	0.0001205710463796	0.5115498729090007	-0.0164317201559214	0.2616832724732147	0.0002700014272825	-0.0032188638345949	-0.0004379293369351	1.0361084385662982e-05	1.9178210414850385e-07	-0.0009829761955941	-0.0002757107783727	9.6624220110465e-07	7.601643331093517e-08	0.0002939187694081	0.0001034021340932	8.638824301037188e-08	1.0692001335028114e-08	0.0	0.0	0.0	0.0	0.0	0.0	0.0	0.0	0.0	0.0	0.0	0.0	0.0	0.0	0.0	0.0	0.0	0.0	0.0	0.0	0.0	0.0	0.0	0.0	0.0	0.0	0.0	0.0	0.0	0.0	0.0	0.0	0.0	0.0	0.0	0.0	0.0	0.0	0.0	0.0
5715.980988371271	-11.64521959188096	32672438.659421816	135.61113934312814	3751.0801235179806	21.56882311950403	465.2141307604516	14070602.093051668	3763.484742554831	-10.257749605791105	105.22142697510756	14163817.407443002	3632.915471246371	6635.888829345469	0.931463	41.055496	0.0760284943468579	0.0485472687636482	-0.1490723553	0.112813353	-0.011654665	0.0164240642	-0.0659620884	-0.028256572	-0.079936723	-0.0035122214	0.0820221965	-0.1061410727	0.0005937124	0.1109704344	0.0316319708	-0.0111646553	-0.0520404384	0.0541238477	0.0956639398	-0.0502604071	0.0505129729	-0.0373927259	-0.0370238269	-0.0313566288	-0.0460466026	0.0957399617	0.0521739623	-0.0563205115	-0.0277591397	-0.0767655881	-0.040874013	-0.0660388946	-0.0206327766	-0.0502810947	-0.105234562	-0.186884839	-0.0117862509	0.0470952592	-0.0686923583	0.0155876085	-0.0164790325	0.0516801318	-0.0171103189	-0.0447605485	-0.0632922798	-0.0157344274	-0.0128443151	-0.0523795805	0.0225344962	-0.0248952685	-0.0015604858	0.008688338	-0.0026471194	-0.0084957851	-0.0708674546	0.0069727667	0.0130052039	0.0287896684	-0.0232468175	0.0853646308	0.0569444308	0.016369406	-0.0276996788	-0.0658562496	-0.0086857600103655	-0.0050748942795166	7.544242695766451e-05	2.575455194827032e-05	-0.1603489020639585	-0.0396948327283012	0.0257117703931169	0.0015756797453278	0.5140919681642657	0.002542095255265	0.2642905517310084	6.462248286841097e-06	-0.0032138157501427	5.048084452199692e-06	1.0328611675865286e-05	2.5483156636540263e-11	-0.0015124123249812	-0.0005294361293871	2.287391040755039e-06	2.803026151003942e-07	0.0002540695415719	-3.98492278362e-05	6.455133195455543e-08	1.5879609591413767e-09	0.0	0.0	0.0	0.0	0.0	0.0	0.0	0.0	0.0	0.0	0.0	0.0	0.0	0.0	0.0	0.0	0.0	0.0	0.0	0.0	0.0	0.0	0.0	0.0	0.0	0.0	0.0	0.0	0.0	0.0	0.0	0.0	0.0	0.0	0.0	0.0	0.0	0.0	0.0	0.0
5727.439230984743	11.458242613471157	32803560.1446231	131.2913237891663	3798.119488816764	47.0393652987832	2212.7018877123687	14425711.651329717	3775.1805879981366	11.695845443305643	136.7928006336934	14251988.471997956	3645.0329699924473	6690.184946463905	0.961797	42.392529	0.0928029403919379	0.0465049556392184	-0.1591813442	0.1333984539	-0.0205353502	0.049227997	-0.0543674102	-0.0078082076	-0.0814288715	0.0138596619	0.0499291084	-0.2272638069	0.0014523068	0.1233377303	0.0711048989	-0.0159386102	-0.0742777945	0.0905664609	0.1267457691	-0.0224851756	0.0872949915	0.0024951816	0.0221936846	0.0106290452	0.0510153915	0.1264444608	0.0349659847	-0.0868544563	-0.0539320491	-0.0123437825	-0.028479173	-0.0832558189	-0.1124647585	-0.0316527068	-0.1044785484	-0.1983230252	0.0088023566	0.0433457696	-0.0593038001	0.0277038865	-0.0232668491	0.1165592281	0.0081460998	-0.0232920554	-0.0345634511	-0.0251267749	-0.0185585364	-0.04917443	0.0225591818	-0.0156705119	0.0076010075	-0.0061024519	0.0139759017	-0.0065072389	-0.0586897102	0.0288856747	0.0233226939	0.0120678492	-0.0041090017	0.0847396439	0.0547194656	0.0123036518	-0.0328993162	-0.070649581	-0.0029483304181781	0.0057374295921874	8.69265225475425e-06	3.291809832530768e-05	-0.1806626575544641	-0.0203137554905055	0.0326389958346415	0.000412648662128	0.5041145290461913	-0.0099774391180744	0.2541314583954632	9.954929135488268e-05	-0.0033011058283306	-8.729007818790002e-05	1.0897299689838258e-05	7.619557750049697e-09	-0.002223868513913	-0.0007114561889318	4.945591167173616e-06	5.061699087693613e-07	-8.267051513180892e-05	-0.0003367400567037	6.834414072158647e-09	1.133938657888171e-07	0.0	0.0	0.0	0.0	0.0	0.0	0.0	0.0	0.0	0.0	0.0	0.0	0.0	0.0	0.0	0.0	0.0	0.0	0.0	0.0	0.0	0.0	0.0	0.0	0.0	0.0	0.0	0.0	0.0	0.0	0.0	0.0	0.0	0.0	0.0	0.0	0.0	0.0	0.0	0.0
5677.908927576712	-49.530303408030704	32238649.789855327	2453.250955691578	3694.943165151318	-103.17632366544558	10645.353765116786	13652604.993698442	3754.662405434705	-20.518182563431765	420.9958157063153	14097489.778784724	3612.505508898509	6471.721661902391	1.12144	49.429024	0.0716586722136892	0.0337791311378787	-0.144825124	0.1564787777	-0.0338312866	0.0491082707	-0.0544979234	0.0023128679	-0.1039625976	0.0744741504	0.0605371177	-0.0032381134	0.0048024451	0.1460252233	-0.049362554	-0.0413564302	-0.0161474537	0.0805242524	0.0924165898	-0.0525296507	0.0452977955	-0.0324232444	-0.0495259567	-0.0349615017	-0.0434769572	0.0893528867	0.051255253	-0.0654292914	-0.0220903137	-0.0727531066	-0.0316564911	-0.0554013457	-0.0268976997	-0.0396313304	-0.1148750906	-0.1977639371	-0.0214032814	0.047071323	-0.0631253263	0.0150181193	-0.0168447713	0.0445450918	-0.027427574	-0.0365769544	-0.044869885	-0.0207554405	-0.0226554244	-0.0368307212	0.0093057019	-0.0190603571	-0.0064541498	-0.0041844684	0.0141072215	0.0043267103	-0.0731494648	0.0155199404	0.0176788187	0.0276314631	-0.0060614115	0.0840972192	0.0524494619	0.0082151139	-0.0379906609	-0.0750796043	-0.0030599650233114	-0.0001116346051333	9.363385943889137e-06	1.2462285063267817e-08	-0.1561153733950959	0.0245472841593681	0.0243720098102902	0.0006025691596007	0.4884095261929531	-0.0157050028532381	0.2385438652760249	0.0002466471146202	-0.0036678174215712	-0.0003667115932405	1.3452884637981209e-05	1.344773926170592e-07	-0.002165988026153	5.7880487760000095e-05	4.691504129438169e-06	3.3501508633355204e-09	-0.0002839734460502	-0.0002013029309183	8.064091806162586e-08	4.052286999633453e-08	0.0	0.0	0.0	0.0	0.0	0.0	0.0	0.0	0.0	0.0	0.0	0.0	0.0	0.0	0.0	0.0	0.0	0.0	0.0	0.0	0.0	0.0	0.0	0.0	0.0	0.0	0.0	0.0	0.0	0.0	0.0	0.0	0.0	0.0	0.0	0.0	0.0	0.0	0.0	0.0
5759.070478646809	81.16155107009672	33166892.778021183	6587.197372103919	3766.5210031480647	71.57783799674644	5123.386892288479	14186680.467155503	3781.409126245341	26.74672081063636	715.3870741221282	14299054.980051557	3646.549824634913	6608.019297027505	1.140559	50.271717	0.1121811629144436	0.0567846931648026	-0.1839345647	0.1287373771	-0.0488317891	0.0299060645	-0.0570393258	-0.0037738398	-0.142163735	0.0715362536	0.0800852014	-0.0268237771	0.0023189451	0.0792605732	-0.0421070787	-0.0586291564	-0.0802609796	0.1106739294	0.1524443191	-0.0172775356	0.1027110224	0.0132214079	0.0240739855	-0.013748305	0.0485944743	0.1528249153	0.0270100585	-0.0927070475	-0.0712725554	-0.0140593091	-0.057372339	-0.0754815079	-0.0748374031	0.0135722551	-0.0768332774	-0.2162473705	0.0108404106	0.0354497504	-0.0483811195	0.0372837589	-0.0188834476	0.1203522653	-9.96042e-05	-0.0063418823	-0.0046181822	-0.0216557001	-0.0101388383	-0.0271944432	0.0366003566	0.0162640977	0.0035149873	-0.0107840248	0.0270046825	-0.0102506304	-0.0483962162	0.0009738692	0.0081602825	0.0072327231	-0.0052910927	0.0834374889	0.0501362882	0.0041113636	-0.042956954	-0.0791235388	-0.0012804352776498	0.0017795297456616	1.6395145002501204e-06	3.166726115694439e-06	-0.1273781493313208	0.0287372240637751	0.0162251929270722	0.0008258280468916	0.4547346773528744	-0.0336748488400787	0.2067836267872227	0.0011339954444021	-0.003382022723246	0.0002857946983252	1.143807770055229e-05	8.167860959079207e-08	-0.0017619854349275	0.0004040025912255	3.1045926728966517e-06	1.6321809371691854e-07	-1.397953030233645e-05	0.0002699939157478	1.9542726747394303e-10	7.289671454086446e-08	0.0	0.0	0.0	0.0	0.0	0.0	0.0	0.0	0.0	0.0	0.0	0.0	0.0	0.0	0.0	0.0	0.0	0.0	0.0	0.0	0.0	0.0	0.0	0.0	0.0	0.0	0.0	0.0	0.0	0.0	0.0	0.0	0.0	0.0	0.0	0.0	0.0	0.0	0.0	0.0
5717.679273411139	-41.39120523566999	32691856.27359533	1713.2318708613543	3716.763630929305	-49.75737221875988	2475.796090116218	13814331.88819879	3764.437978067661	-16.971148177680334	288.0198704687825	14170993.290718138	3625.111416589736	6672.642348464552	1.170645	51.597797	0.1010302050391464	0.0471179205984615	-0.1807684996	0.1375168026	-0.0167380345	0.0185171762	-0.0743998774	0.0167194869	-0.113233665	0.0237168057	0.1000975979	-0.0152236749	-0.0629420957	0.1271475737	-0.0143352929	0.0089439192	-0.0050707985	0.0612581488	0.1258704669	-0.0718221817	0.0522164621	-0.0656580509	-0.067873401	-0.0553433476	-0.0532997256	0.1225292095	0.0735132254	-0.0800593791	-0.0077355654	-0.1038310348	-0.050666987	-0.0287800708	-0.0063356412	-0.0334451949	-0.123267348	-0.2122559669	-0.0289251102	0.0360391584	-0.0402029494	0.0128085667	-0.0098288147	0.0217956147	-0.0491507146	-0.0179577749	-0.0133790453	-0.0186394597	-0.0120456919	-0.020361287	0.002139735	-0.008307539	-0.0110077692	-0.0058100858	0.0316179017	-0.0101008608	-0.0964287295	0.0227846406	0.0008075951	0.0597024237	0.0089213149	0.0827605889	0.0477818483	-0.0	-0.0477818483	-0.0827605889	-0.0200178616090482	-0.0187374263313984	0.000400714783399	0.0003510911455245	-0.1348031025757592	-0.0074249532444383	0.0181718764640506	5.51299306820963e-05	0.4182594033029829	-0.0364752740498914	0.1749409284513673	0.0013304456170146	-0.003169232798631	0.000212789924615	1.004403653191848e-05	4.527955201765744e-08	-0.0021191673697016	-0.000357181934774	4.4908703408079975e-06	1.275789345289694e-07	-0.0002118586991816	-0.0001978791688792	4.488410841891969e-08	3.9156165476348115e-08	0.0	0.0	0.0	0.0	0.0	0.0	0.0	0.0	0.0	0.0	0.0	0.0	0.0	0.0	0.0	0.0	0.0	0.0	0.0	0.0	0.0	0.0	0.0	0.0	0.0	0.0	0.0	0.0	0.0	0.0	0.0	0.0	0.0	0.0	0.0	0.0	0.0	0.0	0.0	0.0
5765.458651241369	47.77937783023026	33240513.459173944	2282.868945843899	3797.9276586944734	81.16402776516861	6587.599403065062	14424254.500676485	3784.853717836153	20.41573976849213	416.8024302947911	14325117.66541815	3652.059369449153	6739.20242429509	1.495789	65.928955	0.3851009692548091	0.2306394858104083	-0.2054458747	0.1652067941	-0.0650362568	-0.0223637352	-0.0120985352	-0.0143845427	-0.1547886813	0.068405933	0.104616628	-0.0679751274	0.0713965532	0.0891448781	-0.0391420152	-0.0666258842	-0.0432497885	0.0307365953	0.1685091926	0.0036313562	0.1112699884	0.0574204008	0.0291320264	0.025215864	0.0314649392	0.1678435595	0.0056168771	-0.0899853205	-0.1197222941	-0.0142344861	-0.0495372829	-0.1440855928	-0.0779357698	0.0105361479	-0.0491806235	-0.2199769037	0.0060944746	0.0828713188	-0.1025119535	0.0352525394	-0.0261012001	0.1436511166	0.0061651985	-0.0034553966	-0.00129394	-0.014462834	-0.0168646947	-0.0161311848	0.0355026081	0.0534513864	0.0133539757	-0.0292740728	0.0273748462	0.0099909223	0.0590080377	-0.0322602504	-0.0154671915	-0.0777736105	0.0200783653	0.0820666583	0.0453880801	-0.0041113636	-0.0524494619	-0.0859720514	-0.0417426876543487	-0.0217248260453005	0.0017424519726085	0.0004719680666985	-0.1496619618738606	-0.0148588592981014	0.0223987028319329	0.0002207856996407	0.6246854526040551	0.2064260493010721	0.3902319146951331	0.0426117138300486	-0.0045560841013641	-0.001386851302733	2.0757902338702714e-05	1.9233565358924954e-06	-0.0006680297372003	0.0014511376325013	4.4626372978390194e-07	2.105800428461478e-06	-0.0002080229422093	3.835756972299994e-06	4.327354448541377e-08	1.4713031550548014e-11	0.0	0.0	0.0	0.0	0.0	0.0	0.0	0.0	0.0	0.0	0.0	0.0	0.0	0.0	0.0	0.0	0.0	0.0	0.0	0.0	0.0	0.0	0.0	0.0	0.0	0.0	0.0	0.0	0.0	0.0	0.0	0.0	0.0	0.0	0.0	0.0	0.0	0.0	0.0	0.0
5682.526478394094	-82.93217284727507	32291107.177649982	6877.745293170308	3686.074207401755	-111.85345129271856	12511.19456609256	13587143.062472476	3750.2598377920726	-34.59388004408038	1196.7365365042226	14064448.850956222	3609.656777134159	6535.508143675077	1.760925	77.615181	0.5466392647922083	0.2732557847758965	-0.1410180945	0.2192589083	-0.0483013321	-0.0735344885	0.0278432234	-0.0944301854	-0.0822697812	-0.027393394	0.151164378	0.0158925972	0.0593275107	0.0994941938	0.0235568777	-0.035981597	-0.0752363219	-0.0244313326	0.1005381454	-0.0578309722	0.0503582343	-0.0274518967	-0.1414900314	-0.0352269938	-0.1634442227	0.0961646434	0.051535137	-0.0404468574	-0.0679090392	-0.1848563013	-0.014072495	-0.1192110075	0.0820535476	-0.0492389298	-0.0756833169	-0.1862079478	-0.0610535716	0.134408937	-0.161326664	-0.0149880586	-0.0142298118	-0.0357565349	-0.0584858586	-0.0171752315	0.0002093474	-0.0302670311	0.0014080157	-0.0043455577	0.0399346031	0.0515731529	0.0307361874	0.0075122134	0.0171019159	0.0112385649	0.175802775	-0.1379209656	-0.0548960966	-0.1506529424	0.0296718713	0.08135584	0.042956954	-0.0082151139	-0.0569444308	-0.0887414118	-0.0714041533404525	-0.0296614656861037	0.0050985531142668	0.0008798025466479	-0.0995028386659555	0.0501591232079051	0.0099008149025831	0.0025159376409858	0.8688684787882295	0.2441830261841744	0.754932433431772	0.0596253502764612	-0.003353938535039	0.001202145566325	1.1248903696819552e-05	1.4451539626350943e-06	0.0019347691861442	0.0026027989233444	3.7433318036530896e-06	6.774562235363287e-06	0.0004397455624016	0.0006477685046109	1.933761596518995e-07	4.196040355658416e-07	0.0	0.0	0.0	0.0	0.0	0.0	0.0	0.0	0.0	0.0	0.0	0.0	0.0	0.0	0.0	1.0	0.0	0.0	0.0	0.0	0.0	0.0	0.0	0.0	0.0	0.0	0.0	0.0	0.0	0.0	0.0	0.0	0.0	0.0	0.0	0.0	0.0	0.0	0.0	0.0
5800.435482463129	117.90900406903528	33645051.78621727	13902.53324055178	3804.95126641815	118.87705901639538	14131.755160387547	14477654.139817083	3796.04874395248	45.78890616040735	2096.62392736659	14409986.0664632	3659.750752308887	6740.098685831456	1.894026	83.48180399999998	0.1262770838354942	0.0522420814667045	-0.1943188619	0.1953630668	-0.0810146217	-0.0830824677	0.0319482749	-0.0856233455	-0.1723847005	0.0490647711	0.1527854713	-0.0098945315	0.115252013	-0.0117109121	-0.0736230506	-0.1338882678	-0.0975948969	0.0213524115	0.2024981236	0.0346353478	0.0853368116	0.1132820227	0.0475989934	0.0408273448	0.1084827561	0.2003986567	-0.0213090848	-0.0515102077	-0.1705978203	0.0042208466	-0.0545826147	-0.148123733	-0.0920043169	0.0739422081	0.0041260661	-0.2176730651	0.0100497384	0.1293326089	-0.1485510045	0.0252519476	-0.0307089016	0.154892914	0.0258073426	0.0126125935	0.015721271	-0.0185530336	0.0014740685	-0.016218848	0.0802461411	0.150097336	0.0308955494	-0.0224709058	0.0524262663	0.0112072525	0.23148444	-0.1309104359	-0.0719271197	-0.1947677677	0.0136139983	0.0806282803	0.0404904708	-0.0123036518	-0.0612519591	-0.0910544289	-0.0454384035399186	0.0259657498005339	0.0020646485162564	0.0006742201627039	-0.1256360288353732	-0.0261331901694177	0.0157844117415227	0.0006829436284309	0.8536479799587369	-0.0152204988294926	0.728714873687632	0.0002316635846185	-0.0037101630879123	-0.0003562245528733	1.3765310138906936e-05	1.268959320697826e-07	0.0015249280224447	-0.0004098411636994	2.3254054736371035e-06	1.679697794625603e-07	0.0008528327465498	0.0004130871841482	7.273236935876755e-07	1.7064102170748892e-07	0.0	0.0	0.0	0.0	0.0	0.0	0.0	0.0	0.0	0.0	0.0	0.0	0.0	0.0	0.0	0.0	1.0	0.0	0.0	0.0	0.0	0.0	0.0	0.0	0.0	0.0	0.0	0.0	0.0	0.0	0.0	0.0	0.0	0.0	0.0	0.0	0.0	0.0	0.0	0.0
5527.815383085109	-272.6200993780203	30556742.90947237	74321.71858488167	3508.277931711781	-296.67333470636913	88015.06752579733	12308014.046135891	3683.8326270875145	-112.21611686496544	12592.456884251582	13570622.8243945	3545.156924799372	6886.033026702754	4.784808	210.897018	1.864754128356905	1.0988323458188078	0.0175950141	0.1856985045	0.1106895881	-0.2490814143	0.0830770304	0.3802485935	0.0970639238	-0.1446023713	0.2080565728	0.0579667579	-0.0958016832	0.0344768507	0.165119798	0.0693861383	0.106319298	0.0119639712	-0.0234980157	-0.2119178805	0.0798538901	-0.2434252685	-0.3404645545	-0.1948881969	-0.5690763377	-0.0369283175	0.1938657125	-0.1056369838	0.0771060931	-0.4655213916	-0.0326038355	-0.1979957606	0.3291319149	-0.2964491414	0.0273221737	-0.0963505218	-0.2921734876	0.1523733092	-0.1801771111	-0.1325959749	0.0218962633	-0.7886368033	-0.2802240974	-0.0997357567	-0.0412361409	-0.076870691	0.0605365973	0.0157741032	-0.0136991516	-0.0070209245	-0.0928955821	-0.0296597235	-0.039787463	0.006582977	-0.0181680869	0.0724019692	0.0917529593	-0.0057557104	-0.0182449406	0.0798841288	0.0379906609	-0.016369406	-0.065357868	-0.0928992083	-0.0151330854719873	0.0303053180679312	0.0002290102759024	0.0009184123031984	0.0635878994296206	0.1892239282649938	0.0040434209538715	0.0358056950280355	1.2254707313379072	0.3718227513791703	1.501778513365865	0.1382521584431763	0.0166841411648757	0.020394304252788	0.0002783605664094	0.0004159276459552	-0.0017409350438939	-0.0032658630663386	3.030854827057855e-06	1.0665861568074564e-05	0.0026607080403194	0.0018078752937696	7.079367275820303e-06	3.268413077822517e-06	0.0	0.0	0.0	0.0	0.0	0.0	0.0	0.0	0.0	0.0	0.0	0.0	0.0	0.0	0.0	0.0	0.0	1.0	0.0	0.0	0.0	0.0	0.0	0.0	0.0	0.0	0.0	0.0	0.0	0.0	0.0	0.0	0.0	0.0	0.0	0.0	0.0	0.0	0.0	0.0
5159.652353421974	-368.1630296631347	26622012.40817292	135544.0164107382	3199.7031237731626	-308.5748079386185	95218.4120943553	10238100.080283737	3466.001742895284	-217.83088419223031	47450.29410796885	12013168.081753148	3327.062967975207	6810.718977036593	6.617981	291.696625	6.49092516952628	4.384897113595344	0.1965902006	0.0805118136	0.2688723485	-0.0975684213	-0.1145495009	-0.7540300457	0.5317630606	0.4316940436	0.2360992533	0.1194490228	-0.2273088956	-0.1367527481	0.1528983926	0.2724784486	-0.21763683	-0.1497849389	-0.4914186984	0.3444885555	0.7153285928	-0.1691917799	-0.0880348241	0.0783214357	0.0176275051	-0.5064435896	-0.340139959	-0.6984708771	-0.0008568493	-0.0881332868	0.2115617312	0.0352294956	0.0257784532	-0.0030385137	0.0825743395	0.0932921949	-0.3170436219	0.0442318248	0.218248826	-0.8106145221	0.0330282962	0.3101715055	-0.1945010527	-0.0295909557	0.0036361458	0.0674357955	-0.0144589783	0.014774414	0.0110934461	0.0110936626	-0.032707142	0.055473975	-0.0005334488	0.0394380235	-0.0004690949	0.0658389092	-0.0086149962	-0.0221055046	-0.0037115481	0.0791235388	0.0354595815	-0.020404848	-0.0692486424	-0.0942662634	-0.3575785737976531	-0.3424454883256658	0.1278624364391636	0.1172689124746037	-1.388998661534842	-1.4525865609644626	1.9293172817455824	2.1100077170945646	5.198698006158779	3.973227274820872	27.02646095923926	15.786534977380487	0.0031609037703998	-0.0135232373944759	9.991312645727671e-06	0.0001828779496273	-0.0020948949438173	-0.0003539598999233	4.388584825631288e-06	1.2528761075378332e-07	0.0032368276542257	0.0005761196139062	1.0477053263160248e-05	3.3191380952754404e-07	0.0	0.0	0.0	0.0	0.0	0.0	0.0	0.0	0.0	0.0	0.0	0.0	0.0	0.0	0.0	0.0	0.0	0.0	1.0	0.0	0.0	0.0	0.0	0.0	0.0	0.0	0.0	0.0	0.0	0.0	0.0	0.0	0.0	0.0	0.0	0.0	0.0	0.0	0.0	0.0
5543.154695143034	383.5023417210596	30726563.97428626	147074.04610553634	3673.918561561623	474.2154377884604	224880.2814369011	13497677.596987024	3609.185183083071	143.1834401877868	20501.49754400952	13026217.68578638	3513.5214537064194	7334.039719175	5.391873	237.654251	2.6403267070350496	1.6019735658215706	0.0601462842	-0.0523490738	0.0197732457	-0.0940213841	0.0323538385	-0.1395885142	0.056553434	0.4672439686	0.1012335888	-0.2335559698	0.3657405457	-0.2508722852	-0.0129228682	0.0731051732	0.3209449536	0.1415116271	-0.1637584241	0.1085320549	0.0208525244	0.1213202611	0.4706675153	-0.5513477306	0.0271173168	-0.1473167082	-0.1523363044	-0.0621331767	-0.1035262052	0.400333481	-0.689345116	-0.2123077356	0.1471771709	-0.1945670524	0.2724445983	0.0298158726	0.0238316547	0.0113039093	0.0604994068	-0.0901549499	-0.0819923198	-0.0553169367	0.4785857542	0.0415413517	-0.0299328546	-0.1520358533	0.2774810211	0.0850519082	0.1385300662	0.161705029	-0.6804946208	0.1259129227	-0.0277655471	-0.1651554024	-0.0558082641	-0.0947573173	0.0415144077	0.1264403196	0.0145297819	0.0783466667	0.0328993162	-0.0244025048	-0.0729114752	-0.0951485642	0.0399800433622345	0.3975586171598876	0.0015984038672461	0.1580528540780821	-1.0853116108944505	0.3036870506403915	1.1779012927423071	0.0922258247266597	5.003196989507643	-0.1955010166511357	25.031980115818342	0.0382206475116276	0.0322041717878735	0.0290432680174737	0.0010371086805428	0.0008435114171348	-0.0070090771086115	-0.0049141821647942	4.912716191446174e-05	2.414918634878141e-05	0.0041509779236305	0.0009141502694048	1.723061772246778e-05	8.356707150528692e-07	0.0	0.0	0.0	0.0	0.0	0.0	0.0	0.0	0.0	0.0	0.0	0.0	0.0	0.0	0.0	0.0	0.0	0.0	0.0	1.0	0.0	0.0	0.0	0.0	0.0	0.0	0.0	0.0	0.0	0.0	0.0	0.0	0.0	0.0	0.0	0.0	0.0	0.0	0.0	0.0
5390.524342696835	-152.63035244619823	29057752.68920715	23296.02448785069	3421.468064044588	-252.4504975170348	63731.2536965984	11706443.71327702	3510.9732692445527	-98.21191383851829	9645.58001982454	12326933.297349785	3387.678662148636	7245.857906443256	3.682903	162.329025	2.4854673849708777	1.5111317346656452	0.0572955589	0.0153646061	0.1943156092	-0.0475634805	-0.0050530784	-0.1752059974	0.2065819167	-0.3393895916	0.0413224478	0.1626881174	0.0299613417	0.211691387	0.0582097122	0.0659437232	0.2308466875	0.018868136	-0.3447367498	-0.1512430565	-0.2894277228	-0.3426552982	-0.4101241516	-0.2334637346	0.4640860164	-0.3495361601	0.1405010033	0.1781336538	0.183118045	-0.4944882161	-0.4075597421	0.2685346869	-0.3609378079	0.1724827957	0.0942703065	0.0221044532	-0.0692110899	0.0226317498	0.0306928701	-0.1508683053	-0.0674284471	-0.0922925571	0.3844354255	0.0967648355	0.035918485	-0.2265286608	0.0603318841	0.0962616065	-0.287382552	0.0624440067	0.4826269859	-0.1128548627	0.0233797585	-0.1123928347	-0.2081108597	-0.4400427402	0.1856542768	0.0464227767	-0.1010988853	0.0775536723	0.030311972	-0.0283549738	-0.0763343096	-0.0955415737	0.1700950770750324	0.1301150337127979	0.0289323352451612	0.0169299219980825	-0.6358934396393181	0.4494181712551324	0.4043604665763231	0.2019766926543075	3.54515267328847	-1.4580443162191727	12.568107476924386	2.125893228059035	0.0266920317197133	-0.0055121400681601	0.0007124645573261	3.038368813101712e-05	-0.0084139464701722	-0.0014048693615607	7.079449520292322e-05	1.973657923051969e-06	0.0021101900776759	-0.0020407878459546	4.452902163921821e-06	4.164815032196018e-06	0.0	0.0	0.0	0.0	0.0	0.0	0.0	0.0	0.0	0.0	0.0	0.0	0.0	0.0	0.0	0.0	0.0	0.0	0.0	0.0	1.0	0.0	0.0	0.0	0.0	0.0	0.0	0.0	0.0	0.0	0.0	0.0	0.0	0.0	0.0	0.0	0.0	0.0	0.0	0.0
5613.769483350742	223.24514065390667	31514407.81220006	49838.392825582574	3706.820693432985	285.35262938839696	81426.12309887183	13740519.653262995	3676.9723357762327	165.99906653168	27555.69008938912	13520125.558063723	3554.925686073209	7495.586378947838	3.538195	155.950821	1.473651158069458	0.7709881728561955	-0.0500747225	0.0383585671	0.0856852444	0.0134276023	0.028906003	0.0565658425	0.0193414822	-0.1403555699	0.083639444	-0.1408944616	0.0679977119	-0.0923332508	0.0089582667	0.0405562333	-0.0602102393	-0.044483018	-0.0113141499	0.0315628086	-0.042057025	0.0651359851	0.0038925372	-0.1649273006	0.250127647	-0.0136846055	-0.0283363665	0.0455175923	-0.0685913292	0.0816739953	-0.1279374288	0.1132196852	-0.1796940059	-0.151741862	-0.0119383741	-0.005949402	0.0213327474	0.0190665782	0.0136141349	-0.0571944077	-0.0890669821	-0.0611818932	0.3704279529	0.1274629554	0.00782917	-0.2761212679	0.0396672804	0.0365517594	-0.2052624048	0.0412335208	0.185421442	-0.0180013627	-0.1849006907	0.3100409133	0.1146703058	0.6277031723	-0.1139113445	-0.1167606438	0.1686567268	0.076744719	0.0276996788	-0.0322549359	-0.0795058789	-0.0954432708	0.1066961687362635	-0.0633989083387689	0.0113840724229972	0.0040194215785476	-0.3167197424030377	0.3191736972362804	0.1003113952278465	0.1018718490074768	3.0948096751964016	-0.4503429980920685	9.577846925689256	0.2028088159305529	0.0349176597017167	0.0082256279820034	0.0012192429590448	6.766095569831734e-05	-0.0081578777663124	0.0002560687038598	6.655096965009419e-05	6.557118109643807e-08	-0.0022228243245077	-0.0043330144021836	4.940947977623113e-06	1.8775013809530504e-05	0.0	0.0	0.0	0.0	0.0	0.0	0.0	0.0	0.0	0.0	0.0	0.0	0.0	0.0	0.0	0.0	0.0	0.0	0.0	0.0	0.0	1.0	0.0	0.0	0.0	0.0	0.0	0.0	0.0	0.0	0.0	0.0	0.0	0.0	0.0	0.0	0.0	0.0	0.0	0.0
5366.613414051126	-247.15606929961632	28800539.53587348	61086.12259163675	3531.502178633033	-175.31851479995203	30736.581631661	12471507.63768986	3562.58878680028	-114.38354897595264	13083.596276334156	12692038.86383509	3455.6629647581017	7074.977474219316	3.280672	144.600143	2.8827496878371672	1.2633920511854355	0.1357881996	0.0604214338	0.0941491645	0.0840567222	0.044819394	0.0143547547	0.1737079993	-0.1361817233	-0.1861540007	-0.0885989267	-0.0217047952	0.0882878059	-0.0472787578	0.1271817681	-0.1598813473	-0.1255847613	-0.2481311629	0.0368951367	-0.1175483525	0.1665186716	0.0859635648	-0.0652051974	-0.0512097348	-0.2349654937	-0.0386231562	0.173901927	-0.0501988317	0.1670618212	0.1249149419	0.1442289759	0.0046262119	-0.2436352605	-0.3250802229	0.1070668792	-0.0040682998	-0.0467438732	-0.0139244636	-0.0592965746	-0.0467104861	-0.059251008	0.1163071068	-0.0331305583	-0.0794397364	-0.0624522556	-0.1518899451	-0.1683868018	-0.1523683895	-0.3755139972	-0.0168203128	-0.2150720652	0.1450093542	-0.2285748669	0.1172043503	-0.0529272671	-0.3672558568	0.170985189	0.1007758575	0.0759199731	0.0250645864	-0.0360951694	-0.0824157435	-0.094854161	-0.0819621859873223	-0.1886583547235858	0.0067177999318204	0.0355919748070103	0.335030345296559	0.6517500876995967	0.1122453322695315	0.424778176816432	4.157788618534596	1.0629789433381944	17.287206196415823	1.1299242339803843	0.0477788920483193	0.0128612323466026	0.0022828225253649	0.0001654112974732	-0.0082509223633873	-9.30445970749004e-05	6.807771984664467e-05	8.657297044830563e-09	-0.008855793422346	-0.0066329690978382	7.842507713926666e-05	4.399627905287781e-05	0.0	0.0	0.0	0.0	0.0	0.0	0.0	0.0	0.0	0.0	0.0	0.0	0.0	0.0	0.0	0.0	0.0	0.0	0.0	0.0	0.0	0.0	1.0	0.0	0.0	0.0	0.0	0.0	0.0	0.0	0.0	0.0	0.0	0.0	0.0	0.0	0.0	0.0	0.0	0.0
5570.092115611829	203.47870156070348	31025926.176401064	41403.58198882984	3592.839453922444	61.33727528941108	3762.261339929	12908495.341661729	3695.505775000896	132.91698820061583	17666.925752322648	13656762.933064971	3578.635366621966	7178.0865194992375	2.851493	125.683487	0.7354930903115572	0.4291733072881731	0.1244332056	-0.0830519469	-0.0009377538	0.1551374135	0.1008241704	0.0066961131	0.0481673604	-0.0870831143	-0.1802332076	0.0496560423	0.0951595233	-0.0502690837	0.0188842545	-0.0781342967	-0.0932483581	0.0351810176	0.0266205805	0.0189539545	-0.0723482722	-0.0314203038	-0.1133499226	0.1208388761	0.0815489457	0.0251073561	-0.012641745	0.1053797327	0.0403714173	-0.0519011025	0.1375691342	-0.0101610847	-0.1221448084	-0.14638827	0.1666646072	0.1523681153	0.0716676544	-0.0983377851	-0.0454058534	0.0336282921	-0.0137797666	0.0481660236	-0.0239914232	-0.0262947905	-0.0371683821	-0.0440721401	-0.1050326118	-0.1074357289	0.018677685	-0.0304610116	-0.1606669513	-0.1343293346	-0.0368938284	0.0784399147	0.0288836608	0.0464181985	0.1583608817	-0.2395976437	-0.0933987218	0.0750796043	0.022408864	-0.0398685628	-0.0850543252	-0.0937772737	-0.2023474498809321	-0.1203852638936097	0.0409444904733163	0.014492611762734	0.3577931861415919	0.0227628408450328	0.1280159640493518	0.0005181469233362	3.9718841256662216	-0.1859044928683744	15.775863507719324	0.0345604804686474	0.0520554610167339	0.0042765689684146	0.0027097710216647	1.828904214160672e-05	-0.0080163277241251	0.0002345946392621	6.426151018057671e-05	5.50346447705617e-08	-0.01247343966876	-0.003617646246414	0.0001555866971701	1.308736436419331e-05	0.0	0.0	0.0	0.0	0.0	0.0	0.0	0.0	0.0	0.0	0.0	0.0	0.0	0.0	0.0	0.0	0.0	0.0	0.0	0.0	0.0	0.0	0.0	1.0	0.0	0.0	0.0	0.0	0.0	0.0	0.0	0.0	0.0	0.0	0.0	0.0	0.0	0.0	0.0	0.0
5462.37069590468	-107.72141970714893	29837493.61947818	11603.904263723733	3549.728813133048	-43.11064078939626	1858.5273492723563	12600574.646786956	3638.5243503843535	-56.98142461654243	3246.8827513307074	13238859.44833988	3518.88734551552	6901.434142604991	1.714455	75.566963	0.085705579002866	0.0477604170512408	0.1526429921	0.0021183532	0.0008185962	0.14740016	0.0842852955	0.0214104969	0.1081995857	-0.081040291	-0.150735091	-0.0327341935	0.0301925343	-0.0677974364	0.1435957146	-0.0666286265	-0.0721314864	0.0231328163	-0.0814756413	0.0079812298	-0.064008365	0.0567977918	0.0193725693	0.0404840757	-0.041951786	-0.0785982919	-0.0064193122	0.1036139913	0.0139357931	0.0612731993	0.1385564453	0.042821269	0.0089983029	-0.1266789443	-0.0146037403	0.1400140718	0.0304613302	-0.0727709891	-0.031798354	-0.0021279511	-0.0317638217	-0.0167804978	0.0032065261	-0.0310575581	-0.0590500505	-0.0489397046	-0.1245607051	-0.1199258281	-0.0716636412	-0.2106775179	-0.0855769035	-0.1497155167	0.0633962441	-0.0671194663	0.0267650102	-0.0586351019	-0.0916807494	-0.0487956733	-0.0375444364	0.0742237856	0.0197346973	-0.0435681289	-0.0874129386	-0.0922181468	-0.2016714660936998	0.0006759837872322	0.0406713802363823	4.5695408060092107e-07	0.3421567814454249	-0.015636404696167	0.1170712630890922	0.0002444971518223	4.001740223009918	0.0298560973436963	16.013924812455468	0.0008913865485962	0.0516387348917095	-0.0004167261250244	0.0026665589412162	1.7366066327785746e-07	-0.0079950088662881	2.1318857837000424e-05	6.392016677202533e-05	4.544936994742344e-10	-0.012120742788106	0.000352696880654	0.0001469124057354	1.243950896230624e-07	0.0	0.0	0.0	0.0	0.0	0.0	0.0	0.0	0.0	0.0	0.0	0.0	0.0	0.0	0.0	0.0	0.0	0.0	0.0	0.0	0.0	0.0	0.0	0.0	1.0	0.0	0.0	0.0	0.0	0.0	0.0	0.0	0.0	0.0	0.0	0.0	0.0	0.0	0.0	0.0
5547.048560032772	84.67786412809164	30769747.72736165	7170.340673295549	3558.320259132577	8.591445999529242	73.81294436282701	12661643.06655333	3670.491945599197	31.96759521484364	1021.927143820094	13472511.12270858	3547.885174720609	7034.805150012036	1.324662	58.386288	0.2765427626953476	0.1471523507500508	0.1271562318	-0.0450097217	-0.0300835505	0.1535940275	0.1173222716	0.0187668487	0.0175642837	-0.0413691976	-0.1794063033	0.0667604241	0.0904312422	-0.0726886707	-0.0219683747	-0.0975765951	-0.0238799019	0.0182696358	-0.0148381332	0.023007705	-0.0986483482	0.007983309	-0.0205564724	0.0842266523	0.0292501389	-0.0117973076	-0.0186314698	0.1192080378	0.0423612802	0.0239059204	0.1074251398	-0.0125073664	-0.0300029798	-0.0598725979	0.1260608266	0.1403408489	0.0638404137	-0.0879193549	-0.0472086971	0.0352928645	-0.0201088905	0.037963312	-0.0324423608	-0.0242053391	-0.0303621495	-0.0371045534	-0.0894123671	-0.0789750916	0.0054747273	-0.0204138526	-0.1114451683	-0.0948262658	-0.0184269749	0.0441220414	0.0270932287	0.0300061417	0.1054654897	-0.1491462053	-0.0841722402	0.0733526932	0.0170442873	-0.0471870168	-0.0894838202	-0.0901847978	-0.219494691963888	-0.0178232258701881	0.048177919800322	0.0003176673804197	0.445711773679335	0.1035549922339101	0.1986589851963787	0.0107236364165651	3.932636114738699	-0.0691041082712189	15.46562681094709	0.0047753777799603	0.0530521735573599	0.0014134386656504	0.0028145331191602	1.9978088615556e-06	-0.0077359341294971	0.0002590747367909	5.984467685591806e-05	6.711971924332568e-08	-0.0121694381120652	-4.869532395920112e-05	0.0001480952239633	2.3712345754915472e-09	0.0	0.0	0.0	0.0	0.0	0.0	0.0	0.0	0.0	0.0	0.0	0.0	0.0	0.0	0.0	0.0	0.0	0.0	0.0	0.0	0.0	0.0	0.0	0.0	0.0	0.0	0.0	0.0	0.0	0.0	0.0	0.0	0.0	0.0	0.0	0.0	0.0	0.0	0.0	0.0
5566.280330534518	19.23177050174581	30983476.718095463	369.86099663182046	3600.252456895071	41.93219776249407	1758.3092091929127	12961817.753378997	3651.69299672538	-18.798948873817157	353.4004787603912	13334861.742333189	3529.228419768698	7114.183501180235	1.152547	50.800076	0.1107427738006594	0.0721519988483368	0.1200514508	-0.0574146587	-0.0124755867	0.0809483636	0.0831123671	0.005959659	0.0048642495	0.0151782574	-0.1565957748	0.1211975352	0.001052764	-0.058958321	0.0136694308	-0.0318124152	-0.0424032785	0.01021918	-0.0533102696	0.0266933797	-0.0871777436	0.0689427997	0.0462757336	0.0149052485	-0.0451756202	-0.0485001202	-0.0300986876	0.1118482005	0.0033135397	0.0703047861	0.0676341581	0.0508883974	0.0768351649	0.0132533834	0.0247154291	0.1385552712	0.0368342401	-0.0733361981	-0.0378258827	0.0170112647	-0.022824385	-0.0014944088	-0.0402076327	-0.0244685535	-0.04308715	-0.0348275493	-0.0611022518	-0.0525373074	-0.0344109915	-0.1117348683	-0.0671898529	-0.0893555504	0.0306669088	-0.0462087862	0.011644512	-0.0660517897	-0.0563394442	-0.0342820773	-0.0790315348	0.0724665061	0.0143398485	-0.0507185253	-0.0912601531	-0.0876876832	-0.2264404153489039	-0.0069457233850159	0.0512752617033841	4.8243073341157046e-05	0.3791328935528071	-0.0665788801265279	0.1437417509737241	0.0044327472789025	3.916963013938158	-0.0156731008005408	15.3425992525595	0.0002456460887039	0.0530791399570321	2.696639967219444e-05	0.0028173950985782	7.271867112805284e-10	-0.0075353741195338	0.0002005600099633	5.6781863121339785e-05	4.0224317596479326e-08	-0.0123728130922012	-0.0002033749801359	0.0001530865038145	4.1361382545318136e-08	0.0	0.0	0.0	0.0	0.0	0.0	0.0	0.0	0.0	0.0	0.0	0.0	0.0	0.0	0.0	0.0	0.0	0.0	0.0	0.0	0.0	0.0	0.0	0.0	0.0	0.0	0.0	0.0	0.0	0.0	0.0	0.0	0.0	0.0	0.0	0.0	0.0	0.0	0.0	0.0
5635.784150342378	69.50381980786005	31762062.98925036	4830.780967883479	3649.076634469344	48.82417757427265	2383.800315804109	13315760.284230111	3678.451987618263	26.758990892883048	716.0435936053979	13531009.02521275	3563.005809906625	7428.07398471132	1.092913	48.171646	0.3215575190315287	0.1599478202550436	0.0863208471	-0.0957770301	-0.0090171113	0.0604838274	0.1050726999	0.0284207999	0.001079625	-0.0623837671	-0.0581993813	-0.0019615005	0.0374541159	-0.1414451333	0.0989178304	-0.0562851641	-0.0195498787	-0.0091158174	0.0041719025	0.0258944243	-0.0815765052	0.0162384323	-0.0146615834	0.0890513959	0.0262133811	0.0092678726	-0.0207697022	0.1005552501	0.0240199316	0.0225475374	0.0932832902	0.0073038885	-0.0066691608	-0.006249347	0.1351893009	0.1347598195	0.062532941	-0.0817548597	-0.0482684732	0.0389700778	-0.0090501238	0.0304319055	-0.0502882481	-0.0177352019	-0.0227143319	-0.0008911501	-0.0202721379	-0.0166431844	0.0207279413	0.0196977891	-0.0522426471	-0.0094090144	-0.0269321777	0.0437458875	-0.0134430137	0.0120171265	0.07553257	-0.0840601798	-0.0601595008	0.0715654069	0.011623607	-0.0541561147	-0.0927360906	-0.0847396439	-0.2634951793106665	-0.0370547639617626	0.0694297095199603	0.0013730555322619	0.4341285115015552	0.054995617948748	0.1884675644985559	0.0030245179935646	3.815013692879745	-0.101949321058413	14.55432947685995	0.0103936640642713	0.0541217743411927	0.0010426343841605	0.0029291664578389	1.0870864590339532e-06	-0.0070107927297178	0.0005245813898159	4.9151214699063965e-05	2.751856345412856e-07	-0.0133567536394767	-0.0009839405472755	0.0001784028677856	9.681390005728106e-07	0.0	0.0	0.0	0.0	0.0	0.0	0.0	0.0	0.0	0.0	0.0	0.0	0.0	0.0	0.0	0.0	0.0	0.0	0.0	0.0	0.0	0.0	0.0	0.0	0.0	0.0	0.0	0.0	0.0	0.0	0.0	0.0	0.0	0.0	0.0	0.0	0.0	0.0	0.0	0.0
5603.301154432185	-32.482995910192585	31396983.82726106	1055.1450233015885	3589.746272331506	-59.33036213783771	3520.0918714069667	12886278.299717944	3658.9655145991615	-19.486473019101595	379.7226307241745	13388028.637025906	3534.35143230576	7380.436820763808	1.013609	44.676212	0.128317303576374	0.0576691343908401	0.0947208333	-0.0641289012	0.0001027733	0.0396112227	0.0784486947	0.0081189817	0.0064406521	-0.0172605021	-0.0772429717	0.1223487097	-0.0072022529	-0.0713619853	-0.0426524039	-0.0063321604	0.0022774492	-0.0688819888	-0.0349634942	0.0256901194	-0.0654557257	0.0567162086	0.0136234075	0.046839985	-0.0555262377	-0.0313113777	-0.0252677562	0.0861180094	-0.0051314019	0.0385270984	0.0941393697	0.043421353	0.0779875496	0.0392535768	0.0414811388	0.1321802219	0.0365838885	-0.0670453402	-0.0424563719	0.0242951665	-0.014183647	0.0078580783	-0.0568837718	-0.0306905615	-0.0337082241	-0.0143314055	-0.0198615709	-0.0153681008	-0.0230137104	-0.0637410283	-0.0035314818	-0.0260341648	0.0169029313	-0.0267185166	-0.0098422989	-0.0350662817	-0.0520120395	0.0071203664	-0.0335892154	0.070649581	0.0088977982	-0.0574934194	-0.0939067741	-0.08135584	-0.2442919528910607	0.0192032264196058	0.0596785582473282	0.0003687639049226	0.3874128954054043	-0.0467156160961508	0.1500887515263987	0.0021823487872429	3.7957094107255775	-0.0193042821541675	14.407409930670712	0.0003726553094877	0.0539957781387081	-0.0001259962024845	0.0029155440568045	1.5875043040539015e-08	-0.0072877171519774	-0.0002769244222596	5.311082128722559e-05	7.668713564381332e-08	-0.0128977906860919	0.0004589629533848	0.0001663530045822	2.106469925796983e-07	0.0	0.0	0.0	0.0	0.0	0.0	0.0	0.0	0.0	0.0	0.0	0.0	0.0	0.0	0.0	0.0	0.0	0.0	0.0	0.0	0.0	0.0	0.0	0.0	0.0	0.0	0.0	0.0	0.0	0.0	0.0	0.0	0.0	0.0	0.0	0.0	0.0	0.0	0.0	0.0
5631.7724374245245	28.471282992339184	31716860.78693457	810.6139552298624	3615.650650791187	25.904378459681084	671.0368233823893	13072929.628566736	3672.784995923524	13.81948132436264	190.97806407440785	13489349.626280962	3557.9014305933933	7454.035860265051	0.923848	40.71986	0.0988884755230315	0.046924939778016	0.0803784934	-0.0754550769	-0.0191370958	0.0504081988	0.0967151671	0.0376482568	0.0189619401	-0.03560979	-0.0623531498	-0.0013439134	0.0122615432	-0.1037434157	0.1091552039	-0.1145998843	-0.0177073838	-0.0457195325	-0.001830493	0.0197113583	-0.0766751312	0.0182446378	0.0028382624	0.0606591167	-0.0090156119	0.0020183199	-0.0190869426	0.095129482	0.0189795471	0.0252701551	0.0730084731	-0.0027582291	0.0197629071	-0.0360584604	0.0964461099	0.125215744	0.0530439438	-0.0727225189	-0.0492933384	0.0470251134	-0.0161669883	0.0377437933	-0.0643185124	-0.0233709565	-0.0228997813	-0.0288478501	-0.0031791764	-0.0050978413	-0.0036227575	0.0264161065	-0.0236897142	-0.0168646995	-0.0399745208	0.0424020297	0.0088516909	0.028007129	0.045201247	-0.0652034108	-0.0553815061	0.0697192167	0.0061646659	-0.0607242596	-0.0947683504	-0.0775536723	-0.2374391456739033	0.0068528072171573	0.056377347898353	4.6960966755524434e-05	0.3984361013950206	0.0110232059896163	0.1587513268948631	0.0001215110702895	3.76707948457657	-0.0286299261490077	14.190887843117675	0.0008196726712976	0.0537209555077496	-0.0002748226309585	0.0028859410606656	7.552747848695282e-08	-0.0069050923112581	0.0003826248407193	4.768029982699573e-05	1.4640176873547002e-07	-0.0125075874344247	0.0003902032516671	0.0001564397434297	1.5225857761165598e-07	0.0	0.0	0.0	0.0	0.0	0.0	0.0	0.0	0.0	0.0	0.0	0.0	0.0	0.0	0.0	0.0	0.0	0.0	0.0	0.0	0.0	0.0	0.0	0.0	0.0	0.0	0.0	0.0	0.0	0.0	0.0	0.0	0.0	0.0	0.0	0.0	0.0	0.0	0.0	0.0
5612.681811851141	-19.09062557338348	31502197.12108461	364.4519847831232	3629.2666289363074	13.615978145120152	185.39486084838964	13171576.263910707	3658.082271403741	-14.70272451978326	216.1701083046359	13381565.904358352	3531.555817435603	7356.031742937082	0.8545399999999999	37.665016	0.1825502849630879	0.1064133761314807	0.0831247737	-0.0607350839	-0.0178779735	0.0309777672	0.0818377625	0.0144016218	-0.0307356977	-0.014138422	-0.0771456238	0.1071479709	0.0518476054	-0.0793330798	-0.0297517055	0.0285705349	-0.0182442226	0.0014176822	-0.02902358	0.0096406811	-0.0727206612	0.0502228787	0.0404506464	0.0382821203	-0.0459330357	-0.0262490746	-0.0141299039	0.0814558089	0.0032792833	0.0532823183	0.0651825424	0.0328211735	0.0778771754	0.04574016	0.0522398798	0.1202250171	0.0341249504	-0.0615636713	-0.0431150754	0.029572783	-0.0136838401	0.0161773936	-0.0726200182	-0.0297230219	-0.0244008862	-0.0332711512	0.0100875179	0.0137401535	-0.0194292837	-0.0166623381	0.0090806811	-0.016790779	0.0062873651	-0.0001861198	-0.0082164743	-0.0401511448	-0.0208738153	-0.0068905183	-0.0438471115	0.0687745056	0.0034264595	-0.0638426524	-0.0953179834	-0.0733526932	-0.2475387250700578	-0.0100995793961544	0.0612754204093096	0.0001020015039792	0.3073125261528844	-0.0911235752421362	0.0944409887304672	0.0083035059649092	3.773170072668052	0.0060905880914821	14.236812397277832	3.709526330010366e-05	0.054018205326074	0.0002972498183244	0.0029179665066498	8.835745449388925e-08	-0.0061552966522318	0.0007497956590262	3.7887676876976e-05	5.621935302946833e-07	-0.0129652728017403	-0.0004576853673156	0.0001680982988235	2.094758954548165e-07	0.0	0.0	0.0	0.0	0.0	0.0	0.0	0.0	0.0	0.0	0.0	0.0	0.0	0.0	0.0	0.0	0.0	0.0	0.0	0.0	0.0	0.0	0.0	0.0	0.0	0.0	0.0	0.0	0.0	0.0	0.0	0.0	0.0	0.0	0.0	0.0	0.0	0.0	0.0	0.0
5672.725854737289	60.04404288614842	32179818.62300491	3605.2870861136303	3680.903329743812	51.63670080750444	2666.34887028373	13549049.322919082	3677.4897826924457	19.40751128870488	376.6514944212074	13523931.101807332	3553.8919217781167	7558.1389634926	0.947231	41.750507	0.1758150964717179	0.1188397640183569	0.0587685719	-0.0914958	-0.0257924138	-0.008764075	0.0883255164	0.0294119087	-0.0491385076	-0.0162294766	-0.0290654328	0.066735377	0.0137463402	-0.0983644331	-0.0324636482	-0.1062040248	0.0070718725	-0.0708953496	0.0103945701	0.0266272875	-0.0731760279	0.0310515591	0.015730913	0.0628325542	0.0069096007	0.0129134269	-0.0283861534	0.0781752552	0.0065460385	0.0322883519	0.0518521809	0.0157352609	0.0443851514	0.0777986363	0.0961578428	0.1156317192	0.0474315708	-0.057429916	-0.0409785499	0.0459620728	-0.0133428608	0.0385710434	-0.0666661365	-0.0202890985	-0.014289006	-0.0331034003	0.042844944	0.0410268345	0.0002998936	0.0743939114	0.0038014564	0.022559784	-0.0436876195	0.0627326611	0.0085033342	0.0179749877	0.0209080149	-0.0139435888	-0.0361247585	0.067815642	0.000685433	-0.0668428233	-0.0955538639	-0.0687745056	-0.22127075261902	0.0262679724510378	0.0489607459645875	0.0006900063766884	0.2961685457563163	-0.0111439803965681	0.0877158074954112	0.000124188299079	3.66589575724386	-0.1072743154241919	13.438791702978534	0.011507778749729	0.0543788238992911	0.000360618573217	0.0029570564886701	1.3004575534913609e-07	-0.006045962641578	0.0001093340106537	3.655366426335683e-05	1.1953925885645229e-08	-0.0128126488216128	0.0001526239801275	0.0001641639698259	2.329407930995983e-08	0.0	0.0	0.0	0.0	0.0	0.0	0.0	0.0	0.0	0.0	0.0	0.0	0.0	0.0	0.0	0.0	0.0	0.0	0.0	0.0	0.0	0.0	0.0	0.0	0.0	0.0	0.0	0.0	0.0	0.0	0.0	0.0	0.0	0.0	0.0	0.0	0.0	0.0	0.0	0.0
5665.535019231227	-7.190835506062285	32098287.054135382	51.70811527524605	3633.056127270263	-47.847202473548805	2289.3547845447747	13199096.823896002	3670.579206968535	-6.910575723910824	47.75605683590561	13473151.714629758	3537.838298603192	7604.449767499537	0.861032	37.951157	0.1213694732386251	0.0595320780775372	0.0547807195	-0.0756978707	-0.0137377745	-0.0338577777	0.0706784017	0.0175852701	-0.0117347925	0.0210309468	0.0007761205	0.0555208472	-0.0763085233	-0.0508922157	-0.0298127865	-0.0188953075	0.0593485284	-0.1435143622	-0.0041909707	0.0136008523	-0.0509905806	0.0508251323	0.0246656315	0.0428779397	-0.0381696604	-0.0042442312	-0.0155767521	0.0472129381	-0.0159305743	0.0324416613	0.0438263464	0.0248905874	0.0699980318	0.1356385829	0.0413123985	0.1107087109	0.0289620396	-0.0482418617	-0.0377868916	0.0327252253	-0.0172544832	0.0192885566	-0.0713959407	-0.0364196351	-0.0252499628	-0.0305691977	0.0464033173	0.041590595	-0.0210262207	0.0102466036	0.0345193893	0.0228215649	-0.000670311	-0.003416403	0.0027160674	-0.0123161563	-0.0685935063	0.0452721755	-0.0153115401	0.0668428233	-0.0020561578	-0.0697192167	-0.0954752155	-0.0638426524	-0.2322020428329381	-0.0109312902139181	0.0539177886957896	0.0001194931057409	0.3301531770988077	0.0339846313424914	0.1090011203484366	0.001154955167485	3.7045264882679305	0.0386307310240705	13.723516502278724	0.001492333379454	0.0542566309486772	-0.0001221929506139	0.0029437820019009	1.493111717973106e-08	-0.0061291926984674	-8.323005688939955e-05	3.756700313494609e-05	6.927242369812685e-09	-0.0133636822272724	-0.0005510334056596	0.0001785880026715	3.0363781415281813e-07	0.0	0.0	0.0	0.0	0.0	0.0	0.0	0.0	0.0	0.0	0.0	0.0	0.0	0.0	0.0	0.0	0.0	0.0	0.0	0.0	0.0	0.0	0.0	0.0	0.0	0.0	0.0	0.0	0.0	0.0	0.0	0.0	0.0	0.0	0.0	0.0	0.0	0.0	0.0	0.0
5691.372125344432	25.837106113204754	32391716.6691476	667.5560523050025	3663.0768644246623	30.020737154399285	901.2446592935296	13418132.114683216	3682.250289385034	11.671082416499305	136.21416477271922	13558967.193676168	3564.1228743245965	7731.3124798715535	0.8646089999999998	38.108841	0.1804678805082324	0.0860305688287678	0.0349901518	-0.0933398587	-0.0130597598	-0.0543417155	0.0783671259	0.0161835585	-0.0258713405	-0.0817184857	-0.0001696497	-0.0222128296	0.0054023963	-0.0741823284	0.0358602468	-0.0278623783	0.0355774271	-0.113665095	0.02211151	0.0214205869	-0.0468962528	0.0280698276	0.0080494183	0.0307266448	-0.0002246954	0.0239281246	-0.0202007011	0.0560681587	-0.0061646588	0.0201874713	0.0324973002	0.0063215016	0.0299863652	0.027172456	0.0783364607	0.1033760819	0.0420975073	-0.0519326376	-0.0434428292	0.0493825894	-0.0036554791	0.0382176771	-0.0796330082	-0.0328179408	-0.0102306123	-0.0253622867	0.0622725427	0.0566496809	0.002553194	0.0862290194	0.0403595015	0.0417715922	-0.0449840004	0.0301299711	0.0072928854	0.0251380306	0.004203448	0.0211870114	-0.0154663241	0.0658562496	-0.0047960562	-0.0724665061	-0.0950822971	-0.0585824951	-0.2502421786034006	-0.0180401357704624	0.0626211479521762	0.0003254464986167	0.3930380505788662	0.0628848734800585	0.1544789092028353	0.0039545073126029	3.673629882820549	-0.0308966054473813	13.495556515952122	0.0009546002281711	0.0547330025337057	0.0004763715850285	0.0029957015663546	2.2692988702256646e-07	-0.0055297626363672	0.0005994300621001	3.0578274814562726e-05	3.593163993494493e-07	-0.0130665585581945	0.0002971236690779	0.0001707349525547	8.828247472631375e-08	0.0	0.0	0.0	0.0	0.0	0.0	0.0	0.0	0.0	0.0	0.0	0.0	0.0	0.0	0.0	0.0	0.0	0.0	0.0	0.0	0.0	0.0	0.0	0.0	0.0	0.0	0.0	0.0	0.0	0.0	0.0	0.0	0.0	0.0	0.0	0.0	0.0	0.0	0.0	0.0
5666.611661951908	-24.76046339252389	32110487.727369364	613.0805474125156	3629.557827206712	-33.51903721795043	1123.5258560183458	13173690.021037508	3669.981849107655	-12.26844027737934	150.51462683962367	13468766.772779642	3544.489126244139	7732.037670468742	0.8064569999999999	35.545696	0.1325552416919773	0.0641897994682125	0.04083014	-0.0710343018	0.0037872273	-0.0446643222	0.0624708149	0.0104302426	0.0035270514	-0.0709731714	0.0360691884	-0.0076884745	-0.0297921078	-0.0649436682	0.0121262369	0.0264059969	0.0407398148	-0.0930193935	-0.0012649818	0.0073642112	-0.0440394711	0.0272364695	0.0156888498	0.033397963	-0.0309947055	-0.0009121777	-0.0060632757	0.0470272794	-0.003596833	0.0158629474	0.0482363393	0.0179642874	0.0448654916	0.0573789018	0.035666218	0.0991017499	0.0263459775	-0.042797132	-0.0378040919	0.0384433615	-0.0078968226	0.018408965	-0.0799968645	-0.0322656435	-0.0077930901	-0.0093205555	0.0612373985	0.0588280944	-0.0120581654	0.0397757515	0.0714827407	0.0614520459	-0.0051849975	-0.0069860435	-0.02187885	-0.0080448035	-0.0244727435	0.0700196182	0.0117739491	0.0648561241	-0.007532007	-0.0750796043	-0.0943764019	-0.0530210836	-0.2574251739934112	-0.0071829953900106	0.066267720205538	5.15954227729136e-05	0.415279851772226	0.0222418011933597	0.172457355287962	0.0004946977203249	3.6872874700512313	0.0136575872306821	13.59608888679681	0.0001865296889636	0.0557041056199709	0.0009711030862651	0.0031029473829208	9.430412041537912e-07	-0.0056430452231979	-0.0001132825868306	3.184395939105663e-05	1.2832944479055e-08	-0.0137716300426571	-0.0007050714844626	0.0001896577940318	4.971257982022945e-07	0.0	0.0	0.0	0.0	0.0	0.0	0.0	0.0	0.0	0.0	0.0	0.0	0.0	0.0	0.0	0.0	0.0	0.0	0.0	0.0	0.0	0.0	0.0	0.0	0.0	0.0	0.0	0.0	0.0	0.0	0.0	0.0	0.0	0.0	0.0	0.0	0.0	0.0	0.0	0.0
5671.917538011366	5.30587605945766	32170648.55800091	28.152320758325946	3647.5774107506527	18.019583543940826	324.705391097063	13304820.967418436	3675.537605406035	5.555756298379947	30.866428046988453	13509576.688753927	3552.966789339982	7786.787712063823	0.800797	35.296246	0.1000283012073578	0.0641206867901216	0.0344014496	-0.0802171152	-0.0173227974	-0.0469249348	0.0757469051	0.0347960135	-0.0194092001	-0.0559848162	-0.0122329391	-0.0292361278	0.0297365583	-0.0423794493	0.0049056271	0.0003929467	0.0498559788	-0.077030151	0.0100792322	0.0208622743	-0.0398587963	0.0212657286	-0.001199747	0.0476443396	-0.0008145385	0.0109161786	-0.0192783428	0.0526579168	-0.0060771385	0.0141911156	0.0528654068	-0.0075919875	0.0148770508	0.0217779725	0.0717076974	0.0967057875	0.0370625166	-0.0435648767	-0.0404056889	0.0505514081	-0.0051992621	0.0366049357	-0.0831690325	-0.0405868238	-0.0088403319	-0.0138322725	0.0650111959	0.0611623436	0.0099445493	0.0772097298	0.0265269077	0.056282556	-0.0422470116	0.0256673526	-0.0107044067	0.0280900779	0.0031114321	0.0245945938	0.0005516615	0.0638426524	-0.0102617584	-0.0775536723	-0.0933598536	-0.0471870168	-0.2560330648986166	0.0013921090947945	0.0655529303213792	1.9379677318098163e-06	0.4783635681789064	0.0630837164066804	0.2288317033608552	0.0039795552756784	3.705430640740644	0.0181431706894126	13.730216233339618	0.0003291746426651	0.0558782968052042	0.0001741911852333	0.0031223840538504	3.034256901298358e-08	-0.0054948154274232	0.0001482297957746	3.019299658144801e-05	2.1972072355409072e-08	-0.0137973951619785	-2.5765119321400493e-05	0.0001903681132557	6.63841373646005e-10	0.0	0.0	0.0	0.0	0.0	0.0	0.0	0.0	0.0	0.0	0.0	0.0	0.0	0.0	0.0	0.0	0.0	0.0	0.0	0.0	0.0	0.0	0.0	0.0	0.0	0.0	0.0	0.0	0.0	0.0	0.0	0.0	0.0	0.0	0.0	0.0	0.0	0.0	0.0	0.0
5654.547431158625	-17.37010685274072	31973906.651222605	301.7206120756301	3618.6801763946687	-28.897234355983983	835.0501534246611	13094846.219031751	3669.349927474555	-6.187677931479811	38.28735818372228	13464128.890257522	3545.581821839919	7696.892275616839	0.791571	34.889576	0.1557951377245872	0.0794932623157211	0.0392557681	-0.0512826539	-0.0099010717	-0.0409901747	0.0580592103	0.0309730612	-0.0032226452	-0.0590416839	-0.005619869	-0.0025470767	0.007641053	-0.0208849501	0.0208353229	0.0277701938	0.0439870469	-0.0334377198	-0.0022498779	0.0031477781	-0.0406575625	0.0395749661	0.0239011896	0.0312520869	-0.0326245921	-0.000698216	-0.0035198359	0.0526713132	-0.0103657038	0.0279061998	0.0485995512	0.0053417002	0.0528332074	0.0388579553	0.0379467917	0.0878082148	0.0205564744	-0.0333809574	-0.0364143439	0.046332972	-0.0058967022	0.0193618076	-0.0805472385	-0.0392260677	-0.0017439363	-0.0040931598	0.067729505	0.0675418426	-0.0109038578	0.0347733689	0.0692271307	0.0737113004	-0.0054491148	-0.0221594306	-0.0177050822	-0.0046388565	-0.0264506992	0.0877755076	0.0372632585	0.0628160431	-0.0129830636	-0.0798841288	-0.0920359983	-0.0411102958	-0.281920706277134	-0.0258876413785174	0.079479284627798	0.0006701699761427	0.5458435419078143	0.0674799737289078	0.2979451722424678	0.004553546854454	3.686685896293312	-0.018744744447332	13.59165289792802	0.0003513654443957	0.0561842698984586	0.0003059730932543	0.0031566721840228	9.361953379566473e-08	-0.0054676763989727	2.7139028450500445e-05	2.989548520388307e-05	7.365268652370726e-10	-0.0143379386036702	-0.0005405434416916	0.0002055764834026	2.921872123559081e-07	0.0	0.0	0.0	0.0	0.0	0.0	0.0	0.0	0.0	0.0	0.0	0.0	0.0	0.0	0.0	0.0	0.0	0.0	0.0	0.0	0.0	0.0	0.0	0.0	0.0	0.0	0.0	0.0	0.0	0.0	0.0	0.0	0.0	0.0	0.0	0.0	0.0	0.0	0.0	0.0
5680.8393905132025	26.29195935457756	32271936.180806413	691.2671267027583	3663.994445800781	45.31426940611209	2053.383011809706	13424855.29885897	3677.2269494516913	7.877021977136337	62.04747522828885	13521998.037773792	3557.734174015852	7758.209615105516	0.813438	35.853401	0.1951084697808905	0.0858371169481028	0.0260014946	-0.0688567076	-0.0232301547	-0.0493255387	0.0570354113	0.027310898	-0.0386290003	-0.0534325332	-0.0385434143	-0.0350454902	0.0676126817	-0.0790935443	-0.0201924747	0.047482394	-0.0134814411	-0.0355577707	0.0139954422	0.003320201	-0.0485158539	0.0251210484	0.0075449578	0.0508880253	-0.0169005184	0.0156671582	-0.0056563279	0.054046516	-0.0071830106	0.0207461587	0.0281741638	-0.0134364879	0.0251705043	0.0101460092	0.0750629657	0.0794604153	0.03202072	-0.0345988118	-0.0381742138	0.0501806807	0.0046312189	0.0287859105	-0.0799688296	-0.0365814211	0.0016036425	0.014283149	0.074418059	0.0671976102	0.0262642688	0.0990529071	0.0515802617	0.0836335664	-0.0120449704	0.0053424305	-0.0203459272	0.0060859135	0.0271381433	0.0418809053	0.0267307826	0.0617765075	-0.0156936827	-0.0820666583	-0.0904091936	-0.0348221695	-0.3141690561863299	-0.0322483499091958	0.0987021958650093	0.0010399560718659	0.5366403811617317	-0.0092031607460825	0.2879828986934087	8.469816771823411e-05	3.734133601528214	0.047447705234902	13.943753754062069	0.0022512847320581	0.0566840666557441	0.0004997967572855	0.0032130834126328	2.4979679859310296e-07	-0.0048792063980869	0.0005884700008857	2.3806655075132135e-05	3.4629694194253336e-07	-0.0153738569233131	-0.0010359183196428	0.0002363554766985	1.073126764971768e-06	0.0	0.0	0.0	0.0	0.0	0.0	0.0	0.0	0.0	0.0	0.0	0.0	0.0	0.0	0.0	0.0	0.0	0.0	0.0	0.0	0.0	0.0	0.0	0.0	0.0	0.0	0.0	0.0	0.0	0.0	0.0	0.0	0.0	0.0	0.0	0.0	0.0	0.0	0.0	0.0
5659.96079686302	-20.878593650182665	32035156.22202627	435.9156728094479	3628.797274565577	-35.19717123520377	1238.8408629602557	13168169.65989456	3670.6426407056338	-6.584308746057559	43.353121663410064	13473617.395766428	3545.4831182828107	7756.108504963921	0.8989519999999999	39.622559	0.050328128478472	0.0314377370354652	0.038715908	-0.0345772867	-0.0070157569	-0.0349702554	0.0507899668	0.0285646938	0.0175786737	-0.0470888046	0.021839372	-0.0497091081	-0.0610951998	-0.0346259728	0.0172407561	-0.0553395549	0.0245278552	-0.1078897145	0.0006521663	0.0078305506	-0.0208737516	0.0396546791	0.0093140202	0.0382478685	-0.0421857039	0.0006866334	-0.0032459147	0.0347971891	-0.0118515201	0.0226453818	0.0662532939	0.0056325798	0.0404242599	0.0123835366	0.012021334	0.0780724536	0.0154943526	-0.0256853571	-0.030930154	0.0478860953	-0.0070516948	0.0186708397	-0.079730078	-0.046654792	-0.0037734991	0.0054023399	0.0619844528	0.0662734275	-0.0010945596	0.0437151785	0.0816980288	0.0829484547	0.0143450684	-0.0242773199	-0.0373415083	0.0036253793	-0.0107013451	0.084218972	0.065370528	0.0607242596	-0.0183913846	-0.0840972192	-0.0884847944	-0.0283549738	-0.3141411380545378	2.7918131792092904e-05	0.0986846546182001	7.794220827606684e-10	0.5375355987262367	0.0008952175645049	0.2889445198979737	8.01414487798168e-07	3.708878562489289	-0.025255039038925	13.755780191292612	0.0006378169968576	0.0567090136208319	2.4946965087799252e-05	0.0032159122258476	6.223510670918751e-10	-0.0052750088711261	-0.0003958024730392	2.7825718590459057e-05	1.56659597663947e-07	-0.0154361065600511	-6.22496367380012e-05	0.0002382733857332	3.875017274013108e-09	0.0	0.0	0.0	0.0	0.0	0.0	0.0	0.0	0.0	0.0	0.0	0.0	0.0	0.0	0.0	0.0	0.0	0.0	0.0	0.0	0.0	0.0	0.0	0.0	0.0	0.0	0.0	0.0	0.0	0.0	0.0	0.0	0.0	0.0	0.0	0.0	0.0	0.0	0.0	0.0
5640.315514286476	-19.64528257654365	31813159.10070072	385.9371275122495	3623.820479963293	-4.976794602283917	24.76848451332233	13132074.871001393	3673.842467880949	3.199827175315022	10.238893951884512	13497118.47880558	3554.2502934428976	7673.848988304605	0.8924999999999998	39.338177	0.2678183364213228	0.1455597592359847	0.0411359707	-0.0264218794	-0.0338912989	-0.0008296538	0.0605564265	0.0354366292	0.0080452123	-0.0263929222	-0.0615984246	-0.0367785712	0.0452033176	-0.0191068602	0.0395037184	-0.0316407724	0.0380133562	-0.0084003022	0.0065304391	0.0092928371	-0.0449479223	0.02893326	0.0124973651	0.0726356447	-0.0307633604	0.0075761725	-0.0077166267	0.0625954957	-0.0014707728	0.0209259794	0.0796763171	-0.0559252641	0.0017341482	-0.0160608768	0.0341279006	0.0742109285	0.0243404161	-0.0308253388	-0.0362270754	0.0543521484	-0.008168109	0.0385493176	-0.0905884947	-0.0534921962	-0.0103594753	-0.0268965134	0.062233646	0.0589566773	0.0156287003	0.0682905216	0.0200526774	0.039368407	-0.0036911847	-0.0057312159	-0.0254467408	0.0024088632	0.0071330282	0.0090618618	0.0273173852	0.0596595157	-0.0210739489	-0.0859720514	-0.0862691351	-0.0217419657	-0.3637074934746351	-0.0495663554200973	0.1322831408096017	0.0024568235896314	0.5367513257502878	-0.0007842729759488	0.2881019856946916	6.150841008036686e-07	3.82392710717697	0.115048544687681	14.622418521002828	0.0132361676347533	0.0559707794561842	-0.0007382341646477	0.0031327281529328	5.449896818530912e-07	-0.004036159843749	0.0012388490273771	1.629058628429195e-05	1.5347469126331887e-06	-0.015364806485324	7.130007472710108e-05	0.0002360772783314	5.083700656090198e-09	0.0	0.0	0.0	0.0	0.0	0.0	0.0	0.0	0.0	0.0	0.0	0.0	0.0	0.0	0.0	0.0	0.0	0.0	0.0	0.0	0.0	0.0	0.0	0.0	0.0	0.0	0.0	0.0	0.0	0.0	0.0	0.0	0.0	0.0	0.0	0.0	0.0	0.0	0.0	0.0
5657.163963981807	16.8484496953306	32003504.11537435	283.8702571360858	3648.9043687983376	25.08388883504449	629.2014790888696	13314503.092635594	3674.896376908328	1.0539090273791771	1.1107242379913231	13504863.381013956	3553.806528233939	7623.479004668189	1.048037	46.19368	0.5618013496200117	0.3255434541907022	0.0202909881	-0.0257163482	-0.0266308179	-0.0247554283	0.0305698545	0.0173009204	-0.009750075	-0.0085760017	-0.0023816796	0.0928046706	-0.0204418418	0.0014798174	-0.0037782453	-0.0857997102	0.0050838257	-0.0213702156	0.0080077001	0.0055891006	-0.0274215481	0.0309528445	0.0022980885	0.0479125192	-0.0388324556	0.0097190123	-0.0091221075	0.0348223356	-0.0068493096	0.0100040886	0.0424875171	0.0147820906	0.0426777061	0.0519753566	0.0164702997	0.0469204701	0.0135905394	-0.0108557337	-0.0217149968	0.0219122313	0.015219039	-0.0005760987	-0.0352161013	-0.0116877157	0.0378806851	0.0732280046	0.055118842	0.0578902579	0.035512082	0.0657963544	0.0759055726	0.1166378922	0.02743291	-0.018060659	-0.0523828503	-0.0146717403	0.0486069359	0.114214579	0.0990877148	0.0585824951	-0.0237391677	-0.0876876832	-0.0837695089	-0.0150171519	-0.3832642205620828	-0.0195567270874477	0.1468914627630608	0.0003824655743729	0.6353529040352583	0.0986015782849705	0.4036733126660362	0.0097222712402871	3.715931942852322	-0.1079951643246479	13.808150203910232	0.0116629555175077	0.0606364895472999	0.0046657100911157	0.0036767838646198	2.176885065433889e-05	-0.003774391787727	0.0002617680560219	1.424603336726102e-05	6.852251515353663e-08	-0.0171502859366452	-0.0017854794513212	0.0002941323077086	3.1879368710902548e-06	0.0	0.0	0.0	0.0	0.0	0.0	0.0	0.0	0.0	0.0	0.0	0.0	0.0	0.0	0.0	0.0	0.0	0.0	0.0	0.0	0.0	0.0	0.0	0.0	0.0	1.0	0.0	0.0	0.0	0.0	0.0	0.0	0.0	0.0	0.0	0.0	0.0	0.0	0.0	0.0
5659.376208399251	2.2122444174437987	32028539.06819548	4.894025362511252	3637.935556766376	-10.968812031961534	120.3148373925041	13234575.115185082	3678.0552957461296	3.1589188378015933	9.978768223817768	13528090.758566149	3556.9403842810884	7789.282989466107	0.93792	41.340099	0.1606089509737055	0.0802884434112569	0.0103341789	-0.012296992	-0.0140987933	-0.005863456	0.0345547811	0.0245623765	0.0049153903	-0.0414658377	0.0018160931	-0.0528641065	0.0254868465	-0.0142745634	0.0165465869	0.0243329417	0.0221761626	-0.0243279614	0.0143491273	0.0040654362	-0.0266127431	0.0083348074	-0.0055079059	0.0538980355	-0.0198891443	0.0135381005	-0.0014343179	0.0332420815	0.0011684182	0.0006016171	0.0351694347	-0.0284408346	0.0128236961	0.010294462	0.03875859	0.036745673	0.0179407022	-0.0066966923	-0.0157976495	0.0236986916	0.0194961308	-0.0004701436	-0.0134709012	-0.0038755648	0.0447975953	0.0888675226	0.0362017489	0.0395482911	0.0435549463	0.072048481	0.073968659	0.1111160523	0.0228835755	0.0003400887	-0.0495722864	0.0301400061	0.069674823	0.0888309346	0.1048213979	0.0574934194	-0.0263848473	-0.0892409375	-0.0809941435	-0.0082151139	-0.3734251386772627	0.0098390818848201	0.1394463341961328	9.680753233619572e-05	0.6595722150931209	0.0242193110578625	0.4350355069228461	0.0005865750281175	3.733780656659505	0.017848713807183	13.941117992044685	0.0003185765845707	0.0620391807606231	0.0014026912133231	0.0038488599494492	1.9675426399341024e-06	-0.0038429237855177	-6.853199779070004e-05	1.476806322129769e-05	4.696634721184515e-09	-0.0178530996100081	-0.0007028136733629	0.0003187331656848	4.939470594658534e-07	0.0	0.0	0.0	0.0	0.0	0.0	0.0	0.0	0.0	0.0	0.0	0.0	0.0	0.0	0.0	0.0	0.0	0.0	0.0	0.0	0.0	0.0	0.0	0.0	0.0	0.0	0.0	0.0	0.0	0.0	0.0	0.0	0.0	0.0	0.0	0.0	0.0	0.0	0.0	0.0
5631.8101834623085	-27.566024936942085	31717285.94254976	759.8857308241129	3631.505193279017	-6.430363487359045	41.34957457956038	13187829.968812471	3672.555375618191	-5.499920127938367	30.249121413701584	13487662.986982074	3551.6812595554297	7590.769061330315	0.943527	41.587246	0.1551141209319428	0.0951191086928272	0.0228017972	0.0026579631	-0.0293287963	0.0076537107	0.0208540237	0.0317900735	0.0039641731	-0.0131469343	-0.0474723257	0.0086070722	0.0352885432	-0.0108595987	-0.0177323993	0.0096911475	-0.0145671514	0.0225151523	0.0022814614	-0.0002895212	-0.0023968427	0.0153767111	-0.0079105871	0.0104160288	-0.0249418464	0.0018243523	-0.0010822113	0.011679524	-0.0013185397	0.0101846948	0.0342603817	0.0048942154	0.0244736197	-0.0183789254	0.0120515281	0.0313660872	0.0052401841	0.0062812648	-0.0025687135	0.0193664025	0.0173762804	-0.0137596433	-0.0051063615	0.0063254502	0.0428042551	0.1016482383	0.0280244367	0.0368105001	0.0405124154	0.0453858399	0.0665637148	0.1021593766	0.034547859	-0.0073172276	-0.045648036	-0.0128120087	0.0537326029	0.1008879705	0.1010815644	0.0563925126	-0.0290088101	-0.0906289382	-0.0779521747	-0.0013708306	-0.361585138488337	0.0118400001889256	0.1307438123756298	0.0001401856044737	0.5986198134802834	-0.0609524016128375	0.3583456810911692	0.0037151952623726	3.7401064907363946	0.0063258340768896	13.988396562048507	4.0016176768338856e-05	0.0629752414223021	0.0009360606616789	0.0039658810321972	8.76209562342925e-07	-0.0040548059148299	-0.0002118821293121	1.6441451006939542e-05	4.4894036721871795e-08	-0.0182250745200827	-0.0003719749100745	0.0003321533412625	1.383653337250065e-07	0.0	0.0	0.0	0.0	0.0	0.0	0.0	0.0	0.0	0.0	0.0	0.0	0.0	0.0	0.0	0.0	0.0	0.0	0.0	0.0	0.0	0.0	0.0	0.0	0.0	0.0	0.0	0.0	0.0	0.0	0.0	0.0	0.0	0.0	0.0	0.0	0.0	0.0	0.0	0.0
5665.579967790735	33.769784328426795	32098796.371431667	1140.39833358846	3639.9774632286185	8.472269949601468	71.77935809892007	13249435.93281225	3681.587844708644	9.03246909045265	81.58549786998253	13554089.058306435	3557.9101346566617	7694.577139407605	0.822465	36.251266	0.258569780324886	0.1281444320153313	0.0132914978	-0.0181691842	-0.0396385758	-0.0218153448	0.0242852786	0.0339544566	-0.0163603508	0.026940744	-0.0201410343	0.0683453344	-0.0290744578	0.0073145801	-0.0348795809	-0.0978446781	-0.0097371124	0.0096670684	0.0192164402	0.0070456234	-0.0252306377	0.0038825151	-0.011486975	0.0288166712	0.0021398368	0.0192570361	-0.0054229305	0.0229758952	0.0019359333	0.0009297073	0.0110471623	0.0079627771	0.0008165046	0.0339938615	0.0152465865	0.0322090721	0.0128047707	0.0095851805	-0.0011113955	0.0350434941	0.0225720825	-0.0002260206	-0.0089264401	0.0105818028	0.0475699619	0.0966625707	0.0315576622	0.0439421476	0.0503707325	0.0601277319	0.0646266078	0.1128467247	0.0102367779	-8.61921e-05	-0.0308179817	0.032077743	0.0582200853	0.0992277854	0.0974736471	0.0552800014	-0.0316088963	-0.091849115	-0.0746536153	0.005480502	-0.3508814023104207	0.0107037361779163	0.1231177584873273	0.0001145699681664	0.7032311905863651	0.1046113771060817	0.4945341074135165	0.0109435402200308	3.674131980737542	-0.0659745099988526	13.499245811878373	0.0043526359695887	0.0632399528871191	0.000264711464817	0.003999291641165	7.007215960556455e-08	-0.0048637237874833	-0.0008089178726534	2.36558090809309e-05	6.543481246981026e-07	-0.0177531007167124	0.0004719738033703	0.0003151725850577	2.227592710678279e-07	0.0	0.0	0.0	0.0	0.0	0.0	0.0	0.0	0.0	0.0	0.0	0.0	0.0	0.0	0.0	0.0	0.0	0.0	0.0	0.0	0.0	0.0	0.0	0.0	0.0	0.0	0.0	0.0	0.0	0.0	0.0	0.0	0.0	0.0	0.0	0.0	0.0	0.0	0.0	0.0
5659.041301871215	-6.538665919520099	32024748.45628426	42.75415200709362	3636.596638128386	-3.380825100232414	11.429978358361511	13224835.10844668	3678.495069076118	-3.0927756325259	9.56526111314598	13531325.973217314	3555.9482208961663	7724.887392190786	0.91488	40.324608	0.3243033905398075	0.1877887080912924	0.0083696978	0.0017471163	-0.0123747492	-0.0027907629	-0.0052160964	0.0202898511	-0.0044728838	-0.0121435103	0.0056069651	0.034995681	0.026428614	0.0177620529	-0.0075252039	0.0675087064	-0.0448586825	0.047779066	0.0103781403	0.0022308512	-0.0090979256	0.0189114907	-0.0026868138	0.0153968102	-0.0025537358	0.0098637543	-0.0012621525	0.0068912697	-0.0080888824	0.0024752704	0.007784817	0.0270408038	0.0140116109	0.0240568935	-0.0143620596	0.009283192	-0.0154054149	0.0272825859	0.0150221961	0.0214101519	0.0241987158	-0.0215604072	0.049469575	0.0492040962	0.0773338441	0.1509688228	-0.0299791892	0.0137124475	0.0518145557	-0.0316265599	0.0655619483	0.0717736813	0.0105231694	-0.0304635998	-0.0111234311	0.0281707359	0.0320578707	0.0563222546	0.0711930507	0.0541561147	-0.0341829659	-0.0928992083	-0.0711093231	0.0123036518	-0.3621458639347139	-0.0112644616242931	0.1311496267650203	0.0001268880956851	0.795052528121488	0.0918213375351229	0.6321085224723694	0.0084311580267389	3.66800335258975	-0.0061286281477919	13.454248594609645	3.756008297390735e-05	0.0665029095154386	0.0032629566283194	0.0044226369740186	1.06468859582941e-05	-0.004560807341684	0.0003029164457993	2.0800963607958672e-05	9.17583731356806e-08	-0.0170171945261792	0.0007359061905331	0.0002895849095418	5.41557921265084e-07	0.0	0.0	0.0	0.0	0.0	0.0	0.0	0.0	0.0	0.0	0.0	0.0	0.0	0.0	0.0	0.0	0.0	0.0	0.0	0.0	0.0	0.0	0.0	0.0	0.0	0.0	0.0	0.0	0.0	0.0	0.0	0.0	0.0	0.0	0.0	0.0	0.0	0.0	0.0	0.0
5673.356790651382	14.31548878016656	32186977.274030145	204.93321901507468	3650.1484138833816	13.55177575499556	183.6506261136855	13323583.443375366	3684.4133889406535	5.918319864535533	35.02651001895589	13574902.02060515	3560.598001894415	7747.564214555534	0.870706	38.377571	0.4572914026492424	0.2158249127939649	-0.0068693937	-0.005717184	-0.022995662	-0.0084504237	-0.0273902718	0.0145434421	-0.0054931122	0.0250233605	0.0162053443	0.0241653084	-0.0297832618	0.0244966242	-0.0054716173	-0.0121437575	-0.034383857	-0.0122696283	0.0224243054	0.0082754484	0.0011600048	-0.0036572084	-0.0384163288	0.0240790198	0.0352238976	0.0201541884	-0.0068395787	-0.0035273584	-0.000104929	-0.0232692211	0.0075498019	0.027740941	-0.0322049842	0.0113953949	-0.0086589115	-0.0073941707	-0.005294204	0.0534173543	0.0335092224	0.0110119807	0.025904963	-0.0412197212	0.1009459984	0.0792884129	0.0792417387	0.1821400365	-0.0870212817	-0.0200085495	0.0653763277	-0.0595127473	0.0215353526	0.026542271	-0.0018506594	-0.0037667146	0.0076248079	0.0438454103	0.0427120226	-0.0159715041	-0.0131187333	0.0530210836	-0.0367289002	-0.0937772737	-0.0673309646	0.0190635313	-0.3239224885342793	0.0382233754004345	0.1049257785782403	0.0014610264270025	0.9148956083422776	0.1198430802207896	0.8370339741639862	0.0143623638768066	3.680998687272933	0.012995334683183	13.549751335705055	0.0001688787235279	0.0699524874138984	0.0034495778984598	0.0048933504953916	1.1899587677542344e-05	-0.0048920126066116	-0.0003312052649276	2.3931787343246815e-05	1.0969692751576173e-07	-0.0189610036096885	-0.0019438090835093	0.0003595196578866	3.7783937531332703e-06	0.0	0.0	0.0	0.0	0.0	0.0	0.0	0.0	0.0	0.0	0.0	0.0	0.0	0.0	0.0	0.0	0.0	0.0	0.0	0.0	0.0	0.0	0.0	0.0	0.0	0.0	0.0	0.0	0.0	0.0	0.0	0.0	0.0	0.0	0.0	0.0	0.0	0.0	0.0	0.0
5644.627588706225	-28.729201945157	31861820.61518345	825.3670444056128	3636.1386341497528	-14.009779733628877	196.2739281847984	13221504.166756429	3676.948714431623	-7.464674509030374	55.72136552576785	13519951.848560365	3556.4487124390675	7713.556504035329	0.80817	35.621223	0.1093508336479568	0.0745263143127864	0.0131364684	0.0156822689	-0.0124691677	0.0087823471	-0.0231842501	0.0294325182	0.009021556	-0.026550023	0.0218645679	-0.0553250741	0.062435245	0.0007435143	0.0511623461	0.0761143551	-0.0295559573	0.0781421151	0.0064256921	-0.0160481966	0.0065720712	-0.0030895885	-0.0124410374	0.0234117859	0.0021684692	0.0061775834	0.0131213267	7.77508e-05	0.0024997352	-0.0047150035	0.0099149092	0.0046182882	-0.0089270422	-0.0259329701	-0.0163703761	-0.003823147	-0.0130819164	0.0487616356	0.0308707261	0.0116384346	0.0255469282	-0.0417819661	0.0675762878	0.0641954923	0.0696229082	0.1466378292	-0.0609600058	-0.0147851118	0.0493776745	-0.051055042	0.0320006326	0.0423608594	0.0127179853	-0.0150793083	0.0034399799	0.0200268196	0.0199244284	0.0219837291	0.0043541022	0.0518751419	-0.0392446037	-0.0944816852	-0.0633309768	0.0257253786	-0.3517004754966848	-0.0277779869624055	0.1236932244645942	0.0007716165596835	0.9358689723413818	0.0209733639991042	0.875850733391314	0.0004398819974389	3.681629558476075	0.0006308712031422	13.55439620584474	3.9799847495409035e-07	0.0688641225979309	-0.0010883648159674	0.0047422673811828	1.1845379726359622e-06	-0.0048631968846728	2.881572193880015e-05	2.3650683939091223e-05	8.303458308542482e-10	-0.0188788119179287	8.219169175980104e-05	0.0003564095394325	6.755474194338146e-09	0.0	0.0	0.0	0.0	0.0	0.0	0.0	0.0	0.0	0.0	0.0	0.0	0.0	0.0	0.0	0.0	0.0	0.0	0.0	0.0	0.0	0.0	0.0	0.0	0.0	0.0	0.0	0.0	0.0	0.0	0.0	0.0	0.0	0.0	0.0	0.0	0.0	0.0	0.0	0.0
5667.290492777	22.662904070774857	32118181.529520568	513.6072209211436	3645.089605436852	8.950971287099037	80.11988698247139	13286678.231663784	3679.290230298524	2.3415158669008638	5.482696554948501	13537176.598770166	3556.784445391263	7725.640588990458	0.7609169999999998	33.538456	0.2013014165673965	0.0774208587246896	-0.0066177481	0.0068103376	-0.0247346649	0.0014748656	-0.0379903047	0.0069748274	-3.91452e-05	0.0070810918	0.0007237332	0.0619169323	-0.0050028279	0.0387755053	-0.0555500832	-0.0249254887	-0.0230470586	0.0317915836	0.0093888738	0.0099161459	-0.0055411243	0.0040482797	-0.0147638846	0.0250168685	0.0106605877	0.0094541758	-0.0070854893	0.0068912418	0.0035506139	-0.008364369	0.0178881768	0.0143578324	-0.0061376833	0.025702539	-0.0254980806	-0.0141790083	-0.0092421224	0.0523177383	0.036796178	0.0076889396	0.0290830607	-0.0327197923	0.0888369239	0.0758593007	0.0717969822	0.1500497608	-0.0800477345	-0.0246286833	0.0698643782	-0.0465839481	-0.0044443111	0.0090247899	0.0041826598	-0.0008944024	0.0065584026	0.0268729032	0.0337471236	-0.0265751026	-0.0251910728	0.0507185253	-0.0417280058	-0.0950111383	-0.0591225262	0.0322549359	-0.3707994795975082	-0.0190990041008233	0.1374922540697829	0.0003647719576432	0.9788354707633432	0.0429664984219614	0.9581188788244958	0.0018461199866444	3.719244503678027	0.0376149452019518	13.832779678139214	0.0014148841025458	0.0699677661736271	0.0011036435756962	0.0048954883033273	1.218029142175495e-06	-0.0046479730970598	0.0002152237876129	2.160365391099167e-05	4.6321278754485576e-08	-0.0195923639314727	-0.0007135520135439	0.0003838607244232	5.091564760326946e-07	0.0	0.0	0.0	0.0	0.0	0.0	0.0	0.0	0.0	0.0	0.0	0.0	0.0	0.0	0.0	0.0	0.0	0.0	0.0	0.0	0.0	0.0	0.0	0.0	0.0	0.0	0.0	0.0	0.0	0.0	0.0	0.0	0.0	0.0	0.0	0.0	0.0	0.0	0.0	0.0
5659.888413411045	-7.402079365954705	32034336.852264594	54.79077893989241	3647.415192723873	2.325587287021335	5.408356229555254	13303637.588112928	3676.684860996632	-2.6053693018920967	6.787949199241711	13518011.567081822	3556.706591138505	7697.603659406226	0.7531989999999998	33.198284	0.2680219846795917	0.1055998344895084	-0.0055053925	0.0235045947	-0.0076171135	-0.0003134634	-0.0366820218	0.0110418515	-0.0007371159	-0.0162166195	0.0051155642	0.0157650279	0.0524893832	0.0360065543	-0.001450321	0.0506331715	-0.0145466327	0.0761483389	0.0013999785	-0.0081583463	-0.0074306576	0.0077968249	-0.0111307324	0.0134809316	-0.0051260101	0.0029277874	0.0046266604	0.0044807231	-0.0049272385	-0.0044034444	-0.0097140579	0.0109653629	-0.0013242343	0.0218327433	-0.0142477496	-0.0202744993	-0.0185286417	0.0468755781	0.0309037894	-0.0042115792	0.0288610862	-0.0396594454	0.0798965757	0.0715798887	0.063833435	0.1228225859	-0.0753152858	-0.0223748034	0.0480006933	-0.0736054829	-0.0161593232	0.0045035306	0.0066823978	-0.0181249268	0.0075225636	0.0115287539	-0.0073414669	-0.0248593595	-0.0308112906	0.0495514717	-0.0441770624	-0.0953646527	-0.0547194656	0.0386186257	-0.4255757689701624	-0.0547762893726542	0.181114735134545	0.0030004418774367	1.0218522083186912	0.0430167375553479	1.0441819356457858	0.0018504397099056	3.772168168688367	0.0529236650103399	14.229252692865748	0.0028009143181266	0.0709308648025797	0.0009630986289525	0.0050311875816418	9.275589690903662e-07	-0.0032868989457619	0.0013610741512978	1.0803704679650693e-05	1.8525228453312983e-06	-0.0195704308568982	2.193307457449764e-05	0.0003830017639246	4.810597602904749e-10	0.0	0.0	0.0	0.0	0.0	0.0	0.0	0.0	0.0	0.0	0.0	0.0	0.0	0.0	0.0	0.0	0.0	0.0	0.0	0.0	0.0	0.0	0.0	0.0	0.0	0.0	0.0	0.0	0.0	0.0	0.0	0.0	0.0	0.0	0.0	0.0	0.0	0.0	0.0	0.0
5678.153005464309	18.264592053264096	32241421.55346337	333.595322872158	3670.972346473579	23.557153749705776	554.9394927872769	13476037.968573734	3683.5690373691946	6.884176372562706	47.39188432855062	13568680.853065014	3562.552942350558	7743.355297438331	0.805556	35.506004	0.1683547766106718	0.088206478019912	-0.0159161531	0.005072261	-0.0175747923	-0.0153279071	-0.0396231023	0.0064798259	-0.0243509135	-0.0060758114	0.0070534111	0.0461605176	0.0031668137	0.0019794345	-0.0921356338	-0.0105872985	-0.0293043426	-0.0061928114	0.0131032904	0.0110005369	0.003344272	0.0065368176	-0.0012304881	0.0175254133	-0.0032062367	0.0129246995	-0.007621275	-0.0093786673	-0.0021688636	0.0010394718	0.0022313421	0.0147687406	0.0102163492	0.0312478122	-0.0229886154	-0.0211620447	-0.0128372196	0.0495840967	0.0350929197	0.0061133799	0.0283524909	-0.0318547316	0.0771273342	0.0676128698	0.0635019668	0.118129214	-0.0717800112	-0.0257350817	0.0553070382	-0.0310569914	-0.0155336365	-0.0020373457	0.0022012646	0.0079656799	0.0106784846	0.0102357357	0.0248189785	-0.0355398562	-0.0262882588	0.0483742215	-0.0465897578	-0.0955415737	-0.0501362882	0.0447837232	-0.4105351786034958	0.0150405903666666	0.1685391328710042	0.0002262193585778	0.9450565799296272	-0.0767956283890639	0.8931319392682838	0.0058975685396712	3.785053709289144	0.0128855406007768	14.326631582203508	0.0001660371565742	0.0703334942980653	-0.0005973705045143	0.0049468004201759	3.56851519663775e-07	-0.0033598117303219	-7.291278455999993e-05	1.128833486320864e-05	5.3162741522929645e-09	-0.0201728079129071	-0.0006023770560089	0.000406942179091	3.6285811760594964e-07	0.0	0.0	0.0	0.0	0.0	0.0	0.0	0.0	0.0	0.0	0.0	0.0	0.0	0.0	0.0	0.0	0.0	0.0	0.0	0.0	0.0	0.0	0.0	0.0	0.0	0.0	0.0	0.0	0.0	0.0	0.0	0.0	0.0	0.0	0.0	0.0	0.0	0.0	0.0	0.0
5670.677946816892	-7.475058647417427	32156588.37651544	55.87650178233005	3666.030726063791	-4.941620409787902	24.41961227443235	13439781.284443809	3685.3818599483934	1.812822579198837	3.286325703653124	13582039.45363668	3567.749258548184	7740.278997102818	0.8199809999999998	36.141785	0.0627952909600104	0.032539818685053	-0.013605804	0.0219111044	-0.0077959652	-0.0160986485	-0.0456376736	0.0114842459	0.0100801216	0.042031115	0.0248295203	0.0220493127	-0.0357679534	0.027844697	0.0717483668	-0.0974998142	0.0443032693	0.0076108415	0.0133475779	0.0027384837	0.0072212047	0.0149483315	-0.0182357519	0.0024732785	-0.0076626723	0.0140918182	-0.0029366244	-0.0031772659	-0.0113968023	-0.0018971293	7.25367e-05	0.0112445264	0.0118617344	0.0124760511	-0.0057608178	-0.0217910666	-0.0182425635	0.0475355308	0.0304662366	-0.0004266217	0.0237875101	-0.0358926426	0.0630254336	0.0528979517	0.0553247771	0.0950016304	-0.0455711454	-0.0127403953	0.034491896	-0.0434935941	-0.0022359141	0.0042223882	0.0084079324	-0.0106805405	0.0047923625	-0.0043827348	0.0005221735	3.20089e-05	-0.0193839501	0.0471870168	-0.0489641061	-0.0955415737	-0.0453880801	0.0507185253	-0.4133710083992525	-0.0028358297957566	0.1708755905850149	8.041930630501457e-06	0.9502413887750124	0.0051848088453851	0.9029586969410642	2.688224276318452e-05	3.807123365829682	0.022069656540538	14.494188322646329	0.0004870697398173	0.0703328554479015	-6.388501638115995e-07	0.0049467105554554	4.0812953180210765e-13	-0.0028548121087355	0.0005049996215863	8.149952176182833e-06	2.5502461780240705e-07	-0.0203212693567235	-0.0001484614438163	0.0004129539882685	2.2040800300049892e-08	0.0	0.0	0.0	0.0	0.0	0.0	0.0	0.0	0.0	0.0	0.0	0.0	0.0	0.0	0.0	0.0	0.0	0.0	0.0	0.0	0.0	0.0	0.0	0.0	0.0	0.0	0.0	0.0	0.0	0.0	0.0	0.0	0.0	0.0	0.0	0.0	0.0	0.0	0.0	0.0
5684.196424932563	13.518478115671314	32310088.997216128	182.74925056388423	3667.178685480626	1.147959416834965	1.3178108227000729	13448199.511243412	3693.242419590381	7.860559641987493	61.78839788524254	13640039.56986181	3571.150671066593	7843.991660274825	0.828833	36.53196	0.1205922742714431	0.0773021183106096	-0.0166617478	0.0086545153	-0.017605375	-0.0168366096	-0.0480397626	0.0107567951	-0.0134337247	-0.005527712	0.0073630504	0.013327056	0.0702951837	-0.0133439467	-0.0677619526	0.1411874915	-0.0374718096	0.0278793604	0.0280996812	0.0049819231	0.0071902727	0.0091991604	-0.0380873282	0.0315575412	0.029388685	0.0261725221	-0.000445454	-0.0085627135	-0.0177316765	-0.0111179558	0.0055445951	0.0040959076	-0.0306804992	0.0054375801	0.0009970342	-0.024022611	-0.0140515441	0.0564496449	0.0371206057	0.006220751	0.0238032875	-0.0316626903	0.0697427053	0.0528148718	0.0500031888	0.1130129938	-0.0631633701	-0.0162319575	0.0445674251	-0.032590755	0.0016271028	-0.0033292251	-0.0084589391	0.0042880789	0.0083469442	0.0140985329	0.015161508	-0.0328712648	-0.0160206813	0.045990102	-0.0512981531	-0.0953646527	-0.0404904708	0.0563925126	-0.4177077972882443	-0.0043367888889918	0.174479803915397	1.880773786768277e-05	0.891263726353472	-0.0589776624215404	0.7943510299134765	0.0034783646647091	3.7615033433994114	-0.0456200224302705	14.14890740240495	0.0020811864465383	0.0703974081050355	6.455265713400937e-05	0.0049557950679069	4.167045543060971e-09	-0.0027692821842668	8.552992446870036e-05	7.668923816097498e-06	7.315367979621588e-09	-0.0204043427857336	-8.307342901009776e-05	0.0004163372045177	6.901194607495752e-09	0.0	0.0	0.0	0.0	0.0	0.0	0.0	0.0	0.0	0.0	0.0	0.0	0.0	0.0	0.0	0.0	0.0	0.0	0.0	0.0	0.0	0.0	0.0	0.0	0.0	0.0	0.0	0.0	0.0	0.0	0.0	0.0	0.0	0.0	0.0	0.0	0.0	0.0	0.0	0.0
5669.060379610071	-15.136045322491556	32138245.587664686	229.09986800451847	3657.431464037104	-9.747221443521994	95.008325869055	13376804.914128594	3684.770026474699	-8.472393115681825	71.78144510665278	13577530.148006355	3565.6787256300304	7775.120202020332	0.862086	37.997639	0.078490974585854	0.0307524826175868	-0.009970525	0.0120364476	-0.0151844748	-0.0238944433	-0.0522742389	0.0121381339	0.018901498	0.0174393702	0.0229801044	-0.0073407475	-0.0539119748	0.0411701553	0.0126894812	-0.0886563599	-0.0048330065	0.0124281919	0.0095755898	-0.0007967631	0.0196843779	0.001588473	-0.0327882588	0.0044763789	0.0020154959	0.0086058554	0.0038248527	-0.0138822865	-0.0068262576	-0.0169884104	0.0103034988	0.011060626	-0.0183118546	0.0026255408	-0.0426602762	-0.024398752	-0.0186326234	0.058183336	0.0416595385	0.0056351354	0.0207482997	-0.0303990912	0.0571214405	0.0503137326	0.0442925003	0.0858967109	-0.050857212	-0.0149647925	0.0315009861	-0.0472493378	-0.0104690297	-0.0082676826	-0.0090957573	-0.0056249827	0.0021326552	0.0045997355	-0.0030338759	-0.0066057303	-0.0280375302	0.0447837232	-0.0535899776	-0.0950111383	-0.0354595815	0.0617765075	-0.4083911603473922	0.0093166369408521	0.1667833398498894	8.679972388765012e-05	0.8998067853487441	0.0085430589952721	0.8096522509596409	7.298385699670109e-05	3.7783892860916666	0.0168859426922551	14.276225597252294	0.0002851350606061	0.0709284580454645	0.0005310499404289	0.0050308461607072	2.820140392296342e-07	-0.0028888568564191	-0.0001195746721523	8.345493936879645e-06	1.42981022203301e-08	-0.0206286248923018	-0.0002242821065682	0.0004255401649472	5.0302463326670076e-08	0.0	0.0	0.0	0.0	0.0	0.0	0.0	0.0	0.0	0.0	0.0	0.0	0.0	0.0	0.0	0.0	0.0	0.0	0.0	0.0	0.0	0.0	0.0	0.0	0.0	0.0	0.0	0.0	0.0	0.0	0.0	0.0	0.0	0.0	0.0	0.0	0.0	0.0	0.0	0.0
5675.860290210746	6.799910600674593	32215390.03399121	46.23878417716671	3671.248429878273	13.816965841168894	190.9085450560281	13478065.033883683	3688.830532360952	4.06050588625294	16.487708052294778	13607470.696478384	3567.518969808104	7817.866532689208	0.733095	32.312157	0.081670875580498	0.039153885718962	-0.0162216885	0.0220216627	-0.0192681094	-0.0107666313	-0.0433381846	0.0083124465	-0.0172901829	0.0054182688	0.0118463665	0.0014544041	0.0433584119	0.0324435676	-0.0277921971	0.0660918327	-0.0106076195	0.0448687203	0.0166159712	0.0008779944	0.0149063515	0.0035901053	-0.0354118066	0.02425676	0.0107383776	0.0152054574	-0.0005457379	-0.0137556157	-0.010231122	-0.0167494274	0.0131047883	0.0088530032	-0.0247566456	0.0243685767	-0.0148474113	-0.0258971176	-0.014345907	0.0589063787	0.0456977733	0.0094352475	0.0194765445	-0.022751597	0.0604476768	0.0540190312	0.0431534483	0.0829664547	-0.0622244604	-0.0237596534	0.0345452232	-0.0464920578	-0.0188139416	-0.0151606954	-0.0077178755	-0.0026550246	0.0116957027	0.0288768425	0.0041021146	-0.0291154587	-0.0321737572	0.0435681289	-0.0558376933	-0.0944816852	-0.030311972	0.0668428233	-0.4112600524634047	-0.0028688921160124	0.1691348307522023	8.230541973318618e-06	0.9396409938089504	0.0398342084602062	0.8829251972462719	0.0015867641636511	3.788556524315936	0.0101672382242692	14.353160537936844	0.000103372733109	0.0711219908175486	0.0001935327720841	0.0050583375778514	3.745493387055668e-08	-0.0031142810424944	-0.0002254241860752	9.698746411640006e-06	5.0816063667711394e-08	-0.0207856786697426	-0.0001570537774407	0.0004320444377617	2.4665889008424333e-08	0.0	0.0	0.0	0.0	0.0	0.0	0.0	0.0	0.0	0.0	0.0	0.0	0.0	0.0	0.0	0.0	0.0	0.0	0.0	0.0	0.0	0.0	0.0	0.0	0.0	0.0	0.0	0.0	0.0	0.0	0.0	0.0	0.0	0.0	0.0	0.0	0.0	0.0	0.0	0.0
5654.923105775539	-20.9371844352072	31978155.332234062	438.36569207388266	3648.109026348172	-23.13940353010093	535.4319957288476	13308699.468123008	3680.990054293292	-7.840478067660115	61.47309632945929	13549687.779806131	3563.0802487878736	7734.25715546885	0.696677	30.707005	0.0631551929187453	0.0339973170678453	-0.003784145	0.0307335493	-0.0187204271	-0.0085246941	-0.0521103397	0.0092399269	0.0074385524	-0.0031841989	0.0120266953	-0.032832877	0.0086157703	0.0222690791	0.0058602401	-0.0212934674	-0.024391456	0.0213777812	-0.001068212	-0.0092642793	0.0027111382	0.0070438323	-0.0099491622	0.0103998531	-0.0079495822	-0.0019740332	0.0079680062	-0.0026335423	-0.007244734	-0.0051798464	-0.0092241741	0.0039542542	-0.0159098581	-0.0263018663	-0.0453115716	-0.0250782912	-0.0232448331	0.0571266699	0.044105554	0.0075606136	0.01769179	-0.0211080142	0.0507206325	0.045246235	0.0392840044	0.0662115284	-0.0515068321	-0.0200889716	0.0229544091	-0.0564275561	-0.0175175	-0.0160608261	-0.0031073644	-0.0064017265	0.0081766343	0.0106189787	-0.0026877035	-0.0244717186	-0.0267824216	0.0423435691	-0.0580394502	-0.0937772737	-0.0250645864	0.0715654069	-0.425036985068246	-0.0137769326048413	0.1806564386759043	0.0001898038719983	0.957994992093532	0.0183539982845816	0.9177544048762863	0.0003368692530304	3.790611836668704	0.002055312352768	14.368738096292883	4.2243088674407845e-06	0.0709759498856373	-0.0001460409319112	0.0050375854621684	2.1327953793520432e-08	-0.0026970855629886	0.0004171954795058	7.274270534081533e-06	1.7405206812007445e-07	-0.0207695360876286	1.6142582113999604e-05	0.0004313736292953	2.6058295730721986e-10	0.0	0.0	0.0	0.0	0.0	0.0	0.0	0.0	0.0	0.0	0.0	0.0	0.0	0.0	0.0	0.0	0.0	0.0	0.0	0.0	0.0	0.0	0.0	0.0	0.0	0.0	0.0	0.0	0.0	0.0	0.0	0.0	0.0	0.0	0.0	0.0	0.0	0.0	0.0	0.0
5660.944310926109	6.021205150570495	32046290.491406683	36.254911465256654	3666.857383382979	18.748357034807213	351.50089150460514	13445843.070070269	3680.955796032827	-0.0342582604648669	0.0011736284100786	13549435.572347663	3562.490105192476	7768.273201704025	0.712653	31.411165	0.0487444668463088	0.0267473449332795	-0.0053222816	0.031667143	-0.0234046465	0.0072089244	-0.0532832598	0.006023252	0.0180342266	0.0475694744	0.015517738	-0.0108926351	-0.0209436701	0.0545918632	0.0072614285	-0.0489703515	0.0036342114	0.0170164667	-0.0012835223	-0.0095278971	-0.0050693453	-0.0084552228	-0.0069424987	0.0074478542	0.0141860358	-0.0016563016	0.0085707184	-0.0007600985	0.0056477329	-0.0030286624	-0.0133303906	-0.0080540822	-0.0247375555	0.0086525042	-0.0293570733	-0.0260207338	-0.0160861616	0.0575800897	0.0475216149	0.0131664124	0.0158846742	-0.0151228895	0.0467572971	0.0428375602	0.0316642387	0.0644755155	-0.0588827277	-0.0261528234	0.0269483065	-0.0450926316	-0.0149101109	-0.0290612796	-0.0039109843	0.0021425344	0.006268118	0.0137499961	0.0101068228	-0.0376918603	-0.0282718163	0.0411102958	-0.060193436	-0.0928992083	-0.0197346973	0.0759199731	-0.4222071131029707	0.0028298719652752	0.1782588463547447	8.00817533985102e-06	0.9695737868566994	0.0115787947631673	0.9400733281596404	0.0001340684881675	3.807710583805715	0.0170987471370112	14.49865989002606	0.0002923671536554	0.0709755817888516	-3.680967856911632e-07	0.0050375332102659	1.3549524363616614e-13	-0.0030197763183996	-0.000322690755411	9.119049013167043e-06	1.0412932362772201e-07	-0.020791218295049	-2.1682207420398864e-05	0.0004322747581923	4.701181186211994e-10	0.0	0.0	0.0	0.0	0.0	0.0	0.0	0.0	0.0	0.0	0.0	0.0	0.0	0.0	0.0	0.0	0.0	0.0	0.0	0.0	0.0	0.0	0.0	0.0	0.0	0.0	0.0	0.0	0.0	0.0	0.0	0.0	0.0	0.0	0.0	0.0	0.0	0.0	0.0	0.0
5648.294662924326	-12.649648001783136	31903232.599219427	160.01359456901605	3660.257343618115	-6.60003976486405	43.56052489778671	13397483.82151034	3677.064702014048	-3.8910940187788574	15.140612662976606	13520804.822797662	3557.0941967706995	7751.190851627217	0.705333	31.088516	0.1489317748326797	0.0589386948004443	0.0036190574	0.0345192478	-0.0272756766	0.0065283412	-0.0576952394	0.0134229913	0.0160180231	0.0254872437	-0.0052958623	0.0139747477	0.0684751073	0.0393440559	-0.022081369	0.1139400976	-0.0164401145	0.0835612327	-0.0117752889	0.0037011778	0.0047664057	0.0031900722	0.0114784538	-0.0053744124	-0.0012701662	-0.0118429781	-0.0054627068	-0.0051198637	-0.0058084644	0.009235967	-0.0193532401	0.0044903266	-0.0041187378	-0.0041435444	-0.0499269905	-0.0248773765	-0.0217858055	0.0559466046	0.0447115166	0.0054673579	0.0098752446	-0.019478318	0.0324785511	0.0340421372	0.0213864327	0.0461594408	-0.044529121	-0.0241644536	0.0148650567	-0.0458355327	-0.0188566528	-0.0261607332	-0.0021403351	-0.0055707866	0.000860687	-0.0047490752	-0.0094688661	-0.0137670866	-0.0253524552	0.0398685628	-0.0622978778	-0.091849115	-0.0143398485	0.0798841288	-0.4592305084222801	-0.0370233953193093	0.2108926598657858	0.0013707318009698	0.9425772616207267	-0.0269965252359726	0.8884518941244279	0.0007288123748165	3.8301805740941575	0.0224699902884424	14.67028323016825	0.0005049004635626	0.0709085104802778	-6.707130857380728e-05	0.0050280168585316	4.498560433802873e-09	-0.0021450046986464	0.0008747716197532	4.6010451572151335e-06	7.652253867256372e-07	-0.0204842239435969	0.000306994351452	0.0004196034305714	9.424553182349427e-08	0.0	0.0	0.0	0.0	0.0	0.0	0.0	0.0	0.0	0.0	0.0	0.0	0.0	0.0	0.0	0.0	0.0	0.0	0.0	0.0	0.0	0.0	0.0	0.0	0.0	0.0	0.0	0.0	0.0	0.0	0.0	0.0	0.0	0.0	0.0	0.0	0.0	0.0	0.0	0.0
5663.7447920182985	15.450129093972464	32078005.0691144	238.7064890204144	3682.3812630811526	22.12391946303751	489.4678124069699	13559931.766691145	3679.5465324863817	2.481830472333513	6.159482493403189	13539062.684732554	3559.315701461558	7757.027988350474	0.80943	35.676735	0.1110180966534483	0.0463521547574721	0.0023012436	0.0093295716	-0.0323425277	-0.0095236522	-0.0546059742	0.0065771883	-0.0033742586	0.0178793928	-0.003261537	0.049482273	0.0250771791	0.0118113688	-0.060572464	-0.0022042856	-0.0280026002	0.0132543245	-0.0076006909	0.0043624098	-0.0011812475	-0.0033035383	0.011298842	0.0194384911	-0.0097187599	-0.0071777823	-0.0033866745	-0.0067888157	0.0020475637	0.0039573086	-0.007458048	-0.0135319023	-0.0130903595	0.0371986731	-0.0494799965	-0.0248125522	-0.0153480533	0.055868425	0.0478864619	0.0094259396	0.0160082935	-0.0088274509	0.0343071385	0.0293941259	0.0120958009	0.0214275883	-0.0413500583	-0.0265212142	0.0182549077	-0.0237394209	-0.0242338382	-0.0245199521	-0.001096599	0.0245602531	0.0061058251	-0.0036259694	-0.0039992382	-0.0216612012	-0.0246681434	0.0386186257	-0.0643510435	-0.0906289382	-0.0088977982	0.0834374889	-0.4698599902366567	-0.0106294818143766	0.2207684104251911	0.0001129858836421	0.931769811914549	-0.0108074497061777	0.868194982395274	0.0001168009691515	3.804244647831013	-0.0259359262631444	14.472277340550908	0.0006726722711272	0.0703361746436497	-0.000572335836628	0.0049471774635019	3.275683098887796e-07	-0.0018728155242708	0.0002721891743756	3.507437987949712e-06	7.408694664727081e-08	-0.0209126037099882	-0.0004283797663912	0.000437336993931	1.835092242534624e-07	0.0	0.0	0.0	0.0	0.0	0.0	0.0	0.0	0.0	0.0	0.0	0.0	0.0	0.0	0.0	0.0	0.0	0.0	0.0	0.0	0.0	0.0	0.0	0.0	0.0	0.0	0.0	0.0	0.0	0.0	0.0	0.0	0.0	0.0	0.0	0.0	0.0	0.0	0.0	0.0
5666.035397182223	2.290605163924738	32103957.122121915	5.246872016998676	3666.700200219849	-15.681062861303417	245.8957324601493	13444690.358292282	3682.053390598122	2.5068581117402573	6.284337592397929	13557517.171215126	3563.192138807777	7739.3698183373135	0.678872	29.922216	0.181986764211406	0.1277936912668791	0.0030168775	0.0155417094	-0.0252342178	-0.0151900486	-0.0513348979	0.0153992003	0.0235452673	0.0262725813	0.0097504144	0.0157637031	-0.0268193368	0.0177890955	0.0150151492	-0.057578473	-0.002509884	0.0221831991	-0.005592058	-0.0027424762	0.0116685682	0.0022631648	0.0204708136	0.0044879318	-0.0307688707	-0.0060419019	0.0069774971	-0.0159887882	0.002320825	0.0066000635	-0.0005133121	-0.0131206107	0.0067325716	0.0020451459	-0.0656255324	-0.0192134721	-0.0225119552	0.0456589651	0.0372501186	0.0176675036	0.0200693809	-0.0043553207	0.0059239094	0.0159690879	0.0009347195	-0.0049538237	-0.0129831126	-0.0143460752	-0.004340078	-0.0133230936	-0.002183783	-0.0122344357	0.0091583348	0.0143767219	0.0104418656	-0.0083363761	-0.0020237235	-0.0068597879	0.0033480127	0.0373607416	-0.0663512432	-0.0892409375	-0.0034264595	0.0865617806	-0.47123919235041	-0.0013792021137533	0.2220663764070667	1.9021984705815935e-06	1.010475286621329	0.0787054747067799	1.0210603048724567	0.0061945517488195	3.788160468455345	-0.0160841793756678	14.35015973476782	0.0002587008261886	0.0688504476351163	-0.0014857270085334	0.0047403841395558	2.2073847438856124e-06	-0.0019256824305553	-5.286690628449986e-05	3.708252823349368e-06	2.7949097800940902e-09	-0.020734839464502	0.0001777642454861	0.0004299335676186	3.160012697327717e-08	0.0	0.0	0.0	0.0	0.0	0.0	0.0	0.0	0.0	0.0	0.0	0.0	0.0	0.0	0.0	0.0	0.0	0.0	0.0	0.0	0.0	0.0	0.0	0.0	0.0	0.0	0.0	0.0	0.0	0.0	0.0	0.0	0.0	0.0	0.0	0.0	0.0	0.0	0.0	0.0
5678.179859776613	12.144462594389552	32241726.519972757	147.487971706527	3670.123800766528	3.423600546678699	11.721040703218687	13469808.712952944	3684.980082963016	2.926692364893825	8.565528198727808	13579078.211834114	3569.049465898592	7820.912287400319	0.76049	33.519634	0.2941485092256595	0.1323389249604745	-0.0081703082	0.0066321963	-0.0166373428	-0.00375478	-0.0524455392	-0.0056899703	0.0184064217	0.0456528075	0.0046214617	0.0233044234	-0.0313250884	0.0035770913	0.0289849313	-0.0854072843	0.0176730273	-0.0099585961	-0.0007351567	-0.0016695519	0.003334735	-0.0058503438	0.0187764302	0.0068426474	-0.0099013815	-0.0007121062	0.002152061	-0.0029070374	0.0037878868	0.0064817701	-0.0044830019	-0.0229396727	-0.0052600509	0.00932092	-0.038584127	-0.0264071857	-0.0085564481	0.0464359449	0.0391800095	0.0013352687	0.0141230127	-0.0018411188	0.0159091874	0.0190598004	-0.004156619	-0.0153438295	-0.0261259896	-0.0243628725	-0.0104650233	0.0151896503	-0.0190668899	-0.0264764896	0.004088749	0.0218108268	-0.0016853801	-0.0270005027	0.0192486493	-0.0222362989	-0.0153013507	0.0360951694	-0.0682968306	-0.0876876832	0.0020561578	0.0892409375	-0.4869212616746665	-0.0156820693242564	0.237092315070849	0.0002459272982907	0.9268343288438246	-0.0836409577775043	0.8590218731233827	0.0069958098179382	3.8430845025118288	0.0549240340564836	14.769298493446591	0.0030166495170377	0.0694047784668451	0.0005543308317288	0.0048170232740318	3.072826710051461e-07	-0.0007530469693426	0.0011726354612127	5.670797380360746e-07	1.3750739248935215e-06	-0.0218059021329088	-0.0010710626684067	0.0004754973678299	1.1471752396546945e-06	0.0	0.0	0.0	0.0	0.0	0.0	0.0	0.0	0.0	0.0	0.0	0.0	0.0	0.0	0.0	0.0	0.0	0.0	0.0	0.0	0.0	0.0	0.0	0.0	0.0	0.0	0.0	0.0	0.0	0.0	0.0	0.0	0.0	0.0	0.0	0.0	0.0	0.0	0.0	0.0
5654.488001404129	-23.691858372483694	31973234.558023263	561.3041531418257	3660.8010564449446	-9.322744321583286	86.91356168561342	13401464.374868425	3677.511683943162	-7.468399019853678	55.77698391975137	13524092.185538473	3561.7233017247127	7766.179848729522	0.804489	35.458965	0.1026898069307359	0.0498399537943324	0.0048163847	0.0312497882	-0.023262622	0.0077432069	-0.0429679798	0.0056059168	0.0094723071	0.0359829669	-0.0062345628	0.0481207483	0.0321573836	0.0678557481	0.0193618533	0.0126532192	0.0277663619	0.0509466161	-0.0194024061	-0.0045111162	-0.0001730423	0.0067829179	0.0084875691	-0.0077474909	-0.0186826122	-0.0170025879	-0.0028471999	-0.0001429083	-0.0033236475	0.003160182	-0.0112018873	-0.0039653851	0.0167832618	0.0340025312	-0.0424430562	-0.0219786694	-0.0167511631	0.0400323406	0.0392487649	0.0063898628	0.0095722183	-0.0001179254	-0.0038392313	0.0037008012	-0.0138697346	-0.0277028419	0.0012567814	-0.0152394328	-0.0136061203	-0.0051370122	-0.0206539193	-0.0144427872	0.00682786	0.0141311656	0.0030273282	-0.0126066248	-0.0232658279	0.0073356476	0.0113202813	0.0348221695	-0.0701862042	-0.0859720514	0.007532007	0.0914611824	-0.4951242535245512	-0.0082029918498847	0.245148026428244	6.728907528927499e-05	0.8888726084189358	-0.0379617204248887	0.7900945139974828	0.0014410922176174	3.864684102620856	0.021599600109027	14.93578321305037	0.0004665427248698	0.0692784432153621	-0.000126335251483	0.0047995026943441	1.5960595767274442e-08	-0.0008327168573165	-7.966988797390002e-05	6.934173644590681e-07	6.347291049773778e-09	-0.021313397381427	0.0004925047514818	0.0004542609079386	2.425609302321512e-07	0.0	0.0	0.0	0.0	0.0	0.0	0.0	0.0	0.0	0.0	0.0	0.0	0.0	0.0	0.0	0.0	0.0	0.0	0.0	0.0	0.0	0.0	0.0	0.0	0.0	0.0	0.0	0.0	0.0	0.0	0.0	0.0	0.0	0.0	0.0	0.0	0.0	0.0	0.0	0.0
5668.325770577245	13.837769173115705	32129917.04139012	191.48385568843125	3666.373463232912	5.5724067879673385	31.05171741058447	13442294.371898497	3679.2646685959	1.752984652737723	3.072955192733996	13536988.501578096	3560.806045222672	7786.280753890951	0.8561839999999998	37.737469	0.2018142039138339	0.0987779365500719	0.0115581553	0.0049221619	-0.0318250033	-0.0085437799	-0.0637435066	0.0085477663	-0.0117726299	0.0001464353	-0.0127430919	0.0237580929	0.0493010202	0.0090812883	-0.1066693362	0.08213641	-0.0439393878	0.0245002276	-0.013629049	-0.0116229007	-0.0102801468	-0.0023347618	0.0269689028	-0.0163878362	0.0128713282	-0.0119859625	0.0116241376	-0.0011703867	0.0010892177	0.0162710804	-0.0476110281	-0.0011751178	-0.0053352352	0.0233006816	-0.0338522142	-0.0206212629	-0.0148027795	0.0489366328	0.0499316425	0.0187105055	0.0174295189	0.0086600529	0.0084772059	0.0188986701	-0.0047005198	-0.0090869012	-0.0260743318	-0.0296162277	0.0004047348	-0.0018307909	-0.0136474781	-0.0438757065	-0.0079631604	0.0169672406	0.011739652	-0.0078404565	0.0142043769	-0.0303198012	-0.020536345	0.0335420038	-0.072017809	-0.0840972192	0.0129830636	0.0932110979	-0.4680333424083045	0.0270909111162466	0.2190552096058892	0.0007339174651083	0.9485214863416332	0.0596488779226974	0.8996930100517412	0.0035579886374368	3.789828295082046	-0.0748558075388099	14.362798506204486	0.0056033919222873	0.0695066367728707	0.0002281935575085	0.0048311725554757	5.207229968842908e-08	-0.0012008591200491	-0.0003681422627326	1.442062626205099e-06	1.355287256098788e-07	-0.0215214337079074	-0.0002080363264804	0.0004631721088438	4.327911313545957e-08	0.0	0.0	0.0	0.0	0.0	0.0	0.0	0.0	0.0	0.0	0.0	0.0	0.0	0.0	0.0	0.0	0.0	0.0	0.0	0.0	0.0	0.0	0.0	0.0	0.0	0.0	0.0	0.0	0.0	0.0	0.0	0.0	0.0	0.0	0.0	0.0	0.0	0.0	0.0	0.0
5672.731074594904	4.405304017659546	32179877.844674654	19.406703488007334	3670.931858925364	4.558395692451995	20.778971288964904	13475740.712873228	3677.1317846455695	-2.1328839503303243	4.54919394557669	13521298.161650712	3559.243039712052	7745.220246845609	0.862382	38.010674	0.213735517817115	0.09746479735809	0.0042075405	0.0011555308	-0.0314637948	-0.0204378	-0.0587150645	-0.0011474547	0.0288855489	0.0901850361	0.0234471364	0.039783989	-0.0911453174	0.0367787003	-0.024387098	-0.093197834	0.0466723359	-0.030105823	-0.0217776828	0.0004774518	-0.004218782	0.0087562856	0.0301902999	-0.0242499047	-0.0119544271	-0.021720645	-0.0028276187	-0.0068348549	-0.0058555763	0.0127427564	-0.0382088374	-0.003763246	0.0248761786	0.0562630082	-0.0341633182	-0.0182162849	-0.0158937672	0.0448385882	0.0451159848	0.014355383	0.0112381745	0.0046573488	-0.0111977031	-0.0002712964	-0.0171526989	-0.0284196892	0.0070172001	-0.014676892	-0.0166320545	0.0117940651	-0.0163092955	-0.0333989883	-0.0068336929	0.0200379	0.0049846207	-0.0365150672	-0.0061727493	-0.0007894564	-0.0160966208	0.0322549359	-0.0737901375	-0.0820666583	0.0183913846	0.0944816852	-0.4863818050448714	-0.0183484626365668	0.2365672602787072	0.0003366660811254	0.8686927882615549	-0.0798286980800783	0.7546271603776348	0.0063726210371602	3.843583369949826	0.0537550748677801	14.773133121754862	0.0028896080740406	0.0693232500230708	-0.0001833867497998	0.0048057129937611	3.3630700002169816e-08	-0.0004330134599919	0.0007678456600572	1.8750065653415682e-07	5.895869576686774e-07	-0.0212366004731107	0.0002848332347966	0.0004509931996545	8.11299716447507e-08	0.0	0.0	0.0	0.0	0.0	0.0	0.0	0.0	0.0	0.0	0.0	0.0	0.0	0.0	0.0	0.0	0.0	0.0	0.0	0.0	0.0	0.0	0.0	0.0	0.0	0.0	0.0	0.0	0.0	0.0	0.0	0.0	0.0	0.0	0.0	0.0	0.0	0.0	0.0	0.0
5696.877886114063	24.14681151915829	32454417.64929543	583.0685065417555	3684.49571496398	13.563856038615995	183.9781906362996	13575508.67358793	3684.2697641467175	7.137979501148038	50.9507513588096	13573843.69500571	3562.344812573448	7868.643378315272	0.797076	35.13221	0.1368376357302644	0.0698817538703555	-0.0083334902	-0.0120501998	-0.0332423895	-0.0386348662	-0.0585953502	-0.0072811571	-0.0170223903	0.0393902554	0.0394417977	0.0791004651	-0.0222973406	0.0132896439	-0.0600120846	-0.0362291659	0.0990751454	-0.0290467594	-0.0090629155	0.0087452484	-0.0068515159	0.0081794605	0.0169584413	0.0023415413	-0.0104372649	-0.0086602504	-0.0112913999	-0.0033580372	-0.0049848069	0.0076697809	-0.0243773074	-0.0059693041	0.0221359101	0.0913037734	-0.0088690934	-0.022146442	-0.007815562	0.0449788741	0.0407499896	0.0091948248	0.0080988757	0.0052948047	-0.0201339468	-0.0050688158	-0.0250293779	-0.0467619091	0.0122385257	-0.009024739	-0.020178595	0.03218308	-0.0198653921	-0.0251106729	-0.0154102308	0.0164188734	0.005397569	-0.0367154065	-0.022805771	0.0020587996	-0.0084492809	0.0309612306	-0.0755017308	-0.0798841288	0.0237391677	0.0952664105	-0.5229280215001779	-0.0365462164553065	0.2734537156700905	0.0013356259371981	0.8831594218131613	0.0144666335516063	0.7799705643373573	0.0002092834863164	3.852216751528673	0.0086333815788468	14.839573900758122	7.453527748597222e-05	0.0687519750308458	-0.0005712749922249	0.004726834070642	3.263551167416661e-07	-0.0008166696189604	-0.0003836561589685	6.669492665329249e-07	1.4719204831446294e-07	-0.0218254974048073	-0.0005888969316966	0.0004763523369672	3.467995961616703e-07	0.0	0.0	0.0	0.0	0.0	0.0	0.0	0.0	0.0	0.0	0.0	0.0	0.0	0.0	0.0	0.0	0.0	0.0	0.0	0.0	0.0	0.0	0.0	0.0	0.0	0.0	0.0	0.0	0.0	0.0	0.0	0.0	0.0	0.0	0.0	0.0	0.0	0.0	0.0	0.0
5679.328803742532	-17.549082371530858	32254775.66101958	307.9702920827752	3681.6394191722775	-2.8562957917024505	8.15842564969713	13554468.812803185	3678.202034072176	-6.067730074541487	36.81734825749524	13529170.203452691	3562.0074390107484	7884.32521558975	0.832149	36.678135	0.0899167698446659	0.0500719786450302	-0.0023737905	0.0011564669	-0.0183517761	-0.0423786765	-0.0576930658	0.0020787717	0.0330747697	-0.0193615421	0.0221740003	-0.0624547942	0.0083283057	0.0288175393	0.0294920676	0.0724669122	0.0243021577	-0.033574314	-0.0190425715	-0.00517296	0.0101726671	-0.0035272592	0.0081563334	-0.0087511593	-0.001832226	-0.0198683629	0.0049648124	-0.0135911443	-0.0013208983	0.002860994	-0.0182565724	-0.0038710675	-0.0001653265	0.0247869627	-0.0377301226	-0.0192867381	-0.0174089277	0.0439511289	0.042406252	0.0104569387	0.0109261622	0.0080683751	-0.0172995751	-0.007483321	-0.0315226457	-0.0480580152	0.0205333837	-0.0093995303	-0.0164086539	-0.0029687442	-0.0198292491	-0.0218382166	-0.0203510829	0.0066231632	0.0122121683	-0.0177836826	-0.0409764159	0.0060322482	-0.0077527573	0.0296611541	-0.0771511802	-0.0775536723	0.0290088101	0.0955612383	-0.5215142959444989	0.0014137255556789	0.2719771608744864	1.99861994677984e-06	0.9189711108262912	0.0358116890131299	0.8445079025333077	0.0012824770699731	3.835775003071461	-0.0164417484572121	14.713169874187866	0.0002703310923302	0.0693718988567336	0.0006199238258877	0.0048124603509888	3.843055499033637e-07	-0.0008235493309214	-6.879711961000029e-06	6.782335004610857e-07	4.7330436666326857e-11	-0.0217273088062832	9.818859852410086e-05	0.0004720759479635	9.641000880127062e-09	0.0	0.0	0.0	0.0	0.0	0.0	0.0	0.0	0.0	0.0	0.0	0.0	0.0	0.0	0.0	0.0	0.0	0.0	0.0	0.0	0.0	0.0	0.0	0.0	0.0	0.0	0.0	0.0	0.0	0.0	0.0	0.0	0.0	0.0	0.0	0.0	0.0	0.0	0.0	0.0
5671.176956831439	-8.151846911092434	32162248.075695906	66.45260806188726	3653.494789161874	-28.14463001040349	792.1201984225047	13348024.174432969	3680.9195230074542	2.717488935278197	7.384746113359431	13549168.534857424	3558.415767845218	7857.292910229076	0.7712339999999999	33.993206	0.0386348893707952	0.0242323851173394	-0.0045886254	0.0036904877	-0.0225945253	-0.0184199104	-0.0522303829	0.0009141115	-0.0007640224	-0.0396331727	0.0245124048	-0.0572658782	0.0094905919	0.01751408	-0.0839035639	0.0830510329	-0.0066387728	0.0043604657	-0.0163040192	-0.000620595	0.0037816754	-0.0037336008	0.0101334798	0.0163003543	-0.0150904816	-0.0167919792	0.0017881552	-0.0130663089	-0.003249019	0.0054142426	-0.0024186034	-0.0172726128	-0.0170515315	0.0353274898	-0.0536176632	-0.0204529582	-0.0099106562	0.039694409	0.0390165197	0.0107895933	0.0091409792	0.0107049506	-0.0153212139	-0.0003564901	-0.0227897099	-0.0434084149	-0.0001008156	-0.0187960152	-0.0184372759	0.0033873624	-0.0126434877	-0.0303527741	-0.0103195403	0.0163626812	0.006284387	-0.0138149881	-0.010413308	-0.0239355342	-0.0100484186	0.0283549738	-0.0787371281	-0.0750796043	0.0341829659	0.0953646527	-0.5227079377989696	-0.0011936418544706	0.2732235882380515	1.4247808767442135e-06	0.9305573852138878	0.0115862743875965	0.8659370471761079	0.0001342417541846	3.848329684842824	0.012554681771363	14.809641363242468	0.0001576200343801	0.0692015274190757	-0.0001703714376578	0.004788851397133	2.902642676961921e-08	-0.0008137157707386	9.833560182799994e-06	6.621333555487138e-07	9.669890586874943e-11	-0.0216415079769766	8.580082930659955e-05	0.0004683548675175	7.361782309700231e-09	0.0	0.0	0.0	0.0	0.0	0.0	0.0	0.0	0.0	0.0	0.0	0.0	0.0	0.0	0.0	0.0	0.0	0.0	0.0	0.0	0.0	0.0	0.0	0.0	0.0	0.0	0.0	0.0	0.0	0.0	0.0	0.0	0.0	0.0	0.0	0.0	0.0	0.0	0.0	0.0
5661.742524857922	-9.434431973517349	32055328.41778456	89.00850666292645	3633.413792135728	-20.08099702614618	403.2464415640917	13201695.78488213	3675.554885276305	-5.364637731149287	28.77933798647057	13509703.714678513	3548.526505158361	7738.639593047279	0.80542	35.499989	0.0920225901503174	0.0389722100516643	-0.0007573075	-6.82454e-05	-0.0335919603	-0.0367582319	-0.0550300228	-0.0127800322	0.0138343655	0.0645787507	0.0127846151	0.0729186434	-0.0352960863	0.0834841163	-0.1208064172	-0.0053717871	0.0646832905	-0.0641050894	-0.0276993613	0.0082619835	0.0098963997	0.0025299534	0.0187478785	-0.0238569787	-0.0214412011	-0.0287924158	-0.0126371046	-0.0229470664	-0.0035700323	0.0081545899	-0.0267051605	0.009443737	0.0294492704	0.0906151842	-0.06344128	-0.0177412204	-0.0127190448	0.0416133028	0.0404781297	0.01287173	0.0087217833	0.0130359021	-0.0250312728	-0.0117420879	-0.0324610224	-0.0558655863	0.0192769757	-0.0056149697	-0.0305589959	0.0129989428	-0.0115195957	-0.0294383932	-0.0080193739	0.0052336307	0.0117234366	-0.0254549986	-0.0133084583	0.0033982986	-0.0077193976	0.0270429587	-0.080258269	-0.0724665061	0.0392446037	0.0946776645	-0.5304736508761323	-0.0077657130771626	0.2814022942738527	6.030629959681534e-05	0.8946915738966652	-0.0358658113172225	0.8004730124016919	0.0012863564214426	3.842228541031247	-0.006101143811577	14.762720161515103	3.7223955809544365e-05	0.0690175869173604	-0.0001839405017153	0.0047634273038953	3.383410817127692e-08	-0.0003798030207142	0.0004339127500244	1.4425033454363104e-07	1.8828027463373746e-07	-0.0214135627898292	0.0002279451871474	0.0004585406713539	5.1959008343664115e-08	0.0	0.0	0.0	0.0	0.0	0.0	0.0	0.0	0.0	0.0	0.0	0.0	0.0	0.0	0.0	0.0	0.0	0.0	0.0	0.0	0.0	0.0	0.0	0.0	0.0	0.0	0.0	0.0	0.0	0.0	0.0	0.0	0.0	0.0	0.0	0.0	0.0	0.0	0.0	0.0
5708.291103841797	46.5485789838749	32584587.3261994	2166.7702054180404	3655.444014966188	22.03022283046039	485.3307179597381	13362270.946552126	3690.097120350129	14.542235073824031	211.47660094235783	13616816.757616317	3565.490879864813	7900.461491582277	0.819481	36.119755	0.1234009128197115	0.0683523706059025	-0.0167738239	-0.0354570818	-0.0224934012	-0.0566298105	-0.054926594	-0.0041701802	-0.0091231616	0.0046232221	0.0587798616	0.0583563279	-0.0051019049	0.0145034741	-0.0360579308	0.071801573	0.0727240716	-0.0056475256	0.0015314921	0.0086962786	-0.0085094858	0.0099145917	0.0008084361	0.0128841869	0.000175173	0.0005249102	-0.0075399438	-0.0035850512	-0.0124604216	-0.0039079918	-0.0245225062	0.0087349993	0.0106630808	0.0972584814	-0.0202454524	-0.0205403196	-0.0038642137	0.0372684613	0.0417724917	0.0050991795	0.016862055	0.0155807573	-0.0191500072	0.0028731677	-0.0339770022	-0.0531828261	0.0078738806	-0.0155129649	-0.0235416445	0.0204150616	-0.0161902204	-0.0427633009	-0.0282390871	0.0114638946	0.0191098805	-0.0219469266	-0.019443651	-0.0135658564	-0.0341312973	0.0257253786	-0.081713351	-0.0697192167	0.0441770624	0.0935038064	-0.5210307204756077	0.0094429304005245	0.2714730116793308	8.91689345491512e-05	0.8996842678185573	0.004992693921892	0.8094317817602135	2.492699259769787e-05	3.805199571865757	-0.0370289691654899	14.47954378172734	0.0013711445574588	0.0693920502407757	0.0003744633234153	0.0048152566366183	1.4022278058323154e-07	0.000284185467642	0.0006639884883562	8.076138001890222e-08	4.4088071266955154e-07	-0.0218138373646938	-0.0004002745748645	0.0004758435005733	1.6021973528303585e-07	0.0	0.0	0.0	0.0	0.0	0.0	0.0	0.0	0.0	0.0	0.0	0.0	0.0	0.0	0.0	0.0	0.0	0.0	0.0	0.0	0.0	0.0	0.0	0.0	0.0	0.0	0.0	0.0	0.0	0.0	0.0	0.0	0.0	0.0	0.0	0.0	0.0	0.0	0.0	0.0
5666.769773376414	-41.52133046538256	32112279.66445258	1724.020883615506	3649.622721686435	-5.821293279753263	33.8874554489005	13319746.0106499	3674.07415814041	-16.022962209719026	256.735317974084	13498820.919515165	3547.5992742781	7895.068336397618	1.27447	56.174034	0.3150715400729673	0.2423389937727508	-0.0050158223	-0.0122516622	-0.0269465746	-0.0834814225	-0.0479618416	-0.007846358	-0.001636956	-0.0346439286	-0.0180482062	0.0184033362	0.0152634744	0.118456959	-0.1172015913	0.1003072721	0.0287877367	-0.0492261378	-0.0288946348	0.0043989463	0.0316031958	-0.0157008058	0.0393703689	-0.0392227942	-0.0396308118	-0.0308175349	-0.0075709558	-0.0406919767	0.0073061471	0.0070328342	-0.0217693375	-0.0127639168	0.0409858527	0.0501263581	-0.0635573267	-0.0088272007	-0.0192217826	0.0244417439	0.0303725394	0.0230677692	0.002135317	0.0269433923	-0.0531943177	-0.0480403251	-0.050541822	-0.0885632963	0.1044601832	0.0386680067	-0.0225207487	0.0233640602	-0.0302544494	-0.0061941934	-0.0014639828	-0.0071016118	0.0139616999	-0.0270709069	-0.0593523714	0.040719577	0.0124449925	0.0244025048	-0.0831011765	-0.0668428233	0.0489641061	0.091849115	-0.5121894823080737	0.008841238167534	0.2623380657870126	7.816749233506024e-05	0.8817094290359364	-0.0179748387826208	0.777411517250877	0.0003230948292612	3.9896947172862	0.1844951454204428	15.91766393714141	0.0340384586837103	0.0674470209985306	-0.001945029242245	0.0045491006415762	3.783138753188548e-06	0.0001681735116316	-0.0001160119560104	2.8282330014503898e-08	1.3458773937358986e-08	-0.0217996722089019	1.4165155791900225e-05	0.0004752257084155	2.006516386088045e-10	0.0	0.0	0.0	0.0	0.0	0.0	0.0	0.0	0.0	0.0	0.0	0.0	0.0	0.0	0.0	0.0	0.0	0.0	0.0	0.0	0.0	0.0	0.0	0.0	0.0	0.0	0.0	0.0	0.0	0.0	0.0	0.0	0.0	0.0	0.0	0.0	0.0	0.0	0.0	0.0
5661.270327355923	-5.499446020491632	32049981.71940064	30.24390653230125	3609.675954924157	-39.946766762278	1595.7441747598386	13029760.499557624	3671.229200517847	-2.8449576225630158	8.093783874179405	13477923.84273491	3551.392782687905	7887.946420348868	1.134217	49.992168	0.2654742584022513	0.1306044823806141	-0.0001667131	-0.0158901272	-0.0081994734	-0.0750161732	-0.0473020612	-0.0056502587	0.0478059624	0.0302928646	0.0201314944	-0.0658480703	-0.0539672391	0.0747827694	-0.0255598405	0.0148680683	0.0945827166	-0.0618687058	-0.0320554244	-0.0286864735	-0.0020649839	-0.0294959887	0.0412123352	-0.005559429	0.0047573525	-0.0333125654	0.0184854929	-0.014368363	0.0170199033	-0.000338676	-0.0562017824	-0.0578761396	-0.0221538271	0.0356830558	-0.0151999467	0.0009711398	-0.0157748179	0.0166241228	0.0217801676	0.0446618578	0.0125949994	0.0365357024	-0.0723701038	-0.0569177259	-0.0575638307	-0.0853128618	0.1144438196	0.0570536212	-0.0173462294	0.023428158	0.0232262851	0.0210160195	0.000930032	-0.0307523606	-0.0094019164	-0.0122557136	-0.0626107134	0.0291149685	0.0023609766	0.0230746094	-0.0844206031	-0.0638426524	0.0535899776	0.0897220992	-0.4822987275817638	0.0298907547263099	0.2326120626269884	0.0008934572181084	0.9274323573268076	0.0457229282908712	0.8601307774167594	0.0020905861714921	3.958454582707304	-0.0312401345788959	15.669362683356455	0.0009759460085075	0.0656372907522532	-0.0018097302462773	0.0043082539372958	3.2751235642912478e-06	-0.0008826987699397	-0.0010508722815713	7.791571184530595e-07	1.1043325521748694e-06	-0.0214878659206271	0.0003118062882747	0.0004617283818228	9.722316140770624e-08	0.0	0.0	0.0	0.0	0.0	0.0	0.0	0.0	0.0	0.0	0.0	0.0	0.0	0.0	0.0	0.0	0.0	0.0	0.0	0.0	0.0	0.0	0.0	0.0	0.0	0.0	0.0	0.0	0.0	0.0	0.0	0.0	0.0	0.0	0.0	0.0	0.0	0.0	0.0	0.0
5700.081702090935	38.81137473501258	32490931.410511896	1506.3228088215726	3664.612989569429	54.93703464527198	3018.0777756158136	13429388.363320988	3687.675212514335	16.44601199648787	270.4713105886229	13598948.472992644	3566.9246665807364	7915.603957161203	1.257176	55.411755	0.4212489520714211	0.297716879482247	-0.001478932	-0.0335710729	-0.0041950256	-0.0588790203	-0.0484854372	-0.0103295456	0.005013959	-0.008888126	0.0398884044	-0.0438972457	0.0018679322	0.0024574206	-0.0233681577	0.0941330462	0.0131589749	-0.0167241312	-0.0001580589	-0.0015870793	-0.0007560168	-0.0065738929	0.0136645401	-0.0266282966	0.023367176	-0.0029909262	0.0014004733	-0.0148829137	-0.005096105	-0.0049692377	-0.0514074505	-0.0028120198	-0.0177691339	0.0116513166	-0.0240193374	-0.0129903402	-0.0059563191	0.0298532308	0.032358779	0.0125130716	0.0198457625	0.0068464124	-0.0324723533	-0.0066020205	-0.0396131012	-0.0444089708	0.0258292517	-0.0090695955	-0.0258449188	0.0069635244	0.0145803643	-0.0194065743	-0.0384894376	0.000952458	0.0008143067	-0.0128461147	-0.0162656886	0.0074583758	-0.0351938984	0.0217419657	-0.0856705448	-0.0607242596	0.0580394502	0.0871336971	-0.5014913531267382	-0.0191926255449744	0.2514935772608868	0.0003683568753096	0.8991856349187373	-0.0282467224080703	0.8085348060442127	0.0007978773267985	3.792013979186237	-0.166440603521067	14.379370018343838	0.027702474500457	0.0689257574245712	0.0032884666723179	0.0047507600365508	1.08140130549462e-05	-7.267190762760833e-05	0.000810026862312	5.281206158235638e-09	6.561435176671723e-07	-0.0215367523979432	-4.888647731609783e-05	0.0004638317038503	2.3898876643773474e-09	0.0	0.0	0.0	0.0	0.0	0.0	0.0	0.0	0.0	0.0	0.0	0.0	0.0	0.0	0.0	0.0	0.0	0.0	0.0	0.0	0.0	0.0	0.0	0.0	0.0	0.0	0.0	0.0	0.0	0.0	0.0	0.0	0.0	0.0	0.0	0.0	0.0	0.0	0.0	0.0
5679.396902833943	-20.684799256991937	32255549.179919787	427.8609203020542	3643.768736489454	-20.84425307997481	434.4828864620392	13277050.605017953	3684.597118155103	-3.078094359231727	9.474664884334176	13576255.92311689	3564.851847350863	7896.450701214425	0.913338	40.25663	0.0706173519495237	0.034456244289399	-0.0026842391	-0.027519033	-0.0095465704	-0.0552012064	-0.0426268362	-0.0056589332	0.0299085285	0.009054488	0.0526840903	-0.0117028889	-0.065076738	0.0678824212	0.0469449003	-0.064464345	0.0451793926	-0.030163366	-0.005438239	0.0095781556	0.007544915	-0.0090669125	0.0203808201	-0.0198852127	0.0143982156	-0.0073220699	-0.0061168234	-0.0133542344	0.0019045584	-0.0025542784	-0.0289227353	-0.0159182383	-0.0113190683	0.0157822033	-0.0418394118	-0.012777221	-0.0011660131	0.0285216548	0.0344123021	0.0141144381	0.019300048	0.0159678205	-0.0257968053	-0.0172475954	-0.0411245638	-0.0419384644	0.0358023031	0.0010675639	-0.0099448486	0.0079213868	0.0029472427	-0.031367458	-0.0442364151	-0.004080169	0.004956139	0.0024749916	-0.0137683538	0.0055353101	-0.0181165311	0.020404848	-0.0868499729	-0.0574934194	0.0622978778	0.0840972192	-0.5044768429268345	-0.0029854898000962	0.254496885049426	8.913149346478895e-06	0.9133003930554936	0.0141147581367563	0.8341176079553191	0.0001992263972591	3.782354144635746	-0.009659834550491	14.306202875443203	9.331240354286003e-05	0.0692603535135072	0.000334596088936	0.0047969965688159	1.1195454273127024e-07	0.0002588720669238	0.0003315439745514	6.701474703340039e-08	1.099214070613449e-07	-0.0217477577236994	-0.0002110053257562	0.0004729649660087	4.452324749748008e-08	0.0	0.0	0.0	0.0	0.0	0.0	0.0	0.0	0.0	0.0	0.0	0.0	0.0	0.0	0.0	0.0	0.0	0.0	0.0	0.0	0.0	0.0	0.0	0.0	0.0	0.0	0.0	0.0	0.0	0.0	0.0	0.0	0.0	0.0	0.0	0.0	0.0	0.0	0.0	0.0
5677.051795877409	-2.345106956534437	32228917.093074918	5.499526637586209	3689.629486007307	45.86074951785304	2103.208346339258	13613365.744014546	3682.098804651663	-2.498313503439931	6.241570361470303	13557851.607217208	3560.835954276363	7891.270497198705	0.964739	42.522202	0.1888470029841006	0.1218871462787351	-0.0089725966	0.0083840386	-0.0159227227	-0.0288231163	-0.0419833626	-0.0167839271	-0.0205845335	-0.018571199	0.0198229817	-0.0742996248	0.0658845616	0.0057436574	-0.0537837555	0.1434747704	0.008162378	0.0256405818	-0.0131259538	0.0043123925	-0.0010776543	-0.0012747368	-0.0057016342	-0.0611342702	-0.0197915179	-0.0129235446	-0.0060793543	-0.0112808934	-0.0222007619	-0.0182097823	-0.0540907678	-0.007885879	-0.0017970356	0.0185334842	-0.0414908009	-0.0146928303	-0.0057847302	0.0178417894	0.0233231967	-0.0032733272	0.0068882098	0.0201370508	-0.0269457837	-0.022724873	-0.0448655001	-0.0574952426	0.0417378697	-0.0001269051	-0.0318013373	-0.0093360174	-0.0107900929	-0.0073978933	-0.0048579112	-0.0048510282	0.0013913758	0.0103037363	-0.0309967272	0.0097499045	-0.0075930225	0.0190635313	-0.0879579165	-0.0541561147	0.0663512432	0.0806282803	-0.5145033104670063	-0.0100264675401717	0.2647136564815086	0.0001005300513341	0.9335667343852664	0.0202663413297727	0.8715468475507705	0.0004107245908948	3.899623191515332	0.1172690468795862	15.207061035804225	0.0137520293560466	0.0690375276881157	-0.0002228258253915	0.0047661802292873	4.965134846140373e-08	0.0004711155960495	0.0002122435291257	2.2194990484107565e-07	4.504731565573186e-08	-0.0221383913138736	-0.0003906335901742	0.0004901083699661	1.525946017723868e-07	0.0	0.0	0.0	0.0	0.0	0.0	0.0	0.0	0.0	0.0	0.0	0.0	0.0	0.0	0.0	0.0	0.0	0.0	0.0	0.0	0.0	0.0	0.0	0.0	0.0	0.0	0.0	0.0	0.0	0.0	0.0	0.0	0.0	0.0	0.0	0.0	0.0	0.0	0.0	0.0
5663.662919442985	-13.388876434423764	32077077.66507344	179.262012176268	3672.365945940641	-17.263540066666337	298.029815633394	13486271.640904495	3676.7676649405103	-5.3311397111529	28.42105061983143	13518620.461952092	3561.547438359626	7756.376811357645	1.061974	46.807983	0.2491237084625356	0.1223794645693752	-0.003616194	-0.002563807	-0.0036936709	-0.0186582679	-0.0307410368	-0.0043322771	0.0028481417	-0.0303262004	0.0110443659	-0.0385950408	-0.0638762606	0.0143553783	-0.0181532104	-0.0813919375	-0.0017854443	-0.0334942292	-0.0209219384	0.0225288418	0.0142106627	-0.0219287871	0.0145578297	-0.0062139178	-0.0038380596	-0.0183008748	-0.0199475834	-0.0211538811	0.0145452441	-0.00034452	-0.0038538466	0.0028342333	-0.0045838743	0.0080444002	-0.0628290588	-0.0123151471	-0.0045964669	0.0055534662	0.0126062773	0.0101497373	0.0036778731	0.0246576209	-0.028976318	-0.0231833957	-0.050893675	-0.072033791	0.0386373593	0.002792774	-0.0310785657	0.0110491541	-0.0120554786	-0.0134041562	0.007591359	-0.0024593591	0.0058233061	-0.0030575271	-0.0148614813	-0.0202336283	0.0087514562	0.0177182917	-0.0889934638	-0.0507185253	0.0701862042	0.076744719	-0.5724294816021569	-0.0579261711351506	0.3276755114073141	0.0033554413023787	1.0041842083544168	0.0706174739691504	1.0083859243083868	0.0049868276297836	3.934856511661706	0.0352333201463737	15.483095767366528	0.0012413868485368	0.0683130435344152	-0.0007244841537005	0.0046666719169349	5.248772889631415e-07	0.0009629553567762	0.0004918397607266	9.272830191439786e-07	2.419063502316975e-07	-0.0216477803640636	0.00049061094981	0.0004686263946907	2.406991040734708e-07	0.0	0.0	0.0	0.0	0.0	0.0	0.0	0.0	0.0	0.0	0.0	0.0	0.0	0.0	0.0	0.0	0.0	0.0	0.0	0.0	0.0	0.0	0.0	0.0	0.0	0.0	0.0	0.0	0.0	0.0	0.0	0.0	0.0	0.0	0.0	0.0	0.0	0.0	0.0	0.0
5676.978921097775	13.316001654789943	32228089.67058846	177.3159000703685	3641.701326686533	-30.664619254107947	940.318873999408	13261988.552790454	3683.735918371918	6.968253431407902	48.556555884328	13569910.316303398	3569.20967880468	7857.064568361202	1.08984	48.036209	0.3373122388445517	0.221091649697237	-0.0080019061	-0.0078716663	0.0093914212	-0.0055565038	-0.0273677036	-0.014317441	0.0214893201	0.0368276574	0.0294850225	0.0363786389	-0.0063283933	0.0201636204	0.0412091873	-0.0066428847	0.0505494784	0.0064343009	-0.0052257612	0.0012065311	-0.0032276394	-0.0134901608	0.0010377978	0.0038010876	0.0127151529	-0.0047366776	-0.0046919127	0.0001331028	0.0028889672	-0.0106241165	-0.0147452364	-0.0266052513	-0.0186247513	-0.0154045666	-0.0061008991	-0.0180628013	0.0010212956	0.0076011744	0.0159933343	-0.0069158828	-0.0045302036	0.0117989899	-0.0367816894	-0.0223355651	-0.0457612802	-0.0769717797	0.0272300977	-0.014950889	-0.054478159	0.0368116563	0.0019343163	-0.026548883	-0.0069903907	0.0024890733	0.0018899835	-0.0275869907	0.0042491858	0.007755797	-0.0055294309	0.016369406	-0.0899557625	-0.0471870168	0.0737901375	0.0724665061	-0.5651545245604694	0.0072749570416874	0.3193996366311702	5.292499995839792e-05	0.8093150743451645	-0.1948691340092523	0.6549908895623191	0.0379739793895159	3.941568183208858	0.0067116715471522	15.535959742884378	4.504653495685298e-05	0.0691150286371882	0.000801985102773	0.0047768871835193	6.43180105069825e-07	0.002047194226199	0.0010842388694228	4.191004199782523e-06	1.175573925967232e-06	-0.022330685916797	-0.0006829055527333	0.0004986595335146	4.663599939541082e-07	0.0	0.0	0.0	0.0	0.0	0.0	0.0	0.0	0.0	0.0	0.0	0.0	0.0	0.0	0.0	0.0	0.0	0.0	0.0	0.0	0.0	0.0	0.0	0.0	0.0	0.0	0.0	0.0	0.0	0.0	0.0	0.0	0.0	0.0	0.0	0.0	0.0	0.0	0.0	0.0
5663.199359966662	-13.77956113111304	32071826.99072681	189.8763049660813	3684.756217151431	43.05489046489811	1853.723592944374	13577428.379836123	3685.725100388833	1.9891820169150376	3.956845096418178	13584569.515636276	3572.436777287577	7808.308877944946	0.95981	42.304947	0.1841787200745427	0.094785965030681	-0.0085724807	0.0070233469	-0.0067386753	-0.0040553069	-0.0175429198	-0.01619351	-0.0001964567	-0.0182999829	-0.0064698249	-0.0748720836	0.0472088323	-0.0070348208	0.0188759163	0.0548018596	-0.0043437303	0.0413872704	0.0012009021	0.0007859828	0.0164965727	-0.008958028	-8.51716e-05	-0.01379084	-0.0029201478	0.0025875383	-0.0033987837	-0.0194658736	-0.002076838	-0.0006732314	-0.016949685	-0.0017841083	-0.0029971316	-0.0214874959	-0.0048310592	-0.0197354349	0.0065895536	0.0026728555	0.0071792307	-0.0133429829	-0.0052196605	0.0115115287	-0.0247736546	-0.0248138622	-0.0521270987	-0.0786331548	0.0351522795	-0.0003874933	-0.032498455	0.0114825861	-0.0319610444	-0.0092179568	-0.0001633486	0.0089445847	0.0045162926	0.0078125325	-0.0234034608	9.09135e-05	0.010072502	0.0150171519	-0.0908440203	-0.0435681289	0.0771511802	0.067815642	-0.5785169035221855	-0.0133623789617161	0.3346818076608977	0.0001785531715165	0.9078123821792304	0.0984973078340659	0.8241233212379292	0.0097017196505587	3.9578488544742783	0.0162806712654202	15.664567554863355	0.0002650602568526	0.0697256250083352	0.000610596371147	0.0048616627828029	3.7282792845789356e-07	0.0017931736956611	-0.0002540205305379	3.2154719028108874e-06	6.452642993475623e-08	-0.0225868362553789	-0.0002561503385819	0.0005101651720272	6.561299595562314e-08	0.0	0.0	0.0	0.0	0.0	0.0	0.0	0.0	0.0	0.0	0.0	0.0	0.0	0.0	0.0	0.0	0.0	0.0	0.0	0.0	0.0	0.0	0.0	0.0	0.0	0.0	0.0	0.0	0.0	0.0	0.0	0.0	0.0	0.0	0.0	0.0	0.0	0.0	0.0	0.0
5657.337614227082	-5.8617457395803285	32005468.88134857	34.36006311548813	3652.997374874863	-31.75884227656797	1008.6240627479214	13344389.82084264	3684.04580293148	-1.6792974573531865	2.820039950272877	13572193.478097051	3571.433644124389	7774.891703757476	0.8355129999999998	36.826408	0.1690838745485378	0.0756022932748907	0.0021142968	0.0069545303	0.0133280704	0.0139029476	-0.0212917068	-0.0048032218	0.0262088375	0.0159516699	-0.0119662074	-0.0362343903	-0.0298074544	0.0202712013	0.0655481136	-0.0687745782	-0.0166103151	0.015678032	-0.0016171314	0.0069636291	0.0101990525	-0.0103432552	-0.0041596914	-0.0307771939	0.0059039134	-0.0010817971	-0.0032950091	-0.0040089464	0.0040933017	-0.0091127767	-0.0181371789	0.0007337709	-0.0111858246	-0.0472441877	-0.0310162536	-0.0169312426	0.0021058347	0.0018263786	0.0103681167	-0.0057028384	0.0023478098	0.014813423	-0.0258638481	-0.0117719412	-0.0404952062	-0.068039692	0.0014579894	-0.017042057	-0.0396745236	4.53726e-05	0.0006038537	-0.0340970207	-0.0109058228	-0.0069493176	0.0049002478	0.0017258396	0.0141654346	-0.0166755976	0.0031738082	0.0136618075	-0.0916575064	-0.0398685628	0.080258269	0.0628160431	-0.5890770707430733	-0.0105601672208877	0.3470117952752397	0.0001115171317331	0.9548669027389708	0.0470545205597403	0.9117708019463152	0.002214127905107	3.902845014323674	-0.0550038401506043	15.232199205831158	0.0030254224313132	0.069374483201689	-0.0003511418066462	0.0048128189195014	1.2330056837476252e-07	0.0012749183685167	-0.0005182553271444	1.625416846381284e-06	2.685885841135492e-07	-0.0223269264568234	0.0002599097985555	0.0004984916450084	6.755310338516168e-08	0.0	0.0	0.0	0.0	0.0	0.0	0.0	0.0	0.0	0.0	0.0	0.0	0.0	0.0	0.0	0.0	0.0	0.0	0.0	0.0	0.0	0.0	0.0	0.0	0.0	0.0	0.0	0.0	0.0	0.0	0.0	0.0	0.0	0.0	0.0	0.0	0.0	0.0	0.0	0.0
5644.692307516348	-12.645306710734076	31862551.24653423	159.90378180853625	3671.478053107333	18.480678232469927	341.5354679320878	13479751.094448812	3682.3845992958	-1.6612036356800672	2.759597519196673	13559956.33713089	3571.809424716019	7747.662689919238	0.683512	30.126747	0.1824451480664714	0.0891639445826999	0.0048716918	0.0231052	0.0008907428	0.0404013489	-0.0091995676	-0.0043895833	0.0130140118	-0.0080353974	-0.0153738358	-0.0813173083	0.0326576595	-0.0143814027	0.0711199511	0.0207682583	-0.0326412004	0.0534517973	0.0003323501	-0.007601209	0.0061903421	-0.0221089346	0.001064282	-0.0302488512	-0.0011996125	0.0003124457	0.0056196131	-0.0059458366	0.0135418399	-0.0045036192	-0.0161699205	-0.0132413787	-0.019992993	-0.0806444503	-0.0148155374	-0.0153905616	0.0082740288	-0.0066667036	0.0031481432	-0.0084281736	-0.0031745304	0.012013349	-0.0238339519	-0.0247237471	-0.0466660637	-0.0675401394	0.0122568688	-0.0162887642	-0.0369735848	0.0010031648	-0.0168838821	-0.0209694745	0.0070012826	0.0154815421	0.0013240148	0.0040710701	-0.0011114194	-0.0155477146	0.0127507895	0.0123036518	-0.092395551	-0.0360951694	0.0831011765	0.0574934194	-0.5693245156079456	0.0197525551351276	0.3241304040722219	0.0003901634343662	0.8969987514894342	-0.0578681512495365	0.8046067601736038	0.0033487229290392	3.968498220182596	0.065653205858922	15.748978123592432	0.004310343439554	0.0696466299685341	0.0002721467668451	0.0048506530659739	7.406386270424243e-08	0.0015479716536495	0.0002730532851328	2.3962162405023677e-06	7.455809652181421e-08	-0.0225651511213032	-0.0002382246644797	0.0005091860451272	5.675099076651316e-08	0.0	0.0	0.0	0.0	0.0	0.0	0.0	0.0	0.0	0.0	0.0	0.0	0.0	0.0	0.0	0.0	0.0	0.0	0.0	0.0	0.0	0.0	0.0	0.0	0.0	0.0	0.0	0.0	0.0	0.0	0.0	0.0	0.0	0.0	0.0	0.0	0.0	0.0	0.0	0.0
5630.102214277896	-14.590093238452027	31698050.943216864	212.8708207067236	3644.133721433093	-27.34433167424004	747.712474710847	13279710.579685804	3679.385660478784	-2.9989388170160964	8.993634028205904	13537878.838536896	3563.84102967728	7638.07371237478	0.66073	29.122604	0.082957869368935	0.0480201527451729	0.0106588264	0.0171171776	0.0031541381	0.0483203203	-0.0055113379	-0.0107358823	0.0186907073	0.0333822825	-0.0237551065	0.0212558262	-0.0252101598	0.0162352299	0.0238274438	-0.0463591476	-0.0024519361	0.0136320891	-0.0045417735	-0.0023613573	0.0011859254	-0.0140194927	0.0027417267	-0.0166832586	-0.0108967564	-0.0055118153	0.0025954176	-0.0037625916	0.0109642578	-0.00678008	0.0015676673	-0.0156546674	-0.0041591443	-0.0491969733	-0.0143936859	-0.0108832147	0.0088138433	-0.0104541498	-0.0032321921	-0.0115161849	0.0001420634	0.0115560183	-0.0261741934	-0.0216172656	-0.0479402196	-0.0686352647	0.0067506821	-0.0258221096	-0.0394002352	0.0070861568	-0.0120896427	-0.0278990745	0.0102546502	0.0127120501	-0.01479381	-0.0198981012	0.0248422438	-0.0107941223	0.0207233635	0.0109429642	-0.0930575468	-0.0322549359	0.0856705448	0.0518751419	-0.5761578919074424	-0.0068333762994967	0.331957916407228	4.669503165052407e-05	0.9311636410766512	0.0341648895872169	0.8670657264631264	0.0011672396805067	3.994973492011922	0.0264752718293261	15.959813201877932	0.0007009400184367	0.0695201408754262	-0.0001264890931079	0.0048330499873391	1.5999490675259953e-08	0.0017147034025644	0.0001667317489148	2.9402077587659306e-06	2.7799476096221248e-08	-0.0225486853302681	1.6465791035098765e-05	0.0005084432101234	2.7112227441153884e-10	0.0	0.0	0.0	0.0	0.0	0.0	0.0	0.0	0.0	0.0	0.0	0.0	0.0	0.0	0.0	0.0	0.0	0.0	0.0	0.0	0.0	0.0	0.0	0.0	0.0	0.0	0.0	0.0	0.0	0.0	0.0	0.0	0.0	0.0	0.0	0.0	0.0	0.0	0.0	0.0
5635.285139879038	5.182925601142415	31756438.60774151	26.862717786977463	3690.849492748778	46.71577131568529	2182.3632896194044	13622369.978123913	3679.5503304633744	0.1646699845905459	0.0271162038250506	13539090.634413129	3572.448150151558	7639.683031488966	0.69204	30.502602	0.0901365484259051	0.039386413194576	0.0010417128	0.0295205699	-0.001150595	0.0610838231	0.0127726592	-0.0152652013	-0.0066252201	-0.0077436565	-0.0120263061	-0.0391769598	0.0399018544	-0.0379419824	0.1079672121	-0.0130100019	-0.0442149935	0.0912504269	-0.0008810113	-0.0061470658	0.0099283694	-0.023132263	-0.0034334809	-0.0228646289	0.0001560834	0.0022263873	0.0032869788	-0.0049002909	0.0165788884	-0.0016922689	-0.0084102896	-0.005772041	-0.0120928695	-0.0771148629	0.0064679872	-0.014066034	0.0160739979	-0.0240407251	-0.0141396299	-0.0197823097	-0.006736011	0.0154304769	-0.0232835957	-0.0275837697	-0.0450762765	-0.0674774124	0.0295162715	-0.0091693194	-0.0321528524	0.0037019835	-0.0243164569	-0.007761374	0.0193315963	0.0141548599	-0.0068588363	0.0056690347	0.0100174961	-0.0145383263	0.0309356612	0.0095800247	-0.0936429488	-0.0283549738	0.0879579165	0.045990102	-0.5624470365787175	0.0137108553287248	0.3163466689561812	0.0001879875538452	0.9221820431212392	-0.0089815979554119	0.8504197206552631	8.066910183266065e-05	4.019468318399561	0.0244948263876385	16.15612556261779	0.0005999965197605	0.0694260058413388	-9.413503408739476e-05	0.0048199702870816	8.861404642634974e-09	0.0022608843330618	0.0005461809304973	5.1115979674843e-06	2.983136088390056e-07	-0.0227673547407659	-0.0002186694104978	0.0005183524418918	4.7816311087455436e-08	0.0	0.0	0.0	0.0	0.0	0.0	0.0	0.0	0.0	0.0	0.0	0.0	0.0	0.0	0.0	0.0	0.0	0.0	0.0	0.0	0.0	0.0	0.0	0.0	0.0	0.0	0.0	0.0	0.0	0.0	0.0	0.0	0.0	0.0	0.0	0.0	0.0	0.0	0.0	0.0
5616.680893852536	-18.60424602650164	31547104.26336813	346.1179702146021	3638.83060436153	-52.01888838724835	2705.9647490450016	13241088.167238096	3678.898128583716	-0.6522018796586053	0.4253672918302179	13534291.440496769	3562.129171576257	7556.458414095265	0.662191	29.186983	0.1208782119704594	0.0803373316689208	0.0044022943	0.0374894368	-0.0032771805	0.0673431797	0.0160106611	-0.0113768928	0.0023454044	0.0095959832	-0.0314531702	-0.002198085	-0.0107140868	0.0017297	0.019047359	-0.0516597438	-0.0148627488	0.0135414632	-0.0009619224	0.0079452321	0.0061755795	-0.0181449858	-0.0033556205	-0.0125860905	0.0019465665	-0.0002237655	-0.0057128137	-0.0089372228	0.0181463884	-0.0045024897	0.0093707899	-0.000805106	-0.0069108749	-0.0435091353	0.0025921588	-0.0132227181	0.0112725383	-0.0276910297	-0.0164380461	-0.0191536233	-0.0017280832	0.0150322561	-0.0235873494	-0.0193777272	-0.0402143136	-0.0659058071	0.0126228416	-0.0162686347	-0.0370760535	-0.0019822849	-0.0116695371	-0.0214873158	0.0249787989	0.0017570666	-0.0072886606	0.0099919788	0.0256749364	-0.007585126	0.0323565616	0.0082151139	-0.0941512753	-0.0244025048	0.0899557625	0.0398685628	-0.5818859290697134	-0.0194388924909958	0.3385912344493235	0.0003778705412764	0.9956314569249116	0.0734494138036724	0.991281998018422	0.0053948163881031	4.014304014589115	-0.0051643038104458	16.114636721546283	2.6670033846585613e-05	0.0692826379147227	-0.0001433679266161	0.0048000839164225	2.0554362382201912e-08	0.0021690388633293	-9.184546973249998e-05	4.704729590632861e-06	8.43559031038357e-09	-0.0225460560998076	0.0002212986409582	0.0005083246456556	4.8973088489989945e-08	0.0	0.0	0.0	0.0	0.0	0.0	0.0	0.0	0.0	0.0	0.0	0.0	0.0	0.0	0.0	0.0	0.0	0.0	0.0	0.0	0.0	0.0	0.0	0.0	0.0	0.0	0.0	0.0	0.0	0.0	0.0	0.0	0.0	0.0	0.0	0.0	0.0	0.0	0.0	0.0
5635.820730115659	19.13983626312256	31762475.3020014	366.3333321791414	3678.2335525589374	39.40294819740757	1552.5923266475843	13529402.06717034	3680.610988343965	1.7128597602491027	2.9338885582806133	13546897.247518338	3567.8568965981704	7575.549433718194	0.597282	26.326008	0.089041404582002	0.0749543747136554	-0.0017343108	0.0197599234	-0.0026271445	0.0604279905	0.0238550974	-0.0198702713	-0.0097070937	0.0182847625	-0.0435460368	0.0060765687	0.0222286432	-0.0307683654	0.0654633061	0.0237195621	-0.0524652631	0.0706878628	0.0071159043	0.0019493039	0.0113615923	-0.0142295279	0.0077462424	-0.0332132914	-0.0007453631	0.0093061932	-0.0036441361	-0.0077294499	0.0122101789	0.001780102	-0.0128266668	0.0061816436	0.0109525119	-0.0542482691	0.0153794578	-0.0131920563	0.0193862523	-0.0326933334	-0.021567899	-0.0210239586	-0.0003392262	0.0137985947	-0.0205526531	-0.0199608629	-0.0358466148	-0.0572920352	0.0238279049	-0.0103936891	-0.0285512131	0.0052626206	-0.0184596462	-0.0112384392	0.0214755283	0.0063816503	-0.0059771828	-0.0002422108	0.0119377367	-0.0095587866	0.0204407074	0.0068485126	-0.0945821078	-0.020404848	0.0916575064	0.0335420038	-0.5811806718055692	0.0007052572641441	0.3377709732803727	4.973878086281135e-07	0.9222909060785156	-0.073340550846396	0.8506205154351293	0.0053788363984527	4.015144777806597	0.0008407632174822	16.121387586747588	7.068827878711499e-07	0.0692334505002858	-4.918741443689367e-05	0.0047932706681755	2.419401738986736e-09	0.0022151740811544	4.613521782510007e-05	4.90699620981824e-06	2.1284583237694313e-09	-0.0227338301326252	-0.0001877740328175	0.000516827032499	3.525908740058419e-08	0.0	0.0	0.0	0.0	0.0	0.0	0.0	0.0	0.0	0.0	0.0	0.0	0.0	0.0	0.0	0.0	0.0	0.0	0.0	0.0	0.0	0.0	0.0	0.0	0.0	0.0	0.0	0.0	0.0	0.0	0.0	0.0	0.0	0.0	0.0	0.0	0.0	0.0	0.0	0.0
5632.369418134136	-3.451311981522849	31723585.262332667	11.911554393803176	3647.213550126732	-31.020002432205278	962.2405508940212	13302166.68022804	3678.296959351706	-2.3140289922589545	5.354730177014993	13529868.521176005	3561.291455207987	7611.791575485176	0.642124	28.302494	0.0512741197350513	0.0335038884081137	-0.005583104	0.0197816075	0.0179158671	0.0467087632	0.0233047626	-0.0172788572	-0.0152764702	0.0183385908	-0.0243711784	0.0042721165	-0.0395756892	0.0123418771	0.0083135502	-0.0727799012	-0.0077358187	-0.0171515762	0.0051423543	0.0104763605	0.0030855802	-0.0072834267	0.0060305885	-0.0231273855	0.0030162841	0.0073534559	-0.0078715234	-0.0062629899	0.012176913	0.0060656194	0.000265912	0.0148639801	-0.0019867422	-0.0208181936	0.0024227256	-0.0123830674	0.0133998453	-0.0366074229	-0.0244165299	-0.0210320107	-0.0001564897	0.0128846319	-0.0167586519	-0.0148142567	-0.0309174449	-0.0493099888	0.0138380932	-0.0156763472	-0.0329316349	-0.010258426	-0.0064254692	-0.0102064111	0.0310914246	-0.0015401494	-0.0063605957	0.0086182694	0.0164010727	-0.005600639	0.0288300795	0.005480502	-0.0949350916	-0.016369406	0.0930575468	0.0270429587	-0.5871121872796721	-0.0059315154741028	0.3447007204523207	3.5182875819521754e-05	0.9525915003619048	0.0303005942833891	0.9074305665617448	0.0009181260139265	4.007034097368518	-0.0081106804380794	16.05632225747393	6.578313716864544e-05	0.0692333037633928	-1.4673689299748993e-07	0.0047932503499942	2.153171576655681e-14	0.0023378807600598	0.0001227066789053	5.465686448257788e-06	1.5056929047992934e-08	-0.022718056957634	1.577317499119879e-05	0.0005161101119303	2.4879304930297896e-10	0.0	0.0	0.0	0.0	0.0	0.0	0.0	0.0	0.0	0.0	0.0	0.0	0.0	0.0	0.0	0.0	0.0	0.0	0.0	0.0	0.0	0.0	0.0	0.0	0.0	0.0	0.0	0.0	0.0	0.0	0.0	0.0	0.0	0.0	0.0	0.0	0.0	0.0	0.0	0.0
5640.512961997454	8.143543863317973	31815386.47446129	66.31730665378382	3653.287922461428	6.074372334695909	36.89799926051902	13346512.644402536	3681.212608138618	2.915648786912243	8.501007848622834	13551326.266318727	3567.45235843649	7601.157363638177	0.658621	29.029634	0.0677163920601151	0.0396734274319133	-0.0177415592	0.0134872154	0.0135082654	0.0503905029	0.0308418545	-0.0157735459	-0.013883904	0.0393432217	-0.0527140054	0.0059459427	0.0028841565	-0.0320469717	0.045468916	0.0220999236	-0.0441601648	0.005922693	0.0134721964	0.0055224072	0.0109803044	-0.0244033416	-0.0043314326	-0.0280818554	0.0152248749	0.0134762469	-0.0033766258	-0.0075084585	0.0171058394	-0.0061885756	-0.0071547919	0.0052580514	-0.0008540368	-0.0631540129	0.0370986118	-0.0133841578	0.0265133505	-0.0436585928	-0.03275474	-0.0255288241	0.0015293844	0.0075022834	-0.0167215351	-0.0189684528	-0.0300275002	-0.0483348613	0.0208421619	-0.0082704399	-0.0262068481	0.0091886711	-0.0053858639	-0.0069857529	0.0258159951	0.0038504552	-0.0028874091	-0.0030239511	0.0241261896	-0.0155635113	0.0094817198	0.0041113636	-0.0952099364	-0.0123036518	0.0941512753	0.020404848	-0.5924945810217537	-0.0053823937420816	0.3510498285401434	2.897016239479921e-05	0.9244795612642208	-0.0281119390976839	0.8546624591952862	0.0007902811198318	4.033041241057347	0.0260071436888296	16.26542165206939	0.0006763715228514	0.0692578289866238	2.4525223231000592e-05	0.0047966468759404	6.01486574530411e-10	0.0023616155580659	2.3734798006100084e-05	5.5772280440989125e-06	5.633406363903724e-10	-0.0228340952470273	-0.0001160382893932	0.0005213959057503	1.3464884605323205e-08	0.0	0.0	0.0	0.0	0.0	0.0	0.0	0.0	0.0	0.0	0.0	0.0	0.0	0.0	0.0	0.0	0.0	0.0	0.0	0.0	0.0	0.0	0.0	0.0	0.0	0.0	0.0	0.0	0.0	0.0	0.0	0.0	0.0	0.0	0.0	0.0	0.0	0.0	0.0	0.0
5638.7176252974405	-1.7953367000136495	31795136.457840007	3.223233866415901	3668.8125526006497	15.5246301392217	241.0141409596308	13460185.546120096	3682.362636181193	1.1500280425748317	1.3225644987084983	13559794.584343305	3567.81923508302	7604.839573123239	0.693146	30.551348	0.0525010937504688	0.0244523122109135	-0.01446868	0.0023907479	0.0190004178	0.0403336435	0.030658125	-0.0250859989	-0.0310063938	0.0123580145	0.0016516537	0.0303526581	-0.0066064788	-0.0303254891	0.031189056	-0.0566231758	-0.00319275	0.0013876241	0.0212884613	-0.0038691346	0.0203759935	-0.0198379643	0.0009033535	-0.0206006351	0.0029499492	0.0223286941	0.0026635394	-0.0173225273	0.0164309836	0.0013922807	0.0070919527	0.0093096564	0.0048545913	-0.0350975906	0.0266756251	-0.0107399979	0.0224372439	-0.0455945042	-0.0311483593	-0.0280656245	0.0016331609	0.0066838373	-0.0168697331	-0.0139329032	-0.0258966278	-0.0386645864	0.0140970778	-0.0130539044	-0.0251122372	-0.0018599614	-0.0089572332	-0.0103109124	0.0222403566	-0.0013773061	-0.0153716695	-0.0076003853	0.0242054184	0.0011615552	0.0154150745	0.0027413792	-0.0954064159	-0.0082151139	0.0949350916	0.0136618075	-0.5948828629959024	-0.0023882819741487	0.3538856206862016	5.7038907880438684e-06	0.914698908736966	-0.0097806525272547	0.8366740936445964	9.566116385889564e-05	4.017806210711882	-0.0152350303454653	16.142766746834972	0.0002321061496272	0.0693798100413881	0.0001219810547642	0.004813558041379	1.4879377721410531e-08	0.0024644736955921	0.0001028581375262	6.073630596265382e-06	1.0579796455358674e-08	-0.0225569918612458	0.0002771033857815	0.0005088178818283	7.678628641157151e-08	0.0	0.0	0.0	0.0	0.0	0.0	0.0	0.0	0.0	0.0	0.0	0.0	0.0	0.0	0.0	0.0	0.0	0.0	0.0	0.0	0.0	0.0	0.0	0.0	0.0	0.0	0.0	0.0	0.0	0.0	0.0	0.0	0.0	0.0	0.0	0.0	0.0	0.0	0.0	0.0
5655.609611443185	16.89198614574434	31985920.077048533	285.3391959480188	3653.7154907533272	-15.097061847322491	227.92127642188044	13349636.887370829	3684.118400005376	1.75576382418285	3.082706606309185	13572728.38525817	3567.677090304609	7680.909010587039	0.715592	31.540712	0.0763435636808914	0.0435444306541456	-0.0318664151	-0.0117453843	0.0252231079	0.0244611294	0.0468625739	-0.020247258	-0.0340487839	0.0115993428	-0.03965576	0.0325199409	0.0210201617	-0.0306808954	0.0234183503	0.0455368602	-0.0258963693	0.0190896745	0.0275368609	0.0009063864	0.011556566	-0.0302276748	0.0013022979	-0.024707682	0.0125503855	0.0274153699	-0.0016061138	-0.0081634665	0.0228862729	-0.0072111528	-0.0124617133	0.0056118032	0.0139935002	-0.0355873213	0.0484484436	-0.0157392812	0.0318040265	-0.0501552176	-0.0404729494	-0.0312123619	0.0101170263	0.0026442689	-0.0091127893	-0.0082470242	-0.0210883805	-0.0265825858	0.0088494709	-0.004157571	-0.0151151734	0.0111796072	-0.0148010425	-0.0156680099	0.0007627722	-0.0043650181	0.0043375874	-0.0017241662	0.0078332289	-0.0107939817	-0.0027262446	0.0013708306	-0.0955243683	-0.0041113636	0.0954064159	0.0068485126	-0.6015601147915106	-0.0066772517956081	0.3618745717079754	4.458569154195274e-05	0.9114335832343556	-0.0032653255026103	0.8307111766474171	1.0662350637997752e-05	3.999523141460614	-0.0182830692512681	15.996185359078977	0.0003342706212466	0.0697659759040714	0.0003861658626832	0.0048672913938474	1.4912407350193246e-07	0.0027369618083876	0.0002724881127954	7.490959940572321e-06	7.42497716148531e-08	-0.0228606962283951	-0.0003037043671493	0.0005226114320469	9.223634262555829e-08	0.0	0.0	0.0	0.0	0.0	0.0	0.0	0.0	0.0	0.0	0.0	0.0	0.0	0.0	0.0	0.0	0.0	0.0	0.0	0.0	0.0	0.0	0.0	0.0	0.0	0.0	0.0	0.0	0.0	0.0	0.0	0.0	0.0	0.0	0.0	0.0	0.0	0.0	0.0	0.0
5647.693135624563	-7.91647581862162	31896437.75418081	62.67058938682086	3704.2755196729495	50.560028919622255	2556.316524353039	13721657.1256483	3680.49747379408	-3.620926211295682	13.111106627648104	13546061.654604606	3568.865084610853	7697.834162894454	0.7440949999999998	32.79702	0.1279385185936831	0.0548990082766146	-0.031185347	-0.0026047096	0.0427834668	0.0359349973	0.051811578	-0.0111328716	-0.0339051566	-0.0353701592	0.0124435288	-0.078814712	-0.0345590408	-0.0715756272	0.1116950384	-0.0367932285	-0.0455794918	0.0229903038	0.0260726822	-0.0047960545	0.0295595335	-0.0397255887	0.0015817057	-0.0208707303	0.0074856068	0.0273153626	0.0075267434	-0.0284680875	0.0308156497	-0.0055431239	0.0033221451	0.0193235858	-1.1533e-06	-0.0569075868	0.0311475571	-0.0166667965	0.0221914632	-0.0594019369	-0.0480888919	-0.0366945503	0.004571856	-0.0007971429	-0.0060573479	-0.0070680532	-0.0153003832	-0.0283106024	0.0110134998	-0.0071707731	-0.0235996743	-0.0074320043	-0.007812114	0.0085431742	0.0235066163	0.0003505868	0.0021123682	0.0127735856	0.0109350726	-0.0103072874	0.0203054881	0.0	-0.0955636965	-0.0	0.0955636965	0.0	-0.6130223284866503	-0.0114622136951396	0.3757963752231945	0.000131382342793	0.956958461369382	0.0455248781350263	0.915769496786455	0.002072514529209	4.029538095553136	0.0300149540925218	16.237177263513992	0.0009008974691761	0.0699552776899518	0.0001893017858804	0.0048937408766782	3.58351661375108e-08	0.0030901711721715	0.0003532093637839	9.549157873319784e-06	1.2475685466462761e-07	-0.0231369145321507	-0.0002762183037555	0.000535316814068	7.629655132962022e-08	0.0	0.0	0.0	0.0	0.0	0.0	0.0	0.0	0.0	0.0	0.0	0.0	0.0	0.0	0.0	0.0	0.0	0.0	0.0	0.0	0.0	0.0	0.0	0.0	0.0	0.0	0.0	0.0	0.0	0.0	0.0	0.0	0.0	0.0	0.0	0.0	0.0	0.0	0.0	0.0
5639.871845309388	-7.821290315175247	31808154.43151352	61.17258219425412	3660.5577247657966	-43.71779490715289	1911.2455915438836	13399682.856342545	3675.129704164277	-5.367769629803206	28.812950798637647	13506578.342430606	3558.9214288182097	7653.99010181427	0.758016	33.41061	0.1228443817748363	0.0509294350425241	-0.0385631696	-0.0026212298	0.0362825691	0.0451229567	0.0591086831	-0.0122960903	-0.0418307799	0.0248401964	-0.0181011845	0.0230562536	-0.0154121225	-0.0088696147	0.0091565965	-0.0191274032	0.0083602414	-0.0184338425	0.0175504262	0.0075065858	-0.0025964826	-0.0303767229	0.0121516456	-0.0219871386	0.0112622553	0.0182708341	-0.007783337	-0.004756825	0.0294993948	-0.0006617402	-0.0095648753	-0.0001171932	0.0104382678	-0.0231920044	0.0392655831	-0.0184738285	0.0347828637	-0.0630559867	-0.0549663346	-0.0390841139	0.0030369474	-0.0016572951	-0.0044986294	-0.0071358107	-0.01321545	-0.0300458277	-0.001070161	-0.0023093308	-0.0183298495	0.0229920108	0.0051378194	-0.0018039128	0.0136516797	-0.0020116448	0.00023637	0.0036014927	0.0160208814	-0.0077780347	0.0175042796	-0.0013708306	-0.0955243683	0.0041113636	0.0954064159	-0.0068485126	-0.6437716602709855	-0.0307493317843352	0.4144419505680612	0.0009455214051831	0.9368329098786604	-0.0201255514907215	0.8776559010317183	0.0004050378228056	4.016742406766241	-0.0127956887868947	16.134219562314254	0.000163729651531	0.0692480165108745	-0.0007072611790772	0.0047952877906903	5.002183754298061e-07	0.003518146486183	0.0004279753140114	1.2377354698241788e-05	1.8316286940324175e-07	-0.0231851542333196	-4.823970116889925e-05	0.0005375513768228	2.3270687688647e-09	0.0	0.0	0.0	0.0	0.0	0.0	0.0	0.0	0.0	0.0	0.0	0.0	0.0	0.0	0.0	0.0	0.0	0.0	0.0	0.0	0.0	0.0	0.0	0.0	0.0	0.0	0.0	0.0	0.0	0.0	0.0	0.0	0.0	0.0	0.0	0.0	0.0	0.0	0.0	0.0
5654.827270649785	14.955425340396689	31977071.460884493	223.66474711217936	3686.0860034425054	25.52827867670885	651.6930121957078	13587230.02477474	3676.056969923666	0.9272657593892292	0.8598217885356837	13513394.846124366	3554.077517577884	7688.14878589165	0.684953	30.190235	0.1897155608093786	0.0795813437440711	-0.0422004977	-0.0181509138	0.0325578965	0.0214378058	0.0619441968	-0.0284584869	-0.0592504536	0.0208024376	-0.0312804877	0.0506380069	0.0035193622	-0.0528509646	-0.0104993406	0.0596762785	-0.0242646173	-0.0015413759	0.0212324379	0.0082392392	0.001146176	-0.0075807177	0.0169031834	-0.0407599826	-0.0013049674	0.0214428118	-0.0076686581	-0.0120791803	0.0192901999	0.0113800567	-0.0122401924	0.0214472236	0.0338284701	0.0044738541	0.0389960675	-0.0186148438	0.0297939032	-0.0654556499	-0.0564982455	-0.0453104171	-0.0056197203	-0.0031399909	-0.0114136282	-0.0088618978	-0.0153924035	-0.0377917323	0.0222949609	0.0023916668	-0.0280026642	0.0316987343	-0.0076834073	0.0191278034	0.0235693621	-0.004297941	0.0089552139	-0.0177848676	0.0030860431	0.0100075398	0.0102531548	-0.0027413792	-0.0954064159	0.0082151139	0.0949350916	-0.0136618075	-0.6791972409573077	-0.0354255806863221	0.4613088921240191	0.0012549717669631	0.9043559007558885	-0.0324770091227719	0.8178595952319944	0.0010547561215606	4.071810333405125	0.055067926638884	16.579639391224756	0.0030324765443055	0.0691104311074159	-0.0001375854034586	0.0047762516878528	1.892974324486832e-08	0.0044970723962334	0.0009789259100504	2.022366013696441e-05	9.582959373680036e-07	-0.0229667646596006	0.0002183895737189	0.0005274722789294	4.769400590916601e-08	0.0	0.0	0.0	0.0	0.0	0.0	0.0	0.0	0.0	0.0	0.0	0.0	0.0	0.0	0.0	0.0	0.0	0.0	0.0	0.0	0.0	0.0	0.0	0.0	0.0	0.0	0.0	0.0	0.0	0.0	0.0	0.0	0.0	0.0	0.0	0.0	0.0	0.0	0.0	0.0
5675.294583439267	20.467312789482094	32208968.60881508	418.91089282249726	3659.949079964029	-26.136923478476547	683.1387689197386	13395227.26792954	3681.7630849071816	5.706114983515363	32.55974820509853	13555379.413385246	3561.158943338597	7736.214435167246	0.668889	29.48221	0.1314172002049332	0.0674146690479662	-0.0639745995	-0.0375282373	0.0475509351	-0.0029457045	0.0751998016	-0.0251544598	-0.0579175252	0.0198268612	0.0078823675	0.0531789285	-0.0588843315	-0.0432589834	-0.020568572	-0.0456973022	0.0099312271	-0.0459017516	0.0371172798	0.0154861533	0.0047431257	-0.0122713993	-0.0096269066	-0.0167975732	0.0065692105	0.0368012052	-0.0124092614	-0.0118345005	0.0119013862	-0.007693542	-0.0003671564	0.0313147789	0.0266247808	0.0169817597	0.048755388	-0.0195597064	0.0429125785	-0.0709031634	-0.0649552318	-0.0487329852	0.005286208	-0.0046564553	0.0011074814	-0.0066398355	-0.0050555574	-0.0148905948	0.0148014473	0.0071742251	-0.0066632146	0.0221514976	-0.0002019493	0.0094551464	0.0130114007	-0.0081201159	0.0060058071	-0.0030934755	0.0031687238	0.0060338827	0.0048356351	-0.0041113636	-0.0952099364	0.0123036518	0.0941512753	-0.020404848	-0.6701511799757753	0.0090460609815323	0.449102604022924	8.183121928160253e-05	0.9181481509074844	0.0137922501515959	0.8429960270148327	0.0001902261642441	4.01637374144245	-0.0554365919626747	16.131258030948427	0.003073215728436	0.0693299182557007	0.0002194871482848	0.0048066375653421	4.8174608262196164e-08	0.0037371696504917	-0.0007599027457417	1.3966436996556254e-05	5.774521829857747e-07	-0.0230502207077567	-8.345604815609975e-05	0.0005313126746762	6.9649119738332406e-09	0.0	0.0	0.0	0.0	0.0	0.0	0.0	0.0	0.0	0.0	0.0	0.0	0.0	0.0	0.0	0.0	0.0	0.0	0.0	0.0	0.0	0.0	0.0	0.0	0.0	0.0	0.0	0.0	0.0	0.0	0.0	0.0	0.0	0.0	0.0	0.0	0.0	0.0	0.0	0.0
5670.428722103812	-4.8658613354546105	32153761.892459877	23.676606535872125	3662.6788082410335	2.7297282770045967	7.451416466278484	13415216.052337958	3683.316589333071	1.553504425889514	2.413376001258309	13566821.097256208	3564.200235328127	7781.594399142098	0.686967	30.279007	0.057001566701377	0.0285187550713573	-0.0610434801	-0.0367504561	0.0607426784	-0.0084852996	0.07550044	-0.0211245194	-0.0529959814	-0.0327736871	0.0096790143	0.0093182784	-0.0042990776	-0.0389712232	0.0281785593	0.0845547943	-0.0064844883	-0.0068267367	0.0459611417	0.0095749818	0.0239983879	-0.0268337165	-0.0107201435	-0.005479535	0.012414717	0.0453285077	-0.0075109854	-0.028711783	0.0212354125	-0.0182562217	0.0170226123	0.0355326631	0.0215659413	0.0071105217	0.053420422	-0.0179049362	0.0321789822	-0.077221976	-0.0678349658	-0.0514272235	0.0118570284	-0.0082923466	0.006045162	0.0003844207	0.001534315	-0.0062045641	0.0146889834	0.0056714126	-0.0046145067	0.0054172849	-0.0042643715	0.0202883695	-0.0029975082	-0.0121522629	0.0107727193	0.0076645346	-0.0187900235	0.0142974188	-0.0013006816	-0.005480502	-0.0949350916	0.016369406	0.0930575468	-0.0270429587	-0.6607045165997789	0.0094466633759964	0.4365304582553475	8.923944893939212e-05	0.944535340084613	0.0263871891771286	0.8921470086687556	0.0006962837526695	4.016434577892667	6.083645021703887e-05	16.13174671849185	3.701073675010249e-09	0.069647052309304	0.0003171340536032	0.0048507118953749	1.0057400795486017e-07	0.0036691798032444	-6.798984724729973e-05	1.3462880428536614e-05	4.622619328711151e-09	-0.0230872343608668	-3.701365311009966e-05	0.0005330203904335	1.37001051655479e-09	0.0	0.0	0.0	0.0	0.0	0.0	0.0	0.0	0.0	0.0	0.0	0.0	0.0	0.0	0.0	0.0	0.0	0.0	0.0	0.0	0.0	0.0	0.0	0.0	0.0	0.0	0.0	0.0	0.0	0.0	0.0	0.0	0.0	0.0	0.0	0.0	0.0	0.0	0.0	0.0
5679.520479032089	9.091756928276482	32256952.87174489	82.6600440428634	3659.4269463620594	-3.2518618789740685	10.57460567992476	13391405.575760746	3683.174045074183	-0.1425442588879377	0.0203188657419114	13565771.04630812	3563.8902044584115	7781.669192491295	0.752876	33.184052	0.063680428391254	0.0335461634777714	-0.0738386258	-0.0488635165	0.0689307485	-0.0093737163	0.0872468577	-0.0204896356	-0.0726743327	-0.022725964	-0.0004631501	0.0192614412	-0.0654695616	-0.0600902282	-0.040595077	0.0091061504	-0.0131867246	-0.1051408931	0.0493334774	-0.0002405694	0.0355854245	-0.0238912217	-0.0023712297	-0.0102900306	0.0138178274	0.0484864733	0.0019275733	-0.0321458715	0.015534192	-0.0086531098	0.0126899246	0.0254868404	0.0122179421	-0.0019126441	0.0596026931	-0.0215050901	0.0427596753	-0.0881918871	-0.0799274724	-0.0516245223	0.0113821487	-0.0105985455	0.0118417499	0.0003547839	0.0057549929	0.0026837432	0.0093860179	0.0079517999	0.0039773391	0.0157537116	0.004186283	0.021256688	0.0126610885	-0.0071167436	0.0046864496	-0.0021172156	-0.0219140367	-0.0070119481	-0.0064038117	-0.0068485126	-0.0945821078	0.020404848	0.0916575064	-0.0335420038	-0.6596801751244357	0.0010243414753432	0.4351779334522061	1.0492754581083838e-06	0.9476645907837308	0.0031292506991177	0.8980681766252959	9.79220993792884e-06	4.03981963435271	0.023385056460043	16.320142678101668	0.0005468608656394	0.0693600136360749	-0.0002870386732291	0.0048108114915964	8.239119992912253e-08	0.0038887707875836	0.0002195909843391	1.5122538238363572e-05	4.822020040305877e-08	-0.0233034402984335	-0.0002162059375666	0.0005430503297426	4.6745007439095115e-08	0.0	0.0	0.0	0.0	0.0	0.0	0.0	0.0	0.0	0.0	0.0	0.0	0.0	0.0	0.0	0.0	0.0	0.0	0.0	0.0	0.0	0.0	0.0	0.0	0.0	0.0	0.0	0.0	0.0	0.0	0.0	0.0	0.0	0.0	0.0	0.0	0.0	0.0	0.0	0.0
5674.535981965671	-4.984497066417134	32200358.610623103	24.845211005121016	3652.685264089	-6.7416822730592685	45.45027987088159	13342109.638492929	3681.4461260482367	-1.7279190259464483	2.985704160227724	13553045.578995569	3561.332350952209	7795.3352660424225	0.770205	33.94783	0.085911638629278	0.0453008819115806	-0.0785571767	-0.0363187532	0.0707850721	-0.0089004019	0.0915053515	-0.0185581482	-0.0554207103	0.028954057	0.0211597102	-0.0136538086	-0.0813230692	-0.053769242	0.0712030356	-0.0550488856	0.0453727534	-0.0657392518	0.0493446677	-0.0102145809	0.0247789709	-0.0230469622	-0.0201215521	-0.0408594157	-0.0083029415	0.0470139349	0.0106502105	-0.0275837199	0.0170957146	-0.0191143576	-0.0035450208	0.0164900449	0.0346085488	-0.0099635851	0.0794394193	-0.0208407235	0.0367429908	-0.0922837507	-0.0824861118	-0.0584714808	0.0075990318	-0.0142367762	0.0082130291	-0.0057339208	0.0152254086	0.0029270118	0.0259632727	0.0125005897	-0.0095386185	0.0201594301	0.0061485894	0.0338201258	0.0159474457	-0.0055504322	0.0088686641	0.0069208731	-0.0045811105	0.0220174515	-0.005026009	-0.0082151139	-0.0941512753	0.0244025048	0.0899557625	-0.0398685628	-0.6583402147352757	0.0013399603891599	0.4334118383376889	1.7954938445176992e-06	0.9349226323228096	-0.0127419584609211	0.8740803284294114	0.0001623575054198	4.079902301956167	0.0400826676034569	16.645602793507233	0.0016066202422092	0.0694474565295968	8.744289352190238e-05	0.0048229492184302	7.646259627482756e-09	0.0044219879475706	0.0005332171599869	1.9553977408459646e-05	2.843205397046016e-07	-0.0232891593084276	1.4280990005898636e-05	0.0005423849412933	2.0394667554857675e-10	0.0	0.0	0.0	0.0	0.0	0.0	0.0	0.0	0.0	0.0	0.0	0.0	0.0	0.0	0.0	0.0	0.0	0.0	0.0	0.0	0.0	0.0	0.0	0.0	0.0	0.0	0.0	0.0	0.0	0.0	0.0	0.0	0.0	0.0	0.0	0.0	0.0	0.0	0.0	0.0
5687.642426684555	13.106444718883722	32349276.37382217	171.778893169155	3672.3278022651098	19.64253817610961	385.82930599992346	13485991.48728929	3686.113133108157	4.667007059920252	21.780954897345477	13587430.030072434	3567.6418212709423	7847.708418512678	0.7992899999999998	35.22979	0.1137320558284511	0.0608664588075969	-0.0864131931	-0.0511187865	0.0743825135	-0.0114582902	0.1060429911	-0.0253283626	-0.0840703663	-0.0416406159	0.0109430926	-0.0257288398	-0.0060451107	-0.070114091	0.011736121	0.1239898967	0.0149258827	-0.0618744592	0.064447078	0.0033050065	0.0182380318	-0.0269848037	-0.0149189589	-0.0209271463	0.0229787836	0.061632534	-0.0017075379	-0.0222524176	0.0214852984	-0.0190785846	0.0027069821	0.0232443927	0.0263658496	-0.0088906556	0.0841571171	-0.0247741833	0.0520375763	-0.093710434	-0.0892227377	-0.0656024427	0.0103597159	-0.0195173862	0.0196525605	-0.0042212562	0.0196462504	0.0190315363	0.0041636612	0.0120141129	0.0071824638	0.0239832223	0.0067345053	0.0231526449	0.0081237337	-0.0121271233	0.0080886208	0.001783725	-0.0161380914	0.0123244935	-0.0083014954	-0.0095800247	-0.0936429488	0.0283549738	0.0879579165	-0.045990102	-0.674221584878012	-0.0158813701427362	0.4545747455154183	0.0002522179176105	0.9364741673588242	0.0015515350360145	0.876983866130403	2.4072609679807424e-06	4.026788901369457	-0.0531134005867102	16.21502885619224	0.0028210333218843	0.0693151353654963	-0.0001323211641005	0.004804587990737	1.7508890468911917e-08	0.0039087574165985	-0.000513230530972	1.527838454181378e-05	2.6340557792190325e-07	-0.0235073226146148	-0.0002181633061872	0.0005525942165075	4.7595228166530407e-08	0.0	0.0	0.0	0.0	0.0	0.0	0.0	0.0	0.0	0.0	0.0	0.0	0.0	0.0	0.0	0.0	0.0	0.0	0.0	0.0	0.0	0.0	0.0	0.0	0.0	0.0	0.0	0.0	0.0	0.0	0.0	0.0	0.0	0.0	0.0	0.0	0.0	0.0	0.0	0.0
5677.074416372322	-10.568010312233127	32229173.92902914	111.68284195946572	3663.1797716917104	-9.14803057339941	83.68646337185034	13418886.039731331	3688.617991999355	2.5048588911981824	6.274318064814588	13605902.690901354	3568.600181975971	7783.598691134186	0.95906	42.27187	0.2285339074077124	0.167287737356205	-0.0833546607	-0.0570953381	0.0841086632	-0.0168476396	0.1060544233	-0.0165318524	-0.0581794745	-0.015979683	0.0420369848	-0.0356895696	-0.1065576669	-0.0664553491	0.1050689646	-0.1033910826	0.0026549265	-0.043997629	0.0756027571	0.0047149631	0.043792349	-0.0297085148	-0.0204998434	-0.0221681579	0.0099553153	0.0714739108	0.0038292307	-0.0419600514	0.0209568356	-0.023102519	0.0180228324	0.0354907289	0.0318052062	-0.0198120763	0.0600199351	-0.0233647233	0.0421856757	-0.0863497417	-0.0792420433	-0.0620065143	0.0285722018	-0.0210425175	0.0276912416	0.0119520797	0.0231184152	0.025226333	-0.0307952451	0.0124988856	0.0248250043	0.0077466296	0.0020099071	-0.0072001365	-0.0521410262	-0.022566751	0.0069419831	0.0158295936	-0.0092009777	0.0165494497	-0.0044343917	-0.0109429642	-0.0930575468	0.0322549359	0.0856705448	-0.0518751419	-0.6709977952313295	0.0032237896466824	0.4502380412053052	1.0392819686057034e-05	0.9433721588669072	0.006897991508083	0.8899510301252092	4.758228684558535e-05	3.88269578346798	-0.1440931179014772	15.07532654696003	0.020762826626569	0.0701949901935859	0.0008798548280895	0.0049273366482776	7.741445185125729e-07	0.0035281381956504	-0.0003806192209481	1.244775912760726e-05	1.4487099135513865e-07	-0.0237332287326065	-0.0002259061179916	0.0005632661460742	5.1033574146078834e-08	0.0	0.0	0.0	0.0	0.0	0.0	0.0	0.0	0.0	0.0	0.0	0.0	0.0	0.0	0.0	0.0	0.0	0.0	0.0	0.0	0.0	0.0	0.0	0.0	0.0	0.0	0.0	0.0	0.0	0.0	0.0	0.0	0.0	0.0	0.0	0.0	0.0	0.0	0.0	0.0
5693.139408710874	16.064992338551747	32411836.3270168	258.0839788377263	3650.934731334897	-12.245040356813206	149.9410133399841	13329324.412467418	3691.069976213088	2.451984213732885	6.0122265843952745	13623997.569301683	3570.832864632057	7842.57951612906	0.898236	39.590981	0.1173010249258876	0.0635031560284765	-0.0993932275	-0.0553625594	0.0994558318	-0.0119172933	0.123798208	-0.0065819704	-0.0888202793	-0.0389285011	0.0344672616	0.0318893585	-0.0051466207	-0.0273804085	0.0292177626	0.0860437004	0.0016843224	0.0011527994	0.083614798	0.0033494918	0.0251569872	-0.0270584356	-0.0241433095	-0.0201193476	0.0282994631	0.0813377344	0.0021648004	-0.0248500756	0.0151849373	-0.0394260324	-0.0041225398	0.0307382449	0.0292155211	-0.0011464919	0.0868404275	-0.0286997135	0.0517174751	-0.1001430434	-0.0925594807	-0.0634045525	0.0323664307	-0.0226915194	0.0448302918	0.0220214498	0.0433161783	0.0526468777	-0.049539504	0.0117872444	0.039076252	-0.0056321217	0.0230987375	-0.0297713246	-0.0466139698	-0.0339313948	0.0106111963	0.0143141127	-0.0187722633	-0.0169043409	-0.0206714097	-0.0123036518	-0.092395551	0.0360951694	0.0831011765	-0.0574934194	-0.6416030469507774	0.0293947482805521	0.4116544698565215	0.000864051226477	1.0001132494763425	0.0567410906094353	1.0002265117781288	0.0032195513635481	3.88416842625169	0.0014726427837099	15.086764363490529	2.168676768413003e-06	0.0707414013723913	0.0005464111788053	0.0050043458681297	2.985651763235043e-07	0.00348483140939	-4.33067862604e-05	1.2144049951871094e-05	1.8754777362039702e-09	-0.0237290958326285	4.132899977998816e-06	0.000563069989034	1.7080862228142614e-11	0.0	0.0	0.0	0.0	0.0	0.0	0.0	0.0	0.0	0.0	0.0	0.0	0.0	0.0	0.0	0.0	0.0	0.0	0.0	0.0	0.0	0.0	0.0	0.0	0.0	0.0	0.0	0.0	0.0	0.0	0.0	0.0	0.0	0.0	0.0	0.0	0.0	0.0	0.0	0.0
5659.893292854536	-33.24611585633738	32034392.08649977	1105.304219533008	3678.591773718446	27.657042383548745	764.9119934054115	13532037.437669022	3681.5490046677896	-9.52097154529838	90.64889916638144	13553803.073770393	3568.2677980599456	7806.901773822057	0.916811	40.409691	0.2740712047984066	0.1888998829832782	-0.0920160161	-0.0305173376	0.0980237583	0.0112905834	0.1270297865	-0.0076237989	-0.0697263313	-0.0224538717	0.0265035894	-0.1096797353	-0.045026786	-0.0727341082	0.1058738806	0.000732383	-0.0208858288	-0.0678274028	0.0676565875	0.0015594104	0.0519716279	-0.036358337	-0.0332159466	-0.0310006506	0.0203097355	0.0645406556	0.0003536617	-0.0458417579	0.0197720464	-0.0308167631	0.0145864298	0.0272780117	0.0064455858	-0.0730955527	0.0924663216	-0.0246019351	0.0404310294	-0.1166465391	-0.1033255845	-0.0679597421	0.0151901935	-0.0280315375	0.0324844062	-0.0049084319	0.0471871224	0.0481843664	-0.0099677134	0.0094960828	0.0206506538	-0.0039487093	0.0196811759	0.035374714	0.0032835804	-0.0006769251	-0.0046147042	0.0190330052	-0.0068302515	0.015512285	-0.0094413616	-0.0136618075	-0.0916575064	0.0398685628	0.080258269	-0.0628160431	-0.6385341065695798	0.0030689403811976	0.4077258052526114	9.418395063345572e-06	0.9566439842957236	-0.0434692651806188	0.9151677126891968	0.0018895770153429	4.034432027936646	0.1502636016849559	16.276641788040994	0.022579149991335	0.0694966908524538	-0.0012447105199374	0.0048297900394415	1.5493042784430615e-06	0.0034630368580925	-2.179455129750017e-05	1.1992624280507171e-05	4.750024662593662e-10	-0.0234502129528308	0.0002788828797977	0.0005499124875331	7.7775660644259e-08	0.0	0.0	0.0	0.0	0.0	0.0	0.0	0.0	0.0	0.0	0.0	0.0	0.0	0.0	0.0	0.0	0.0	0.0	0.0	0.0	0.0	0.0	0.0	0.0	0.0	0.0	0.0	0.0	0.0	0.0	0.0	0.0	0.0	0.0	0.0	0.0	0.0	0.0	0.0	0.0
5665.032315996138	5.139023141601683	32092591.14128057	26.409558849917637	3655.259442353368	-23.332331365078065	544.3976869298054	13360921.590913454	3685.221886781465	3.672882113675314	13.490063020956043	13580860.35481314	3566.266156362225	7685.497962779932	0.894529	39.427601	0.1273576613182397	0.0573203275012742	-0.098701823	-0.0164833432	0.0953964831	0.0500129499	0.1508835132	-0.0161687797	-0.095899749	-0.0267401014	0.0033653178	0.0140225767	-0.0068668536	-0.070989808	0.0317790457	0.0149965391	0.0260677363	-0.0380334255	0.0794657824	-0.0071327644	0.0177037363	-0.0345694601	-0.0386941972	-0.0046962492	0.0293952634	0.0775625056	0.0055802156	-0.0171169026	0.0264556127	-0.0291785374	0.0330818282	0.0243933304	0.0087672397	-0.0359731939	0.1235542036	-0.0290494422	0.0629468187	-0.1248847628	-0.1194168799	-0.0784248361	0.0093741029	-0.0294306495	0.0461072759	0.0019237336	0.0586803435	0.0570346739	-0.0202081894	0.0119781562	0.0287190331	-0.0034207801	0.013347832	0.0255901074	0.017806791	-0.0131947436	-0.0110947829	0.0118559035	-0.0080053274	-0.0037788577	-0.0160353029	-0.0150171519	-0.0908440203	0.0435681289	0.0771511802	-0.067815642	-0.6395027571333856	-0.0009686505638057	0.4089637763812019	9.382839147612848e-07	0.9731347207026032	0.0164907364068795	0.9469911846369335	0.0002719443872411	4.09537283798926	0.0609408100526147	16.772078682140208	0.0037137823298688	0.0700196001708299	0.000522909318376	0.0049027444080828	2.734341552445485e-07	0.0037162481839314	0.0002532113258389	1.381050056457343e-05	6.411597553309373e-08	-0.0236532415945146	-0.0002030286416838	0.0005594758379284	4.1220629343969174e-08	0.0	0.0	0.0	0.0	0.0	0.0	0.0	0.0	0.0	0.0	0.0	0.0	0.0	0.0	0.0	0.0	0.0	0.0	0.0	0.0	0.0	0.0	0.0	0.0	0.0	0.0	0.0	0.0	0.0	0.0	0.0	0.0	0.0	0.0	0.0	0.0	0.0	0.0	0.0	0.0
5642.217439989523	-22.814876006615123	31834617.64012193	520.5185671972224	3665.765282252326	10.50583989895813	110.37267198254057	13437835.104566475	3682.665531868191	-2.5563549132739354	6.53495044261979	13562025.419610023	3567.9583713959964	7702.681678645261	0.83779	36.926731	0.0454771887012949	0.0269569174674394	-0.0875348808	-0.0097368464	0.0960012645	0.0412049399	0.1438291917	-0.0084675392	-0.0665642472	-0.0429574418	0.0002957409	-0.0857218587	0.0075677608	-0.106984974	0.1187805949	0.0380051507	-0.0429347237	0.0277867731	0.0797902882	-0.0106756458	0.0442204052	-0.0318217635	-0.03398226	-0.0334302745	0.0255583828	0.0775152933	0.0134093363	-0.0378096318	0.0193891097	-0.0271370126	0.0194071114	0.0256084641	0.0153068226	-0.1007656152	0.1146056057	-0.0250939891	0.0405794832	-0.1264215025	-0.1178530532	-0.076350392	0.013656614	-0.0311254386	0.0419892966	-0.0005279439	0.0655154105	0.0643047427	-0.0251925256	0.0128643188	0.0312884695	-0.0092274194	-0.0006656822	0.0339773913	-0.0044004421	-0.0036493103	-0.0032906978	0.0197015962	-0.0007572305	0.0139526102	-0.0150075198	-0.016369406	-0.0899557625	0.0471870168	0.0737901375	-0.0724665061	-0.6366750499851435	0.002827707148242	0.4053551192735849	7.995927716219457e-06	0.9667232914767538	-0.0064114292258493	0.9345539222836488	4.110642471807537e-05	4.101879441816749	0.0065066038274883	16.825414955198884	4.233589336788612e-05	0.0701440726310309	0.000124472460201	0.0049201909252673	1.549339334849022e-08	0.0032767389336523	-0.0004395092502791	1.0737018039312812e-05	1.9316838108089681e-07	-0.0236225943350004	3.0647259514200026e-05	0.0005580269631159	9.39254515730724e-10	0.0	0.0	0.0	0.0	0.0	0.0	0.0	0.0	0.0	0.0	0.0	0.0	0.0	0.0	0.0	0.0	0.0	0.0	0.0	0.0	0.0	0.0	0.0	0.0	0.0	0.0	0.0	0.0	0.0	0.0	0.0	0.0	0.0	0.0	0.0	0.0	0.0	0.0	0.0	0.0
5655.124102401412	12.906662411888648	31980428.613561373	166.58193461445924	3675.325219312505	9.55993706017898	91.39239659458354	13508015.467714513	3681.2127165908114	-1.4528152773796137	2.110672230187604	13551327.064789902	3566.346657278749	7696.186770749259	0.899757	39.658035	0.1512654221912039	0.0623672281786145	-0.0953596611	-0.0128680154	0.1133562445	0.0782873187	0.1740480973	0.0048383564	-0.1045924305	-0.0730312835	-0.0129255364	-0.0772293737	0.0209683723	-0.097821535	0.0381396954	0.0363198284	-0.0484884842	0.0085833806	0.0836337716	-0.0104508418	0.0215523109	-0.0485883595	-0.0308785726	-0.0145177686	0.0347499664	0.0830515223	0.0124453683	-0.0201017369	0.0448764658	-0.0224583306	0.0298856507	0.0255419823	-0.0113663265	-0.0808423207	0.1149825464	-0.0324732305	0.0674625795	-0.1330193475	-0.1341895792	-0.0819943921	0.006985366	-0.0378361731	0.0585096789	0.0063802898	0.0789890502	0.0849834509	-0.0573999639	0.0039321159	0.036844839	-0.0241936298	0.0102025525	0.0224403726	0.0064705216	-0.0015800271	-0.0208558484	0.0137609435	-0.0136050774	-0.0326649223	-0.019022518	-0.0177182917	-0.0889934638	0.0507185253	0.0701862042	-0.076744719	-0.6498466435692336	-0.0131715935840901	0.4223006601581985	0.0001734908775444	1.0121079873734544	0.0453846958967005	1.0243625781051446	0.0020597706216359	4.136102212166932	0.0342227703501833	17.10734150949219	0.0011711980104413	0.0710972797298993	0.0009532070988683	0.0050548231849915	9.086037733331064e-07	0.003432026728585	0.0001552877949327	1.1778807465721858e-05	2.411429925506029e-08	-0.0235613619815969	6.123235340349878e-05	0.0005551377784278	3.7494011033309685e-09	0.0	0.0	0.0	0.0	0.0	0.0	0.0	0.0	0.0	0.0	0.0	0.0	0.0	0.0	0.0	0.0	0.0	0.0	0.0	0.0	0.0	0.0	0.0	0.0	0.0	0.0	0.0	0.0	0.0	0.0	0.0	0.0	0.0	0.0	0.0	0.0	0.0	0.0	0.0	0.0
5605.870136721157	-49.25396568025462	31425779.989782084	2425.9531352317003	3617.175724585452	-58.14949472705303	3381.3637370115675	13083960.222530289	3677.5581542072814	-3.654562383529992	13.355826215112415	13524433.977576466	3555.785167288273	7505.912100771924	1.109394	48.898064	0.1168091967823598	0.0584707088332395	-0.0709454006	0.0185849763	0.099002809	0.0690096694	0.1466923415	-0.0100510885	-0.0546677285	-0.0006262409	-0.0268950285	0.0155570374	-0.0244990411	-0.0406253776	-0.0145824562	-0.0188094947	-0.0303608463	-0.001574526	0.0778382797	0.0059425933	0.06390603	-0.0319006043	-0.0336059904	-0.0466782774	0.0223641301	0.0734976371	0.0022151278	-0.0553893845	0.0234485833	-0.0295091726	0.0335063654	0.0387879853	0.0161330267	-0.0808124089	0.0841341905	-0.025947953	0.0278831237	-0.1361227897	-0.1241325581	-0.077327335	0.0094070298	-0.0387763588	0.0547235463	-0.0023626761	0.0854422395	0.0829054606	-0.0433440053	0.00972934	0.0412107571	-0.014855063	-0.0057429346	0.0434466363	0.0012707958	0.0107058952	-0.0069934297	0.0250069371	0.0199156016	0.0196695637	-0.0020000612	-0.0190635313	-0.0879579165	0.0541561147	0.0663512432	-0.0806282803	-0.6299535485111818	0.0198930950580518	0.3968414732818299	0.0003957352309886	0.9652770434298644	-0.04683094394359	0.9317597705727004	0.0021931373106476	4.157484149983091	0.0213819378161588	17.284674457360627	0.000457187264774	0.0707433809096382	-0.000353898820261	0.0050046259425261	1.2524437498218885e-07	0.0032911364272447	-0.0001408903013402	1.083157898273701e-05	1.985007701176048e-08	-0.0236406372592867	-7.927527768979842e-05	0.0005588797300251	6.284569652794651e-09	0.0	0.0	0.0	0.0	0.0	0.0	0.0	0.0	0.0	0.0	0.0	0.0	0.0	0.0	0.0	0.0	0.0	0.0	0.0	0.0	0.0	0.0	0.0	0.0	0.0	0.0	0.0	0.0	0.0	0.0	0.0	0.0	0.0	0.0	0.0	0.0	0.0	0.0	0.0	0.0
5688.601452566082	82.73131584492512	32360186.48613694	6844.470621432758	3675.3966447839775	58.22092019852562	3389.6755487630885	13508540.49648932	3691.31344139729	13.755287190008405	189.20792567960927	13625794.922640303	3582.3257023255933	7670.756059187275	1.485949	65.49527	0.2898182044261565	0.1297707219365709	-0.1143466912	-0.0306684707	0.1327873019	0.0702092278	0.2022033356	0.0064086421	-0.1166743773	-0.0366568462	-0.0235742791	-0.0294935922	0.0191693893	-0.1123025274	0.099390848	0.0223433372	-0.0567173846	0.0035367789	0.1117907921	-0.021445071	0.0059483425	-0.0542479511	-0.047491239	0.0009676989	0.0564568636	0.1130788566	0.0166724659	0.0021406374	0.0393403482	-0.0377658746	0.0157069719	0.0236218007	-0.0160955438	-0.0892994134	0.1827071871	-0.0349112429	0.0743114041	-0.1482434071	-0.1506521166	-0.0771878581	0.0307374271	-0.0535800689	0.0966424255	-0.0220693695	0.1052379398	0.1736498597	-0.0875872134	0.0480975002	0.1038970328	-0.0553844372	0.0755411747	0.0249267865	-0.0326301492	-0.0344076339	-0.0502646061	0.0060358549	-0.0263605489	-0.0680182539	-0.0163127922	-0.020404848	-0.0868499729	0.0574934194	0.0622978778	-0.0840972192	-0.6162146122969574	0.0137389362142243	0.3797204484082895	0.0001887583682985	1.012939211366202	0.0476621679363374	1.0260458459231832	0.0022716822523916	4.037352788955872	-0.1201313610272194	16.300217542489754	0.0144315439022521	0.0700965050578404	-0.0006468758517978	0.0049135200213238	4.1844836763913453e-07	0.0022090036235269	-0.0010821328037178	4.879697008754974e-06	1.171011404882147e-06	-0.0232039311298348	0.0004367061294518	0.0005384224198781	1.9071224350085887e-07	0.0	0.0	0.0	0.0	0.0	0.0	0.0	0.0	0.0	0.0	0.0	0.0	0.0	0.0	0.0	0.0	0.0	0.0	0.0	0.0	0.0	0.0	0.0	0.0	0.0	0.0	0.0	0.0	0.0	0.0	0.0	0.0	0.0	0.0	0.0	0.0	0.0	0.0	0.0	0.0
5113.9329662264245	-574.6684863396576	26152310.3830574	330243.8691919133	3358.638187580971	-316.7584572030064	100335.92020962884	11280450.475077191	3510.633406456064	-180.6800349412256	32645.2750263625	12324546.91452531	3386.085883124048	6641.4778190726165	6.974617	307.415863	3.950102037030205	2.157899525794107	0.3455040692	0.4353980554	0.5418707029	-0.1685261632	-0.1741869688	0.3104439724	0.2821612662	-0.2479651446	0.3596431804	-0.0647408534	-0.1251528607	-0.3379278405	-0.4657193267	-0.1866667402	-0.1774010575	0.3709485992	-0.2662675015	-0.7264593749	0.2284624195	0.5090427429	-0.0550923004	-0.0243145367	0.0312485371	-0.2852855437	0.7271665906	-0.0939244082	-0.5050670234	0.1537229341	0.0711767474	0.1375423522	0.1083734626	0.0511358175	0.0827986412	0.0605859722	-0.8340640216	-0.2866280851	-0.0807421343	0.3437019601	0.0831741543	0.1667376166	0.0981082505	0.0958629956	0.0146832912	-0.0044002153	-0.0254807568	-0.035239399	-0.0281711463	0.0238634622	-0.0349430605	0.0272762188	-0.0196938214	0.0025329971	0.0209381012	0.0099275476	0.007078596	0.014621199	-0.0073726365	-0.0217419657	-0.0856705448	0.0607242596	0.0580394502	-0.0871336971	-0.9444822052667234	-0.328267592969766	0.8920466360654931	0.1077596125941639	0.4029407995985252	-0.6099984117676767	0.1623612879810988	0.372098062359088	6.0396788111037125	2.002326022147841	36.47772014129515	4.009309498970396	0.0722782841272654	0.002181779069425	0.0052241503563817	4.760159907781029e-06	0.0098973073957979	0.007688303772271	9.795669368691582e-05	5.91100148947165e-05	-0.0128838137686324	0.0103201173612024	0.0001659926572248	0.0001065048223489	0.0	0.0	0.0	0.0	0.0	0.0	0.0	0.0	0.0	0.0	0.0	0.0	0.0	0.0	0.0	0.0	0.0	0.0	0.0	0.0	0.0	0.0	0.0	0.0	0.0	0.0	1.0	0.0	0.0	0.0	0.0	0.0	0.0	0.0	0.0	0.0	0.0	0.0	0.0	0.0
5443.451828223958	329.5188619975333	29631167.80619475	108582.68041214944	3539.66016890176	181.02198132078863	32768.95772130396	12529194.111309636	3602.7281474878155	92.09474103175124	8481.441325705327	12979650.104700986	3499.038551296591	7683.424000753389	6.150623	271.097168	2.5005387209383367	1.3876500011556336	0.1062821811	0.0630679172	-0.0621024607	0.0404501561	-0.2072261467	-0.0335053688	0.1774028375	0.1708063734	-0.2357822327	-0.3411927399	0.1335291604	0.0178041195	-0.2923317636	-0.2124494277	0.0582693196	-0.2573442553	-0.0687008905	-0.0287541152	0.0433533032	0.0774999414	-0.060208444	0.5016111767	0.30763161	-0.0695925859	0.0221143363	-0.0081853645	-0.0719357736	0.0940411351	0.1691823241	-0.3179347311	-0.6114929623	0.1084131443	0.2980255148	0.0535022286	-0.0697715756	0.104481012	0.101288547	0.0537456274	-0.2419002033	-0.0089859094	0.0812884678	-0.2416664937	0.1035462947	0.0383491692	0.2964156517	0.1052236565	0.1010903432	-0.2860788946	0.0620939212	0.2480925306	0.3785365021	0.1556866143	-0.1340694996	-0.0636379829	-0.1862319509	-0.3419860947	-0.0819079649	-0.0230746094	-0.0844206031	0.0638426524	0.0535899776	-0.0897220992	-1.2416968305674914	-0.2972146253007679	1.5418110190413534	0.0883365334926758	-0.1778643438601648	-0.58080514345869	0.0316357248168069	0.3373346146680695	7.198210195217726	1.1585313841140137	51.81423001453641	1.342194967977132	0.0669512110234955	-0.0053270731037699	0.0044824646575126	2.837770785290879e-05	0.0119523998171586	0.0020550924213606	0.0001428598613892	4.223404860334183e-06	-0.0147813996047991	-0.0018975858361667	0.0002184897742767	3.600832005620475e-06	0.0	0.0	0.0	0.0	0.0	0.0	0.0	0.0	0.0	0.0	0.0	0.0	0.0	0.0	0.0	0.0	0.0	0.0	0.0	0.0	0.0	0.0	0.0	0.0	0.0	0.0	0.0	1.0	0.0	0.0	0.0	0.0	0.0	0.0	0.0	0.0	0.0	0.0	0.0	0.0
5481.248001861475	37.79617363751731	30044079.65791041	1428.550741637359	3474.180284672646	-65.47988422911385	4287.6152386581525	12069928.650408108	3585.586839162844	-17.141308324971305	293.82445109173057	12856432.981177796	3478.9769795760844	7559.604840291963	2.947563	129.917908	1.7898645170271104	1.1093427641346385	0.0956120172	0.0086510278	-0.1084157475	-0.0178595772	-0.1366420611	-0.0288923885	0.1175787567	0.0638805924	0.0581692074	0.0256915545	0.0053810289	0.206346254	0.1255234241	-0.0340927678	0.0030789966	0.1401307666	-0.1161475187	0.0455840177	-0.1300867558	0.0233570995	0.0332472654	-0.0450746263	-0.0212769494	-0.1121201676	-0.0417997482	0.0969346978	-0.0452685459	-0.0221669976	-0.1616141662	-0.0422588531	-0.0265575484	0.0663346947	-0.2750929725	0.0436832586	-0.0680157488	0.0848799317	0.130362297	0.0469576158	-0.1540618761	0.0561468484	0.0138560942	-0.259799881	0.1137248599	0.0072368717	0.0887367341	0.2310658786	0.3827567505	0.0213153513	0.0906965516	-0.5897884248	-0.2417849298	-0.141455186	-0.0412453733	0.0927675221	0.0987593101	-0.0297507597	0.0410887919	-0.0244025048	-0.0831011765	0.0668428233	0.0489641061	-0.091849115	-1.2466504822301658	-0.0049536516626744	1.554137424844705	2.4538664795117584e-05	0.2568067573955801	0.4346711012557449	0.0659497106440323	0.188938966266882	8.230595196956912	1.0323850017391862	67.74269729617019	1.0658187918160196	0.0661675092091595	-0.0007837018143359	0.0043781392749442	6.141885337935369e-07	0.0146696592046806	0.002717259387522	0.0002151989011814	7.383498579076436e-06	-0.0176375336503312	-0.002856134045532	0.0003110825932665	8.157501686047553e-06	0.0	0.0	0.0	0.0	0.0	0.0	0.0	0.0	0.0	0.0	0.0	0.0	0.0	0.0	0.0	0.0	0.0	0.0	0.0	0.0	0.0	0.0	0.0	0.0	0.0	0.0	0.0	0.0	1.0	0.0	0.0	0.0	0.0	0.0	0.0	0.0	0.0	0.0	0.0	0.0
5433.788402224307	-47.45959963716814	29526056.400147382	2252.41359772029	3387.8051257492907	-86.37515892335523	7460.668079034873	11477223.570053168	3569.260837335149	-16.32600182769511	266.538335677904	12739622.92493441	3453.454833078361	7497.13309076345	2.228709	98.233406	1.272092571854241	0.7773818135226711	0.1001164602	0.0773893308	-0.1756960103	0.0100298101	-0.1340106986	0.0449182894	0.2149447837	-0.0704435925	-0.0343712254	-0.1750143796	-0.0312250429	0.285894016	-0.115551404	-0.0306308159	-0.1026303608	-0.1478659648	-0.1369894386	0.0406964371	-0.0766255333	0.0513114304	0.089860215	0.0831935662	-0.0690305647	-0.132885902	-0.0406065031	0.0901878343	-0.0473492682	0.0640222552	0.0379726146	-0.146650894	-0.1223199583	0.0113414382	-0.2574978093	0.0453427071	-0.0295186259	0.1488480485	0.1137584214	0.099183152	-0.2015901713	0.0008735227	0.0041707625	-0.1946612226	0.1364968214	0.0431566642	0.1434113525	0.0276747973	0.0479783952	-0.1281209748	0.048837869	-0.0521985933	0.0957465669	0.0440266816	0.1500988008	0.0793135452	-0.0549949419	0.1041078615	-0.0090178148	-0.0257253786	-0.081713351	0.0697192167	0.0441770624	-0.0935038064	-1.3549735884572698	-0.1083231062271039	1.8359534254167704	0.0117338953426884	0.3487956457013581	0.091988888305778	0.1216584024602273	0.0084619555717329	7.739194013114428	-0.4914011838424841	59.89512397262621	0.2414751234817948	0.0702610611988557	0.0040935519896962	0.0049366167207893	1.6757167892345726e-05	0.0155357179243431	0.0008660587196624	0.0002413585314247	7.500577059034473e-07	-0.02428551081055	-0.0066479771602187	0.0005897860353293	4.419560032279081e-05	0.0	0.0	0.0	0.0	0.0	0.0	0.0	0.0	0.0	0.0	0.0	0.0	0.0	0.0	0.0	0.0	0.0	0.0	0.0	0.0	0.0	0.0	0.0	0.0	0.0	0.0	0.0	0.0	0.0	1.0	0.0	0.0	0.0	0.0	0.0	0.0	0.0	0.0	0.0	0.0
5469.508378390292	35.71997616598492	29915521.9012816	1275.9166972985306	3503.021108119332	115.21598237004127	13274.72259349366	12271156.883929592	3606.013732171015	36.752894835865845	1350.7752788162145	13003335.036605932	3506.7614175682315	7552.954569313076	2.034661	89.680504	1.2626663199473305	0.7444202680007966	0.0769553346	0.0773487943	-0.115268808	0.0976080712	-0.0544034813	-0.0126382733	0.1172037433	-0.0661491158	-0.0731506548	-0.0924963217	0.0198521318	0.0832409835	-0.0421988829	-0.016395549	0.0355926294	-0.0112148671	-0.0603536407	0.0699444804	-0.0540397212	-0.0046110326	-0.0034413894	0.0323986519	-0.0838005264	-0.0553246534	-0.05974701	0.0718507535	0.003512067	-0.004404843	0.0592580309	-0.0716784007	-0.0464606031	-0.1550946185	-0.1573419761	0.0374206548	0.0016801194	0.1184851823	0.0987931558	0.0430708331	-0.2199634268	0.0006729715	-0.0432869321	-0.1326390793	0.1591737327	0.0059320452	-0.1220151524	-0.1296569086	-0.1847107686	0.1355878552	-0.0442379554	0.0931940191	-0.0323443793	-0.0318911582	0.0493213973	0.0186533846	0.0804642289	0.0707072451	0.0729687351	-0.0270429587	-0.080258269	0.0724665061	0.0392446037	-0.0946776645	-1.311790484389988	0.0431831040672818	1.7207942749361191	0.0018647804768856	0.576130326117223	0.2273346804158649	0.3319261526719377	0.0516810569197834	7.197009474046425	-0.5421845390680033	51.796945369514	0.2939640744043832	0.076383595379673	0.0061225341808173	0.0058344536431256	3.748542479527622e-05	0.0140607906136047	-0.0014749273107383	0.0001977058326796	2.175410571962007e-06	-0.0256873292469179	-0.0014018184363679	0.0006598388838395	1.965094928540952e-06	0.0	0.0	0.0	0.0	0.0	0.0	0.0	0.0	0.0	0.0	0.0	0.0	0.0	0.0	0.0	0.0	0.0	0.0	0.0	0.0	0.0	0.0	0.0	0.0	0.0	0.0	0.0	0.0	0.0	0.0	1.0	0.0	0.0	0.0	0.0	0.0	0.0	0.0	0.0	0.0
5352.194088754587	-117.31428963570488	28645981.563699543	13762.642552730054	3441.655906638908	-61.36520148042382	3765.6879527330098	11844995.379702484	3595.744097844395	-10.26963432661978	105.4653892024873	12929375.617182802	3484.179827532044	7126.613409281402	1.424844	62.801979	0.4444557745498316	0.2207866993986011	0.111104039	0.1391633576	-0.1332831498	0.1469915485	-0.0669503094	0.0014049719	0.1548479416	0.0109447552	-0.1118071723	-0.0694003693	0.1087929099	0.1658629812	-0.0064992091	-0.0361453773	0.0149528684	0.0470462746	-0.0725374351	0.0287211944	-0.030017748	0.0170630425	-0.0167974055	0.0436920954	-0.0314663583	-0.0727891132	-0.0295250234	0.054298724	-0.0047640463	0.0160674701	0.0781359824	-0.0577330612	-0.0945330217	-0.1573400834	-0.106735497	0.0320271283	-0.0047897137	0.1057776159	0.0792944038	0.0499485986	-0.214423147	-0.003439014	-0.0096418469	-0.1448391113	0.1965956331	0.0298461863	-0.0932732535	-0.1364386725	-0.1707038084	0.0584526285	-0.04473019	0.1129248941	0.0259179665	0.0223947354	0.0784245011	0.0193697077	0.0642878371	0.0915006372	0.0219076176	-0.0283549738	-0.0787371281	0.0750796043	0.0341829659	-0.0953646527	-1.2272695609621709	0.084520923427817	1.5061905752642797	0.0071437864970909	0.7005542854519433	0.1244239593347202	0.4907763068650829	0.0154813216565281	7.321691502974204	0.1246820289277792	53.607166464724656	0.0155456083375475	0.0767068369689492	0.0003232415892761	0.0058839388377809	1.0448512503780304e-07	0.0132871924385664	-0.0007735981750383	0.0001765494828994	5.984541364225885e-07	-0.0245675917540421	0.0011197374928758	0.0006035665645932	1.2538120529517862e-06	0.0	0.0	0.0	0.0	0.0	0.0	0.0	0.0	0.0	0.0	0.0	0.0	0.0	0.0	0.0	0.0	0.0	0.0	0.0	0.0	0.0	0.0	0.0	0.0	0.0	0.0	0.0	0.0	0.0	0.0	0.0	0.0	0.0	0.0	0.0	0.0	0.0	0.0	0.0	0.0
5337.527337671468	-14.66675108311938	28489198.080390267	215.11358733418348	3407.568698748871	-34.08720789003701	1161.9377417386013	11611524.436693074	3583.50319707748	-12.240900766915274	149.83965158546695	12841495.16346452	3468.312843077375	6933.859528570951	1.361241	59.998554	0.2705802668363939	0.1581040138810734	0.1240318049	0.1153586023	-0.160245248	0.1746646918	-0.0359535457	-0.0315660869	0.1156450127	0.0564115074	-0.1419980985	0.0960303965	0.102260234	0.1242973406	-0.0547081546	-0.0507094114	0.0049317628	0.08516562	-0.0921223418	0.0518367839	-0.0670388066	0.0046770146	0.0365122518	0.0068998621	-0.0373870518	-0.0889841215	-0.0513902194	0.0713414758	0.0220794173	0.033265091	0.0392555765	-0.0439499093	-0.0485640672	-0.1216471443	-0.1514131971	0.0314781875	0.0168812995	0.0974912289	0.0862969836	0.0204235218	-0.1944309094	-0.0091988044	-0.0421286963	-0.0923334754	0.1326525761	-0.0032905917	-0.2224751037	-0.1153952496	-0.1296938759	0.1669333484	-0.0486226119	0.0158403135	-0.0485753265	-0.0115762897	0.011945897	-0.0663353143	0.1597467342	0.1106894418	0.0467014061	-0.0296611541	-0.0771511802	0.0775536723	0.0290088101	-0.0955612383	-1.2406472847242895	-0.0133777237621186	1.5392056850937523	0.0001789634930555	0.7929393069734374	0.092385021521494	0.6287527445435152	0.0085349922015269	7.204214639066663	-0.1174768639075409	51.90070856574241	0.0138008135535509	0.0773719721611249	0.0006651351921757	0.0059864220761018	4.424048238706096e-07	0.0133687354911093	8.154305254290048e-05	0.0001787230886312	6.649269418014228e-09	-0.0243674568458559	0.0002001349081862	0.0005937729531346	4.005398147469909e-08	0.0	0.0	0.0	0.0	0.0	0.0	0.0	0.0	0.0	0.0	0.0	0.0	0.0	0.0	0.0	0.0	0.0	0.0	0.0	0.0	0.0	0.0	0.0	0.0	0.0	0.0	0.0	0.0	0.0	0.0	0.0	0.0	0.0	0.0	0.0	0.0	0.0	0.0	0.0	0.0
5403.3007914457285	65.77345377426082	29195659.44283804	4326.147221394825	3417.5846122856715	10.015913536800326	100.31852397666002	11679884.582131805	3581.047149512615	-2.456047564865002	6.032169640879309	12823898.687032424	3460.153798114186	7037.497530040208	1.57767	69.537964	0.3950840403809788	0.2043375204888039	0.1250554723	0.0659664252	-0.1189196491	0.1267402244	-0.0525686636	-0.0010174122	0.0618711235	0.0638548415	-0.0841351509	0.1435777819	0.0558487174	0.0306503207	-0.0923502464	-0.1219047746	0.0930211419	0.1601914667	-0.09135415	0.0486230455	-0.0705540098	0.0059854007	0.0470644632	0.0636195427	-0.0210323981	-0.0872557859	-0.0475662317	0.056563254	0.0210931534	0.0519692971	0.0137628093	-0.0478587085	-0.0319363358	0.0112130323	-0.0534599521	0.0376509223	-0.0047265955	0.0829582054	0.0758359946	0.0527394799	-0.132355412	0.0048852961	-0.0165303847	-0.0053853974	0.0760395067	-0.0196558443	-0.2594768438	-0.0646736048	-0.0999054101	0.1044517512	-0.0939982242	0.076167961	-0.0012827078	0.0158651908	0.0272239623	-0.0624013819	0.0873534184	0.0031298524	0.0218201692	-0.0309612306	-0.0755017308	0.0798841288	0.0237391677	-0.0952664105	-1.2681229992454064	-0.0274757145211168	1.608135941215165	0.0007549148884459	0.952150785921674	0.1592114789482366	0.9065911191312614	0.0253482950288847	7.150466306114993	-0.0537483329516703	51.12916839488579	0.0028888832950836	0.0791610452959543	0.0017890731348293	0.0062664710923481	3.200782681768296e-06	0.0146573697707454	0.001288634279636	0.0002148384885963	1.6605783066532489e-06	-0.0243521939811223	1.5262864733599224e-05	0.0005930293516942	2.329550398761469e-10	0.0	0.0	0.0	0.0	0.0	0.0	0.0	0.0	0.0	0.0	0.0	0.0	0.0	0.0	0.0	0.0	0.0	0.0	0.0	0.0	0.0	0.0	0.0	0.0	0.0	0.0	0.0	0.0	0.0	0.0	0.0	1.0	0.0	0.0	0.0	0.0	0.0	0.0	0.0	0.0
5500.3346476844135	97.03385623868508	30253681.236517623	9415.569256549805	3506.718928255628	89.13431596995633	7944.9262834320125	12297077.6417863	3603.11157360952	22.064424096904983	486.8388107280814	12982413.01187887	3494.144153253328	7447.457257435872	1.692069	74.580269	1.2380262525068364	0.8495134051063312	0.0738262886	-0.0015174888	-0.09087639	0.0725163979	-0.0219083153	0.0073322563	0.0268520859	0.0267621784	-0.0157563421	0.0749187243	0.0185165826	0.0052040989	0.1337513861	0.0842276119	-0.0553755695	0.0815420493	-0.0418046839	0.0422650642	-0.0102301314	-0.0040922952	0.0589740281	-0.0458840539	-0.0211053329	-0.0381639825	-0.0450509871	0.0104248091	0.0188465696	0.017569926	-0.0437714586	0.0144085276	0.0317369589	-0.056608562	-0.0776427367	0.0295907011	0.0068509544	0.0679169261	0.0708952854	0.0283604255	-0.1090782108	-0.0161495309	-0.0514377603	0.1958430862	-0.1716683161	-0.0619587375	-0.1366422473	0.1432018734	0.1182888623	-0.0198326671	-0.0201135906	0.0335097233	-0.0082633541	0.0389518982	-0.0136531431	-0.0212951329	-0.0314422324	0.0631882006	0.0205439979	-0.0322549359	-0.0737901375	0.0820666583	0.0183913846	-0.0944816852	-1.2531991065396824	0.014923892705724	1.570508000631858	0.0002227225734919	1.170587128360978	0.2184363424393038	1.3702742250844004	0.0477144356982608	6.531854348159754	-0.6186119579552383	42.66512122557349	0.3826807545252135	0.0863135785322472	0.0071525332362929	0.0074500338390424	5.115873169627465e-05	0.0143044328489634	-0.0003529369217819	0.0002046167991305	1.2456447075695328e-07	-0.0245678050111788	-0.0002156110300564	0.0006035770430673	4.6488116282024923e-08	0.0	0.0	0.0	0.0	0.0	0.0	0.0	0.0	0.0	0.0	0.0	0.0	0.0	0.0	0.0	0.0	0.0	0.0	0.0	0.0	0.0	0.0	0.0	0.0	0.0	0.0	0.0	0.0	0.0	0.0	0.0	0.0	1.0	0.0	0.0	0.0	0.0	0.0	0.0	0.0
5510.206556266279	9.871908581865682	30362376.29271989	97.4545790487133	3511.6551061659	4.936177910272363	24.365852361860835	12331721.58466104	3616.895359401878	13.78378579235823	189.9927507696166	13081932.040862842	3496.394127545176	7540.325815356278	1.132874	49.932972	0.3880245234098894	0.2149759630566418	0.0620941608	0.0064151402	-0.0691272106	0.064956887	-0.0230370371	-0.0108739124	0.0189199218	-0.0039088934	-0.0144783501	0.1265737782	0.0169425702	0.0240399854	0.0565843221	0.0027054332	-0.1056455818	0.111838326	-0.0156857048	0.0391972797	-0.0249709396	0.0081187639	0.006739378	0.0005020791	0.0109496339	-0.0140142255	-0.035862119	0.0162065816	0.0008348485	-0.0148393407	-0.0228622803	0.0184011434	-0.0046489572	0.0165642624	-0.0607965941	0.0266782121	0.0150759951	0.0671068573	0.0604064359	0.0216815026	-0.1041926545	-0.0141046849	-0.0523822439	0.2191328108	-0.1785897309	-0.0395244684	-0.0876391968	0.1281341121	0.113673262	-0.0523838922	0.0330270401	0.0038907189	0.0294267862	-0.015107857	0.0103888715	-0.0180657499	0.0381251536	0.0576074855	0.0120708902	-0.0335420038	-0.072017809	0.0840972192	0.0129830636	-0.0932110979	-1.2445377803645812	0.0086613261751011	1.5488742867547984	7.501857111149285e-05	1.392977930627211	0.2223908022662331	1.940387515214467	0.0494576689326187	6.604033957325555	0.0721796091658006	43.61326450950903	0.0052098959793277	0.0871528919131534	0.0008393133809061	0.0075956265688257	7.044469513681788e-07	0.0146047193698723	0.0003002865209088	0.0002132978278727	9.017199463957105e-08	-0.0251240608254188	-0.00055625581424	0.0006312184323593	3.094205308758058e-07	0.0	0.0	0.0	0.0	0.0	0.0	0.0	0.0	0.0	0.0	0.0	0.0	0.0	0.0	0.0	0.0	0.0	0.0	0.0	0.0	0.0	0.0	0.0	0.0	0.0	0.0	0.0	0.0	0.0	0.0	0.0	0.0	0.0	0.0	0.0	0.0	0.0	0.0	0.0	0.0
5550.509745766554	40.30318950027504	30808158.4378495	1624.3470838950802	3539.787177881404	28.132071715504026	791.4134590062616	12530093.264693595	3622.1295663704127	5.234206968534636	27.396922589456544	13119822.595574714	3506.6393646738543	7565.699491267438	1.020659	44.98695	0.2343810727468006	0.156252272201467	0.0441845328	-0.0083151047	-0.042243173	0.0681511057	0.0040607544	-0.0126079936	0.0018135253	-0.0046351205	-0.0002202801	0.0951030124	0.0123876754	0.0039196993	0.1227233316	-0.0343908833	-0.0784074856	0.0953922302	-0.002505248	0.0335488915	-0.0179070831	-0.0010081664	0.0159159207	-0.0286255228	-0.0143403252	-0.000176918	-0.0319786725	0.0091574707	0.0022091694	-0.015034881	-0.037550529	0.0162890817	0.0283954806	-0.0216666389	-0.0468856139	0.0188806589	0.0121152035	0.0348483191	0.044381481	0.0092307108	-0.139981304	-0.0057957967	-0.0576214386	0.2724809562	-0.1725970377	-0.0096185482	-0.0742720831	0.138252834	0.1420740764	-0.0320058019	0.018305805	-0.0040658893	-0.0105268282	-0.0043908218	-0.0177377338	-0.0270821783	0.025130893	0.0173143461	-0.0099902527	-0.0348221695	-0.0701862042	0.0859720514	0.007532007	-0.0914611824	-1.2441823843707311	0.00035539599385	1.5479898055784378	1.2630631244465652e-07	1.3170046962237052	-0.0759732344035057	1.734501369875294	0.00577193234573	6.510689747986476	-0.0933442093390795	42.389080994536194	0.0087131414171378	0.0880413263597479	0.0008884344465945	0.0077512751471836	7.893157658956841e-07	0.0147951585625742	0.0001904391927019	0.0002188967168917	3.626708611695146e-08	-0.0253393518463297	-0.0002152910209109	0.000642082751992	4.6350223684857964e-08	0.0	0.0	0.0	0.0	0.0	0.0	0.0	0.0	0.0	0.0	0.0	0.0	0.0	0.0	0.0	0.0	0.0	0.0	0.0	0.0	0.0	0.0	0.0	0.0	0.0	0.0	0.0	0.0	0.0	0.0	0.0	0.0	0.0	0.0	0.0	0.0	0.0	0.0	0.0	0.0
5543.573970526084	-6.935775240470321	30731212.36669433	48.104978186321134	3557.297830840451	17.510652959046638	306.6229670521688	12654367.857302178	3613.405656312715	-8.723910057697594	76.10660669479725	13056700.437072724	3493.2516092775127	7673.616443327257	1.167111	51.442039	0.1203973816254348	0.0776067307477468	0.0353898138	-0.0163443929	-0.0607308314	0.0177796564	-0.0218378205	-0.0131799048	-0.0432122083	-0.0006563834	0.0226972211	0.1470656441	0.0356191059	-0.0021715597	0.0017835281	0.0826792559	-0.0845810531	0.0615906728	-0.0146725224	0.041254724	-0.0216798369	-0.0160478344	-0.0113098315	-0.0200291493	0.0167325377	-0.0154692557	-0.0452132706	0.0029943529	0.0106463923	-0.034641	-0.0526880943	0.0204241663	0.0043496735	0.0705598029	-0.0253072965	0.0203568221	0.0164808452	0.0589904799	0.0505693071	0.012457275	-0.1098231028	-0.0211477121	-0.0497185474	0.2205308111	-0.1639799692	-0.0029054747	-0.0160904763	0.1244875	0.1214078331	-0.0501771803	0.0410313394	0.0164054624	-0.0019214683	0.0057927816	0.0199082659	0.0006287995	-0.0558225942	0.0936293773	-0.0357653175	-0.0360951694	-0.0682968306	0.0876876832	0.0020561578	-0.0892409375	-1.2454546181198791	-0.0012722337491479	1.551157205796134	1.6185787124711186e-06	1.2785577935494246	-0.0384469026742806	1.634710031445973	0.0014781643252456	6.513501573725307	0.0028118257388314	42.42570275092205	7.90636398555492e-06	0.0888326338391338	0.0007913074793858	0.0078912368347976	6.261675269320619e-07	0.0151026468191319	0.0003074882565577	0.0002280899409434	9.454902792089413e-08	-0.0257978844996496	-0.0004585326533198	0.0006655308446572	2.102521941605869e-07	0.0	0.0	0.0	0.0	0.0	0.0	0.0	0.0	0.0	0.0	0.0	0.0	0.0	0.0	0.0	0.0	0.0	0.0	0.0	0.0	0.0	0.0	0.0	0.0	0.0	0.0	0.0	0.0	0.0	0.0	0.0	0.0	0.0	0.0	0.0	0.0	0.0	0.0	0.0	0.0
5567.269296372713	23.695325846629203	30994487.418334324	561.468466977934	3507.068831017269	-50.228999823181766	2522.952423237194	12299531.785492834	3609.110430852208	-4.295225460507027	18.4489617565878	13025678.10208621	3487.907008024326	7738.023722201794	1.485526	65.476616	1.2129870673869645	0.5958841899833148	0.0367033484	-0.053465323	-0.0937693888	-0.0662162906	-0.0576033957	0.0027602847	-0.0145031994	0.0303779833	0.0120478664	0.1350839352	0.0080924172	0.0448844817	-0.0177789221	-0.0487967059	0.0699611066	0.0084549778	-0.0272659126	0.0650513081	-0.0555198022	-0.0359880667	0.0107212593	-0.0090836689	-0.0323329159	-0.0247108639	-0.0701309575	0.023425872	0.0397988537	-0.0181518713	-0.0480339046	0.0065418744	0.0791741639	0.1457580232	-0.0177776326	0.0289247983	0.0182281306	0.0962032658	0.0698789759	0.0308480263	0.0431728274	0.0036874437	-0.0446881391	0.0831084258	-0.0667408062	0.014263834	0.0086571398	0.009315429	-0.0020552044	0.0171739162	0.0405887659	-0.0476677244	-0.0256284105	-0.0813149381	0.0413008051	0.0285672887	0.0936712769	-0.0032381029	-0.0872593955	-0.0373607416	-0.0663512432	0.0892409375	-0.0034264595	-0.0865617806	-1.3512741920033875	-0.1058195738835083	1.825941941974408	0.0111977822168872	1.5892802501116703	0.3107224565622457	2.5258117133950133	0.0965484450120766	7.0886592646610325	0.5751576909357254	50.24909017046469	0.3308063694425154	0.0911339178849034	0.0023012840457695	0.0083053909890523	5.295908259313685e-06	0.016120446350889	0.001017799531757	0.0002598687905518	1.0359158868449684e-06	-0.0269045478422326	-0.001106663342583	0.0007238546945949	1.2247037538169805e-06	0.0	0.0	0.0	0.0	0.0	0.0	0.0	0.0	0.0	0.0	0.0	0.0	0.0	0.0	0.0	0.0	0.0	0.0	0.0	0.0	0.0	0.0	0.0	0.0	0.0	0.0	0.0	0.0	0.0	0.0	0.0	0.0	0.0	1.0	0.0	0.0	0.0	0.0	0.0	0.0
5595.778292127308	28.50899575459516	31312734.69464321	812.762838935525	3524.314787898232	17.24595688096315	297.4230287400402	12420794.72419816	3628.540403526376	19.429972674167857	377.5238381189096	13166305.460023357	3508.184350030249	7771.996625912773	1.236924	54.519119	0.668452003738105	0.4914598950152521	0.0254466325	-0.062614308	-0.0961014454	-0.0934282345	-0.0673973309	0.0112666113	-0.0108287993	0.0036689987	0.0226620648	0.0796648727	0.0516875728	0.0488733896	-0.0885602552	0.0980515347	0.0763725814	-0.067099351	0.0102412487	0.0528803452	-0.0435269455	0.0472602239	-0.0143978493	0.0112970364	-0.0278251976	0.0120839622	-0.0558417801	0.0327294075	-0.0213677175	0.0030077054	-0.0064275946	0.0346543439	0.0472147098	0.1236920999	-0.0160833927	0.0261263348	0.015025154	0.1069508257	0.0728837128	0.0545036131	0.0538595987	-0.0042881512	-0.0270021855	0.0566605703	-0.0244122904	-0.0038137602	-0.0084901639	0.013096662	-0.0661904362	0.0320838105	-0.0105395253	0.1102742997	-0.0650567623	-0.0417923008	0.01542839	0.0428405474	-0.1156961502	-0.028896521	-0.2395805025	-0.0386186257	-0.0643510435	0.0906289382	-0.0088977982	-0.0834374889	-1.267059508063312	0.0842146839400754	1.6054397969736425	0.0070921129911268	1.131792968008554	-0.4574872821031164	1.2809553224336114	0.2092946132860964	7.104153308749815	0.0154940440887827	50.46899423422095	0.0002400654022251	0.0914229391886136	0.0002890213037102	0.0083581538098849	8.353331399834955e-08	0.0152335197784403	-0.0008869265724486	0.0002320601248401	7.866387449155978e-07	-0.0279537198381963	-0.0010491719959636	0.0007814104527923	1.1007618771144509e-06	0.0	0.0	0.0	0.0	0.0	0.0	0.0	0.0	0.0	0.0	0.0	0.0	0.0	0.0	0.0	0.0	0.0	0.0	0.0	0.0	0.0	0.0	0.0	0.0	0.0	0.0	0.0	0.0	0.0	0.0	0.0	0.0	0.0	0.0	1.0	0.0	0.0	0.0	0.0	0.0
5591.868172148872	-3.9101199784363416	31268989.65469157	15.289038245767015	3557.8297116840304	33.514923785798146	1123.2501163678585	12658152.25734167	3614.118009783544	-14.4223937428319	208.00544127327677	13061848.988641763	3497.468436262385	7898.547239166874	0.939929	41.428669	0.1648813165025175	0.0873108884825295	0.0176759796	-0.0626911764	-0.0646514235	-0.1043618874	-0.057302571	0.0045969335	0.0040068402	0.0176187384	0.0531948077	0.0338831061	-0.067205987	-0.0031610347	0.0044989065	-0.0018350371	0.0698411517	-0.1227748025	-0.0140546345	0.0465953961	-0.045521523	-0.000139074	0.0224610768	-0.0219710749	-0.0294569795	-0.0124899415	-0.0476446707	0.0247230404	0.00765595	0.004039885	-0.040705674	0.0263241032	0.0688556774	0.107056973	-0.0527093444	0.0226423748	0.0165602745	0.0978948381	0.0683971209	0.0350818511	0.0444333254	-0.0018834951	-0.0308485654	0.055673226	-0.0299518685	0.0114000035	-0.0276916735	0.0225865771	-0.0457613471	0.050789261	0.0180981545	0.0791335429	-0.0952659838	-0.0787412839	0.005793676	0.0372483203	-0.107200518	0.0144602897	-0.2269119196	-0.0398685628	-0.0622978778	0.091849115	-0.0143398485	-0.0798841288	-1.2572896835493026	0.0097698245140094	1.5807773483595056	9.544947103453957e-05	1.1953991401399549	0.0636061721314009	1.4289791042473434	0.0040457451332094	7.058026094940743	-0.046127213809072	49.81573235686448	0.0021277198537878	0.0908953839162758	-0.0005275552723378	0.0082619708172871	2.783145653714147e-07	0.0150845524106535	-0.0001489673677867	0.0002275437214297	2.219127666532748e-08	-0.0277226803573602	0.000231039480836	0.0007685470061963	5.337924170501415e-08	0.0	0.0	0.0	0.0	0.0	0.0	0.0	0.0	0.0	0.0	0.0	0.0	0.0	0.0	0.0	0.0	0.0	0.0	0.0	0.0	0.0	0.0	0.0	0.0	0.0	0.0	0.0	0.0	0.0	0.0	0.0	0.0	0.0	0.0	0.0	0.0	0.0	0.0	0.0	0.0
5600.056932468829	8.1887603199566	31360637.646892183	67.05579557769572	3543.8428499231386	-13.98686176089177	195.63230191829643	12558822.144951353	3629.952845783759	15.834836000215091	250.74203115370787	13176557.662613612	3511.1678494732314	8005.578102782056	0.907808	40.012867	0.1871615489048383	0.090374208949296	0.0076638904	-0.0792210732	-0.0669439427	-0.127502534	-0.081169338	0.0081306419	-0.0100376261	0.0141431021	0.0602100872	-0.0119898393	-0.0158535087	0.0474026748	0.0113546281	0.0580760905	0.0985555844	-0.0500675492	0.0189968522	0.0465540315	-0.0001708061	0.0333390132	-0.0080393847	0.0131294352	-0.0272983927	0.0183929401	-0.0471404441	-0.0002386429	-0.0214227391	0.004574954	0.0088704115	0.0219616953	0.0346998225	0.0973923049	-0.0320616551	0.0205554611	0.0165656872	0.1065775889	0.0670542357	0.0445738211	0.075651332	-0.011337905	-0.0136523239	0.0212152476	-0.0025938012	0.0095986252	-0.0033368572	0.0108705671	-0.0762512561	0.0300294924	0.0084841714	0.1153963142	-0.0856651026	-0.0559561426	0.004046914	0.0439516214	-0.148896245	-0.0039161892	-0.2561288199	-0.0411102958	-0.060193436	0.0928992083	-0.0197346973	-0.0759199731	-1.2572633278571177	2.6355692184898416e-05	1.5807110755743543	6.946225105451155e-10	1.184839889233814	-0.0105592509061409	1.4038455631195963	0.0001114977796988	7.117275320002051	0.0592492250613077	50.65560798071029	0.0035104706703654	0.09139487328696	0.0004994893706841	0.0083530228631394	2.494896314264956e-07	0.0155556729061663	0.0004711204955127	0.0002419789595636	2.219545212922257e-07	-0.0290986048360673	-0.001375924478707	0.0008467288034055	1.8931681711054016e-06	0.0	0.0	0.0	0.0	0.0	0.0	0.0	0.0	0.0	0.0	0.0	0.0	0.0	0.0	0.0	0.0	0.0	0.0	0.0	0.0	0.0	0.0	0.0	0.0	0.0	0.0	0.0	0.0	0.0	0.0	0.0	0.0	0.0	0.0	0.0	0.0	0.0	0.0	0.0	0.0
5557.098016226395	-42.95891624243359	30881338.36194733	1845.4684847244243	3506.517152374114	-37.325697549024426	1393.207697521248	12295662.539893867	3602.8388916015624	-27.11395418219672	735.1665113942631	12980448.078836774	3485.0204047986863	7969.695767622727	1.184101	52.190872	0.2728923028076191	0.1744335836338637	0.0036755225	-0.0436468672	-0.0214693007	-0.0913191141	-0.0433003149	-0.0072713025	0.0077609628	-0.0849480699	0.0455211813	-0.0082844704	0.0306180057	0.0206938346	-0.0154363361	0.1320818453	-0.0029110147	0.0070700657	-0.0277897276	0.0082140591	-0.0402596532	-0.0613894478	-0.0058566221	0.0019869783	-0.0261051639	-0.0291782883	-0.0081836912	0.0174070061	0.0337635053	-0.0378939952	-0.0278623431	-0.0037060423	0.0131544087	0.0423659733	-0.047135823	0.0148392298	0.0138982399	0.0764786315	0.0477748303	0.0150839807	0.0185720923	-0.008655035	-0.0297467801	0.0894718936	-0.0541825674	0.0350543778	-0.004013798	0.0086665694	-0.0374029097	0.0375661214	0.0443771577	0.0709652726	-0.0925885097	-0.1165470617	-0.0060384683	0.0552784912	-0.0811488794	-0.0156566553	-0.2064333271	-0.0423435691	-0.0580394502	0.0937772737	-0.0250645864	-0.0715654069	-1.2515460873857478	0.0057172404713699	1.5663676088505738	3.268683860746992e-05	1.3134535064141488	0.1286136171803349	1.7251601135116226	0.0165414625242097	7.003437646764482	-0.1138376732375689	49.04813887211802	0.0129590158481435	0.0916525498322699	0.0002576765453099	0.0084001898907567	6.63972020028484e-08	0.015688747115705	0.0001330742095387	0.0002461367860605	1.7708745244350104e-08	-0.0292023295195856	-0.0001037246835183	0.0008527760493704	1.0758809970971592e-08	0.0	0.0	0.0	0.0	0.0	0.0	0.0	0.0	0.0	0.0	0.0	0.0	0.0	0.0	0.0	0.0	0.0	0.0	0.0	0.0	0.0	0.0	0.0	0.0	0.0	0.0	0.0	0.0	0.0	0.0	0.0	0.0	0.0	0.0	0.0	0.0	0.0	0.0	0.0	0.0
5549.198570717083	-7.89944550931159	30793604.77724852	62.40123935458305	3543.6043554909866	37.08720311687239	1375.460635032149	12557131.82825469	3612.921605952552	10.08271435098959	101.66112868365144	13053202.530758768	3503.201377102316	7960.925612678061	1.096008	48.308079	0.369122568030639	0.2164589401686455	0.0126181358	-0.0266522223	-0.0214941931	-0.018679131	-0.0481395664	0.0080913113	0.0241371298	0.0063438574	0.021305629	-0.0338367651	-0.0391920257	0.0123278522	0.085315591	-0.0830575498	-0.0001230319	-0.034926665	-0.0098492294	-0.0024351313	-0.0299527053	-0.0179170434	-0.0197309613	0.0382370872	-0.0243942267	-0.0111828218	0.0003450656	0.029108223	0.0119212891	-0.0232909513	0.0041072215	-0.0285488982	-0.0200916808	-0.0267906311	-0.0518831557	0.0182986471	0.0065467987	0.0503890335	0.0332966708	0.0198713834	-0.0125773032	-0.0089899456	-0.0303208873	0.1582406159	-0.1186117882	0.0464314929	0.0317522213	-6.00104e-05	0.0143629361	-0.0375894947	0.0225396051	0.0704652055	-0.001936221	-0.0459770472	-0.0214313467	0.0338228424	-0.0198771952	-0.0564947394	0.0604429493	-0.0435681289	-0.0558376933	0.0944816852	-0.030311972	-0.0668428233	-1.3201326543040324	-0.0685865669182845	1.74275022495981	0.0047041171616363	1.3785856616639336	0.0651321552497847	1.9004984265453853	0.004242197647482	6.842715865909142	-0.16072178085534	46.822760421564695	0.0258314908413119	0.0917720534561787	0.0001195036239087	0.0084221097955637	1.4281116127334161e-08	0.0158286770311413	0.0001399299154363	0.0002505470165561	1.9580381234010103e-08	-0.0304365372803851	-0.0012342077607995	0.0009263828016202	1.523268796817718e-06	0.0	0.0	0.0	0.0	0.0	0.0	0.0	0.0	0.0	0.0	0.0	0.0	0.0	0.0	0.0	0.0	0.0	0.0	0.0	0.0	0.0	0.0	0.0	0.0	0.0	0.0	0.0	0.0	0.0	0.0	0.0	0.0	0.0	0.0	0.0	0.0	0.0	0.0	0.0	0.0
5537.027291624511	-12.17127909257215	30658671.22819467	148.14003474928393	3512.663950474418	-30.940405016568548	957.3086625893002	12338808.028962543	3622.623202811425	9.701596858873016	94.1209816120948	13123398.869547706	3501.692823543105	7776.374693537092	1.135293	50.039604	0.3076424023175235	0.181427433578055	0.0262045314	-0.0305366246	-0.0647501564	-0.0383468364	-0.0475339526	0.0108328855	-0.0035670826	0.0524021527	0.0036921354	0.0848209266	0.0141608255	0.0788731635	0.0286402343	0.0242182991	0.0254789631	0.0177590034	0.0111116227	0.0217122752	-0.0063157152	0.0044834482	0.0048377623	0.0113867691	-0.0469720184	0.0091202788	-0.0253880058	0.0084054538	0.0165573413	-0.0041764318	0.0281136826	0.0083864364	0.0469053177	0.0305083249	-0.0601894461	0.0293068178	0.0209402706	0.0697686868	0.043595323	0.0215104498	0.0969292244	-0.0048997578	-0.0245199405	0.0555561697	-0.0675420583	0.0286811913	0.0576205891	-0.0720693255	-0.0096507344	-0.0280046988	-0.0028332519	-0.0382815001	0.0002972949	0.0340230483	-0.0332540913	-0.0281033999	0.0385061159	-0.0136586885	0.173839852	-0.0447837232	-0.0535899776	0.0950111383	-0.0354595815	-0.0617765075	-1.3446537902739664	-0.0245211359699339	1.808093815698144	0.0006012861092559	1.4007255526062607	0.0221398909423271	1.9620320737241144	0.0004901747709381	6.995646854450939	0.1529309885417973	48.93907491218932	0.0233878872563713	0.0916784865295628	-9.356692661589838e-05	0.0084049448923512	8.754769756344914e-09	0.016801721085075	0.0009730440539337	0.0002822978314206	9.468147308957304e-07	-0.0293421405236654	0.0010943967567197	0.0008609612105105	1.197704261118602e-06	0.0	0.0	0.0	0.0	0.0	0.0	0.0	0.0	0.0	0.0	0.0	0.0	0.0	0.0	0.0	0.0	0.0	0.0	0.0	0.0	0.0	0.0	0.0	0.0	0.0	0.0	0.0	0.0	0.0	0.0	0.0	0.0	0.0	0.0	0.0	0.0	0.0	0.0	0.0	0.0
5540.52328628176	3.495994657248957	30697398.285830434	12.221978643513252	3476.826250162556	-35.837700311862136	1284.3407636428435	12088320.77381942	3610.17117931121	-12.452023500215091	155.0528892499089	13033335.943929292	3496.7629790610454	7730.124781759336	0.882096	38.879616	0.1584919689580704	0.0788242126369291	0.0215575891	-0.018047197	-0.0440975824	-0.0105973965	-0.0359570198	0.0021464298	0.0100702407	-0.0472189325	-0.0416301431	0.0633926306	0.0817537027	0.0250390258	0.0042234322	0.0886942793	-0.0582326035	0.0481300937	-0.0100804415	-0.0033892293	-0.0253880638	-0.0232152679	0.0087420843	0.0083268991	-0.0293097297	-0.0087058237	-0.0043801911	0.0267000938	0.0294887716	-0.0049778624	4.03424e-05	0.0092749424	0.0343157175	0.0016880561	-0.020305118	0.0288608623	0.0157041841	0.0481280448	0.0269018128	0.0172176395	0.0809199255	0.0052966502	-0.0162660189	0.0863546098	-0.0874595607	0.034153801	0.0701010374	-0.0798057666	-0.0056131588	-0.0467000132	-0.0035485845	-0.0488961052	0.0516830839	0.0273984551	-0.0609591365	-0.0380539029	0.0993652206	-0.0854710629	0.2864033916	-0.045990102	-0.0512981531	0.0953646527	-0.0404904708	-0.0563925126	-1.362869698398228	-0.0182159081242616	1.857413814812077	0.0003318193087915	1.4485951631067169	0.0478696105004561	2.098427946576176	0.0022914996094653	6.982603917236276	-0.0130429372146627	48.75675746500339	0.0001701182111856	0.0912110569529424	-0.0004674295766203	0.0083194569104729	2.1849040909952234e-07	0.0171017919258351	0.00030007084076	0.0002924712870745	9.004250947447326e-08	-0.0301619103686587	-0.0008197698449933	0.000909740837087	6.720225987603432e-07	0.0	0.0	0.0	0.0	0.0	0.0	0.0	0.0	0.0	0.0	0.0	0.0	0.0	0.0	0.0	0.0	0.0	0.0	0.0	0.0	0.0	0.0	0.0	0.0	0.0	0.0	0.0	0.0	0.0	0.0	0.0	0.0	0.0	0.0	0.0	0.0	0.0	0.0	0.0	0.0
5560.918764875787	20.395478594026827	30923817.509547647	415.9755470794065	3542.125172178949	65.29892201639313	4263.949216502992	12546650.735383747	3615.2966890051607	5.125509693950789	26.27084962278352	13070370.149531676	3502.5716458810903	7802.446378898788	0.752286	33.158058	0.043238757914141	0.0213167798027879	0.0195885946	-0.029632245	-0.0548761878	-0.0195797434	-0.0360046788	0.0106121861	0.0058714062	0.0318533915	-0.0139748637	0.0350180159	-0.0038858248	0.0166307849	0.0007385834	0.0124392533	-0.0274037541	-0.0407240031	-0.003860291	0.0230762711	-0.019107138	0.0026132726	-0.0058620671	-0.0153665506	-0.0336107442	-0.0021096806	-0.0281976308	0.0164491029	0.0103174694	-0.0076049825	-0.0039185345	0.0307261712	0.0572740752	0.0280068594	-0.0297489115	0.0280950002	0.0182066481	0.0475141821	0.0271843796	0.0120350169	0.1035021647	0.0023943148	-0.00891994	0.045190387	-0.0689285683	0.0357617992	0.0686831663	-0.0768788116	-0.0009140345	-0.0491615672	-0.0099916972	-0.0573900837	0.0404076769	0.0560623756	-0.0572283622	-0.0373186133	0.0705801406	-0.0452456923	0.287175233	-0.0471870168	-0.0489641061	0.0955415737	-0.0453880801	-0.0507185253	-1.367850488708882	-0.004980790310654	1.8710149594611276	2.4808272118704923e-05	1.455202319315532	0.006607156208815	2.1176137901413035	4.365451316768292e-05	6.97481597077055	-0.0077879464657266	48.64805782611592	6.065211015302452e-05	0.0909259014491739	-0.0002851555037685	0.0082675195543448	8.131366132947175e-08	0.0172119516677473	0.0001101597419122	0.0002962512802128	1.2135168738162596e-08	-0.0302438524215569	-8.194205289819775e-05	0.0009146906092969	6.714500033171039e-09	0.0	0.0	0.0	0.0	0.0	0.0	0.0	0.0	0.0	0.0	0.0	0.0	0.0	0.0	0.0	0.0	0.0	0.0	0.0	0.0	0.0	0.0	0.0	0.0	0.0	0.0	0.0	0.0	0.0	0.0	0.0	0.0	0.0	0.0	0.0	0.0	0.0	0.0	0.0	0.0
5560.535171911456	-0.383592964331001	30919551.398064367	0.1471435622842446	3522.8690769061373	-19.256095272811763	370.79720515560354	12410606.5330215	3614.598744938002	-0.6979440671589145	0.4871259208823274	13065324.086907376	3502.710116938044	7810.91359487947	0.702855	30.979307	0.0728353363860795	0.047373649824231	0.01994844	-0.0148774198	-0.0447345043	-0.0103704769	-0.0309790199	0.0085362817	0.0148063238	0.012351949	-0.0051995348	0.0083341273	-0.0087703027	-0.0210093695	0.09947903	-0.0649335174	0.0024262266	0.0075595034	-0.0041194942	0.0112079299	-0.0268401192	-0.0021362575	0.0107349117	0.0123813172	-0.0289041841	-0.0037923469	-0.0120354186	0.0255457476	0.0240552329	0.0054278593	0.0134370624	0.0114587667	0.0401011808	0.0158542736	-0.0121556339	0.0260075593	0.0179315775	0.0460587813	0.0249047738	0.0153800606	0.0921258971	0.0068856172	-0.0106462011	0.0583133558	-0.0641402822	0.0214262402	0.0534992391	-0.0717959615	-0.0133622799	-0.0389656243	-0.0085764984	-0.0327988781	0.0487725734	0.0330810242	-0.0549227518	-0.0393733391	0.0704881576	-0.0827945422	0.2500732698	-0.0483742215	-0.0465897578	0.0955415737	-0.0501362882	-0.0447837232	-1.3681018540935383	-0.0002513653846563	1.8717026831741768	6.318455660341478e-08	1.4554309961335292	0.0002286768179973	2.1182793845062373	5.2293087089379315e-08	6.995469872973061	0.0206539022025111	48.93659874367373	0.0004265836761908	0.0903548079065925	-0.0005710935425813	0.0081639913118372	3.2614783437816334e-07	0.0169940817940255	-0.0002178698737218	0.000288798816022	4.7467281875554066e-08	-0.030488916844872	-0.0002450644233151	0.0009295740503735	6.005657157476323e-08	0.0	0.0	0.0	0.0	0.0	0.0	0.0	0.0	0.0	0.0	0.0	0.0	0.0	0.0	0.0	0.0	0.0	0.0	0.0	0.0	0.0	0.0	0.0	0.0	0.0	0.0	0.0	0.0	0.0	0.0	0.0	0.0	0.0	0.0	0.0	0.0	0.0	0.0	0.0	0.0
5566.229580143983	5.694408232527167	30982911.738869864	32.42628511867317	3553.057562823272	30.188485917134585	911.3446819690332	12624218.044735648	3616.4206923290567	1.8219473910548916	3.319492295771725	13078498.623905774	3509.729335552746	7806.923570111081	0.804953	35.47942	0.1038951958042831	0.0605971794244461	0.0140761724	-0.0313147026	-0.0537950035	-0.0289603024	-0.0215878643	0.0197580405	-0.0300565604	-0.001336401	-0.017072114	-0.0026865159	0.1064922096	0.0088689234	0.0244528898	0.0859043645	0.0320810481	0.010859545	-0.0004929552	0.0223069048	-0.023165492	-0.0061432763	0.0135323179	-0.0148440225	-0.0371787291	0.0038935211	-0.0283312577	0.0253787111	0.017405702	0.0046382749	-0.0113774459	0.0070393022	0.0616245141	0.0154398837	-0.0063918658	0.0215919187	0.0214762076	0.0456001343	0.0248754162	0.0103311834	0.1047864117	0.0023812905	-0.0120719751	0.0268159289	-0.0345821724	0.0088357074	0.0409356221	-0.0604276643	-0.0128760549	-0.014860585	-0.012238946	-0.0532460297	0.0053872486	0.0305864688	-0.033879429	-0.0255476049	0.0419666843	-0.0205384111	0.1300913265	-0.0495514717	-0.0441770624	0.0953646527	-0.0547194656	-0.0386186257	-1.3551515125366365	0.0129503415569018	1.8364356219303333	0.0001677113464404	1.4562291956419102	0.000798199508381	2.120603470239885	6.371224551796755e-07	7.016087508341187	0.0206176353681257	49.22548392470125	0.0004250868881729	0.0904785606420044	0.0001237527354118	0.0081863699358488	1.5314739521924984e-08	0.0175500609009822	0.0005559791069567	0.0003080046376281	3.091127673723719e-07	-0.0297780682998231	0.0007108485450488	0.0008867333516689	5.053056539981357e-07	0.0	0.0	0.0	0.0	0.0	0.0	0.0	0.0	0.0	0.0	0.0	0.0	0.0	0.0	0.0	0.0	0.0	0.0	0.0	0.0	0.0	0.0	0.0	0.0	0.0	0.0	0.0	0.0	0.0	0.0	0.0	0.0	0.0	0.0	0.0	0.0	0.0	0.0	0.0	0.0
5571.304986008525	5.075405864541608	31039439.24712345	25.759744689823343	3550.843663584647	-2.21389923862489	4.901349838783868	12608490.723219238	3620.122167879157	3.70147555010044	13.700921247991356	13105284.510370089	3511.920023680795	7801.753894899275	0.8162249999999999	35.976231	0.2403580419078884	0.1460846715778079	0.0092062808	-0.0252473458	-0.0398161133	-0.0169930224	-0.0186059844	0.0141846706	0.003949227	0.0181942999	-0.0283718278	0.0157605242	0.0151154391	-0.0169632167	-0.0030612652	-0.0226141246	-0.0516497342	-0.0019085441	0.0071078846	0.0141784427	-0.0175255357	0.0160751105	0.015794309	0.0003454914	-0.0119333582	0.0096420311	-0.0150538126	0.021043161	-0.0020869186	0.0097515174	0.0018299823	0.0069848577	0.0242473665	-0.0042384219	-0.0087040851	0.0181941002	0.0191348178	0.0378879623	0.0192130357	0.0092213232	0.083213203	0.0008937996	-0.0084476211	0.0614832878	-0.0481247656	-0.0045741258	0.0274434815	-0.0450299839	-0.0096670757	-0.0105687403	-0.018952583	-0.0133662426	0.0234757343	0.0319027694	-0.0306636802	-0.038648329	0.0438176275	-0.04360517	0.0943401091	-0.0507185253	-0.0417280058	0.0950111383	-0.0591225262	-0.0322549359	-1.3448985774705309	0.0102529350661055	1.808752183682257	0.0001051226774697	1.328984540201006	-0.1272446554409041	1.7661999080932795	0.0161912023382744	6.970882710214482	-0.0452047981267043	48.593205759567205	0.002043473773676	0.0902293717529275	-0.0002491888890768	0.0081413395269279	6.209510243937601e-08	0.0176796958830622	0.0001296349820799	0.0003125716465175	1.6805228578881193e-08	-0.0305523574941497	-0.0007742891943265	0.0009334465484503	5.995237564509314e-07	0.0	0.0	0.0	0.0	0.0	0.0	0.0	0.0	0.0	0.0	0.0	0.0	0.0	0.0	0.0	0.0	0.0	0.0	0.0	0.0	0.0	0.0	0.0	0.0	0.0	0.0	0.0	0.0	0.0	0.0	0.0	0.0	0.0	0.0	0.0	0.0	0.0	0.0	0.0	0.0
5593.014702339071	21.709716330546144	31281813.460581005	471.3117831527819	3555.825280117629	4.981616532982116	24.81650328168076	12643893.422723616	3627.582919070743	7.460751191586041	55.66280834275253	13159357.834733814	3515.330989892385	7862.087563481365	0.751293	33.114273	0.1746282081179261	0.0911888202003909	0.0014117324	-0.0342434266	-0.0460756477	-0.0424256315	-0.0297691935	0.0056512171	-0.0154816552	0.0533869414	0.0122787353	0.0867230459	-0.0187743232	-0.0137983099	0.0310912347	-0.0949476941	0.0710692436	-0.0158706003	0.0185301104	0.0236109913	-0.0205778119	0.0125593154	0.0100157674	0.003165774	-0.0386703363	0.0206460284	-0.0246460106	0.0207273435	0.0044270926	0.0095043243	0.0085751497	0.0029546113	0.0579397611	0.0490551819	0.0031715418	0.0166568231	0.0223957878	0.0441348593	0.0237271223	0.0125075075	0.0991220027	0.0071019213	-0.0105177385	0.0288113634	-0.0262126188	0.0108633457	0.0345599179	-0.0586573359	-0.028151735	0.0162598999	-0.0154335157	0.0029740585	-0.003337516	0.0111159878	-0.0508042921	-0.0313207949	-0.0052005696	-0.0615621327	0.07288584	-0.0518751419	-0.0392446037	0.0944816852	-0.0633309768	-0.0257253786	-1.3375232273819222	0.0073753500886086	1.7889683837861532	5.439578892954005e-05	1.2949699670191563	-0.0340145731818497	1.6769472154815948	0.0011569911887434	7.00537174205104	0.034489031836558	49.07523324432723	0.0011894933170231	0.0904374005193874	0.0002080287664598	0.008178923412704	4.327596767482534e-08	0.0168390973608032	-0.0008405985222589	0.0002835551999266	7.066058756240109e-07	-0.031478715265649	-0.0009263577714993	0.0009909095147758	8.581387208171514e-07	0.0	0.0	0.0	0.0	0.0	0.0	0.0	0.0	0.0	0.0	0.0	0.0	0.0	0.0	0.0	0.0	0.0	0.0	0.0	0.0	0.0	0.0	0.0	0.0	0.0	0.0	0.0	0.0	0.0	0.0	0.0	0.0	0.0	0.0	0.0	0.0	0.0	0.0	0.0	0.0
5598.5254292130485	5.510726873977546	31343486.98154515	30.36811067957834	3569.725641260195	13.900361142565998	193.2200398937587	12742941.15387051	3623.588814865253	-3.9941042054902023	15.952868404314524	13130395.899216568	3512.392289121572	7895.955384794649	0.706313	31.13172	0.1364250405125753	0.0721944133291449	-0.0060989833	-0.0377625199	-0.029753867	-0.0522626159	-0.0162302745	0.0072198642	-0.0393024829	-0.0056780982	-0.0023717051	0.0406336926	0.0764212445	-0.0126657499	-0.0345983292	0.0755907046	0.0410822494	-0.025597586	0.0106904044	0.0247738424	-0.0374245394	0.0149812981	0.0106701978	0.0120712841	-0.0378954959	0.0130471578	-0.0259970628	0.0322268271	0.0059366947	0.0094413728	-0.0020578812	0.0105527853	0.0532630005	0.0663211032	0.0116677902	0.0207027605	0.0198592096	0.0452637409	0.0215588275	0.0201444015	0.1177650777	0.0068910839	-0.0085205497	0.0009596752	-0.0072671694	0.0107884021	0.0340009365	-0.077836544	-0.0573788717	0.0042697746	-0.0249887167	0.0181023213	0.0030904706	-0.0039458299	-0.0865855199	-0.0329277866	-0.0251142492	-0.1141926118	0.1351719572	-0.0530210836	-0.0367289002	0.0937772737	-0.0673309646	-0.0190635313	-1.3847656421048384	-0.0472424147229162	1.9175758835540253	0.002231845748852	1.2568581001658856	-0.0381118668532707	1.5796922839525993	0.0014525143950414	7.038504997194579	0.0331332551435386	49.54055259553306	0.0010978125964068	0.0901396789236778	-0.0002977215957095	0.0081251617164637	8.863814855186667e-08	0.0167820628651877	-5.7034495615500974e-05	0.0002816376340111	3.2529336901146e-09	-0.0314747212811171	3.993984531901196e-06	0.000990658079724	1.5951912441066014e-11	0.0	0.0	0.0	0.0	0.0	0.0	0.0	0.0	0.0	0.0	0.0	0.0	0.0	0.0	0.0	0.0	0.0	0.0	0.0	0.0	0.0	0.0	0.0	0.0	0.0	0.0	0.0	0.0	0.0	0.0	0.0	0.0	0.0	0.0	0.0	0.0	0.0	0.0	0.0	0.0
5594.979106358496	-3.5463228545522725	31303791.20058812	12.57640578871978	3565.0257566059054	-4.69988465428969	22.08891576362772	12709408.645263508	3623.433602216528	-0.1552126487249552	0.0240909663242163	13129271.069671843	3510.7807460447043	7931.439329777564	0.701899	30.937145	0.2166029343515278	0.1007468600437731	-0.0096022206	-0.0438347031	-0.0336655448	-0.0725366645	-0.0159623543	0.0206968395	-0.0145690149	0.0280825558	0.0017718446	0.0058499126	-0.0250447563	0.0110637906	0.0024847836	-0.0776592222	0.0526833463	-0.0742005326	0.0115854234	0.0233524193	-0.0112054854	0.0013128887	0.0065063459	-0.0039689898	-0.0312337818	0.0123078914	-0.0253495837	0.0090446431	0.007283799	0.009757166	0.0008260126	0.0166303136	0.0532974339	0.0542461244	-0.0149944119	0.0136094111	0.0171249605	0.0490101782	0.025411157	0.0127352867	0.133692317	0.0045642709	0.0087333015	-0.0507329408	0.030326458	0.0036661251	0.0192401445	-0.0582863983	-0.0433710621	0.0202947951	-0.0244101978	-0.0003818384	-0.0445476996	0.0523354761	-0.0474115731	-0.027379255	-0.0613627528	-0.0104094026	-0.0077125752	-0.0541561147	-0.0341829659	0.0928992083	-0.0711093231	-0.0123036518	-1.3497023225524316	0.0350633195524068	1.821696359503428	0.0012294363780341	1.2201427148735178	-0.0367153852923678	1.4887482446589184	0.001348019517167	7.0758834315472825	0.0373784343527034	50.06812633684535	0.0013971473546593	0.0905364970340266	0.0003968181103487	0.0081968572951923	1.5746461270078668e-07	0.0174711100447042	0.0006890471795165	0.0003052396861941	4.747860155996445e-07	-0.0304116706679014	0.0010630506132156	0.0009248697128128	1.1300766062582754e-06	0.0	0.0	0.0	0.0	0.0	0.0	0.0	0.0	0.0	0.0	0.0	0.0	0.0	0.0	0.0	0.0	0.0	0.0	0.0	0.0	0.0	0.0	0.0	0.0	0.0	0.0	0.0	0.0	0.0	0.0	0.0	0.0	0.0	0.0	0.0	0.0	0.0	0.0	0.0	0.0
5595.392159149249	0.4130527907527721	31308413.41466889	0.1706126079486533	3542.823477625248	-22.20227898065741	492.9411919349419	12551598.193612656	3619.3373413757886	-4.096260840739433	16.779352875375324	13099602.790677162	3505.664052405492	7947.512650943303	0.648518	28.584339	0.1524769497972596	0.0759499973222078	-0.0126613544	-0.0437579834	-0.02415287	-0.0800663987	-0.0276744226	0.0117844599	-0.0203266101	0.0409647816	0.0080568838	0.0326098254	0.0241811527	-0.0250797581	-0.0424984197	0.0486244453	0.0587657386	-0.0232658877	0.0016180023	0.0157592728	-0.0235410637	0.0134493454	0.0192046388	0.0169466982	-0.0148204383	0.0031098005	-0.0211264557	0.0148876689	0.0047976291	0.0212672038	0.0006863252	0.0011245546	0.0353557462	0.0666511988	0.0026832818	0.0093123308	0.0132058495	0.0443139308	0.0195771062	0.0161738832	0.1299561973	0.012031548	0.0149058282	-0.0367111382	0.0335195169	0.0006449702	0.0244250299	-0.0484723138	-0.0476284419	0.01936064	-0.0188051127	0.0170120685	-0.0279732994	0.0352827151	-0.0301330683	-0.0131759652	-0.0470791252	-0.0271622999	-0.039352899	-0.0552800014	-0.0316088963	0.091849115	-0.0746536153	-0.005480502	-1.374943472135385	-0.0252411495829534	1.8904695515677084	0.000637115632269	1.2699594013510875	0.0498166864775697	1.6127968810800126	0.0024817022516044	7.097340938075149	0.0214575065278666	50.37224839127744	0.0004604245863934	0.0903736001876493	-0.0001628968463772	0.008167387610877	2.6535382559668796e-08	0.018260356012586	0.0007892459678817	0.0003334406017063	6.229091978176791e-07	-0.0305787599978197	-0.0001670893299182	0.0009350605630042	2.791884417254642e-08	0.0	0.0	0.0	0.0	0.0	0.0	0.0	0.0	0.0	0.0	0.0	0.0	0.0	0.0	0.0	0.0	0.0	0.0	0.0	0.0	0.0	0.0	0.0	0.0	0.0	0.0	0.0	0.0	0.0	0.0	0.0	0.0	0.0	0.0	0.0	0.0	0.0	0.0	0.0	0.0
5597.861457997135	2.469298847886421	31336052.902929816	6.097436800173205	3540.1457877231005	-2.677689902147449	7.170023212062416	12532632.198333612	3615.6602760356936	-3.677065340094941	13.520809515327526	13072999.231702508	3503.0233470722333	7989.897651782403	0.720863	31.773033	0.1369294752781691	0.0696102089815675	-0.0165402385	-0.0491225704	-0.0182319398	-0.0909945568	-0.0214564103	0.0224974282	-0.0257361446	0.025084122	0.0068814589	0.0463815548	0.0065726095	-0.0089885515	-0.091661778	0.075652461	0.0198311753	-0.1016581325	-0.0042454201	0.0157929904	-0.0092301506	-0.0096077452	0.0148031874	0.0008786093	-0.0170805454	-0.0036393333	-0.0195814559	0.0039405839	0.0137115789	0.0055452153	0.0033352461	0.0116878827	0.0421230076	0.0709177339	-0.0090083935	0.0076033325	0.01454559	0.0388113337	0.0135750423	0.0091809493	0.1466546698	0.0016768622	0.0204647814	-0.0694909825	0.042892381	0.006469964	0.0398641076	-0.0539807872	-0.0271628785	0.0063806434	-0.0175528503	-0.027191384	-0.0440100322	0.0818017043	-0.0313188324	-0.0281108691	-0.0552755338	0.0198454976	0.0033114785	-0.0563925126	-0.0290088101	0.0906289382	-0.0779521747	0.0013708306	-1.349950422870819	0.024993049264566	1.822366144209103	0.000624652511541	1.3239725039621817	0.0540131026110941	1.7529031912478892	0.0029174152536765	7.088516226102115	-0.008824711973034	50.24706228771297	7.787554140701012e-05	0.0908899903780213	0.000516390190372	0.0082609903509168	2.6665882871243186e-07	0.0183568110128342	9.645500024819952e-05	0.0003369725105609	9.303567072880172e-09	-0.0302096329598504	0.0003691270379692	0.0009126219235688	1.362547701599877e-07	0.0	0.0	0.0	0.0	0.0	0.0	0.0	0.0	0.0	0.0	0.0	0.0	0.0	0.0	0.0	0.0	0.0	0.0	0.0	0.0	0.0	0.0	0.0	0.0	0.0	0.0	0.0	0.0	0.0	0.0	0.0	0.0	0.0	0.0	0.0	0.0	0.0	0.0	0.0	0.0
5601.939008418011	4.077550420875923	31381720.65403537	16.626417434785417	3560.3210147876835	20.17522706458294	407.03978710748	12675885.7283388	3617.136716420585	1.476440384891248	2.1798762101378166	13083678.02527789	3505.183427737999	8026.685077163723	0.776989	34.246872	0.2242525269134744	0.1000859150001418	-0.0162390882	-0.0468584556	-0.0036253575	-0.0904564238	-0.0281394538	0.0063379298	-0.0154360057	0.0176423024	0.0315217954	0.0102105208	-0.0482690529	0.0127438683	-0.0108329734	-0.0841199759	0.0842618993	-0.0439872263	-0.0040963825	0.0188765979	-0.0023277138	0.0019297032	0.0012596755	0.0039309538	-0.0067031857	-0.0026249991	-0.0168030065	0.0024517075	0.0055007962	0.0117328028	0.0113625663	0.0202381149	0.0246402238	0.0601040126	-0.0012628268	0.0081387246	0.0142665502	0.0340060481	0.00790604	0.0046580605	0.1480230961	0.0025949248	0.0258050023	-0.078523174	0.0498810266	0.0061757447	0.0342215196	-0.0579698355	-0.0333562716	0.0156266385	-0.0141284595	-0.0197207574	-0.0335625185	0.0530784632	-0.0346066378	-0.051240191	-0.0405527584	0.0065176703	-0.0025421936	-0.0574934194	-0.0263848473	0.0892409375	-0.0809941435	0.0082151139	-1.3360365572099937	0.0139138656608253	1.7849936822015329	0.0001935956576274	1.3697869047923632	0.0458144008301815	1.8763161645406428	0.0020989593234285	7.132634416431813	0.0441181903296978	50.87447371846759	0.0019464147179674	0.090105217127526	-0.0007847732504952	0.0081189501535986	6.15869054692949e-07	0.0189619354835495	0.0006051244707153	0.0003595549972822	3.661756250584745e-07	-0.0312278566404952	-0.0010182236806447	0.0009751790303593	1.0367794638258428e-06	0.0	0.0	0.0	0.0	0.0	0.0	0.0	0.0	0.0	0.0	0.0	0.0	0.0	0.0	0.0	0.0	0.0	0.0	0.0	0.0	0.0	0.0	0.0	0.0	0.0	0.0	0.0	0.0	0.0	0.0	0.0	0.0	0.0	0.0	0.0	0.0	0.0	0.0	0.0	0.0
5599.544260860271	-2.3947475577406294	31354895.929333195	5.734815865304709	3551.616088713833	-8.704926073850402	75.77573795120057	12613976.841610946	3622.47090246918	5.334186048595257	28.45354080102828	13122295.439235875	3510.944830938355	7958.521707398075	0.7731	34.075439	0.1486822594462096	0.0843448314308065	-0.0172385873	-0.0465424291	-0.0035264522	-0.0790395388	-0.0156967323	-0.0016501386	-0.0287081077	-0.0262180507	0.0100285691	0.0022199529	0.0606128963	-0.0022661692	-0.0498014253	0.102696688	0.0706659924	-0.0311737708	0.0049133922	0.0121579173	-0.0164061135	0.0022572295	-0.0040284537	-0.0119864525	-0.0190532989	0.0065667277	-0.0140864116	0.0138082314	0.0056137372	0.0002158156	-0.0068371323	0.0110929074	0.0437882039	0.05101417	0.0177516135	0.0014538252	0.011523798	0.0206359827	0.0061330802	-0.0021986177	0.1268798054	0.0062745684	0.0202272907	-0.049382376	0.0286994556	0.0084111982	0.0375584017	-0.0369132524	-0.0195693358	0.016780941	-0.0060766485	-0.0376254245	-0.0314818394	0.0289259693	-0.0110273264	-0.0269473656	-0.0131478642	0.016849545	-0.021943144	-0.0585824951	-0.0237391677	0.0876876832	-0.0837695089	0.0150171519	-1.354338978362648	-0.0183024211526543	1.8342340683123808	0.0003349786200491	1.3877511641092184	0.0179642593168551	1.9258532934864907	0.0003227146128032	7.059022887118218	-0.0736115293135952	49.82980412085882	0.0054186572478862	0.090473959571451	0.0003687424439249	0.0081855373605365	1.359709899517812e-07	0.0190011109236598	3.917544011029783e-05	0.0003610422163332	1.534715107835532e-09	-0.0308596935312684	0.0003681631092267	0.0009523206848438	1.355440749955439e-07	0.0	0.0	0.0	0.0	0.0	0.0	0.0	0.0	0.0	0.0	0.0	0.0	0.0	0.0	0.0	0.0	0.0	0.0	0.0	0.0	0.0	0.0	0.0	0.0	0.0	0.0	0.0	0.0	0.0	0.0	0.0	0.0	0.0	0.0	0.0	0.0	0.0	0.0	0.0	0.0
5601.319837302323	1.7755764420526248	31374783.919756524	3.152671701572258	3541.36355370373	-10.252535010103202	105.11447413339188	12541255.81950111	3618.4812649620126	-3.989637507167572	15.91720743859828	13093406.664881086	3502.861940252728	7970.101228940737	0.718014	31.647436	0.1300867164087596	0.0589862368721979	-0.0197470727	-0.0409603512	-0.0038824321	-0.0802461742	-0.0105605506	-0.0050302797	-0.0164286148	0.0079133433	0.0121930614	0.0176672388	-0.0097147291	0.0038423206	-0.1235150332	0.0439066338	-0.0024502523	-0.0685368046	-0.0035120192	0.0064056994	-0.0058179779	0.0034152036	0.0034446705	-0.0010820479	0.0017124538	-0.0031020231	-0.0077536743	0.0044053544	0.001628705	0.0080253704	-0.0072159584	0.0280514313	0.0288273456	0.0729859182	0.0036211274	-0.0002669085	0.0096661114	0.0190359145	0.0017431744	-0.0031463184	0.1283406171	0.0070499616	0.0249655796	-0.0634337101	0.0407453075	0.0065935044	0.0446657347	-0.035936573	-0.0160979619	0.0048549208	0.0059225336	-0.0477550962	-0.0231665097	0.029076305	0.0037603033	-0.011058128	0.0039584129	0.0190653262	-0.0521130028	-0.0596595157	-0.0210739489	0.0859720514	-0.0862691351	0.0217419657	-1.3553358955292367	-0.0009969171665886	1.836935389710038	9.938438370391886e-07	1.428451973621506	0.0407008095122876	2.040475040943176	0.0016565558949555	7.090919160607001	0.0318962734887833	50.28113454226349	0.0010173722624712	0.090881860830783	0.000407901259332	0.0082595126280658	1.6638343736463356e-07	0.0197030609980914	0.0007019500744315	0.0003882106126945	4.927339069945282e-07	-0.0308796965223268	-2.0002991058400144e-05	0.000953555657311	4.0011965128243606e-10	0.0	0.0	0.0	0.0	0.0	0.0	0.0	0.0	0.0	0.0	0.0	0.0	0.0	0.0	0.0	0.0	0.0	0.0	0.0	0.0	0.0	0.0	0.0	0.0	0.0	0.0	0.0	0.0	0.0	0.0	0.0	0.0	0.0	0.0	0.0	0.0	0.0	0.0	0.0	0.0
5618.322472593612	17.002635291288243	31565547.40605039	289.08960684856044	3568.16394065972	26.800386955990238	718.2607409908115	12731793.907424305	3622.6893302483513	4.208065286338751	17.707813454089237	13123877.983495248	3508.5986785964174	8051.288944244385	0.713738	31.458975	0.1003168083200693	0.0354887247559055	-0.0239286232	-0.0434490799	0.0028154165	-0.0916996306	-0.0203410774	0.0125729218	-0.0159262963	0.0307903441	0.0338806894	-0.0034340246	-0.068789053	-0.0033679713	-0.0259073783	-0.0859764032	0.1005948012	-0.0661218622	0.0018931618	0.0160583309	-0.0094488426	0.0027363539	0.0021365371	-0.0091356081	-0.0194257814	0.0038435259	-0.0154817082	0.0038835495	0.0021770011	0.0067567372	-0.0032581361	0.0265785107	0.0469891937	0.078741537	0.0083309265	-0.0030880933	0.0075265511	0.0148514922	0.0007559559	-0.0001633239	0.1380738027	0.0059192738	0.0314717434	-0.0840423636	0.0542195243	0.0059122378	0.0510570081	-0.0372349447	-0.0204880599	0.0114914328	-0.0103267055	-0.0488265396	-0.0345627129	0.0581687361	0.0035791414	-0.0118248543	-0.0187659267	0.0203380693	-0.0558367776	-0.0607242596	-0.0183913846	0.0840972192	-0.0884847944	0.0283549738	-1.3430527104133745	0.0122831851158622	1.8037905829487115	0.0001508766365905	1.433445909269338	0.0049939356478319	2.054767174800999	2.493939325468626e-05	7.122966235575902	0.0320470749689008	50.736647993154335	0.0010270150140623	0.0911817160509975	0.0002998552202144	0.0083141053420047	8.99131530898786e-08	0.0200665572427383	0.0003634962446469	0.000402666719576	1.3212951987239992e-07	-0.0312361973092149	-0.000356500786888	0.0009757000223402	1.2709281105183377e-07	0.0	0.0	0.0	0.0	0.0	0.0	0.0	0.0	0.0	0.0	0.0	0.0	0.0	0.0	0.0	0.0	0.0	0.0	0.0	0.0	0.0	0.0	0.0	0.0	0.0	0.0	0.0	0.0	0.0	0.0	0.0	0.0	0.0	0.0	0.0	0.0	0.0	0.0	0.0	0.0
5612.000430163144	-6.322042430467263	31494548.828151315	39.96822049262842	3569.515583287532	1.351642627811998	1.8269377933185231	12741441.49933253	3625.251369382526	2.5620391341744835	6.564044525041537	13142447.491209878	3511.1974926797075	8033.447067312427	0.74617	32.888458	0.1843327495704333	0.0799947929152271	-0.0227430556	-0.0445485912	0.0038939825	-0.0922534912	-0.0178031046	0.0068107726	-0.0329277504	-0.0050436263	0.0106504366	-0.0223435148	0.0304476375	0.0109556975	-0.0705878051	0.1185888558	0.0690167379	-0.0610443216	0.0076462649	0.0084257899	-0.004703954	0.0140278739	0.0070010603	0.0045127481	0.006620322	0.0076501609	-0.0087388019	0.0003995656	-0.0025291335	0.0136780336	-0.0052715812	0.0139749028	0.0202813541	0.084696216	0.0307081009	-0.0032655331	0.0075255647	0.0179469512	0.0011382621	-0.001151478	0.1274465241	0.0019368901	0.0299421457	-0.0790135165	0.0405897508	-0.0016948237	0.0560517664	-0.0370167951	-0.011780472	-0.0024606283	-0.0087610098	-0.0336784049	-0.0335050933	0.0585988022	0.0070543655	-0.0133958512	-0.0405435531	0.048883567	-0.0484295929	-0.0617765075	-0.0156936827	0.0820666583	-0.0904091936	0.0348221695	-1.33972931997954	0.0033233904338345	1.7948746508128404	1.1044923975703072e-05	1.4104120496545676	-0.0230338596147703	1.9892621498107983	0.0005305586887529	7.041899455890288	-0.0810667796856137	49.588347946867934	0.0065718227685958	0.0909502635784428	-0.0002314524725546	0.0082719504449882	5.3570247051682687e-08	0.0194384526771218	-0.0006281045656164	0.0003778534424807	3.945153453482908e-07	-0.0305575799506618	0.000678617358553	0.000933765692441	4.605215193295865e-07	0.0	0.0	0.0	0.0	0.0	0.0	0.0	0.0	0.0	0.0	0.0	0.0	0.0	0.0	0.0	0.0	0.0	0.0	0.0	0.0	0.0	0.0	0.0	0.0	0.0	0.0	0.0	0.0	0.0	0.0	0.0	0.0	0.0	0.0	0.0	0.0	0.0	0.0	0.0	0.0
5614.062906314587	2.062476151442752	31517702.316057388	4.253807875270105	3576.8625254415388	7.346942154006683	53.97755901432036	12793945.525908023	3627.344475478426	2.0931060959001115	4.381093128694207	13157627.943783857	3515.7384529547903	8044.089844536948	0.7361649999999998	32.447472	0.115094360246913	0.0555567817816676	-0.023831224	-0.0417707968	0.0119538441	-0.0793017403	-0.0092851339	0.0051097973	-0.0125418848	-0.0047133757	0.003472981	-0.0592393362	-0.0394271416	-0.0201241676	-0.0469137836	-0.0198098244	0.0219217175	-0.0815479253	0.0105423804	0.0090449246	0.0051201581	-0.0048860621	0.0152452756	-0.0181361525	-0.0132141179	0.0092511949	-0.0087841214	-0.0068012316	0.0072975829	0.0140567297	-0.0076227546	0.0225310884	0.0378288576	0.0271681214	0.0047999076	-0.0055439877	0.0078733887	0.0086305937	-0.0039158729	-0.0087681538	0.1194892709	0.0046459181	0.0243868347	-0.0741251194	0.0425534319	0.0009546984	0.0374327001	-0.0360338202	-0.0138730605	0.0094765344	0.0044250417	-0.0538206014	-0.016953125	0.0204298449	0.0191259231	-0.0136348582	0.0041182119	0.0454041237	-0.0454399022	-0.0628160431	-0.0129830636	0.0798841288	-0.0920359983	0.0411102958	-1.3368148875561443	0.0029144324233956	1.7870740435917467	8.49391635053966e-06	1.4388595212315636	0.028447471576996	2.0703167218387244	0.0008092586391239	7.055589681942735	0.0136902260524465	49.78134575993678	0.000187422289367	0.0908902032667934	-6.00603116494014e-05	0.008261029049879	3.6072410354232206e-09	0.0199523280387312	0.0005138753616093	0.0003980953941651	2.640678872691907e-07	-0.0313844888812845	-0.0008269089306226	0.0009849861423394	6.837783795435742e-07	0.0	0.0	0.0	0.0	0.0	0.0	0.0	0.0	0.0	0.0	0.0	0.0	0.0	0.0	0.0	0.0	0.0	0.0	0.0	0.0	0.0	0.0	0.0	0.0	0.0	0.0	0.0	0.0	0.0	0.0	0.0	0.0	0.0	0.0	0.0	0.0	0.0	0.0	0.0	0.0
5614.699589806943	0.6366834923555871	31524851.48377825	0.4053658694381069	3536.9681068305395	-39.89441861099931	1591.564636309648	12510143.38873641	3630.083413713088	2.738938234661873	7.501782653292698	13177505.590514865	3515.009795478168	8022.487378335408	0.8257719999999998	36.397041	0.3797672949297117	0.1780152674475974	-0.0236601173	-0.025651238	0.0115156847	-0.0573198871	-0.0056320272	-0.0089155116	-0.0093518245	0.0068675959	0.0428442397	0.0074847493	-0.0348926137	0.0299966616	-0.0308395643	0.0259941816	0.0563369923	-0.0222424399	0.0154835272	-0.0058001855	0.0139992438	-0.0025798774	0.0108811142	-0.0001402149	0.012130192	0.0133025727	0.0032681607	-0.0141161044	0.0016366793	0.0084166414	-0.0032065651	0.0025641992	0.0085731328	0.0417249674	0.0173736766	-0.0070256636	0.0021361584	-0.0090182926	-0.0121541715	-0.0093373148	0.0738573676	0.010155705	0.0231160936	-0.037179337	0.0164397877	-0.0144254691	0.0367119886	0.0002286373	0.0118097284	-0.0064972331	-0.0042903792	-0.0355339654	0.0082879695	0.0431129903	0.0336555804	-0.0026982415	0.0097839062	0.0417658201	-0.0511987027	-0.0638426524	-0.0102617584	0.0775536723	-0.0933598536	0.0471870168	-1.3497494322770365	-0.0129345447208921	1.8218235299321823	0.0001673024471367	1.3468252679070645	-0.0920342533244991	1.813938302272936	0.008470303784998	6.903136754393884	-0.1524529275488504	47.65329704986373	0.023241895118215	0.0901420856379539	-0.0007481176288395	0.0081255956031602	5.596799865804371e-07	0.0213224190182956	0.0013700909795643	0.0004546455527917	1.8771492922837351e-06	-0.031055786102979	0.0003287027783055	0.0009644618504739	1.0804551646575473e-07	0.0	0.0	0.0	0.0	0.0	0.0	0.0	0.0	0.0	0.0	0.0	0.0	0.0	0.0	0.0	0.0	0.0	0.0	0.0	0.0	0.0	0.0	0.0	0.0	0.0	0.0	0.0	0.0	0.0	0.0	0.0	0.0	0.0	0.0	0.0	0.0	0.0	0.0	0.0	0.0
5625.619431847974	10.919842041031188	31647593.99198552	119.2429502010722	3596.6192393087263	59.65113247818681	3558.257605930193	12935669.95256568	3636.424774987457	6.341361274369319	40.21286281207088	13223585.144142576	3525.006617572979	7989.474675461545	0.8256639999999998	36.392269	0.2657365008612952	0.1366068665911619	-0.0316471598	-0.0233141907	0.0247960568	-0.0431430502	0.0284849917	-0.0094197691	-0.0495905507	-0.0475054223	0.0121167095	-0.0269337036	0.0277840271	-0.0265888658	-0.0251061252	0.1131582463	-0.0118612734	-0.021465427	0.027135696	-0.0118703447	0.0159845263	-0.018562733	0.0056509989	-0.0131057938	0.0060085271	0.0265735729	0.0115232423	-0.0160537561	0.0039111182	-0.0078001047	-0.0273939852	-0.009449422	0.0042835896	0.0080190916	0.0314876438	-0.0139593836	0.0023400895	-0.0284515834	-0.026571691	-0.0249504784	0.0247114774	-0.002472872	0.0242605824	-0.0242966884	0.0147115176	-0.0191562784	0.0243300338	0.0356151175	0.0509830967	-0.0134007429	-0.0027198701	-0.0401114048	0.0054268245	0.0760270972	0.0458072085	-0.0208773405	0.0088400722	0.1172068429	-0.0552780007	-0.0648561241	-0.007532007	0.0750796043	-0.0943764019	0.0530210836	-1.337124559051091	0.0126248732259455	1.7879020864175743	0.0001593874239711	1.3186633260858542	-0.0281619418212102	1.738872967563808	0.0007930949671412	6.76762175384188	-0.1355150005520045	45.80070420307384	0.0183643153746097	0.0895913521416641	-0.0005507334962897	0.0080266103785716	3.0330738393558565e-07	0.0219788385402497	0.000656419521954	0.0004830693435783	4.3088658880244897e-07	-0.0304742454159802	0.0005815406869988	0.0009286796336733	3.381895706350364e-07	0.0	0.0	0.0	0.0	0.0	0.0	0.0	0.0	0.0	0.0	0.0	0.0	0.0	0.0	0.0	0.0	0.0	0.0	0.0	0.0	0.0	0.0	0.0	0.0	0.0	0.0	0.0	0.0	0.0	0.0	0.0	0.0	0.0	0.0	0.0	0.0	0.0	0.0	0.0	0.0
5624.457981815736	-1.1614500322375534	31634527.589210745	1.3489661773846138	3554.639389268118	-41.9798500406082	1762.307809431952	12635461.18773642	3639.126922618621	2.7021476311638253	7.301601820604272	13243244.758927677	3522.033958574736	8048.390676898556	0.737399	32.501881	0.1342700994628691	0.0522537012293006	-0.0349374975	-0.018658938	0.0396648626	-0.0242018512	0.0283028857	0.0011772681	-0.0114497076	-0.0275577539	0.0227347519	-0.0462291273	-0.0417308089	-0.035293784	-0.0207229256	0.0184791872	-0.0401764067	-0.0397743229	0.0297762568	-0.0033949633	0.0319214936	-0.0033100948	-0.0064891984	-0.0090918736	0.016529866	0.0268029989	0.0121753114	-0.0349469183	-0.0111543396	-0.0109530864	-0.0024380872	0.0019980532	-0.0067700903	-0.0119066489	0.0117130447	-0.0157166719	-0.0015358658	-0.0365929092	-0.0297510351	-0.0223217459	0.0035557496	-0.0009590369	0.0266888171	-0.0034259567	0.0123250221	-0.0187950607	-0.0001752103	0.0500608938	0.0606090239	-0.0228017071	0.000433791	-0.0324235561	0.0187018162	0.0956815192	0.0453462139	-0.0233444106	0.0131816756	0.1143831752	-0.046690877	-0.0658562496	-0.0047960562	0.0724665061	-0.0950822971	0.0585824951	-1.3356681746886494	0.0014563843624415	1.7840094728761084	2.121055411164292e-06	1.278896687889997	-0.0397666381958572	1.6355767382960045	0.0015813855134002	6.720126059567704	-0.0474956942741755	45.16009425648096	0.0022558409745859	0.0890939915438386	-0.0004973605978254	0.0079377393292135	2.4736756426933845e-07	0.0218119047328322	-0.0001669338074174	0.0004757591880741	2.786689605890248e-08	-0.0302275121686153	0.0002467332473648	0.0009137024919037	6.087729535522813e-08	0.0	0.0	0.0	0.0	0.0	0.0	0.0	0.0	0.0	0.0	0.0	0.0	0.0	0.0	0.0	0.0	0.0	0.0	0.0	0.0	0.0	0.0	0.0	0.0	0.0	0.0	0.0	0.0	0.0	0.0	0.0	0.0	0.0	0.0	0.0	0.0	0.0	0.0	0.0	0.0
5627.605059415771	3.147077600035118	31669938.70476199	9.904097420642795	3579.601856634245	24.96246736612693	623.124777004952	12813549.452019334	3636.056673595184	-3.0702490234371	9.426429065916466	13220908.133596074	3524.4602010765625	8095.347945830205	0.770047	33.940895	0.2534920021433743	0.1458736826104107	-0.0428435272	-0.0169902626	0.0479716258	-0.0145380275	0.0470590406	0.0002298037	-0.0163001253	0.0105440982	0.0470119402	-0.009338163	-0.1023469173	0.0103362521	0.1002346086	-0.0980464819	0.0050227374	-0.0208766081	0.0242318366	-0.0255568944	0.0387707889	-0.0196850293	-0.0056778328	-0.0181248265	0.0071135467	0.0218098606	0.0256312196	-0.040621496	0.0012713521	-0.0215112511	-0.0075502139	-0.0204957591	-0.0068100076	-0.0336234561	0.0075177093	-0.0187281387	0.0006934747	-0.0509916841	-0.035844387	-0.0336463613	-0.0329652517	-0.0099682678	0.0299051095	-0.0040136086	0.0082123885	-0.010579022	0.0082666408	0.0571770784	0.0889969455	-0.0317949109	0.000882851	-0.0376985948	0.0149093572	0.1460928802	0.0517360663	-0.0467424253	-0.0223938004	0.1617080991	-0.0292574739	-0.0668428233	-0.0020561578	0.0697192167	-0.0954752155	0.0638426524	-1.3449672894897162	-0.0092991148010668	1.808937009797314	8.647353608342003e-05	1.263616098147267	-0.0152805897427299	1.5967256434969237	0.0002334964228856	6.587396369011671	-0.1327296905560331	43.39379092246815	0.0176171707551003	0.0884538610310592	-0.0006401305127793	0.0078240855313019	4.097670733912061e-07	0.0226719366793426	0.0008600319465103	0.0005140167127921	7.396549490184649e-07	-0.0306510018501964	-0.000423489681581	0.0009394839144207	1.7934351040566125e-07	0.0	0.0	0.0	0.0	0.0	0.0	0.0	0.0	0.0	0.0	0.0	0.0	0.0	0.0	0.0	0.0	0.0	0.0	0.0	0.0	0.0	0.0	0.0	0.0	0.0	0.0	0.0	0.0	0.0	0.0	0.0	0.0	0.0	0.0	0.0	0.0	0.0	0.0	0.0	0.0
5624.2289628345125	-3.3760965812589347	31631951.426386576	11.398028125988269	3582.6441786109503	3.0423219767053524	9.255723009944363	12835339.310534932	3635.458316460006	-0.5983571351780483	0.3580312612184812	13216557.17071822	3526.103132350795	8026.227878077047	0.884789	38.998287	0.4096066827374871	0.2188402770974924	-0.0456639702	-0.0100950616	0.0329677311	-0.0214715839	0.0309590605	-0.0028361524	-0.0300632051	-0.0206997192	0.0351430149	-0.0239387958	0.0207913586	-0.0151064995	0.0636567721	0.0873629246	-0.0006988033	0.0265309704	0.0182308959	-0.0111537539	0.0074063712	-0.0124417849	-0.0146612921	-0.0106200566	0.0170252962	0.0190777829	0.0101648174	-0.0148585569	-0.0013383843	-0.0143266572	-0.0092621927	0.0031043184	-0.0010303135	0.0044545474	0.0426924223	-0.0172487824	0.0054369225	-0.0316088722	-0.0291312877	-0.0196728933	0.0062712997	-0.0020123957	0.0176639018	-0.0193330805	0.0132246676	-0.0286283273	-0.0173585882	0.0580947378	0.0300814777	-0.0069639504	0.0093565242	0.0029053171	0.0470965278	-0.007052296	0.0553749148	0.01405833	0.019563475	0.0706264189	-0.0448034685	-0.067815642	0.000685433	0.0668428233	-0.0955538639	0.0687745056	-1.3524463534973563	-0.00747906400764	1.829111139088296	5.593639843037745e-05	1.3392755286559606	0.0756594305086935	1.7936589416567026	0.0057243494248998	6.765248085642995	0.1778517166313236	45.768581660296206	0.0316312331087086	0.087981636354632	-0.0004722246764271	0.0077407683356387	2.22996145026773e-07	0.021455773653094	-0.0012161630262485	0.0004603502230528	1.4790525064141523e-06	-0.0319349435793172	-0.0012839417291207	0.0010198406214141	1.6485063637777063e-06	0.0	0.0	0.0	0.0	0.0	0.0	0.0	0.0	0.0	0.0	0.0	0.0	0.0	0.0	0.0	0.0	0.0	0.0	0.0	0.0	0.0	0.0	0.0	0.0	0.0	0.0	0.0	0.0	0.0	0.0	0.0	0.0	0.0	0.0	0.0	0.0	0.0	0.0	0.0	0.0
5616.178932847684	-8.050029986828122	31541465.805762157	64.80298278883197	3591.234547293965	8.59036868301473	73.79443411012024	12896965.57367769	3634.178379354216	-1.279937105789941	1.63823899477793	13207252.492965637	3520.9973654164232	8040.498741344972	0.835963	36.846218	0.1250486041869853	0.0809325966041204	-0.0402811432	0.0061899863	0.0347472506	-0.0121801317	0.0349127692	-0.0001670003	-0.0359484906	-0.0478112715	0.0186429417	-0.0498231151	0.0438326584	-0.0224914392	-0.0725315473	0.0914751921	-0.0334786231	0.0176785329	0.0131934112	0.0004393298	0.0138501741	-0.00367828	-0.0079147057	-0.0055980166	0.0068782948	0.013587626	-0.0001005144	-0.014873231	-0.0007864013	-0.0057379366	0.0035521782	0.0100185423	-0.0013937224	0.0079272252	0.0254538233	-0.0164912588	0.0023625165	-0.0290033022	-0.0269331159	-0.0203547252	0.0350163156	0.0041196521	0.0234682688	-0.0611381203	0.0341452076	-0.0360164783	-0.024957386	0.0497821946	0.0096856611	-0.0102562274	0.0104241541	0.0018256283	0.0390441921	-0.026689485	0.0519863403	0.0404806532	0.019212135	0.0384422544	-0.0419439941	-0.0687745056	0.0034264595	0.0638426524	-0.0953179834	0.0733526932	-1.37352693315421	-0.0210805796568536	1.8865762361000096	0.0004443908386689	1.340371737018117	0.0010962083621564	1.7965963933969642	1.2016727732616244e-06	6.844412976829901	0.079164891186906	46.84598899739754	0.0062670799966346	0.0880650646687511	8.342831411908835e-05	0.0077554556151113	6.960283596753277e-09	0.0216385388457025	0.0001827651926085	0.0004682263633769	3.34031156292221e-08	-0.0317269985864234	0.0002079449928937	0.0010066024393029	4.3241120069601096e-08	0.0	0.0	0.0	0.0	0.0	0.0	0.0	0.0	0.0	0.0	0.0	0.0	0.0	0.0	0.0	0.0	0.0	0.0	0.0	0.0	0.0	0.0	0.0	0.0	0.0	0.0	0.0	0.0	0.0	0.0	0.0	0.0	0.0	0.0	0.0	0.0	0.0	0.0	0.0	0.0
5589.171385657263	-27.007547190421064	31238836.77824993	729.4076052428208	3549.765594674115	-41.46895261984992	1719.6740313873572	12600835.777132075	3628.7345137793855	-5.443865574830397	29.63567239682349	13167714.171493713	3520.806033308585	7950.541938141509	0.876576	38.636276	0.2777031771775947	0.1388773518149068	-0.0258490203	0.0227176399	0.0381879889	0.0174594211	0.0500395565	-0.0007363041	0.0046660961	0.0195420386	0.0041690206	-0.0307028151	-0.0549420125	0.0083484935	0.0487431021	-0.099879504	0.0231282124	-0.0239088136	0.0004478932	-0.0056432703	0.0049649132	0.0004229632	0.0035497967	-0.0158427798	0.0140533246	0.0001756618	0.0105225649	-0.0081443194	-0.0038425449	-0.0029956169	-0.01267426	-0.0148463507	-0.0265069926	-0.0310850505	0.0022074034	-0.0182813074	0.0002501021	-0.0369218316	-0.0304207315	-0.026900538	-0.0069205823	-0.0064258782	0.0244316204	-0.0584686538	0.0344923651	-0.0303948047	-0.0342953902	0.0603974526	0.0428451461	-0.0231165218	0.0236173162	-0.0257890153	0.0600103651	0.0087517415	0.0870531775	0.0115678627	0.0610677976	0.1204614812	-0.0600376394	-0.0697192167	0.0061646659	0.0607242596	-0.0947683504	0.0775536723	-1.420056454817285	-0.046529521663075	2.0165603348682355	0.0021649963861945	1.3537302165189544	0.0133584795008374	1.8325854991164552	0.0001784489745742	6.781121830651173	-0.0632911461787273	45.98361328213392	0.004005769184617	0.0882492190174751	0.0001841543487239	0.0077879246571942	3.3912824153960584e-08	0.0235441577262378	0.0019056188805352	0.0005543273630379	3.631383317852605e-06	-0.0307262912189836	0.0010007073674398	0.0009441049720737	1.0014152352482964e-06	0.0	0.0	0.0	0.0	0.0	0.0	0.0	0.0	0.0	0.0	0.0	0.0	0.0	0.0	0.0	0.0	0.0	0.0	0.0	0.0	0.0	0.0	0.0	0.0	0.0	0.0	0.0	0.0	0.0	0.0	0.0	0.0	0.0	0.0	0.0	0.0	0.0	0.0	0.0	0.0
5616.132797789517	26.961412132253827	31540947.60240711	726.9177441652438	3567.1643759569333	17.398781282818163	302.71759012734367	12724661.685096215	3638.122916651735	9.388402872349616	88.14210849354252	13235938.356666528	3527.836226594029	7900.602622685733	1.088831	47.991718	0.0881444301737522	0.0620674005454693	-0.025437458	0.0101368218	0.0253786883	0.0120431252	0.0250105382	-0.0126184738	-0.0028561294	-0.0085955873	-0.0016533343	0.0121641819	-0.0027150054	-0.0203267907	0.0165529947	0.0166406931	-0.0367820102	0.0423088518	0.0184593499	-0.0173013454	0.022448654	-0.0057985667	-0.0063803134	-0.0142269837	0.037029959	0.0179861968	0.0180640084	-0.0170619507	-0.0030111992	-0.0041644359	0.0011802416	0.010780089	-0.0139052511	-0.0341069422	0.0345733119	-0.0178581838	-0.0017053217	-0.0395509635	-0.0260388847	-0.0178184607	-0.0110321287	0.0137029484	0.0129445788	-0.0091441913	0.0138419477	-0.0293469649	-0.0223096195	0.0384953046	0.0243672635	-0.0009999884	0.0058739353	-0.0131817859	0.0500450392	-0.0083405567	0.0491299895	0.0187743552	0.0601699952	0.0205405715	-0.0380895299	-0.070649581	0.0088977982	0.0574934194	-0.0939067741	0.08135584	-1.4151534492372946	0.0049030055799903	2.002659284888212	2.40394637174165e-05	1.3505100651914006	-0.0032201513275538	1.823877436183281	1.036937457234664e-05	6.7770505153432055	-0.0040713153079678	45.9284136875136	1.65756083368937e-05	0.0882827279808996	3.3508963424508376e-05	0.0077938400597495	1.1228506297850402e-09	0.0224605046187087	-0.001083653107529	0.000504474267727	1.1743040574574689e-06	-0.0311281283071948	-0.0004018370882111	0.0009689603719091	1.6147304546205365e-07	0.0	0.0	0.0	0.0	0.0	0.0	0.0	0.0	0.0	0.0	0.0	0.0	0.0	0.0	0.0	0.0	0.0	0.0	0.0	0.0	0.0	0.0	0.0	0.0	0.0	0.0	0.0	0.0	0.0	0.0	0.0	0.0	0.0	0.0	0.0	0.0	0.0	0.0	0.0	0.0
5607.250240592328	-8.882557197189271	31441255.26062272	78.89982236133892	3558.0640413677274	-9.100334589205886	82.81608963549706	12659819.722474046	3635.311441146431	-2.8114755053038607	7.904394516923599	13215489.274130143	3523.133156120984	7933.912725760387	0.8421199999999999	37.11758	0.3549117747969559	0.1576929336575906	-0.0252937947	0.0153995933	0.0158391758	-0.0007202871	0.0226344205	0.0135802457	-0.0220659706	-0.0094392719	0.0128696314	-0.0008579987	0.0241781036	-0.0166653169	-0.0328752261	0.0848784384	-0.0315410471	0.0104008461	0.0119272339	-0.0182961959	0.0199263736	-0.0109701986	-0.0103433162	0.0036837982	0.0157725843	0.0100177226	0.0167180886	-0.0198181163	-0.0006718511	-0.012863291	-0.0005168739	3.9342e-05	-0.013568664	-0.0104491711	0.0241575345	-0.0195123503	-0.0042294692	-0.0348848565	-0.0274661489	-0.0115880681	-0.0066782442	-0.0039469646	0.0108416686	-0.0197420351	0.0077375219	-0.0096417271	0.0291851446	0.0291414187	0.0185143041	-0.0274074251	0.0003342131	0.0020778589	0.0365558544	-0.0156273159	0.0524663147	0.0505363876	0.0046641192	0.0269162212	-0.0161738817	-0.0715654069	0.011623607	0.0541561147	-0.0927360906	0.0847396439	-1.3802827634398795	0.034870685797415	1.9051805070492305	0.001215964727982	1.454663022466491	0.1041529572750903	2.116044508931347	0.0108478385091467	6.7526522491611445	-0.0243982661820609	45.598312398101065	0.0005952753926907	0.0906234799998901	0.0023407520189904	0.0082126151272904	5.479120014408061e-06	0.0213277169134959	-0.0011327877052128	0.0004548715087422	1.2832079850812835e-06	-0.0314843858938393	-0.0003562575866444	0.0009912665551121	1.2691946804176278e-07	0.0	0.0	0.0	0.0	0.0	0.0	0.0	0.0	0.0	0.0	0.0	0.0	0.0	0.0	0.0	0.0	0.0	0.0	0.0	0.0	0.0	0.0	0.0	0.0	0.0	0.0	0.0	0.0	0.0	0.0	0.0	0.0	0.0	0.0	0.0	0.0	0.0	0.0	0.0	0.0
5612.249863709879	4.999623117550982	31497348.532711554	24.9962313175502	3600.8264699197894	42.76242855206192	1828.6252956702008	12965951.266475013	3640.799472925029	5.488031778597815	30.118492802899496	13255420.80205117	3535.407032584861	7969.7498037169025	0.8790179999999999	38.743919	0.110152979119257	0.0424364769130681	-0.0214066237	0.0150849057	0.0216681387	0.0086749563	0.0216682078	-0.0036823283	-0.0131278826	-0.0030598744	0.0111540377	-0.0677699199	-0.0448055388	-0.0214512695	0.0819989151	-0.1003304855	-0.0173303385	0.0031450305	0.0210779828	-0.0096560712	0.0275748196	-0.013898913	-0.0241293535	-0.0199264489	0.0225123341	0.0203268201	0.0114120378	-0.0241043189	0.0001123257	-0.0127401045	0.0027840449	0.0191881863	-0.0253232812	-0.0586571777	0.0187758747	-0.0192796799	0.0018667151	-0.0344592676	-0.0234348215	-0.0236006763	-0.0198483932	0.0050071857	0.0035245713	-0.0049832565	0.0003339336	-0.0075634323	0.0322795553	0.003055438	0.0072488814	-0.0021275097	0.0206878224	-0.0306242254	0.0378414736	-0.0569369755	0.0501037773	0.0432404698	0.0539433023	0.0279149869	-0.0429340789	-0.0724665061	0.0143398485	0.0507185253	-0.0912601531	0.0876876832	-1.360996701309901	0.0192860621299786	1.852312020976432	0.0003719521924813	1.471979109456413	0.017316086989922	2.1667224986760947	0.0002998468686425	6.771047553350911	0.0183953041897666	45.84708496973936	0.000338387216234	0.0905223264129556	-0.0001011535869344	0.0081942915792136	1.0232048149714181e-08	0.0216820734541458	0.0003543565406498	0.0004701123092709	1.255685579013642e-07	-0.0321319862824467	-0.0006476003886074	0.0010324645424553	4.193862633244573e-07	0.0	0.0	0.0	0.0	0.0	0.0	0.0	0.0	0.0	0.0	0.0	0.0	0.0	0.0	0.0	0.0	0.0	0.0	0.0	0.0	0.0	0.0	0.0	0.0	0.0	0.0	0.0	0.0	0.0	0.0	0.0	0.0	0.0	0.0	0.0	0.0	0.0	0.0	0.0	0.0
5595.426868602509	-16.822995107369934	31308801.84187888	283.0131643825927	3563.237738566183	-37.58873135360636	1412.91272477359	12696663.181542246	3636.936192974126	-3.863279950903234	14.924931979050893	13227304.871765127	3524.528745142556	7875.618597752565	0.77393	34.112022	0.1854944409459392	0.0915754771491696	-0.0159959317	0.025172116	0.0078613024	0.0195468757	0.0119777674	-0.0034765145	-0.007176622	-0.0016810558	-0.0118670387	-0.0205072424	0.0373776129	3.89888e-05	-0.0172124705	0.0578188458	0.0119680889	0.04925117	0.0085487664	-0.0087798376	0.0100643986	-0.0027430696	-0.0080472213	-0.0013268676	0.0153953476	0.007851318	0.0107748847	-0.0072142449	-0.0013324247	0.0001284786	0.0043028549	-0.0107273969	-0.0164696724	-0.030511031	0.0262224029	-0.0181278736	-0.0003174698	-0.0285451175	-0.0216396215	-0.0113161848	0.0005984527	0.00308943	0.006324098	-0.0371747428	0.0128435065	-0.0304401497	-0.0055530568	0.0254430811	0.0027047378	-0.0086734403	0.009336459	-0.0133512202	0.0579885475	-0.0522477823	0.0605715097	0.0472668827	0.0625943	0.0257596054	-0.0198367962	-0.0733526932	0.0170442873	0.0471870168	-0.0894838202	0.0901847978	-1.3887180481786174	-0.0277213468687165	1.928537817337029	0.0007684730722156	1.430808368384163	-0.0411707410722499	2.0472125870381506	0.0016950299204382	6.804765835396424	0.0337182820455126	46.30483807457839	0.0011369225441007	0.0894445948940619	-0.0010777315188937	0.0080003355557628	1.1615052268169308e-06	0.0216996549027452	1.7581448599399835e-05	0.0004708750228982	3.091073348533384e-10	-0.0315696178307506	0.000562368451696	0.0009966407699796	3.162582754630663e-07	0.0	0.0	0.0	0.0	0.0	0.0	0.0	0.0	0.0	0.0	0.0	0.0	0.0	0.0	0.0	0.0	0.0	0.0	0.0	0.0	0.0	0.0	0.0	0.0	0.0	0.0	0.0	0.0	0.0	0.0	0.0	0.0	0.0	0.0	0.0	0.0	0.0	0.0	0.0	0.0
5599.221779209083	3.794910606574376	31351284.532769334	14.4013465118907	3580.7616080279327	17.523869461749655	307.08600091244216	12821853.693526786	3635.9010966169726	-1.0350963571531793	1.071424468591782	13219776.784380505	3527.068170893847	7817.604076949033	0.813261	35.845615	0.1551986557197762	0.0696763021664866	-0.0114619661	0.0230819154	0.0067296335	0.012363539	0.018386343	-0.0243636302	-0.0010965371	-0.0116890162	-0.042688904	-0.0020069648	0.0254234202	0.0010298918	-0.0616731569	0.0208573865	-0.061250093	0.0038629516	0.0051016411	-0.0021588203	0.0091160713	0.0003001489	-0.0029348556	-0.0265310828	0.0107819842	0.0063263292	0.003008128	-0.0095168395	-0.0023313692	-0.0012110529	-0.0037703207	0.0145260986	-0.0064459678	-0.0336189431	-0.0005322482	-0.0159790375	0.0010251293	-0.0265423899	-0.0149641371	-0.01818049	0.0178138021	0.0204741308	0.0026366653	-0.0336838625	0.0243834818	-0.0305896829	-0.0021578723	0.0076396636	-0.0117285103	0.0122540271	0.0116165886	-0.0356703104	0.0435630701	-0.0655053073	0.0666335939	0.0457289005	0.0876548301	0.0073328224	-0.086618054	-0.0742237856	0.0197346973	0.0435681289	-0.0874129386	0.0922181468	-1.356661700952429	0.0320563472261883	1.840530970831138	0.0010276093974859	1.3896952003559448	-0.0411131680282181	1.9312527498923495	0.0016902925853165	6.853761501081209	0.0489956656847851	46.97404671370295	0.0024005752558952	0.0894009475478964	-4.364734616549293e-05	0.0079925294224617	1.9050908272903704e-09	0.0220310285855023	0.0003313736827571	0.0004853662205352	1.0980851762400333e-07	-0.0318552662974397	-0.000285648466689	0.0010147579908807	8.15950465218319e-08	0.0	0.0	0.0	0.0	0.0	0.0	0.0	0.0	0.0	0.0	0.0	0.0	0.0	0.0	0.0	0.0	0.0	0.0	0.0	0.0	0.0	0.0	0.0	0.0	0.0	0.0	0.0	0.0	0.0	0.0	0.0	0.0	0.0	0.0	0.0	0.0	0.0	0.0	0.0	0.0
5608.845532359117	9.623753150033735	31459148.205864828	92.61662469278424	3588.711097448914	7.949489420981536	63.19438205429735	12878847.34095299	3637.8432421875	1.942145570527373	3.771929417119095	13233903.45472926	3525.651407248428	7947.691758115809	1.017268	44.837486	0.3360186394299086	0.1532179542644567	-0.014675192	0.0219960257	0.0170058518	0.0149990904	0.0234146658	0.0131937393	0.0061579429	0.0395456377	0.0359100557	0.015881922	-0.0843032224	-0.0042536491	0.0036930255	-0.1325787145	0.0574800832	-0.0252056934	0.0054924763	-0.0112612901	0.0195707443	0.0056149116	-0.0066346659	0.0120979816	0.0221461191	0.0028769947	0.0138798284	-0.0212836223	-0.0079508538	0.0053512472	0.0072736973	-0.0102719254	-0.0200274695	0.0252586395	0.0165527697	-0.0167882686	-0.0090825413	-0.0247700505	-0.0123726704	-0.0025490208	-0.0098046559	-0.0105210873	0.0149547322	-0.0576485323	0.0030355325	-0.0483573679	-0.0606337071	0.0637445108	0.0193053563	-0.004357474	-0.0087483789	0.0497514608	0.0480775353	0.014533468	0.0349356502	0.0128682705	-0.0261244428	0.0345366319	-0.0025354535	-0.0750796043	0.022408864	0.0398685628	-0.0850543252	0.0937772737	-1.369994031858738	-0.0133323309063089	1.8768836473285608	0.0001777510473953	1.2587186574819498	-0.130976542873995	1.584372658693162	0.0171548547832234	6.745318777362044	-0.1084427237191647	45.49932540823298	0.011759824327631	0.0884103620209892	-0.0009905855269072	0.0078163921126823	9.812596861180162e-07	0.0214688398558129	-0.0005621887296894	0.0004609110847545	3.160561677897822e-07	-0.0317426997154275	0.0001125665820121	0.0010075989852238	1.2671235385908636e-08	0.0	0.0	0.0	0.0	0.0	0.0	0.0	0.0	0.0	0.0	0.0	0.0	0.0	0.0	0.0	0.0	0.0	0.0	0.0	0.0	0.0	0.0	0.0	0.0	0.0	0.0	0.0	0.0	0.0	0.0	0.0	0.0	0.0	0.0	0.0	0.0	0.0	0.0	0.0	0.0
5626.257366986701	17.41183462758363	31654771.95957212	303.1719850983204	3622.232401555507	33.52130410659265	1123.6778290066654	13120567.570878576	3638.989280031537	1.1460378440369825	1.3134027399649346	13242242.980184443	3536.1297497643154	7990.28800288494	0.918066	40.465023	0.4965210114678297	0.2247547157740999	-0.0300583792	0.0185672013	0.0532388507	0.0377485427	0.0425416712	0.0032627855	0.0009616377	0.0170924599	-0.0089691182	-0.0370461213	0.0043638318	-0.0571842553	0.0725592643	-0.0716644478	0.0264333271	0.0396474684	0.0085024976	-0.0128358707	0.0215951019	-5.16993e-05	0.0305683224	-0.0120235135	0.0039112662	0.0081316875	0.018335454	-0.0143948028	0.00051747	0.0221931606	-0.0121491011	-0.0264142534	-0.0141186685	-0.063111298	0.0226626215	-0.0203629512	-0.0067544996	-0.0410777404	-0.0284908492	-0.0131817074	-0.0520690426	-0.0134923034	0.007887415	-0.0167533489	-0.0093206659	-0.0401163275	-0.0879300894	0.0961077651	0.0331544105	-0.0142860358	0.0065280892	0.0444153093	0.04238572	-0.0148753589	0.0054409677	-0.0025296299	-0.0205530925	0.0128601579	0.0397884887	-0.0759199731	0.0250645864	0.0360951694	-0.0824157435	0.094854161	-1.380822728328738	-0.0108286964699999	1.90667140706922	0.0001172606672393	1.3909748124767418	0.132256154994792	1.934810928944707	0.0174916905340064	6.605965718584372	-0.1393530587776723	43.63878307511194	0.0194192749906934	0.0862074704274696	-0.0022028915935196	0.007431727957503	4.8527313727993535e-06	0.0203110714402263	-0.0011577684155865	0.0004125396230499	1.340427704129906e-06	-0.0326637017308286	-0.0009210020154011	0.0010669174107605	8.482447123728901e-07	0.0	0.0	0.0	0.0	0.0	0.0	0.0	0.0	0.0	0.0	0.0	0.0	0.0	0.0	0.0	0.0	0.0	0.0	0.0	0.0	0.0	0.0	0.0	0.0	0.0	0.0	0.0	0.0	0.0	0.0	0.0	0.0	0.0	0.0	0.0	0.0	0.0	0.0	0.0	0.0
5624.849785957914	-1.407581028786808	31638935.11459079	1.9812843526005288	3541.4265975185376	-80.80580403696922	6529.577966061072	12541702.345611729	3645.866256226706	6.876976195168936	47.29280158892022	13292340.758292535	3534.320647211844	7976.642778276563	0.958339	42.240124	0.3806750713704978	0.2209954619093249	-0.0173541428	0.022078334	0.0349369288	0.0337344907	0.0145701127	-0.0278184177	0.0273759137	-0.0064440513	0.0033968674	0.0255131321	-0.0464566906	0.0134639658	0.0484498844	-0.0887229654	0.0280723255	0.0343790905	0.0151787707	-0.0103078496	0.0086578909	0.0084513795	-0.0210884092	0.0134706012	0.0163413643	0.0143927334	0.0130818229	-0.006742758	-0.0099644128	-0.0126186603	0.021549039	-0.0011683782	-0.0321514063	-0.0121394551	0.0131496518	-0.017509292	-0.0037388703	-0.0313589209	-0.0152837208	-0.0079395705	-0.0410964599	0.007710469	-0.0134403566	0.0063346547	-0.0161083931	-0.0421083912	-0.0418643726	0.0458280572	-0.0152499101	0.0245601512	0.0083315246	0.0532150213	0.036863907	-0.0943201283	-0.0047989179	0.0320810331	0.0045892596	-0.0869747412	-0.0564085821	-0.076744719	0.0276996788	0.0322549359	-0.0795058789	0.0954432708	-1.3753820747214718	0.0054406536072661	1.89167585146514	2.9600711674258707e-05	1.2397581447975623	-0.1512166676791795	1.5370002575918935	0.0228664805839954	6.689690456310458	0.0837247377260865	44.75195840125123	0.0070098317073019	0.0878896631507684	0.0016821927232988	0.0077245928887555	2.8297723583194626e-06	0.0200960964244498	-0.0002149750157765	0.0004038530915007	4.6214257408106786e-08	-0.0335723942389126	-0.000908692508084	0.0011271056549329	8.257220742479924e-07	0.0	0.0	0.0	0.0	0.0	0.0	0.0	0.0	0.0	0.0	0.0	0.0	0.0	0.0	0.0	0.0	0.0	0.0	0.0	0.0	0.0	0.0	0.0	0.0	0.0	0.0	0.0	0.0	0.0	0.0	0.0	0.0	0.0	0.0	0.0	0.0	0.0	0.0	0.0	0.0
5603.79109167124	-21.058694286673926	31402474.599093948	443.4686050595931	3598.6858656897616	57.259268171224	3278.623791504145	12950539.95991527	3637.1827257740815	-8.683530452624382	75.403701121655	13229098.180669377	3531.85058211714	7920.642888102498	0.911865	40.191711	0.148653409428893	0.0954441251847885	-0.006036101	0.0300900763	0.0257766351	0.0376574197	0.0148099407	0.0112149741	0.0024723093	-0.007501669	-0.0234579051	-0.0541915024	0.0375486798	-0.0112426902	0.0463347365	0.0701669949	-0.0180881943	0.0285050683	-0.0020806058	-0.0141323317	0.0057644995	0.0091761638	-0.0081579604	-0.0145391811	0.0023427426	-0.0029736574	0.0130271486	-0.0049691145	-0.0086533212	-0.0003850512	-0.0045841746	0.0013483787	-0.0120756766	-0.0630949687	-0.0004094297	-0.016151559	-0.0058821062	-0.0248618687	-0.0129510245	4.63537e-05	-0.0266940137	-0.0030248706	-0.0027612576	-0.0190442324	-0.0211617903	-0.0528123253	-0.0511885134	0.0490473249	-0.0148195809	0.0078903656	-0.0054711285	0.0628201623	0.0379686827	-0.0642720981	0.0136039121	0.0486926217	-0.0117336765	-0.0455475146	-0.0141909176	-0.0775536723	0.030311972	0.0283549738	-0.0763343096	0.0955415737	-1.3767416114013713	-0.0013595366798995	1.8954174645640445	1.8483399839922104e-06	1.3130029331282884	0.0732447883307261	1.7239767024034889	0.0053647990176128	6.717358341824081	0.0276678855136225	45.12290309247357	0.0007655118887949	0.0879443485795432	5.468542877479221e-05	0.0077342084470802	2.9904961202828722e-09	0.0203392844127532	0.0002431879883033	0.0004136864904228	5.9140397655054514e-08	-0.0329426436778979	0.0006297505610147	0.0010852177724889	3.965857690983361e-07	0.0	0.0	0.0	0.0	0.0	0.0	0.0	0.0	0.0	0.0	0.0	0.0	0.0	0.0	0.0	0.0	0.0	0.0	0.0	0.0	0.0	0.0	0.0	0.0	0.0	0.0	0.0	0.0	0.0	0.0	0.0	0.0	0.0	0.0	0.0	0.0	0.0	0.0	0.0	0.0
5587.211476435008	-16.579615236231803	31216932.08240706	274.8836413814897	3596.4301656598423	-2.2557000299193533	5.088182624978171	12934309.93646808	3634.2138922287127	-2.9688335453688524	8.81397262010739	13207510.614468168	3526.388352655999	7854.753233716205	0.709481	31.271349	0.2058407491650532	0.1120947298828298	0.005258212	0.0458097365	0.0230246197	0.0686348783	0.0094624333	-0.0093082413	0.0134612382	-0.0053484317	0.0060275956	-0.0621007417	-0.0244387949	-0.0042113412	0.0354110636	-0.0657536613	-0.0110782181	0.0235583232	-0.0091154696	-0.0118088032	0.0149409983	-0.0042574452	-0.0101398949	0.0102968194	-0.000833027	-0.0098613958	0.0131418498	-0.0138930864	0.0025950024	0.0015392923	0.0143825527	-0.0052775158	-0.0289312821	-0.0462630481	-0.0030098932	-0.0157289324	-0.0078027198	-0.0345620397	-0.0138728929	-0.0077903544	-0.0572287992	0.0025098698	-0.012120767	0.0075049491	-0.0337349049	-0.0395788487	-0.0257198023	0.0253484452	-0.0093406321	-0.0051573479	0.0035307582	0.0449275346	0.0612191714	-0.0689205067	0.0062518567	0.0432854573	0.0137606145	-0.0577499955	0.0106683888	-0.0783466667	0.0328993162	0.0244025048	-0.0729114752	0.0951485642	-1.3773186098893715	-0.0005769984880001	1.8970065531475904	3.329272551545066e-07	1.4040993745053356	0.0910964413770472	1.9714950534862747	0.0082985616315617	6.65801287267827	-0.0593454691458106	44.32913541274955	0.0035218847081363	0.0884264878206554	0.0004821392411122	0.0078192437482965	2.3245824782025403e-07	0.0202174183035193	-0.0001218661092338	0.0004087440028594	1.4851348579808351e-08	-0.0334350751306357	-0.0004924314527378	0.0011179042489912	2.424887356454603e-07	0.0	0.0	0.0	0.0	0.0	0.0	0.0	0.0	0.0	0.0	0.0	0.0	0.0	0.0	0.0	0.0	0.0	0.0	0.0	0.0	0.0	0.0	0.0	0.0	0.0	0.0	0.0	0.0	0.0	0.0	0.0	0.0	0.0	0.0	0.0	0.0	0.0	0.0	0.0	0.0
5592.727294266182	5.51581783117399	31278598.58802993	30.424246346696943	3595.226478078257	-1.2036875815852	1.4488637940624274	12925653.428674988	3632.956925440797	-1.256966787915644	1.5799655059229718	13198376.02210825	3525.712857691384	7785.754012514662	0.718632	31.674706	0.0666976767736586	0.0425089271499644	0.0067936988	0.0353636028	0.0019631193	0.0573274061	0.0061143034	-0.0206023037	-0.0001955179	0.0122010142	-0.0310526053	0.0342427414	0.0229465525	-0.0197766279	-0.0026412832	0.0003262503	-0.0245070633	0.050208428	-0.012906674	-0.0039787638	-0.0013369161	-0.0082581769	0.0149855784	-0.0059486092	0.0038355683	-0.012292453	0.0048320056	-0.0012382464	0.0094034414	0.0032727831	-0.0123641464	-0.0041256071	0.0003224316	-0.0285563394	0.0043062898	-0.0167509315	-0.0021231586	-0.0306285154	-0.0152966776	-0.0057031309	-0.049583868	0.0053083078	-0.0185791703	0.0015836274	-0.0231763721	-0.0326407885	-0.0259693112	0.0218806489	-0.0229223426	0.0124312742	0.0114760765	0.0165426084	0.0496309139	-0.1085245192	0.0254844471	0.0408459861	0.0487198606	-0.0509251967	-0.0039752656	-0.0791235388	0.0354595815	0.020404848	-0.0692486424	0.0942662634	-1.3737318952130693	0.0035867146763022	1.8871393199256912	1.2864522169201793e-05	1.4087757135310142	0.0046763390256785	1.984649011034818	2.186814668308416e-05	6.7026705906217785	0.0446577179435081	44.9257930463861	0.0019943117719219	0.0885066289863342	8.014116567879592e-05	0.0078334233745246	6.422606436356217e-09	0.0203963863174767	0.0001789680139573	0.0004160125748117	3.2029550019855873e-08	-0.0334515040535629	-1.642892292719883e-05	0.0011190031234455	2.699095085478394e-10	0.0	0.0	0.0	0.0	0.0	0.0	0.0	0.0	0.0	0.0	0.0	0.0	0.0	0.0	0.0	0.0	0.0	0.0	0.0	0.0	0.0	0.0	0.0	0.0	0.0	0.0	0.0	0.0	0.0	0.0	0.0	0.0	0.0	0.0	0.0	0.0	0.0	0.0	0.0	0.0
5595.778816463913	3.051522197731174	31312740.562786277	9.311787723246091	3597.731218884339	2.504740806081827	6.273726505651441	12943669.923334992	3636.055958464736	3.099033023938773	9.604005683463097	13220902.93308691	3525.282151967331	7784.721209719464	0.773406	34.088936	0.1681106478778173	0.0797462799359501	0.0061673171	0.0412412179	-0.0044271839	0.0498514606	-0.0066978367	-0.0216147713	0.0080358127	-0.0243696622	-0.0007585348	-0.031438186	-0.01539662	-0.0234334941	0.0172397776	-0.0253727804	-0.0493176771	0.0508248302	-0.0078000925	-0.0137517682	0.0059016732	-0.0050910943	-0.0006494782	0.0002532665	0.0129576434	-0.0079518195	0.0130686083	-0.01001268	0.0061663854	0.0011572408	-0.0060101512	0.0114450123	-0.0092451129	0.0034201768	0.0116818368	-0.0175521906	-0.0082533664	-0.0281335887	-0.0119998515	-0.0013836257	-0.0489864882	0.0119848145	-0.0184760649	0.0193913848	-0.0276331551	-0.017937752	0.0140481182	0.003162517	-0.0413869259	0.0032853129	0.0042583794	0.0337519593	0.0509143583	-0.1198327581	0.0262065255	0.0726973808	0.0465851183	-0.093597179	-0.0137236663	-0.0798841288	0.0379906609	0.016369406	-0.065357868	0.0928992083	-1.359614081803585	0.0141178134094843	1.8485504514386053	0.000199312655465	1.4496072886399816	0.0408315751089674	2.1013612912781587	0.0016672175258792	6.729679809782354	0.0270092191605755	45.28859034219226	0.000729497919664	0.0899830100644417	0.0014763810781075	0.0080969421002574	2.17970108779388e-06	0.020369312799559	-2.7073517917700768e-05	0.0004149089039262	7.329753724400646e-10	-0.0332319178456123	0.0002195862079505	0.0011043603636975	4.8218102722121966e-08	0.0	0.0	0.0	0.0	0.0	0.0	0.0	0.0	0.0	0.0	0.0	0.0	0.0	0.0	0.0	0.0	0.0	0.0	0.0	0.0	0.0	0.0	0.0	0.0	0.0	0.0	0.0	0.0	0.0	0.0	0.0	0.0	0.0	0.0	0.0	0.0	0.0	0.0	0.0	0.0
5605.66560166052	9.88678519660698	31423486.83764	97.7485215238469	3587.3734570987262	-10.357761785612638	107.2832292074975	12869248.320696468	3640.109816334576	4.053857869840158	16.433763628864984	13250399.47497534	3525.292623875697	7812.3230985402015	0.746413	32.8992	0.1943865215275871	0.1032596033573986	-0.0014321058	0.0319035103	-0.0022418281	0.0338459458	-0.004413684	-0.0134647068	-0.0120208041	0.0285533414	-0.0285248275	0.0452360554	0.0045176893	-0.0187361323	-0.0629552863	0.0396589144	-0.0022217255	-0.0014179199	-0.0023192414	-0.0054050294	0.0138824331	-0.0052047734	-0.0051286232	-0.005030947	0.0164724087	-0.0038790422	0.0067816274	-0.017803557	0.0071162898	-0.0023979136	-0.0033815741	-0.0004210991	-0.0059976431	0.0044855905	0.0197095248	-0.0200220376	-0.0042087252	-0.0345246859	-0.0189845708	-0.0093476536	-0.0713167367	0.0006488345	-0.0208510285	0.0159309554	-0.025740889	-0.0028075386	0.0359705178	-0.0090260452	-0.0255782213	0.0114866497	0.0105532838	0.0125344212	0.0294496366	-0.1193482567	0.0354061893	0.0593872957	0.0208379116	-0.0501037275	-0.0028180254	-0.0806282803	0.0404904708	0.0123036518	-0.0612519591	0.0910544289	-1.342934695565546	0.0166793862380389	1.8034735965537252	0.0002782019252776	1.5242403042326629	0.0746330155926813	2.323308505047281	0.0055700870164574	6.667159007738917	-0.0625208020434371	44.45100923447418	0.0039088506881546	0.090379708240341	0.0003966981758992	0.0081684916616091	1.573694427618288e-07	0.0203953198200026	2.6007020443599704e-05	0.0004159690705601	6.76365112353813e-10	-0.033620279002338	-0.0003883611567256	0.001130323160195	1.5082438805332266e-07	0.0	0.0	0.0	0.0	0.0	0.0	0.0	0.0	0.0	0.0	0.0	0.0	0.0	0.0	0.0	0.0	0.0	0.0	0.0	0.0	0.0	0.0	0.0	0.0	0.0	0.0	0.0	0.0	0.0	0.0	0.0	0.0	0.0	0.0	0.0	0.0	0.0	0.0	0.0	0.0
5621.833864291779	16.168262631258585	31605015.997697838	261.4127165133528	3601.746342146217	14.372885047490854	206.57982458838617	12972576.713163655	3646.36010168793	6.250285353354229	39.0660669983544	13295941.991181612	3536.8367679375106	7872.689991129861	0.647909	28.557501	0.0910691469339451	0.0503732764876522	-0.0009797841	0.0156163624	0.0091689889	0.0284020498	-0.0130505937	-0.0281626192	-0.0013179991	0.0009293756	0.0037869594	0.0205397672	-0.0255144639	-0.0310329365	0.0198531464	-0.0422300525	-0.0257581067	-0.0036044085	0.0079491569	-0.0107164074	0.0208719248	-0.0098427365	-0.0238719895	-0.0036009748	0.0289936057	0.007124243	0.0110028826	-0.0250895938	0.0042889056	-0.0108309724	0.0031859702	0.0274115357	-0.0166444618	-0.0116586953	0.0165832769	-0.0173893067	-0.0064251052	-0.0331518776	-0.0131140545	-0.0089763769	-0.0732375523	0.0108411112	-0.0226772134	0.0365001415	-0.0284549125	0.0055590498	0.0489349699	-0.0159673008	-0.0402397573	0.010872964	0.013698826	0.0267517069	0.033313229	-0.152618411	0.0185296834	0.057996894	0.0230673716	-0.0840913194	-0.0160869473	-0.08135584	0.042956954	0.0082151139	-0.0569444308	0.0887414118	-1.3478562674092274	-0.0049215718436814	1.8167165175943347	2.422186941251824e-05	1.4977024304897668	-0.026537873742896	2.243112570294955	0.0007042587427938	6.656993646774239	-0.0101653609646774	44.31556441319259	0.0001033345635421	0.0902216261163283	-0.0001580821240127	0.0081399418190745	2.4989957932368784e-08	0.0201054442352075	-0.000289875584795	0.000404228887895	8.402785466030104e-08	-0.034161208101184	-0.0005409290988459	0.0011669881389323	2.9260428997834175e-07	0.0	0.0	0.0	0.0	0.0	0.0	0.0	0.0	0.0	0.0	0.0	0.0	0.0	0.0	0.0	0.0	0.0	0.0	0.0	0.0	0.0	0.0	0.0	0.0	0.0	0.0	0.0	0.0	0.0	0.0	0.0	0.0	0.0	0.0	0.0	0.0	0.0	0.0	0.0	0.0
5632.654741815764	10.820877523985471	31726799.44049961	117.091390389094	3606.511363503921	4.765021357703972	22.705428539375006	13006924.215082912	3651.137388053684	4.777286365753753	22.8224650204167	13330804.226443475	3539.9712731287304	7943.391346916452	0.643903	28.380901	0.1823003807235367	0.095849051542666	-0.0116293663	0.0129186107	0.0187142558	0.0173035533	-0.0028641781	-0.0253551273	-0.0125434101	-0.0115688977	0.0161931955	0.0252589553	-0.0050353741	-0.0106767297	-0.0063409143	0.0408360994	0.0047630945	-0.0216240159	0.0143222149	-0.0055471091	0.0240308366	-0.0011663628	-0.0099756342	0.0020268632	0.0084661347	0.0132473802	0.008229349	-0.0238596313	-0.0064126771	-0.0121709572	0.0025061566	0.0039099089	-0.0088363563	-0.0055795306	0.011628905	-0.0195239982	-0.0068978934	-0.037184465	-0.0195228534	-0.0100451584	-0.0978711485	0.0049700433	-0.0291300734	0.0441018683	-0.0257672179	0.0239750732	0.059520364	-0.0231476869	-0.0340155959	0.0168802712	0.0161518902	0.0025762637	-0.0031532446	-0.1431533565	0.0139121732	0.0545425691	0.0120975969	-0.0599000287	0.0054572296	-0.0820666583	0.0453880801	0.0041113636	-0.0524494619	0.0859720514	-1.3462298313008745	0.0016264361083528	1.812334758684381	2.6452944145540974e-06	1.5424441888091565	0.0447417583193896	2.3791340755911365	0.0020018249375106	6.588775910769655	-0.0682177360045841	43.4119680023385	0.0046536595055911	0.0908108397614503	0.000589213645122	0.0082466086181798	3.471727195979572e-07	0.0200035118087562	-0.0001019324264513	0.000400140484683	1.039021956224976e-08	-0.0334980651669331	0.0006631429342508	0.001122120369928	4.3975855124689e-07	0.0	0.0	0.0	0.0	0.0	0.0	0.0	0.0	0.0	0.0	0.0	0.0	0.0	0.0	0.0	0.0	0.0	0.0	0.0	0.0	0.0	0.0	0.0	0.0	0.0	0.0	0.0	0.0	0.0	0.0	0.0	0.0	0.0	0.0	0.0	0.0	0.0	0.0	0.0	0.0
5619.857052476308	-12.797689339456156	31582793.2902677	163.78085242922972	3606.11162643816	-0.3997370657612009	0.1597897217433747	13004041.06233247	3647.3660327372418	-3.771355316442168	14.223120922856609	13303278.976765404	3539.218041949907	7919.533120993968	0.773549	34.095219	0.1730642666659727	0.0942658930976299	-0.0019301921	0.0153139558	0.0179161225	0.0324466829	-0.007566801	-0.031245464	0.0126444151	-0.0418377947	-0.0002206959	-0.1068122775	-0.0087178784	-0.0185869088	0.0507392199	0.0163504377	-0.0595023677	0.0134098955	0.0066949577	-0.0149798471	0.0274413434	-0.0084152653	-0.0291066824	0.0022257397	0.0240987715	0.0057359213	0.0165291637	-0.0221060908	-0.0061090841	-0.0191480584	0.0071934485	0.0074345311	-0.0384053826	-0.0403660476	0.0131847749	-0.017471961	-0.0099244214	-0.033178515	-0.0130987527	-0.0107783703	-0.081424361	0.0129197959	-0.0298580113	0.0482049792	-0.0313580434	0.0114782746	0.0489826143	-0.0224085454	-0.0498416169	0.0140017439	0.0065483055	0.0310206344	0.005010835	-0.150429664	0.0082898293	0.0611309492	0.01794109	-0.0922762462	-0.0409974041	-0.0827605889	0.0477818483	0.0	-0.0477818483	0.0827605889	-1.3294960268077745	0.0167338044931	1.7675596852976585	0.0002800202128132	1.454106145198196	-0.0883380436109604	2.114424681503157	0.0078036099490119	6.624143702451633	0.0353677916819776	43.879279790729626	0.0012508806884597	0.0905770639938863	-0.0002337757675639	0.0082042045217525	5.4651109500132724e-08	0.0202304019524568	0.0002268901437006	0.0004092691631579	5.1479137308479124e-08	-0.033306238540599	0.0001918266263341	0.0011093055257232	3.67974545707231e-08	0.0	0.0	0.0	0.0	0.0	0.0	0.0	0.0	0.0	0.0	0.0	0.0	0.0	0.0	0.0	0.0	0.0	0.0	0.0	0.0	0.0	0.0	0.0	0.0	0.0	0.0	0.0	0.0	0.0	0.0	0.0	0.0	0.0	0.0	0.0	0.0	0.0	0.0	0.0	0.0
5613.604323433678	-6.252729042630563	31512553.50007328	39.096620480555714	3606.436038645069	0.3244122069090736	0.1052432799916155	13006380.900837936	3645.0820291893633	-2.284003547878456	5.216672206721373	13286622.999519246	3533.4651287216648	7984.207647638513	0.9005929999999999	39.694893	0.1847339653987504	0.113387278153665	0.0048568887	0.0221630099	0.0177203298	0.0387248251	-0.0252064561	-0.0172050153	-0.0141378043	-0.0088940384	0.0061540051	-0.0064361339	-0.0091303807	0.0147044897	-0.035878105	0.0384675297	-0.0028395904	-0.0178411725	0.0004780962	-0.0027609425	0.0218762897	-0.0039811358	-0.0183602412	0.0042646691	0.0209139267	-0.001389933	0.0054009774	-0.0213213405	-0.0059426021	-0.0166382728	0.0108435627	-0.0056293692	-0.0389645563	-0.0177030939	2.64548e-05	-0.0156057817	-0.0086208698	-0.0299095	-0.0091076578	-0.0089276434	-0.1134647638	0.0022043919	-0.0326199522	0.0505109525	-0.0381761932	0.0246061041	0.0552320109	-0.0342485745	-0.0386835563	0.0112130631	0.0124814113	0.0228272577	-0.0171098545	-0.1126538277	-0.0063939624	0.0494430963	-0.0239340461	-0.0546093334	0.0284415674	-0.0834374889	0.0501362882	-0.0041113636	-0.042956954	0.0791235388	-1.328502165189775	0.0009938616179994	1.7649180029139204	9.877609157324136e-07	1.480344029074331	0.026237883876135	2.191418444416024	0.0006884265502975	6.529915973033667	-0.094227729417966	42.63980261488022	0.0088788649912654	0.0912563498129926	0.0006792858191062	0.0083277213811912	4.614292240389147e-07	0.0196624881492453	-0.0005679138032115	0.0003866134402192	3.2252608787815094e-07	-0.0333245287280142	-1.829018741519861e-05	0.0011105242149442	3.3453095568308957e-10	0.0	0.0	0.0	0.0	0.0	0.0	0.0	0.0	0.0	0.0	0.0	0.0	0.0	0.0	0.0	0.0	0.0	0.0	0.0	0.0	0.0	0.0	0.0	0.0	0.0	0.0	0.0	0.0	0.0	0.0	0.0	0.0	0.0	0.0	0.0	0.0	0.0	0.0	0.0	0.0
5599.471009308239	-14.13331412543812	31354075.584083434	199.75056816830863	3575.691258233995	-30.74478041107386	945.241522525151	12785567.974211011	3643.2150760195673	-1.8669531697960335	3.485514138211458	13273016.090136262	3536.47536189529	7820.748069561445	0.73645	32.460064	0.140668933749188	0.0803446113008394	0.0131917096	0.0299222288	0.0110277644	0.063675422	-0.0199040004	-0.0291583348	0.0271817484	-0.0002543006	-0.0285718394	-0.0489948269	-0.0044567002	0.0056758959	0.0619420537	0.0433675223	-0.0424133428	0.0248897817	-0.0038166902	-0.0163205382	0.0088116435	0.0020592429	-0.0202363081	-0.0063757112	0.022360236	-0.0047806597	0.0154944776	-0.0046279405	-0.0087980337	-0.0108703199	-0.0004990206	-0.006860483	-0.0418184512	-0.077348253	0.0110422509	-0.0168680639	-0.0102165141	-0.0408365572	-0.0173561487	-0.0104492451	-0.1258912913	0.0032159854	-0.0310203226	0.0583546378	-0.0273987099	0.0331810474	0.0671514687	-0.0451914833	-0.045510276	0.0106828028	0.009667373	0.008869821	-0.0021768674	-0.126621221	4.05847e-05	0.0356265713	0.006034998	-0.0771813841	0.0185003948	-0.0840972192	0.0524494619	-0.0082151139	-0.0379906609	0.0750796043	-1.336129223658446	-0.007627058468671	1.7852413023141218	5.817202088452703e-05	1.5463644327450936	0.0660204036707625	2.391242958859056	0.0043586937008504	6.529248215456363	-0.0006677575773039	42.6310822590401	4.459001820468721e-07	0.0911566554813369	-9.96943316557003e-05	0.0083095358385431	9.938959764276769e-09	0.0201634917136486	0.0005010035644033	0.0004065663980863	2.510045715448133e-07	-0.0340509051126042	-0.00072637638459	0.0011594641389875	5.27622652090049e-07	0.0	0.0	0.0	0.0	0.0	0.0	0.0	0.0	0.0	0.0	0.0	0.0	0.0	0.0	0.0	0.0	0.0	0.0	0.0	0.0	0.0	0.0	0.0	0.0	0.0	0.0	0.0	0.0	0.0	0.0	0.0	0.0	0.0	0.0	0.0	0.0	0.0	0.0	0.0	0.0
5633.368018178753	33.89700887051367	31734835.22823921	1149.0072103676823	3625.583011493012	49.891753259016696	2489.187043258603	13144852.173226736	3651.688595586654	8.473519567086896	71.8005338538045	13334829.59913763	3541.529623077861	7884.802494499233	1.057777	46.622959	0.5601071341428104	0.3914749035435376	-0.0178481664	0.0197118491	0.0599382321	0.0738464023	0.035767103	-0.0190285615	-0.0269647443	0.011908002	-0.020118439	-0.0092057017	-0.0348955289	-0.0043327405	-0.0593507825	0.0108475935	-0.0988206714	0.039003411	0.0123561891	-0.0106573753	0.030550738	-0.0066601758	-0.0253962288	-0.0130537174	0.0273427021	0.0097445154	0.015654147	-0.0200107205	-0.0147078638	-0.0188274188	-0.0077288375	0.0001903846	-0.0516342863	-0.0488435608	0.0222555114	-0.0219547385	-0.0046833257	-0.0626412523	-0.0381535505	-0.020971975	-0.1920753726	-0.015966594	-0.0174109046	0.0396593401	0.0556848125	0.1038633632	0.0569319094	-0.087297863	-0.0116538582	0.0427360399	-0.0155650273	-0.0476363777	-0.1658630417	0.0527035809	-0.094889182	-0.0602720409	-0.1238037446	-0.0026924066	0.0243735162	-0.0847396439	0.0547194656	-0.0123036518	-0.0328993162	0.070649581	-1.2681034933627444	0.0680257302957016	1.608086469878796	0.0046274999822635	1.4858883855833227	-0.0604760471617709	2.2078642944114133	0.0036573522803127	6.14069209677109	-0.3885561186852726	37.70809942734693	0.1509758573677636	0.0911618358394783	5.180358141398944e-06	0.0083104803136239	2.6836110473158323e-11	0.0197766428772745	-0.0003868488363741	0.0003911156034952	1.4965202220399565e-07	-0.0335819495471184	0.0004689555654858	0.0011277473353852	2.199193224001103e-07	0.0	0.0	0.0	0.0	0.0	0.0	0.0	0.0	0.0	0.0	0.0	0.0	0.0	0.0	0.0	0.0	0.0	0.0	0.0	0.0	0.0	0.0	0.0	0.0	0.0	0.0	0.0	0.0	0.0	0.0	0.0	0.0	0.0	0.0	0.0	1.0	0.0	0.0	0.0	0.0
5615.475690334523	-17.89232784422984	31533567.22873799	320.13539568540244	3564.638581319071	-60.94443017394087	3714.223569226355	12706648.215428438	3651.742137641557	0.0535420549026639	0.0028667516431998	13335220.639826927	3537.065585469091	7905.18104951365	0.795052	35.043007	0.1067271108554934	0.0520295731968719	-0.0144952405	0.037102186	0.0876439243	0.0949728505	0.0542041626	-0.0203034204	0.0270234805	-0.0307231331	-0.0149514299	-0.0722628028	-0.037385549	0.041852359	-0.0047986124	-0.0099448616	-0.0386079456	0.0015189179	0.0122480439	-0.0195143262	0.0268858761	-0.0103531041	-0.0276041307	-0.0064446618	0.021232869	0.0085110902	0.0275057755	-0.0200561035	-0.0145930693	-0.0288462262	0.0141854853	-0.0122998892	-0.065920441	-0.0847109295	0.0015174945	-0.0198491324	-0.0103243639	-0.0633546984	-0.0378390596	-0.0231949103	-0.1947444227	-0.011836757	-0.0183561059	0.033065218	0.0719704546	0.1102359903	0.0484313643	-0.1006032719	-0.0270775105	0.0336755444	-0.0046539465	-0.0447111691	-0.1692378134	0.0196769644	-0.1043817571	-0.0485109904	-0.1092522382	-0.0118045213	0.0290160135	-0.0853646308	0.0569444308	-0.016369406	-0.0276996788	0.0658562496	-1.2852012579384962	-0.0170977645757517	1.6517422734066929	0.0002923335534878	1.5332972609363793	0.0474088753530566	2.3510004903950037	0.0022476014622416	6.1274608806212	-0.0132312161498902	37.54577684354313	0.0001750650808051	0.0915265645714972	0.0003647287320188	0.0083771120222604	1.3302704796011354e-07	0.019688868088924	-8.777478835050173e-05	0.000387651526623	7.704413469975374e-09	-0.0334546679719519	0.0001272815751664	0.0011192148091135	1.62005993768648e-08	0.0	0.0	0.0	0.0	0.0	0.0	0.0	0.0	0.0	0.0	0.0	0.0	0.0	0.0	0.0	0.0	0.0	0.0	0.0	0.0	0.0	0.0	0.0	0.0	0.0	0.0	0.0	0.0	0.0	0.0	0.0	0.0	0.0	0.0	0.0	0.0	0.0	0.0	0.0	0.0
5603.096812172788	-12.378878161734974	31394693.886580866	153.23662454307905	3601.5496830197435	36.91110170067259	1362.4294287573948	12971160.119259614	3650.36092338912	-1.3812142524366209	1.9077528111340532	13325134.87100627	3540.0897849194785	7750.627278648057	0.8338649999999999	36.753738	0.0969578008432262	0.0549948332680564	-0.0128088015	0.035224496	0.0558462203	0.1023180636	0.0551182932	-0.0151583621	-0.000391857	0.0202459297	-0.0082994272	0.0227167487	-0.0594832213	0.0550999785	-0.0223144956	-0.0684281879	-0.0806067908	0.0154630983	0.0085776087	-0.0267234593	0.0166867659	-0.0126287177	-0.0143511087	-0.009417339	0.0282161246	0.0072142329	0.0258441482	-0.017847899	-0.0093566136	-0.0178363746	-0.0066730302	-0.0085566823	-0.0471022165	-0.0274778545	-0.0015798778	-0.0185294917	-0.0051843761	-0.0645310722	-0.0388946495	-0.0192926041	-0.1862020129	-0.0143554352	-0.0226805749	0.0392668266	0.060292922	0.104854407	0.0539640833	-0.1012719476	-0.0248122763	0.0361496822	-0.0114097903	-0.0570287817	-0.1550621534	0.0294649096	-0.0990498356	-0.0656542039	-0.0955039498	-0.0207287414	0.0399425652	-0.0859720514	0.0591225262	-0.020404848	-0.022408864	0.0607242596	-1.2841859783920313	0.0010152795464648	1.6491336270986987	1.0307925574698783e-06	1.5513562427074843	0.0180589817711049	2.406706191787483	0.0003261268226091	6.157015131489956	0.029554250868756	37.90883532939628	0.0008734537444133	0.0910016444574114	-0.0005249201140858	0.0082812992939531	2.755411261718581e-07	0.0196542626171998	-3.460547172419795e-05	0.0003862900390258	1.1975386732542636e-09	-0.0338617281592799	-0.000407060187328	0.0011466166339329	1.6569799610750737e-07	0.0	0.0	0.0	0.0	0.0	0.0	0.0	0.0	0.0	0.0	0.0	0.0	0.0	0.0	0.0	0.0	0.0	0.0	0.0	0.0	0.0	0.0	0.0	0.0	0.0	0.0	0.0	0.0	0.0	0.0	0.0	0.0	0.0	0.0	0.0	0.0	0.0	0.0	0.0	0.0
5626.809171366172	23.712359193384145	31660981.45097047	562.2759785160696	3606.499895642152	4.950212622408344	24.50460500705089	13006841.497266851	3654.902429221617	4.5415058324965685	20.62527522660035	13358311.767130077	3540.0936648195657	7825.980501248287	0.892092	39.320175	0.3793621849581801	0.1670191140803253	0.0037191111	0.0153119165	0.0316895697	0.0666637064	0.0090976447	-0.0400920626	-0.0126079062	0.0113071006	-0.0249328464	0.0483382232	0.0211083773	0.0201978305	-0.0104658519	0.0131897706	-0.073300803	0.0754931136	0.0142482249	-0.0157104927	0.025422824	0.0009591175	-0.0232600717	-0.0050534943	0.0417053222	0.0114581515	0.0155505863	-0.0231700562	-0.0193319619	-0.0128035858	-0.0005384598	0.0114660593	-0.0484918001	-0.0145733243	0.0138087641	-0.0125883484	-0.0170524365	-0.0549801683	-0.0294239163	-0.0163804193	-0.1753593445	-0.0050059973	-0.0352696128	0.0560286763	0.0266371129	0.0983402825	0.0734872545	-0.0891117619	-0.0359403146	0.0381617807	-0.0100111044	-0.0382493833	-0.1281636538	-0.0641237245	-0.090628466	-0.0369509469	-0.0512846053	-0.0795151163	0.0739312779	-0.0865617806	0.0612519591	-0.0244025048	-0.0170442873	0.0552800014	-1.2971759647222143	-0.012989986330183	1.6826654834530073	0.0001687397448583	1.679092117476955	0.1277358747694708	2.8193503389732446	0.0163164537031219	6.272944027413132	0.1159288959231759	39.34982677105808	0.0134395089099665	0.0924107822753173	0.0014091378179059	0.008539752680736	1.9856693898526027e-06	0.019329326278612	-0.0003249363385878	0.000373622854385	1.0558362413484641e-07	-0.0331416537570666	0.0007200744022133	0.0010983692137532	5.185071447228492e-07	0.0	0.0	0.0	0.0	0.0	0.0	0.0	0.0	0.0	0.0	0.0	0.0	0.0	0.0	0.0	0.0	0.0	0.0	0.0	0.0	0.0	0.0	0.0	0.0	0.0	0.0	0.0	0.0	0.0	0.0	0.0	0.0	0.0	0.0	0.0	0.0	0.0	0.0	0.0	0.0
5626.737548263324	-0.071623102848207	31660175.437036365	0.0051298688616048	3591.506594557259	-14.993301084892664	224.79907742224356	12898919.61874828	3649.5262211510894	-5.376208070527355	28.90361321760346	13319041.63886935	3541.759204137803	7973.171428567046	0.942537	41.543598	0.4450734737668095	0.2187991560646899	0.0069818007	0.0021408764	0.0509357622	0.0698445907	0.0089446634	-0.0247454284	0.0135921029	-0.0272260413	-0.0036327516	-0.0939766265	-0.0372121206	-0.0108265865	0.0166542896	-0.0020678924	-0.0596069508	-0.0025315911	0.0041972934	-0.024642335	0.0191046492	-0.0256686094	-0.0042816427	-0.0003223633	0.0161002012	0.0040024989	0.0232769026	-0.0113799005	-0.0023768206	-0.0089208435	-0.0024455194	-0.0242334605	-0.0513791132	-0.0607763041	-0.0069134698	-0.0085168022	-0.0151451006	-0.0417847617	-0.0148099617	-0.0156725897	-0.1601036621	-0.0162736652	-0.0303308648	0.0554510181	-0.0092713464	0.0716547263	0.0540983762	-0.0812584713	-0.0085231721	0.0335235018	-0.0149364858	-0.0271295816	-0.1231888083	0.0575643239	-0.0997428585	-0.079922099	-0.112805614	-0.0304849498	0.0787731477	-0.0871336971	0.0633309768	-0.0283549738	-0.011623607	0.0495514717	-1.265070090358563	0.0321058743636513	1.6004023335198228	0.0010307871686545	1.4534125591629987	-0.2256795583139563	2.112408067132737	0.0509312630407824	6.20268875003768	-0.0702552773754519	38.473347729844	0.0049358039991016	0.0904830673907707	-0.0019277148845465	0.0081871854844427	3.7160846761025102e-06	0.0190240154090284	-0.0003053108695835	0.0003619131622829	9.32147270858935e-08	-0.0330340242369218	0.0001076295201448	0.0010912467572855	1.1584113606599953e-08	0.0	0.0	0.0	0.0	0.0	0.0	0.0	0.0	0.0	0.0	0.0	0.0	0.0	0.0	0.0	0.0	0.0	0.0	0.0	0.0	0.0	0.0	0.0	0.0	0.0	0.0	0.0	0.0	0.0	0.0	0.0	0.0	0.0	0.0	0.0	0.0	0.0	0.0	0.0	0.0
5580.756562158724	-45.98098610460056	31144843.80607765	2114.2510831514696	3629.342891980655	37.83629742339599	1431.585402711682	13172129.827570504	3647.539948663274	-1.986272487815313	3.945278395852033	13304547.67709448	3543.718739324133	7888.6174807985135	1.126103	49.634537	0.54363413834637	0.2879880068708036	0.0139915295	0.0344180435	0.0551773891	0.0852712004	0.0273334409	0.0322516079	0.0214062885	-0.0129581545	-0.0244465311	-0.0842547056	0.0121939508	-0.013291834	0.0334250194	-0.0688376227	-0.0351814265	0.0011855362	-0.0014259728	-0.0197209446	0.0176926444	-0.0070244157	0.0023611528	0.0030586986	0.0006631534	-0.0016166337	0.0231310253	-0.0038351642	0.0015099918	-0.0018793383	0.0187834891	-0.0425850776	-0.0480862124	-0.0739218621	-0.0096620596	-0.0035926958	-0.0255537578	-0.0309484689	-0.0104938402	-0.0045074285	-0.0815151354	-0.0159953259	-0.0087017136	0.0018143498	-0.032817098	-0.0238767636	-0.0586810588	0.0273022468	0.036177085	-0.0396053152	-0.0195660268	0.0279523865	-0.0035586753	0.1577325982	-0.0613295954	-0.062267643	-0.0501324244	0.0091052784	0.1148024539	-0.0876876832	0.065357868	-0.0322549359	-0.0061646659	0.0435681289	-1.294163525572202	-0.0290934352136389	1.6748592309214714	0.0008464279725302	1.3342828499932295	-0.1191297091697691	1.7803107237860551	0.0141918876068737	6.283759002134133	0.0810702520964525	39.48562719690175	0.0065723857749823	0.0861266905516827	-0.0043563768390879	0.0074178068253853	1.897801916414225e-05	0.0204902096408488	0.0014661942318204	0.0004198486911259	2.1497255254234137e-06	-0.0325697804705	0.0004642437664217	0.0010607905998965	2.1552227466149613e-07	0.0	0.0	0.0	0.0	0.0	0.0	0.0	0.0	0.0	0.0	0.0	0.0	0.0	0.0	0.0	0.0	0.0	0.0	0.0	0.0	0.0	0.0	0.0	0.0	0.0	0.0	0.0	0.0	0.0	0.0	0.0	0.0	0.0	0.0	0.0	0.0	1.0	0.0	0.0	0.0
5525.155480342771	-55.601081815952966	30527343.081961755	3091.480299104296	3582.0889841396006	-47.25390784105457	2232.9318062508787	12831361.490294276	3627.302528848911	-20.23741981436297	409.5531607427708	13157323.635793706	3521.7341208705684	7570.176533118828	1.150442	50.707306	0.1754501820660354	0.0904858782980608	0.0209457872	0.0892818205	-0.018732463	0.0785965515	0.0407634145	0.0570724307	0.0244063137	0.0437316479	-0.0415273911	0.0480936211	-0.0050179755	0.0151033728	0.0470720235	-0.0790336568	0.0010314979	0.0757239515	-0.0336516419	-0.04734802	-0.0132123781	-0.0360772262	0.1107171204	-0.017740639	-0.0382862507	-0.0321393427	0.0352289286	0.0032305879	0.0395799537	0.0479528498	-0.0365788932	-0.0832973663	0.0353380105	-0.0455425697	-0.0390930535	-0.0065921094	-0.0229004928	-0.0166629188	-0.0062134784	0.003440389	-0.0499636415	-0.0327646571	0.0175928071	-0.0477512959	-0.0432809408	-0.0368977985	-0.0875774084	0.0918427577	0.065404158	-0.0576310356	-0.0212730467	0.0726450948	0.0319683431	0.1218377459	-0.0246981876	-0.0311048911	-0.0582777896	0.0024759486	0.153562837	-0.0882236248	0.0673309646	-0.0360951694	-0.000685433	0.0373607416	-1.2776715760176105	0.0164919495545914	1.6324446561633246	0.0002719844001111	1.3480455776894755	0.0137627276962459	1.817226879528152	0.000189412673641	6.329708562300141	0.045949560166008	40.06521048365572	0.0021113620794495	0.085283732339806	-0.0008429582118767	0.0072733150018076	7.105785469703659e-07	0.0198067564624939	-0.0006834531783549	0.0003923076015645	4.67108247003416e-07	-0.0330282879732522	-0.0004585075027521	0.001090867806444	2.1022913008005678e-07	0.0	0.0	0.0	0.0	0.0	0.0	0.0	0.0	0.0	0.0	0.0	0.0	0.0	0.0	0.0	0.0	0.0	0.0	0.0	0.0	0.0	0.0	0.0	0.0	0.0	0.0	0.0	0.0	0.0	0.0	0.0	0.0	0.0	0.0	0.0	0.0	0.0	0.0	0.0	0.0
5591.029875143236	65.87439480046487	31259615.064744186	4339.435890327513	3588.168748405112	6.079764265511585	36.963533524191625	12874954.96703111	3637.3368139424456	10.034285093534436	100.68687733832738	13230219.09806098	3538.068795771837	7793.700092456557	1.535921	67.697815	0.8858605223688931	0.4696661792362238	0.0141437793	0.0144032627	0.0245030413	0.0632293756	0.0234504673	0.0058171321	0.0454291353	-0.038796505	0.0048912001	-0.0509961463	0.0423209009	-0.0507995458	0.1282206369	-0.0284887866	0.0468443642	0.0692639199	-0.0233590491	-0.0106312818	-0.019508291	-0.0024479982	0.0727514641	-0.0248848836	-0.0287626449	-0.0176261754	0.0084700226	0.0248124394	0.013192981	0.0465752591	-0.0209406126	-0.0510174582	0.0165976542	-0.0650210194	-0.0200257832	0.0031901257	-0.009072017	0.0042816658	0.015969137	-0.0044757115	0.0369632821	-0.0070658901	0.028413937	-0.1175585808	0.0254509048	-0.1113523641	-0.2324918166	0.1198640148	0.0221457908	-0.0020336811	-0.028423756	0.0708270107	0.0224142042	0.0873457718	-0.0500429754	-0.0840837142	0.0102261922	-0.0057526378	0.0730472751	-0.0887414118	0.0692486424	-0.0398685628	0.0047960562	0.0309612306	-1.3235446388147525	-0.0458730627971419	1.7517704109352736	0.0021043378903905	1.098710511719304	-0.2493350659701716	1.2071647885624943	0.0621679751223498	6.304192836097101	-0.0255157262030394	39.74284731469801	0.0006510522836684	0.0768435123850546	-0.0084402199547514	0.005904925395672	7.123731288458376e-05	0.0216275420765916	0.0018207856140977	0.0004677505762747	3.3152602525051443e-06	-0.0319865601941305	0.0010417277791216	0.0010231400330527	1.085196765793823e-06	0.0	0.0	0.0	0.0	0.0	0.0	0.0	0.0	0.0	0.0	0.0	0.0	0.0	0.0	0.0	0.0	0.0	0.0	0.0	0.0	0.0	0.0	0.0	0.0	0.0	0.0	0.0	0.0	0.0	0.0	0.0	0.0	0.0	0.0	0.0	0.0	0.0	1.0	0.0	0.0
5561.376821089242	-29.6530540539934	30928912.146148685	879.3036147290545	3615.714439953991	27.54569154887895	758.7651229059811	13073390.911291804	3651.069029305834	13.732215363388605	188.573738786486	13330305.056756249	3551.070916056456	7723.109710166087	1.129669	49.791714	0.1272326651978332	0.0779534079704296	0.0145090868	0.0470948331	0.0276414413	0.1010057116	0.0360403181	0.0062927611	0.0175390466	-0.0394326754	-0.0213760039	-0.0639080791	0.0752359309	-0.0256591016	0.0543159941	0.0394062278	0.020061566	0.0567579753	0.0008900214	-0.0004006932	0.0117601071	0.0021949814	-0.0213235704	-0.0026492864	-0.0139129044	0.0029646957	-0.0003540467	-0.0006350152	-0.0019372044	-0.0007442221	0.0260525132	-0.0121236664	-0.0172348828	-0.1067253243	-0.0026714669	0.0034713607	-0.0113789178	-0.0040451169	0.0117731815	-0.0005241064	0.0181150342	0.0049593901	0.0188432717	-0.0933631514	0.0103641698	-0.1155653891	-0.2155559679	0.1131202982	0.0200340402	-0.0095383221	-0.0344196191	0.0774978386	0.0499511774	0.0972998447	-0.0444367842	-0.0283849977	0.0117455902	-0.0635066394	0.0870630679	-0.0892409375	0.0711093231	-0.0435681289	0.0102617584	0.0244025048	-1.328640980561758	-0.0050963417470055	1.76528685522811	2.5972699202271814e-05	1.1063067828541904	0.0075962711348864	1.2239146977891888	5.7703335154709513e-05	6.314652801129498	0.0104599650323962	39.87483999881261	0.0001094108684789	0.0780938555188129	0.0012503431337582	0.0060986502697932	1.5633579521365187e-06	0.0218646929133845	0.0002371508367929	0.0004780647961966	5.6240519391573084e-08	-0.0325806679692502	-0.0005941077751197	0.0010614999253225	3.529640484576813e-07	0.0	0.0	0.0	0.0	0.0	0.0	0.0	0.0	0.0	0.0	0.0	0.0	0.0	0.0	0.0	0.0	0.0	0.0	0.0	0.0	0.0	0.0	0.0	0.0	0.0	0.0	0.0	0.0	0.0	0.0	0.0	0.0	0.0	0.0	0.0	0.0	0.0	0.0	0.0	0.0
5520.70346734885	-40.673353740392486	30478166.77439761	1654.3217044910994	3585.031472479279	-30.682967474712317	941.4444930542536	12852450.658666946	3638.808544809884	-12.260484495950095	150.31948007543266	13240927.625781426	3535.208320394948	7465.211534151195	1.036241	45.673771	0.4105761161822847	0.2514328832951373	0.0375877347	0.07872542	0.0014771731	0.1115226087	0.0441621411	0.0362839258	0.0546080646	0.0112811675	-0.0541998227	-0.0428753979	-0.0082892855	0.0113479098	0.0704796348	-0.0832587025	-0.0651207307	0.0176809399	-0.0175703221	-0.0311395027	0.0273137705	-0.0163104509	0.010234052	0.0040414245	0.0072686618	-0.0175434293	0.0331316619	-0.0105806391	0.00931359	0.0104228314	0.0268703122	-0.0252911786	-0.0539576427	-0.122653077	-0.0428196588	-0.0003565288	-0.0097434816	-0.0068885722	0.008251817	0.0013738433	-0.0080053802	0.0006932612	0.0240977232	-0.0447865182	0.0070589834	-0.0680274278	-0.1465669457	0.0665556911	0.0376374495	-0.0383788712	-0.0210887085	0.0269333053	0.0435744123	0.173696733	-0.0070035879	-0.0279605646	0.0260309798	0.046993177	-0.0191000133	-0.0897220992	0.0729114752	-0.0471870168	0.0156936827	0.0177182917	-1.28121124364543	0.0474297369163281	1.6415022508434691	0.002249579943952	1.1270026545991811	0.0206958717449907	1.270134983473601	0.0004283191072851	6.168650313867602	-0.1460024872618959	38.05224669477886	0.02131672628666	0.0807821610821774	0.0026883055633644	0.0065257575491068	7.2269868020165e-06	0.0220027372919207	0.0001380443785361	0.0004841204483372	1.9056250445445477e-08	-0.0314780575059695	0.0011026104632807	0.0009908681043491	1.215749833736085e-06	0.0	0.0	0.0	0.0	0.0	0.0	0.0	0.0	0.0	0.0	0.0	0.0	0.0	0.0	0.0	0.0	0.0	0.0	0.0	0.0	0.0	0.0	0.0	0.0	0.0	0.0	0.0	0.0	0.0	0.0	0.0	0.0	0.0	0.0	0.0	0.0	0.0	0.0	0.0	0.0
5543.212289627376	22.508822278526168	30727202.487875976	506.64708036627593	3591.0786904497963	6.047217970517522	36.56884518295006	12895846.161002625	3648.458910774441	9.65036596455684	93.12956324987708	13311252.42360942	3541.298215953859	7431.120366257596	0.8904029999999998	39.24575	0.1567523460808609	0.0881554858074861	0.0362554634	0.0525870301	-0.0164106822	0.1028504176	0.0273053991	0.0100190854	0.0391989004	0.0514431491	-0.0477547758	0.0523397813	0.0055906221	0.0232779805	0.0461398599	-0.0941905325	-0.0244606321	0.0732512616	-0.0029879188	-0.0120016227	0.0070923462	-0.0030813098	-0.0090588352	0.0041525001	0.0246264469	-0.0029958406	0.0155012301	0.0063468633	0.00165023	0.0027910466	0.0147013915	-0.0204049814	-0.0547416109	-0.0806828463	-0.0209374063	0.0003338801	0.004139756	-0.0018981255	0.0065228226	0.0003321818	0.0042636792	0.0033580292	0.0063158093	-0.0145955028	0.0014623145	-0.0695117173	-0.1236149585	0.0427109966	0.0416279091	-0.0230594129	-0.0148114959	-0.0227612594	0.0421319914	0.1421598691	-0.0008757566	-0.048279598	0.0704918327	0.0507106335	-0.0324357922	-0.0901847978	0.0746536153	-0.0507185253	0.0210739489	0.0109429642	-1.3056600165454595	-0.0244487729000295	1.7047480788054896	0.0005977424963172	1.2069059085196017	0.0799032539204205	1.4566218720195252	0.0063845299870711	6.146842051686136	-0.0218082621814659	37.78366720837703	0.0004756002993755	0.0807045855915861	-7.757549059130009e-05	0.0065132301355096	6.017956740480889e-09	0.0216968182986687	-0.000305918993252	0.0004707519242854	9.358643043231737e-08	-0.0312497108482339	0.0002283466577355	0.0009765444280982	5.2142196099018986e-08	0.0	0.0	0.0	0.0	0.0	0.0	0.0	0.0	0.0	0.0	0.0	0.0	0.0	0.0	0.0	0.0	0.0	0.0	0.0	0.0	0.0	0.0	0.0	0.0	0.0	0.0	0.0	0.0	0.0	0.0	0.0	0.0	0.0	0.0	0.0	0.0	0.0	0.0	0.0	0.0
5547.855787145329	4.64349751795271	30778703.834961917	21.56206919923298	3571.1072179899743	-19.971472459822053	398.8597122134307	12752806.762380091	3638.796106964952	-9.662803809489104	93.36977746067716	13240837.10806329	3533.5909188415435	7456.836349919125	0.742074	32.707951	0.1663843911006116	0.0778365814394166	0.0283521552	0.0532657161	-0.0178230009	0.0994460488	0.0319611749	0.0257132718	0.0311581949	0.0121164279	-0.0555814748	-0.0050716225	0.0366909165	0.0237056969	0.0462513117	-0.026628788	-0.0243215531	0.0662447502	-0.0221790147	-0.0082435938	-0.0221216575	-0.0011523562	0.0241078601	-0.0162593869	-0.0007801342	-0.0211443494	0.0053239272	0.0240928854	0.0035605728	0.014514429	-0.0095704216	-0.0138108211	-0.0206976852	-0.0764202632	-0.0259245066	0.0019238259	0.0009484079	-0.0089724828	0.0042243545	-0.0007401876	-0.021894063	0.0055601126	-0.0046502241	0.016392291	-0.0132494485	-0.0480488358	-0.0815379575	0.0136674438	0.0275810446	-0.0253964163	-0.0172819095	-0.0212758765	0.046329443	0.157079043	0.0101284952	-0.0344788196	0.0669450522	0.0327769476	-0.0308901801	-0.0906289382	0.0763343096	-0.0541561147	0.0263848473	0.0041113636	-1.3043316371974072	0.0013283793480522	1.7012810197940686	1.7645916923318533e-06	1.2397152478675366	0.0328093393479349	1.5368938957952678	0.0010764527484479	6.181483334294995	0.0346412826088595	38.21073621216677	0.0012000184607868	0.0821703084778529	0.0014657228862667	0.0067519595953455	2.148343579326275e-06	0.0217069930240294	1.017472536070027e-05	0.0004711935461452	1.0352503616567724e-10	-0.0317259210325217	-0.0004762101842877	0.0010065340653618	2.267761396194186e-07	0.0	0.0	0.0	0.0	0.0	0.0	0.0	0.0	0.0	0.0	0.0	0.0	0.0	0.0	0.0	0.0	0.0	0.0	0.0	0.0	0.0	0.0	0.0	0.0	0.0	0.0	0.0	0.0	0.0	0.0	0.0	0.0	0.0	0.0	0.0	0.0	0.0	0.0	0.0	0.0
5547.112813876406	-0.7429732689224693	30770460.56987182	0.5520092783333399	3586.6470878663376	15.539869876363356	241.48755577430524	12864037.33290008	3638.4334613317087	-0.3626456332431189	0.1315118553103027	13238198.052538238	3533.4273999009847	7450.047220274701	0.68688	30.275162	0.0905287813390206	0.0630812173770527	0.0282545826	0.0491671858	-0.0137531292	0.0918793417	0.0289953976	0.0169481395	0.0223336051	0.0334020771	-0.0598527511	0.02369254	0.0034397657	0.0194406705	0.0316263738	-0.0863489596	-0.0401849208	0.0491990511	-0.0229595061	-0.0121168706	0.0006001134	-0.0045725549	0.0026627422	-0.009504947	-0.0015447268	-0.0215146202	0.0118383109	0.0095862424	0.0069674919	0.0051205169	0.0061090489	-0.0138676615	-0.0185414	-0.0609470414	-0.0153570905	0.0004593851	0.0021624848	-0.0059086079	0.0023230022	0.0015724365	-0.0134367589	0.0009870444	0.0013074483	0.0141329659	-0.0102897141	-0.0437609329	-0.0658083265	0.0154194317	0.0289245019	-0.0248621718	-0.0219068485	-0.0183961179	0.0313866425	0.1624818515	0.000558863	-0.0407911584	0.0555275586	0.0320374744	-0.0476807307	-0.0910544289	0.0779521747	-0.0574934194	0.0316088963	-0.0027413792	-1.2876572927920191	0.016674344405388	1.6580613036804717	0.0002780337613494	1.2365959687922723	-0.0031192790752643	1.5291695900332984	9.729901949381864e-06	6.122792932223192	-0.0586904020718028	37.48859329088228	0.0034445632953498	0.0822489147678068	7.860628995390306e-05	0.0067648839804819	6.1789488203170825e-09	0.021648949116819	-5.804390721040123e-05	0.0004686769978626	3.369095164249668e-09	-0.0318301659510887	-0.000104244918567	0.0010131594644738	1.0867003047041209e-08	0.0	0.0	0.0	0.0	0.0	0.0	0.0	0.0	0.0	0.0	0.0	0.0	0.0	0.0	0.0	0.0	0.0	0.0	0.0	0.0	0.0	0.0	0.0	0.0	0.0	0.0	0.0	0.0	0.0	0.0	0.0	0.0	0.0	0.0	0.0	0.0	0.0	0.0	0.0	0.0
5578.693055874904	31.580241998497517	31121816.21166687	997.3116846836662	3606.135963209909	19.48887534357118	379.8162621572567	13004216.585155858	3642.57085131164	4.137389979931413	17.11799584603686	13268322.406825207	3530.684234083082	7549.430188945957	0.931367	41.0513	0.4715495131036534	0.169568778487259	0.0240924373	0.0166207198	-0.028860663	0.0680530148	0.0076085425	0.00383934	-0.014085444	0.0546502268	-0.0347958068	0.091329489	0.0368598288	0.0026668086	-0.010815297	0.0171768712	0.0095598574	0.0974468831	-0.0174825718	-0.0027616625	-0.0196373963	-0.0014110245	0.0083556742	-0.0091451256	0.0031683112	-0.0176849858	-0.0036055604	0.0118761497	0.0074352832	0.0071913717	-0.026648871	0.0020555612	0.0067894897	0.005253389	0.0090339495	-0.0004177271	0.0060105039	-0.0141490995	9.9873e-06	-0.0013513397	-0.0580193131	0.0018185078	-0.0229681436	0.0615668275	-0.0342427439	-0.007109324	0.0091963878	-0.0331061902	0.0059199458	-0.0011066933	-0.0151275043	-0.0360197152	0.0403258522	0.0895750372	0.0299117414	-0.0427828804	0.061613475	0.0194126422	-0.0271778702	-0.0914611824	0.0795058789	-0.0607242596	0.0367289002	-0.0095800247	-1.2722769741811677	0.0153803186108514	1.6186886990315876	0.0002365542005713	1.3813543908117367	0.1447584220194644	1.908139953014864	0.0209550007455653	6.2095601372597145	0.086767205036522	38.55863709824489	0.0075285478698498	0.0847801625384162	0.0025312477706094	0.0071876759600402	6.4072152762151084e-06	0.020893708411807	-0.000755240705012	0.0004365470511976	5.703885225070242e-07	-0.0330365488242036	-0.0012063828731148	0.0010914135582139	1.455359636544958e-06	0.0	0.0	0.0	0.0	0.0	0.0	0.0	0.0	0.0	0.0	0.0	0.0	0.0	0.0	0.0	0.0	0.0	0.0	0.0	0.0	0.0	0.0	0.0	0.0	0.0	0.0	0.0	0.0	0.0	0.0	0.0	0.0	0.0	0.0	0.0	0.0	0.0	0.0	0.0	0.0
5612.802427854389	34.10937197948533	31503551.094128124	1163.4492568348992	3611.268718431944	5.13275522203503	26.345176169327868	13041261.756725091	3652.815391028168	10.244539716527925	104.95059400351803	13343060.280932268	3538.5254466695283	7678.020328038222	0.880696	38.817879	0.2217018469208351	0.1339641538534985	0.0066920629	-0.0073451629	-0.0150070391	0.0272314114	0.005501792	0.0052832108	-0.0179543315	0.0155342175	-0.0183328977	0.0638421166	-0.012042448	-0.0117243418	-0.081846474	0.0268410741	-0.0682694358	-0.0137726401	0.0009518719	0.0073844851	0.0102481948	0.0096553208	-0.0024509777	-0.0050129693	0.0088112313	0.0013228729	-0.007645494	-0.0060900174	-0.0080352979	0.0019030647	-0.0072371447	0.0126552995	-0.002510849	0.0151068204	0.0029343088	0.0010772931	0.003263817	-0.0104018898	-0.0037299538	-0.0033705621	-0.0509815543	-0.0012813659	-0.018504445	0.0551012228	-0.0118580035	0.0217359553	0.0388087876	-0.0419489406	0.0023624454	-0.0078493195	-0.0069786218	-0.03340232	-0.0007377278	0.1107949533	0.0145682546	-0.0414445331	0.0182710968	0.0342406829	-0.0379944291	-0.091849115	0.0809941435	-0.0638426524	0.0417280058	-0.016369406	-1.290251257450791	-0.0179742832696232	1.6647483073533471	0.0003230748590566	1.4108019308481945	0.0294475400364577	1.9903620880849937	0.0008671576141987	6.079607914450506	-0.1299522228092087	36.96163239344923	0.0168875802130542	0.0846946783517679	-8.54841866483047e-05	0.0071731885411094	7.307546166922196e-09	0.0211283266548096	0.0002346182430026	0.0004464061872323	5.504571994962852e-08	-0.0324700952377436	0.00056645358646	0.0010543070847481	3.208696656133968e-07	0.0	0.0	0.0	0.0	0.0	0.0	0.0	0.0	0.0	0.0	0.0	0.0	0.0	0.0	0.0	0.0	0.0	0.0	0.0	0.0	0.0	0.0	0.0	0.0	0.0	0.0	0.0	0.0	0.0	0.0	0.0	0.0	0.0	0.0	0.0	0.0	0.0	0.0	0.0	0.0
5621.491694232847	8.689266378458342	31601168.868328888	75.50335019580655	3603.682995283424	-7.585723148519719	57.54319568598792	12986531.130494911	3655.976577103641	3.1611860754728696	9.993097403763564	13366164.732330456	3543.193647057157	7790.159341178574	0.7219449999999998	31.82074	0.1631299395058121	0.0942929568453789	-0.0011052127	-0.0225135655	-0.0021742717	-0.001957258	-0.0013856111	-0.0012786602	0.0037357608	0.0063966992	0.0195537633	0.0378274159	-0.0337225979	-0.0016003219	0.0075843522	0.0041047325	0.0340362302	-0.0095009285	0.0077185908	0.0017325097	0.0018488105	-0.0056485112	-0.0006100232	0.0100591978	0.0014601605	0.005830833	-0.0015909556	-0.0056377906	0.0019919659	-0.0070815277	0.0030729401	-0.0046812899	0.0028678376	0.0345127663	0.0091289757	0.0020549958	0.005328002	-0.0083110061	-0.0004672941	-0.0038944838	-0.0542783663	0.0006769389	-0.0206107156	0.0611131238	-0.0071299427	0.0340837753	0.0557884742	-0.0592646721	-0.0074580001	0.0094352657	-0.0100619284	-0.0348266005	-0.0281057752	0.0961304212	0.0007506401	-0.0518024261	0.0069702889	0.0360532978	-0.0648263311	-0.0922181468	0.0824157435	-0.0668428233	0.0465897578	-0.0230746094	-1.261283206026718	0.0289680514240728	1.5908353258050365	0.0008391480033077	1.3359169342951844	-0.07488499655301	1.784674055336644	0.0056077627087443	6.0575150067910215	-0.0220929076594842	36.69348805749843	0.0004880965688504	0.0850050197420323	0.0003103413902643	0.0072258533813433	9.631177851123809e-08	0.0208177259065842	-0.0003106007482254	0.0004333777119216	9.647282479818015e-08	-0.0325928327766387	-0.000122737538895	0.0010622927484059	1.5064503454026164e-08	0.0	0.0	0.0	0.0	0.0	0.0	0.0	0.0	0.0	0.0	0.0	0.0	0.0	0.0	0.0	0.0	0.0	0.0	0.0	0.0	0.0	0.0	0.0	0.0	0.0	0.0	0.0	0.0	0.0	0.0	0.0	0.0	0.0	0.0	0.0	0.0	0.0	0.0	0.0	0.0
5632.809398684824	11.31770445197708	31728541.721912093	128.0904340623018	3631.711808631168	28.028813347743835	785.614377682663	13189330.660951069	3654.556921812285	-1.4196552913558662	2.0154211462747096	13355786.294766083	3540.2528165112267	7818.3390866443	0.785869	34.638245	0.0668687870412788	0.0288339923384188	-0.0102721133	-0.0323462666	0.00250006	-0.0214868887	-0.0041707314	0.0093259119	-0.0431286041	-0.0282930608	0.0165411381	0.0239180345	0.0013355367	-0.0250423973	-0.0902211793	0.0729334453	-0.0414331273	-0.0238228328	0.0067610054	0.004114955	0.0141075209	-0.0022851825	0.0007918966	0.0059060932	-0.0067723359	0.0061714416	-0.003297451	-0.017254167	-0.0034515519	-0.0039894287	-0.0035642054	0.0067201945	0.0054783705	0.0325267433	-0.0078980213	0.0009528503	0.001758894	-0.0069811385	-0.0045290236	-0.0034721287	-0.0434711552	-0.0035303044	-0.0146561079	0.0573958034	-0.012101804	0.0282172139	0.0656315034	-0.0450502216	-0.0044363832	0.0052771705	-0.0110958673	-0.0175772364	-0.0259528711	0.1168342568	0.0083461266	-0.0419895331	-0.0211403375	0.0326092004	-0.054577313	-0.0925682019	0.0837695089	-0.0697192167	0.0512981531	-0.0296611541	-1.2519099233328743	0.0093732826938437	1.5672784561393232	8.785842845871062e-05	1.358462687980662	0.0225457536854776	1.8454208746356453	0.0005083110092462	6.060172674703509	0.0026576679124872	36.72569284722308	7.063198733064215e-06	0.0850835918542759	7.857211224360228e-05	0.007239217602825	6.173576822421234e-09	0.0210127920457137	0.0001950661391295	0.0004415374295564	3.8050798634889565e-08	-0.032965036180255	-0.0003722034036163	0.0010866936103655	1.3853537366355954e-07	0.0	0.0	0.0	0.0	0.0	0.0	0.0	0.0	0.0	0.0	0.0	0.0	0.0	0.0	0.0	0.0	0.0	0.0	0.0	0.0	0.0	0.0	0.0	0.0	0.0	0.0	0.0	0.0	0.0	0.0	0.0	0.0	0.0	0.0	0.0	0.0	0.0	0.0	0.0	0.0
5636.694920791351	3.885522106526878	31772329.63007502	15.097282040309066	3599.310215398894	-32.40159323227408	1049.8632439897494	12955034.026674831	3652.119942884533	-2.4369789277520795	5.938866294307675	13337980.077214925	3540.771240173974	7919.303309467289	0.859095	37.865776	0.1526694264776556	0.1010641930356569	-0.0107383141	-0.0335754166	0.00656259	-0.0319375722	-0.0156945539	-0.0191513693	0.0031732971	-0.0166287819	0.052555495	0.0363035308	-0.0817695733	-0.0035985842	0.0196719597	-0.0720092033	0.038397645	-0.0810761136	-0.0006286431	0.000990046	0.006814474	0.0021213111	-0.002136403	-0.0046893872	-0.0036302719	-0.0008535583	-0.0004298911	-0.0088374666	-0.0020896815	-0.0097694377	-0.0033449878	0.006831399	0.0189812325	0.0216713022	0.0053241356	0.0018024727	0.0042662625	0.0001630205	0.0027780641	-0.0055777008	-0.0283968658	0.0047866769	-0.0136043508	0.0666226232	-0.0339372132	0.0101375994	0.0563645624	-0.0203906857	0.0028747435	-0.0102535734	0.0008809977	-0.0171641045	0.0253957291	0.0673913737	0.0446882618	-0.0408000704	0.0272826448	0.0527577424	-0.0587391395	-0.0928992083	0.0850543252	-0.0724665061	0.0558376933	-0.0360951694	-1.2420715722576148	0.0098383510752595	1.5427417906105032	9.679315188006062e-05	1.3644122276308224	0.0059495396501603	1.861620726908503	3.539702204882976e-05	6.109268920259694	0.0490962455561856	37.32316674005105	0.0024104413277132	0.0840926056759265	-0.0009909861783494	0.0070715663293668	9.820536056795566e-07	0.0203583282096775	-0.0006544638360361	0.0004144615274929	4.283229126792175e-07	-0.0328547803907196	0.0001102557895353	0.0010794365945224	1.2156339126074186e-08	0.0	0.0	0.0	0.0	0.0	0.0	0.0	0.0	0.0	0.0	0.0	0.0	0.0	0.0	0.0	0.0	0.0	0.0	0.0	0.0	0.0	0.0	0.0	0.0	0.0	0.0	0.0	0.0	0.0	0.0	0.0	0.0	0.0	0.0	0.0	0.0	0.0	0.0	0.0	0.0
5617.481662360651	-19.21325843070008	31556100.226958185	369.1492995248677	3614.667195344091	15.356979945197054	235.8368330371845	13065818.933096716	3647.615252472764	-4.504690411768934	20.29223570588297	13305097.030071946	3535.37908560306	7902.729050222811	1.403984	61.882549	0.827235864230924	0.3448412514218599	-0.0024787572	-0.0554483342	0.0113683214	-0.0961587232	-0.0099268255	-0.0100014312	-0.029451463	-0.0315079181	0.0437688133	0.019595021	0.0362810263	-0.0141978778	-0.0484756458	0.1269142916	0.0268134298	0.0055915659	-0.006449185	-0.0102004546	-0.0182714896	-0.007592595	0.0044966198	0.0147004308	-0.0159756343	-0.0049849335	0.0024710217	0.0043920166	0.0136908263	-0.0008009853	-0.0132585117	0.0192999091	0.044132431	0.0790343729	-0.0088178752	0.0136357746	-0.0050138366	0.0380559957	0.0193875387	0.0175590888	0.0955511639	-0.0133312784	0.0185350699	-0.0684474449	-0.0018141993	-0.0274254033	-0.0967688447	0.1099067537	0.0574642095	0.0218968648	0.0162380678	0.0128971255	-0.0575602769	-0.1160663814	-0.0633471415	-0.0076215176	-0.0821888396	-0.0235969431	0.0556486591	-0.0932110979	0.0862691351	-0.0750796043	0.060193436	-0.0423435691	-1.291601975833757	-0.0495304035761421	1.6682356639776648	0.0024532608784155	1.14019219794028	-0.2242200296905423	1.3000382482438868	0.0502746217144276	5.9821483814777	-0.1271205387819947	35.786099258016264	0.0161596313802246	0.077882327925913	-0.0062102777500134	0.0060656570031594	3.856754973231269e-05	0.0199610717624518	-0.0003972564472256	0.0003984443859057	1.57812684862385e-07	-0.0309350167443139	0.0019197636464057	0.0009569752609709	3.685492458060914e-06	0.0	0.0	0.0	0.0	0.0	0.0	0.0	0.0	0.0	0.0	0.0	0.0	0.0	0.0	0.0	0.0	0.0	0.0	0.0	0.0	0.0	0.0	0.0	0.0	0.0	0.0	0.0	0.0	0.0	0.0	0.0	0.0	0.0	0.0	0.0	0.0	0.0	0.0	1.0	0.0
5635.106533620891	17.62487126024007	31754425.64525686	310.6360869400364	3590.595491687257	-24.07170365683396	579.4469169424335	12892375.984924857	3649.981886019925	2.3666335471607454	5.600954346546652	13322367.768273568	3537.089803130364	7838.781863737773	1.341461	59.126732	0.7579436685201526	0.3918820477032494	-0.0104789238	-0.0436655233	0.0302279313	-0.0994572211	-0.0048421997	-0.0048689615	-0.0047180142	-0.0211367743	0.0463214158	0.0464836156	0.0120055356	-0.0055982819	-0.0942084554	-0.0268301378	0.0502000871	-0.0394952704	-0.0107024878	0.032299339	-0.0364636335	0.0314858205	0.0144768546	0.0108534217	-0.0237795252	-0.0069477214	-0.0247651175	0.029448697	-0.009229115	0.0162015781	-0.0076439541	0.0175161316	0.0554011999	0.0868441884	-0.0067589265	0.0179625441	-0.0081393133	0.0515639163	0.0189531147	0.0246452963	0.1191976614	0.0008844603	0.0233447097	-0.1492396342	0.0501452236	-0.0622577827	-0.1977633981	0.1373334393	0.0036203596	0.0753105594	-0.0014597647	0.0686596766	-0.1298447431	-0.2867472163	-0.1465540267	0.0193150876	-0.1667829494	-0.1701201082	0.1786461482	-0.0935038064	0.0874129386	-0.0775536723	0.0643510435	-0.0483742215	-1.258620564828334	0.0329814110054229	1.5841257262087944	0.0010877734719086	0.9940471611167396	-0.1461450368235404	0.9881297585242492	0.0213583717881539	6.040560204078844	0.058411822601144	36.488367579101045	0.0034119410195875	0.072315084809911	-0.0055672431160019	0.0052294714910646	3.0994195912671646e-05	0.017252744698881	-0.0027083270635708	0.0002976571996447	7.335035483270039e-06	-0.033067554526542	-0.0021325377822281	0.0010934631623658	4.547717392630352e-06	0.0	0.0	0.0	0.0	0.0	0.0	0.0	0.0	0.0	0.0	0.0	0.0	0.0	0.0	0.0	0.0	0.0	0.0	0.0	0.0	0.0	0.0	0.0	0.0	0.0	0.0	0.0	0.0	0.0	0.0	0.0	0.0	0.0	0.0	0.0	0.0	0.0	0.0	0.0	1.0
5624.223916281541	-10.882617339349965	31631894.66047328	118.43136015472048	3576.8300295499103	-13.76546213734673	189.48794785472643	12793713.060290013	3649.223727332999	-0.7581586869259809	0.5748045945613275	13316833.812130146	3542.420044186916	7809.429442252313	1.015182	44.745548	0.279156925867304	0.2298114505203068	-0.0043818246	-0.0389028782	0.0033839314	-0.0932135335	-0.0157292105	0.0027811543	0.0223263092	-0.0042191191	0.0188811903	-0.0173293933	0.0187564602	0.0224747004	0.0310505893	0.0515563033	0.0798136474	-0.02706263	-0.0081616433	0.0254634285	-0.0333685215	0.0213335146	0.0251393053	0.0080330875	-0.0158693741	-0.0062104736	-0.0268536996	0.0267480248	-0.0011941405	0.0173018781	-0.0093580534	-0.0001394202	0.0365101362	0.0482914332	-0.0019202357	0.0153633028	-0.0013373125	0.0415637064	0.024229735	0.0250964321	0.1138432747	0.0021383401	0.0237113377	-0.0894299598	0.0160578794	-0.0564452647	-0.1133821811	0.1133241244	0.036622726	0.0459367794	0.0025878488	0.0552283174	-0.0936747848	-0.1459060182	-0.0876737614	0.0276510453	-0.1089352783	-0.1193521827	0.0559802128	-0.0937772737	0.0884847944	-0.0798841288	0.0682968306	-0.0541561147	-1.2459195867323842	0.0127009780959497	1.5523156166033951	0.0001613148445937	0.9927770703277616	-0.0012700907889779	0.9856063113685734	1.6131306122467472e-06	5.961886382117058	-0.0786738219617859	35.54408923327282	0.0061895702620747	0.0756106392039174	0.0032955543940064	0.0057169687608249	1.086067876385491e-05	0.017633729615756	0.000380984916875	0.0003109484201615	1.45149506886251e-07	-0.0330138531370116	5.370138953040421e-05	0.0010899144989521	2.8838392374962063e-09	0.0	0.0	0.0	0.0	0.0	0.0	0.0	0.0	0.0	0.0	0.0	0.0	0.0	0.0	0.0	0.0	0.0	0.0	0.0	0.0	0.0	0.0	0.0	0.0	0.0	0.0	0.0	0.0	0.0	0.0	0.0	0.0	0.0	0.0	0.0	0.0	0.0	0.0	0.0	0.0
5633.364299421849	9.140383140307677	31734793.33000062	83.54660395162082	3579.147516375211	2.317486825300876	5.37074518544313	12810296.94397484	3653.5419866327406	4.31825929974184	18.647363379806883	13348369.048088314	3538.953791297939	7854.06437757132	0.941651	41.504574	0.3917129182939183	0.1973517559293998	-0.0020026891	-0.043499765	-0.0053105881	-0.0884480975	-0.0410017739	-0.0023140959	-0.0010130679	-0.0208826908	0.0355459357	-0.0003254961	0.0217118593	-0.0160511674	-0.0577047025	0.0454812713	0.0427741759	-0.0618474342	0.0013304369	0.0250342408	-0.0169446203	0.027770876	-0.0032420364	0.0022968685	0.0105656821	0.0007198052	-0.0220690287	0.0146621977	-0.0179977447	0.0032132986	-0.0026463394	0.0269870539	0.0156714397	0.0603007696	0.0045554524	0.0161916628	0.0067003954	0.0434932343	0.0254633421	0.0112353776	0.0933000085	0.0042854961	0.0120484973	-0.031477927	-0.0024869978	-0.0412648906	-0.0408010445	0.048897967	0.0255632739	0.0091302931	0.0170219074	0.0278762105	-0.0218843676	-0.010824333	-0.0192224642	-0.0004143055	-0.0549883165	0.0138769134	-0.0414091988	-0.0940314435	0.0894838202	-0.0820666583	0.072017809	-0.0596595157	-1.2611505988793257	-0.0152310121469414	1.5905008330536818	0.0002319837310202	1.0841729779783122	0.0913959076505506	1.175431046178362	0.0083532119352679	5.921344567477291	-0.0405418146397664	35.06232148679283	0.0016436387342851	0.0778782539120559	0.0022676147081384	0.0060650224323906	5.142076464566024e-06	0.0194100545645654	0.0017763249488094	0.0003767502181994	3.155330323762724e-06	-0.0321669091168263	0.0008469440201853	0.0010347100421301	7.173141733276381e-07	0.0	0.0	0.0	0.0	0.0	0.0	0.0	0.0	0.0	0.0	0.0	0.0	0.0	0.0	0.0	0.0	0.0	0.0	0.0	0.0	0.0	0.0	0.0	0.0	0.0	0.0	0.0	0.0	0.0	0.0	0.0	0.0	0.0	0.0	0.0	0.0	0.0	0.0	0.0	0.0
5609.17759802418	-24.186701397668912	31462873.326176308	584.9965244999993	3600.8262850315728	21.678768656361623	469.9690104560473	12965949.934974276	3647.4908989750575	-6.051087657683183	36.61566184096576	13304189.858105874	3541.095723230965	7822.550339453704	0.795624	35.068211	0.2370183463997448	0.0859660764281444	0.0042704334	-0.0268293389	0.003365989	-0.0632037161	-0.0222956578	0.0060629563	0.0155011702	-0.0167542077	0.0002782399	-0.0617244904	0.0293757832	0.0190269932	0.0215911093	0.0328594691	0.0464957056	-0.0537532205	-0.010758744	0.0187000466	-0.0322312077	0.0093569847	0.0074597294	0.0046037208	-0.0207343225	-0.0101291767	-0.0179983083	0.025260509	0.0014438518	0.0023277155	-0.0062285574	-0.0082262459	0.0216667761	0.0070342502	-0.0046886214	0.0151268778	0.0055784053	0.0346999303	0.0168997269	0.0158897967	0.0959985663	-0.0009915586	0.0109436835	-0.0289720147	-0.010062285	-0.0368577792	-0.0470513382	0.0493119751	0.0229456517	0.0130128514	0.0044480508	0.0253109392	-0.0337859702	-0.0299126962	-0.0399188236	0.0003216186	-0.0499547327	-0.0234505529	-0.0044864109	-0.0942662634	0.0904091936	-0.0840972192	0.0755017308	-0.0648561241	-1.2514570906725029	0.0096935082068227	1.5661448497944852	9.396410135574096e-05	1.138512932558399	0.0543399545800866	1.2962116976027254	0.0029528306637658	5.991790935516661	0.0704463680393701	35.90155861493963	0.0049626907699383	0.0785658729740029	0.000687619061947	0.0061725963961671	4.72819974352877e-07	0.019617477453069	0.0002074228885035	0.0003848454216216	4.30242546751766e-08	-0.033322637477845	-0.0011557283610187	0.0011103981684798	1.335708044462977e-06	0.0	0.0	0.0	0.0	0.0	0.0	0.0	0.0	0.0	0.0	0.0	0.0	0.0	0.0	0.0	0.0	0.0	0.0	0.0	0.0	0.0	0.0	0.0	0.0	0.0	0.0	0.0	0.0	0.0	0.0	0.0	0.0	0.0	0.0	0.0	0.0	0.0	0.0	0.0	0.0
5604.096246203894	-5.081351820285818	31405894.73671658	25.820136321521996	3596.474071751887	-4.352213279685657	18.94176043187218	12934625.748783598	3650.524118898724	3.033219923666365	9.200423105326593	13326326.342661304	3537.0111041099703	7729.576901508794	0.8197299999999998	36.130726	0.2106749894116599	0.0973529132001911	0.0140806755	-0.0380781918	-0.0169090805	-0.057793219	-0.0266083094	0.0049510183	0.0018617442	0.0004444786	0.0130821354	-0.0102540635	0.0036233804	0.0157116358	-0.0284010163	-0.033558527	0.0123433772	-0.0097047612	-0.0029017454	0.0191366686	-0.0124482497	0.0124372934	-0.000247081	0.0144661369	-0.0069001546	-0.0031733119	-0.0169738692	0.0132700561	-0.0021174283	0.0085240423	0.0095714133	0.0130712486	0.010950292	0.0366645671	-0.0231651365	0.018516105	0.0068921667	0.0404308295	0.0224811904	0.0095234878	0.0826997043	-0.0014434852	0.0018965861	-0.0220596577	-0.0165358562	-0.0260915487	-0.008407389	0.0176834763	0.0220148354	-0.0094285096	0.0139157162	0.0090653623	-0.0122060103	-0.0198302214	-0.0241455536	-0.0030287324	-0.0488866593	0.0112471854	-0.0269689624	-0.0944816852	0.0912601531	-0.0859720514	0.0787371281	-0.0697192167	-1.2608102256667737	-0.0093531349942708	1.589642425145901	8.748113422105336e-05	1.1528573494594951	0.0143444169010962	1.3290800682027726	0.0002057622962324	5.918712414864643	-0.0730785206520181	35.031156649872855	0.0053404701806874	0.0792420406142812	0.0006761676402782	0.0062793010007153	4.572026777595164e-07	0.0186930178345097	-0.0009244596185593	0.0003494289157612	8.546255863468064e-07	-0.0326452863993971	0.0006773510784479	0.0010657147240986	4.58804483474534e-07	0.0	0.0	0.0	0.0	0.0	0.0	0.0	0.0	0.0	0.0	0.0	0.0	0.0	0.0	0.0	0.0	0.0	0.0	0.0	0.0	0.0	0.0	0.0	0.0	0.0	0.0	0.0	0.0	0.0	0.0	0.0	0.0	0.0	0.0	0.0	0.0	0.0	0.0	0.0	0.0
5606.997553498349	2.9013072944544547	31438421.564936467	8.417584016854628	3581.24182711654	-15.232244635346888	232.02127663105404	12825293.024289016	3652.179881692589	1.6557627938650512	2.7415504295478	13338417.888240092	3540.718795187458	7753.217575898538	0.751776	33.135567	0.2457229798244585	0.1338439375205568	0.0106898921	-0.0440788922	-0.0052013756	-0.0726003237	-0.0285297999	0.0002399113	0.007120432	0.0126365754	-0.0018176968	0.0462766697	0.0143044892	0.0324045694	0.0035998653	0.023019022	0.0312341772	0.0072263319	0.0006457892	0.0113478988	-0.0078238939	-0.0066260289	-0.0024576137	0.0027355921	-0.0212404243	-0.0006382449	-0.0102110424	0.0079381715	0.0058609693	-0.0031251711	0.0007354109	-0.0064186751	0.0213945466	0.0154654418	0.0032662682	0.0159606832	0.0089729155	0.0316995733	0.0150078576	0.0093969503	0.0792380015	0.0016713605	0.0039344501	0.0016879247	-0.0048549608	-0.0099755823	0.0211663751	-0.0139326433	0.0129615358	0.0070906069	0.0060389984	-0.0159976052	-0.0283313855	0.0443306155	-0.0126756103	-0.0160088423	-0.0065510487	0.0193713873	-0.0568463049	-0.0946776645	0.0920359983	-0.0876876832	0.081713351	-0.0742237856	-1.2772461640349917	-0.0164359383682179	1.6313577635421008	0.0002701400700438	1.1929322544834946	0.0400749050239994	1.4230873637870731	0.0016059980126825	5.944455099162994	0.0257426842983505	35.33654642596492	0.0006626857948845	0.0800069813272307	0.0007649407129495	0.0064011170610958	5.851342943277056e-07	0.0210271950083453	0.0023341771738355	0.0004421429299189	5.448383078855142e-06	-0.0324750152435044	0.0001702711558927	0.0010546266150658	2.8992266529036534e-08	0.0	0.0	0.0	0.0	0.0	0.0	0.0	0.0	0.0	0.0	0.0	0.0	0.0	0.0	0.0	0.0	0.0	0.0	0.0	0.0	0.0	0.0	0.0	0.0	0.0	0.0	0.0	0.0	0.0	0.0	0.0	0.0	0.0	0.0	0.0	0.0	0.0	0.0	0.0	0.0
5632.568812630098	25.571259131749684	31725831.42901324	653.8892935830917	3612.112274438293	30.87044732175264	952.9845178451044	13047355.083147775	3659.241912718607	7.062031026018303	49.87228221244513	13390051.37579653	3550.726093275249	7805.115234247454	0.8014029999999999	35.322937	0.400172207576801	0.2327608535183811	0.0146625738	-0.0589699394	0.0007180021	-0.056652076	-0.0360737157	-0.0020226962	-0.0022553024	-0.0018545382	0.0058430878	-0.0259185034	-0.0242928937	0.0052597248	-0.0083493031	-0.0179684928	-0.0075963499	-0.0501149435	0.0139108096	0.0105743878	-0.0091298515	0.0173029639	-0.0285510403	0.0265418239	0.0129869136	0.014360985	-0.0087422662	0.012769601	-0.0104699395	-0.0060882592	0.0326703584	0.0168052771	-0.0081120563	0.0266710545	0.0038694355	0.015604332	0.0051112405	0.0217270601	0.0096987973	0.0054986489	0.0303598743	-0.0060888427	0.0010666219	0.0339635525	0.0129828409	0.0601144429	0.0985259369	-0.0897913764	-0.0203247252	-0.0024095309	0.0055774121	-0.0220247386	-0.0608263557	0.07596905	-0.0359351205	-0.0301636549	-0.0373804578	0.0242569003	-0.0660440545	-0.094854161	0.0927360906	-0.0892409375	0.0844206031	-0.0783466667	-1.2441318610406429	0.0331143029943488	1.5478640876564536	0.0010965570628015	1.2832976165968972	0.0903653621134026	1.6468527727632771	0.0081658986698863	5.847633189985459	-0.0968219091775353	34.19481392461951	0.0093744820967828	0.0831050263952195	0.0030980450679887	0.0069064454121501	9.59788324328966e-06	0.020932843959329	-9.435104901629744e-05	0.0004381839562256	8.90212045047576e-09	-0.0328800317923296	-0.0004050165488252	0.0010810964906646	1.6403840482227697e-07	0.0	0.0	0.0	0.0	0.0	0.0	0.0	0.0	0.0	0.0	0.0	0.0	0.0	0.0	0.0	0.0	0.0	0.0	0.0	0.0	0.0	0.0	0.0	0.0	0.0	0.0	0.0	0.0	0.0	0.0	0.0	0.0	0.0	0.0	0.0	0.0	0.0	0.0	0.0	0.0
5594.054131182544	-38.51468144755472	31293441.622600485	1483.380687006616	3618.962241949149	6.849967510856004	46.9220548997828	13096887.70865361	3647.224807375287	-12.017105343320054	144.4108208324514	13302248.7955337	3541.7482171981187	7764.38261480098	1.081124	47.652016	0.2513401993363666	0.1510890717888415	0.0065185587	-0.0279588503	-0.0178491317	-0.0702149922	-0.028608524	0.0273011069	-0.0074677326	0.0299214168	0.001375245	0.0132330293	0.0012111589	0.0135822072	0.0368155674	0.0207259759	0.0271776604	-0.0279312898	-0.0064784498	-0.0047024875	-0.006501571	-0.0180647903	0.0168424879	0.0013695341	-0.0330846135	-0.0066690482	-0.0016715647	0.0007144434	0.0205202384	0.0023503699	0.0070113101	-0.0161634626	0.0384451776	0.0161642475	-0.010238495	0.0140634804	0.0050861787	0.0277628268	0.012921052	0.0080362134	0.058911379	-0.0080334341	0.0107621413	0.0119160399	-0.0110329497	0.0412502621	0.0701875359	-0.0356191516	0.0046219778	-0.0042803832	0.0031946494	-0.0034835426	-0.0201308868	0.0537766854	0.0257798376	0.0061568661	-0.0294772836	0.0469209703	-0.0479968223	-0.0950111383	0.0933598536	-0.0906289382	0.0868499729	-0.0820666583	-1.2820136819638748	-0.0378818209232318	1.643559080742571	0.0014350323564598	1.2678595360191451	-0.015438080577752	1.607467803074682	0.0002383343319251	5.8970593083633815	0.0494261183779229	34.7753084863552	0.0024429411779084	0.0809240786715298	-0.0021809477236896	0.0065487065088359	4.756532973467258e-06	0.0216288626034304	0.0006960186441014	0.000467807697518	4.844419529367517e-07	-0.0329749490136877	-9.491722135809844e-05	0.0010873472624553	9.009278910342258e-09	0.0	0.0	0.0	0.0	0.0	0.0	0.0	0.0	0.0	0.0	0.0	0.0	0.0	0.0	0.0	0.0	0.0	0.0	0.0	0.0	0.0	0.0	0.0	0.0	0.0	0.0	0.0	0.0	0.0	0.0	0.0	0.0	0.0	0.0	0.0	0.0	0.0	0.0	0.0	0.0
5577.382767070109	-16.671364112434276	31107198.53041063	277.93438136936146	3595.109529329904	-23.85271261924481	568.9518992962807	12924812.527878685	3635.986788408472	-11.238018966815162	126.29307029849733	13220399.925480954	3528.20093185674	7688.521035764601	0.932671	41.10878	0.1366755666155076	0.0652194324686722	0.0115790432	-0.0163041539	-0.0286147301	-0.0437018755	-0.0152051833	0.0283123058	0.0058516085	-0.0053490006	0.0158054995	-0.0540646501	-0.0037199683	0.034134543	0.0122628429	-0.0104342258	-0.0048135089	-0.0067410592	-0.0242867518	-0.0256467782	0.0238354858	-0.0237862093	0.026000315	0.016613039	-0.0081284367	-0.0228443974	0.0183418983	-0.0173370824	0.0173882847	0.0141701268	0.0013620999	-0.0038073649	0.0179089988	0.0437481903	-0.0123158809	0.0150950759	0.0047439287	0.0315016985	0.0113773764	0.0099973485	0.0594417935	-0.0141383296	0.0108709895	0.0085102795	-0.0115585165	0.0430963119	0.0684290505	-0.0339088094	-0.0008849946	-0.0381832128	0.0082127424	0.0057586165	-0.0027115349	0.0347958963	0.0122410473	0.0283858597	-0.0177726834	0.0338971594	-0.015241237	-0.0951485642	0.0939067741	-0.091849115	0.0889934638	-0.0853646308	-1.2825536898668304	-0.0005400079029556	1.6449439673910218	2.916085352545136e-07	1.3238273356649586	0.0559677996458134	1.752518814653783	0.0031323945971939	5.885897450847963	-0.0111618575154182	34.64378880189855	0.0001245870631944	0.0815915376045508	0.000667458933021	0.0066571790086748	4.455014272695364e-07	0.0209833416304363	-0.0006455209729941	0.0004403006259796	4.1669732657525227e-07	-0.0329078108886764	6.713812501130123e-05	0.0010829240174848	4.507527830033112e-09	0.0	0.0	0.0	0.0	0.0	0.0	0.0	0.0	0.0	0.0	0.0	0.0	0.0	0.0	0.0	0.0	0.0	0.0	0.0	0.0	0.0	0.0	0.0	0.0	0.0	0.0	0.0	0.0	0.0	0.0	0.0	0.0	0.0	0.0	0.0	0.0	0.0	0.0	0.0	0.0
5625.984673254248	48.6019061841389	31651703.54369171	2362.1452847318387	3613.302837180133	18.193307850228848	330.99645053319864	13055957.393173998	3659.492355934633	23.50556752616103	552.511704726916	13391884.30314401	3546.298996839944	7694.273975622404	1.012057	44.607803	0.0923895808047179	0.0420850757140686	0.0106095537	-0.0480135118	-0.0247055415	-0.0525396922	-0.0345312956	-0.0060034543	-0.0152752527	0.0288917912	-0.0156440453	0.0812165729	0.0113707155	0.0062237519	-0.0502563578	-0.0107696225	-0.0083982214	-0.005078163	0.0133313188	0.0225528396	-0.0162766572	0.0245814201	-0.0132003332	-0.0081005555	0.0104695539	0.0125373974	-0.0218853203	0.017603796	-0.0111468742	0.0030255935	0.0030389735	0.0300917716	0.0145240133	0.044539248	0.0220348216	0.0139590561	0.0134177246	0.0293745509	0.0117839469	0.0073787924	0.0559054541	0.0023386553	0.0073106785	0.0295352213	0.009337769	0.04697976	0.0855228943	-0.0635333092	-0.012441097	0.0055870126	0.0162765626	-0.032736628	-0.0241065152	0.0336665788	0.0072807943	-0.0031267862	0.0182896313	0.0243745241	-0.085146638	-0.0952664105	0.0943764019	-0.0928992083	0.0908440203	-0.0882236248	-1.2733846983208963	0.009168991545934	1.6215085899178	8.407040596941083e-05	1.2900956196085502	-0.0337317160564083	1.664346707733169	0.0011378286681101	5.879479264460798	-0.0064181863871652	34.56827642122449	4.119311650039387e-05	0.0813502537345709	-0.0002412838699799	0.006617863782679	5.821790591247848e-08	0.0214864295567664	0.0005030879263301	0.0004616666550978	2.530974616191224e-07	-0.0330248528286706	-0.0001170419399941	0.0010906409043553	1.3698815717605638e-08	0.0	0.0	0.0	0.0	0.0	0.0	0.0	0.0	0.0	0.0	0.0	0.0	0.0	0.0	0.0	0.0	0.0	0.0	0.0	0.0	0.0	0.0	0.0	0.0	0.0	0.0	0.0	0.0	0.0	0.0	0.0	0.0	0.0	0.0	0.0	0.0	0.0	0.0	0.0	0.0
5612.051695396438	-13.932977857810329	31495124.231802035	194.1278719862329	3612.200180705469	-1.1026564746639451	1.2158513011183194	13047990.145488622	3648.14564188826	-11.346714046373108	128.7479196501608	13308966.624428304	3540.3908546443977	7719.579915761114	0.909361	40.08136	0.0486939908994289	0.0227529577541229	0.0068948064	-0.0402812022	-0.0148824682	-0.0574818839	-0.0256614793	0.0050412304	0.011820999	-0.0202297009	-0.0045523003	-0.082451711	0.0079817514	-0.0074383777	0.0418255995	0.0221423299	-0.0037443598	0.0100688088	-0.004858035	0.0074796198	-0.015522457	-0.0055392177	0.0052181464	-0.0057454361	-0.0181827839	-0.0043399428	-0.0099200139	0.0128751952	0.0067834418	0.0041657072	-0.0029629148	-0.0005794229	0.0141424635	0.0078960522	-0.0072031791	0.0160901473	0.0060509643	0.0249676825	0.0116204566	0.0070897681	0.0562261228	0.0003361485	0.0056617136	0.0232286815	0.0003611029	0.0496621114	0.0817058525	-0.060953468	-0.023551433	-0.0164383396	0.0105907403	-0.0002216982	-0.0224553195	0.0238797234	0.0009697898	0.008894399	-0.0040536472	0.0101098916	-0.0601760891	-0.0953646527	0.0947683504	-0.0937772737	0.092395551	-0.0906289382	-1.266133993916057	0.0072507044048393	1.6030952905498257	5.25727143663564e-05	1.284938106359789	-0.0051575132487613	1.65106593717548	2.6599942911148822e-05	5.887754392688066	0.0082751282272681	34.665651788617616	6.847774717773043e-05	0.0816771474373842	0.0003268937028133	0.0066711564135081	1.0685949293899162e-07	0.0215459450297628	5.951547299639856e-05	0.0004642277472255	3.542091525985046e-09	-0.0331986565532321	-0.0001738037245615	0.0011021507969394	3.0207734671450193e-08	0.0	0.0	0.0	0.0	0.0	0.0	0.0	0.0	0.0	0.0	0.0	0.0	0.0	0.0	0.0	0.0	0.0	0.0	0.0	0.0	0.0	0.0	0.0	0.0	0.0	0.0	0.0	0.0	0.0	0.0	0.0	0.0	0.0	0.0	0.0	0.0	0.0	0.0	0.0	0.0
5612.697857214001	0.6461618175626427	31502377.236374635	0.4175250944758579	3607.250387143849	-4.949793561620027	24.500456302655067	13012255.355549447	3654.7270262327984	6.581384344538492	43.31461989053636	13357029.636276431	3536.514804407844	7681.593136379769	0.975744	43.007263	0.0803707968394267	0.0399479817470213	0.0107720111	-0.0312693887	-0.0284483801	-0.0524058278	-0.0346335132	0.0200007333	-0.0290392216	0.0155764301	0.0089857865	0.0680527327	0.0072487259	-0.0041886789	-0.0931261039	-0.0118021777	0.0159184508	-0.0284266205	0.0049273947	0.0147174873	-0.0175858524	0.0221808447	-0.0075529047	0.0119005102	-0.0039090007	0.0025868723	-0.0117594407	0.0111839804	-0.0087269336	-0.0002760641	0.009574713	0.0071494534	0.0227247983	0.0823963218	-0.0014833117	0.0131069023	0.0103341388	0.0299430428	0.0107872253	0.0094734248	0.0525359119	-0.0037005244	0.0062961197	0.0307155313	0.0003124217	0.0386557571	0.0753588785	-0.0562190958	-0.0083585651	0.0032388931	0.0151297606	-0.0180262316	-0.0094609347	0.0316911412	0.0155965817	0.0098139318	0.0200419376	0.0215800533	-0.0583685516	-0.0954432708	0.0950822971	-0.0944816852	0.0936429488	-0.0925682019	-1.2673922543964693	-0.0012582604804123	1.6062831265041648	1.5832194365674726e-06	1.260570363985778	-0.0243677423740109	1.5890376425592367	0.0005937868684061	5.90647319540615	0.0187188027180837	34.88642560805133	0.0003503935751985	0.0818678769818275	0.0001907295444432	0.0067023492815116	3.6377759123547454e-08	0.0212602195198399	-0.0002857255099228	0.0004519969340317	8.163906702070102e-08	-0.0329545917822599	0.0002440647709721	0.0010860051195353	5.956761242971146e-08	0.0	0.0	0.0	0.0	0.0	0.0	0.0	0.0	0.0	0.0	0.0	0.0	0.0	0.0	0.0	0.0	0.0	0.0	0.0	0.0	0.0	0.0	0.0	0.0	0.0	0.0	0.0	0.0	0.0	0.0	0.0	0.0	0.0	0.0	0.0	0.0	0.0	0.0	0.0	0.0
5633.721915015322	21.02405780132176	31738822.61572391	442.0110064333184	3649.297686706236	42.04729956238725	1767.9754004891313	13317373.606199486	3660.3749579361374	5.647931703339054	31.89913252558239	13398344.83268598	3550.8324420972367	7476.143469883846	1.284549	56.618256	0.4222427217291886	0.285005986121454	-0.0303646903	0.0257277728	-0.0960708245	-0.0392128912	0.0137654285	0.0173817662	-0.0352108564	0.0316337668	0.0119740514	0.0455063475	0.0147629881	-0.0248113971	0.0309055291	0.0263866904	0.0473024746	-0.0022930447	0.0148729045	0.024570678	-0.0073882706	0.0011486365	-0.0130558908	-0.0255560223	-0.0128784254	0.0166004041	-0.0271164382	0.0005927593	-0.0008718562	-0.0122814088	-0.0312392562	0.0358081162	0.0441316219	0.0397640123	0.0227287195	-0.0020112755	0.0096636657	0.0231613224	-0.0063392574	0.0133772183	0.0444176927	0.0129304827	0.0028423533	0.0115603501	0.0276405175	0.0348037529	0.0951658802	-0.0195633691	-0.043854099	-0.0260906052	0.0120282259	-0.0483203004	0.1915368822	-0.1618676233	0.1931456785	0.1033354437	0.2004147039	0.0776114104	0.06297614	-0.0955022485	0.0953179834	-0.0950111383	0.0945821078	-0.0940314435	-1.261830841522169	0.0055614128743002	1.5922170726165454	3.092931315843236e-05	1.5076934843066567	0.2471231203208788	2.273139642620747	0.0610698365971275	6.001315432347795	0.0948422369416448	36.0157869185358	0.0089950499080951	0.0818134710579923	-5.440592383519627e-05	0.0066934440465569	2.960004548361177e-09	0.0207365731903874	-0.0005236463294524	0.0004300054676802	2.742054783490753e-07	-0.0320383250037003	0.0009162667785595	0.0010264542690427	8.395448094919828e-07	0.0	0.0	0.0	0.0	0.0	0.0	0.0	0.0	0.0	0.0	0.0	0.0	0.0	0.0	0.0	0.0	0.0	0.0	0.0	0.0	0.0	0.0	0.0	0.0	0.0	0.0	0.0	0.0	0.0	0.0	0.0	0.0	0.0	0.0	0.0	0.0	0.0	0.0	0.0	0.0
5645.542237829798	11.82032281447573	31872147.159120284	139.72003143841545	3593.765438827438	-55.53224787879799	3083.830554472264	12915150.02931057	3668.412513573323	8.037555637185505	64.6023006208525	13457250.369741345	3551.360593815596	7595.325850460079	0.899439	39.644012	0.2279461189784992	0.1532797683724369	-0.0470446762	0.027798969	-0.0678851639	-0.0380567329	0.0097891285	0.0149538117	-0.0152176139	-0.0407512501	0.0358859301	0.0132490202	-0.0082004463	-0.0181959664	-0.0639292766	0.058426904	-0.0020508407	-0.0595113041	0.0280950367	0.0257050355	0.0079289925	0.0051597077	-0.0344278975	0.0174355372	-0.017554617	0.0264874354	-0.0208124313	-0.0084819099	-0.0104521016	-0.0289951952	0.0175917609	0.0187502384	0.0232455972	0.0528132787	0.0140481214	-0.0012720031	0.0092573007	0.0191026254	-0.0017300433	0.0064164146	0.045085253	0.0145969681	0.0061868246	0.0247194869	0.027328727	0.0351638143	0.0756213576	-0.0241544661	-0.0423737485	0.0005420121	0.0213473451	-0.0450884693	0.1302872276	-0.125661164	0.1373822362	0.0923725532	0.1689374174	0.0381591694	0.0410701323	-0.0955415737	0.0954752155	-0.0953646527	0.0952099364	-0.0950111383	-1.2811375799750238	-0.0193067384528546	1.6413134988242604	0.0003727501496869	1.3684295233525745	-0.1392639609540822	1.8725993603829545	0.0193944508206201	5.991823179384397	-0.0094922529633976	35.901945013008145	9.010286632113088e-05	0.0816537373222769	-0.0001597337357154	0.0066673328186953	2.551486632559741e-08	0.0210556353907676	0.0003190622003801	0.0004433397817089	1.0180068771145296e-07	-0.032757192399768	-0.0007188673960676	0.0010730336539154	5.167703331291519e-07	0.0	0.0	0.0	0.0	0.0	0.0	0.0	0.0	0.0	0.0	0.0	0.0	0.0	0.0	0.0	0.0	0.0	0.0	0.0	0.0	0.0	0.0	0.0	0.0	0.0	0.0	0.0	0.0	0.0	0.0	0.0	0.0	0.0	0.0	0.0	0.0	0.0	0.0	0.0	0.0
5625.841205754903	-19.70103207489501	31650089.27236978	388.130664816042	3627.69429167551	33.92885284807198	1151.1670555861224	13160165.87385508	3652.153510518205	-16.259003055117773	264.35518034632906	13338225.26439045	3543.570870952049	7778.099734493069	1.106602	48.77499	0.3883437803941487	0.1765782149100276	-0.009307491	0.0106520179	-0.0569853255	-0.0276122068	-0.0350458444	-0.0597024538	-0.014593378	-0.002807244	0.0247529304	-0.0049328257	-0.0013953252	0.0011256476	0.0203367144	0.0103659391	0.0591588744	-0.0596102236	-0.0032813138	0.0333044314	-0.0332584603	0.014559934	-0.0131500358	0.0254405303	-0.0023632385	-0.0010457904	-0.035197209	0.0290833192	-0.0042822355	-0.0004561213	0.0108965079	0.0209850179	0.0068684528	0.0434522146	-0.0094303079	0.0100338687	0.0083296242	0.0384484895	0.0273190228	0.0028031793	0.0497779278	0.0347560799	0.0074661716	-0.0056691235	0.0078711336	0.0245013195	0.053856764	-0.0109024451	-0.0428886007	-0.0458462315	0.0053780735	0.0207281569	0.1841159856	-0.1829531185	0.1430766891	0.1073943201	0.1340766456	0.031256732	0.0681436011	-0.0955612383	0.0955538639	-0.0955415737	0.0955243683	-0.0955022485	-1.2958994873241068	-0.014761907349083	1.6793554812468827	0.0002179139085829	1.2101623575295548	-0.1582671658230197	1.46449293158149	0.0250484957776512	5.9551013263583314	-0.0367218530260657	35.46323180719476	0.0013484944896679	0.0794075799829123	-0.0022461573393646	0.0063055637587426	5.045222793181479e-06	0.0201813352090713	-0.0008743001816962	0.0004072862908209	7.644008077141803e-07	-0.0323057928369093	0.0004513995628587	0.0010436642508213	2.037615653490275e-07	0.0	0.0	0.0	0.0	0.0	0.0	0.0	0.0	0.0	0.0	0.0	0.0	0.0	0.0	0.0	0.0	0.0	0.0	0.0	0.0	0.0	0.0	0.0	0.0	0.0	0.0	0.0	0.0	0.0	0.0	0.0	0.0	0.0	0.0	0.0	0.0	0.0	0.0	0.0	0.0
