global_signal	global_signal_derivative1	global_signal_power2	global_signal_derivative1_power2	csf	csf_derivative1	csf_power2	csf_derivative1_power2	white_matter	white_matter_derivative1	white_matter_power2	white_matter_derivative1_power2	csf_wm	tcompcor	std_dvars	dvars	framewise_displacement	rmsd	t_comp_cor_00	t_comp_cor_01	t_comp_cor_02	t_comp_cor_03	t_comp_cor_04	c_comp_cor_00	c_comp_cor_01	c_comp_cor_02	c_comp_cor_03	c_comp_cor_04	c_comp_cor_05	c_comp_cor_06	c_comp_cor_07	c_comp_cor_08	c_comp_cor_09	w_comp_cor_00	w_comp_cor_01	w_comp_cor_02	w_comp_cor_03	w_comp_cor_04	w_comp_cor_05	w_comp_cor_06	w_comp_cor_07	w_comp_cor_08	w_comp_cor_09	w_comp_cor_10	w_comp_cor_11	w_comp_cor_12	w_comp_cor_13	w_comp_cor_14	w_comp_cor_15	w_comp_cor_16	w_comp_cor_17	w_comp_cor_18	w_comp_cor_19	w_comp_cor_20	w_comp_cor_21	w_comp_cor_22	w_comp_cor_23	w_comp_cor_24	w_comp_cor_25	w_comp_cor_26	w_comp_cor_27	w_comp_cor_28	w_comp_cor_29	w_comp_cor_30	w_comp_cor_31	w_comp_cor_32	w_comp_cor_33	w_comp_cor_34	w_comp_cor_35	w_comp_cor_36	w_comp_cor_37	w_comp_cor_38	w_comp_cor_39	w_comp_cor_40	w_comp_cor_41	w_comp_cor_42	w_comp_cor_43	w_comp_cor_44	w_comp_cor_45	w_comp_cor_46	w_comp_cor_47	w_comp_cor_48	w_comp_cor_49	w_comp_cor_50	w_comp_cor_51	w_comp_cor_52	w_comp_cor_53	w_comp_cor_54	w_comp_cor_55	w_comp_cor_56	w_comp_cor_57	w_comp_cor_58	w_comp_cor_59	w_comp_cor_60	w_comp_cor_61	w_comp_cor_62	w_comp_cor_63	w_comp_cor_64	w_comp_cor_65	w_comp_cor_66	a_comp_cor_00	a_comp_cor_01	a_comp_cor_02	a_comp_cor_03	a_comp_cor_04	a_comp_cor_05	a_comp_cor_06	a_comp_cor_07	a_comp_cor_08	a_comp_cor_09	a_comp_cor_10	a_comp_cor_11	a_comp_cor_12	a_comp_cor_13	a_comp_cor_14	a_comp_cor_15	a_comp_cor_16	a_comp_cor_17	a_comp_cor_18	a_comp_cor_19	a_comp_cor_20	a_comp_cor_21	a_comp_cor_22	a_comp_cor_23	a_comp_cor_24	a_comp_cor_25	a_comp_cor_26	a_comp_cor_27	a_comp_cor_28	a_comp_cor_29	a_comp_cor_30	a_comp_cor_31	a_comp_cor_32	a_comp_cor_33	a_comp_cor_34	a_comp_cor_35	a_comp_cor_36	a_comp_cor_37	a_comp_cor_38	a_comp_cor_39	a_comp_cor_40	a_comp_cor_41	a_comp_cor_42	a_comp_cor_43	a_comp_cor_44	a_comp_cor_45	a_comp_cor_46	a_comp_cor_47	a_comp_cor_48	a_comp_cor_49	a_comp_cor_50	a_comp_cor_51	a_comp_cor_52	a_comp_cor_53	a_comp_cor_54	a_comp_cor_55	a_comp_cor_56	a_comp_cor_57	a_comp_cor_58	a_comp_cor_59	a_comp_cor_60	a_comp_cor_61	a_comp_cor_62	a_comp_cor_63	edge_comp_00	edge_comp_01	edge_comp_02	edge_comp_03	edge_comp_04	edge_comp_05	edge_comp_06	edge_comp_07	edge_comp_08	edge_comp_09	edge_comp_10	edge_comp_11	edge_comp_12	edge_comp_13	edge_comp_14	edge_comp_15	edge_comp_16	edge_comp_17	edge_comp_18	edge_comp_19	edge_comp_20	edge_comp_21	edge_comp_22	edge_comp_23	cosine00	cosine01	cosine02	cosine03	cosine04	trans_x	trans_x_derivative1	trans_x_power2	trans_x_derivative1_power2	trans_y	trans_y_derivative1	trans_y_derivative1_power2	trans_y_power2	trans_z	trans_z_derivative1	trans_z_power2	trans_z_derivative1_power2	rot_x	rot_x_derivative1	rot_x_power2	rot_x_derivative1_power2	rot_y	rot_y_derivative1	rot_y_power2	rot_y_derivative1_power2	rot_z	rot_z_derivative1	rot_z_power2	rot_z_derivative1_power2	motion_outlier00	motion_outlier01	motion_outlier02	motion_outlier03	motion_outlier04	motion_outlier05	motion_outlier06	motion_outlier07	motion_outlier08	motion_outlier09	motion_outlier10	motion_outlier11	motion_outlier12	motion_outlier13	motion_outlier14	motion_outlier15
6429.06438288456	n/a	41332868.83927482	n/a	5245.085655155888	n/a	27510923.52992207	n/a	4570.347601382468	n/a	20888077.19746248	n/a	4497.143458783167	6095.369771327044	n/a	n/a	n/a	n/a	-0.0170581145	0.1099368993	-0.0434386135	0.0474164299	-0.0457726726	-0.0544247021	0.0045444809	-0.0583617778	0.0378208172	-0.0724802842	0.0277939089	-0.1554068929	0.1369169432	-0.14197262	0.1381821545	0.0611732072	-0.0317550895	-0.0196105331	0.0618914162	-0.0179746078	0.0200288316	-0.0050900582	0.0198540267	-0.0988016357	0.0051412524	0.0380876717	-0.0832017858	0.0053861975	-0.0134914017	0.0130243737	-0.1253471576	0.0297924381	-0.0056333448	0.1109801455	-0.1060443367	0.0024074808	0.1095829413	0.1063199276	-0.0869873784	0.003296354	-0.0843165224	0.041159101	-0.102519997	0.1472528686	-0.0002724071	0.0418381812	-0.0664912456	0.0941818066	-0.0938559905	0.0168750473	-0.0266793232	0.0383182983	-0.170881632	0.0502608017	0.0032494285	-0.0480234368	0.0973865174	-0.1389659467	0.0139174663	0.0398086309	-0.1178901429	-0.016958331	-0.0298846123	0.0930048279	-0.0828359946	-0.024751083	0.0449724562	0.0378540106	-0.1284405154	-0.00799058	-0.0075677089	0.0770321394	0.0719758294	0.0573688709	-0.0546768648	-0.0135074303	-0.0915225031	0.0624266702	0.0405247731	0.0208371781	-0.0136009856	-0.0990029242	-0.0584791304	0.0420987854	-0.0164283898	0.0533248384	-0.0228952651	0.0376768368	-0.0336140018	0.0668653524	-0.0792260765	0.0057397462	-0.0657160719	0.0390770749	-0.0518366641	0.0328136131	-0.0023958512	0.0332967305	-0.1790927126	0.0965951793	-0.0240570169	0.0752996644	-0.0146619161	0.0570023964	-0.0468038057	-0.0968768109	0.1481707254	-0.0174883538	0.0533796877	-0.0530235467	0.0810216486	-0.130948165	0.0517882216	-0.0666409737	0.0862286983	-0.0147421989	0.026674841	-0.0528363141	0.0731503634	-0.0587026654	0.0425886526	-0.1696256813	0.011543913	-0.0216401857	0.0657434654	0.0077915497	-0.0179297546	0.0383823135	-0.0285631603	-0.0082501	-0.0202601912	0.038647178	-0.0474506294	-0.0080687833	-0.005995508	-0.1842502392	0.0448338613	0.0066680375	0.0653724208	-0.0761215675	-0.034684728	0.1214949628	-0.1070206471	-0.0857364793	-0.0764294506	0.1081430274	0.0527438434	-0.0503281431	0.0643951856	0.1029716599	-0.1203314677	0.019536604	-0.0347206671	0.0049375955	-0.0198399674	0.1352185047	-0.0210370844	0.0328676255	-0.1474120131	0.1278521611	-0.1494596612	0.1170670021	0.1035164185	-0.2068918357	0.084581826	-0.2399080506	0.0656825541	-0.0769255258	0.0233813885	-0.1360851467	0.0955612383	0.0955538639	0.0955415737	0.0955243683	0.0955022485	-0.0359030455826143	n/a	0.0012890286821072	n/a	-0.1291549472146869	n/a	n/a	0.0166810003900285	0.2178498533680652	n/a	0.0474585586124875	n/a	0.0043307651455796	n/a	1.8755526746167093e-05	n/a	0.0020052092595399	n/a	4.020864174544554e-06	n/a	0.0012476628613992	n/a	1.5566626157148396e-06	n/a	0.0	0.0	0.0	0.0	0.0	0.0	0.0	0.0	0.0	0.0	0.0	0.0	0.0	0.0	0.0	0.0
6451.619758383056	22.555375498496687	41623397.506758645	508.7449638781847	5231.685411693432	-13.400243462456274	27370532.24692588	179.5665248531021	4580.746353983922	10.398752601453452	20983237.159536995	108.13405566623494	4508.386510249245	6163.616345186411	1.732324	46.815811	0.6086207454439193	0.344310778824584	-0.0153974885	0.0545687867	-0.0135071327	0.0626950278	0.1901826474	0.0497375874	0.0675769554	0.0217285801	-0.0364389129	6.32e-07	-0.0150191942	-0.0595228779	-0.0687272892	-0.0117406589	0.0050856536	0.0013480097	0.04959752	-0.0716243643	0.0461060162	-0.0037377866	0.0539347804	-0.1341788971	0.1671436003	0.0098400363	0.0977051618	-0.0680972642	-0.1372277385	-0.0046444684	0.0657420205	0.0622827903	0.0176603012	-0.048330108	-0.0038979284	0.1763818976	-0.142066687	-0.1253299943	0.1052164293	-0.0016907488	-0.1251423986	0.018935296	0.001846632	-0.0908600426	-0.0738610572	0.0761862605	0.0627505347	0.028318089	-0.0188353167	0.038022204	0.074987219	0.0431833612	-0.0062221312	-0.1190117866	0.0305407057	-0.0012469191	-0.0092154569	-0.0043622313	-0.0173496223	-0.0226591157	0.0097872681	-0.0456275331	0.0192156251	-0.0616403674	0.0402111171	0.0456447374	0.0371296299	0.0258480647	-0.0023308897	0.0060618375	0.148820464	-0.1311387815	0.0360721387	0.0979666075	0.0165540993	0.0717358531	0.1323109526	0.0445001065	-0.1088364585	0.0442276921	-0.0835895373	-0.0260739136	-0.0441867508	0.1281441729	0.0044175393	-0.0420635376	-0.0760802114	0.0220250923	-0.0307259787	0.0694922452	0.0439289988	0.1307337792	0.1181197573	0.1281808541	-0.0754038396	0.1291044199	-0.030552199	0.0662197976	-0.0698396201	-0.0490610588	0.0023666893	0.1769981422	-0.0207591127	0.1009050462	-0.0628761206	0.0824002602	-0.190005584	-0.0618578187	0.0799254467	0.1056177392	-0.0782566432	-0.0458395241	0.0458853054	0.0183657635	-0.0170970774	-0.0113659766	-0.0098466346	-0.0186446118	-0.0130621589	-0.0558451111	-0.0039139583	0.1119747133	-0.0569661138	0.0773931705	-0.0589483343	0.1271996016	0.0192167	0.0192734765	0.0642589977	-0.0128987649	0.0681001587	0.0114390581	-0.0492633574	0.0128999391	0.0761341591	0.0325678416	0.0080275947	-0.0472113224	-0.0423119451	0.050182598	-0.1115673457	-0.0796315478	0.0236326278	0.0171638364	0.0206036109	-0.086953516	0.0890439701	-0.1047221634	-0.0267261547	-0.1729256014	0.1581833329	-0.0712302121	0.0201813722	-0.0079468752	-0.1720891939	-0.1341899226	0.2178057767	-0.0803562123	0.0055604	0.0885925589	0.1267639124	-0.0219072927	0.2822952663	-0.2272377896	0.080915094	-0.1972456628	0.0390132486	0.0506335344	0.0952769373	0.0669317072	0.3272390168	-0.0198701871	0.0955415737	0.0954752155	0.0953646527	0.0952099364	0.0950111383	0.0102653882928507	0.046168433875465	0.0001053781968029	0.0021315242865131	-0.0636408809049271	0.0655140663097598	0.0042920928844396	0.0040501617223551	0.0110771420707607	-0.2067727112973045	0.0001227030764558	0.0427549541372384	0.0088241484411668	0.0044933832955872	7.786559571174647e-05	2.0190493441062084e-05	0.0010952620856932	-0.0009099471738467	1.1995990363570185e-06	8.280038591915964e-07	0.0008476826516053	-0.0003999802097939	7.185658778325924e-07	1.5998416822677238e-07	1.0	0.0	0.0	0.0	0.0	0.0	0.0	0.0	0.0	0.0	0.0	0.0	0.0	0.0	0.0	0.0
6449.285534087439	-2.334224295616877	41593283.90018951	5.448603062248108	5226.611513943142	-5.073897750289689	27317467.917683024	25.744438380394765	4583.83885631126	3.0925023273384795	21011578.66062892	9.563570644593913	4508.340453650425	6144.769210227034	1.202309	32.492229	0.2646507292810949	0.1497104952967501	-0.002338045	0.0471484169	-0.0037017715	0.0560041364	0.0529094678	0.0335615137	0.0353613247	0.0548408089	0.0218832398	-0.0254704714	-0.0411141352	-0.1238392121	-0.0428510709	0.0020579688	0.0083988519	-0.0564249775	0.0508230524	-0.1141527868	0.0416109123	-0.0309113685	0.1023632871	-0.0662476653	-0.0059440465	5.94536e-05	-0.0120027785	0.0854388536	0.0672548252	-0.0089016603	0.0976274459	-0.0177144651	-0.043171986	0.0085702843	-0.0623361039	-0.1379652928	0.0039074252	-0.0533972084	-0.0219504842	-0.024640945	-0.0984144487	-0.0330871228	0.0709643643	0.0348661107	0.033149726	-0.0133832471	0.0706203487	-0.1202830553	0.0153507496	0.0063455944	0.0800048994	-0.1306051123	0.0584471447	-0.0977871687	-0.0617117226	-0.0220337877	-0.0275494857	0.0665093563	0.055685182	-0.0466934604	0.0361472271	-0.0970078463	-0.0248325556	-0.0141763146	0.0933710979	0.0058227362	-0.139458136	0.0699372151	-0.0840689039	0.0216495902	-0.0196460089	0.0145989175	0.0030851452	0.0893936793	-0.010439204	-0.0301327456	-0.0623045089	-0.0334982352	-0.0167413823	-0.0116808094	0.0270408315	-0.0366524379	-0.0988825991	0.0885702263	0.0356149071	-0.0438487809	-0.1143826007	0.0078410809	-0.0286940532	0.1374541347	0.0485560588	0.0262139919	-0.0155019749	-0.0050265597	-0.0498210767	-0.1167697786	-0.1002067237	0.0705600061	0.0242108761	-0.0030655847	0.0254137935	-0.0267063329	-0.0241755143	-0.0279677949	-0.0460654428	0.0204491404	0.0921073485	0.0209382013	0.0085023351	0.1077866009	-0.0944282895	0.0379657749	0.0352675504	0.1249979383	0.0718483004	0.0714036016	0.0449885346	0.0994161282	-0.0146285328	-0.0679533829	0.0194318731	0.0164484525	0.0013534429	0.0628020695	-0.0484955589	-0.0464144213	0.041366679	0.1896140898	0.1083158512	0.0803248343	0.0238248191	0.0873715283	-0.0101125871	0.0573305671	-0.0281959369	-0.0479112156	-0.0433292629	-0.04602047	0.0674937582	0.1095785566	0.0493653576	-0.0512926268	-0.0402301414	0.0693541894	0.0140547542	-0.0072751093	-0.0164673182	0.0282060686	-0.0350041441	-0.1117279044	0.0138518069	0.0168791069	0.065257475	0.0598310998	-0.1539396181	-0.0935903891	0.089899031	-0.0469043302	0.0643666462	0.0642549905	0.0292928829	0.0014209776	0.1668212986	-0.1052296263	0.036565051	-0.0950653748	-0.0180281756	-0.0029209745	0.0466117509	0.0097958764	0.0347867387	0.0411981484	0.0955022485	0.0953179834	0.0950111383	0.0945821078	0.0940314435	0.0016418873962322	-0.0086235008966185	2.695794221906153e-06	7.436476771398008e-05	-0.1572200029989687	-0.0935791220940416	0.0087570520918915	0.0247181293429957	0.0007549387927809	-0.0103222032779798	5.699325808454826e-07	0.0001065478805119	0.0064010455313736	-0.0024231029097932	4.097338389471793e-05	5.871427711448272e-06	0.0015241224167326	0.0004288603310394	2.3229491411868213e-06	1.8392118353922374e-07	0.0006571278321888	-0.0001905548194164	4.318169878371518e-07	3.63111392028549e-08	0.0	0.0	0.0	0.0	0.0	0.0	0.0	0.0	0.0	0.0	0.0	0.0	0.0	0.0	0.0	0.0
6435.902611573208	-13.382922514231725	41420842.42565484	179.10261502193035	5230.183245171441	3.5717312282986318	27354816.778072063	12.757263967203649	4580.889798936357	-2.949057374903532	20984551.34999917	8.696939400472912	4509.093869664245	6111.724050846653	1.079241	29.166328	0.3208891328705748	0.170062772107779	-0.0299860299	0.0602149291	-0.0274869077	0.0408537966	0.0648059141	0.0090796559	0.0629117253	0.0132450283	-0.0261972377	0.0089112268	0.0065886944	0.049090145	-0.0739637528	-0.0725471611	-0.0184721081	-0.0127095944	0.0471825983	-0.0683064165	0.0313194113	-0.053169596	-0.0115011765	-0.0812051144	0.1181181328	-0.0723036124	-0.0333636034	0.0643278244	-0.054042938	-0.0790963428	-0.0286857362	-0.0119939751	0.0536211889	0.0465395328	-0.1265006026	0.0317692184	0.0200724901	0.0429284442	-0.1063236921	-0.0117195159	-0.0951252563	0.113808789	-0.0153916905	-0.0734457865	0.1487635009	0.0076950925	0.1018678076	0.0510332338	-0.0918131983	0.0289766027	-0.0563778263	-0.0218034137	0.1034309527	0.0129544862	0.0954034845	-0.0026088877	-0.0223444418	0.1145022393	0.0667299198	-0.0156870532	-0.0330066435	-0.0831985699	-0.0364525138	0.0403987509	0.0205242195	0.0866086859	-0.0832313514	0.0860978391	-0.0925813693	0.0690666866	-0.0656388937	0.10329425	-0.0398463276	0.0474497215	0.1115337353	-0.061765919	-0.1520875345	-0.1712027885	0.0402456185	-0.017162013	-0.0207977348	-0.0108906816	0.1217088991	-0.0596890913	0.0098165523	-0.0421219592	-0.0545588283	0.0098866488	-0.0826536494	-0.0043870007	-0.0085621441	0.1412752346	0.0270373574	-0.0198445517	-0.1405168118	0.0231786804	0.0632245561	0.0298527482	0.0110707652	-0.084574812	0.003274152	0.0825705061	0.0913685959	-0.0448706768	-0.0224361476	0.0746543816	0.1340637702	-0.0072187289	-0.0800369	-0.0262102263	-0.0371738435	-0.0325296838	-0.0125132692	-0.0114210024	0.0136606962	0.0305093545	-0.0534498097	-0.0245681205	0.1482771841	-0.021687631	0.0547192979	0.1096061492	-0.1330391088	0.0459759828	0.0406078056	-0.1023278276	0.0573237545	0.0974033294	0.1159189314	0.0441415127	-0.022015846	0.0643299025	-0.0165324861	-0.0701053918	-0.0343081501	-0.0450700697	0.0452869523	-0.0100578229	-0.0009589144	0.1031490861	0.1040742206	0.0224337539	-0.1116414055	0.1093187076	0.1277734178	-0.0139318334	-0.1063422271	-0.002232971	0.0003725884	-0.1037714697	0.0618673197	0.0064213982	0.0239796597	-0.0713529055	-0.058456445	-0.0002234112	0.1153895886	0.0280740375	0.017099637	-0.0257832397	0.0115810858	0.0153036903	0.0595532046	-0.1872605813	0.0520780896	-0.0548209081	0.0433352822	0.1222609374	-0.0066408437	-0.0407436559	0.0352834258	-0.0283445052	0.0954432708	0.0950822971	0.0944816852	0.0936429488	0.0925682019	-0.0123542587296725	-0.0139961461259046	0.0001526277087596	0.0001958921063776	-0.0408027571002946	0.1164172458986741	0.0135529751426323	0.0016648649869856	0.0741749876050619	0.073420048812281	0.005501928786211	0.0053905035675977	0.0050191623295971	-0.0013818832017764	2.519199049084659e-05	1.9096011833520697e-06	0.0008037535768894	-0.0007203688398432	6.460198123625046e-07	5.189312654170379e-07	0.0008959896312434	0.0002388617990545	8.02797419295684e-07	5.70549590476001e-08	0.0	0.0	0.0	0.0	0.0	0.0	0.0	0.0	0.0	0.0	0.0	0.0	0.0	0.0	0.0	0.0
6419.409977323017	-16.49263425019035	41208824.4569543	272.0069845105518	5219.033648455585	-11.149596715856203	27238312.22371161	124.31350692623148	4572.659312236141	-8.230486700215806	20909213.1857799	67.74091132242927	4497.915194704968	6047.02989353946	1.042504	28.173525	0.1462584906469042	0.0860687393983511	-0.0459553757	0.0371894429	-0.0452824903	-0.0180586697	0.1060937033	-0.0122394546	0.0781666673	0.0104823369	0.0712303762	0.0005739174	-0.0394098088	-0.0209710034	-0.0892869881	-0.0264991603	-0.1066016492	0.0095593683	-0.0235013564	-0.0574525677	-0.0121153041	-0.0521372619	-0.0108238611	-0.0300089873	-0.0988578344	0.0407133964	0.089558722	-0.0303686339	-0.0272147209	-0.0802616781	0.0316317113	0.0721244851	-0.0628150103	-0.040918727	-0.0637236491	-0.0070673782	0.0330601472	0.0091590676	-0.0293063374	-0.0409100019	0.092022732	-0.0111702277	0.0289996591	0.0130106895	-0.1111608004	-0.0990904334	0.0228006503	0.1077964788	0.0934999677	-0.0200318689	-0.0083671019	-0.0339640132	0.0527368597	-0.019228583	-0.0173822168	-0.0581437072	0.0374426692	0.0309838675	0.022015547	-0.0671225773	-0.0541827014	0.0432855432	0.1131068714	0.0324209476	-0.0904876899	-0.1223069251	0.0620816992	0.0815460223	-0.0921336671	-0.0381916294	-0.0090442334	0.0638887735	0.0795086878	-0.0022461547	-0.1082584544	-0.1377908924	-0.0412324146	-0.0211166599	-0.0409810118	0.0669710148	0.0138838107	0.0970424489	0.0418272322	-0.0132308095	-0.0145274519	0.0328742934	-0.0518663966	-0.0400274595	-0.0662327071	0.0239594499	0.0635813724	-0.0823421655	-0.0338904222	0.0634596708	-0.0168029996	0.0289514543	-0.022077674	0.0834695298	-0.0690713541	0.02790694	0.0036986013	-0.0376685832	-0.0672039998	0.0265518646	0.0459873174	0.0681442146	0.0649192303	0.0325935704	-0.0367384626	-0.032358702	0.0984036779	0.0459327824	-0.0403680849	0.0580184489	-0.0576860069	-0.1077188654	-0.0819984993	0.0278079888	-0.0959680339	-0.0008971791	-0.0184303517	0.012607458	0.035279548	0.1233284565	0.0631464846	-0.0465924324	-0.0109213099	-0.0378581277	-0.0969223635	-0.0422320935	-0.0161786699	-0.1154907418	-0.0160169294	-0.0162904227	-0.0820581094	-0.0554279222	0.0658468911	0.0707316339	0.0086479777	0.1005100282	0.0245974846	0.0941311819	-0.110450597	-0.0460097185	-0.0222777481	-0.0945684575	0.0249653848	-0.0496711583	0.0209835038	-0.0884717654	0.0356506602	-0.0126882737	0.0199936579	0.0759076925	-0.0361334953	0.0093650066	0.1011453327	0.0201793459	-0.0271737877	-0.1056033415	-0.0119030743	-0.007699055	0.0274301012	0.0320416188	0.0476559354	-0.0120203297	0.014740719	0.0616492392	-0.0024547974	-0.0645507842	-0.0139090578	0.0627846111	0.0953646527	0.0947683504	0.0937772737	0.092395551	0.0906289382	-0.0251436320054665	-0.012789373275794	0.0006322022304263	0.0001635680687875	-0.1092181443189446	-0.06841538721865	0.0046806652082778	0.0119286030484738	0.1244043505259071	0.0502293629208452	0.0154764424297727	0.0025229888994339	0.0051816111166456	0.0001624487870485	2.6849093764145265e-05	2.6389608413528934e-08	0.0008650155897549	6.126201286549998e-05	7.482519705190175e-07	3.753034220332685e-09	0.0009687661759617	7.277654471829996e-05	9.385079036874556e-07	5.296425461134714e-09	0.0	0.0	0.0	0.0	0.0	0.0	0.0	0.0	0.0	0.0	0.0	0.0	0.0	0.0	0.0	0.0
6402.687112738713	-16.72286458430426	40994402.2636304	279.65419990497776	5191.867812997323	-27.165835458261427	26955491.387637608	737.9826161453338	4569.147037913686	-3.512274322454686	20877104.65407541	12.336070916174528	4496.153134105461	5973.740716309774	0.959278	25.924347	0.1188510966483169	0.0540162615982652	-0.0532564417	0.0788150602	-0.0325069251	-0.1066196908	0.0960655756	-0.0248088098	-0.0040773391	-0.1622402342	0.0794941703	-0.0227161913	-0.0016108247	0.0590711881	-0.0340809441	-0.0583015534	-0.0495255588	0.0051188474	-0.0376476944	-0.0270593237	-0.0448133041	-0.071195098	-0.1558792769	-0.0759024891	-0.0553273054	-0.0443619634	-0.0183164461	-0.0598667852	0.0260681398	0.0826681333	0.028214958	0.0848796913	-0.0700505494	-0.0107116875	-0.1384935522	-0.0266786606	-0.1058659301	0.115191559	0.0794438406	0.010059229	0.156391536	0.1124690534	0.0014826342	-0.0593862671	0.0853291634	0.0465287336	-0.0797131494	0.0412808615	0.0541671132	-0.0365683095	0.0751297975	0.0644160406	-0.0245140578	-0.0338784637	-0.0689624568	0.0494999611	0.1050923596	0.007634079	-0.0774810491	0.003031583	-0.0926651595	-0.1221782152	0.0542470748	-0.0790592165	-0.0604526815	-0.0861163387	-0.0324520341	0.0807621393	0.0169834683	0.0912069189	0.0675499088	0.0153617182	0.0683663629	0.0332373207	-0.043655569	0.0434456954	0.0227695996	0.0045993218	-0.0670622649	0.0145175378	-0.0714038942	0.04307783	-0.0509653944	0.0265376489	-0.0017369621	0.0425389109	0.0171605472	-0.054210597	-0.1143603558	-0.1272422298	0.0675276589	0.0126370866	-0.0521922713	-0.0003199039	0.0379215868	-0.0437854299	-0.0895437601	-0.0018474716	-0.1528154167	0.0688268604	0.0166696736	0.0513856837	-0.0419244702	-0.0939858824	0.0090700675	0.0397715027	0.0037137304	-0.0636337969	-0.0803687864	0.0483714262	0.0700930985	-0.0775152819	-0.1009885264	-0.0725261943	-0.0440554482	0.0743716542	-0.1105417575	-0.1464063882	-0.0402512227	-0.0071737047	0.0200922139	-0.0580433178	0.1435605454	0.0636238073	-0.0099034048	0.0424149569	-0.0278288341	0.0234583115	0.0322530831	0.0207615283	0.1250323537	-0.034419752	0.1559945299	0.0134844917	-0.0270090557	0.0136344477	0.1749986499	0.028473127	-0.0163611011	-0.0614321428	-0.0499349958	-0.024958326	-0.002919067	0.0089862974	-0.0489185631	-0.0445404025	-0.0124790301	-0.0105084758	0.0316356703	-0.1054538941	0.0003389779	0.0362527425	-0.0319475764	0.0157368235	0.047120579	0.0277816084	0.174756461	0.0673513447	0.0226779459	-0.1266541539	-0.0470893943	-0.0428029419	0.0697957086	0.0345607147	-0.0153070966	0.0156098211	0.0144157337	-0.0376564565	0.0254983413	-0.0252298394	-0.0072846416	0.0035661705	0.0952664105	0.0943764019	0.0928992083	0.0908440203	0.0882236248	-0.0391431288430652	-0.0139994968375986	0.0015321845356248	0.0001959859117059	-0.0711480993108608	0.0380700450080837	0.0014493283269175	0.0050620520355481	0.1572806890762166	0.0328763385503094	0.0247372151562895	0.0010808536364745	0.0056361306452686	0.000454519528623	3.176596865053585e-05	2.065880018996741e-07	0.0007530522025338	-0.000111963387221	5.670876197410073e-07	1.2535800078021976e-08	0.0010803875851641	0.0001116214092024	1.1672373341767156e-06	1.2459338992329642e-08	0.0	0.0	0.0	0.0	0.0	0.0	0.0	0.0	0.0	0.0	0.0	0.0	0.0	0.0	0.0	0.0
6407.42832003869	4.74120729997685	41055137.67643383	22.47904666135377	5159.062136501736	-32.80567649558725	26615922.12828585	1076.2124103331255	4577.507164391086	8.360126477399717	20953571.84005172	69.8917147181198	4504.802747645964	5915.612145940216	1.089656	29.44779	0.0898010781450742	0.0594457565752342	-0.059344265	0.0675730504	-0.0865093519	-0.0491436657	0.1451422695	-0.0589440919	0.0589392447	-0.1105647301	-0.0223535312	0.1011557646	0.0620407581	0.0514957019	-0.0556930812	0.0261560588	0.0060214468	0.0667493605	0.0206989244	-0.0320002472	0.0145030738	-0.0291917005	-0.0253221694	-0.0541687505	0.0735796049	0.0731015282	0.0743729315	-0.0418138526	-0.0862238611	-0.0491611521	-0.0679183934	0.1538173501	0.0071460474	0.0691556869	-0.0590541445	-0.0120868936	0.0849462017	0.0075424901	-0.0242659445	-0.0074707398	0.0286273558	0.0243832205	0.0013038095	-0.0092437919	-0.0474713505	0.1565684344	0.0905141373	0.1020994952	0.0607812013	-0.0160794793	-0.0005814206	-0.0499886065	-0.0314631908	0.1102533942	0.0437963882	0.0799842648	0.0443864961	-0.0158191368	0.0180749794	0.1479667656	-0.0218775626	0.0876644435	-0.0179685754	-0.1012124188	0.0588634886	-0.1068385794	0.106053824	0.098161664	0.0059278245	-0.0920161884	-0.0414039693	-0.0686222086	0.0212010601	-0.161186436	0.0162763396	-0.0573398048	0.0854774534	0.1153076474	-0.0494356278	-0.0846491762	0.0799414695	0.1458746978	-0.0284030464	0.0849018287	-0.060315492	-0.0118651694	0.0070880338	0.0035746618	-0.0553416395	-0.0091890665	0.0272945153	0.041411479	0.1136903617	0.0640887908	-0.0490596003	0.0877858331	0.1058319769	-0.0202258603	-0.1161585637	-0.0833767172	-0.0695434692	0.0273899684	-0.0107568971	0.1171546175	0.0430949528	0.0807253642	0.0959381012	0.046411462	0.0548025283	-0.0045414191	0.0734170792	0.0180481655	-0.047373498	-0.1074013092	-0.0692474067	0.0416070421	-0.1037385255	0.0842723962	0.0088625653	-0.0626918938	-0.1216066206	-0.0952976138	-0.0085669018	0.0109230852	0.0506413893	-0.0379369041	-0.0512253545	0.013706438	0.0484282106	-0.1655762078	0.0196724116	-0.1043149813	0.0535273572	0.0642327169	0.0407682507	-0.0901761245	0.0501162346	0.2130500144	0.0440143392	-0.0182769358	-0.0511560139	-0.007127134	0.1255773896	-0.1239660438	-0.030333378	-0.0238064173	0.0938409083	-0.0282153648	0.0492875296	-0.0883182145	0.1339975071	-0.0485159837	-0.0654488734	0.014035655	0.0142439403	0.035613932	0.0586090189	0.0368040621	-0.0854091134	-0.0875781094	0.0073039949	0.0728546597	0.0179609837	0.0877406718	0.0772039497	0.022153558	0.0916315552	0.0464277002	-0.1037104765	-0.0010919877	0.0511807866	-0.0307987316	0.0951485642	0.0939067741	0.091849115	0.0889934638	0.0853646308	-0.0291764743353439	0.0099666545077213	0.0008512666546409	9.933420207628132e-05	-0.0721180302768402	-0.0009699309659794	9.407660787657348e-07	0.0052010102910112	0.2037357547960852	0.0464550657198686	0.0415082577823305	0.0021580731310373	0.0050726583029078	-0.0005634723423608	2.573186225805945e-05	3.1750108060556665e-07	0.0006717531260929	-8.12990764409e-05	4.512522624155836e-07	6.6095398301433034e-09	0.0010838047053925	3.417120228399852e-06	1.1746326394309234e-06	1.1676710655339456e-11	0.0	0.0	0.0	0.0	0.0	0.0	0.0	0.0	0.0	0.0	0.0	0.0	0.0	0.0	0.0	0.0
6434.424673663245	26.996353624555013	41401820.88104636	728.8031090220246	5219.359505886502	60.29736938476617	27241713.65168779	3635.772754722937	4579.650726727324	2.143562336237665	20973200.778814103	4.594859489336675	4506.732250517906	6028.996069890372	1.196752	32.342045	0.2466647885713032	0.1418787010753638	-0.0449429299	-0.000689442	-0.0322140721	-0.0365407606	0.0687394554	0.0141782409	0.0323662372	-0.0503908705	0.0744539814	-0.0866817669	-0.0662076769	-0.0634966388	-0.0522220729	0.0507108001	0.1347371128	-0.0159715865	0.0296351047	-0.0705498274	-0.0434313335	-0.0779502851	-0.0066044731	-0.0495655558	-0.0599414937	-0.0468978481	0.0580906636	0.0953163363	0.0236497575	-0.033137507	0.0740679612	0.0355948092	-0.1040732466	-0.0631186442	-0.0043851022	0.0454234995	-0.0571775177	-0.0064612051	0.1327850562	-0.0381471384	0.0396546179	0.04151655	0.0121919453	-0.0315112688	0.0177986709	0.0668228068	-0.0267787181	-0.0822871723	0.0884104888	0.0037111153	-0.0311460925	0.1458051556	-0.0824147729	0.0863060737	-0.0769183031	-0.0495703481	0.0227921034	-0.0667567152	-0.1171449085	0.0360123988	0.0032624339	0.064240101	-0.0621204734	0.0306067163	0.0450675755	0.0139592099	0.0441522754	0.0649593373	0.0649971023	0.0035157052	-0.0523293917	-0.0703878596	0.0215089135	-0.0976999084	-0.0078834572	-0.0176233631	0.0196283711	-0.0626382291	0.1386066342	-0.0005545	0.0332620192	-0.0193328685	-0.0621379495	0.0418422937	0.0115724935	-0.0199747776	-0.0577161719	-0.0719807421	-0.0845403694	0.0316742422	0.0390972892	-0.0183026559	-0.0909071286	0.0622148852	-0.0312144726	-0.049138831	-0.059235831	0.1096725597	0.0344699493	0.0456115266	-0.0169462823	0.0191390991	-0.0384978634	0.0846430756	-0.0025185065	0.0134882283	-0.1017380828	-0.0164219876	0.0384275623	0.1672480529	0.0465605275	-0.006319552	-0.0107704293	-0.0448625828	-0.0565067518	0.004690065	-0.0144028688	-0.1455918169	0.0577933631	0.0301971195	0.0774568147	-0.1380460485	0.037317401	-0.0171532789	0.0143055477	-0.0641529667	-0.0493986868	-0.0744788339	-0.0430534934	-0.0344443386	-0.1034837898	-0.0649604785	0.0046314342	0.0961773065	0.0225905943	-0.0381923845	-0.0027052798	0.0344848209	0.0436825517	-0.0317828831	-0.1166142898	0.1065495717	0.1198313244	0.0015692217	-0.0167811209	-0.0457013991	-0.0302439381	0.103933709	0.0219488961	-0.0448406926	-0.0012328672	0.0176240523	0.0303053628	0.1109555836	-0.0192157292	0.035279309	0.0737777911	0.0419486017	0.0506193875	-0.0391806984	-0.0134640652	0.0144294874	-0.0436451528	-0.0152370356	-0.0054398125	0.014547081	-0.0054800971	0.0808648588	0.0036750683	-0.0109043398	-0.0496334126	0.0393468413	0.0950111383	0.0933598536	0.0906289382	0.0868499729	0.0820666583	-0.0276272735401335	0.0015492007952103	0.0007632662432613	2.4000231038805297e-06	-0.175325960169161	-0.1032079298923207	0.0106518767926582	0.0307391923092382	0.1036859331017581	-0.100049821694327	0.0107507727231822	0.0100099668210666	0.004367682254576	-0.0007049760483317	1.907664827693809e-05	4.969912287215203e-07	0.0006911241749318	1.937104883890006e-05	4.776526251751613e-07	3.7523753311905133e-10	0.0009709950787743	-0.0001128096266181	9.428314430039092e-07	1.2726011857737673e-08	0.0	0.0	0.0	0.0	0.0	0.0	0.0	0.0	0.0	0.0	0.0	0.0	0.0	0.0	0.0	0.0
6408.733580729536	-25.691092933709115	41071866.108770415	660.0322561284784	5190.555888536242	-28.803617350260534	26941870.43201825	829.6483724602299	4570.695729024597	-8.95499770272636	20891259.44732369	80.19198385583438	4496.632455537383	5984.209181461769	1.084646	29.31241	0.1843575222891272	0.1087140577355501	-0.0505508925	0.0574723458	-0.0188067588	-0.1374851237	0.049858591	-0.0618108986	-0.0462527659	-0.1916377862	-0.0676589928	-0.0138822747	-0.0138133539	0.0021432238	-0.0445408768	0.0073039238	0.0060836374	0.0369539152	-0.0319001618	0.048480425	0.1205477015	-0.0086215594	-0.09086369	-0.0321251155	0.0255455822	-0.0102786528	-0.0027504136	-0.064766333	0.0089727909	-0.0103458261	-0.0141601631	0.028476782	-0.0673812126	0.0027715813	0.0652108693	0.0636103965	0.0057145842	0.1077041135	-0.0736708268	-0.0719352882	0.1528977075	0.0147544022	-0.0005832548	0.0076281761	0.0508451779	-0.0765825085	-0.133373471	-0.0684427737	0.0343312649	-0.0746460082	-0.0862119542	-0.0159648115	0.0439911816	0.040720768	-0.0359051541	0.1042498283	-0.0690797036	-0.0533913915	-0.0911436947	-0.0731721085	0.1284920551	-0.0406244016	-0.0408308673	-0.0753648724	-0.0666748473	-0.1172165059	0.0983396904	0.0595815478	0.0136639695	-0.1639124514	0.0071566486	-0.0765339058	-0.0391628401	0.0143327487	0.0101944567	0.0034110633	-0.0306041031	0.0213958286	0.0476832478	-0.0825796379	0.0149608073	-0.081387513	-0.0155785577	0.0079425507	-0.0270035767	0.0333745364	0.0638741316	0.1143818281	-0.0656383724	-0.0698416544	0.0256083446	0.0165480075	0.0012006961	0.0042260615	-0.0019143969	0.0041517206	-0.0471574638	0.0153349305	-0.0936723034	0.0309208009	-0.0389133378	-0.0260401902	0.0524071812	-0.0190163882	0.036825737	-0.0573729107	-0.0866294463	0.0126066024	-0.148907488	-0.0475656586	0.0474563056	-0.0190865522	-0.0815115412	0.0343268489	-0.0179359457	-0.0797703592	-0.0044506426	-0.0100841214	0.0182170536	0.0316338379	-0.0805435636	-0.1448695773	-0.0053273815	-0.0937431829	-0.041754844	-0.0111133604	-0.0767312442	0.1211153983	-0.1931911412	0.118445475	-0.0411479055	-0.0116206298	0.0287021657	0.0589652793	-0.0655779291	-0.0203135151	-0.0516483859	0.1116347444	-0.0421386139	0.0285825885	-0.0121857625	-0.1221340693	0.0335381164	-0.118930595	0.0996351571	0.0750116451	-0.0111585766	-0.0433870426	0.0461420417	-0.0532310301	0.0137038823	0.0386514468	-0.0697739433	0.0472173929	0.0795509389	-0.0579892401	-0.0096740445	0.1135758702	0.0857871357	-0.0990896765	-0.04151232	-0.0180164415	-0.0242136155	0.0457057929	0.0074353276	0.0669613591	-0.0071303474	0.0042891253	-0.00789566	-0.0320741288	-0.0630289341	0.025650042	0.094854161	0.0927360906	0.0892409375	0.0844206031	0.0783466667	-0.0380584315434475	-0.0104311580033139	0.0014484442115472	0.0001088090572901	-0.1159996158539797	0.0593263443151812	0.0035196151298034	0.0134559108782708	0.19037340987893	0.0866874767771719	0.036242035188931	0.0075147186299927	0.0042018093987953	-0.0001658728557807	1.7655202223804518e-05	2.7513804284845138e-08	0.0005789540533052	-0.0001121701216266	3.351877958385204e-07	1.2582136185726248e-08	0.0006907871923124	-0.0002802078864618	4.771869450628488e-07	7.851645963544501e-08	0.0	0.0	0.0	0.0	0.0	0.0	0.0	0.0	0.0	0.0	0.0	0.0	0.0	0.0	0.0	0.0
6408.382142633628	-0.3514380959077243	41067361.68602557	0.1235087352552468	5216.3647836190685	25.808895082826893	27210461.55578121	666.0990653963662	4565.7354768603145	-4.960252164282792	20845940.444660883	24.604101533272125	4490.784745940363	5906.820187980344	1.012065	27.350903	0.141183522108716	0.0660838474864855	-0.0584602091	0.0054274801	-0.0964784404	-0.0294619119	0.0955189618	-0.0405594687	0.0663863943	-0.0124625525	-0.1180294503	0.0924888933	0.0396346526	-0.0544076735	-0.1063814124	0.0524405675	0.0564591376	0.086510754	-0.0437489213	-0.0470431902	0.0334656083	0.1118433926	0.0116167643	-0.0576606505	0.0304412364	0.0414061798	0.0223367182	0.0151452106	0.0326829171	-0.0273840089	-0.0431670339	0.013807894	-0.1006880155	-0.1614779382	-0.0368777707	-0.0071755926	0.0718549282	0.0168905823	-0.0943535686	-0.0548051545	-0.080399215	-0.0636429596	-0.0444202797	0.0289460204	-0.0756306665	-0.0290941347	0.037152647	-0.0878882755	0.049169863	-0.1205476702	0.0583401493	-0.0080752134	0.0999892335	0.0289524684	0.0261991156	-0.0071993934	0.1091229793	0.006515521	0.0811016286	-0.0017159252	0.0339740289	-0.0418802314	-0.0971892782	-0.0190335421	0.0229013172	0.118711016	-0.0417681388	-0.0780969078	0.1463409731	-0.0599678042	-0.0392319429	0.0931958156	-0.0690132888	-0.0069348407	-0.0029191044	-0.0689943376	-0.0578607011	0.1168927113	0.0312394376	-0.0472173542	0.0272730684	-0.1201641915	0.0906148092	-0.0428776029	-0.0786284478	0.0492930099	-0.0528448635	0.0705506042	0.093161413	-6.53071e-05	0.0524538507	0.0198770524	0.0620165519	0.0488222529	-0.0061131246	-0.0553589624	0.0352193597	0.0240296617	-0.0304339289	0.1479243013	0.0077899946	-0.0216324468	0.084590773	0.1277649787	-0.0347389032	0.0337136724	0.0664980928	0.0558632791	-0.0017198168	0.015282786	0.0256840031	-0.0025365664	0.0285269505	0.0938480975	0.0678584384	-0.0650192477	0.0398998874	0.0283930978	-0.0271610814	-0.0778495298	-0.0516354347	-0.0574372462	0.0592276558	0.0498745679	0.0365218073	-0.0048303858	-0.1493718183	0.0759874954	-6.474e-07	0.0728867528	0.0547400401	0.0770894754	0.0465588874	-0.0799654419	0.1349960791	0.0058181163	-0.0668703603	-0.0052324152	0.0390301973	-0.0151359122	0.1768149232	0.0242181071	0.0789957221	-0.0075869534	0.035024955	0.0931981249	0.0961354865	0.1105109192	0.0456338276	-0.026828382	0.070666869	-0.0467732023	-0.0333896274	0.0719930399	-0.0437575156	-0.0120641039	-0.0627390458	0.1113990108	0.0571696557	-0.0312603595	0.0229772011	0.0444529045	-0.017138536	0.0695913264	-0.0254453722	0.0573028328	-0.1084631476	0.0749812484	-0.020833631	0.0643466182	-0.0352816141	0.0556770079	0.0946776645	0.0920359983	0.0876876832	0.081713351	0.0742237856	-0.043844007423317	-0.0057855758798694	0.0019222969869358	3.3472888261727715e-05	-0.1680691205588829	-0.0520695047049031	0.0027112333202139	0.0282472292854363	0.1586788923781767	-0.0316945175007533	0.0251789908863649	0.0010045424396055	0.0037039400147595	-0.0004978693840357	1.3719171632936604e-05	2.478739235601868e-07	0.0003861464514285	-0.0001928076018766	1.4910908195082293e-07	3.717477134144404e-08	0.0003487856977611	-0.0003420014945513	1.2165146296269738e-07	1.1696502227532293e-07	0.0	0.0	0.0	0.0	0.0	0.0	0.0	0.0	0.0	0.0	0.0	0.0	0.0	0.0	0.0	0.0
6429.956557719841	21.574415086212863	41344341.33416439	465.4553863122093	5203.249238190828	-13.115545428240694	27073802.63473343	172.01753188024537	4571.395179358914	5.659702498599472	20897653.88586592	32.032232372653105	4494.199480710559	5982.034064709524	0.789898	21.346876	0.0416784339698154	0.0223837387175409	-0.0503195145	0.0059367358	-0.023268333	0.002990907	0.0652278316	-0.0670187069	0.0049738637	0.0704225863	-0.0296968079	-0.0072670951	0.113662639	-0.183108083	0.0474192694	0.0445705268	0.0208179101	0.0906012805	-0.0259130289	0.0068062419	0.0327822958	0.1114642616	0.0826196445	0.0147181268	0.0332083148	0.0471581249	0.0932577012	0.1173947073	0.1186539926	0.0373331342	-0.0495408041	0.0659281909	-0.0947681221	0.0670530952	-0.036545078	-0.0393896975	0.1192062703	0.005169936	0.0157082081	-0.0605036202	0.0430155359	-0.1001758341	0.0306392959	0.054977439	-0.0150387201	0.0553583307	-0.0955202642	-0.0251862319	0.0295433851	0.0650562805	0.0440850692	0.0432311662	-0.1207148302	-0.0191242167	0.0336751159	-0.0750033217	-0.0051984248	-0.0716766819	-0.0327024386	-0.0679598909	-0.0637019049	-0.0324093701	-0.0264692932	-0.0240265187	0.0353310007	-0.0499714751	0.0005481895	-0.1669710668	0.0279190076	0.1115585889	0.024449046	0.1085289321	-0.0472852121	-0.0685280708	-0.023039712	-0.0219693316	-0.0116079266	0.0312832361	0.0142352733	-0.0075184283	0.0937660632	0.0419146257	0.0579904384	-0.019922231	-0.0901317542	0.0360392037	-0.027984229	0.0554238546	0.126215754	0.0531968772	-0.063217946	-0.0198827645	0.0324892272	0.0857477261	-0.0246379403	-0.1495675435	-0.0508366398	-0.0096139298	-0.0636977369	0.0148051121	-0.0974009601	-0.036764344	-0.0174227283	-0.0634958445	0.0637657925	-0.1147248164	0.0539032547	0.1516909521	0.0418562695	0.0628961423	0.0369575496	0.0773308813	0.0266830441	-0.0760456577	-0.0329030005	0.0031079871	0.1182037681	-0.0248918114	-0.0495850468	0.0441083585	0.0950089617	-0.0204079649	0.0277325425	0.0232875951	-0.0128780139	0.0211356975	-0.0121549634	-0.066103067	0.0588897206	0.0067142394	0.053663803	0.017956641	-0.0532515463	0.0701464181	-0.0315855338	0.0205096491	-0.0346122794	0.0152509568	-0.1106863569	-0.1036632802	0.0621082043	0.0522366857	0.0475339211	0.0082028687	-0.0306293036	0.0779353993	0.0619158573	-0.0459365082	0.041300915	-0.0170322318	0.0582510431	-0.0552231717	-0.0380165496	0.0578443893	-0.02635725	-0.0143536224	-0.0680816042	0.0630036527	0.0491935357	0.0120291222	0.0481432532	0.0873092641	-0.0042934049	0.1272685224	-0.0268530307	0.0667618216	-0.057730411	-0.0081749064	0.0009662574	0.0328480163	-0.0120149004	0.0009818351	0.0944816852	0.0912601531	0.0859720514	0.0787371281	0.0697192167	-0.0529506979729887	-0.0091066905496717	0.0028037764158266	8.293181276747993e-05	-0.1552350579794819	0.012834062579401	0.0001647131622919	0.0240979232258931	0.142788209918919	-0.0158906824592577	0.0203884728918492	0.0002525137890209	0.0036919285542274	-1.2011460532100008e-05	1.3630336449519618e-05	1.4427518411419622e-10	0.0004381685864249	5.20221349964e-05	1.9199171012959508e-07	2.706302529583666e-09	0.0003616920698623	1.2906372101200031e-05	1.3082115340127493e-07	1.6657444081463456e-10	0.0	0.0	0.0	0.0	0.0	0.0	0.0	0.0	0.0	0.0	0.0	0.0	0.0	0.0	0.0	0.0
6461.676392966199	31.719835246358343	41753261.80741667	1006.1479480561172	5255.0528817636	51.80364357277267	27615580.790131923	2683.6174874148714	4577.093959522351	5.698780163436823	20949789.114295997	32.476095351181016	4499.003564889224	6153.916537355933	0.90583	24.479925	0.1207220898992329	0.0603245327510981	-0.0430553334	-0.0199806062	0.0455890672	0.0973791564	0.0479068839	-0.1036138565	-0.0454275509	0.1211109602	-0.0849855935	-0.0136170366	0.0082409115	-0.0750566504	-0.0370651781	0.0033153974	0.0001445673	0.0691075522	0.0207447041	-0.0160636074	0.0620473928	0.0419628839	0.1363467224	0.0225965975	-0.0189397063	-0.0526162112	0.0344463557	-0.0019993523	0.1550740416	0.0245575729	0.0218040124	-0.016098582	-0.0506775156	-0.1052526869	0.0481764945	-0.06038831	0.1748746298	0.0303224399	0.1183229946	0.0247082054	-0.0531672516	0.0089524655	-0.0061879638	0.0406353822	0.06143274	0.0660133515	0.0226102948	0.1171070472	-0.0177498305	0.0170489514	-0.0533781934	-0.0280205925	0.0921669455	0.0270237307	-0.0884649644	-0.0344678593	-0.0748046432	0.0187456999	-0.015171115	0.0372878066	-0.0148617775	0.0463339311	0.0898063957	0.0376482873	-0.0112538184	-0.0843430858	0.0298518129	0.003972996	-0.091733269	0.0532585148	-0.0528432149	-0.0783678674	-0.0089819399	-0.0558249844	0.042474765	0.1295666896	0.0599304214	-0.0456033255	-0.0241329732	0.0689437226	-0.0826216117	-0.034632663	-0.0580127558	-0.0966513754	-0.0789029112	-0.0068873949	-0.0209677812	0.0777182048	0.0694876485	0.1202617532	-0.0117944553	0.0544624032	-0.0401727376	0.0141058791	0.0948860203	-0.1004122351	-0.0789336695	-0.0096459041	-0.0093053972	0.1008276866	0.0506611641	-0.1040912125	0.1055941945	0.0489700857	0.1157705498	-0.0117456585	0.018477801	0.0483947111	0.0634621745	-0.0080138224	0.0104881094	-0.0001223756	0.0818535891	-0.1404644672	0.0434905682	0.1111858134	0.0120117532	0.0133367142	0.0272580064	-0.0708814154	-0.0397088579	0.0171126196	-0.0158315088	0.03464462	0.0708981341	-0.0614782179	0.1562478899	-0.0144404792	-0.0924348002	-0.0727833441	-0.0499861357	0.0294233745	-0.0172766046	0.016362342	-0.0211574948	0.0206113418	0.0245584387	-0.0011188619	-0.069911525	-0.1445254735	-0.1025780252	-0.0166653885	-0.1285578817	-0.0169529234	0.0289653994	0.0041314011	-0.0746361087	-0.1081464376	0.038215508	-0.010398748	-0.0579124762	-0.042246777	-0.0289212654	0.0982917187	-0.0689111627	-0.0547477398	-0.0427009173	0.0958158393	0.0548815238	0.0050201739	0.0086484579	0.0801536231	0.0253729872	0.0126137742	-0.0387146023	0.1249305468	-0.0721245717	-0.0134288448	0.0403786501	-0.0104504122	-0.0428299872	-0.0158376389	0.0942662634	0.0904091936	0.0840972192	0.0755017308	0.0648561241	-0.0729173051136911	-0.0199666071407024	0.0053169333850431	0.0003986654007111	-0.1935694996287793	-0.0383344416492974	0.0014695294165633	0.0374691511865359	0.1058330317044209	-0.036955178214498	0.0112006305997489	0.0013656851968653	0.0038859240516162	0.0001939954973888	1.5100405734929262e-05	3.7634253007127924e-08	0.0006580206684836	0.0002198520820586	4.329912001516039e-07	4.833493798554535e-08	0.0002662223914151	-9.54696784472e-05	7.087436169077472e-08	9.114459502811765e-09	0.0	0.0	0.0	0.0	0.0	0.0	0.0	0.0	0.0	0.0	0.0	0.0	0.0	0.0	0.0	0.0
6444.590706957549	-17.085686008650555	41532749.3802036	291.9206663861973	5214.87405327691	-40.17882848669069	27194911.391540747	1614.3382585629074	4575.86567176783	-1.2282877545212614	20938546.64606325	1.5086908079068824	4501.3142304886	6161.923711847815	1.100335	29.736401	0.2085561776786053	0.1193077587119687	-0.0493062692	0.0664480856	0.0186139054	0.0772746061	0.0323163718	-0.0708009607	0.0477889381	0.0695511222	-0.0033525257	0.0068639091	-0.0230182719	0.052600383	-0.1186135305	-0.0415646178	-0.0672540171	0.0426946134	-0.0109495456	-0.0996954559	0.000492303	-0.1178025741	-0.0037498744	0.0530983927	-0.0177040925	-0.1017491999	0.0091925467	0.0852515668	0.003791555	0.002587224	-0.0057873335	-0.0507726974	0.0463169854	-0.0414741871	0.098053189	0.0096439958	0.1592158957	-0.0130141085	-0.1032668362	-0.0080150035	0.0083543281	-0.0074313096	-0.0457201863	-0.0396764526	0.0176414264	0.0222371599	0.1075863391	0.0226691882	0.0060067703	-0.090868519	-0.0966994345	-0.0697036196	-0.0837340861	-0.057710124	-0.00451484	0.0207196402	0.1026905507	-0.0737067421	0.0102225209	-0.0200640747	0.0550526572	0.0380772344	0.0783901141	-0.0125871598	0.014149353	-0.0915444105	0.1407616283	-0.1021941747	-0.1433292432	-0.0451590919	-0.0576429908	-0.0067026716	-0.0734562005	0.0568281255	0.0810214543	0.0273198221	-0.040985864	0.1103966687	0.0724963074	0.179552719	0.0845857617	-0.102031501	0.0771354228	0.0743419979	-0.051290914	0.0237676143	-0.056864806	-0.0262773376	-0.1112172995	0.0353735208	-0.0610821552	0.0536486252	-0.0892822192	-0.0093033718	-0.0262851138	-0.0196213037	0.0348736756	-0.0908542142	0.0695878057	0.0229289776	0.0454452933	-0.0472752408	0.0577208368	0.1471543543	0.0441886871	-0.0653795407	0.0604553952	0.1176867715	-0.0033917316	-0.1103537103	0.0419351693	-0.117424755	-0.0168038208	0.0536549832	-0.0723841875	0.0818258122	0.0902135077	0.105378725	0.0853502483	-0.0704514728	-0.016126595	0.0062158038	0.0102170498	-0.025276961	-0.0791072246	0.081595856	0.0308738082	-0.0543659618	-0.0362463069	-0.0801220441	-0.0765844415	0.0074327107	-0.0838126793	-0.0165940085	-0.1126639533	-0.0643102471	-0.0630276943	0.0215234081	-0.2118357071	-0.0003590791	0.0676525561	-0.0789372536	-0.0636002375	-0.1000089705	0.0827846501	0.0926421648	0.008680288	-0.0277013674	0.0555190918	-0.0667151215	-0.005065735	0.0238067684	-0.0733246628	0.0345834906	0.0063980939	0.0755262942	0.0313365181	0.1292400908	-0.0005629126	-0.0115519423	-0.0713407923	0.0350094033	-0.09468181	-0.0193012713	0.0494696565	0.0626989966	-0.0128210185	0.0663318034	-0.0180766903	-0.0366254925	-0.0770301057	-0.0766861555	0.0940314435	0.0894838202	0.0820666583	0.072017809	0.0596595157	-0.0554697165502915	0.0174475885633995	0.0030768894541696	0.0003044183466776	-0.1094185536672824	0.0841509459614969	0.0070813817062147	0.0119724198866399	0.1856663455453997	0.0798333138409788	0.0344719918681837	0.0063733579988322	0.003904259689811	1.833563819480036e-05	1.5243243725483088e-05	3.361956280106217e-10	0.0008811118978908	0.0002230912294071	7.763581766047275e-07	4.976969663841592e-08	0.0005672821100677	0.0003010597186525	3.2180899240286204e-07	9.063695419518265e-08	0.0	0.0	0.0	0.0	0.0	0.0	0.0	0.0	0.0	0.0	0.0	0.0	0.0	0.0	0.0	0.0
6429.440774434956	-15.14993252259228	41337708.67196677	229.5204554390993	5189.171203387225	-25.70284988968433	26927497.778063223	660.6364924516458	4576.011646949135	0.1459751813054026	20939882.593014136	0.0213087535571451	4500.996722598204	6089.594869448778	1.076307	29.087055	0.0779402615135296	0.0492684019295614	-0.0651140985	0.0025967124	0.0575447876	-0.017745412	0.1199429643	-0.0584655497	-0.0192279506	-0.0055881205	0.1034718801	0.0006140422	-0.0095254311	0.063445835	-0.0335007023	0.0161697746	-0.1578663221	0.0314637762	-0.0093858089	0.0220040729	-0.0010012285	-0.1319411233	-0.0212155083	0.0210697609	-0.0369427945	0.0518608135	0.0375294159	-0.062859058	0.0496565696	0.1837367899	-0.0035065869	0.1704981379	0.01133914	-0.109028424	0.0312323453	0.0553040121	0.0243261068	0.0046630094	-0.0577205482	0.0897883099	-0.0134520055	0.0509321123	-0.005374296	0.0525378585	-0.0376600285	-0.0744602396	-0.079987693	0.0569732167	-0.0086363883	-0.0108976461	0.0502062073	-0.0271833752	-0.048806	0.0554655221	-0.0106402485	-0.0146338619	0.036297424	0.0400809338	0.0774490991	-0.0429069042	0.0668583903	-0.0172301166	0.1039588916	0.1486356616	-0.0446985923	-0.0061602213	0.0367549107	-0.0827306397	-0.0432672357	0.0343767829	-0.0060748141	0.0867798822	-0.1997687237	-0.021933008	0.0090005376	-0.0287816078	-0.0386163573	-0.023797895	-0.060759678	-0.1591306636	0.0298719156	-0.0138902582	-0.0681626488	0.0782147978	-0.0403186785	0.0113858491	0.0552716658	-0.0468198964	-0.1151172654	0.0222890966	0.0049631578	-0.0506687248	0.0090642236	0.0200477005	0.0621878149	-0.0336772875	-0.0189087443	-0.1464583227	-0.189692915	0.0162346774	0.0337018093	-0.0090591734	0.0054522078	0.1080803469	-0.0112752902	-0.0471127703	0.0210636273	-0.0967320825	-0.0149859048	-0.1164793685	0.0543596841	-0.0058675196	0.0593436392	-0.031630277	0.0427545968	-0.0246118595	0.0729564043	0.0162028985	-0.0611514265	0.1348295437	0.0454049423	0.0195340001	0.092352021	0.0859220734	0.0457267274	0.043052028	0.0314255318	-0.0843045967	-0.006527617	0.0054482858	-0.0469359349	0.0616574662	-0.0435554703	-0.0717873243	-0.09493496	-0.0222790548	0.0092470623	-0.0354123672	-0.0660612555	0.0369488434	0.0587883528	0.0088281023	-0.0740490221	0.0434971462	0.0292470499	0.0418552945	0.0719603478	-0.0364392851	0.0548595977	-0.0424055023	0.005471611	-0.0948215087	-0.0407099756	0.058360743	0.0789858933	0.022123358	0.0720187127	-0.0171232784	-0.041223158	-0.0964497616	-0.1076585672	-0.0058252007	0.0806024323	0.1055154434	0.0155257578	0.1465452948	-0.0475101705	-0.0663375141	0.0133595108	0.0345388328	-0.0055743249	-0.0213668529	0.0937772737	0.0884847944	0.0798841288	0.0682968306	0.0541561147	-0.0601985306668098	-0.0047288141165183	0.0036238630944428	2.236168294858275e-05	-0.086884833408348	0.0225337202589343	0.0005077685487079	0.0075489742763963	0.1419876164676878	-0.0436787290777119	0.0201604832301752	0.0019078313738441	0.0037937543923277	-0.0001105052974833	1.4392572389305718e-05	1.2211420771872638e-08	0.0009105801319941	2.9468234103300052e-05	8.291561767823927e-07	8.683768211668963e-10	0.000567275680447	-6.429620700004052e-09	3.218016976266068e-07	4.1340022345920593e-17	0.0	0.0	0.0	0.0	0.0	0.0	0.0	0.0	0.0	0.0	0.0	0.0	0.0	0.0	0.0	0.0
6444.012050140195	14.571275705238804	41525291.30235204	212.3220756780826	5163.2346333821615	-25.936570005063917	26658991.879357025	672.7056636275811	4575.461167890582	-0.5504790585528099	20934844.89887465	0.3030271939051879	4497.4586602702375	6129.518990305393	1.061819	28.695501	0.1457533135131272	0.0796799087375988	-0.0392241063	0.0808638109	0.0558363194	0.043282386	-0.0094985744	-0.0512148728	-0.0331278036	0.0075934242	0.0941035295	0.0029783356	0.0069853843	0.0207230168	-0.0257931912	-0.1224215116	0.0190828172	0.0572164842	-0.0177512944	0.0157479801	-0.0701083628	-0.0846556586	0.0065133886	0.0602189657	-0.0456500027	-0.1219671222	0.006687942	-0.0858094445	0.0308291358	0.003072461	-0.0055822972	0.1239263172	-0.0079124133	0.0465905548	0.0787407772	0.0676802299	0.0444512193	0.0196365605	-0.1104243183	0.1090770517	0.0979819536	-0.0482090857	-0.0234538206	0.0336181888	-0.2119801147	-0.0254934474	0.0937180047	0.1606926788	-0.0654871815	-0.0196289334	-0.0450295034	-0.0072573577	0.127991716	0.001601713	0.0139037382	-0.0002947254	0.0148197676	-0.012856571	-0.0314191049	0.033877464	0.1218636113	-0.0353409151	-0.0360281114	-0.0364658055	-0.0358739026	-0.0024744442	-0.0745745365	0.075401747	-0.0034969189	0.0003938997	0.016751876	0.0888751283	0.0933990263	0.0368350931	-0.0001574543	-0.0089436203	-0.0158798815	-0.0032538681	0.0023883643	-0.0626584824	-0.1277894024	-0.1399838696	0.0031495305	-0.105791342	-0.0513747428	0.0343905722	0.0407432315	-0.0761362901	-0.0446036346	-0.0035453251	-0.0545390281	0.0393462258	-0.1156667846	-0.0142716437	0.1284146305	0.0315105867	-0.0308290476	-0.024165771	-0.0951914454	-0.0740453338	-0.0574523725	-0.0217963518	-0.0456113994	0.1131896346	0.0828802753	-0.0525725765	0.0067072564	0.0090235647	0.0180579521	-0.1576005514	0.1423501239	0.0210580106	-0.0959589496	-0.0130592706	0.022125891	-0.129002075	-0.0426405362	0.0826948954	0.0074803536	-0.0390489871	-0.1269115748	0.1858044361	0.0410963884	-0.031729172	0.0482638806	0.0004711554	-0.0074887932	0.0553269245	-0.1223562793	-0.0344231505	0.0435596896	0.0936429297	0.0427716511	8.73469e-05	0.0590257092	0.1121787147	0.0497509709	0.0067053797	0.0883659599	0.0206390706	-0.0090210001	-0.002450262	-0.0324496862	0.0657763459	-0.0255193122	0.0334291236	-0.0923715059	0.0406107431	0.0572879754	-0.0200295745	-0.1291370724	-0.0197774345	-0.1081271455	-0.0206277981	0.0102894368	0.0504483102	0.0835349372	0.0168967025	-0.0677150352	-0.0789709395	-0.0674520328	0.048707362	-0.1002964471	0.1733279701	0.0481416772	0.0460115871	0.0682314116	-0.1393251211	0.0330603775	-0.0679714851	-0.0590022665	-0.0718714026	0.0935038064	0.0874129386	0.0775536723	0.0643510435	0.0483742215	-0.1264563668347165	-0.0662578361679067	0.0159912127130363	0.0043901008536531	-0.0687745174167417	0.0181103159916063	0.0003279835453158	0.0047299342459057	0.157644893378972	0.0156572769112842	0.0248519124084674	0.0002451503202766	0.0031596674724082	-0.0006340869199195	9.983498536194422e-06	4.020662220129987e-07	0.0011908955662685	0.0002803154342743	1.418232249757971e-06	7.857674269244543e-08	0.0005671203457943	-1.5533465269992105e-07	3.216254866138465e-07	2.4128854329405092e-14	0.0	0.0	0.0	0.0	0.0	0.0	0.0	0.0	0.0	0.0	0.0	0.0	0.0	0.0	0.0	0.0
6448.305187708887	4.293137568692146	41580639.79383335	18.431030183715908	5213.138372802734	49.90373942057249	27176811.693988334	2490.383208156401	4573.609041196719	-1.8521266938632837	20917899.66171637	3.430373290120937	4498.539684769114	6095.105413902867	1.254901	33.913513	0.1516380654859988	0.0676265212989763	-0.0620297572	-0.0474321574	0.1047990618	-0.0056810467	0.0677755752	-0.0516385311	-0.0227618064	0.0128211445	-0.0163559652	-0.1001868136	-0.0239469872	0.1559156114	-0.0806746449	0.0588827715	0.0152529864	0.0641643554	-0.0028859393	0.0698826807	0.0093621125	-0.0288795639	-0.0644755166	0.1020847201	0.0419839353	-0.0042670064	0.0512290609	0.0247352012	-0.0057053662	0.1044980924	0.0844165956	-0.0106405016	0.0081023594	-0.0163749778	-0.0239419603	0.0127936913	0.0284860466	-0.012667995	-0.0371097708	0.1296630922	0.1091511637	-0.0968065101	0.0347672122	0.0134173703	0.0339971857	-0.0856855959	0.0476188387	-0.0576734733	0.0185859452	0.0172112135	0.0221478935	0.0154310821	-0.140899039	-0.0496119554	0.0447860295	0.0600320107	-0.0665136171	0.0707575313	0.0890083525	0.0236311289	0.0713080376	-0.0229658681	-0.0114017357	-0.0070941289	-0.0148234964	0.1398385644	0.0141243873	-0.0189511214	-0.0240900747	0.0336722122	0.1379646971	-0.006126494	0.0052668392	-0.1102182397	-0.0059554769	0.0599555283	-0.0416234639	-0.0780407758	-0.0107647566	0.056645853	0.020781001	-0.0020536804	0.0635901059	0.099781612	-0.0545113138	0.0012191832	0.0783310152	0.0157060244	-0.0285962805	-0.0470120132	-0.1114660078	-0.0607747659	0.0161530404	0.0384746229	0.0017930296	-0.0013511802	-0.0962323757	-0.0487256606	0.0269553385	0.0370742661	0.0903573977	0.0731212498	0.0214555666	0.0310993216	-0.0047456732	-0.0666742266	0.0062168522	-0.0334137417	0.0436602669	-0.0518411964	0.0398738368	0.1275934197	-0.0111923793	0.1331392281	-0.0972653771	0.1048317393	-0.0891786452	0.0200628059	-0.0737975103	0.0656047135	-0.0400323205	-0.0561029294	-0.0840550498	-0.0882896303	-0.0886430244	0.0755711708	-0.0060539028	-0.0147121975	0.0902922369	0.0213704401	0.0186612482	0.0911608069	-0.044444282	-0.0278104743	0.0170258246	0.0664363822	0.0823036214	-0.0972358711	-0.0736383027	0.1403233861	0.0077589967	0.0802363896	0.1555176264	0.0046750897	-0.035370281	0.0366198479	-0.0083313431	-0.018339141	0.06928198	0.0134870816	0.0134869389	-0.0876594203	-0.0831532966	-0.0054118066	0.1041205699	-0.0012687272	0.0168166659	-0.0030465465	0.0675987108	-0.0753150243	-0.1353978924	0.1095583297	-0.0866351106	-0.1043721378	-0.0555173963	0.1709989805	-0.0627230457	0.0021134375	-0.0266917133	0.0662370493	-0.0210667668	-0.0103474653	0.0932110979	0.0862691351	0.0750796043	0.060193436	0.0423435691	-0.0763349538227942	0.0501214130119223	0.0058270251751281	0.0025121560423116	-0.0967305449353261	-0.0279560275185843	0.0007815394746198	0.0093567983234851	0.1419853240266348	-0.0156595693523372	0.0201598322389484	0.0002452221123006	0.0027191560892806	-0.0004405113831275	7.393809837871767e-06	1.9405027866499093e-07	0.0007861981035235	-0.0004046974627449	6.18107457983948e-07	1.6378003635224066e-07	0.0008799326119848	0.0003128122661904	7.742814016343927e-07	9.78515138792362e-08	0.0	0.0	0.0	0.0	0.0	0.0	0.0	0.0	0.0	0.0	0.0	0.0	0.0	0.0	0.0	0.0
6432.3725920694615	-15.932595639425926	41375417.163206406	253.84760380945409	5254.870870406539	41.732497603805314	27613667.86464718	1741.6013562516162	4559.054114242604	-14.554926954115215	20784974.41659241	211.84589863962967	4491.869804887504	6224.858218730113	2.188013	59.130753	0.4479995645753673	0.2888017904009274	0.0897142145	0.0985568588	0.0641425073	-0.1311361744	-0.1878500191	0.0993612314	-0.1122084654	-0.0443583691	-0.0119701046	-0.0152288057	-0.076505532	-0.1359609681	0.0170502489	0.1307642296	-0.0468404358	-0.0958477325	-0.1484628726	0.1984223835	-0.0140667996	0.130715866	0.0611346095	-0.1615085566	-0.1052815007	0.1180284813	0.0008122176	-0.021157283	-0.0617723744	-0.1755191485	0.1213177879	-0.0445586164	0.122575056	0.1350155693	0.0611454225	-0.0124317194	0.0681004529	0.0701999123	-0.147921385	-0.0160999964	0.0607926916	-0.0531319486	-0.2041485615	-0.0915502546	0.0463213142	0.0705443488	-0.1090409745	-0.1471298444	0.003448438	0.0396456546	0.0700795838	0.0102133892	-0.0126605091	0.0162530577	-0.0382853302	-0.00771964	0.1860128225	0.0704720526	-0.0128677585	0.0899563104	-0.0442363675	-0.0054567546	-0.0193263743	0.0365861283	-0.0730881683	-0.0178573945	-0.0298137713	-0.0708971102	-0.016524508	0.0205523803	0.0849933785	-0.0366726777	0.0734568836	0.0390926617	-0.0574929259	-0.0137306869	0.1017741875	-0.0841728889	0.0576625732	0.0518990903	0.0195774412	-0.0113967119	0.0092895993	0.0301455366	0.1136467788	0.1036844216	0.1552518882	0.0140495961	0.1571967314	0.0184201261	0.2128885501	-0.1063283956	-0.0014365384	0.0226916994	-0.0938400078	0.1195630933	0.0566925648	0.1432547024	0.0515227019	-0.2238407908	0.0592941559	-0.0202651525	0.0460132953	-0.0386534426	-0.0860804324	-0.2285725005	0.0604574953	0.1733706145	-0.003459195	-0.0449227772	-0.0495420238	-0.1398971084	-0.1563995644	-0.0271929959	0.1289881479	0.0223897923	-0.0606394366	-0.0611716825	0.0223431944	0.0170581747	0.1266257224	-0.1109228413	0.0886117006	-0.0100652437	0.0219270398	0.1241774708	-0.0823089258	-0.0772004558	0.0457312353	-0.0049298507	0.0382239371	0.0352250162	-0.0642593389	-0.056449826	0.1239551437	-0.0099196458	-0.027269199	-0.1069766503	-0.0276706077	-0.0018325075	-0.0899938416	0.0004643999	-0.0766982465	-0.1000982465	-0.0043478029	0.0515118572	-0.0703857105	-0.0030328541	-0.1181582326	-0.014315803	-0.086474232	0.1280479842	0.0554458867	0.074712426	0.000849679	-0.1288348796	-0.0613903143	-0.2034073141	0.0708344002	-0.0253250867	0.1303973004	-0.0590830282	-0.1058206172	0.0792644107	0.2059648818	-0.12364676	-0.010056294	-0.0279753713	-0.1500240657	0.1244595961	-0.2998869148	-0.0746826545	0.0928992083	0.0850543252	0.0724665061	0.0558376933	0.0360951694	0.0056974717581397	0.0820324255809339	3.2461184434799484e-05	0.0067293188466914	-0.1316156154986885	-0.0348850705633624	0.0012169681482107	0.0173226702430986	-0.1319384954176143	-0.2739238194442491	0.0174077665730638	0.0750342588589255	0.0024820261507812	-0.0002371299384994	6.160453813161741e-06	5.623060773272929e-08	-6.0980971356539015e-05	-0.00084717907488	3.7186788675870322e-09	7.177123849145987e-07	0.0008210766456278	-5.885596635699997e-05	6.741668579954e-07	3.4640247758163124e-09	0.0	1.0	0.0	0.0	0.0	0.0	0.0	0.0	0.0	0.0	0.0	0.0	0.0	0.0	0.0	0.0
6470.4862235242	38.113631454738425	41867191.96881646	1452.6489026676263	5200.145828360099	-54.72504204644065	27041516.636210937	2994.8302269846968	4573.287372526937	14.233258284333717	20914957.39171434	202.58564138855436	4498.058359120859	6288.844039297005	1.797941	48.589108	0.1984843354297803	0.0994063215711922	0.1449307113	-0.0023173243	0.0764251054	-0.0407933298	-0.0967088814	0.1345694206	-0.0971819245	-0.0051951347	-0.0038294177	0.0413514496	0.0376578079	0.0031553244	0.1466894658	-0.0636693098	0.0480006213	-0.1249430561	-0.0098331776	0.1195483242	-0.0310968862	0.0745862782	-0.0077855102	-0.0386610121	0.1341178977	0.0266238576	-0.088356796	0.0127736273	-0.0335693118	-0.0683720227	0.0345588891	-0.1762184199	0.002160254	0.0544794144	-0.0458506628	0.0844731325	-0.1113264478	-0.0155483291	-0.000272656	0.0817401948	0.0340785715	0.0435999179	-0.1110563028	0.0073726568	-0.0310859959	-0.0045333787	-0.0661822443	-0.0461545648	-0.0313401604	0.0216914552	-0.0693880128	-0.0394386825	0.0160626777	-0.1899605729	0.0903648549	-0.150513465	-0.0494351358	-0.0796857802	0.1030737316	-0.0792976384	-0.0634067963	0.0410575976	-0.0905734344	0.2041821803	0.0118421203	-0.0481267815	0.1190322562	0.1275423749	0.055599067	-0.0197798653	-0.0962936634	0.0218731336	0.1469990115	0.0287250579	-0.0318000604	-0.0531602296	0.0061115784	-0.0205357824	-0.0705025163	-0.132757934	0.0880474591	-0.0236011427	0.0371437176	0.0347118347	0.1341419237	-0.0124421088	0.09351994	0.0036353158	0.1120828687	-0.0602807121	-0.0370916397	0.0677074924	0.0939135438	-0.0705878625	-0.0758878183	0.0235192348	0.003416198	0.1135742969	0.1263550263	0.01324566	-0.056783087	0.1244728192	-0.0745454163	-0.1133807816	0.0411847146	-0.0029603761	-0.0146058894	-0.1172530335	-0.0023888094	-0.1539221899	-0.0776551282	-0.0420313907	-0.0471628508	0.0193222894	0.0322214515	-0.2114195475	0.0280542036	-0.0501689418	-0.1055789256	-0.1333137706	0.0446385918	-0.0188259788	-0.1488674987	0.0536716826	-0.1157030295	-0.0330258715	-0.0286694898	-0.0233632738	0.0660406763	-0.016349859	-0.1093774794	-0.0740533444	-0.0813407783	-0.0069097787	-0.1006496812	0.0052442863	-0.0006531053	0.0808365136	0.0097970505	0.0568694858	-0.1286677986	0.0851092494	-0.0874729755	-0.0549534113	-0.0942611962	0.0735944939	-0.040419158	0.2089014445	-0.1537320679	0.027813034	-0.0102013655	-0.0045660692	0.0646193049	-0.1458927369	-0.0304928901	-0.1039517778	0.1025889738	-0.1885322498	0.0865208658	0.216974829	0.1779701136	-0.1196512127	-0.0731603119	0.066199169	-0.1856814649	-0.2143558057	0.0158779084	-0.0154355746	0.1611862566	-0.0244215884	0.0156004323	-0.1263256231	0.0925682019	0.0837695089	0.0697192167	0.0512981531	0.0296611541	-0.0144022561662779	-0.0200997279244176	0.000207424982679	0.0004039990626356	-0.0475168230646829	0.0840987924340056	0.0070726068888579	0.0022578484741603	-0.1570047614122245	-0.0250662659946102	0.0246504951061095	0.0006283176909125	0.0028449546733725	0.0003629285225912	8.093767093544028e-06	1.3171711251030365e-07	0.0003873536053724	0.0004483345767289	1.50042815594997e-07	2.010038926907169e-07	0.0002479487634131	-0.0005731278822147	6.147858927808545e-08	3.284755693719071e-07	0.0	0.0	1.0	0.0	0.0	0.0	0.0	0.0	0.0	0.0	0.0	0.0	0.0	0.0	0.0	0.0
6469.091109517254	-1.3951140069457324	41849139.78323518	1.946343092376177	5239.651661286531	39.50583292643205	27453949.5316227	1560.7108352111627	4580.490149310429	7.202776783491572	20980890.00792988	51.8799933928052	4506.596133322286	6240.354105774661	1.589491	42.955765	0.1890521744571285	0.115224764522019	0.0957655071	-0.1260190416	0.0688327582	-0.0309998701	-0.0754950618	0.0916751578	-0.0588713296	0.0077706542	-0.0689772469	-0.0348741495	-0.0538108474	0.1286015313	-0.0150816656	0.105287479	0.0032501035	-0.1023247102	0.0486664671	0.1179866049	0.036473826	0.0434481902	0.0256378488	0.1683900399	0.0183853723	0.0551601482	-0.0247967712	-0.0064778473	-0.0065153292	0.0186940401	0.0657785454	-0.0213294854	0.0312911461	-0.0497902956	0.0255893783	-0.0957377642	-0.046979102	-0.0068457937	-0.015579135	0.0133422034	0.0063433126	0.0628386759	0.1691989577	0.0818143904	0.0007405804	-0.0414909414	0.0827853878	0.0201469536	-0.0396705874	0.0176014516	-0.1049297828	0.1237449019	-0.0273920017	0.1443791172	0.054697478	-0.0620208495	-0.0266189062	0.0312775335	-0.0398692214	0.1156315517	-0.1193540269	0.0574451591	0.0331240295	0.0029343186	0.0463385198	-0.0041602957	-0.0394033167	0.0318819342	0.0417930568	0.0532509924	0.0073419455	-0.0277837938	-0.0956543611	-0.0290784393	-0.0627711825	0.003934402	-0.0906799935	0.0757221146	0.0413279586	-0.0792349878	-0.0904563158	0.104218485	0.0514468606	0.0649975499	0.0997104792	-0.077360776	0.0852055188	0.0500228426	0.0451066461	0.0122271068	-0.0958883594	-0.1201311398	0.072404921	-0.0639550598	0.0513261891	0.0419977882	-0.050001765	-0.0220304743	0.1052778811	-0.0084746006	0.1163783654	-0.0541490568	-0.018408165	0.0178684574	-0.0505399801	0.0355660036	0.0253937351	-0.0868880955	-0.0446514001	0.0922635131	0.1373206698	0.1755246113	0.0831324155	-0.0324880453	-0.0819481374	0.0246738454	-0.0312292354	0.0081698466	0.0824013842	0.1200034266	-0.0158035429	0.0534243705	-0.1057806094	-0.006691778	0.0663885828	-0.1036316628	0.0472960373	-0.093078744	0.0528694086	-0.0130092944	-0.0731715915	-0.0309338601	0.1015706191	-0.0509211599	0.0377907789	-0.0236476483	0.0313368284	0.0374195807	0.0203828346	-0.0363089894	0.013783631	-0.103714431	0.0892213962	-0.0305849432	0.0131868597	-0.0403271549	0.0519890238	-0.0459728721	-0.0800159923	0.1269967251	-0.0367334274	-0.0553581812	0.0691935471	-0.1008545152	0.0337950211	-0.0924915473	-0.0499140948	-0.1713667172	-0.0381799475	-0.0757452653	-0.0359903877	0.0108547568	0.0201837651	-0.1253034243	-0.0378275769	0.0411133919	0.0525268066	-0.0462409641	-0.085871301	-0.0500913194	-0.1036007195	0.0959074649	0.0922181468	0.0824157435	0.0668428233	0.0465897578	0.0230746094	-0.0383767268873782	-0.0239744707211003	0.0014727731665884	0.0005747752463568	-0.0259007748242936	0.0216160482403892	0.0004672535415308	0.0006708501364987	-0.1226828139368905	0.034321947475334	0.0150510728354736	0.0011779960784995	0.0009489848270684	-0.001895969846304	9.005722020060411e-07	3.594701658094392e-06	0.0001975713769326	-0.0001897822284398	3.9034448983043504e-08	3.601729423157643e-08	0.0001509066777509	-9.70420856622e-05	2.277282538981397e-08	9.417166389669764e-09	0.0	0.0	0.0	1.0	0.0	0.0	0.0	0.0	0.0	0.0	0.0	0.0	0.0	0.0	0.0	0.0
6453.12141492551	-15.969694591743972	41642775.995770216	255.0311453535767	5252.413845712167	12.762184425636406	27587851.20662888	162.87335131395642	4582.743177635693	2.253028325264495	21001535.03216649	5.076136634444135	4510.659379804615	6272.984773006005	1.368821	36.992195	0.1219629338845533	0.0688600557475342	0.1680274392	-0.0538649114	-0.0874316323	-0.0084267135	-0.1588307655	0.1673326265	0.0231245184	-0.0118301937	-0.0757778606	0.0014791843	-0.0622072012	-0.0122684235	0.2085388813	-0.0588709807	0.0363323188	-0.1537236568	0.063219885	-0.007065063	0.0210979409	0.1365245083	0.0353970919	0.0474319139	-0.0381327961	-0.0344864014	-0.0381721765	-0.0055827772	-0.0769213237	-0.0692374786	-0.0745341389	-0.0834713563	0.0098456426	0.0454570209	0.0230579102	0.0960521913	-0.0938809065	-0.0621234819	-0.0171794703	0.0292767263	0.0383178989	0.0467557175	-0.0300529916	0.0089337639	0.0269496278	-0.0489927239	-0.0451188033	-0.0852220443	-0.0085313426	-0.0765794506	0.0751470917	-0.0815157016	-0.0740060511	-0.0329338188	0.1280410673	0.0594715968	-0.1172321706	-0.0030096215	-0.0101203372	0.0007154847	-0.0485760562	0.0462378374	0.0315409521	-0.0142434063	-0.0184351985	-0.0182784948	0.0568633764	-0.0136637564	0.1408328742	-0.0387507836	-0.097089767	0.0764568605	0.0778182768	-0.0005007518	-0.0905900192	-0.1206301512	-0.0636757552	0.0518365628	-0.0766586952	0.0678865565	0.0418211142	-0.0301099634	-0.1190249778	0.0894158666	0.1496418815	-0.0790716366	-0.0596390486	0.0583202723	0.1144526251	-0.0155237867	0.0019752042	-0.0256779919	-0.0441794351	-0.0559412627	0.00580553	0.0620750978	0.091471552	0.0156060616	0.0629160976	-0.0116209875	-0.0667263241	0.0282874322	-0.0174439775	-0.0011116939	0.0156541325	0.0066285965	-0.0551350712	-0.1151581626	-0.1076512233	-0.0639647487	-0.0597843126	-0.0402050011	-0.0222936094	0.0656752026	0.0274371353	-0.0049899639	-0.0121775555	0.0460063717	-0.0649028325	0.0315846141	-0.0114427532	-0.0402230061	-0.0375450032	-0.0128098999	-0.0963648507	0.0457494643	-0.1022027441	-0.0359904246	0.0750700099	0.0279306595	-0.0288754381	-0.0867220195	0.0460860613	-0.0823061423	-0.0842284551	0.0800196399	-0.0625933324	0.119386557	0.0605982002	-0.0597051346	0.1219173619	0.1092612137	0.1046645426	-0.0249236482	-0.1013788677	-0.033071631	-0.104333477	-0.0069420754	-0.1314769674	0.1319328281	-0.0061905152	0.0585324643	0.0541073128	-0.1043040033	-0.0696367526	-0.0415100856	-0.102727266	-0.0331037571	0.0809896205	0.0065887082	0.0696364238	-0.1140479409	-0.0479867706	-0.0111402275	-0.1303909096	-0.0535690649	0.0964393066	0.0132560427	-0.0344726345	-0.1127756187	-0.1144777283	-0.0592426955	0.091849115	0.0809941435	0.0638426524	0.0417280058	0.016369406	-0.0232111665651899	0.0151655603221882	0.0005387582533169	0.0002299942198859	-0.0828310261499467	-0.056930251325653	0.003241053516002	0.0068609788930531	-0.1005454582737286	0.0221373556631618	0.010109389179474	0.0004900625157573	0.0003949854380501	-0.0005539993890183	1.5601349627162937e-07	3.069153230326498e-07	0.0001970300050262	-5.413719063999977e-07	3.88208228806244e-08	2.930835410391679e-13	0.0001509612482972	5.4570546299993626e-08	2.2789298487448865e-08	2.977944523479748e-15	0.0	0.0	0.0	0.0	0.0	0.0	0.0	0.0	0.0	0.0	0.0	0.0	0.0	0.0	0.0	0.0
6435.8154687955885	-17.305946129921722	41419720.74838858	299.4957714517526	5200.4869701244215	-51.9268755877456	27045064.726433884	2696.40040830521	4571.926948456176	-10.816229179516997	20902516.022019804	116.99081366383489	4496.946918098678	6076.197620765022	1.474425	39.846123	0.2307181661685144	0.1453013855897064	0.0495076987	-0.1255607952	-0.081089483	-0.0571075353	-0.0237064932	0.0134504213	0.0598158143	-0.0030936909	-0.0090169839	0.1520041244	0.0266118152	0.1565323512	-0.0365026843	0.023403015	-0.0232539982	-0.039874554	-0.0141881509	-0.0037288117	-0.0917161692	-0.014940153	-0.1101243037	0.0008299491	0.0929875221	0.0797333927	-0.0852059369	-0.0511325305	-0.0545613221	0.0824583872	-0.0177347391	-0.1013512261	0.1417579892	0.1183148248	-0.0304183575	-0.0699490284	0.0435083935	0.0579376841	0.0389933811	-0.0493993635	-0.0792307515	0.0935000797	0.0941407105	-0.0432982125	0.0086893807	-0.1401749691	0.0108156489	0.1875217065	0.073112631	-0.0191936866	0.0792085432	0.0376598163	-0.0080844843	-0.1124253457	-0.0158299876	-0.0306009911	0.0317642172	-0.0073981439	-0.072565261	-0.0121985993	0.0260256565	-0.0413211592	0.0844208985	-0.0461667552	0.1101736647	0.1146590933	0.0420206371	-0.1635183301	0.0173054853	0.0136152897	-0.0595957426	0.0245409738	0.0721820199	-0.0885578077	-0.0079076248	-0.0114762444	-0.0624924766	0.0785837821	0.1244409828	0.0265752615	0.0683905826	0.0011053205	-0.0090541931	-0.083993007	0.0337603362	0.0027198312	-0.0039180441	-0.0916703406	-0.0268458786	-0.1117047534	0.0040055737	-0.0111982158	0.1384609139	-0.0787530128	-0.0043939285	0.0474437618	0.0190471707	-0.1469062658	0.0708627862	-0.0559531293	0.089710577	-0.0182156285	0.0292478382	-0.1622262413	0.037339242	0.0163454453	0.1184754577	-0.0073699666	-0.019658169	0.0754562947	-0.0209508115	-0.1134149517	0.0708880215	-0.0325655363	-0.1323140186	-0.0249884479	0.001045448	-0.0420651213	-0.1069257893	0.0464931419	-0.0409945566	0.172793833	0.0861989783	0.0768272071	-0.0386352679	0.0722465513	0.0854496522	0.0154342203	-0.064244584	0.0072558868	-0.0338501593	-0.0364768556	0.0172533608	-0.0051941167	0.0568041124	-0.0932271986	-0.09222017	0.0261788147	-0.0406131688	-0.0207386716	0.1377946861	0.0419969	0.0944220599	0.0628627079	0.0349930237	0.0348619036	-0.0051105545	0.1348013802	-0.0334485673	0.1159291333	0.0580330759	-0.0086517924	0.0791417823	-0.1410832888	0.0617769267	0.1101487104	-1.35602e-05	-0.1232739798	-0.1132388119	-0.0434865822	0.0134610373	-0.0946075012	-0.0102401926	0.0029363224	-0.1268154783	0.1122626935	-0.0247745113	0.0684315273	-0.0436119482	0.017120811	0.0016749076	0.0064335188	0.0914611824	0.0795058789	0.0607242596	0.0367289002	0.0095800247	-0.0119932071931856	0.0112179593720043	0.0001438370187786	0.0001258426124719	0.0250777858080653	0.107908811958012	0.0116443116981895	0.0006288953410352	-0.0125081889840146	0.088037269289714	0.0001564547916598	0.0077505607839896	-7.601488628518247e-05	-0.0004710003243352	5.778262936949222e-09	2.218413055239413e-07	0.0001969944648494	-3.5540176800000565e-08	3.8806819181301496e-08	1.263104166975298e-15	0.0001510078947608	4.664646360001039e-08	2.2803384280088847e-08	2.1758925663870946e-15	0.0	0.0	0.0	0.0	0.0	0.0	0.0	0.0	0.0	0.0	0.0	0.0	0.0	0.0	0.0	0.0
6462.265734409207	26.450265613618285	41760878.42211936	699.6165510309579	5237.9803371853295	37.49336706090799	27436438.01274014	1405.75257356398	4578.743925310831	6.816976854654968	20964895.93357084	46.47117343690154	4503.334177273914	6071.113657056915	1.261934	34.10358	0.206372948056407	0.1269588152279262	0.0074669383	-0.0752152975	-0.0365065901	0.0279479982	-0.1329044307	-0.0356317658	-0.0213984547	0.0871362138	0.0206516539	0.1044628096	0.0099242567	0.0329370995	0.0157792961	0.0263175935	0.0914910529	0.0396268726	0.0138448885	0.0368611221	-0.0731952829	0.0226032462	0.1149150549	0.0050971655	-0.0415769327	0.0309760324	-0.1104133131	0.0708797772	-0.0938665376	-0.1651696962	-0.1406729817	-0.0544140223	0.089640995	0.0350535578	0.1106232323	-0.0556421705	0.0103886649	0.0035469548	0.0292103602	-0.115759324	-0.1131508134	-0.0989772681	-0.0054579654	0.055389485	-0.1276845938	-0.0082177989	-0.1082580091	-0.0516706642	-0.035506358	-0.0411460104	-0.0165234838	0.0183898414	0.0560188328	-0.0042937619	0.0626850308	0.0454973979	-0.0817428707	-0.0322046248	-0.029736203	0.0107710329	0.029929655	0.0149060487	0.0578972999	0.0383804531	-0.0640380662	-0.0580606048	-0.0890130219	0.0200752079	0.0097630683	0.115539534	-0.0291688001	-0.0872997823	-0.0710644566	-0.0077377346	-0.0496165141	0.0636212419	0.1131586796	-0.0390266016	-0.0238888208	-0.0227168523	-0.0530645851	0.0595527036	-0.1190949827	-0.0682762739	-0.0446103843	-0.0200184101	0.0317773589	-0.0618301093	0.0830783809	0.0678217006	0.0124207523	-0.0085381975	-0.0143422604	-0.0781267864	-0.0747623089	0.0381153227	0.2066494011	0.0209656473	0.0989503741	-0.0610794781	-0.0562525159	-0.1774289641	0.0072794079	-0.0980177837	-0.0420332336	0.0274862202	-0.0937531272	0.0665200989	0.0600225959	0.0763452064	-0.0891642252	0.0383064221	-0.0183957853	0.0750448229	0.1004047503	-0.1611152178	0.0531684448	0.0874474217	0.03072908	-0.020978132	-0.0392346193	0.0384475021	-0.0011909827	0.0274374598	0.0622610324	0.0440434087	0.0080727352	-0.0610883817	-0.0591515235	0.0128211858	0.0454013385	0.0447683188	0.0174418968	-0.0252715935	-0.1041213728	-0.0076645606	0.0317141313	-0.0123426514	0.1143760976	-0.1034851556	-0.0572978816	0.0473340894	-0.0094735973	0.0121656773	-0.0103566907	-0.0573488491	0.0518744696	-0.0354320588	0.0025063284	0.0941476696	-0.0218542032	0.0863569042	0.09228233	0.0018256519	-0.0038168267	0.0844274713	-0.0889915666	-0.0470855293	-0.1066069385	0.0818342499	0.0439931685	0.0713720166	-0.1187884492	0.0797894447	0.0161746206	-0.0183183162	0.0476486355	0.0567296433	-0.0328239696	-0.0699086819	0.0202282797	0.0608225035	0.0910544289	0.0779521747	0.0574934194	0.0316088963	0.0027413792	-0.0150932545053734	-0.0031000473121878	0.0002278063315639	9.610293337802802e-06	-0.078231793668138	-0.1033095794762033	0.0106728692115499	0.0061202135405341	0.0588522616155984	0.071360450599613	0.0034635886972708	0.0050923139097798	0.0003090039876748	0.0003850188739599	9.548346439892795e-08	1.4823953330541285e-07	0.0001969946693047	2.044552999938467e-10	3.8806899734468114e-08	4.1801969695573854e-20	-3.603044019197718e-05	-0.0001870383349527	1.2981926204276447e-09	3.4983338741907276e-08	0.0	0.0	0.0	0.0	0.0	0.0	0.0	0.0	0.0	0.0	0.0	0.0	0.0	0.0	0.0	0.0
6474.083103361074	11.817368951867138	41913752.02922536	139.6502089445534	5212.079307273582	-25.901029911747173	27165770.705309466	670.8633504892218	4581.835682969471	3.0917576586398354	20993218.225732323	9.558965419758078	4506.523946834337	6219.603108627209	1.01382	27.398333	0.0757897829582555	0.0405352551707346	0.0415557753	-0.0895467498	0.0028442806	0.0924170976	-0.1000898604	0.0182148271	0.0023010282	0.1242842607	0.07770027	-0.0461151002	0.0265489856	0.0955911721	0.0148612202	-0.0085664176	0.110579269	-0.0246405341	0.0400626354	-0.0098949387	-0.1395983123	0.0079158073	0.0203994312	0.0699257583	0.0238382113	-0.0245122986	-0.0968795386	0.1627197154	0.0430322566	-0.0016636684	-0.0574527795	-0.1073323579	0.0616597241	-0.0748157162	-0.0334419884	0.0533635305	0.0566474646	-0.1320741124	-0.0301309634	0.0227176408	0.0504048011	-0.2043917076	0.0763725378	-0.0160715769	-0.045446107	0.053968372	-0.0223627238	0.0413245493	-0.0413132587	0.0517878209	0.1069091759	0.0252389176	0.0240780253	0.1006662603	0.0829445747	0.0258815657	-0.0658551194	0.0083682234	-0.0667489403	0.0142940945	-0.0189375291	-0.0148490857	0.051932044	0.0793115919	-0.063428757	0.0339896376	0.0267245333	-0.0127054924	-0.058857093	-0.0432688495	0.0767732162	-0.0251513645	-0.1017584075	0.0137994129	0.0534492727	0.0528370152	0.0796267909	0.0278127158	0.0003092405	0.0044641743	-0.1360003507	-0.0319945575	0.1613295061	-0.0072806835	0.017228937	-0.039144954	-0.0196469563	-0.1231974122	0.036421414	-0.018293366	-0.1171289821	0.0141663114	-0.0177041491	-0.0885074708	-0.0426458919	-0.0971318408	0.0973177874	0.0023189298	0.1346233306	0.0777365225	0.0151279076	0.108401984	-0.0190109307	0.0031085388	0.0440696772	-0.1020372776	-0.0979974361	0.0985791396	0.0479160595	0.040014571	-0.0758414228	0.1934670091	-0.0471810754	-0.0273236031	0.0202320054	0.0316121806	-0.0207376335	0.0912835239	0.0341306062	0.0819334233	0.0013822234	0.114102367	0.0342476506	-0.0016864464	0.0924137892	0.0200687606	0.0047681174	-0.0429951092	-0.0302411058	0.0318172003	0.0311856459	0.0105265062	0.0085091801	-0.0676787114	0.0133531881	0.1133292279	0.0270375972	-0.0015878556	-0.0344721885	-0.020990053	-0.00460703	0.0662740955	-0.0528743851	-0.0089553372	0.1628209785	-0.0969999801	0.0943841928	-0.1096650742	-0.0205734146	0.0868219377	-0.0099986955	0.0517822441	0.0742257146	-0.0663490856	0.0287850217	0.1431126872	-0.0476559648	-0.0308780667	0.0152174512	0.1038901881	-0.0040156638	0.0558916092	-0.1180087512	-0.1032033265	-0.1018272105	0.0370532356	0.0444508375	-0.0014513323	-0.0383493239	-0.0679437703	-0.0279766882	0.0248706064	0.0906289382	0.0763343096	0.0541561147	0.0263848473	-0.0041113636	-0.0028906085249644	0.012202645980409	8.355617644596864e-06	0.0001489045689231	-0.0753070968366387	0.0029246968314992	8.55385155618199e-06	0.0056711588339628	0.0223405994662329	-0.0365116621493655	0.0004991023845106	0.0013331014729094	0.0001749971738708	-0.0001340068138039	3.0624010862767014e-08	1.795782614589992e-08	3.501319559884308e-05	-0.0001619814737058	1.2259238660428446e-09	2.623799782392121e-08	0.0001509968322378	0.0001870272724297	2.280004334585032e-08	3.4979200632522094e-08	0.0	0.0	0.0	0.0	0.0	0.0	0.0	0.0	0.0	0.0	0.0	0.0	0.0	0.0	0.0	0.0
6456.480776496478	-17.602326864595852	41686144.01726856	309.84191104807286	5221.867948404948	9.788641131365694	27267904.8705789	95.81749519866425	4580.214598548278	-1.6210844211927906	20978365.76875477	2.627914700633965	4506.083754031666	6230.248240851961	1.090988	29.483788	0.0954923246610969	0.054315989477137	0.0434405043	-0.1202692627	0.0600808084	-0.0564865207	-0.0646585502	0.0305656022	-0.0732836416	-0.0139069619	0.0173810462	-0.0858651908	-0.0174956024	0.0870879401	0.0797247497	0.0641714768	-0.0929608314	-0.0470444129	0.0281997117	0.0599862186	0.099319575	0.0080956618	0.0259702172	0.026782414	0.0218236478	0.1379454486	-0.0445779436	-0.0601026848	0.057476143	0.052805332	-0.0087677685	-0.0224802167	0.0157047281	0.0760153113	0.0773898393	-0.0181809746	-0.0789379043	-0.0244247241	-0.0114147614	0.1235975601	0.0089928832	-0.0497347884	0.0497325297	0.0536829223	-0.0362108273	-0.038001858	-0.0092813699	-0.1530182591	0.0476992777	-0.0872873942	-0.073573602	-0.0184734856	-0.1222682508	0.0122028766	-0.1831184574	0.0734096802	0.0046326642	0.0311163697	-0.1004562784	0.0363882528	0.0421781333	0.0756981597	-0.0206693084	-0.0610455984	-0.1730562102	0.0357240481	0.0210407735	-0.007151145	-0.0008568231	-0.0066545876	-0.040082353	0.0202407574	0.0293568081	0.051050661	0.0562496113	-0.100348049	0.0034415105	0.1831408886	0.0985253182	0.0133228263	-0.0196024013	0.0581918758	0.0020118438	-0.0117294975	0.045600867	-0.0359113016	0.0470270283	0.0722167224	-0.0120888347	0.040724421	-0.0023207984	-0.0899778434	0.0908477831	-0.0366757731	0.0441365237	-0.0433180247	-0.0096111475	-0.0114429808	-0.0051993595	-0.0365723964	-0.051997486	-0.0166495811	-0.036991643	-0.0751281864	-0.0377511729	-0.1418728266	-0.0554409043	-0.1611546457	0.0132935552	0.0405321548	0.0102681352	0.0071917324	0.0024079644	0.1277830581	-0.001453991	0.0141955375	0.1014812736	0.080967819	-0.008147293	0.0097475392	0.0095482465	-0.1542094226	0.0976365982	-0.1703847049	-0.0771377688	-0.0489727345	0.0080030593	0.0065417973	-0.1365188184	-0.0113365246	-0.007694132	-0.0435426286	-0.0926645908	-0.0516074337	0.0936625683	-0.0136292803	0.1104591863	0.0688182562	0.0141483427	0.0138712197	0.0847405486	-0.1134553275	0.0278560801	-0.0050327844	0.0654394632	0.0087152255	0.0171675732	-0.0247062527	-0.0222618425	0.1062858139	0.0602903308	-0.0248242365	0.0715040172	0.0236924989	0.1012276619	-0.0209561324	-0.1185202468	-0.0425460843	0.1083336696	0.0336655162	-0.0084484634	-0.0441088787	-0.0732651008	-0.0818439328	-0.0595841699	0.0329273585	0.052941991	-0.0350695492	-0.0100683336	-0.065410949	0.0055850585	0.0306909509	0.0901847978	0.0746536153	0.0507185253	0.0210739489	-0.0109429642	0.0059407290791	0.0088313376040643	3.529226199126433e-05	7.799252387696192e-05	-0.1200813888421095	-0.0447742920054708	0.0020047372245911	0.0144195399462499	0.019700634415642	-0.0026399650505908	0.0003881149963787	6.969415468341398e-06	0.0005260063392685	0.0003510091653977	2.766826689506483e-07	1.232074341931899e-07	4.792907876915997e-05	1.2915883170316889e-05	2.297196591660341e-09	1.6682003806927504e-10	-0.0002700127192136	-0.0004210095514514	7.29068685371224e-08	1.7724904241330909e-07	0.0	0.0	0.0	0.0	0.0	0.0	0.0	0.0	0.0	0.0	0.0	0.0	0.0	0.0	0.0	0.0
6434.520974463458	-21.959802033020424	41403060.17081016	482.23290532944793	5215.095539686415	-6.77240871853337	27197221.488057137	45.8655198508668	4574.483761067237	-5.730837481041817	20925901.68026785	32.84249823411372	4499.8672218992415	6144.662366444527	1.214225	32.814255	0.173541650331653	0.1040412379872887	0.0532578319	-0.0700632242	-0.0135689076	-0.0371995904	-0.0444399069	0.0590586704	-0.0098500689	0.0068099981	-0.1110581001	0.0451876091	-0.0229300872	-0.0518894283	-0.0358928956	0.0953753676	0.0226921393	-0.0618300958	0.0061535556	-0.0139445003	0.0686099661	0.0684649229	0.0288746844	-0.0657291798	-0.0939076078	0.0249467021	-0.0746601309	-0.0433550311	0.0662078678	0.0971320617	0.0549334643	-0.0709396344	0.0033384745	-0.1213553887	0.0014397455	-0.047096725	-0.0423103125	-0.0545841155	0.1098007259	-0.1900318227	-0.1093385136	0.0348630127	0.0319921609	0.043855214	-0.0956856909	0.0888294374	0.0562678779	-0.0210241511	0.0722461817	0.0050270541	0.1063041948	0.0690903726	-0.0799349342	-0.0260347488	0.0386255295	-0.0498252325	-0.2364299787	0.0464453633	-0.0008491375	0.076814927	-0.0068610405	-0.030698641	-0.0815880375	0.0587566873	0.0736065582	0.0647027651	0.0599883174	-0.0485124013	-0.0441657915	-0.0529065696	0.1036167657	-0.0010293616	0.0467695637	0.0174303213	-0.0443383116	-0.0307488989	-0.0156589441	-0.0630085104	0.0264029517	-0.0229014137	0.0111639914	0.0206999447	-0.0297526408	-0.0655910694	0.0640321185	-0.0058750123	-0.0362217338	0.0782345955	0.0533063706	0.020931351	0.1173384605	-0.0193305838	-0.0167679316	-0.0615165404	0.0833598405	-0.0584195117	-0.0127333119	-0.0585039799	0.0298243887	0.0991766925	0.1416501005	0.0204462563	0.0300551523	0.0030614607	-0.081347951	0.0978372277	-0.119946322	0.0541292479	0.0262534365	0.2257512804	-0.0525805644	-0.0050425187	0.0757490972	-0.0741811213	0.0833015162	0.0168368687	0.0290678612	0.0317488202	-0.1135713658	0.06736224	-0.1163546537	0.0292396123	-0.1173764885	-0.0051107499	-0.0061483386	-0.0272662783	0.0346475135	-0.0146579272	0.0977713983	0.0388014737	-0.0014979094	0.0594391868	-0.0887866334	0.0358636963	0.109672156	0.0435329696	-0.0176498269	0.0439373951	-0.0159603783	0.0006089556	-0.0572031507	0.0925922348	-0.0187907894	-0.0444603028	-0.1215470886	-0.085389008	0.0021192055	0.016539665	-0.0646428026	0.0364590707	-0.0726801811	0.0255819045	0.1123133579	0.0255341696	-0.0564333814	-0.0905647548	-0.0870934599	-0.0237787844	0.0085180705	-0.0241530377	-0.0226322731	-0.0434325325	0.0361601358	-0.0668987947	-0.1540746784	0.1450699115	-0.0102804472	0.012051049	-0.0790031471	0.1148493928	-0.0268435995	0.0948017125	0.0897220992	0.0729114752	0.0471870168	0.0156936827	-0.0177182917	0.0097599293872576	0.0038192003081576	9.52562216442545e-05	1.4586290993831108e-05	-0.1156165711325627	0.0044648177095468	1.9934597179482787e-05	0.0133671915204509	-0.0637022955263546	-0.0834029299419966	0.004057982455327	0.0069560487229095	0.001300954816339	0.0007749484770705	1.6924834341556414e-06	6.005451421138875e-07	0.0002722389321447	0.0002243098533755	7.411403617528657e-08	5.0314910321356255e-08	0.0003678229977794	0.000637835716993	1.3529375769542454e-07	4.0683440187197444e-07	0.0	0.0	0.0	0.0	0.0	0.0	0.0	0.0	0.0	0.0	0.0	0.0	0.0	0.0	0.0	0.0
6457.221181267151	22.700206803693614	41695705.38380514	515.299388930458	5182.647885244864	-32.447654441551094	26859839.102433056	1052.8502787583104	4570.431722462069	-4.052038605167581	20888846.1296876	16.41901685776844	4492.507209479423	6168.182636797058	1.089988	29.456768	0.2344731995752937	0.1154859478505755	0.0431264433	0.0537838329	-0.0285086281	0.0488025846	-0.1285556111	0.0288332147	0.0185299998	0.0194025522	-0.0921677793	-0.0139009197	0.1023817113	-0.0797829304	0.121956031	-0.0438140706	-0.0151682879	-0.0147477166	-0.0139586315	-0.0375567525	0.0445258044	0.1489448006	-0.0212649925	0.0728603018	-0.0284151138	-0.0914107734	-0.0584541921	-0.0751345347	0.0632494611	0.0491319267	0.0886045337	0.0261822571	0.0633525128	0.0841218136	-0.089118136	-0.0404412026	-0.0438042343	-0.0859666359	0.0137294806	-0.129045001	0.0741492651	0.0170659036	-0.0158904903	-0.0108440266	0.0983794445	0.0400818721	0.0533181418	0.0025314276	-0.0119293025	-0.0357540768	0.1034343402	0.0362919704	-0.0238414813	0.0739335791	0.1223811602	0.0023553023	0.0139525866	-0.0569690822	-0.0459918634	-0.0174577856	0.0557929269	0.0463644243	-0.0747594392	0.008077778	-0.0663538519	0.022717379	-0.1021429062	-0.0520166673	-0.0027599093	-0.0158314544	-0.0051628829	-0.0254307931	0.0450422775	-0.1655448672	-0.0475412256	0.0774194792	0.0268906953	-0.0713329007	-0.0630036156	0.0443478467	0.137205444	-0.0531577968	0.0995695376	0.0055666052	0.0190529703	0.0224756903	-0.0831235069	0.0879303539	0.1230641375	-0.0677408423	-0.0423579552	0.009849847	-0.0481313052	-0.0726400864	0.1137943377	-0.0159080206	-0.086010603	0.0264426958	-0.045170801	-0.0789884142	0.0602941149	0.0695501619	-0.0892942355	-0.0967035492	-0.0087342212	0.0144257558	-0.0118244485	0.0723307967	-0.0849202192	0.0500452829	-0.1093234939	-0.0451994207	-0.0207636346	-0.0294993515	-0.0119706622	0.1386301321	0.0069619768	-0.0369509252	-0.0070580617	0.018255821	-0.0541213098	0.0990844011	-0.0117632132	0.0026338828	0.0637185454	-0.0593310149	-0.1310132148	-0.0810550642	-0.0181826803	-0.0157719828	0.0272559344	0.0469643304	-0.0961398233	0.086163848	-0.0087700404	-0.0047384524	0.038090997	-0.0183726639	-0.0018686094	-0.0515352681	0.0090527668	0.0692806906	0.0797210135	-0.0215513495	-0.1401228216	0.1195275001	-0.1197070645	0.0050144846	-0.0411920014	0.0225451006	-0.0940361012	0.0166220865	0.0343705097	-0.1271514433	-0.0862807245	-0.0560051398	-0.1213517819	-0.0051807337	0.0044631413	-0.0303580359	-0.0072705403	0.013890143	-0.0019475281	0.0537708444	-0.067567304	-0.0365760805	-0.0118630425	-0.1837804987	-0.0087517584	0.0604339726	-0.0167617474	0.0622653184	0.0892409375	0.0711093231	0.0435681289	0.0102617584	-0.0244025048	-0.0506186305884597	-0.0603785599757173	0.0025622457626509	0.0036455705047412	-0.0427313900336656	0.0728851810988971	0.005312249623819	0.0018259716942092	-0.0091318781252596	0.054570417401095	8.33911980945948e-05	0.0029779304553297	0.0010740176162009	-0.0002269372001381	1.1535138399098637e-06	5.150049280652009e-08	0.0005469658396444	0.0002747269074997	2.991716297379035e-07	7.547487370434872e-08	-6.329371657448667e-05	-0.0004311167143538	4.0060945578114495e-09	1.8586162139529077e-07	0.0	0.0	0.0	0.0	0.0	0.0	0.0	0.0	0.0	0.0	0.0	0.0	0.0	0.0	0.0	0.0
6448.852103415872	-8.369077851279144	41587693.45173132	70.04146408077114	5208.363632315177	25.715747070313228	27127051.72642334	661.2996473843233	4577.784349418731	7.352626956661879	20956109.549783077	54.06112316383093	4501.700611900468	6173.731852825631	1.224173	33.083096	0.1214542072610316	0.0733587514402775	0.0485213836	-0.1059423152	-0.0388463712	0.0526085947	-0.0404482907	0.0769272132	0.0704683159	0.0508657644	0.0401179946	-0.0109849161	0.0127372239	0.0343047213	0.0159114388	0.0325027255	-0.0004154371	-0.0526093176	0.0153619596	-0.063501203	-0.0771209527	0.0292062435	0.0045416095	0.0979190145	0.0177400979	0.12511132	0.0034141082	-0.085774063	-0.0383847892	0.0302695781	0.0167033605	-0.0162531026	-0.0569746045	0.0218860856	-0.0827197044	-0.2268182034	0.0397125955	-0.0824272623	0.0906576407	0.0001918097	-0.0332124985	-0.0475960252	-0.0227648288	-0.1232389689	-0.0066331591	-0.1108378701	-0.1586273382	-0.0140895047	0.0130979687	-0.0104279647	0.0462398403	-0.0681415849	-0.0104478644	0.0145832933	-0.0061955327	-0.0263422703	-0.1073015272	-0.0128960865	0.1103596933	0.0259494874	-0.0068072461	0.0272517342	0.0473009321	0.0536474147	0.0982556825	0.0004294587	0.0237022691	0.0132298112	0.1174081488	0.0805625505	0.0457932753	-0.0701179883	-0.1348086258	0.0566607856	0.0634281966	0.0579051182	-0.0116418209	-0.0029881793	0.0418642005	0.0834722918	-0.0015399	-0.0373121835	0.0453910802	-0.0889025198	0.044344911	-0.0156901913	-0.0758552192	-0.0672969778	0.0394763229	-0.0034157857	-0.0435956338	-0.0777524474	0.09908863	-0.0123990136	0.0292183413	0.0488664178	-0.0446654399	0.019351876	-0.0316012756	0.1583206876	0.0275053973	-0.0901461018	-0.0730974163	-0.0928756175	-0.0105405377	0.0352009241	0.1481384342	-0.0332797872	0.1024779062	-0.0306093668	-0.1542736473	-0.0029342821	-0.022388504	0.0343634839	-0.0736754261	0.0282972043	0.1753455692	-0.0312264354	-0.0884296514	0.1335752678	-0.0461716912	-0.065515482	-0.0846761003	0.0071875716	0.0594529784	0.0984308824	0.097097138	0.0074316127	0.0809588049	-0.0186087678	-0.0023095011	0.0129327576	0.0502126507	-0.0456418867	-0.0046172647	0.0925840816	-0.0654377632	-0.081932494	-0.008197626	-0.072913976	-0.0558916936	-0.0488948973	-0.0079966791	-0.1049504143	0.0599127382	0.0319287626	0.0201285409	-0.0048181424	-0.0261620784	0.103801412	0.015158739	-0.0901950287	0.0340405285	-0.0379242157	-0.0379671962	0.0801090828	-0.1074007119	-0.0509704116	0.0719027504	0.0120773032	-0.1107972205	-0.0270954224	-0.0503615321	-0.0817799691	-0.0948176475	0.0266040681	-0.0307751745	0.0254706647	0.0044764809	0.0371258355	0.004851507	0.1331327241	0.0887414118	0.0692486424	0.0398685628	0.0047960562	-0.0309612306	-0.0308930179960498	0.0197256125924099	0.0009543785609042	0.0003890997921458	-0.1045522081547432	-0.0618208181210776	0.0038218135531593	0.0109311642300327	-0.0093052047551793	-0.0001733266299196	8.658683553581146e-05	3.004212063932044e-08	0.0003130105839036	-0.0007610070322973	9.797562563567262e-08	5.791317032059438e-07	0.0005379934474807	-8.972392163699946e-06	2.894369495321688e-07	8.05038211392242e-11	-3.85841426829971e-05	2.470957389148957e-05	1.4887360665818784e-09	6.10563041898983e-10	0.0	0.0	0.0	0.0	0.0	0.0	0.0	0.0	0.0	0.0	0.0	0.0	0.0	0.0	0.0	0.0
6433.542379510086	-15.309723905786086	41390467.5489523	234.387646071398	5158.123876501013	-50.2397558141638	26606241.92532984	2524.033064266805	4567.60789286922	-10.176456549510476	20863041.8630012	103.56026790407466	4496.13156190901	6120.734433336041	1.468321	39.681156	0.2108909302536137	0.1204683074043616	0.084451603	0.0206930809	0.0003801104	-0.1068080172	-0.1201695012	0.0952577057	-0.035365866	-0.0392691678	0.1744861116	0.1215096083	-0.0239538894	0.0009285672	0.0334192664	0.0038269054	0.0274973014	-0.094538815	-0.0535330507	0.0690759666	-0.2116786486	0.0220496979	-0.0973419592	-0.044168208	-0.0654368606	-0.0145622001	-0.0171083188	-0.1133495915	0.0736843109	-0.006922017	0.0911984959	0.1027577369	0.0669197572	0.0442277471	0.0625425021	0.0545746406	-0.0199044464	0.0689667035	0.0233318842	0.0093851781	0.0569456752	-0.0492475457	-0.0131467733	0.1319726718	-0.0089477199	-0.0132113156	0.0124662127	0.1197790297	-0.135497193	0.0762133663	-0.0538550505	-0.0283456969	0.0501868612	-0.0908276523	0.0878610635	0.0791033312	0.0097433689	0.0393064566	0.0240432877	0.0092767766	-0.0548226396	-0.0243506584	0.0056570828	-0.0239710106	0.0291382015	0.0211408205	-0.0790020003	-0.2963837247	0.0596978988	0.0549392024	0.0468994424	-0.0205226094	0.0946245172	0.091675367	0.0350027512	-0.0354463189	0.09361259	0.0312402533	-0.0723195648	0.1432157502	0.06283858	-0.0434785785	-0.1183336769	-0.0432733519	0.0990764331	0.0336388049	0.05170279	-0.182365362	0.0604825712	-0.125210783	0.0984114796	-0.0270752462	-0.0476973738	-0.0038957839	0.092821205	0.0203121351	-0.0671227402	0.0098986923	-0.103970681	-0.0947212744	0.1027724534	-0.0164703946	-0.0334948752	-0.0802785722	0.0503406766	-0.0281952017	-0.0975226791	0.0547261924	-0.0155163465	-0.1247680596	0.1119462177	-0.018435109	0.0967031242	0.0109949391	0.0078456144	-0.065010622	-0.0963493707	0.0835405018	0.1312642818	-0.0137572556	0.0057616622	0.1350793096	0.0702667999	-0.045703854	-0.0539926464	0.0918380633	0.0608512004	-0.0759341477	0.1302849464	0.0100799965	0.1576534547	-0.0715688319	-0.0977990755	-0.0470722675	0.0782385127	0.0285269256	-0.1916008391	0.0156809115	0.0325683463	-0.0330670637	0.0187183618	0.0152020204	0.0224518356	0.1042073882	-0.066365954	-0.0080174898	0.012296227	0.069588628	-0.0995357807	0.0202837351	-0.1757155767	0.0367730106	0.0747642513	-0.0168551949	0.016571222	0.0534111073	0.0468988141	-0.1434544868	0.0195453009	-0.0124328624	-0.0098456288	-0.1370436915	0.1641266439	0.1475769961	-0.0020586734	0.0326711599	0.0177486181	-0.0706010611	-0.0662550482	0.1031889546	-0.0859733927	0.1246677857	0.0882236248	0.0673309646	0.0360951694	-0.000685433	-0.0373607416	-0.019185257424553	0.0117077605714967	0.0003680741024463	0.0001370716575994	-0.0832449297112134	0.0213072784435297	0.0004540001146701	0.0069297183226248	-0.1148419836226963	-0.105536778867517	0.0131886812023956	0.0111380116937311	0.0009530501040142	0.0006400395201106	9.083045007614776e-07	4.096505873034071e-07	0.000196759952856	-0.0003412334946247	3.8714479047895355e-08	1.1644029785378517e-07	-0.0005040933753691	-0.0004655092326861	2.541101310910124e-07	2.1669884571600438e-07	0.0	0.0	0.0	0.0	0.0	0.0	0.0	0.0	0.0	0.0	0.0	0.0	0.0	0.0	0.0	0.0
6472.982356550852	39.43997704076628	41899500.58821862	1555.5117889761714	5194.344207085504	36.22033058449142	26981211.741682734	1311.9123476498446	4579.282694859766	11.674801990545348	20969829.99944212	136.3010015184416	4505.7575018917705	6220.870702700092	1.360353	36.76334	0.1745278250181155	0.0924749237873942	0.0991411205	0.0152932471	-0.0159783721	0.0717447975	-0.0663224912	0.077346408	-0.0282781478	0.072828598	-0.0151121007	0.0732882563	0.1432170687	0.0385132216	0.1399002919	-0.040818842	0.0418636556	-0.0483991103	0.0411275362	0.0212379151	-0.1464009062	0.1065454904	-0.0134790093	0.0019031553	0.0784698341	-0.0875904225	-0.0276579049	-0.031789715	-0.0145446472	-0.0191503942	-0.0076059775	-0.0586035746	0.1536378444	-0.0340443204	-0.0277526771	0.1369735286	-0.1390267196	0.0817050761	0.0190688832	0.0600053202	0.1217284945	0.0263334789	0.1578540901	-0.0687493241	-0.031554236	-0.0109502042	-0.022266504	0.0294469415	-0.0939642988	0.0049557887	-0.0435759744	0.0391141047	-0.0116867361	0.1050494347	0.0240655217	0.0456320245	0.0010645446	0.0208821519	0.0007542503	-0.0625066196	-0.0245921967	0.0153220291	-0.0319802928	0.0224447407	0.0953936827	-0.0850072634	-0.0493417721	0.0842356213	0.0553259146	-0.1010973338	0.0797776747	0.044511998	-0.0716938021	-0.0680165448	0.0314229487	0.0345718255	-0.0173671265	-0.0172465073	0.0468438968	0.0752604636	-0.0271741089	0.027250035	0.0011266172	-0.0453746988	0.0502263838	-0.05930358	0.0210886593	-0.0802563163	0.1280068491	-0.1086092124	-0.0322702956	0.1175190129	0.020373345	-0.0339330687	0.0068096916	0.0521211629	0.0578274525	-0.0134039632	0.0969553495	-0.0819125953	0.0711016029	0.0849786594	0.0834336195	0.0386936451	0.045680348	0.0964943146	-0.1256161297	-0.1338627729	-0.0304351786	-0.0455671878	0.0631520755	0.1515946887	-0.1428575077	-0.0965516176	-0.1012883001	0.0313254951	-0.0410334617	-0.0531731933	0.043403445	0.0536515247	-0.0623411673	-0.0118233466	0.046241716	-0.0561690409	0.0100830241	-0.0104810165	-0.0392184572	-0.0009778886	0.0050538511	0.0758851814	-0.0248900016	0.0306068914	0.0787402268	0.0925643283	-0.1069368262	0.1041321573	-0.0303620649	-0.0805921788	0.0502387756	-0.1088039502	-0.0498999644	0.0160329706	-0.068561682	0.0271292901	-0.000724979	0.04101608	0.0462693631	0.0369559523	-0.1034580259	0.0240501815	-0.0658959151	-0.0124669824	0.0589385311	-0.179024305	-0.0527133423	0.0484962294	0.0057216878	-0.0503774625	-0.0649273959	0.0944020463	0.1247858812	0.0192394315	-0.0297947973	0.0271074075	-0.0755151903	-0.0308749105	0.0879986853	-0.004936886	-0.0576008387	0.0031350011	0.027609058	0.0045434766	0.0876876832	0.065357868	0.0322549359	-0.0061646659	-0.0435681289	-0.0097353349692212	0.0094499224553318	9.477674696294114e-05	8.930103441178422e-05	-0.0054923102864847	0.0777526194247287	0.0060454698274067	3.0165472283025645e-05	-0.0863651710118063	0.02847681261089	0.0074589427638985	0.0008109288564757	0.0005199115207316	-0.0004331385832826	2.703079893894449e-07	1.876090323280579e-07	-0.0002092188297857	-0.0004059787826417	4.3772518736897716e-08	1.648187719552367e-07	-0.0008419454199881	-0.000337852044619	7.088720902389381e-07	1.141440040532388e-07	0.0	0.0	0.0	0.0	0.0	0.0	0.0	0.0	0.0	0.0	0.0	0.0	0.0	0.0	0.0	0.0
6488.097674738916	15.115318188063611	42095411.43695253	228.4728439264066	5267.158041042751	72.81383395724697	27742953.829321317	5301.854415553532	4587.320405345946	8.037710486180003	21043508.501303293	64.604789859648	4511.873306579872	6293.386539509578	1.227835	33.182056	0.2631120385548327	0.1326259812900751	0.0380694148	-0.1041953757	0.0477898355	0.1135154944	-0.0278659083	0.0081460416	-0.032372957	0.1208462268	0.0472755442	-0.0411864587	0.0305087834	0.049427581	0.0667629434	0.0999256013	-0.1096467721	-0.0051695301	0.0638302829	0.0200739313	-0.1065706626	-0.0376480672	0.0265132417	0.0554763972	0.0302724436	0.0905306317	-0.0180314402	0.002774259	0.0427283378	-0.0422316181	-0.0332816781	0.041902399	-0.0232897406	-0.048217664	-0.0103304508	-0.0588123308	-0.0616704415	0.0235290884	-0.1160942076	-0.1221435804	-0.0213250202	0.0032083226	-0.1033280115	-0.0282531628	0.0923271114	-0.0692712962	-0.0053853948	0.0818303713	-0.0561199578	-0.0224833927	-0.0090440414	0.0406097263	-0.0198248598	-0.0384777314	0.0058094538	0.00193661	-0.0161078698	-0.036816956	-0.0343748198	0.0950542091	0.1529066914	0.0211972605	0.0662223944	0.0920252259	-0.0420130579	-0.0228028793	-0.0742288734	-0.0262475911	0.1228020115	-0.0597438425	-0.048444739	-0.0158322039	-0.0007234227	0.0236705181	-0.0727464879	0.0929491115	-0.031078334	0.0226916739	0.0437651744	-0.023150074	-0.0122630891	0.1348338294	0.0294601554	0.0215087438	-0.0016342703	-0.0692449454	0.0158921122	-0.110406346	0.0187160176	0.0150321327	-0.0589949587	-0.0360234968	0.0687899829	-0.0148797474	0.0294764372	-0.0200848096	0.0519692276	0.0144841571	-0.0616377755	0.0167636724	0.0260387621	-0.0517056097	-0.0097385286	-0.0275456836	-0.0877846709	-0.0150346501	0.0373397769	0.0821028211	-0.1332262808	-0.0250345734	-0.0709685814	-0.0319385195	-0.0347041672	-0.0076085904	0.0852092824	-0.022059929	0.019885468	-0.1119417067	0.050360346	0.0265803829	-0.0823490557	0.0305725592	0.0338027727	-0.0203804215	-0.0352930201	-0.0538017616	0.0767198459	-0.1263213357	-0.097739636	0.001211258	-0.0437952259	0.0722461561	0.0167919877	-0.1107840374	-0.0515112578	-0.0115214958	-0.0861864032	0.0488564696	0.1599086719	0.0030350506	-0.0640539977	-0.0264292456	0.0599919932	0.0571106643	-0.0686094214	0.0125434247	0.0448120421	-0.003410677	-0.0203424818	0.0931029454	-0.0153979009	-0.0720563062	0.054689065	-0.0059784029	0.0147529448	0.0997246039	-0.0322518511	-0.0892413105	-0.0176367781	0.0804271734	-0.0236771591	-0.0173761209	-0.013823204	-0.0408141916	-0.0457297622	0.033115662	0.0086949885	-0.0406670788	0.0488928226	-0.0433613121	0.026596069	0.037292954	0.0871336971	0.0633309768	0.0283549738	-0.011623607	-0.0495514717	-0.0273485154452544	-0.0176131804760331	0.0007479412970593	0.0003102241264813	-0.101383346605246	-0.0958910363187613	0.009195090846286	0.0102785829688794	-0.0116377553731581	0.0747274156386482	0.0001354373501254	0.0055841866480312	-0.0002329504040854	-0.000752861924817	5.4265890763551156e-08	5.668010778391581e-07	0.0001975587337723	0.000406777563558	3.90294532897145e-08	1.6546798621418272e-07	-0.0005039767859353	0.0003379686340528	2.539926007616752e-07	1.142227976035155e-07	0.0	0.0	0.0	0.0	0.0	0.0	0.0	0.0	0.0	0.0	0.0	0.0	0.0	0.0	0.0	0.0
6463.752957849628	-24.344716889288065	41780102.30010981	592.6652404195876	5228.291460277416	-38.86658076533513	27335031.59360976	1510.6111003883186	4575.361589154744	-11.95881619120155	20933933.671512622	143.01328469494433	4500.121585565161	6205.671623958564	1.287395	34.791664	0.2574416275139994	0.1582777548665556	-0.0270930571	-0.0357312375	0.1211820514	-0.0188061011	-0.1322416413	-0.0673462298	-0.1051556943	-0.0523754974	0.0304901982	-0.0711677361	-0.0095804513	0.029336723	0.1069090938	-0.0668999421	-0.1522506111	0.0305815442	-0.0234162286	0.1143743505	0.0352729146	-0.0747822017	-0.0079668858	0.0430039417	-0.0511298138	-0.0478712953	-0.072631171	0.0012469365	-0.0129585872	0.0616078415	0.0016039538	-0.0292639981	-0.090065981	0.0554835993	0.1233683856	-0.0055426934	-0.1417732418	0.1127622542	-0.0504428692	-0.0284298784	-0.1232785878	0.1062449286	-0.1024133438	0.0025131285	0.1296983817	-0.1328543954	0.0469544026	-0.0280260828	0.0296462909	-0.0129720105	0.0252607373	0.1525723148	0.0143591762	0.026033188	-0.0066991453	-0.0258663521	-0.004155253	-0.0328887183	0.0249641229	-0.0310514969	0.1031130643	-0.020954965	-0.0379245362	-0.070519182	-0.2018812821	-0.0440885403	-0.0703709765	0.0862708383	-0.1264318061	0.113310559	0.0481639979	-0.0432420959	0.0339682513	-0.0827028053	-0.047236977	0.0038396808	0.0511325527	-0.0018401941	0.0124740762	0.0259825127	-0.0375051734	0.1083335743	0.0072789793	-0.0248567047	-0.0288813819	0.0140703607	0.1314203954	0.0110260597	-0.047677714	0.0116889438	-0.0355026788	-0.0114211877	-0.0584590127	-0.075672625	0.0306030469	0.0073057499	-0.0911784427	-0.0502177198	0.0568441802	-0.0413531742	-0.121711774	-0.0537241061	0.0700301296	-0.0863651124	-0.2016560518	0.003522037	-0.0334478117	-0.0533236434	-0.1128129134	-0.0173635501	0.054030582	-0.1064782346	0.0760377816	0.0819733747	0.0808018537	0.0168040899	-0.0451870085	-0.1912222865	0.0083092755	0.0080319556	0.0137522542	0.048052739	-0.0417451319	-0.0063198083	0.0316874864	-0.0746312491	-0.0764596386	0.0281963777	-0.1524691803	0.00663393	0.1168436788	0.0812620348	-0.0871854009	-0.0111245694	-0.0513548279	-0.0965172193	0.155058063	-0.0185255853	0.0286942808	0.0341331983	-0.0607084882	-0.0238302903	0.0542045622	0.0324863748	-0.0164130529	-0.1235235264	-0.0097064365	-0.118062678	0.063561656	0.081862987	-0.0780376157	0.1136510464	-0.0352789851	-0.0136390268	0.1435741167	-0.0171230385	-0.0220064784	-0.0258357844	-0.0706796499	0.0749238879	-0.0594884643	-0.0429644373	-0.027016996	-0.0381934864	0.0783097226	0.0081356783	-0.1759582034	-0.0307677392	0.087856966	-0.0079360852	0.0675894279	0.0361283356	0.0865617806	0.0612519591	0.0244025048	-0.0170442873	-0.0552800014	-0.0274046601986412	-5.614475338680189e-05	0.0007510154006029	3.152233332864802e-09	-0.0395416802911796	0.0618416663140664	0.0038243916925003	0.0015635444802498	0.1184892741085832	0.1301270294817413	0.0140397080787789	0.0169330438017419	-0.0010259005311663	-0.0007929501270808	1.0524718998472965e-06	6.287699040376153e-07	0.0001980226563984	4.639226261000029e-07	3.921297244707879e-08	2.1522420300752305e-13	-0.0010188984755244	-0.0005149216895891	1.0381541034259463e-06	2.651443464092936e-07	0.0	0.0	0.0	0.0	0.0	0.0	0.0	0.0	0.0	0.0	0.0	0.0	0.0	0.0	0.0	0.0
6452.246969319078	-11.505988530549985	41631490.953087226	132.3877720651478	5207.263790328414	-21.027669949002306	27115596.18206544	442.1629034841745	4576.543891108153	1.1823019534085688	20944753.987239357	1.3978379090337176	4503.360093098257	6161.559861780447	1.235904	33.40012	0.1521890859253068	0.0890436769446071	0.025094336	-0.047884736	0.0197446786	-0.0146685694	-0.0821901142	0.019903842	-0.0086921491	-0.033943486	-0.1277406785	-0.0320178819	0.0253575379	0.0243028991	0.104262665	0.0391857035	0.0025897234	-0.0019055575	0.0250955079	0.0186988122	0.1146596897	0.0631289368	-0.0960369723	0.0282170976	0.005312301	0.0424723638	-0.0617645578	-0.039476653	0.0025051891	-0.033618798	-0.1400761885	-0.0041575817	0.1138112754	-0.0128857531	0.0378769768	-0.0719921067	-0.094008732	-0.1084194078	0.1273198197	-0.0213277205	-0.1534460323	-0.0909883555	0.0359710497	-0.0223174589	-0.0475521744	0.0153025112	-0.007640862	-0.0642654011	0.0877463988	0.0095555149	-0.0759284359	-0.0648392187	0.0133336802	0.0528921743	-0.0243660839	0.002330798	0.0878557029	0.0463770424	-0.1528915923	0.0346699176	-0.0044723431	0.019755527	0.0482005529	-0.1063592203	0.0503710866	0.0132051286	0.0021981084	0.0854621175	-0.0454294037	0.0102093287	0.0227064324	0.1522603488	-0.1132718486	0.0425188729	-0.0612646028	-0.0667649	0.0384430693	0.0366907904	-0.0811248673	-0.05214338	0.0159896818	-0.06205287	0.1014872943	-0.0567756195	0.0102043169	-0.0275375703	0.0094633698	0.1450303608	0.0072326861	-0.0930670842	-0.0079107168	-0.0253920647	0.0511075357	-0.0152420014	0.0651377837	0.0197365762	0.1635751137	-0.018521584	0.03759491	-0.0355946412	-0.0056917855	-0.0378422959	-0.0647147593	0.001947158	-0.1180644191	0.0927042137	-0.0625380031	-0.0014495195	0.1518262837	0.1255982359	-0.0771136719	0.0005062026	0.0737706383	0.0590904454	-0.0396847287	-0.0073294006	-0.0137288052	0.0648045664	0.0035958663	0.0201236045	0.0665960253	-0.0582452691	0.0893040375	-0.0232998806	-0.0263749164	-0.0223440813	-0.0054193069	0.0465150371	-0.1306207227	-0.0661671226	0.0673177999	0.0174262896	0.1097377969	-0.041484742	-0.0151456185	0.1042535251	-0.0007700385	-0.0411938929	0.0023225966	-0.0520532241	0.1312168555	0.0410413022	-0.0819663966	-0.1026168868	0.0568207433	0.0267848718	0.090106501	0.055254989	-0.0011786848	0.0819675298	0.078018134	0.0234243114	0.0049469911	-0.0906436234	0.084242749	-0.0519391259	-0.1782088834	0.0222733482	-0.043328797	0.0725348542	-0.0196877728	-0.0083912282	0.0727720694	-0.0106557513	0.0293739546	0.0242506025	0.0197576706	0.0708415855	-0.0416841611	0.0344667574	0.1213104222	-0.0614837945	0.0859720514	0.0591225262	0.020404848	-0.022408864	-0.0607242596	0.0227347443337606	0.0501394045324018	0.0005168685999214	0.0025139598868638	-0.0276647438986117	0.0118769363925678	0.0001410616180731	0.0007653380549757	0.0454144712635837	-0.0730748028449995	0.0020624742001508	0.0053399268108355	-0.0011939592336872	-0.0001680587025209	1.425538651706926e-06	2.8243727493008423e-08	8.607156466244881e-05	-0.0001119510917359	7.408314243442105e-09	1.253304694087136e-08	-0.0009569494266745	6.194904884990009e-05	9.157522052126542e-07	3.837684653407308e-09	0.0	0.0	0.0	0.0	0.0	0.0	0.0	0.0	0.0	0.0	0.0	0.0	0.0	0.0	0.0	0.0
6459.994838081403	7.747868762325197	41731533.308038376	60.02947035821458	5215.83938937717	8.575599048755976	27204980.53577841	73.54089904502439	4574.897000112122	-1.646890996030379	20929682.5616349	2.712249952805934	4498.823791635488	6201.144907629515	1.12482	30.398108	0.2193435957625068	0.1382270540460954	0.0825779017	-0.0728761696	-0.0362373236	0.0471270682	-0.0877003942	0.0570823364	0.0348766328	0.0626712094	-0.0476458955	0.0064892854	-0.0822232708	-0.0595229974	0.1133419624	-0.0488774687	-0.019421339	-0.060155613	-0.0050743269	-0.0443108349	0.032026716	0.041727471	0.0254245204	0.0184946563	-0.0628695512	0.035965622	-0.0817070072	-0.0058037513	0.0276267039	0.0383886812	-0.0044013937	-0.117902799	-0.0550707856	-0.0311100313	0.0115840023	-0.01450765	-0.0358279525	-0.0487612963	0.0552109389	0.1211430059	-0.0830171868	0.0177349924	0.0588989976	0.111082492	0.0833904608	0.0288191517	0.0816614667	0.0957949839	0.0272366802	0.1774249306	0.00365962	-0.0371448533	0.0089998373	-0.1106787354	-0.0036848754	-0.166810949	0.0484236381	-0.0187726678	-0.0040797138	0.1118395161	-0.0378544947	0.0084326939	-0.0450212897	0.0220562862	0.0209199387	-0.050622185	0.0523124295	0.064213745	0.0412198848	0.0132371178	0.0347197065	0.1096954078	0.0252981526	0.0739874574	-0.0264659079	-0.0254750111	0.1063462128	-0.0769725665	0.0037872371	0.0482922715	-0.1980380144	0.0498900927	-0.0659954744	-0.151870744	0.0544997872	-0.0003086571	-0.070069342	0.0283809946	0.0365355666	0.0287960539	0.0480054872	-0.0482588137	0.0072412639	-0.0682489116	0.1036699067	-0.0426167504	-0.0455563061	-0.0073496349	0.1146744293	0.0586243074	-0.0447718989	-0.0036343865	-0.0381059497	-0.0137726643	-0.0287517614	0.0340181308	0.0282632665	-0.0703838447	0.0199953251	-0.0469953145	-0.0120191067	0.0459504456	0.1750262062	-0.0672545236	0.0102623665	-0.0219833711	-0.0873190256	-0.0219417866	-0.0744475512	-0.1097655651	0.1702269549	0.102290315	0.0122134277	0.0738271373	-0.1083433982	-0.0730343896	0.0561964895	0.0798005391	0.0748325253	-0.0853414626	-0.0510687054	0.0613734768	0.071114521	-0.0241860118	0.0191636912	0.1020114214	-0.0177221736	0.017154325	0.0648711863	-0.0316948071	-0.068449951	0.0466846421	-0.0600189508	-0.0191452301	-0.0154351813	-0.0528457986	-0.0200758718	-0.0509116112	-0.0607266464	0.10486769	-0.0297865733	0.0514701043	0.0463938045	0.04618352	-0.024426096	0.025897019	-0.1383930449	0.0338432653	-0.0184625956	0.0864152268	-0.0602195506	0.0221006349	0.0926910203	-0.042730161	-0.0361398118	-0.0455030053	-0.0471240831	0.0206721823	-0.0063868967	-0.0098541494	0.0143331406	0.0420817773	0.0853646308	0.0569444308	0.016369406	-0.0276996788	-0.0658562496	0.0255336299302797	0.002798885596519	0.0006519662574164	7.833760582402072e-06	-0.1220955518357982	-0.0944308079371865	0.0089171774876698	0.014907323778088	-0.05160091526038	-0.0970153865239637	0.0026626544557089	0.009411985222394	-0.0009428917168084	0.0002510675168788	8.890447896258921e-07	6.303489803168657e-08	0.0001980166750323	0.0001119451103698	3.92106035908475e-08	1.2531707735718164e-08	-0.0010959071135226	-0.0001389576868481	1.201012401469437e-06	1.9309238734174652e-08	0.0	0.0	0.0	0.0	0.0	0.0	0.0	0.0	0.0	0.0	0.0	0.0	0.0	0.0	0.0	0.0
6450.691526524947	-9.30331155645581	41611421.17038076	86.55160591648423	5211.876247377749	-3.963141999421168	27163654.017980363	15.706494507576016	4575.912146203892	1.0151460917695658	20938971.96977631	1.0305215876350238	4502.391237419277	6170.498531501979	1.052159	28.434439	0.2067577465261444	0.1166185319114312	0.0386648556	-0.0168792617	-0.077610285	0.0567307403	-0.0896853855	0.0373359366	0.0631428344	0.0611317908	0.0142202552	0.0687212645	0.024151975	0.0589246055	0.0156903068	-0.0719413668	-0.0204760927	-0.0228399557	0.0036518367	-0.0720483371	-0.088916472	0.0121302521	-0.0856875485	0.0310343554	-0.013181421	-0.0222487756	-0.0462431331	0.0878120478	-0.0395537465	-0.0204173751	-0.0651118331	-0.0886665658	0.137201737	-0.0522204668	-0.0145432621	-0.1024241083	0.0155680255	0.0659902613	-0.0291964636	-0.0629266617	-0.1230273406	0.0112755343	0.0575775899	0.0230066504	0.0260693367	-0.1218360184	-0.0115923817	0.0096010216	-0.0178663377	0.039656173	-0.0400488088	-0.0475244563	0.0070948813	0.0518014179	-0.0519864307	0.0195719016	0.0371616789	0.0217446877	0.0255493603	0.0147104855	-0.1264443029	0.0140424537	-0.0406756739	0.0447751608	-0.0448260305	0.0469799353	0.1524589445	0.0013928308	0.1037740696	-0.090442651	0.1072576078	-0.1098631066	-0.096068239	-0.0907166971	0.0244968566	0.0535817287	0.0445394844	-0.0254704925	-0.1003512985	-0.0906139057	0.0843652273	-0.1040599234	0.0149885647	-0.0543985095	0.0166518009	-0.0015094546	-0.0672340725	-0.0781707663	0.0016671166	-0.0990792714	-0.0291098321	0.0046733963	-0.0308838757	-0.0517222856	-0.0819754603	-0.0179561936	0.1091663057	-0.0694618939	0.1044820811	0.0138347202	0.0916497593	-0.0623825126	0.0816605501	-0.0646127305	-0.0438772276	0.1066181381	0.1102157408	-0.0158187164	-0.0395378903	-0.0250272153	-0.0612389915	0.0267308102	0.0597239158	0.0339037273	0.0023969699	-0.0230951645	0.0547043271	0.0036689113	-0.0259460372	-0.0023830571	0.0231770472	0.0097469163	0.0800876173	-0.0893190475	0.0312094719	-0.0527184808	0.043735075	-0.0488339004	-0.0172685259	0.0620295604	-0.0740449007	-0.0263513834	0.0334608572	-0.0022765502	0.0727792084	0.0225392286	-0.022295482	-0.0612450692	-0.1256834643	-0.0160656991	-0.0652796807	-0.0136616491	-0.0240734529	-0.1090815579	0.1372030133	0.0075564185	-0.0389288318	-0.0584992546	-0.0133951827	0.0611068627	-0.0107728262	0.0484720266	0.0250891559	-0.0791719763	0.0188399597	0.1429824684	-0.0614900796	0.0591803736	-0.0264372565	0.0933301143	-0.0242709037	-0.0473436933	0.0032114509	-0.0623521891	0.0635754635	-0.042797378	-0.0106588043	0.1673312664	-0.0137240368	-0.0280034363	0.0575579433	-0.0500942001	0.0847396439	0.0547194656	0.0123036518	-0.0328993162	-0.070649581	0.0158764566744906	-0.0096571732557891	0.0002520618765369	9.326099529232823e-05	-0.0461132361330811	0.0759823157027171	0.0057733122995473	0.0021264305466652	0.0312863937374032	0.0828873089977832	0.0009788384330918	0.0068703059928939	-0.0011120876382754	-0.000169195921467	1.2367389152049572e-06	2.8627259841067253e-08	-0.0001292414836182	-0.0003272581586505	1.6703361087833462e-08	1.0709790240331584e-07	-0.0013640720048022	-0.0002681648912795	1.8606924342850928e-06	7.19124089149996e-08	0.0	0.0	0.0	0.0	0.0	0.0	0.0	0.0	0.0	0.0	0.0	0.0	0.0	0.0	0.0	0.0
6455.143569555061	4.4520430301136	41668878.50356805	19.82068714198309	5216.348761664496	4.472514286747355	27210294.40331872	20.0033840451592	4578.45293276468	2.540786560787637	20962231.257541496	6.455596347479071	4503.070606716898	6061.179924327147	1.035329	27.979614	0.1273884687560119	0.0564929878806111	-0.0306276722	-0.0895074553	-0.0286699473	0.0558723553	-0.0211441287	-0.0429167786	0.0332627013	0.1139511291	0.0353212358	0.0555694614	0.0855486423	0.0436775767	-0.0325071806	0.1016668646	-0.0242060357	0.0599484668	0.0181547829	-0.0088385472	-0.0815385775	-0.0255362223	0.0266453654	0.029406178	0.015848099	0.0812314777	0.0073152651	0.0831915371	-0.0273942973	0.0151452538	-0.0925845638	0.0163877597	0.0574221933	-0.0807415126	0.0242679704	-0.0294854586	0.1480843729	0.0294042461	0.1117408492	0.0066690855	-0.0281480336	0.0950092269	-0.0631784224	-0.0100784453	0.0512650172	0.0058124906	-0.0568649336	-0.0704715924	0.0289684267	-0.0148602189	-0.0555274641	0.0862015582	0.080214882	0.0298881586	-0.0094852223	0.0232008928	-0.0071086514	0.0335006548	0.0490757425	0.0650561221	-0.1258222701	0.1348716316	0.1511343763	-0.0955510791	0.0400924994	-0.0341622261	-0.0866117262	0.0210742444	0.0460494565	-0.0143499583	0.0181748246	0.0900817862	-0.0270077144	0.0829625071	-0.0354356423	0.04146298	-0.0929320222	-0.1284793543	0.0822851107	-0.1122876604	0.015295248	-0.0864833763	-0.0591801679	0.1022829546	-0.0671828379	-0.0142574702	-0.0007436476	-0.0818783784	0.0141361836	0.0189668138	-0.0378597145	-0.058630027	0.0529184047	0.0221466918	-0.0682440285	-0.0342535135	0.1204436692	-0.0843681884	0.0205657495	0.0178850266	0.0647921135	-0.1300746731	0.0247766655	0.0102008381	0.0689577838	0.0019539919	0.0068087573	-0.0127938505	0.0969933249	0.1050732884	0.0270816585	-0.0516850537	0.0434622655	0.027427714	0.0281486275	-0.028465602	-0.0488286566	-0.1010190339	0.0745718679	-0.0234607692	0.0931966762	-0.0939369577	-0.0996978068	0.0545971704	0.1003912111	-0.0313153155	0.0465628737	-0.0725139862	0.0735808896	-0.0163826821	0.0015739744	-0.0853133052	0.095984034	-0.0651775071	-0.0649910063	-0.0093752085	-0.0129303074	-0.0411868464	0.0623389677	0.0906022772	0.0221774898	-0.0737859121	-0.0143011426	0.0275869154	0.0357317241	0.1184213397	-0.0306990023	-0.0414242195	0.0392529985	0.0757817479	0.0283362592	-0.0414905093	0.0106067006	0.0051045595	0.0146762937	0.1105634489	-0.0775722502	-0.0481519915	-0.1067450225	0.0871632075	0.0191699699	0.0357147928	-0.0127426844	0.0131260955	0.11083035	0.0470158242	-0.0487231774	0.1304709338	-0.0279181297	0.0272515667	0.0549700577	-0.0117189907	0.0840972192	0.0524494619	0.0082151139	-0.0379906609	-0.0750796043	-0.0127591123879966	-0.0286355690624872	0.0001627949489295	0.0008199958155324	-0.0723758793784128	-0.0262626432453317	0.0006897264302315	0.0052382679157985	0.0685957441531712	0.037309350415768	0.0047053761159273	0.0013919876284465	-0.0009406651817129	0.0001714224565625	8.848509840869631e-07	2.938565861392224e-08	-0.000322518251745	-0.0001932767681268	1.040180227086512e-07	3.7355909097540815e-08	-0.001025153108843	0.0003389188959591	1.0509388965704676e-06	1.14866018038203e-07	0.0	0.0	0.0	0.0	0.0	0.0	0.0	0.0	0.0	0.0	0.0	0.0	0.0	0.0	0.0	0.0
6477.753569594953	22.61000003989193	41961291.30840016	511.212101803913	5251.742789939598	35.394028275101846	27580802.33168255	1252.737237538709	4584.3709684521855	5.918035687505835	21016457.176387228	35.023146398592665	4507.602626583192	6268.029728141137	1.149971	31.077791	0.1413134401044571	0.0676504000494344	0.0041836702	0.0203757207	0.0100058602	0.1434326225	-0.086039941	0.0237673743	-0.0131053453	0.0797243643	0.093586915	-0.0983172898	-0.0373592458	-0.0720141069	0.0438964973	-0.0510343047	0.0676612595	-0.0057455504	0.0220589237	-0.094214345	-0.015684659	-0.0589507201	0.097779216	0.0458262837	-0.0344462491	-0.0455833514	-0.0019770206	0.0286804439	0.0229418304	-0.0984727332	-0.0565091528	-0.0157884016	-0.1102062123	0.0456939178	0.052411058	0.0159250658	-0.0297987917	-0.0267350072	-0.0750957037	0.14935087	-0.108411261	-0.0501140728	0.0184639164	0.1343769867	-0.0327866645	-0.0728793139	-0.1245924782	-0.1324843973	0.0386865345	0.0765675295	-0.0859297057	-0.0522851196	0.1302682374	0.0914352893	0.0519160838	-0.0503629669	-0.0421106303	0.0112108605	-0.0514908807	-0.1010198247	-0.0377634131	-0.0141649929	0.0894260099	0.0637289225	-0.0220497805	0.0839561624	0.0632882148	-0.0143810195	-0.0344448346	-0.0608080822	-0.0301005518	-0.0816687759	0.1662298305	0.0313425148	-0.0060958022	0.0519688558	-0.0925145691	-0.0556405001	0.1480761202	0.0190139871	-0.0105803577	0.030777491	-0.0894317857	-0.0400750717	-0.0041238813	-0.0024120475	-0.0851001326	-0.0412456649	-0.0298197851	0.1061994524	-0.0604517529	0.0278918136	-0.0782854256	-0.0298086199	0.0093848657	-0.0421809721	0.0226415835	0.0790197589	0.0302829028	0.0092775236	-0.1293353454	-0.0733074711	0.0062613824	-0.0251254086	-0.005556614	-0.0821541775	0.0324863917	-0.1008369137	0.0211964034	-0.0314104075	-0.0538272662	0.0903546809	0.0702430592	0.1294295693	0.1200058168	-0.0857531733	-0.0709389344	0.1653610042	0.0663071451	0.1091145042	0.1185029335	-0.0074856623	-0.1214010018	-0.0294714753	0.0536937996	0.0231566815	-0.0325127829	-0.0281279553	-0.1323014195	0.0930748679	-0.1278977917	-0.1529744536	0.0223474165	0.0157896355	0.0101905549	-0.0516283547	-0.0161833865	-0.0533534213	-0.0373839907	0.0066045503	-0.1255856411	-0.0416260262	0.0195256615	0.1140840882	-0.063636485	-0.0385857952	-0.0565323186	0.0572745281	0.0099222203	0.0104017804	-0.0477445356	0.0225171039	0.0422117587	0.0045334503	-0.0310999287	0.0809276582	-0.0984041699	0.0642034015	-0.0488561595	0.0944635535	-0.0294669397	0.041429506	-0.0303615878	0.0092781671	0.1075951186	-0.1432946712	-0.0498992623	-0.0913496792	0.0634599023	-0.0565275153	0.0131079261	0.0426293751	0.0834374889	0.0501362882	0.0041113636	-0.042956954	-0.0791235388	0.0100856668284023	0.0228447792163989	0.0001017206753735	0.000521883937446	-0.0983124179279002	-0.0259365385494873	0.000672704031929	0.0096653315188301	0.0321758568949803	-0.0364198872581909	0.0010352857669262	0.0013264081878993	-0.0003119423756794	0.0006287228060334	9.730804574450795e-08	3.952923668266379e-07	0.0001051697045055	0.0004276879562505	1.1060666745774183e-08	1.829169879217296e-07	-0.0010909870481666	-6.583393932359997e-05	1.190252739267271e-06	4.334107566863443e-09	0.0	0.0	0.0	0.0	0.0	0.0	0.0	0.0	0.0	0.0	0.0	0.0	0.0	0.0	0.0	0.0
6452.503461179817	-25.2501084151354	41634800.91653752	637.5679749760916	5222.539394350405	-29.20339558919295	27274917.725541897	852.8383139388943	4578.544800158386	-5.826168293799128	20963072.4870574	33.944236987670244	4503.487872256182	6219.428907140565	1.261999	34.10535	0.2423933319322549	0.1204432689859726	-0.0606726436	0.0713952123	0.127750115	-0.0379865451	0.010438275	-0.0298265087	-0.0538631384	-0.1360065041	0.0329088614	-0.088937158	-0.0143582089	0.1172823353	-0.087347876	-0.0724371337	-0.1079717657	-0.0030625653	-0.0119630229	0.0421193567	0.0319173334	-0.1785931861	-0.0576053657	-0.0699206827	0.0552577327	-0.0727512234	-0.0017224779	-0.0851154281	0.0638303305	0.0471430004	0.0658939723	-0.1487475461	-0.0106254384	0.057690708	0.0243315146	-0.093532564	-0.0195077067	0.0569761808	0.0141909348	0.0799485202	0.0799695491	-0.0659199708	0.0323859286	0.0142183724	0.0757396219	0.0541623644	-0.0861193958	-0.0848634828	-0.0268597963	0.0083518973	8.12383e-05	-0.003968257	0.0095786399	0.0463438055	-0.0349532045	0.1143531955	-0.0344779868	-0.109024296	-0.049782459	0.0970077451	-0.0222980153	0.0306854672	-0.0456606402	0.0711494963	0.1048891912	0.0969567878	-0.0954305264	0.0008669559	0.0335564558	0.0603206046	0.0355899978	0.0069748971	0.0646556181	0.064288725	-0.0128968999	0.1011946603	-0.0229486644	0.0988331508	0.0119225239	-0.114311656	-0.0663401648	0.0188632747	0.0902183536	-0.0895966006	0.0017130405	0.0167994036	0.0873067155	-0.0149960646	-0.1776148876	-0.0152070976	0.0232884734	0.099896315	0.0113501984	0.0098999987	0.0668739577	-0.0068667712	-0.1251358107	0.0025101233	0.0586318954	0.0588545522	0.0525809311	-0.0493030571	-0.0035326699	-0.1856915477	-0.0228581239	-0.155605452	-0.0271223185	-0.0528448272	-0.0149051695	-0.0227492286	-0.0814898897	0.0162968101	-0.0506744636	-0.0706471487	0.0012856392	0.037988662	0.0085050261	0.0208737544	0.046127287	-0.0725121359	0.0429071479	-0.0397256073	-0.0106035211	-0.1305894008	0.0567193427	0.0394128979	-0.012807354	0.0057220778	0.1069061371	-0.0385607437	-0.0505290034	0.0434037377	0.1004492223	0.0646484046	0.0893538842	0.0814591839	0.0552141206	-0.015744102	0.1002632572	-0.0462218886	0.0164699853	-0.0385813689	0.0307400094	0.0656392514	-0.0624101179	-4.24493e-05	0.0431002608	-0.0781267219	0.0418987745	-0.081418807	-0.0564097819	-0.0083635923	0.0251253336	-0.071540854	0.1744337308	-0.0065704327	0.0250225483	0.0206297127	-0.0414067123	0.001375846	-0.0306797083	-0.0518611236	-0.0324970267	-0.0604267992	0.0145822222	-0.0563866576	-0.1272210244	-0.1198435266	0.0702375167	0.0392863269	0.0797150696	0.0257095878	0.0827605889	0.0477818483	-0.0	-0.0477818483	-0.0827605889	0.0149275033355706	0.0048418365071683	0.0002228303558334	2.344338076214773e-05	-0.0057105772182239	0.0926018407096763	0.0085751009028202	3.261069216529782e-05	0.0898228279818056	0.0576469710868253	0.008068140426649	0.0033231732754852	0.0009498832884754	0.0012618256641548	9.0227826172484e-07	1.5922040067197022e-06	-0.0002449542356657	-0.0003501239401712	6.000257757056728e-08	1.2258677348100604e-07	-0.0009568829799209	0.0001341040682456	9.156250372623016e-07	1.7983901120047338e-08	0.0	0.0	0.0	0.0	0.0	0.0	0.0	0.0	0.0	0.0	0.0	0.0	0.0	0.0	0.0	0.0
6446.687754615038	-5.815706564779248	41559783.00550348	33.82244284761644	5222.597061270255	0.0576669198499075	27275520.064388704	0.0033254736449756	4578.591821457069	0.047021298682921	20963503.067513563	0.0022110025298284	4504.443585094174	6093.039159020528	1.141595	30.851433	0.1359890076442982	0.0866018251096388	-0.0656385985	-0.0246345135	0.0300886472	-0.0174494631	0.0507490343	-0.0420403342	-0.0422592289	-0.0293806011	-0.1222054025	0.0532111595	-0.0076520568	-0.0191688759	-0.0013728083	0.0539737156	-0.0837377938	0.0408228514	0.0046878128	0.0382241967	0.0815700142	0.0102275124	0.0326120927	-0.0374088064	-0.0002694631	0.0751369684	0.0607408643	-0.0025545781	0.0011148335	-0.0610401078	-0.0331064188	0.000634098	0.0473152433	0.0286390576	0.1433137106	-0.0934830978	-0.0099326994	-0.0254146654	-0.0407440716	-0.0463773266	0.0068292987	-0.0373962305	0.0256900963	-0.063303294	0.1085823028	0.0043859404	-0.00570268	-0.0727905588	-0.065735332	-0.024785536	0.0223345773	-0.0250445443	-0.0715655942	-0.0909948304	0.0048254736	0.0020970875	0.0225949128	0.007078047	0.1220520007	0.1167668828	-0.0325924163	0.0294663759	-0.0770143219	-0.1463028261	-0.0320023257	0.1152731978	-0.1091981532	-0.0026669631	-0.1189567652	0.0335218024	-0.0618270991	-0.0422335895	0.0615120572	0.045447032	0.1504406649	0.0104394913	-0.0279654265	0.0223554637	0.0208305262	-0.1039892784	0.0115144462	-0.0723322069	0.040417997	-0.0462759949	-0.0404322755	-0.0093476745	0.0509283755	0.0907713493	-0.0032634636	0.0321037877	0.0501179768	-0.021015348	0.0575676583	0.0603544686	-0.0112353272	0.0211599355	0.0743844353	-0.0123113134	0.0803195003	-0.087534529	-0.0202616307	-0.1335517323	0.0194983721	0.0332581671	-0.0558467071	-0.0178493659	-0.0392492174	0.0291773007	-0.0035883437	-0.0142790034	-0.0874242543	0.0656585117	-0.0712572086	0.0057953548	-0.0107598267	0.0858186516	0.0365099916	-0.0168589756	-0.0084293188	-0.0419955891	-0.0590942091	-0.0897655973	-0.0661972916	-0.0326023811	-0.0688119035	-0.0765866885	0.0065549276	-0.0041889479	0.0857954309	-0.1052675469	0.1432514074	0.0078548898	0.0034230251	-0.0037821105	0.0578381456	-0.0918149051	-0.0104148769	-0.0758545566	0.0259448385	0.0935288755	0.0235358872	-0.1042847127	-0.0103073631	0.1390512262	0.0730685615	0.0213190725	-0.0019439057	0.0849966542	0.0511225644	-0.0121182469	0.0171389805	-0.0809030649	0.0156334068	0.0437504321	0.0687498115	-0.0535926835	-0.1397074436	0.0233433744	-0.0116111387	0.0047442701	0.0060807438	-0.0051587708	0.0153851398	0.017909284	0.0518257334	0.0429734584	-0.0545480807	0.0823201333	0.0368455278	0.0320095685	0.0760419524	-0.0097239609	0.0820666583	0.0453880801	-0.0041113636	-0.0524494619	-0.0859720514	0.004252681812602	-0.0106748215229686	1.808530259923583e-05	0.0001139518145472	-0.0837480065827378	-0.0780374293645139	0.0060898403818214	0.0070137286065822	0.0948009982395063	0.0049781702577006	0.0089872292672068	2.4782179114655837e-05	0.0001638804009205	-0.0007860028875549	2.685678580586381e-08	6.178005392446409e-07	-0.0002370825734048	7.871662260899989e-06	5.6208146612242385e-08	6.196306674967712e-11	-0.0010089801600874	-5.209718016649997e-05	1.0180409634499952e-06	2.714116181300757e-09	0.0	0.0	0.0	0.0	0.0	0.0	0.0	0.0	0.0	0.0	0.0	0.0	0.0	0.0	0.0	0.0
6441.867105804054	-4.820648810984494	41497651.8088403	23.23865495884621	5222.320615867332	-0.2764454029229455	27272632.61491295	0.0764220607972296	4571.619869730948	-6.971951726121006	20899708.233318813	48.60811087136168	4495.18643640554	6095.365812605706	1.017668	27.502342	0.0566958207432537	0.0426750853574948	-0.0889657527	0.020340876	0.0106657698	0.0165184819	-0.0355674072	-0.084741281	0.0098071906	-0.0132949625	-0.0365829031	0.0135129296	-0.0539915245	-0.0744596895	-0.0256213108	-0.0547956303	-0.028279156	0.0806903234	-0.0515428621	-0.0278156842	0.057313483	0.0578888985	-0.0096216221	-0.0311582843	-0.1020063847	-0.0888245327	-0.0078682054	0.0296563811	0.0784885283	0.0408857451	-0.1167806528	0.0645712857	-0.1192903098	0.0896628515	0.1031851528	-0.0637771052	-0.0049904396	0.0460256107	0.0254442247	-0.0581350833	0.0649430369	-0.0025494405	0.0249482576	-0.086510805	-0.0124643814	-0.0972364412	0.0068054652	-0.0002326262	-0.0832021293	-0.0106064117	-0.0495469449	-0.0391688019	-0.0018151418	0.0025203336	0.1264789595	0.0148257842	-0.0657833265	-0.0140044725	-0.0109820424	-0.0265215649	-0.068663957	-0.0637170571	0.1508747216	0.0167875707	0.0865835792	0.1642655512	-0.0914239322	-0.0075272677	-0.1113527495	-0.1475251172	-0.0729045771	-0.1313285225	-0.0882077714	0.0248920441	-0.0045497335	0.0167276846	0.137586898	-0.0644928674	0.0095358455	0.0142160301	0.0610559852	-0.0519726648	-0.0952431487	0.0182657325	-0.0758735084	0.0733163007	-0.0429536028	0.0746735792	0.0408127579	-0.0262051943	0.0404659138	0.0217066656	-0.1176345537	-0.0100427862	0.0415823766	-0.1091196581	0.0055448035	-0.0679578259	-0.0560847856	0.0280562405	-0.1348937888	-0.1181728574	-0.0289357653	-0.06760441	-0.0082241735	0.0542611467	-0.0364753557	0.0386463907	-0.0317561836	-0.0228228636	0.015531757	0.0002489985	-0.0947176484	0.0173779106	-0.0331650661	0.0574262345	-0.0300843237	0.0320475125	0.0244932137	0.1087246721	-0.0899392326	0.1067075764	-0.1550809462	-0.0050215907	-0.0511474775	0.064180559	-0.0304167185	-0.0965115324	-0.0395986958	0.0636310702	0.0387210294	-0.0623003527	0.0904732705	0.0218136143	0.0723059482	-0.1453246594	-0.1273034732	-0.0461089994	0.0252190244	0.1315620894	-0.001223324	0.0796090426	-0.0730202339	-0.0125292315	0.0434532276	0.0409726856	0.06636068	0.1089863445	0.0770830764	-0.0300316107	-0.079013225	0.0748924807	0.0068674744	0.0595808881	0.0197619418	-0.0344312068	-0.1025965013	0.1079941335	-0.1080181783	0.0499229198	-0.0143014129	-0.0909594365	0.0730961096	0.0910430554	-0.049582245	0.0417693645	-0.0616634506	-0.0333490926	0.1171631322	0.0123556569	0.1443679006	0.0203279219	0.08135584	0.042956954	-0.0082151139	-0.0569444308	-0.0887414118	0.0040193088133264	-0.0002333729992755	1.6154843336883276e-05	5.446295679088906e-08	-0.0838785831340231	-0.0001305765512853	1.7050235745563217e-08	0.0070356167085712	0.1301013654507841	0.0353003672112778	0.0169263652921584	0.001246115925251	-0.0002041134520807	-0.0003679938530012	4.166230132030022e-08	1.3541947584666878e-07	-0.00023640242013	6.801532747999976e-07	5.5886104243321035e-08	4.626084772211611e-13	-0.0009570240867351	5.195607335229996e-05	9.158951025911522e-07	2.699433558189573e-09	0.0	0.0	0.0	0.0	0.0	0.0	0.0	0.0	0.0	0.0	0.0	0.0	0.0	0.0	0.0	0.0
6461.754236042812	19.8871302387588	41754267.80701723	395.49794913335467	5227.863921893085	5.543306025752827	27330561.185831346	30.7282416951476	4572.036688561804	0.4168188308558456	20903519.481555182	0.173737937756034	4495.495867203741	6051.118186066116	1.150693	31.097328	0.2606928748020504	0.1551623446164698	-0.1246667738	0.0249830641	0.0614465084	0.0531798746	-0.0219587609	-0.1807847671	-0.0031697985	0.0426557481	-0.1498581979	-0.0486694438	0.0998749512	-0.0221801633	-0.0550994814	-0.0264621941	-0.0200768173	0.1520175384	-0.0403363928	0.0232130932	0.0959021669	0.0701975776	0.0028384408	0.0925594353	0.0175769988	-0.1211965097	0.0221378208	0.0001530927	-0.033681035	0.1372183417	-0.0106347016	0.0069990254	0.0102641399	-0.0162190581	0.0230790829	-0.0002656307	-0.0221131768	-0.0184097937	-0.1239150239	-0.0725362438	0.0424307166	0.0091504453	0.0088225683	-0.1957335685	0.143747173	0.0256316834	0.0264668074	0.0220520682	0.0449713326	0.0246186923	0.0222527192	-0.039656941	-0.0514827691	-0.0238643973	0.0195007854	-0.0975130488	0.012339627	0.0791794954	-0.0386690006	-0.2116855941	-0.0571489053	0.1082461102	0.0261461757	-0.0479013392	0.0042959596	-0.0020253891	-0.0179972726	0.0420462653	-0.0242212658	0.0180835464	0.0639331873	-0.0427497087	-0.0582753379	0.0106353791	0.0996591942	-0.0414526774	-0.0418890509	-0.1475286441	-0.0711273252	0.0126558965	-0.0001292607	0.1027257174	-0.163296373	-0.1153900883	-0.1455291976	0.058101428	-0.0034188481	0.1262697139	0.0705707821	-0.0149868532	-0.0967136754	0.0426678098	-0.0789668918	0.0272935239	0.0076577351	0.0493786204	-0.0155759317	-0.1417692288	-0.0455140791	0.0187272049	0.0256592929	0.0480161915	-0.0101923717	0.024116272	-0.0827667994	-0.0272349292	-0.0085042352	0.1119171338	-0.0960372727	-0.0461010394	-0.030062732	-0.0718551236	-0.0940783351	-0.0282919022	-0.1172319	0.1397934057	0.0465694876	-0.0321719405	-0.0508928995	0.0792863845	0.0592486192	0.0492775925	-0.0650596517	0.0931852622	-0.1172821968	-0.0514986795	-0.0077141676	0.0802537669	-0.0097207701	0.0196051036	0.0135316691	-0.0736942011	-0.0457390136	0.0543256478	-0.0757144618	0.0414263049	0.0398549474	-0.1622657575	0.0581278896	-0.0787844561	-0.0077252777	-0.0979051706	-0.0729448775	-0.0428265471	-0.0059474454	-0.1036871475	-0.0954319665	0.0526106746	0.1415723506	-0.018930808	0.0251260939	0.0706117295	-0.1484733254	-0.0151300985	0.0286424347	-0.0717204705	-0.0615972341	0.0545243302	-0.0904733643	0.1830585798	0.0102090198	0.0019108526	0.0387122842	0.0271929972	0.035662166	0.1130612838	0.0198162841	-0.0352610071	-0.0593229794	-0.0502681855	0.0927715628	0.0385020202	0.0806282803	0.0404904708	-0.0123036518	-0.0612519591	-0.0910544289	-0.0107480672601525	-0.0147673760734789	0.0001155209498287	0.0002180753960955	-0.0351835340251796	0.0486950491088435	0.0023712078077126	0.0012378810665009	0.2508825693357721	0.1207812038849879	0.0629420635965184	0.014588099211907	-0.0014181482545668	-0.0012140348024861	2.011144471930861e-06	1.473880501647464e-06	-0.0002351001839613	1.3022361687000023e-06	5.52720964986371e-08	1.695819039070461e-12	-0.0012706719627751	-0.00031364787604	1.614607236982725e-06	9.83749901444032e-08	0.0	0.0	0.0	0.0	0.0	0.0	0.0	0.0	0.0	0.0	0.0	0.0	0.0	0.0	0.0	0.0
6455.057403833815	-6.696832208996966	41667766.08678976	44.84756163545919	5226.967880135995	-0.8960417570897334	27321193.219973374	0.8028908304484569	4573.220798093139	1.1841095313347978	20914348.468111645	1.4021153821979144	4498.29902820452	6188.036384279437	1.221186	33.002384	0.2502007867858397	0.1501428305392822	-0.1083605952	-0.0201972156	0.0622346229	0.0680072143	0.0521808189	-0.0419382443	0.1070671151	0.0368034274	0.1066887496	-0.1033700465	-0.1368020349	-0.0148114534	-0.0353006257	-0.023442537	-0.0753108049	0.0809581144	-0.0443470974	-0.0626733675	0.0204133429	-0.0684102712	-0.0271685858	-0.0049273566	-0.0983848391	0.0043494605	0.1275567294	-0.0362013271	-0.0467870074	0.0427487518	-0.0739725266	-0.132277095	-0.0999532306	-0.0490661777	0.0565328425	-0.1254436395	-0.0478363339	-0.0842496317	0.0637682768	-0.008771056	0.1324969318	0.045227667	-0.0877150719	0.024494343	0.1321507436	-0.0125719486	0.1075931291	-0.0416766508	0.0623035051	0.135919525	0.0120177209	-0.0988195304	0.0549904967	0.026466626	0.0545882174	0.0101151035	0.1088342289	0.0006522257	0.0163586743	0.0605545381	-0.0608145419	-0.0237290532	-0.121630864	0.0140790573	0.1075645696	-0.0813565001	0.0184274419	-0.1058619113	0.0254023849	0.0442217564	-0.0484153794	-0.0641258344	0.0620171924	0.0769226884	0.0851086161	-0.0149151326	-0.0376454727	0.1036515522	0.0821652216	-0.0706471022	-0.0302370828	-0.0274589513	0.0066689535	0.0973617691	-0.0758717062	0.0514418134	-0.0348079171	-0.0120568183	-0.0846473379	0.0268925557	0.0646993685	-0.0538454221	-0.0512719143	0.1224642251	0.0729890927	0.0501522691	-0.0013982121	-0.027506836	0.1001906655	0.1920462188	-0.0353627487	-0.0733959199	-0.172973226	-0.0330634226	-0.0224129607	0.0284866526	0.0148817442	0.0340907767	-0.0394583428	-0.0789473124	0.0148680169	-0.1058681275	0.0262530428	0.0503862424	-0.0183542841	0.1063838986	-0.0929387096	-0.0149039016	0.0069037093	-0.0232283701	0.1277617579	0.02957603	-0.0003087336	-0.0518137328	0.0753567998	-0.0602969204	-0.0634348505	0.0731285586	0.1907077104	-0.0715751231	-0.0233310509	-0.0270030172	0.0007934292	0.0075021217	0.053650886	-0.0846616075	-0.0720414495	0.0607792026	-0.0380815905	-0.0576641974	-0.052033081	-0.0996618138	0.0050966159	0.0002108647	0.0267709842	0.0130527359	0.0483281065	0.0401301726	0.1074983031	-0.023186085	-0.0219853078	-0.0475448183	-0.0382518826	0.1217708681	0.0401527417	0.0326729307	-0.0709856794	0.0300211126	-0.0509382067	0.0551623257	-0.0323376754	-0.0889713237	-0.0219534047	-0.0126048028	0.0645925365	0.0212292346	0.0407536055	-0.0172018566	0.0197488359	-0.0581481961	0.1312042155	-0.0275116981	0.0798841288	0.0379906609	-0.016369406	-0.065357868	-0.0928992083	-0.0157712972451946	-0.0050232299850421	0.0002487338167962	2.523283948262606e-05	-0.1261970655656767	-0.0910135315404971	0.008283462923473	0.0159256993573877	0.1607391006163965	-0.0901434687193755	0.025837058466968	0.008125844952761	-0.0002396382884894	0.0011785099660774	5.7426509310128905e-08	1.3888857401437543e-06	-0.0002363604216912	-1.2602377298999998e-06	5.586624894204189e-08	1.5881991358635049e-12	-0.0011700310357639	0.0001006409270111	1.3689726246507449e-06	1.0128596189673674e-08	0.0	0.0	0.0	0.0	0.0	0.0	0.0	0.0	0.0	0.0	0.0	0.0	0.0	0.0	0.0	0.0
6445.205519924052	-9.851883909763274	41540674.19405947	97.05961657145248	5198.581213378906	-28.386666757089188	27025246.632096097	805.8028495780324	4573.865080383367	0.6442822902281478	20920241.773550343	0.4150996695016272	4501.003919746533	6084.582366011405	1.067644	28.852928	0.1170998727172868	0.0730149819180963	-0.1058512779	0.0351266781	-0.0196184836	0.0688976706	-0.0065744589	-0.0887675102	0.0384769796	0.0204465482	0.100238466	0.0577576718	0.0317085949	0.0182139067	-0.0795456987	-0.0310920384	0.0479840096	0.1113822689	-0.0274369598	-0.038194384	-0.0896444362	-0.0367995872	-0.0203282387	-0.0227752542	-0.016404742	-0.0777184763	0.074864605	0.0750591095	-0.0900317461	0.0661410842	-0.0911258697	0.0260390892	0.0844703034	-0.0743259546	0.054687052	0.1248547588	-0.004435239	-0.0311448063	-0.0991330423	0.0706556001	-0.0298878891	-0.086679499	-0.0180973987	0.0174941998	0.1174475762	0.0020388702	0.0037697469	0.0321768263	0.0207080136	0.0834925799	0.0725779548	-0.1122615152	0.1397094984	0.0146387372	-0.1195712617	-0.0555710169	-0.0293923274	-0.1513236051	0.0175694433	0.039571759	-0.0537196613	0.0868059745	-0.0666441297	0.0064011777	0.0277340525	-0.1082593293	-0.1749999459	-0.1197721831	-0.0502278826	-0.0464372262	0.0274315411	0.1149474998	0.0270908344	-0.0725399167	-0.0345022623	0.0638590063	0.0586533683	0.0379780344	-0.0496505242	-0.0701341265	-0.0718644042	0.1165972414	0.0530182665	0.029374096	-0.108135953	0.0372942673	-0.005511835	-0.0862334943	-0.0263043645	-0.0427294243	-0.0025725734	0.0611331036	-0.09246356	0.0812048154	-0.094763811	0.0466004579	0.1154119686	-0.1361729403	0.0096689521	-0.0272229863	-0.0310928647	0.0556548208	0.0101860437	0.0669004338	0.0045125964	-0.0596545738	-0.046528062	-0.0007617331	-0.0228097383	-0.1602927417	-0.038555868	0.0815107349	0.0332072696	0.0257473135	0.0824971567	0.0422187248	0.0128771856	-0.0014501514	-0.0354224512	-0.0727430395	0.1178289688	0.0029615194	0.1037514622	0.0535266327	0.1377461599	-0.2039359889	0.0442730214	0.0308236779	-0.0335179907	-0.0795310411	0.0869436263	-0.0396435495	-0.013306226	0.1503312824	-0.043431776	0.091084076	-0.139180881	0.0215466318	0.0672789513	0.0248221636	-0.0178261553	0.0267181142	0.0380901531	0.1120375662	-0.0337473178	0.0291279221	0.0621892451	-0.0673517905	0.099645325	-0.037981645	-0.0406511991	0.0238652608	-0.045989698	-0.0102563152	0.0155448797	0.1346921852	0.0204335331	0.0625267226	-0.1023348571	0.0991654755	0.0249349728	-0.0555739074	-0.0974380082	-0.0015891432	0.0505245018	0.0493432333	0.0613265609	0.0421189733	-0.0229621333	0.0655921625	0.0945521571	-0.138388184	0.0791235388	0.0354595815	-0.020404848	-0.0692486424	-0.0942662634	-0.0078157962229283	0.0079555010222663	6.108667059834029e-05	6.328999651528015e-05	-0.0597552484671553	0.0664418170985214	0.0044145150593533	0.0035706897193714	0.1541503803150874	-0.0065887203013091	0.023762339751286	4.34112352088828e-05	-0.0006567676669367	-0.0004171293784473	4.313437683334762e-07	1.739969183638308e-07	-0.0004811364048222	-0.000244775983131	2.3149224004523197e-07	5.991528191774763e-08	-0.0011096597114384	6.0371324325500086e-05	1.2313446751895532e-06	3.644696800814719e-09	0.0	0.0	0.0	0.0	0.0	0.0	0.0	0.0	0.0	0.0	0.0	0.0	0.0	0.0	0.0	0.0
6460.722442628281	15.516922704228818	41740934.48068074	240.7748902090118	5222.011432788991	23.43021941008556	27269403.404178936	548.9751816047499	4579.314654910188	5.44957452682138	20970122.708675217	29.69786252338046	4506.310337171211	6203.9991230293335	1.226175	33.137199	0.243695057887884	0.1360889787057218	-0.0292992855	-0.0914699282	0.0713047298	-0.0001224023	0.0396388938	-0.0200226396	-0.0262709001	0.0323781219	0.0602302599	-0.0863304022	-0.0111646841	0.0161063481	-0.053697699	0.1110909905	-0.0345662777	0.025441882	-0.0093709792	0.0101924518	-0.0347303321	-0.0694488733	-0.0214408017	0.0625634966	-0.0946138984	0.0041474577	0.0449691404	-0.0030853917	0.1063683875	0.0658914674	0.0710835189	0.0045955871	0.0904554349	0.0545154452	0.0692306338	0.1928031922	-0.0563706844	-0.1335449142	0.0395027073	-0.0473171197	0.0582253767	0.0197142986	-0.0231277076	-0.0825384177	0.078413917	0.0942172715	0.0113583397	-0.0943286747	0.0208667276	-0.011567714	-0.0207967119	0.02480384	0.028444869	-0.010062946	-0.031396818	0.0877160323	-0.0452633789	0.0075123579	0.006386901	-0.0621380951	0.0399579108	-0.0127634222	0.0641184639	-0.0101479258	0.1214774314	0.1171245516	0.0660469964	-0.0722859153	0.0812088444	-0.0660824542	-0.1231917744	-0.1636302797	-0.0693927264	0.0438285304	-0.0450619736	-0.0945261791	-0.0964972059	-0.0728040338	-0.0259559592	0.0031447696	0.0125513031	0.0781139025	0.1694729389	0.0201386333	-0.0197281047	0.0147075977	0.0246062368	-0.0574338947	-0.0650019648	0.0136933038	-0.0297060463	-0.0971323814	-0.0519009802	0.0588179483	0.0903713422	-0.0663770472	-0.0059861761	-0.0117741072	-0.0006499529	-0.068164989	0.0394354976	0.1590126131	0.0225276272	0.0767444529	0.0335441887	-0.0320850093	-0.2285171484	0.0359336759	-0.0244785846	0.022984173	-0.0967736337	-0.0343073317	-0.0129785481	-0.0141442459	-0.0477249492	0.1145031626	0.0312210298	-0.0169001202	0.0292435187	0.0264216951	-0.0063407337	-0.0556008137	-0.1053832605	-0.005785184	0.0406899614	0.1151308878	0.0787346734	0.0863831096	-0.0048250935	0.0501513801	-0.1578317566	-0.071430286	0.0188730207	-0.0046186705	0.0106869623	-0.1808483926	-0.1095686059	-0.0532152569	0.0104030519	-0.0129912438	0.0869899574	-0.015745292	0.0831022031	-0.0139532491	0.0037126549	0.0204022794	-0.0565087356	-0.0156027238	0.0402361247	0.0547991094	-0.0372170327	-0.0958156367	-0.0175536043	0.0990913035	0.0624084715	0.0537131355	-0.0034516721	-0.0473890646	0.0616856176	0.0119358877	0.0155951773	-0.0460176087	-0.0125224221	-0.0331219619	0.0161707856	0.0289216535	-0.0296108007	0.004623827	0.0798739905	0.1106217065	0.0754278685	-0.0475153102	0.0783466667	0.0328993162	-0.0244025048	-0.0729114752	-0.0951485642	-0.0273261446020853	-0.0195103483791569	0.000746718178814	0.000380653693876	-0.1323262401764395	-0.0725709917092842	0.0052665488376689	0.0175102338392327	0.0392462761625296	-0.1149041041525578	0.0015402701926255	0.0132029531511018	-0.0011132515500218	-0.0004564838830851	1.2393290136259402e-06	2.0837753551645126e-07	-0.0005569955453261	-7.585914050390003e-05	3.102440375131196e-07	5.754609197990445e-09	-0.0009078104620897	0.0002018492493486	8.241198350795147e-07	4.0743119462633644e-08	0.0	0.0	0.0	0.0	0.0	0.0	0.0	0.0	0.0	0.0	0.0	0.0	0.0	0.0	0.0	0.0
6440.158920519708	-20.563522108573125	41475646.921549566	422.8584415097757	5201.947097891349	-20.06433489764277	27060253.609260224	402.5775348847653	4575.911568878959	-3.403086031229577	20938966.68620029	11.580994535949875	4503.977497896195	6128.28133686038	1.121411	30.305964	0.125910900663313	0.0625507023021743	-0.0455507059	0.0425897394	0.0642140395	-0.0675232811	-0.0780390886	-0.0343366936	-0.0727209109	-0.0839097692	0.0251648075	-0.0615422326	-0.0120095781	-0.075150377	-0.0100808524	-0.0389647793	-0.0425109785	0.0236988379	-0.0286393999	0.0698374437	0.018461819	-0.0513460592	-0.0572832412	0.0177040665	-0.066016222	-0.0497320264	0.0326426655	0.0176923368	-0.0522694352	-0.0745951964	0.1009461823	-0.061069803	-0.03693116	0.0466269502	0.0527069882	0.0330010365	0.129849219	0.0596311454	0.0515650771	0.0093189175	-0.0109863115	-0.0596428729	0.0445279434	-0.0201777139	0.0441588506	0.0290225321	0.1283066697	0.0470614487	-0.0537176932	-0.046829144	-0.077476527	0.0334838185	-0.0525556543	-0.0365656777	-0.1812830311	-0.0169707496	-0.014924872	-0.0469320615	-0.017213873	0.0194317809	-0.0430345358	0.0445263631	-0.0133966939	-0.0432690744	-0.0484923562	0.0103687474	0.0470865946	-0.0369564139	-0.0061582427	-0.0823641909	0.0396464941	-0.0583082908	0.0432505776	0.0349841004	-0.039344615	0.0067444248	-0.0100376034	-0.1133386132	0.0503746441	-0.0541640275	-0.073714522	0.0554583203	-0.0735724017	0.1266959042	-0.0131013354	0.0252024467	0.0881548029	0.0055957259	-0.0579272089	-0.019849645	0.0012399699	-0.0250263999	-0.0883935817	0.0103264309	-0.0414606796	0.0712665956	-0.0708043599	0.0779194263	0.0626606823	-0.0018335854	-0.0262632457	-0.0458551965	0.1058613493	0.0144592239	0.0733425135	-0.0382418203	-8.84173e-05	0.0306376721	0.0161365467	-0.0007909064	0.0059122203	-0.0100273007	0.0155004292	0.002482406	-0.0771584504	0.0875417675	0.0570243816	-0.0457275104	0.0427749552	-0.1160282069	-0.0514203734	0.0076258477	0.0473573174	-0.0889452073	-0.0394393961	-0.0602522786	0.1194835571	-0.0744345785	-0.0358639047	-0.0273900658	-0.0670716892	-0.0693928902	-0.026115931	0.0211679202	0.0891410616	-0.0651551283	0.001227055	-0.0200209507	-0.0311945563	0.1182365909	-0.0130952019	-0.0024677312	-0.000893771	-0.0369507256	-0.1087969225	0.019393564	-0.037739778	-0.0558858647	0.0508237102	0.0060527328	-0.100455722	0.0523112902	-0.0183339531	0.0145103557	0.0589563056	-0.0280128139	0.0162989801	0.0412910746	0.0166813252	-0.0280219219	0.0400259932	0.0059070529	-0.1544963143	-0.0602606619	0.0389837213	-0.0819228869	-0.0733587403	-0.0387404963	0.0745836982	0.1188822354	0.0658914071	0.0254792029	0.0775536723	0.030311972	-0.0283549738	-0.0763343096	-0.0955415737	-0.0271612884780552	0.0001648561240301	0.0007377355917881	2.7177541630227753e-08	-0.0808888457823258	0.0514373943941137	0.0026458055420556	0.0065430053719968	0.0675965481336788	0.0283502719711492	0.0045692933195887	0.0008037379208381	-0.0007553047181796	0.0003579468318422	5.70485217304365e-07	1.281259344258682e-07	-0.0008922433206317	-0.0003352477753056	7.960981432118827e-07	1.1239107084735407e-07	-0.0006818375057571	0.0002259729563326	4.649023842570634e-07	5.1063776993695195e-08	0.0	0.0	0.0	0.0	0.0	0.0	0.0	0.0	0.0	0.0	0.0	0.0	0.0	0.0	0.0	0.0
6418.038510875631	-22.12040964407697	41191218.327082686	489.3125228217735	5203.432308846933	1.4852109555840798	27075707.79275212	2.205851582586976	4570.671796434645	-5.23977244431353	20891040.670723107	27.455215268187388	4496.1646068726905	6056.77378650531	1.148256	31.031445	0.058714174888241	0.0306444707853319	-0.083939706	0.0179087819	-0.0321709999	-0.039852525	0.0656969928	-0.0019450342	0.0874009005	-0.0747443703	-0.061651309	-0.0064513649	-0.0076512853	0.0461826638	-0.0560665583	-0.031482963	0.005734904	0.0559287807	-0.0464963648	-0.047530809	-0.0131715545	-0.0480041022	-0.1232165422	0.0091674989	0.0017047925	0.0466663256	0.0983107976	-0.0594853696	0.0361302166	-0.1145296181	-0.0316477924	-0.1182661539	-0.0403976379	-0.0481069744	-0.0175566371	0.0314567678	-0.0082466271	0.0413795495	0.0427095748	0.0495122084	-0.091788262	0.0111265653	0.0911046621	-0.115840437	-0.0774240196	-0.0426940237	-0.0745180404	-0.0434701339	-0.0975355928	-0.0761519224	-0.0064739015	0.1081201874	-0.0224569537	-0.0114591587	-0.0777053454	0.0786752178	0.1183123218	0.1952459264	-0.0154044998	-0.0145839723	-0.0112201946	0.0242682642	0.1064555197	0.0402423198	0.0760862765	0.0286182488	0.0282520916	0.057934192	-0.0256073172	-0.0318578699	0.0568284657	0.0397990311	0.0711627623	0.0104496853	0.011825179	0.1191167252	0.0141982585	-0.0845721067	-0.0405784635	0.0574095598	-0.0016898063	-0.0537458521	0.0602883022	0.1036985708	-0.0421282881	0.0550763717	-0.0073794636	-0.0151444041	-0.0767258298	-0.0806307256	0.0130835998	-0.0137114561	0.0700906871	0.088225191	0.0997855904	0.0217020987	0.0277294218	0.1035241589	0.0991038676	0.0704329332	-0.0191664866	-0.0450072085	0.1607444548	0.0756286585	0.0179522256	0.15652914	0.0350877204	-0.0625135364	0.0181155512	0.0577732166	-0.0748694131	0.051514867	-0.0689700507	0.0332797348	-0.0256873241	-0.0512149984	-0.085615164	-0.0619036208	0.0582308269	0.0413178487	-0.0180160468	-0.0615646631	0.0407998382	0.0088770415	-0.0396851962	0.203577007	0.04100174	0.002046914	0.0137668996	0.0819302206	-0.1289354988	-0.0737301866	-0.0068857159	-0.0274721812	0.0065187073	0.057522639	0.0908363425	-0.0928317858	-0.0078068254	0.0511750556	0.0051731457	0.053430626	-0.0761009407	0.0563816698	-0.031696997	0.0423582182	-0.0001311731	-0.0919069015	0.0730700562	-0.0174169794	-0.0159286333	-0.1229228589	-0.0569503049	-0.0042099649	0.0312123219	0.0514265801	-0.0377481524	0.0296829744	0.0856572251	-0.0666800922	0.0093222049	-0.1175585834	-0.071735798	-0.0643288077	0.0521271697	0.0057081711	-0.0964376456	0.0793199844	0.0481427134	0.16738471	0.0893986122	0.0326008377	0.076744719	0.0276996788	-0.0322549359	-0.0795058789	-0.0954432708	-0.044438867067555	-0.0172775785894998	0.0019748129062478	0.0002985147219163	-0.0837325687632102	-0.0028437229808843	8.086760392010027e-06	0.0070111430716857	0.0857735053250507	0.0181769571913718	0.0073570942157464	0.0003304017727369	-0.0003632971992944	0.0003920075188852	1.3198485501515498e-07	1.5366989486253049e-07	-0.0008923789182297	-1.3559759800001354e-07	7.963401337008097e-07	1.838670858337328e-14	-0.0006656622997106	1.6175206046499958e-05	4.4310629725600477e-07	2.616372906467288e-10	0.0	0.0	0.0	0.0	0.0	0.0	0.0	0.0	0.0	0.0	0.0	0.0	0.0	0.0	0.0	0.0
6399.014397210994	-19.024113664637294	40947385.255713575	361.9169007250396	5171.836613633897	-31.59569521303547	26747893.95812414	998.2879559950323	4570.424789080539	-0.2470073541062447	20888782.75264189	0.0610126329825677	4498.402006825411	5998.035228073721	1.560526	42.173004	0.293587108389623	0.1526092357701755	0.0343414331	0.0207809853	-0.0631575669	-0.2024346446	-0.0154962547	0.0396481923	-0.0813880757	-0.1540504292	0.088317948	0.085310579	-0.0039493313	-0.1166454214	0.0219761936	0.082113763	0.0510401371	-0.0216259943	-0.0644641021	0.0956281278	0.0285893587	0.0223222651	-0.0596606823	-0.0506372767	-0.1522482409	0.061593648	0.0296262711	0.073387276	-0.0640151105	-0.0248417863	0.0736487026	0.0577108069	0.0941684649	0.0196536625	0.0447424005	-0.0063744173	0.0282678037	0.0159831832	0.0611241541	0.0328326322	-0.0404775352	0.0567558407	0.0452746257	-0.0043549526	0.0673298748	0.0369351091	-0.0336957548	0.0495170872	-0.0922849702	-0.0151607712	0.038306229	-0.0575456926	-0.0107557033	-0.0218152695	0.0462683134	0.0059955772	0.0662411261	-0.039781206	-0.0266199543	-0.0280638039	0.0994400413	0.0148085831	-0.0880048636	0.085862084	0.0192999968	0.0210279199	0.0235570022	0.096126269	-0.0671788306	-0.0978665101	-0.0425706328	-0.086398296	-0.0623714827	-0.0839501677	0.1300280104	-0.1026871689	0.1409112213	-0.0176789784	-0.1518236474	-0.0726889923	-0.0760306077	0.0392883219	0.008527922	-0.0285812505	0.0316863061	0.0534563024	0.0831005409	0.025672658	0.0016974801	-0.0493909285	0.1073656515	-0.1453479301	-0.0625328029	0.0033473847	-0.1204509497	0.0101836494	-0.0211801066	0.019811224	0.0020599825	-0.0746427312	0.0102917163	-0.0188755196	0.0088423447	0.0055174437	0.0054740218	0.0046739997	-0.0468068108	-0.0344471447	0.0100059815	-0.0655243753	-0.1013348231	-0.003614674	0.0755741178	-0.1462980967	0.0079907782	0.0579162004	0.0054288397	-0.0327269287	0.0476906595	-0.0451458566	-0.0843593715	0.0623260643	0.028746251	0.0265947018	-0.0913728088	0.0450978783	-0.0945677933	0.069649541	-0.0235436288	-0.0843512225	-0.0297062299	0.0011958976	-0.0136927698	0.1244567724	0.0979281117	-0.0365094135	-0.0304684454	-0.0060233126	0.0975404371	0.0460642386	-0.0381351711	0.0340786035	-0.132653113	-0.0539480077	0.2116672525	-0.1302155459	-0.0175831412	-0.0038987044	-0.0242873564	0.0539573992	-0.0333345442	0.0363096424	-0.002631662	0.0751449832	0.0559187775	-0.049927488	0.0368930556	-0.0112823366	-0.0207821706	-0.1467377523	0.0666910191	-0.0298009491	-0.0410881888	0.0961481431	0.104207236	-0.1160537577	-0.0463611441	0.0732711075	-0.0566011155	0.1187703437	-0.022590176	-0.0502339388	0.0759199731	0.0250645864	-0.0360951694	-0.0824157435	-0.094854161	0.0052246961271293	0.0496635631946843	2.7297449620839908e-05	0.0024664695091924	-0.0809326861176629	0.0027998826455472	7.839342828836946e-06	0.0065500996822201	-0.0449154114327257	-0.1306889167577763	0.002017394184171	0.017079592963321	-0.0019310801379149	-0.0015677829386204	3.729070499049429e-06	2.4579433426295302e-06	-0.0013321655782476	-0.0004397866600178	1.7746651278677623e-06	1.9341230632969986e-07	-0.0008667876169045	-0.0002011253171938	7.513207728189822e-07	4.045139321634687e-08	0.0	0.0	0.0	0.0	1.0	0.0	0.0	0.0	0.0	0.0	0.0	0.0	0.0	0.0	0.0	0.0
6482.311005756847	83.29660854585381	42020355.97535635	6938.324995241207	5200.647760009766	28.811146375868702	27046737.123694595	830.0821554917322	4590.271091548225	19.846302467685742	21070588.69390333	393.8757216388693	4514.433447506232	6211.750140654128	1.848067	49.943745	0.3434687245934201	0.1844135052864398	0.1833506363	0.0209403757	0.0039250025	0.0366983381	0.1075966807	0.0960156336	-0.1061892004	0.1134378149	0.0097594675	0.0775593312	0.0996376078	0.0391050188	0.0710423788	-0.0652334626	0.0883544214	-0.0960238831	0.0527423096	0.0812785729	-0.1395859959	0.0313374201	0.0872150995	0.1619320025	0.0862310397	-0.023462899	0.0572322438	-0.0542199503	0.0320592385	0.1053623974	-0.1020850961	0.0474702939	-0.0239499167	0.0369210836	-0.0401482578	-0.0191156216	0.0906315456	-0.0906466174	0.0276439009	0.0498368774	0.0025737282	-0.0485035969	-0.0761898232	0.0325938278	-0.0027776812	0.0149434658	-0.0027959892	-0.0396801224	0.0537661588	-0.0810641198	0.0461749012	0.0175224034	0.0328083635	-0.1472949928	0.0012778407	0.03787254	0.0579725131	-0.1087125513	0.1189183784	-0.0861406733	-0.0237021094	-0.0769457041	-0.058125896	-0.1046265565	-0.01956589	0.0136432979	0.0514181671	0.1014921867	-0.0773286615	-0.0082168974	-0.050496681	0.0433571073	-0.020367471	0.0148379128	0.0305169114	0.0297766227	0.0535334524	-0.0464707853	-0.050910649	0.0387605715	0.0172396125	0.1205359154	-0.0031182119	0.0143573155	0.0960518859	-0.0566540546	0.0483929418	-0.1040381906	0.14516742	0.0526538682	-0.1764280116	0.0308340455	0.0165663144	0.0688489524	0.1077662299	0.0284170517	0.0167361356	-0.0749060588	-0.0657686662	-0.0044063813	-0.0942853306	0.0233228882	-0.0451692954	0.0087149297	0.0924033302	-0.0866681187	0.0372676347	0.0261835243	0.0793097941	-0.0506137935	-0.0649554138	0.0035099266	0.0695955149	0.0790818419	-0.0012142741	-0.0045257591	0.0338745976	-0.063393337	-0.100655546	-0.2162551327	-0.0726095606	-0.0700996699	-0.0321298888	0.0133404149	-0.0233001042	0.0390776229	-0.0602520699	0.0976234584	0.0517691918	-0.0246084183	0.099908172	-0.0133160035	0.0491551468	0.0278336187	-0.0516721677	-0.0325284257	0.027753321	-0.0450989201	-0.094240746	0.0832068015	-0.0344914471	0.0115714138	-0.0646000432	0.0459036923	-0.0009360612	-0.0116965578	-0.0351895005	-0.0466175046	-0.1454875454	0.0952430165	-0.016667418	-0.0826706908	-0.1988763694	0.0406578643	0.0029301677	0.1099108617	0.1114124456	0.0906447707	0.0243956178	0.0981400016	0.0642486754	0.1043371937	0.1945068827	0.1449956059	-0.0839880231	-0.1084024016	-0.0291897315	0.0415709635	-0.1072424172	0.0625351573	-0.0872355402	-0.0611778849	0.0750796043	0.022408864	-0.0398685628	-0.0850543252	-0.0937772737	0.0003999412666502	-0.0048247548604791	1.5995301676976637e-07	2.32782594637167e-05	-0.134188439830396	-0.0532557537127331	0.0028361753035112	0.0180065373841158	-0.2144978585182286	-0.1695824470855029	0.046009331308906	0.0287582063595073	-0.0032978860183323	-0.0013668058804174	1.0876052189911673e-05	1.868158314743584e-06	-0.0011018893310417	0.0002302762472059	1.2141600978635248e-06	5.302715002723278e-08	-0.0015858208679753	-0.0007190332510708	2.514827825305934e-06	5.170088161454442e-07	0.0	0.0	0.0	0.0	0.0	1.0	0.0	0.0	0.0	0.0	0.0	0.0	0.0	0.0	0.0	0.0
6487.680759254437	5.369753497589954	42090001.63400024	28.834252624879547	5254.438117359303	53.79035734953686	27609119.92915837	2893.4025437908745	4595.710484146511	5.439392598285849	21120554.854094155	29.58699183828688	4520.411763916392	6425.929192110619	1.188176	32.110298	0.1263072219682668	0.073288867506896	0.1475716594	-0.0296144909	0.0845079015	0.0651065651	0.0989512831	0.0532387303	-0.0585919111	0.0944333057	-0.0052421584	-0.0037443427	-0.0455678921	0.1463334659	-0.0512407425	0.0256181959	0.068466706	-0.1223424846	0.088238832	0.0440215553	-0.0285761597	-0.0532399537	0.0912387785	0.1279786217	-0.0146007591	-0.0626539628	0.0550001082	0.066439536	0.0852041256	0.1910445525	0.0301798692	-0.0245056796	0.0142218285	0.1006601782	-0.1141771893	0.0513061357	0.0765973696	0.1193531849	-0.0311383616	0.0232424495	-0.0782625594	0.0168182639	0.0137879286	0.0072134737	-0.0446252082	-0.0036407641	0.0097841624	-0.0169363931	0.0667124513	-0.072569968	-0.0437040726	-0.0501162816	-0.0032055242	0.0703313948	-0.0878130125	-0.0787791222	0.0506782185	0.0381195679	-0.1065899085	-0.0222640223	0.0121500057	0.0177129183	-0.0810974009	-0.0460684218	-0.0956629849	0.0613092174	-0.0222801311	-0.0030294056	-0.0989171215	-0.1119425747	0.1514602473	-0.0415186785	0.0723504096	-0.0094113563	0.0456651147	-0.0630666563	0.0606183551	0.1343112464	-0.0519452638	0.016183501	0.0312639743	0.078099321	-0.0845592382	0.0499390653	0.1100867175	-0.093534185	0.0299484591	-0.0402138399	0.0191622751	0.0980946919	-0.1455594761	-0.0384913369	-0.0642464974	0.0206896135	0.0504595651	-0.0899177072	-0.1008997281	-0.1690921365	0.0124060829	-0.0712350579	-0.0136725563	0.1316454936	0.1196972136	-0.0630264213	0.0141312248	0.003662331	0.1222866128	-0.0111956526	0.0425315008	0.0058431813	0.0453799228	-0.0389934048	-0.0034759975	0.0102179179	-0.0072619914	0.0303697187	-0.0699396458	0.0738759002	0.0298792563	-0.0027799467	-0.020609457	-0.0985880655	0.0708327959	0.0573200954	0.0025512253	-0.0556745717	-0.1134077998	-0.0309463698	-0.1252132421	-0.0074455282	0.0549270029	-0.0699655593	-0.0843157031	0.138813009	0.2317779438	0.0394295556	0.0550630103	0.018376945	0.0253807083	0.0573137093	0.0073976902	-0.0159195115	-0.1089671262	-0.0642628827	-0.0053290833	-0.1317962093	0.1175662322	-0.0643201028	-0.1161173002	0.0903321075	-0.0183932134	-0.0058072792	-0.1499027873	0.0970156702	0.0498303412	0.0197272002	0.1060761039	0.0837627029	-0.1272949973	-0.0215187256	-0.0123046391	-0.0105248829	0.1227144046	-0.1174383972	-0.0035646627	-0.0886475519	-0.0869177962	-0.0276528165	-0.0557680375	-0.0174824546	-0.1098027114	-0.0749093722	0.0742237856	0.0197346973	-0.0435681289	-0.0874129386	-0.0922181468	0.0134988892127836	0.0130989479461334	0.000182220009979	0.0001715824372955	-0.0699401930503285	0.0642482467800674	0.0041278372143124	0.0048916306039172	-0.2296940907440046	-0.0151962322257759	0.052759375322715	0.0002309254738597	-0.0038179174282169	-0.0005200314098846	1.4576493488682348e-05	2.704326672665649e-07	-0.0011935983934192	-9.17090623775e-05	1.4246771247728952e-06	8.410552122160188e-09	-0.0015222854399116	6.353542806370014e-05	2.317352960566853e-06	4.0367506192376145e-09	0.0	0.0	0.0	0.0	0.0	0.0	0.0	0.0	0.0	0.0	0.0	0.0	0.0	0.0	0.0	0.0
6473.576157714323	-14.104601540114343	41907188.26972733	198.93978460539597	5192.596494999639	-61.84162235966414	26963058.359882534	3824.386256075312	4598.39366358253	2.6831794360196	21145224.28527597	7.199451885878458	4524.946302972576	6343.458333886188	1.029787	27.829844	0.092890141715344	0.0493391407436275	0.1679467205	0.0203431224	0.0673980154	0.0133405896	0.0799238479	0.1102704007	-0.0822822493	-0.0352618146	-0.0407981789	-0.0922837871	0.0647002838	0.0560311285	0.0423016379	0.0346229487	0.0302650793	-0.1274156928	0.1126996196	0.0590946826	0.0862650715	-0.0598719698	0.0352117069	0.0929965689	-0.0198384066	-0.0460590558	0.1157617693	-0.044056483	-0.1744104109	-0.0009142237	-0.142446938	-0.0227143867	0.0274415714	-0.0283835469	-0.027885877	-0.0569505518	-0.0287174253	0.0739977442	0.0080793303	-0.0742607692	-0.0584025266	0.1212897531	-0.0177411306	0.0353354906	-0.0608131912	0.0433173857	-0.0976242371	-0.05333384	-0.0432390794	-0.0755942584	0.0903945845	0.173492548	0.0447887697	-0.0518676917	-0.0085982064	0.0448469707	0.041723864	0.0014670192	-0.0210794927	-0.0611658385	-0.1206419161	-0.010981958	-0.1481485872	-0.0331599989	-0.0124253083	-0.0490706115	-0.0312853756	-0.0763733763	0.0170683468	0.1162841109	-0.0755950558	0.1109046266	-0.0383866808	-0.0506542755	-0.0318395241	0.0335130384	-0.0343502467	-0.0844090962	0.071097452	0.0858024743	-0.1302820679	0.0271794882	0.1014628544	0.0084564329	0.1192308527	-0.1169899188	0.0528835046	0.0712102054	-0.0536086437	0.050869784	-0.1225865746	-0.0184420957	-0.0716856211	0.0962143269	-0.0163831017	0.144478898	0.109202841	-0.0854735527	-0.0330021992	0.0308616289	-0.0170928607	-0.0668768087	0.0259436746	-0.0676082009	-0.0198088903	0.0291368141	0.0459678407	-0.1068392377	-0.0322257301	0.1079895612	0.0109686439	-0.0729248184	-0.0175794318	-0.0658418064	0.0405630009	-0.1877125471	0.0406385649	-0.1232367466	0.0104724822	-0.0785779216	0.0030865028	0.0303050357	0.046578255	-0.0007712063	0.0866250833	-0.0199037958	-0.1041501313	0.0476116447	0.1470709824	0.0839601882	0.042505248	-0.033547131	-0.0537593801	0.0402063912	-0.0015029205	-0.0375640704	0.0673664971	-0.0250125131	-0.1077179858	-0.1429371552	0.1020148513	0.0835684872	0.0662566769	0.045944138	-0.0301886469	0.0831725613	-0.0407076723	-0.1409559362	-0.1233914381	0.0958996672	0.0381253332	-0.0201881954	-0.198893051	0.0124732222	0.0533801383	-0.042899868	0.0594012236	0.1127754807	-0.063654588	-0.0487686714	0.0227174348	0.0429078593	0.0712687586	-0.0092489612	0.0512535058	-0.155461537	-0.0406008026	0.121742741	-0.101852021	-0.0070384815	-0.0857677191	-0.0934102446	0.0733526932	0.0170442873	-0.0471870168	-0.0894838202	-0.0901847978	0.0210788420608452	0.0075799528480616	0.000444317582626	5.7455685178837175e-05	-0.0481241833427219	0.0218160097076066	0.0004759382795623	0.0023159370224039	-0.1900915793947888	0.0396025113492158	0.0361348085568052	0.0015683589051647	-0.0039859186377037	-0.0001680012094868	1.5887547386393722e-05	2.8224406389027792e-08	-0.001334810346071	-0.0001412119526518	1.781718659978183e-06	1.9940815571734243e-08	-0.001353665245841	0.0001686201940705	1.8324095977977752e-06	2.8432769848406752e-08	0.0	0.0	0.0	0.0	0.0	0.0	0.0	0.0	0.0	0.0	0.0	0.0	0.0	0.0	0.0	0.0
6457.612466048721	-15.9636916656018	41700758.76166785	254.8394515944044	5247.996513084129	55.40001808449051	27541467.401343174	3069.162003761876	4584.188517282079	-14.205146300450906	21014784.36198087	201.78618141721407	4510.191786220634	6241.673976621766	1.293125	34.946526	0.2039525598386859	0.1055907989361241	0.0738769148	-0.0317251867	-0.0649786672	-0.0229545555	0.0630801845	0.0696007779	0.0443449169	-0.0562507803	-0.0689883612	0.0407156215	-0.1563935695	0.0473274511	-0.0329473072	0.0803098828	0.1093948303	-0.1025496192	0.0188881584	-0.1010925939	0.0733648007	-0.0855043826	-0.0482389337	-0.0016586459	-0.0367085623	-0.0041857171	-0.0240210855	-0.0752787807	-0.0861733857	0.12378962	-0.0800856562	-0.0315277413	-0.0702240306	0.0799993825	-0.2135337671	-0.0421397948	0.2365229136	-0.0908582692	-0.0195678178	-0.0706078885	0.0936097823	0.0044548698	-0.101388147	0.0182402443	-0.0627948274	0.0011632738	-0.0185879435	-0.1054834056	-0.1848842981	-0.0935945689	-0.1056277737	0.0325285257	-0.0701661517	-0.0144300759	0.0426984975	-0.068438046	0.0274405132	-0.0080504313	0.0213687459	0.0127765794	0.1283293848	-0.1626695874	-0.1058652445	-0.0886756756	0.0756846727	-0.0095484654	0.0213945034	-0.0444041842	0.0149679004	0.0588627064	-0.0737524605	0.0204544393	0.037214997	-0.0686327382	-0.0381948662	0.0281247786	0.0984025502	-0.0145030903	-0.0341382386	0.0369587589	0.0212158381	0.0860285696	-0.1106910074	0.0076935636	0.1020608885	-0.0224466969	-0.0682081713	0.0476802144	-0.1416339344	-0.0006320381	0.0418405251	-0.0025185038	-0.0070320406	-0.064415203	0.0526969989	0.0763673015	0.0005549828	-0.1708868264	-0.0194830626	0.0415171154	-0.059008958	0.0501065954	-0.0946261249	0.0197241887	0.2381740298	-0.0159824621	0.2011470529	0.1701335354	0.0370112859	0.1228128115	-0.0414212898	0.0107021282	-0.0868220962	0.0744795585	0.0614865948	-0.0272236873	0.0242030621	-0.1036551204	0.178755254	0.0755626293	-0.054831239	-0.0736953551	-0.0396136193	-0.0031269154	-0.1010143916	0.0264321079	-0.0581218345	0.0254461666	0.0107427482	0.0235607199	0.0934532294	0.1788371082	0.0228672232	0.07532523	0.01814744	0.017233193	-0.0419411696	0.0203809056	-0.0449108457	-0.0659323504	2.21e-05	0.0544572472	0.0295507785	0.1356741456	-0.1182912358	-0.052775972	-0.0066395814	0.0498878412	-0.0519459449	0.0641504725	0.022712545	0.0460062394	-0.0798240227	0.020916356	-0.0245232516	-0.0497764077	0.071905876	0.1414151554	-0.0800045277	-0.1036153652	0.1932701517	-0.1183465104	0.1450063256	-0.034800148	-0.0641024615	0.1276054997	-0.0813363869	0.0611691461	0.1096115046	-0.1395819359	-0.179331389	-0.2592368009	0.0724665061	0.0143398485	-0.0507185253	-0.0912601531	-0.0876876832	0.0152911840590377	-0.0057876580018075	0.0002338203099273	3.34969851458864e-05	-0.049960494660695	-0.001836311317973	3.3720392565161016e-06	0.0024960510267413	-0.1021439543606135	0.0879476250341752	0.010433387412423	0.0077347847491518	-0.0030701498146744	0.0009157688230293	9.425819884545252e-06	8.386325372324703e-07	-0.0022469485025289	-0.0009121381564578	5.048777573016866e-06	8.319960164664162e-07	-0.0010139529156336	0.0003397123302074	1.0281005151218783e-06	1.1540446729494166e-07	0.0	0.0	0.0	0.0	0.0	0.0	0.0	0.0	0.0	0.0	0.0	0.0	0.0	0.0	0.0	0.0
6450.961979671834	-6.6504863768868745	41614910.46317155	44.228969049157904	5239.47894603588	-8.517567048249475	27452139.625953253	72.54894842142528	4588.892255861144	4.70373857906452	21057932.13590238	22.12515662017991	4518.460511400548	6062.317456247397	1.371601	37.067333	0.3826053776432326	0.23689789056905	-0.0275021532	-0.0434125925	-0.0409305336	-0.0823772218	-0.0217182648	-0.0634059453	0.0125851268	-0.0930803184	0.0098743725	0.0610452621	-0.0432903887	0.0788284916	0.0081416609	0.0478329672	0.0180459285	0.0262686718	0.0545039377	-0.0035910678	0.1030729339	-0.0628601089	-0.0903010279	0.0875139942	0.0219801092	0.0291404044	-0.1752882266	0.0697068932	-0.0948012577	0.0450567037	0.0012303818	0.087436	0.1047150542	0.0102924255	-0.0883551516	0.0878230199	0.0981809671	-0.0191618055	0.0298592561	-0.1678155501	0.0691471796	-0.0237356368	-0.0275474193	0.2133116687	-0.0556513069	-0.0287648397	0.027737698	-0.0343650938	-0.0449444042	0.1081856455	0.0465170009	0.0418264935	0.0541419673	-0.0210165344	-0.0456755584	0.0058899091	-0.039687743	0.0975666523	-0.0128901063	-0.019682034	0.1719702341	-0.097947003	0.0432064476	0.0749243469	-0.0665604145	0.0737925976	0.1511860183	0.0322393419	-0.0249910184	-0.0370645298	0.0570091955	-0.0125148924	0.1134401017	0.0878214574	0.001351129	0.0423255273	-0.077777176	-0.0157543792	0.0559903239	0.0603581158	0.1071760167	-0.0219683392	-0.0306736728	-0.046806323	-0.0304049428	-0.0501208842	-0.001806663	0.0674837542	-0.1060718158	-0.0491968057	-0.0853844712	-0.0801348471	-0.0012504088	-0.2013848612	-0.1311364906	0.0410214005	0.0176366532	-0.0596366942	-0.143777682	-0.0823447341	0.0869490046	0.1096294035	-0.0550809129	-0.0410060381	0.1497041845	0.0860775723	-0.0513631588	0.161590342	-0.1061201248	0.0577427997	0.0434282494	0.0639430348	0.1238464038	0.063302054	0.1472454928	-0.062690012	-0.0391721181	0.0360543221	-0.0172333032	0.024184114	-0.015602305	0.009734087	-0.0190066791	-0.0759993242	-0.0076437676	0.1051981695	0.0558457302	0.0818052117	-0.0410386134	0.0324474356	-0.175853092	0.0387950367	-0.0886591201	-0.0693035014	0.0595543066	0.0393304945	0.0389274019	0.0048656648	-0.1180841033	0.0717504435	-0.057751939	-0.0402128572	0.0111173251	-0.0429025845	-0.0493604081	-0.0464803386	-0.0254125672	0.1070911451	0.0612181638	0.0629586731	0.0682837932	0.0922252055	-0.0521544515	-0.122108922	0.0318830637	-0.0781435952	0.1545013629	-0.0671222557	-0.1145962641	-0.1497599285	0.1913251801	0.0108540281	0.0208771453	-0.021819474	0.0508596556	0.0948357949	0.0373691228	-0.0870583056	0.0590160907	-0.0331011182	-0.0274639458	0.0718924168	0.0715654069	0.011623607	-0.0541561147	-0.0927360906	-0.0847396439	-0.0044550810644778	-0.0197462651235155	1.984774729106865e-05	0.0003899149863281	0.1060163847540422	0.1559768794147372	0.0243287869119594	0.0112394738363171	0.0732792226820464	0.1754231770426599	0.0053698444768849	0.0307732910437404	-0.0031871987834238	-0.0001170489687493	1.015823608505815e-05	1.3700461085298006e-08	-0.0020829484140418	0.0001640000884871	4.3386740955592495e-06	2.6896029023776666e-08	-0.0006658208516237	0.0003481320640099	4.433174064569091e-07	1.2119593399179317e-07	0.0	0.0	0.0	0.0	0.0	0.0	0.0	0.0	0.0	0.0	0.0	0.0	0.0	0.0	0.0	0.0
6444.4207678220455	-6.541211849788851	41530559.032736085	42.78745246381808	5224.253707772714	-15.22523826316592	27292826.803176947	231.8078801701716	4585.0005797124	-3.8916761487435	21022230.31596305	15.145143246699035	4512.74458018339	6085.538712329746	1.088118	29.406244	0.2180866664956803	0.1708467356995442	-0.0290600989	-0.1159935499	-0.00225702	-0.0863727526	0.0548451773	-0.0648079528	0.009073689	-0.0640171956	0.0406283275	-0.0157812263	-0.092593127	0.0502885184	-0.0031044426	0.1310978458	-0.0090633045	0.0287519289	0.0077944941	0.0609019695	0.0542975755	-0.0923905098	0.0029108794	0.0956721393	-0.053034885	0.1067727376	-0.0291361584	0.0739592884	-0.0836371264	-0.0629766108	-0.0145802263	0.0526034695	0.0138410226	-0.0164368541	0.0282744145	0.1456087332	-0.0497750931	0.0747442551	0.0332223355	0.0372075367	0.1491048632	0.0752058794	0.0674789187	0.0635656935	-0.0659887721	-0.0529751364	0.0185487237	-0.0516569446	-0.0115879843	0.0252218937	0.0891204027	-0.078720234	0.076397201	-0.0250114484	-0.0415682114	-0.0695454491	0.0221781197	-0.0446925179	0.092615786	0.0830081407	0.0484904564	-0.0116266866	0.0248815593	-0.1353140768	-0.0309700957	-0.0756324748	-0.0435213994	0.0672932039	0.0344950754	0.0744937272	-0.0048017712	0.0286626962	-0.0483609184	0.094006597	-0.0871498105	0.0100218449	0.0804277164	-0.0094454094	0.0699760334	0.1379099288	0.0884536078	-0.1103881786	0.0331978565	0.1307214943	-0.0350707237	-0.0184642053	0.0651764225	0.0164613511	-0.0931690385	0.0517142763	-0.039057595	-0.1736605852	0.0239029852	-0.0447606461	-0.0646596429	0.0437543766	0.0345772806	0.0323840357	-0.0143513315	-0.0708584866	-0.0428533159	-0.0123311052	0.0062267529	0.0069730174	0.1294181192	0.0572305234	-0.1023297672	-0.0508911866	-0.0760653301	-0.0100007457	0.2074914263	0.0366770554	-0.0359187869	0.0920982646	0.0724260662	-0.0196702897	0.0424191602	0.0043441302	-0.0592695035	-0.0012776895	0.0661386063	5.71149e-05	0.0750956124	0.0747088915	-0.0222622959	-0.0064647001	-0.0076236881	0.0837084812	0.0453930094	-0.0348246281	0.0910550339	0.0559822644	0.0809528523	-0.0453165265	-0.1108696835	0.0380887776	-0.0615213072	-0.035883006	0.00559314	0.1036162437	-0.040097837	0.0237433047	0.040585632	-0.0456013646	-0.0483617083	0.0530907234	0.0124067361	0.0046709484	0.0693194565	0.1117897398	0.0631048908	-0.0026239153	-0.0636853758	0.0898448789	0.0264395265	-0.0438023209	0.1161834617	-0.1208280181	-0.009291862	-0.1219846662	0.187129621	-0.0349417274	-0.063061942	-0.0029664921	0.0911281787	-0.0133522756	0.0894454069	-0.100809023	0.1031926789	-0.0841800637	-0.0203495859	0.1194347618	0.070649581	0.0088977982	-0.0574934194	-0.0939067741	-0.08135584	-0.0182919994855126	-0.0138369184210347	0.0003345972451779	0.0001914603113903	-0.0624499314120896	-0.1684663161661317	0.028380899682587	0.0038999939333746	0.0660048899779326	-0.0072743327041138	0.0043566455009989	5.291591629013964e-05	-0.0030631031856282	0.0001240955977955	9.382601125805628e-06	1.5399717392247264e-08	-0.0021979852653224	-0.0001150368512806	4.831139226574381e-06	1.3233477152554894e-08	-0.0009968703866355	-0.0003310495350118	9.937505677508111e-07	1.0959379463152905e-07	0.0	0.0	0.0	0.0	0.0	0.0	0.0	0.0	0.0	0.0	0.0	0.0	0.0	0.0	0.0	0.0
6443.155057608768	-1.2657102132770888	41514247.09638945	1.6020223439939336	5211.245461018881	-13.008246753833191	27157079.254989885	169.21448360861174	4578.312595852386	-6.687983860014356	20960946.22534061	44.72912811181252	4505.941912576754	6018.149365655322	1.02303	27.647243	0.117701999215462	0.0605157855440848	-0.0609216183	-0.0186715448	0.0143777875	-0.1093427517	-0.0468814525	-0.1061627807	-0.0586775156	-0.1159729782	-0.0044806777	-0.0398532283	-0.0378986489	-0.0036062057	0.0628419207	0.0290145297	0.0647049677	0.0745150174	-0.0232343077	0.0916301779	0.0548578349	0.0062760036	-0.0587033494	0.0446617464	-0.076821851	0.0141271539	-0.0054861497	0.0681678629	-0.0574244175	-0.115760072	-0.0442613508	0.0489302947	-0.0846555681	-0.0640891109	-0.105164412	0.0488608637	0.0207818933	0.102389605	0.1267121204	-0.0461352598	0.0338637593	-0.0382081754	-0.0228435386	-0.0706962378	0.0438730634	0.067452909	0.1308672661	-0.0166302465	-0.0823072076	0.0745806365	0.1120254144	-0.1877926662	-0.0011417553	0.0058886015	0.0035983989	0.0546065849	-0.0048157402	-0.0059140722	0.0153831474	-0.0407222069	0.0809428415	-0.0513521354	-0.0175374461	-0.0418477571	-0.0217574416	0.0088392626	0.0922917449	0.0460005244	0.0700621236	0.0269978637	0.0460350555	0.1799646987	0.0059934532	-0.1418812275	0.0381141272	-0.1041379751	0.0170638076	-0.0030490002	0.0634189608	0.1593270036	-0.0011241025	0.0260079874	0.0002949131	-0.1237767402	-0.0641973679	0.0187398384	0.0999553146	0.0642749266	-0.0046902033	-0.0359925597	-0.0047823649	-0.0818412178	-0.0715287689	-0.0345435733	-0.112469065	0.0413253012	0.0617400527	0.123893882	-0.0709045705	0.1037028322	-0.0680035649	0.0227597244	0.0395018469	-0.0078731484	0.095228327	0.1882559399	-0.0176656097	0.0706906511	0.0380199089	-0.0601751284	0.0424577482	-0.0031101272	-0.0757746072	-0.0243385946	0.0969219349	0.1486052327	0.0497856386	0.0263997012	-0.0073705766	-0.0520239367	0.0855347909	0.018781786	0.0869328658	-0.067257371	-0.0720674438	-0.0190917114	-0.01986094	0.1217497965	0.0174700012	-0.0379408059	0.0059099048	0.0288249174	-0.0082162782	-0.0650915954	-0.0070795551	0.0975126689	0.0208946764	0.0770346749	-0.0486863159	-0.0257804696	0.0232527291	0.1243988511	0.1327609947	0.0334552356	0.0877989821	-0.0334141642	-0.0138835073	-0.0329606555	0.0940742656	0.0659275913	0.0170597263	0.0768845423	-0.0953144336	0.0390926443	0.0228778394	-0.0832176598	0.0650360858	-0.0268764706	0.0929676519	-0.0024509311	0.1703961467	0.0085868727	-0.0691506972	-0.0144504314	0.0357510741	-0.0003773094	0.1616786916	0.0426526669	0.084024795	-0.0095624527	0.0192229061	0.0980000559	0.0697192167	0.0061646659	-0.0607242596	-0.0947683504	-0.0775536723	-0.0177750808651779	0.0005169186203346	0.0003159534997636	2.672048600487281e-07	-0.0927971054740481	-0.0303471740619585	0.0009209509735468	0.0086113027843616	0.1133101056364864	0.0473052156585538	0.0128391800393517	0.0022377834285022	-0.0025953870927154	0.0004677160929128	6.736034161033695e-06	2.187583435696152e-07	-0.0019808477967142	0.0002171374686082	3.9237579937475e-06	4.714868027357706e-08	-0.0008910701306642	0.0001058002559713	7.940059777619145e-07	1.1193694163592604e-08	0.0	0.0	0.0	0.0	0.0	0.0	0.0	0.0	0.0	0.0	0.0	0.0	0.0	0.0	0.0	0.0
6448.502185216063	5.347127607294169	41583180.43273634	28.591773648687465	5234.808128300419	23.56266728153878	27403216.14012014	555.1992894204981	4575.346035867185	-2.9665599852014566	20933791.34792556	8.800478145798467	4500.970672034101	6038.370201253002	0.984711	26.611664	0.1216733403231968	0.0627018068613827	-0.0734500361	-0.0730071466	-0.0267865196	-0.029983442	0.058098488	-0.1171574604	-0.0001139931	-0.0288188348	-0.0762183107	-0.0519117762	-0.0372237031	0.0220115628	-0.027620699	0.068815128	0.1142399352	0.1136647231	-0.0265842917	0.0570066755	0.007520885	0.1044717727	-0.0166082779	0.0171822024	-0.0028566924	0.0695698256	0.0490387666	0.0326801492	0.0786637296	-0.1674582153	-0.0554009343	-0.1216950578	0.0949248928	0.0062626821	0.0875456665	0.0059128036	-0.0236946688	-0.0215865122	0.0643896333	0.0335750891	0.1071742692	0.0452524244	-0.0384934624	-0.0458177088	-0.0895249597	0.055405576	-0.0144864917	0.0772341414	-0.0457142551	-0.0950041947	-0.0148401844	0.1291292182	-0.010148169	0.0282983473	-0.1004074616	-0.0322223306	0.0013020501	0.0742589768	0.0668791107	-0.0684113083	0.115191113	-0.0682010737	0.0480446016	0.0644003244	0.0872739803	-0.1519977251	-0.059220201	-0.0549610505	0.035970533	0.0212908477	-0.0583532577	-0.0145839744	0.0240694565	-0.0699552493	-0.0358609085	-0.0977830936	-0.0092477225	0.0569532636	-0.0507278104	-0.1418553095	0.0007928361	-0.0310180732	-0.0476973664	0.0289829724	-0.1050209699	0.0245416373	0.0462655762	0.0513339021	0.0604234886	-0.0447552629	0.0172291673	-0.048892615	0.0517943001	0.0684996207	0.0354868651	-0.0194071924	0.1307030466	0.1163792003	0.1899486344	-0.0066180006	0.0195086592	-0.0475291547	-0.062870549	-0.0281809123	0.0550358089	-0.0014691579	-0.0668563517	-0.027324924	0.0215787773	-0.0514266669	0.1019299634	-0.0099927731	-0.0379028088	-0.0357946441	-0.0015541907	-0.0273612	0.0572177854	-0.0453661308	0.0628563051	0.0636785243	-0.0979999339	-0.0787849705	0.0589677494	0.2001607672	0.0475919451	0.1957490994	0.1380937123	0.011153187	0.0258798738	0.0551412927	0.017676121	0.0281588559	-0.1477160928	0.1150280589	0.0071181425	-0.0862601516	0.1182676388	0.140611985	0.0890680229	-0.043344611	0.0886257521	-0.0718735932	-0.03148364	0.015308521	-0.0441538404	0.0380193981	0.0067612864	-0.0599430824	0.0868073851	0.0486973904	0.0863832503	-0.0323194674	-0.0483407212	0.0680962755	-0.0084456419	-0.0315604685	-0.0221930193	-0.0372762879	0.090463891	-0.0352760637	0.1141240902	0.0222158639	-0.0090289766	-0.029510475	-0.045753563	0.0857274873	0.143200468	-0.001088018	0.076269349	0.0327804295	-0.0573121792	-0.018263863	0.0687745056	0.0034264595	-0.0638426524	-0.0953179834	-0.0733526932	-0.0009864101581058	0.0167886707070721	9.730050000143091e-07	0.0002818594641105	-0.1066439418763565	-0.0138468364023083	0.0001917348783522	0.0113729303389277	0.0749901394706	-0.0383199661658864	0.00562352101782	0.0014684198069546	-0.0019337152063844	0.0006616718863309	3.7392544994022624e-06	4.378096851608236e-07	-0.0015921350601963	0.0003887127365178	2.534894049906276e-06	1.5109759153123428e-07	-0.0008950428487739	-3.972718109699941e-06	8.011017011412984e-07	1.5782489179137873e-11	0.0	0.0	0.0	0.0	0.0	0.0	0.0	0.0	0.0	0.0	0.0	0.0	0.0	0.0	0.0	0.0
6465.279223698685	16.77703848262263	41799835.44038987	281.46902024740064	5226.842248987268	-7.965879313151163	27319879.895798285	63.45523323168965	4574.675608556541	-0.6704273106433902	20927656.92352216	0.4494727788565288	4501.932646135495	6248.749726495387	1.459846	39.452122	0.3879872179151133	0.2128445741766658	0.0173421572	-0.0008962571	0.0935413077	0.0272826333	-0.0018105729	-0.0490677724	-0.0652414367	0.0247397892	-0.0344275544	-0.0782044732	-0.0312239727	-0.114014986	0.0121058796	0.0600479263	0.101057158	0.0440520275	-0.0416381056	0.1082797027	0.0167269438	0.1006653952	0.06164811	0.0215999665	-0.0838062983	-0.0489751096	0.0493625337	-0.216204524	0.0212313398	-0.0261128951	-0.000355095	0.0174867993	0.0748022306	-0.0898909625	-0.0502738471	0.0097296728	0.0024414224	-0.0945153126	-0.0039568018	0.0123206372	-0.0772210134	0.1458555096	-0.0596578275	0.0173198278	-0.0004633237	0.0307417147	0.0726807364	0.0684523973	0.0083306241	0.0969978769	-0.0435440858	-0.0415818193	0.047263061	0.0725919053	0.0784566658	-0.1117595515	-0.0937621889	-0.1009122782	-0.0775960204	-0.0384769559	-0.053647199	0.0376763524	0.0533486292	-0.0287058987	-0.0183475724	0.0031911884	-0.0100215625	0.0582392141	0.070595286	0.0604822176	0.0059132228	0.0001449438	0.0448958967	0.1098649842	0.021636442	0.0297732848	-0.0539393567	0.1401961678	0.0290037202	0.0327189615	0.0376769931	-0.0757208008	0.0230304593	0.046891506	-0.0312994589	0.0293660045	0.0484032764	0.056688819	0.1411311629	0.030773336	0.0450073439	-0.0385024065	-0.0980770593	0.0569729616	0.1520910873	0.0916558939	0.0508142798	0.0556473317	-0.0833454714	0.0211905758	0.1514449659	0.0849911896	-0.0551377641	0.0270196012	0.0001429381	0.0028159244	0.0343615835	-0.0736714198	0.0319273276	0.0228929684	0.0195475381	-0.1520555674	0.1164086259	-0.0329913761	-0.0107875267	-0.0666041133	0.1250495831	0.0430987331	0.0298349622	0.0484892568	0.110710438	0.1557591696	-0.1699102054	0.0008173696	-0.0129499223	-0.0881548217	0.0313376675	0.0311734955	-0.0369073954	-0.0543580053	-0.0167498589	-0.0896167511	0.0735462189	-0.0446063831	-0.0119218314	0.0628530921	0.0867067342	0.0831125094	0.0219142713	0.0219663235	-0.0012391946	-0.1293790418	0.0631802971	-0.0685120168	0.0241971842	0.0452683377	0.0177745538	0.0610755051	0.0009823354	0.0334646383	-0.1732091378	-0.0601189843	-0.0479119557	0.0622601931	-0.0981317737	-0.1028017984	-0.0175341323	-0.0091778371	0.0327910898	-0.0925475929	-0.0768108082	0.1596833213	0.0949170716	-0.0150105846	-0.0874881257	-0.0281372244	0.2900554938	0.0254553347	-0.0049106538	0.0022623117	0.0338705359	0.0077929047	0.067815642	0.000685433	-0.0668428233	-0.0955538639	-0.0687745056	-0.0659361551168729	-0.0649497449587671	0.0043475765515963	0.0042184693702088	-0.1407224936322535	-0.034078551755897	0.0011613476897793	0.0198028202140796	-0.1025460357796816	-0.1775361752502816	0.0105156894541277	0.0315190935224986	-0.0013190014459452	0.0006147137604391	1.7397648144055284e-06	3.778730072733021e-07	-9.430247965847016e-06	0.0015827048122304	8.892957669736179e-11	2.504954522657433e-06	-0.0008640065024402	3.103634633370002e-05	7.465072362589472e-07	9.632547937453743e-10	0.0	0.0	0.0	0.0	0.0	0.0	0.0	0.0	0.0	0.0	0.0	0.0	0.0	0.0	0.0	0.0
6471.547630201978	6.268406503292681	41880928.72997284	39.29292009052197	5260.061097773799	33.21884878653054	27668242.7523133	1103.4919147023818	4584.357639134513	9.682030577972	21016334.963490967	93.74171611278484	4509.3485242387205	6247.81608123266	1.390146	37.568501	0.2127262178653502	0.111377340231268	-0.0080675133	0.1455582783	0.0196127351	0.1608387977	-0.0831882414	-0.0146905881	0.0678234288	0.0572893998	-0.0718604276	-0.1067318885	-0.0383862344	0.028305873	0.0525589829	-0.1525028767	0.1129757691	0.0265232521	0.0359359569	-0.0327894652	0.0448876896	0.0724181439	-0.0104082862	0.1531046415	0.0091777567	-0.0920373219	-0.00959546	-0.1145563491	0.07526883	-0.1176898384	0.1650950491	-0.0572498132	-0.0297174664	-0.0082835399	-0.052632056	0.0119181452	0.0155768082	-0.0664375452	-0.0519348518	0.033427296	-0.050815106	-0.0043311472	-0.0616514329	-0.0802690147	0.023127108	-0.101960044	0.0507052285	0.0537018297	0.0061571597	0.1266842535	0.061401405	-0.0896791361	-0.043194985	0.0111844806	-0.1128301443	0.0242936628	-0.093607067	-0.0011581841	0.1402445483	-0.0518470187	0.1031556361	-0.1170595422	-0.0767106436	0.0424485851	-0.001965679	-0.002758901	-0.0184270339	0.0186259196	0.1158130306	-0.0197277414	-0.0252176719	-0.0488338504	-0.0015910061	-0.0348441223	0.0043277384	0.0913561643	0.0312402526	0.1353425872	0.0375452083	-0.129354603	0.0561057084	-0.0160782884	-0.0023975035	-0.0239816288	-0.0237935765	-0.031966563	-0.0568400511	0.0580078214	0.0506768987	-0.0317074573	-0.1033933245	0.0056812721	-0.0373104372	-0.036017629	0.1077969231	0.0902831012	-0.110358419	0.1670256617	0.0778993202	0.0048434438	0.0473398898	0.0329138955	0.0313163557	0.0820936787	0.0417128989	0.0503489673	0.1052076843	-0.0024754712	-0.0224362812	-0.185311365	-0.1190768576	-0.0095092968	0.0066644034	-0.0190619246	0.0106326342	0.0434372498	0.0723430643	-0.0163837326	-0.1577855803	0.047040572	0.0323866707	-0.0132592832	0.0437116867	-0.0911445606	-0.0017002006	-0.0524561409	0.0895122651	0.079883903	-0.0486011619	0.0785141762	0.0312737401	0.1110598186	-0.0639863218	0.0133889966	0.0257397189	-0.1156621974	-0.0566571116	0.0989578221	0.0546036086	-0.0340673758	-0.0902141225	-0.0675721243	0.07602926	0.0243563278	-0.0622209436	0.0073382815	0.1704040447	0.0169174166	0.0400784479	-0.0103873549	-0.1560139873	-0.0708383131	-0.1377804913	-0.1485931341	-0.1436861518	-0.0157776324	-0.0489382593	0.0764181626	0.1724945559	-0.0743086913	-0.1467219687	0.0840346627	0.028715223	-0.0396080225	-0.0194177643	-0.1174688753	0.0057788871	0.053096487	0.1391503267	0.0075395011	-0.0968106605	0.0042757882	0.0668428233	-0.0020561578	-0.0697192167	-0.0954752155	-0.0638426524	-0.0895473435612075	-0.0236111884443346	0.0080187267388689	0.0005574882197538	-0.0843344517938788	0.0563880418383747	0.0031796112623662	0.007112299759374	-0.009593497860223	0.0929525379194586	9.203520119410328e-05	0.0086401743056683	-0.0010118586510339	0.0003071427949113	1.0238579296721435e-06	9.433669646592493e-08	0.0002540507718942	0.00026348101986	6.454179470003884e-08	6.94222478264905e-08	-0.0010888716809325	-0.0002248651784923	1.185641537536768e-06	5.056434849837396e-08	0.0	0.0	0.0	0.0	0.0	0.0	0.0	0.0	0.0	0.0	0.0	0.0	0.0	0.0	0.0	0.0
6440.427753126327	-31.119877075650948	41479109.64323983	968.4467492036254	5203.103908962674	-56.95718881112498	27072290.28746265	3244.1213572661404	4577.393118709466	-6.96452042504734	20952527.76320877	48.50454475090158	4502.894741292143	6131.677147954147	1.575714	42.583454	0.3458616072306297	0.1646673485387097	-0.113189332	0.0038382515	3.96924e-05	0.0542790152	0.0348313276	-0.0844517715	0.065545307	0.0349873552	-0.0641845306	0.0260342962	0.0579020849	-0.1120524925	0.0219075831	-0.0226193097	-0.0758125361	0.111431978	-0.0245950346	-0.0240089549	0.0713676587	0.0516552894	0.0193945006	0.0452235216	0.0816400872	0.0098961638	0.0198539478	-0.0843124965	0.0942595188	0.0059924093	0.0795739292	0.1517151576	0.1156308735	0.0834176306	-0.1137189108	0.0222808953	-0.0537209622	-0.0744571911	0.1330011227	0.0092098618	-0.0428366443	0.0963942605	0.0427014287	0.0010029812	-0.0751461642	-0.0057808776	-0.0737937462	0.0125329355	0.1200269645	-0.0782158703	-0.1958120056	0.0437847655	0.1764454809	-0.0132427446	0.1186582586	0.0312492416	0.0973908788	-0.0250884607	-0.0366786806	0.0594127705	-0.0629690593	-0.0618714436	0.0010361093	0.1045579103	-0.0221291744	-0.0108986336	-0.0087288647	-0.0216248159	-0.011242944	0.0405897278	0.0461478301	0.0483242344	-0.0263632521	-0.0520945078	0.2087998328	-0.0218383149	0.0763907042	0.0121250103	0.0454547096	-0.0146181578	0.0103066964	-0.0230626104	-0.0050328727	0.0054472446	-0.1162588475	0.0295010968	-0.0492325884	0.0801843955	0.0367952979	0.0121214189	-0.0702829283	-0.0235947126	0.0544049688	0.0296391475	0.0531116606	-0.0527238697	-0.0570796221	0.048037983	-0.1254135546	-0.1737806587	0.0875214307	0.071622015	-0.0912165118	-0.0901527148	0.0602282471	0.0754397197	-0.0254569512	-0.1135121336	0.053224674	0.0783967896	-0.0612725928	-0.1104844272	0.048688934	-0.0007875928	-0.150725043	-0.089277963	-0.0631596924	0.0661344705	0.0786395924	-0.1074127454	0.0163986984	-0.0298417578	-0.0396519667	0.0419073209	0.1559337856	0.0501797409	-0.0641624284	-0.075127739	-0.0664800956	-0.0323487523	0.0482871665	0.0532994121	0.0398468449	-0.0201059432	0.0392057744	0.0041969689	-0.0008534313	0.0519273459	-0.0382206015	-0.1141639855	-0.0763418553	-0.0424922692	-0.1156689669	0.1250707565	0.1898004661	0.0759750564	0.009486744	0.0816078196	0.0975906261	-0.0400157674	0.0201371063	-0.1004287162	0.0244844545	-0.149246119	-0.0378915289	-0.0711215604	-0.0379294168	-0.0533873184	-0.1632755594	-0.1453648809	0.0013959697	0.0707178752	0.0400690261	0.016123995	-0.0839477467	-0.0110169786	0.1197337056	-0.1241302154	0.0293740669	0.0102457706	0.2281910797	-0.0706106251	0.0658562496	-0.0047960562	-0.0724665061	-0.0950822971	-0.0585824951	-0.0409031998391213	0.0486441437220862	0.001673071757079	0.0023662527184549	0.0485877368950156	0.1329221886888944	0.017668308245846	0.0023607681765792	0.0344979128986011	0.0440914107588241	0.0011901059943594	0.0019440525027033	-0.0003948607653683	0.0006169978856656	1.5591502402723966e-07	3.806863909158208e-07	-0.001099874292862	-0.0013539250647562	1.2097234600986846e-06	1.8331130809750807e-06	-0.0006557173501378	0.0004331543307946	4.2996524327173837e-07	1.8762267428620438e-07	0.0	0.0	0.0	0.0	0.0	0.0	1.0	0.0	0.0	0.0	0.0	0.0	0.0	0.0	0.0	0.0
6490.491204822131	50.06345169580436	42126476.07987344	2506.349195698137	5258.323895489728	55.21998652705406	27649970.189878263	3049.246912048032	4593.022607545669	15.629488836203564	21095856.67342562	244.2809212810118	4518.8961583904975	6361.752861816691	1.949741	52.691483	0.7680788551428233	0.4016402468397773	0.0621033453	0.086569741	0.0443412373	0.0771421168	0.1065168532	0.1034204779	-0.0332129623	0.0889545146	-0.0365693198	-0.0156485754	-0.0616395658	-0.1224929083	-0.047003746	-0.1581427398	-0.1079498838	-0.0863974849	0.040726506	-0.0591628777	0.0288303315	-0.0369279635	0.18835045	-0.2584539495	0.1463533497	-0.0893673593	0.04768824	-0.1221771073	0.0160947402	0.0621561641	-0.0726139945	-0.093886312	-0.0140661749	0.0002467621	0.0794869479	0.0282795253	-0.0619653372	-0.0476343268	0.0478303959	0.0136483175	0.0245730012	-0.1785051463	-0.0917555603	0.0312377838	-0.0053985304	0.0514844057	0.0717005122	0.0724705225	-0.0801092563	0.106989393	0.0338268545	0.0608994378	-0.0775183787	0.1022417263	0.0139172361	0.0739061735	0.1049419901	-0.1010108328	-0.0240910772	-0.0991277837	-0.0204517774	-0.1190968935	0.1762249404	-0.0428150784	0.0697831263	-0.0463196928	0.0694134018	0.0240283399	0.012811387	0.0063365611	-0.072650043	0.0202224122	-0.0795593735	0.0021245081	-0.0449283847	-0.049285136	-0.0467545174	0.0962461235	0.1112055921	0.0502874835	0.0321580292	0.0176057276	0.0185746829	0.0092456566	0.0866061568	-0.0461922023	-0.0502360665	0.0153813162	-0.017128906	0.1851963611	0.1724679096	0.2947499326	0.0611178736	0.0935981292	0.085224258	0.0364465682	-0.004460858	-0.0320297882	0.0489482942	0.0496835498	-0.0381694843	0.1105664176	-0.0944464633	-0.0269926914	-0.0380080753	-0.0708185941	-0.0904870125	0.1076481114	0.1364831735	-0.0816526853	0.0964865591	0.0285315679	0.03882	-0.0306718632	0.0126149617	-0.0014750532	0.0625392747	-0.050014758	0.0452147173	0.0341547587	0.048564796	0.1189151929	0.0845480297	-0.0906889128	-0.0005597278	0.1135709678	0.0445592201	0.0059429491	-0.0209848257	0.0843432342	-0.0363579115	-0.0585391627	0.1602770622	-0.0424392305	-0.1037141333	-0.0624613615	0.0217783344	0.0769855181	-0.0753236726	0.0420742275	0.1186038892	-0.0128694311	0.135304269	-0.0498643615	0.0629633669	0.0126543271	0.0335125974	0.0410457003	-0.1198115249	-0.1798384815	0.0814821973	-0.0215857437	0.0398061374	0.1102225566	-0.0844461473	-0.0517765756	-0.0585985392	0.0151676423	0.1113941596	0.2109884372	-0.0446224273	0.0336244735	0.0862137336	-0.0250738387	-0.0122174108	0.0719645947	0.0845393467	-0.1454126542	-0.1390112322	0.0810318787	-0.1138339653	-0.1900403339	0.0648561241	-0.007532007	-0.0750796043	-0.0943764019	-0.0530210836	0.1457626931431406	0.1866658929822619	0.0212467627123413	0.0348441556028652	-0.1878393248443046	-0.2364270617393202	0.0558977555226883	0.0352836119579641	-0.2244769342094201	-0.2589748471080212	0.0503898939920603	0.0670679714346229	0.0002069810031858	0.0006018417685541	4.2841135679800155e-08	3.622135143763269e-07	-0.0015991320700738	-0.0004992577772117	2.5572233775385167e-06	2.492583281064672e-07	-0.0012748388706363	-0.0006191215204984	1.6252141460852367e-06	3.8331145714437444e-07	0.0	0.0	0.0	0.0	0.0	0.0	0.0	1.0	0.0	0.0	0.0	0.0	0.0	0.0	0.0	0.0
6458.437276584634	-32.05392823749753	41711412.05557794	1027.4543154546416	5229.459425184462	-28.864470305265968	27347245.879650604	833.1576460035808	4588.059498821121	-4.963108724547965	21050289.96472272	24.632448211684125	4516.273152569018	6332.7333558903965	1.221563	33.012562	0.1979541729807403	0.1239269099275568	0.0491400571	0.0325919486	-0.0782274572	0.0768776552	0.1243984944	0.1172381058	0.1213978686	0.0197051338	0.038673917	0.0821405084	-0.0622156981	-0.0686455484	-0.0886156219	-0.1060274356	-0.0791077688	-0.0906878084	0.0135466994	-0.1602199249	0.0418266973	-0.0006252449	0.0807552655	-0.1070086249	0.0945583013	0.0600723335	0.0068703803	0.0538035841	-0.046622271	0.0713690704	0.1007380917	0.0256173762	-0.0617164077	0.0983145608	0.03824375	0.0976633145	-0.026772831	0.0490192989	-0.0038854633	-0.0589545012	-0.0767918953	0.0696482046	0.0692364293	-0.0052990092	0.0280801208	0.0635197586	0.0320828466	0.1203952806	-0.0256863707	-0.0214146546	-0.094755291	-0.036063262	-0.0936383901	0.0633185342	0.0794069479	-0.0090722444	-0.021000074	0.1086361506	0.1811360964	-0.0231698224	0.0978104784	-0.0148179937	0.0774704693	-0.0082605527	-0.0633271023	-0.0767049524	0.0020974432	-0.0288749221	0.0848502472	-0.0304397774	-0.0647228565	-0.0788142304	-0.0501383605	0.0098829568	-0.0890421194	-0.1530762683	0.0932981908	0.0507298101	0.050043221	-0.0194651662	-0.1996308958	0.0332644002	0.1188773033	0.008754323	0.0833285465	-0.0056263625	-0.1587806795	0.0028951537	-0.0473276411	0.0853655974	0.0909791536	0.0751397761	0.1057176968	-0.0063940563	-0.1270934148	0.0350865618	-0.1147717775	-0.061405701	-0.0087328522	-0.0553149641	-0.1014889409	0.0814413357	0.0706976895	0.0261369635	-0.0146299582	0.0997716169	-0.0120416908	0.0003229631	-0.0325112418	-0.092421961	0.0756334792	0.0254058627	0.0643275457	-0.1599179578	-0.0412305337	-0.0042055447	0.1085550609	0.0646471233	0.0407901912	0.092673299	-0.0501566582	-0.0400076717	-0.0451082436	0.0866870499	-0.0603410305	0.0268447927	0.0474092467	0.0267961141	-0.0134236922	0.0497532792	0.0575067278	-0.0120241312	-0.1562858543	-0.1662712688	-0.0254279847	-0.1151583875	-0.0242423981	0.0557157793	0.0643739767	-0.0102949172	-0.0079408676	0.0357927184	0.0745845403	-0.1307269642	0.0947259762	0.0358352516	-0.1122589305	-0.0560706107	-0.1025507011	-0.1559158749	0.1321682785	-0.0263254591	0.1035947702	0.0231774217	-0.1158923542	-0.0097386103	0.0595898914	0.0200945571	-0.0454530472	0.0550726339	-0.0385383296	-0.1282799974	-0.0758306608	-0.0541447263	-0.0549044404	-0.0102480681	-0.0961332072	-0.0390555242	0.0727457086	-0.1041263242	-0.1005163916	-0.0549681367	0.0638426524	-0.0102617584	-0.0775536723	-0.0933598536	-0.0471870168	0.1378004124839407	-0.0079622806591999	0.0189889536807442	6.339791329586888e-05	-0.0732514275176612	0.1145878973266434	0.0131303862137413	0.0053657716333751	-0.1869644065330931	0.037512527676327	0.0349556893102717	0.0014071897326672	0.0002001455997083	-6.835403477500012e-06	4.005826108259505e-08	4.6722740700219245e-11	-0.0019510884872226	-0.0003519564171488	3.806746284972574e-06	1.2387331957222026e-07	-0.0008758013448912	0.0003990375257451	7.670279957132346e-07	1.5923094695277137e-07	0.0	0.0	0.0	0.0	0.0	0.0	0.0	0.0	0.0	0.0	0.0	0.0	0.0	0.0	0.0	0.0
6437.184827486189	-21.25244909844514	41437348.50321839	451.6665926820016	5213.327588116681	-16.131837067780907	27178784.54101849	260.2361671814301	4587.486688323057	-0.5728104980644275	21045034.11554125	0.3281118666928175	4514.993786933131	6083.205406797105	1.323267	35.761101	0.2716290716936348	0.1484933444340829	-0.0562317468	0.0539367436	-0.0820316045	-0.0220513251	0.0178665778	0.0050362557	0.092088558	-0.0345775403	0.0392278481	0.0958734724	0.0287177528	0.0136128286	-0.0540872866	-0.0312640182	-0.004934252	-0.0049300868	0.0275679909	-0.0976046267	-0.0416699507	-0.0305171906	0.012814635	-0.1328685483	0.0098574838	-0.0059747081	-0.0744198018	0.1410078613	-0.076101091	-0.0866359172	0.1269531649	0.0412219737	-0.0033547004	0.024180561	-0.0351178239	-0.0632832675	0.1154654037	0.0308228407	-0.1261888728	-0.0134181549	0.0147496033	0.0854369778	0.0647078828	0.0223490347	-0.1649048334	0.0103244479	0.0862636258	-0.0075184401	0.0550477576	0.0699666151	-0.0030755043	-0.055555752	-0.0328412603	-0.0339736022	0.0321438882	0.0752744805	-0.0547238704	0.0017316805	0.0095820915	-0.0008109446	-0.0938286625	0.0530300544	0.0190912685	0.0132889583	0.0270885453	-0.0619868635	0.0649366399	0.0365727007	-0.0105094164	0.0163574143	0.0823046882	-0.0003698173	0.0124404894	-0.0508102395	0.0329380861	0.057857018	0.0200189843	0.0283354474	0.0610803205	-0.0594694216	-0.0761796475	-0.1513276339	-0.1353458839	-0.0365849596	-0.0105227054	-0.0208409874	-0.0862559596	-0.0533875441	-0.0379052824	0.0025564637	0.0783028033	0.0430405892	-0.0111541722	-0.102284672	-0.1966271373	-0.0350154639	-0.044375327	0.0467982181	0.0223210529	-0.0692329622	0.0790941038	-0.0160432231	0.0539625392	0.0987709362	0.0123736253	0.0070050744	0.1402585505	0.0483284444	-0.0578171884	0.090612074	0.1084605485	-0.0106058678	-0.0699532459	0.0009955164	-0.0417538725	-0.0534222766	-0.0470345562	0.1746217525	-0.0838542563	-0.0317383697	-0.058575553	0.0262303645	-0.0758895733	-0.0834673372	-0.0152097944	0.0019261171	-0.0099563638	-0.0637540992	0.0608212185	-0.0533993704	0.0601606406	-0.0089552409	-0.0158267239	0.0451319988	-0.0106959561	0.0715123286	0.0478029749	0.0072368314	-0.040640752	-0.0714534272	-0.0796779536	-0.0134600042	-0.0500055313	-0.0366709113	0.0544074393	0.0132475566	0.027182233	0.0395106155	-0.0033163838	-0.1377329094	0.0141407496	0.0442220707	0.1589335416	-0.0520166614	-0.0367299963	0.0388595636	0.0710626626	0.026731351	-0.0662358757	-0.1033150548	-0.0025457117	0.0350322921	-0.0336696597	-0.0530675827	0.0175084184	0.002244104	-0.0764407781	0.0804648724	-0.1159564181	-0.1258313245	-0.0223811174	0.1279007906	0.0628160431	-0.0129830636	-0.0798841288	-0.0920359983	-0.0411102958	0.0986282915621643	-0.0391721209217764	0.0097275398964712	0.0015344550575102	0.0099173833541783	0.0831688108718395	0.0069170511018358	9.835449259373284e-05	-0.0770514856207142	0.1099129209123788	0.0059369314363591	0.0120808501834908	-0.0001798298452298	-0.0003799754449381	3.233877323537382e-08	1.4438133875590706e-07	-0.0016649081390183	0.0002861803482043	2.771919111369379e-06	8.189919169833442e-08	-0.0009971499315016	-0.0001213485866103	9.943079858936454e-07	1.4725479472341744e-08	0.0	0.0	0.0	0.0	0.0	0.0	0.0	0.0	0.0	0.0	0.0	0.0	0.0	0.0	0.0	0.0
6428.679964418712	-8.504863067476435	41327926.08491857	72.33269579652469	5165.850160499856	-47.47742761682457	26686007.880736392	2254.106133110816	4577.178613405044	-10.308074918012608	20950564.059012525	106.25640851536065	4502.931556224677	6095.008138434487	1.061243	28.67993	0.2339209513197517	0.1259181438413734	-0.0401404503	0.0744119544	-0.1453245481	-0.0058229297	-0.0348109082	0.0287383218	0.1042470223	-0.0679879249	0.0128844917	0.017633589	0.0686853378	0.0393949282	0.0615248179	-0.0297792853	-0.0291110531	0.0065128594	-0.0500308628	-0.1105392771	0.0356074716	0.0070501768	-0.041075629	-0.0802226444	0.1206034101	0.0669213886	-0.1050728083	0.0410395975	-0.0279747336	-0.0523595053	0.0411123491	0.0275003111	-0.0517886392	-0.0233628407	0.0186541359	-0.114243425	-0.0244572015	0.0892240099	-0.1095174011	-0.0105364271	-0.0927355426	0.0777692351	-0.0283713167	0.006121243	-0.0551564633	-0.0488253553	0.003302881	0.0127447853	0.0230068933	-0.0613158945	0.0525878476	0.0935584848	0.0582528894	0.0712666144	0.0494115188	-0.0494815616	0.0943869611	-0.0307504385	0.0339840312	-0.0730216053	0.0369962929	0.0580603863	-0.014869347	-0.0062149348	0.057421671	0.1059479629	-0.0180822072	-0.0144631301	-0.149337983	0.0149366937	-0.1104510444	-0.0277458218	-0.1036233842	0.0478735062	-0.0724454512	0.1577161501	0.0166457214	0.1030974866	-0.2315031884	0.1644976394	-0.0006122943	0.0717079475	-0.0780427158	0.0603376899	-0.006523881	0.0606620409	-0.0857442037	0.017516296	-0.0439214684	-0.0336936657	0.0364656084	0.0694955176	0.13866311	-0.0879845167	-0.0842166315	0.0081555876	-0.026536267	0.0440655292	0.0019290064	-0.0086697153	-0.0266662135	-0.0591053644	0.0479739671	0.0436097328	-0.1617680329	0.0175111764	0.113357904	0.004260919	-0.0025590922	0.010059025	0.0653675069	0.0083916373	0.0335768536	-0.0294015773	0.0652923139	-0.0736486456	0.0323078184	-0.055212024	-0.0074972071	0.012874653	-0.0880078495	0.0289925865	-0.0604869054	0.0670187046	0.0756206365	-0.0009213405	-0.1323456714	0.0250418905	-0.0623894653	-0.0735741637	-0.0722904299	0.027002348	0.0189519249	0.0109939839	-0.0600002109	-0.0478912006	0.0027624098	-0.1091834629	-0.0267102621	-0.0222616541	0.1033297431	-0.05948494	-0.0165087277	0.1275185303	-0.0461726856	-0.0302363913	0.0336915431	-0.0753614412	0.0367759462	-0.0825315827	0.1404424026	0.0842919154	0.0748950412	-0.1238887933	-0.0388057661	0.0242185066	0.0026980715	-0.0055359399	-0.0860313023	-0.1623729626	-0.0225659946	0.0231167643	-0.0171890583	0.0146663778	0.0282019809	-0.084737997	-0.0426290116	0.0090043454	-0.0286589677	0.0088051456	-0.0879414638	0.1003769254	0.0617765075	-0.0156936827	-0.0820666583	-0.0904091936	-0.0348221695	0.0834779924360447	-0.0151502991261195	0.0069685752211523	0.0002295315636109	0.0507824380857755	0.0408650547315972	0.0016699526982164	0.0025788560179356	0.0114009158286307	0.0884524014493449	0.0001299808817315	0.007823827322156	-0.001382944294695	-0.0012031144494652	1.9125349222294512e-06	1.4474843785119514e-06	-0.0014770865848527	0.0001878215541656	2.1817847791518124e-06	3.5276936209181435e-08	-0.0005990220148786	0.0003981279166229	3.5882737430921774e-07	1.5850583799457038e-07	0.0	0.0	0.0	0.0	0.0	0.0	0.0	0.0	0.0	0.0	0.0	0.0	0.0	0.0	0.0	0.0
6424.704835744936	-3.975128673776453	41276832.22644436	15.801647973079742	5202.674348732277	36.824188232420966	27067820.37895683	1356.0208389767706	4585.88571084094	8.707097435895776	21030347.75289512	75.81354575818278	4513.463907263556	5993.909713190782	1.082269	29.248175	0.2299663868291432	0.1544025325036082	-0.05965843	0.0074685119	-0.1258288626	-0.0700619125	0.0510985253	0.0105954927	0.1131281992	-0.0813902266	0.121689097	0.0259350964	-0.0214166351	-0.0189058981	-0.0312299749	-0.0534979509	0.0587887614	-0.0021446187	0.0072323845	-0.1040196569	0.0032306172	-0.0410849446	-0.0210970726	-0.1187092956	0.0119242551	0.0755067577	-0.0554845947	0.0458553284	-0.033135692	-0.0374284457	0.0670080403	-0.0225824641	-0.1263977403	-0.0100454342	-0.1095180229	-0.1713296816	-0.0564115307	0.0077678312	-0.0488198619	0.0253224843	0.1501182954	0.0988484446	0.1162536356	0.0375791298	-0.0353229162	0.0145041147	-0.0392516025	0.0147637717	-0.0462985464	-0.0462925721	0.0091949016	0.0034014289	-0.0597741517	-0.0708246099	0.0070804817	0.0188955544	-0.0481383274	0.0301183167	0.0166262792	0.0935035023	-0.0309165214	0.012364671	-0.0901930326	-0.0749424777	-0.1467960105	-0.0661543364	0.0448151831	-0.028482806	0.0303868441	0.1000175964	-0.0458777473	0.0417609895	-0.0340948016	0.1223640091	0.0727266603	0.0685079751	0.0923901465	0.019145756	0.0077340204	-0.0424737177	0.0667468579	0.005703581	0.1454152164	-0.0648361574	-0.0058186963	-0.0031375418	-0.0817109448	-0.0371760645	-0.0876207937	-0.0029805416	0.1021595743	-0.0127919274	0.0484424688	-0.0450078687	-0.1054441878	-0.0418976863	-0.0719236602	0.0935247281	0.0094011617	0.0736046348	-0.0208667471	-0.0102604532	-0.1127024045	-0.0230920666	-0.0039490874	-0.0600297097	0.1162062378	-0.1324198686	-0.1249714503	0.0982500789	0.0467118016	0.0443279705	-0.0852966249	-0.0562054683	-0.0329548852	-0.0501991396	0.0619994495	0.0035267286	-0.0392325018	-0.0355601957	-0.0613433381	-0.0316498712	0.012471688	-0.0536146953	-0.0630526061	-0.0448763385	-0.0134380449	0.0672047608	0.0593361251	-0.1467002981	0.1257685497	0.0001243863	-0.043279258	-0.1551587541	-0.0057569227	0.0130436016	0.0383345037	0.0073106865	-0.0925300335	-0.0972123345	-0.0581158574	-0.0300992907	-0.1170377022	-0.0509838374	-0.0339451507	0.0495979222	0.0019892725	-0.0233500835	0.0223621541	-0.0830677573	0.0739150561	-0.0003481339	0.1274379746	0.0359109171	-0.0286631412	0.0489939622	0.0143572905	0.0171719882	0.047457171	-0.1012279877	-0.0488848155	0.0266018332	-0.0566428994	0.0111661437	-0.0850260771	-0.064097685	-0.0229482057	0.0542525967	-0.0468263588	-0.0846513724	-0.0137102313	0.130115637	0.0607242596	-0.0183913846	-0.0840972192	-0.0884847944	-0.0283549738	0.0849167867165192	0.0014387942804744	0.0072108606662588	2.0701289815261285e-06	-0.0833651996427136	-0.1341476377284891	0.0179955887081339	0.0069497565114694	-0.0242011666439339	-0.0356020824725646	0.0005856964669274	0.0012675082763832	-0.0003189735606311	0.0010639707340639	1.0174413238168202e-07	1.1320337229444742e-06	-0.0015869046854442	-0.0001098181005915	2.5182664806847555e-06	1.2060015217524812e-08	-0.0005972534025817	1.7686122969000047e-06	3.567116268954183e-07	3.1279894567459107e-12	0.0	0.0	0.0	0.0	0.0	0.0	0.0	0.0	0.0	0.0	0.0	0.0	0.0	0.0	0.0	0.0
6400.611439083144	-24.093396661791303	40967826.794122	580.4917627024163	5163.636927851924	-39.03742088035324	26663146.32267606	1523.920228989839	4573.810034719078	-12.07567612186176	20919738.233696938	145.8219538001023	4501.006376040324	5994.279031400108	1.062371	28.710421	0.1265987235216297	0.0668231555859174	-0.0461143287	0.0930346456	-0.1490686168	-0.1832354236	0.0246916329	0.0340091994	0.0340439155	-0.2364908373	0.014055046	0.0005545837	0.0195506457	0.0626812617	-0.0405142427	0.0022371393	0.0082606706	-0.0442235305	-0.0731464253	-0.0175772891	0.0220043172	0.0286440972	-0.1326713975	-0.0991862961	0.0434936086	0.1196726121	-0.0006225201	-0.0300937771	0.0002120662	-0.0035617787	0.0103189642	0.0052081493	0.0004994377	0.0716459447	0.0223510487	-0.0049602526	-0.0371307588	0.0349295321	-0.1195988817	0.1510328775	0.0184417245	0.0307099969	-0.0062232521	0.0576717835	-0.0839611655	0.1501962534	0.006784995	-0.1023690223	0.1302360806	-0.027465772	0.0332733781	0.0033902025	-0.036431474	-0.0324408897	0.0927387522	-0.0027431796	-0.1175475795	0.0348045417	0.1084338603	-0.1090136941	0.0168954255	0.0664940976	0.0590499839	0.0956264107	-0.0585205048	0.0045996476	-0.0432244015	-0.0203371079	-0.0838747149	-0.0549151785	-0.0333848942	-0.035084368	0.0567949366	0.0058178378	0.0116951753	-0.0067305698	-0.1134597696	-0.0696138015	-0.0272164936	-0.1207120133	-0.0609207816	0.0809063962	-0.1031533193	0.059324523	0.0472983888	0.070320927	-0.0043500322	0.0253243434	-0.0527970627	-0.1196932866	0.1052336926	-0.0240602651	0.1173740495	0.0107672567	-0.0234368303	-0.0325159124	-0.0020550155	0.031114983	-0.029399028	-0.01270373	-0.0455305936	0.0512015363	-0.0059751684	-0.0111295197	-0.0572684315	-0.1478975414	0.045039092	-0.0956345655	0.0460353287	0.0252755994	0.0751699087	0.0321530848	-0.0267355685	-0.0220630916	0.0797425125	0.0404774704	-0.0322289518	0.1707519603	-0.0874427533	-0.0382703513	-0.0208024251	-0.0685062429	-0.1456687096	0.0223661335	0.0104458479	0.0439471944	-0.029070668	-0.0722910735	0.0079784807	0.1037111606	-0.046613261	-0.0393435763	-0.0856316258	0.0295383413	-0.114121871	-0.0604629139	0.0182991699	-0.0225195435	0.0520935448	0.0421353225	-0.0255086982	-0.0760014706	-0.0159869631	0.109383864	-0.0503774392	-0.0918795838	-0.0319812088	0.0129644805	0.007874523	-0.1179670164	0.0787848601	0.0357333953	0.1097620072	-0.0222746018	0.0431832947	-0.0187477729	-0.0287825816	0.0106426662	0.0830224062	-0.1779545125	-0.0826908529	-0.1271783887	0.0651428864	0.0753579033	0.0116240411	-0.0545370698	0.007535051	0.0080147198	-0.018175453	-0.0317727912	-0.0420753463	0.0572968251	0.0596595157	-0.0210739489	-0.0859720514	-0.0862691351	-0.0217419657	0.0914554031766954	0.0065386164601762	0.0083640907702119	4.2753505213287135e-05	-0.0250757066828128	0.0582894929599008	0.0033976649895223	0.0006287910656424	-0.0378778657303513	-0.0136766990864173	0.0014347327122865	0.0001870520979004	-3.9795411574892895e-05	0.0002791781490562	1.5836747824151192e-09	7.794043891044978e-08	-0.0014239799228532	0.0001629247625909	2.0277188206890056e-06	2.6544478265333696e-08	-0.0011170287912372	-0.0005197753886555	1.2477533204528403e-06	2.7016645465197613e-07	0.0	0.0	0.0	0.0	0.0	0.0	0.0	0.0	0.0	0.0	0.0	0.0	0.0	0.0	0.0	0.0
6404.54723951594	3.935800432795986	41018225.34319125	15.490525046797073	5170.043611201533	6.406683349609011	26729350.94172579	41.04559154215734	4573.944581227646	0.134546508567837	20920969.03214175	0.018102762967795	4499.687740305955	5859.89618305538	1.074015	29.025101	0.135305363597283	0.0770747445626252	-0.0456730292	0.0675749793	-0.1072863901	-0.2139409317	0.0527974307	-0.0174132535	-0.0429345463	-0.0938583883	-0.0199308211	0.1493710617	0.0489837285	-0.2020229567	0.0620864481	0.0302589069	0.0366969781	0.0147066836	-0.0573977119	0.0447665751	0.0237526397	0.1592139802	-0.0251995509	-0.129934291	-0.0431012769	0.0359343345	0.0481392781	0.0851554826	-0.066683808	-0.0085414421	0.0674593122	0.1791096354	0.0235708406	0.0533609266	-0.0260730511	-0.0521955149	0.0542683954	-0.0726671402	0.0085609679	0.0501928014	0.0650891046	-0.0518002558	0.0919626037	-0.035769456	0.0961221733	-0.0147375636	0.0112652239	0.0364496047	0.1594882951	-0.0776084173	0.0135850288	0.0047552581	-0.015324321	0.0259419618	0.0574862897	0.0216305234	-0.0948911549	0.0537896134	-0.0413433003	0.0562485557	0.0637406533	-0.0234435125	-0.0468628868	0.0512743248	0.1061490247	-0.0090621283	-0.0466903957	0.1320111642	0.0327637005	-0.0616791049	-0.0087443791	0.0791881613	0.0609519016	0.0043539429	-0.0263663187	0.0635468304	-0.232782973	0.0612471123	0.0393931356	0.153226773	-0.0633801453	0.0290537973	-0.1139784603	-0.047433857	-0.0107147158	0.0483208625	0.017889453	0.0570858027	0.1233244239	-0.0523871668	0.1425443693	-0.0448785491	0.004164815	0.0534323654	-0.1327293366	-0.0555980063	-0.050760014	0.035847878	-0.1268408332	-0.0656935368	0.0183407107	-0.0487142299	-0.0579321432	0.0838793809	0.0231041246	-0.0399264634	0.0614966539	0.0018567235	0.0271226592	0.0201761987	-0.0466819125	0.0693219702	0.0029427337	0.0200278175	-0.1431315583	0.1357814994	-0.0873247202	0.0132607066	-0.0509428659	0.0163145779	-0.0712441213	-0.0210854022	-0.0792412656	0.0750135885	0.0608584953	-0.0626449524	0.0103998654	0.0542403867	0.01208634	0.1151464828	-0.1741883979	0.0731256914	0.1032613438	0.0394275605	-0.0758088305	0.1427442407	0.008659368	0.1225563783	0.0814906708	-0.0005734555	0.1186539916	-0.0690947108	0.0992904714	0.0817494213	0.0455747961	-0.0123162874	-0.0837856154	0.0072395561	-0.0155965321	-0.1101991376	0.0337332731	0.016344231	0.1239813085	0.0439318007	-0.0152620449	-0.0968837041	-0.0265990292	0.0058733124	0.0311113622	-0.0789066591	0.0290684782	0.0326209386	-0.0229834279	0.2135777067	0.001028434	-0.0124400547	0.0838792055	0.1336496674	-0.0547035849	0.014280044	0.0772663032	0.0361173031	0.0585824951	-0.0237391677	-0.0876876832	-0.0837695089	-0.0150171519	0.0853307913491363	-0.006124611827559	0.0072813439522698	3.751087003827673e-05	-0.0882625739198061	-0.0631868672369933	0.0039925801912254	0.0077902819549492	-0.0695365499127973	-0.031658684182446	0.0048353317737749	0.0010022722841638	0.0002970035364215	0.0003367989479963	8.821110064687729e-08	1.1343353137147697e-07	-0.0017561707961486	-0.0003321908732954	3.084135865245208e-06	1.1035077630076049e-07	-0.0011347429769511	-1.7714185713900042e-05	1.2876416237398448e-06	3.1379237550654027e-10	0.0	0.0	0.0	0.0	0.0	0.0	0.0	0.0	0.0	0.0	0.0	0.0	0.0	0.0	0.0	0.0
6451.6895656641045	47.1423261481641	41624298.25169908	2222.398914659877	5232.352164487485	62.30855328595226	27377509.173216872	3882.355812588352	4584.265494175641	10.320912947994657	21015490.121089432	106.52124408008376	4509.616813394155	6041.821185038943	1.056338	28.547382	0.0539512214729	0.0319801719285552	-0.0365325718	0.0494387529	0.0236677569	-0.1182641198	0.0369727556	-0.0344011997	-0.0692411546	0.0267658432	-0.014205286	-0.0114430699	0.0856174767	-0.0726731769	-0.0173074172	0.0668375986	0.083629762	0.0206804281	0.0016927851	0.0857773555	0.0428102175	0.0699552399	0.0129937251	-0.1050784264	0.0547221894	-0.0338604546	-0.0322747994	0.0713949192	0.0599683175	0.0296167553	-0.036577936	0.0701196471	-0.0746448889	-0.1211581696	-0.1279053792	-0.0495568663	-0.0901444698	0.0514305732	-0.0610409296	0.0643700638	0.1076076926	-0.0191685055	0.0278029589	-0.0216606725	0.022580094	0.0483437195	-0.0623173306	0.0217046334	0.0815566129	-0.0273848251	-0.0551525159	-0.0657889257	-0.0064019383	0.0488510049	0.0249015536	0.0120186032	-0.0466833075	0.0190081606	0.0752448418	0.002946698	0.0336528645	-0.0175968818	-0.1240860172	-0.040727636	-0.0675065218	0.0990546011	0.0072495877	0.0585716652	0.0135731605	0.0601145307	0.0002024033	-0.0789443601	-0.0086441712	0.0358777852	-0.0914216703	0.004338886	0.0015325827	0.0977536767	-0.1017792303	-0.0396351934	-0.0824563598	-0.0533358061	0.0087964164	0.062684515	-0.011875951	-0.0034787475	0.047143927	0.0634210093	0.0784192236	-0.0115507385	0.0256093798	0.0810627364	-0.0139240308	-0.0104351931	-0.0829591563	-0.122871035	0.0297413157	0.0484259582	-0.1246416464	0.1521793403	0.0499803444	0.0793071112	-0.091276132	-0.0319742248	-0.0957176234	-0.0688268378	0.048474621	-0.0603249594	-0.0293036039	-0.0568709435	0.0647633078	0.0156725853	-0.0329844257	-0.0740514273	-0.0560126641	0.0070231935	0.0098303893	0.0054335164	0.0197853901	0.0195306513	-0.0222811336	-0.0902784155	-0.008956987	-0.0020803801	0.0127609641	-0.0743779782	-0.0419981356	0.0602509083	-0.0019140673	0.0317340411	0.0668974597	0.1140904297	-0.0036729229	-0.0650774318	0.052648817	0.0519415321	-0.0014985687	-0.0665177618	0.0156952442	0.0272747043	-0.0120765298	0.0176704396	0.0510667369	-0.0189590882	0.0416210967	-0.1221377943	-0.0392357284	-0.007867976	-0.0054133939	-0.1075765653	0.0420136624	0.0385990824	0.0871486098	0.013174682	0.0460972485	-0.0816595576	-0.0139552066	0.0326089896	0.1062649657	0.0184390527	0.0032157821	0.1150933963	-0.0235466472	0.0886787755	-0.0529353926	-0.0061282238	0.0781294161	0.0959822246	-0.0474287738	-0.0496670623	-0.0188168389	0.0188137389	0.0574934194	-0.0263848473	-0.0892409375	-0.0809941435	-0.0082151139	0.0830484434906253	-0.002282347858511	0.0068970439662155	5.209111747249759e-06	-0.0835731322979853	0.0046894416218208	2.1990862724465348e-05	0.0069844684420965	-0.0545930900764091	0.0149434598363882	0.0029804054840909	0.0002233069918817	-0.000179866785734	-0.0004768703221555	3.2352060610280664e-08	2.2740530415269038e-07	-0.0017179112627869	3.825953336169998e-05	2.951219106810081e-06	1.463791893055034e-09	-0.0010091533893447	0.0001255895876064	1.0183905632258957e-06	1.5772744515145652e-08	0.0	0.0	0.0	0.0	0.0	0.0	0.0	0.0	0.0	0.0	0.0	0.0	0.0	0.0	0.0	0.0
6448.957191205046	-2.7323744590585197	41589048.85399528	7.465870184515336	5268.013493064598	35.66132857711273	27751966.16311067	1271.7303558847968	4588.049271884408	3.783777708767048	21050196.121239047	14.316973749362408	4514.514530164262	6096.492479849553	1.061742	28.693419	0.0731271148568385	0.0448567099592866	-0.056948105	-0.0252962169	-0.0825294156	0.0104614792	0.0550096851	-0.0112787726	0.0735201721	0.0630053859	-0.0517933142	0.0454945798	-0.1001895234	-0.0660450328	-0.011954524	-0.0205963063	-0.0396053089	0.0143091033	0.0294355642	-0.0901210503	0.0275477315	0.0171365096	0.0832874485	-0.0871060947	0.0211681886	0.074826536	-0.0451715081	0.017164386	0.036936682	-0.0497872796	0.0402625779	0.0263542374	-0.0894600545	-0.090205451	-0.0097605469	-0.0613149619	-0.017780503	-0.1416302185	-0.1302447235	0.0188978778	-0.0544392952	0.0290249992	0.0062163726	0.0059515334	-0.0355737724	0.0516649996	0.033211571	0.0560151095	0.0218961703	0.0309392	-0.0962183712	-0.0666455486	-0.0492849464	0.0167795704	-0.1668552661	0.090497968	-0.0338057575	-0.0921811014	-0.0844153314	-0.0764135229	-0.0208702452	0.0024697475	0.0007945327	-0.0049925934	-0.0206134829	0.0202126072	-0.086159889	-0.0144326376	0.0483992702	-0.0155103307	0.0434008464	0.1511722079	0.0451535889	-0.0994240274	-0.0007978435	-0.034114847	-0.0007731608	0.0273287251	-0.1019911048	0.0860795246	0.0649665389	0.0430864295	0.099199182	-0.0026486414	-0.0238096818	-0.0268705797	-0.0789346015	0.0175531224	0.0081492734	0.0880056304	0.0841324074	0.0333447875	0.081695951	-0.0257977185	0.0177079683	-0.0596556311	0.0214404688	0.0712199793	0.0100829889	0.0358518867	-0.0277360711	0.0113360225	-0.0658681361	0.1803180666	-0.0753247323	-0.0234967543	0.0813733868	0.0210494207	-0.0676295897	0.0050215385	-0.0294041453	-0.0208046802	0.0408533697	-0.0239159503	-0.0371922806	-0.0672891251	0.0261522684	0.0810137273	0.0128748694	-0.0435193563	0.0230657417	-0.0095704952	0.0814720173	-0.1265834468	-0.0204344699	-0.1050907834	0.0641024634	-0.0017532508	-0.08456422	-0.0002560222	0.0915200661	-0.035794399	0.0103684747	0.0774106405	-0.0496470545	0.12642983	0.0338843991	0.0245698014	0.0339754497	-0.0327874677	0.0376096873	0.1021747736	0.0308325108	0.0053099786	-0.0820749923	0.0638283142	0.0270812265	0.1373898882	0.0198248721	-0.0623791292	0.0824792791	-0.034425957	0.1317143651	0.0767218002	-0.0730782499	0.006349293	-0.0484054364	0.0312677718	0.0871936202	-0.0242096649	-0.0311772866	0.0715901045	0.0098056241	-0.0277724782	-0.051863372	0.0094900581	-0.0273336787	-0.0041585775	-0.0912033975	-0.2048050466	0.0148061234	0.0560909463	0.0563925126	-0.0290088101	-0.0906289382	-0.0779521747	-0.0013708306	0.075946848984131	-0.0071015945064943	0.0057679238706184	5.043264453467013e-05	-0.1258729989267379	-0.0422998666287526	0.0017892787168102	0.0158440118588105	-0.0569331513873407	-0.0023400613109316	0.0032413837268938	5.475886938918939e-06	-0.0004489479067536	-0.0002690811210196	2.0155422297843914e-07	7.240464968916463e-08	-0.0018757765030334	-0.0001578652402465	3.518537489332211e-06	2.4921434078085193e-08	-0.0010099188762918	-7.654869471000574e-07	1.019936136690492e-06	5.85970266180566e-13	0.0	0.0	0.0	0.0	0.0	0.0	0.0	0.0	0.0	0.0	0.0	0.0	0.0	0.0	0.0	0.0
6441.621793627162	-7.335397577883668	41494491.33213242	53.80805762562159	5214.252382857711	-53.76111020688677	27188427.91213732	2890.2569706770246	4584.731559203527	-3.3177126808814137	21019763.4699568	11.007217432881337	4512.977358457086	6141.6370478643885	1.236498	33.41618	0.1472792293083583	0.0847274168711504	-0.0082231444	0.1346890105	-0.080681109	-0.0362805411	-0.0559520727	0.0235209641	0.0363932687	0.0196767838	0.1321713063	0.034458276	0.0141523255	-0.0535801006	-0.0491567813	-0.0120061915	-0.0303855906	-0.0225791137	-0.0220449165	-0.0894119057	-0.111595513	-0.0412905192	-0.0020575735	-0.1076987726	-0.056430751	-0.0453528812	-0.0385221948	0.055264699	-0.0049475268	-0.0401163935	0.0231889384	0.164050869	0.0672069361	0.0295053983	-0.0216433524	-0.0221007087	0.0259361828	0.0210819955	-0.0771865832	0.1615710628	-0.0238897214	-0.0427419452	-0.087707643	0.0729952463	0.070187303	0.0176271675	0.0297990579	-0.0240904932	0.0209336947	0.0074410912	-0.0041032488	0.0086121499	-0.1035362738	-0.0233328337	-0.13075075	-0.095005326	-0.0139460722	0.0039582407	-0.1284530831	-0.1246468336	0.0494175757	0.0849128984	0.0150102902	0.0437536789	0.0998310489	-0.0597508665	-0.1185730521	0.0243264797	0.0828938828	0.0502914318	0.039612401	-0.0331115441	-0.0757480218	0.0164985763	-0.112783812	-0.0377506472	-0.0134531851	-0.0072363603	0.0390850937	-0.0444016751	0.0817829817	0.0173022547	0.1091908311	-0.0628741697	0.0173678564	0.0319994231	-0.0705164827	-0.13382613	-0.0458433902	-0.0069827077	0.0627805376	0.0336303473	-0.0904647382	-0.0252273037	-0.0720563615	-0.0699565575	0.013615619	0.0464584636	-0.1123398083	-0.0992857993	0.0324633219	0.0037090632	-0.0313981768	0.0456779708	-0.0800384785	-0.1151701414	0.0709154775	-0.0331532574	0.0936210715	-0.0412058816	0.0710110235	0.0075562753	0.0182425288	0.051343348	-0.0075583634	0.0167576803	0.0265939302	-0.0515571267	0.0397314502	-0.0196285685	0.0914753487	0.0127149327	0.0510103948	0.0529790307	-0.1093777045	0.005545908	0.0731495076	0.0094781143	0.0176521439	0.1033001749	-0.1242574396	-0.0458836964	-0.0361322574	0.1622487127	-0.0061893637	0.0214408594	0.0918381755	-0.0506296385	0.1015071353	-0.0128135346	0.0538933875	0.00165451	0.0603854153	-0.1997121467	-0.081108443	0.0956587381	0.0835137392	-0.1062838937	-0.0321877833	-0.1290911012	-0.017281695	0.0949370315	0.0976648854	0.0324989507	-0.0167209635	0.118510661	0.0313157987	-0.0271396813	0.064250215	0.0092427087	-0.0542438945	-0.021605288	-0.0063117741	0.051872604	0.0595421008	-0.0366432365	0.0594968475	0.0240272133	-0.0843578315	-0.0366546522	-0.0298886432	-0.0195059279	0.0552800014	-0.0316088963	-0.091849115	-0.0746536153	0.005480502	0.1000750209000216	0.0241281719158906	0.0100150098081397	0.0005821686800027	-0.1084883777615601	0.0173846211651777	0.0003022250530567	0.0117697281093349	-0.1315677954359273	-0.0746346440485866	0.01731008479587	0.0055703300922592	-7.564874061493309e-05	0.0003732991661386	5.722731956625427e-09	1.3935226743982406e-07	-0.0019669557940362	-9.11792910027998e-05	3.868915095692578e-06	8.31366310777325e-09	-0.0011680762627244	-0.0001581573864326	1.3644021555402015e-06	2.5013758883190776e-08	0.0	0.0	0.0	0.0	0.0	0.0	0.0	0.0	0.0	0.0	0.0	0.0	0.0	0.0	0.0	0.0
6446.194423180598	4.572629553435945	41553422.54144464	20.90894103295581	5183.728445999711	-30.523936858000525	26871040.601866577	931.710721311203	4579.6408662226095	-5.090692980917083	20973110.46357617	25.91515502595846	4504.8042068129	6121.818094352264	0.982304	26.546629	0.2151473056164153	0.112105440125494	-0.0102203353	0.0645544869	-0.0139902539	-0.0559649462	-0.0141726755	-0.0232973245	-0.0326790877	-0.0267135273	0.0833895037	0.1075926842	0.0969639822	0.0696110027	0.053796054	-0.0350152094	0.0178049903	0.0201228636	-0.023083053	0.0339201219	-0.1009689201	-0.0125744488	-0.0676507328	-0.0978273077	0.13029922	-0.0432422878	-0.0784646735	-0.0699332166	0.0099870415	0.0596215858	-0.0364012505	0.1622456463	-0.0277453005	-0.0374840159	0.0348526732	0.0240048659	0.092644475	-0.1176729717	0.0815230614	0.1481584157	-0.0223745134	0.0534950183	-0.004413917	0.0543538069	-0.0682171212	-0.0030606102	-0.0333863616	-0.0539720683	-0.0555299185	0.0075942943	-0.0603875525	0.0485317514	-0.0123682563	-0.0623289602	0.0569493569	-0.0494184462	0.0701153963	-0.0567588695	0.0127779802	0.1177166758	-0.1152310071	-0.101154028	-0.0643729806	-0.026838693	-0.0145925462	0.0473999025	0.0542407952	-0.0617705869	0.1011022191	-0.0200685704	0.0683618274	0.0505181955	-0.0184906778	-0.1312245401	-0.0297077108	-0.0057547165	-0.1571244755	-0.0370654386	0.0058164511	-0.0177262639	0.0882328042	-0.0193319173	-0.0086147741	0.0395610121	-0.015561354	0.019508666	0.062363443	-0.0903037431	0.0036978505	-0.087438952	0.0363913557	0.1605269994	0.090506242	-0.0468007874	0.0357080695	-0.0210183885	-0.0330695649	-0.0311628841	-0.1044398193	-0.0127024868	-0.021381936	-0.0190738615	-0.1187644008	0.1532460251	0.0907679427	0.0086689079	-0.0028505622	-0.1029644201	0.0677233483	0.0214424549	-0.0245940324	0.0527824572	0.0887573615	-0.0108704849	-0.0322795402	-0.048933847	-0.0561195816	-0.0378579933	0.024895407	-0.0723698836	0.0929309927	0.0167562496	-0.0590122112	-0.0267041472	-0.0264177712	0.0540672565	-0.0510513377	-0.1283501956	0.011974705	-0.0128352794	0.0267418396	0.083722711	0.1036943724	0.0278200581	0.0961261377	-0.0049677354	-0.0434320364	0.0055094742	-0.1443327338	-0.017953228	0.0253744577	-0.0176186638	0.0722322522	0.0038768537	-0.1020747123	0.0790446109	-0.0592647675	-0.0152547745	-0.0036784773	-0.0819140278	0.0275740378	0.0291041305	0.0448784947	-0.0889719449	0.0522578856	0.0755479862	0.0589875652	-0.0320032148	0.0832864326	0.0210507703	-0.057001139	0.0628071682	0.0637173264	0.1580473037	-0.0960596635	-0.0148131391	0.0441905716	-0.0097472679	-0.0276521615	-0.0490810576	0.0721084275	-0.0004934433	0.0541561147	-0.0341829659	-0.0928992083	-0.0711093231	0.0123036518	0.0564543846947032	-0.0436206362053184	0.0031870975512575	0.0019027599029567	-0.0463249599609696	0.0621634178005905	0.0038642905126507	0.0021460019153854	-0.0585994851532092	0.0729683102827181	0.0034338996602211	0.005324374305515	-0.0005148251458749	-0.0004391764052599	2.65044930825112e-07	1.9287591493706667e-07	-0.0019021482839325	6.480751010370001e-05	3.6181680940673535e-06	4.200013365841178e-09	-0.0013919911739165	-0.0002239149111921	1.937639428261436e-06	5.0137887454166046e-08	0.0	0.0	0.0	0.0	0.0	0.0	0.0	0.0	0.0	0.0	0.0	0.0	0.0	0.0	0.0	0.0
6464.349458892365	18.155035711766686	41787813.92668201	329.6053216955237	5238.210246220341	54.48180022063025	27438846.583607767	2968.266555280666	4584.1503371280505	4.509470905441049	21014434.31339122	20.33532784701931	4512.157074153185	6132.414722900707	1.059373	28.629402	0.1038771799546926	0.0592364400907177	-0.0472609348	-0.0704649174	0.0263109484	0.0144223341	0.027732635	-0.0801839487	-0.0530973931	0.0756693972	0.0600791273	0.0659797977	0.0479899825	0.0198407078	0.0152516636	0.0623045015	0.0265443356	0.0825412511	-0.0135550898	0.0513205806	-0.1440157407	-0.0465517631	0.0378133777	-0.0134602079	0.0452235899	0.0394338743	-0.0564780348	-0.0015361339	0.0634876021	-0.0624026074	-0.0347364632	0.1091931024	-0.011171476	-0.0759279849	0.0053327425	0.0542672799	-0.0783436884	-0.0337663755	0.0055653872	-0.0640909966	-0.0523596119	0.0105138414	-0.0174355578	-0.1026364018	-0.000879682	-0.0405082442	-0.1531496176	0.0587918799	-0.0336293513	0.0900937248	0.0225887672	-0.0671475897	-0.0737585453	0.0138613493	-0.0309582689	0.0055901151	0.032427976	0.1117990174	-0.062165845	0.0313680237	-0.083168768	0.0130314297	-0.0098502682	-0.0760611171	-0.0586906144	-0.1447719156	0.0998502047	-0.0655804281	0.073998637	-0.0282548736	0.0042151582	-0.0185872662	-0.0620867385	0.0562588104	-4.10078e-05	-0.0697853346	0.0021270117	-0.0641622824	-0.0819948693	0.0452096734	-0.0508027932	0.0748070189	-0.039903625	-0.0247257948	-0.0769827754	0.0046332475	0.0791485319	-0.1408265636	0.0319791272	0.0248500433	0.0030706995	0.0293750636	0.0698708813	-0.0321760301	0.050530791	-0.0548460478	0.0786588434	0.0282492166	-0.0734915817	-0.0372677202	-0.0014955255	-0.0194520906	0.0227715562	0.1175213921	-0.0628302226	0.1018685065	-0.0593172654	0.0480522559	-0.0189511019	0.0487411113	-0.0562973711	-0.0019550455	-0.0398979316	-0.0629193341	-0.0127453226	-0.0898638147	-0.1041858368	-0.0640368037	-0.0183530555	0.1395645096	0.0499173343	-0.0361807292	0.1716200229	0.0053072039	-0.0731196721	-0.0264367263	0.0400311202	0.0013791344	0.0317818269	0.0354165124	0.0815398967	-0.0623247656	0.0827519425	-0.1029770426	-0.0880526591	0.0745355449	-0.1445062749	-0.0312450407	-0.0058283403	-0.0514861413	-0.0518935284	-0.0449504154	-0.0376976842	-0.043641339	-0.0492141966	-0.1715171766	-0.0628260874	-0.0319777607	0.0372477958	0.0029088632	-0.0093606275	-0.0382097896	0.0815489909	0.052695286	0.0300157595	0.1075525375	0.0820718708	-0.0392959288	0.0836091339	0.0166180304	0.0014521626	0.0856970595	0.0699053027	-7.07255e-05	-0.0748242085	0.0635822308	0.0106829021	-0.0499438191	-0.0277911349	-0.1082478214	0.0058585151	0.0487100152	0.0530210836	-0.0367289002	-0.0937772737	-0.0673309646	0.0190635313	0.0293024780839203	-0.0271519066107829	0.0008586352218586	0.0007372260326006	-0.0961067835509084	-0.0497818235899388	0.0024782299599397	0.0092365138445011	-0.0585733049348533	2.618021835590345e-05	0.0034308320509913	6.854038331627838e-10	-0.0007350886521163	-0.0002202635062414	5.403553264701588e-07	4.85160121817553e-08	-0.0021019475838537	-0.0001997992999212	4.418183645268407e-06	3.9919760249001686e-08	-0.0015102737584662	-0.0001182825845496	2.2809268255116217e-06	1.3990769807756885e-08	0.0	0.0	0.0	0.0	0.0	0.0	0.0	0.0	0.0	0.0	0.0	0.0	0.0	0.0	0.0	0.0
6465.902376193872	1.5529173015074775	41807893.53846957	2.411552145321266	5210.194249584057	-28.0159966362844	27146124.11839877	784.8960675242987	4576.816103660642	-7.334233467408922	20947245.646727376	53.79098055446109	4501.601450580283	6214.964556174742	0.894522	24.174335	0.0849384791474579	0.0498465500723157	-0.0298275833	0.0340340462	0.066728366	0.0174176117	-0.0773924033	-0.059814238	-0.048352637	0.0433747824	0.0971166052	-0.01813592	0.0177673518	0.0476829114	0.0228525204	-0.1419429496	0.0400169525	0.050287075	-0.0650761686	0.0905210934	-0.1220340592	0.0017182762	-0.0488620074	0.0326364534	-0.0008944786	-0.0505464332	-0.1138393153	0.0104698165	0.1191335691	-0.0707642387	0.0465148331	0.0607780054	-0.1587682513	0.0640409306	-0.1071373927	0.0520301658	0.0713028101	-0.0922462556	0.0703440491	-0.0317928203	-0.0821267627	-0.0745101865	-0.0954491092	0.0057267978	-0.018498946	0.0977005434	0.0801308852	-0.0044326127	0.001309283	0.0381342647	-0.0761089234	0.0089480593	0.0532601796	-0.0177484709	0.055405805	0.0760498226	0.0471711998	0.1321325785	0.0035823935	0.0370464237	-0.0685038458	0.1359585618	-0.0092543612	-0.0562685897	-0.0124064429	-0.0050863546	0.0196164623	0.0084302205	-0.1570225714	-0.101284696	-0.017972	-0.0137295388	-0.0498485565	0.0492785218	-0.1495682764	0.0582424078	-0.0948551395	-0.0248366155	-0.1079616011	-0.0596463565	0.0764415603	-0.0362085303	-0.0051301076	0.0455142139	-0.0460991003	0.0569916308	0.1024262559	-0.0998066524	0.0582230837	-0.0634624815	-0.0435986054	0.0431389725	-0.0181639719	-0.1082505188	0.0930678757	-0.092641833	-0.0605774738	0.1287493124	-0.024954699	-0.0263034025	-0.1154810568	0.0701748289	-0.0074351698	0.0997907253	0.0196377119	0.1052820313	0.0617006469	0.1337526985	0.1121098637	0.0507098338	-0.0434905333	0.0037041377	0.0397609313	-0.0004830806	0.0172430707	-0.0068222222	-0.2088627432	0.0382567882	0.0389753085	-0.0450374834	-0.0219800433	-0.0381454309	-0.0578572997	-0.0073829645	0.0800469108	-0.0911914445	-0.0125268131	-0.0659149028	0.0417931668	-0.0230295804	-0.0090356675	-0.0419856827	-0.0717385631	-0.0602491437	-0.0702896702	-0.0542606983	-0.018241694	-0.0774759599	-0.048985936	0.0647347855	0.1084232996	-0.0390120152	-0.0778527645	-0.1434954898	-0.1088754308	0.0548063887	-0.0272252786	-0.0981676845	0.0311430173	-0.0293408174	-0.038926571	0.0583751018	0.04196403	-0.0295353916	0.0642394515	0.0834954483	0.0460724757	-0.0308878825	0.091207186	0.0035542009	-0.0833362664	0.0814926825	0.1159200315	0.0230042856	-0.0301076341	-0.0705837229	-0.0033279173	-0.1011662837	0.0070960379	-0.0835839307	-0.0134796831	0.0625756994	0.0518751419	-0.0392446037	-0.0944816852	-0.0633309768	0.0257253786	0.0337930911818347	0.0044906130979143	0.0011419730116237	2.016560599516033e-05	-0.0523478022024761	0.0437589813484323	0.0019148484486524	0.0027402923954295	-0.0519406955367571	0.0066326093980961	0.002697835852842	4.399150742771403e-05	-0.0009709067528911	-0.0002358181007747	9.426599228095394e-07	5.561017665303369e-08	-0.0017932401307871	0.0003087074530665	3.215710166665336e-06	9.530029157886701e-08	-0.0015668737106851	-5.659995221890014e-05	2.4550932252360947e-06	3.203554591181779e-09	0.0	0.0	0.0	0.0	0.0	0.0	0.0	0.0	0.0	0.0	0.0	0.0	0.0	0.0	0.0	0.0
6465.708748832922	-0.1936273609508134	41805389.62473459	0.0374915549087766	5229.956632034867	19.76238245081004	27352446.372965485	390.5517601320845	4582.762739569068	5.946635908426288	21001714.327182587	35.36247862738494	4509.086863497495	6210.173097942186	0.956044	25.836964	0.0502040269044664	0.0271289194400961	-0.0388896612	-0.0636439312	0.0859591681	0.0097571661	0.0111730095	-0.0549110438	-0.0295050912	0.0077998873	0.0224671164	-0.0252339183	0.0474505481	0.141409671	0.0347129275	0.0121662221	-0.0117785683	0.0546431792	-0.0249720208	0.0772676055	-0.0144641778	-0.0914850175	-0.0286833857	0.0732082203	0.0708704117	0.0789495019	-0.0986880159	0.0014800937	0.200378771	-0.0430732556	0.0270094721	-0.035754167	-0.0246053954	-0.0692328753	-0.0622774166	0.0414582513	-0.0238903014	-0.0204567726	-0.0520540119	-0.0880209984	0.0662828679	-0.0012167091	0.1356387032	-0.0080086826	0.0227043297	-0.0089708986	0.0023813381	0.0867424429	-0.007421995	0.0017385675	0.1369317554	-0.0414896181	0.060913907	0.0736831723	0.0495860938	0.0392329979	0.0544605395	-0.0510013309	-0.1256904938	-0.04420066	-0.0211631333	0.0273359096	-0.055707822	-0.0715925807	-0.068434205	0.0297276551	0.110601153	-0.0134798437	-0.0508032824	0.0973431182	-0.046266846	-0.0369209043	0.060698841	-0.0246936057	0.0168676816	-0.0975754402	-0.0824530957	0.0286949317	0.0428402013	-0.0214936254	-0.0243159585	-0.0310331452	-0.0304247666	-0.0064576951	-0.0508027207	0.0209040244	0.1024600172	-0.0321971408	-0.05338146	-0.0013200019	-0.0999159565	-0.0147825948	0.1227515972	-0.0817117533	0.0921574275	-0.1351394319	0.0296131744	0.0855863591	0.0184364463	0.0152607658	0.0639048141	0.0588084598	0.025420602	0.0031081866	-0.0241197199	-0.0106865617	-0.0148987919	0.0439896653	-0.1064032942	0.0338764688	-0.0198648023	0.0428643258	-0.0256760836	-0.0320482371	-0.0302341742	0.0035622007	-0.0021110675	0.0662879932	0.0030866544	0.0632584664	-0.0234112274	0.0990027916	0.1080752588	-0.0092834205	0.052881638	-0.0862436348	-0.1553086245	0.0739148088	-0.0138039037	-0.1626102682	-0.003410562	-0.0979336258	0.0138380115	-0.0455950252	-0.002091246	-0.0724426936	0.0701970338	-0.0014627184	-0.0885392366	0.0005108176	0.0404103146	0.0476765163	0.0634721418	0.0105287005	-0.0363390253	-0.0963742105	-0.0074440304	0.1121511039	0.0492037477	0.0166337603	0.056373641	-0.0624750883	0.0328315713	-0.0653105319	0.1021566349	0.0320715438	0.0458865023	-0.0581210473	0.0767086386	-0.0050505554	-0.0657882572	0.1047366496	0.083291427	-0.0567520424	-0.0332654833	-0.0356023326	-0.1086045003	-0.0358882571	-0.0159003479	-0.0461853577	-0.0100876031	0.0110439123	0.0507185253	-0.0417280058	-0.0950111383	-0.0591225262	0.0322549359	0.0314791143288459	-0.0023139768529888	0.0009909346389285	5.354488876167951e-06	-0.0331069382166049	0.0192408639858711	0.0003702108469227	0.001096069358078	-0.0474977842197006	0.0044429113170565	0.0022560395057812	1.9739460971228723e-05	-0.0012351044592054	-0.0002641977063143	1.5254830251490634e-06	6.980042802173712e-08	-0.0018209165193507	-2.767638856359983e-05	3.315736970444268e-06	7.659824839233595e-10	-0.0017591251107782	-0.000192251400093	3.0945211553704147e-06	3.69606008377572e-08	0.0	0.0	0.0	0.0	0.0	0.0	0.0	0.0	0.0	0.0	0.0	0.0	0.0	0.0	0.0	0.0
6479.347725933583	13.638977100661576	41981946.953560695	186.0216963523709	5273.918006275319	43.96137424045264	27814211.13691504	1932.602425109133	4587.363968619485	4.601229050416805	21043908.18058831	21.17130877439953	4517.5183508485	6349.219519431546	1.409699	38.096909	0.3715940847509287	0.2526419851189077	0.0709459071	-0.0035449692	0.1336024692	-0.0041617922	0.0408030917	0.0847999368	-0.0729154451	0.0251544029	0.012017251	-0.0612406125	-0.0514886643	-0.0674175674	-0.077945464	0.0735309603	-0.049589754	-0.0642401969	-0.0170063124	0.1048684727	-0.0174892126	-0.0452009266	0.0406477624	-0.0384283331	-0.0361731751	-0.042256564	0.1385721764	0.1004051755	-0.0115981967	-0.0035397742	0.0949982892	-0.0073950647	0.0909708656	0.0951935586	0.0529596564	-0.0223344967	-0.0450166951	0.0071812355	-0.0932880382	-0.0265428991	-0.1503115202	-0.0060665688	-0.1099632866	-0.0725573401	-0.0853685407	-0.0235208403	0.0758702539	0.0677952538	0.1320151312	-0.0836819358	-0.0093793157	0.0768906811	0.0055051362	0.0541132621	0.1054900511	-0.006911156	-0.09240884	-0.1955206105	-0.0158202731	0.0611244416	0.0456624039	-0.0642520469	0.1063227504	-0.018629424	0.0410500464	0.0718568037	0.0292552015	0.0121857251	8.4179e-05	0.1229851474	-0.0664500585	0.0147654295	0.1356701227	-0.0273019577	0.0329296965	-0.1131240758	0.0914919279	-0.0775573676	0.0358984498	0.0406064673	0.0927358811	-0.1323331168	0.1588661969	0.0070950507	0.0747505604	0.0016026539	0.0872466491	-0.0222611708	0.003765173	0.0627745738	0.0100145961	-0.0138272616	-0.0813166986	0.1676784796	-0.0637677944	-0.020766088	-0.039103279	-0.0116688509	0.1030524666	-0.1389583631	0.0385881708	0.0586598593	0.0680289121	0.0138563262	-0.1997373589	-0.0386018838	0.0280724077	0.0299215945	0.0870287641	0.070706932	0.0559694709	-0.147794502	0.021911425	0.0731449247	-0.0526726581	-0.0195535515	0.1093598479	-0.0239976989	-0.026470519	0.0034819639	-0.0748435767	0.0993789442	-0.0893530139	-0.0131726887	0.0335462959	0.1000180822	0.0021232299	-0.0200336159	-0.1115716059	-0.0910790374	0.0427470566	0.0096122941	0.0757612512	-0.020508104	-0.0176323226	-0.0172234359	-0.007237789	0.1112737019	-0.025779157	0.0961870001	-0.0863446842	0.2701201467	0.0839381182	0.0687373735	0.0306125743	0.0801485128	-0.0282264574	0.0463767067	-0.0861610087	-0.0430093191	-0.0757320179	-0.0185711936	-0.0159490054	0.0978727156	0.0016187023	-0.0756849807	0.0850040556	-0.0903424763	-0.0501240397	0.0359836873	-0.1009280942	0.0064401331	-0.013000012	-0.1036390085	0.0317376985	-0.035703728	-0.037973695	-0.0198951862	-0.032932804	0.1289524788	-0.046794928	0.0042562292	0.0495514717	-0.0441770624	-0.0953646527	-0.0547194656	0.0386186257	0.0308505459692867	-0.0006285683595591	0.000951756186603	3.950981826389411e-07	-0.1079348033808997	-0.0748278651642948	0.0055992094050458	0.0116499217808734	-0.2748349763033104	-0.2273371920836097	0.0755342641996411	0.05168219890446	-0.0002892560284967	0.0009458484307086	8.366905002168374e-08	8.946292538741104e-07	-0.0021357643255668	-0.0003148478062161	4.561489254363809e-06	9.9129141079091e-08	-0.0016438121648337	0.0001153129459445	2.7021184332552557e-06	1.3297075502399189e-08	0.0	0.0	0.0	0.0	0.0	0.0	0.0	0.0	0.0	0.0	0.0	0.0	0.0	0.0	0.0	0.0
6477.007570623242	-2.340155310341288	41951627.06991079	5.47632687651853	5245.51865935149	-28.3993469238294	27515466.00560465	806.5229057000183	4595.854715857805	8.490747238320182	21121880.569272425	72.0927886650418	4523.065324459658	6333.817438856168	1.20178	32.47794	0.1556902075237908	0.0835811893104717	0.1262512587	0.0939061478	0.0404660162	0.0135514659	0.0642962811	0.1252781307	-0.0388737419	-0.0152104793	-0.1294630914	-0.0412955521	0.044589639	-0.0013236277	-0.0696355513	0.0307593705	-0.0263280871	-0.1143763767	0.0738863839	0.0002626913	0.0764268462	0.0074455779	-0.0314895811	-0.050912744	-0.0008522633	-0.098677711	0.1046283979	-0.0411148111	0.0345893114	-0.015536026	-0.1231710965	-0.0263507121	0.0716359564	0.0191508942	-0.0933687638	0.0484826765	0.0128140687	0.1145361499	0.0072433033	-0.0393806021	-0.0846756998	-0.1182537705	-0.0697443042	0.0381831153	-0.029314189	-0.039578467	-0.0534668878	0.0160055571	0.1711825894	0.0074271265	0.1198276503	0.00738007	-0.0707588323	0.0142387106	0.0013719103	0.0060450795	-0.0322526405	0.1384847893	0.0201194612	0.0249608344	0.0286951964	0.0324038989	-0.0228000093	-0.0064865356	-0.0341201973	-0.0384588039	-0.0677364147	0.0448464175	0.0521238643	-0.1035506653	-0.0520770173	-0.0164466584	-0.0428824457	-0.021301	-0.024261369	0.0970340746	-0.0290916011	-0.0262957758	-0.0793730225	0.0202440326	0.0689908573	-0.0279234868	0.0245611104	-0.0033649177	0.1236856742	-0.0598765402	-0.0053651047	0.089812623	-0.0364691105	-0.0383347361	-0.01680544	0.0906970574	-0.0690937535	0.1532101769	0.027338031	-0.0103380415	0.1258477264	-0.0119702383	-0.0492818015	-0.0070817011	0.0004137795	0.0176336487	0.1170934313	-0.0887491893	-0.0009279843	-0.0133804338	0.0529869575	0.0267747355	0.1159421298	0.0273033003	0.0088965491	-0.0061734969	-0.003949366	0.0242579179	0.0545021982	-0.0332091665	-0.0840942515	0.013154288	-0.2024348114	0.0588478933	-0.0559622476	-0.0741791889	0.0656586083	0.0195597612	-0.0223801816	-0.0624232914	-0.0272086962	-0.0153634028	-0.0181534576	0.0835782027	-0.0241577144	0.081756179	-0.0245775499	-0.0792333393	-0.0500377997	0.0047363251	-0.0508930832	-0.000894294	0.0586149698	-0.0466719894	-0.0219947945	-0.0426588334	-0.050149757	-0.0482841264	-0.0449301768	0.0528800601	-0.0392779467	0.0375619872	-0.1355772159	-0.0801022854	0.0127421589	-0.0041884835	-0.1103303448	-0.0500449598	-0.0421652696	-0.120490127	0.0335354583	0.0009749636	-0.0292243043	0.061920058	-0.087830707	-0.1115871026	-0.0317774556	-0.0525289805	-0.0308522957	0.078627787	0.1787067853	-0.0125931675	-0.0033151505	0.1351925112	-0.0377836355	-0.0595447373	0.0483742215	-0.0465897578	-0.0955415737	-0.0501362882	0.0447837232	0.051297983217367	0.0204474372480802	0.0026314830821692	0.0004180976900141	-0.0352014192659027	0.072733384114997	0.0052901451648196	0.0012391399183338	-0.295932902418059	-0.0210979261147485	0.0875762827335764	0.0004451224863433	-0.0005579335016699	-0.0002686774731732	3.112897922856363e-07	7.21875845907356e-08	-0.0022986507337328	-0.0001628864081659	5.283795195690339e-06	2.6531981965220688e-08	-0.0012471468452536	0.0003966653195801	1.5553752536260068e-06	1.573433757575829e-07	0.0	0.0	0.0	0.0	0.0	0.0	0.0	0.0	0.0	0.0	0.0	0.0	0.0	0.0	0.0	0.0
6459.247393697761	-17.760176925480664	41721876.89299132	315.4238844243758	5248.540499990958	3.0218406394678823	27547177.380045336	9.13152085033966	4587.830472057084	-8.024243800720797	21048188.440335527	64.38848857340614	4513.9136742961055	6223.804041686759	1.209177	32.677845	0.1672456857580211	0.0827208193701588	0.0675676957	-0.0332159095	-0.0490007769	0.057759354	0.078253586	0.0911246289	0.0861150391	0.0588424836	-0.0476907705	0.0560300261	-0.0947054133	0.0389594941	-0.0784493957	0.018861504	-0.0573102284	-0.0750983701	0.0098926654	-0.0876006479	-0.0038153038	0.0300583377	0.0403243586	-0.0340110355	-0.0256955935	0.0257298931	0.1222318886	-0.0385033095	0.0157400157	0.0382001444	-0.0457259837	-0.0371686323	0.0268710726	-0.1477326007	0.0685839394	-0.0175569959	0.0108913526	0.1385279502	0.0826090121	-0.0980979345	0.0032208393	0.0034310542	0.0585696512	0.0129623862	0.0214988521	-0.0329288967	0.075661677	-0.020836047	0.0364105984	0.0484835188	-0.1070606884	-0.1019546666	-0.0301592498	0.0384284092	0.054800843	0.0240766345	0.0757668229	0.0418586492	-0.0030116317	-0.0137409409	0.000817288	-0.1367860527	0.0862077754	0.0270616045	-0.1288842486	0.0447245906	-0.1139820194	0.0163788649	-0.0700005974	-0.0370103213	0.0173259412	-0.0053318332	0.0453031358	-0.0802652062	-0.0056496742	0.0135431698	0.000925811	-0.062531329	-0.0324152545	0.00547402	-0.0426080498	-0.0763677508	-0.0366360698	-0.022962329	0.0669857385	-0.0099549038	-0.0972069341	0.0055249933	0.0188646984	0.0476570592	0.0706707167	-0.011285386	0.0287128295	0.1036806271	0.0381846156	0.0203942382	0.0034099387	-0.0912559495	0.0194684455	0.1023805465	0.0891299353	-0.1157713641	0.0713477758	-0.037847157	0.0134227805	0.1787503669	-0.0733753934	0.0437099601	-0.0126490968	-0.0307597676	0.0872579038	-0.0121377102	-0.020637224	0.0191435857	0.0155002291	0.0753046957	-0.087089238	0.1173369318	-0.0022716026	-0.0053079931	0.0756574356	0.0130404621	0.0202769832	-0.0048500601	-0.0347117398	-0.0528241871	-0.0531331966	-0.0941776043	-0.1247865969	0.1203782318	0.075664248	0.103717822	0.0074842593	-0.0099613045	0.0195670777	-0.0397117662	0.0751652764	-0.0307413231	-0.0095747902	0.0728636354	-0.0234553246	0.0657306704	-0.1182239774	0.0516633054	0.0227216688	-0.0085176164	-0.0599461372	-0.0148494138	-0.0765083098	0.0064725849	0.001265599	-0.0589424762	-0.0075662818	0.0657716933	-0.1134972088	-0.025034549	0.0178108219	0.0071523723	-0.0842864457	0.0056031478	-0.116841669	-0.070023971	-0.0122580935	-0.0467317821	0.0139522382	0.0129427368	-0.0056733611	0.0667831556	0.0023290539	0.0349965195	-0.0441389908	0.0530754622	0.0471870168	-0.0489641061	-0.0955415737	-0.0453880801	0.0507185253	0.0319055393544687	-0.0193924438628982	0.0010179634414995	0.0003760668789756	-0.0933388998186472	-0.0581374805527444	0.0033799666450207	0.0087121502193554	-0.2493900314664756	0.0465428709515833	0.0621953877948496	0.0021662388364157	-0.0009176848371375	-0.0003597513354676	8.4214546031208e-07	1.294210233707217e-07	-0.0021287765425321	0.0001698741912006	4.531689568034923e-06	2.8857240836091907e-08	-0.0015809791264012	-0.0003338322811476	2.4994949981163017e-06	1.1144399193621029e-07	0.0	0.0	0.0	0.0	0.0	0.0	0.0	0.0	0.0	0.0	0.0	0.0	0.0	0.0	0.0	0.0
6469.313908329146	10.066514631384962	41852022.44450093	101.33471682388752	5243.759758165148	-4.780741825809855	27497016.40135221	22.855492405047748	4588.7601945732695	0.929722516185393	21056720.12330011	0.8643839571020984	4515.390845493496	6238.042341090138	0.961693	25.989605	0.1692457067639766	0.0857303808950262	0.0674476897	0.0397096882	-0.0568514039	0.0800338915	-0.0168268171	0.0462116443	0.039650399	0.0617476502	0.0235508124	0.031277154	0.071779824	-0.0363817952	0.0924425523	-0.0791454449	-0.035222928	-0.0336761014	0.0120295105	-0.0419388029	-0.0708118905	0.0901816508	0.0182649124	0.0336606579	0.0234895413	-0.1413601368	0.0863565237	0.0068510259	-0.0209612808	-0.0359969098	0.0542146298	-0.0487053804	0.0367083611	0.0703305949	0.1296023108	0.0925270503	0.0067594355	0.1578962352	0.0335686907	0.0114877579	-0.0682470016	-0.018898925	0.056191846	0.0138919981	-0.0917848908	0.0113337807	-0.0650377835	0.0405612509	0.0546711029	-0.0002000401	-0.0167223146	-0.0590247326	-0.0453537853	-0.0336848118	-0.0389418232	-0.0635161295	-0.0624149323	-0.0642152637	0.0153850043	0.1488918193	-0.0615453101	-0.0610078628	-0.0949083335	0.0321577212	-0.0307365839	-0.0903543516	0.1071969875	-0.0308668726	-0.0841576645	0.050621703	0.0595810034	0.0676041832	-0.0297018334	-0.1087369302	0.0235381958	0.0263271376	-0.0379625803	0.0018506382	0.0061291789	-0.0400536478	-0.0179072345	-0.116475627	0.0763252931	-0.0228544837	0.0268193842	-0.0134871414	-0.0620476806	-0.0506046013	0.092598054	-0.0391572078	-0.0595960314	0.0582250202	-0.0847261345	0.0703549874	-0.0358571851	0.0305653376	-0.0869621767	-0.0048003519	0.0831459758	-0.1022502942	-0.0188429173	-0.1103527226	0.1311134718	-0.0678698196	0.0237063302	-0.0231826038	-0.085941417	-0.0830900533	0.0254692418	0.0227691926	0.0585189189	-0.0231919386	-0.0401846891	-0.0640816536	-0.0090061859	-0.0928008764	0.0248943945	0.0655079023	-0.0685092365	-0.0207065285	0.0567135304	-0.0482233894	0.0786928196	0.0221991136	0.0134183381	-0.0666779295	0.047672644	-0.0821405472	0.0465093949	-0.0220816113	-0.0247772554	0.1119316363	-0.0083748114	0.0672559113	0.0054880246	0.0813932927	-0.0107052356	0.1514847657	-0.1999011595	0.0115323134	-0.0113718541	0.0112104453	0.0652297589	-0.0179911913	0.0920880634	-0.0353190857	-0.0705920779	-0.034464337	-0.0630768353	-0.0106037807	-0.0508818721	-0.0016241708	-0.0368159498	-0.0753541202	-0.1141389502	0.0546880907	0.0647022156	0.0091930803	-0.0979744568	0.0391902561	-0.0313962655	-0.0149454451	-0.03656793	0.0299376432	0.0667116819	-0.0352751079	-0.0262644148	0.0640783436	0.0441349292	0.0739154292	-0.0581048757	0.0169570573	0.045990102	-0.0512981531	-0.0953646527	-0.0404904708	0.0563925126	0.0088352606829147	-0.023070278671554	7.806183133505833e-05	0.0005322377579831	-0.0288252186017246	0.0645136812169226	0.0041620150641587	0.0008308932274372	-0.2045896933236406	0.0448003381428349	0.0418569426142613	0.0020070702977123	-0.0008388832797412	7.88015573963e-05	7.037251570293525e-07	6.209685448082362e-09	-0.001885666678949	0.0002431098635831	3.555738824098551e-06	5.9102405771393615e-08	-0.0019962958800751	-0.0004153167536739	3.985197240804818e-06	1.724880058822269e-07	0.0	0.0	0.0	0.0	0.0	0.0	0.0	0.0	0.0	0.0	0.0	0.0	0.0	0.0	0.0	0.0
6489.223380181997	19.9094718528504	42110020.077900656	396.3870694594424	5262.280608226635	18.52085006148718	27691597.199718084	343.0218870000897	4596.273614305208	7.513419731938484	21125731.13755826	56.45147606828256	4520.441510162024	6264.719257945106	1.051171	28.407742	0.027899948582383	0.0194398107337804	0.0334415246	-0.0267503233	-0.0011861463	0.1595372642	0.0250460576	0.0141327566	0.0229590197	0.1605506036	-0.0487026192	-0.0435417757	0.1310022914	0.0013392348	0.0445535095	0.0582854081	-0.0367748941	-0.0112457342	0.0657787951	-0.0635501878	0.0273819417	0.0882399672	0.1479272869	0.0688711541	0.1248879349	0.0100155229	0.024583464	-0.0652131838	0.0616059949	0.0430485279	0.0643141166	0.0080357006	-0.0088624011	-0.0245425968	0.0650605821	-0.0363626808	-0.0642618737	0.1349858591	-0.0374455616	0.0768400655	0.0533040545	-0.0761007449	0.0075083448	-0.0489657138	-0.0283116469	0.0923607044	-0.0407504481	-0.0754906592	0.0082724576	0.1092041917	-0.0452150493	0.0349061069	0.1110284124	0.0436433467	0.0137974805	-0.0479967429	-0.0685760384	-0.0017771853	-0.1004102063	0.1348582629	0.0182017575	0.0440126226	-0.0124728768	-0.0030766831	0.1152649383	0.0659706866	0.1033014252	-0.0784295332	-0.0507731841	0.0230886375	0.0749666389	0.0923503696	0.0174805846	0.0994773128	-0.0779122137	-0.0472819978	-0.0950842708	-0.0636388752	-0.0093671112	0.0071083062	0.0395943681	0.1214502426	-0.0544150952	0.0336133775	-0.002436011	-0.0604739475	-0.0866934789	0.0325535997	0.1035538637	0.101782163	-0.1096081951	0.0515530716	0.1000021815	0.0092779609	0.048601501	0.0022623649	-0.0864572648	0.006412304	-0.0440388365	-0.0048212187	0.041515025	-0.0618620282	0.0469896037	-0.0442978821	-0.0980373303	-0.1077597786	-0.0859248581	-0.0550343261	0.0507990177	0.0321570452	0.0481149049	0.0482794506	-0.1396469301	-0.0475937951	0.0510196435	-0.0051963841	-0.056558115	0.0289232486	0.0984977811	0.0213826627	0.1028313438	-0.0142823101	-0.0511379278	-0.0189086731	0.1128795656	0.0059497542	0.0752384925	0.0856432798	0.010140673	-0.0838792122	-0.0887225904	0.0131978795	0.0253482948	-0.0089953649	0.0434181551	0.0129410014	-0.1010182438	0.051180317	-0.0095344018	0.0319687008	0.0987322376	0.0358938877	-0.0059988431	-0.0568049174	-0.066405349	-0.0176169604	0.0691817811	-0.001971132	-0.03771418	0.0173327172	0.0486613821	-0.0939077472	-0.0188332603	-0.0552242216	-0.1122081891	-0.0363019086	-0.0481914092	-0.0238570157	-0.0686939363	0.064940874	-0.0660161112	0.092940854	0.0438064489	-0.0170866372	0.078405699	0.0425385704	-0.1070778085	-0.151203088	0.0006899694	0.0591095293	-0.0278061557	0.0263010791	0.0447837232	-0.0535899776	-0.0950111383	-0.0354595815	0.0617765075	0.0104184886142633	0.0015832279313486	0.0001085449050055	2.506610682602368e-06	-0.0471744819771515	-0.0183492633754269	0.0003366954664207	0.0022254317498125	-0.2022300954784981	0.0023595978451425	0.0408970115172424	5.567701990801141e-06	-0.0008382785375331	6.047422081000703e-07	7.027109064886329e-07	3.6571313825774884e-13	-0.0018857155395546	-4.886060560012687e-08	3.5559230961176965e-06	2.3873587796111488e-15	-0.0018847922942795	0.0001115035857955	3.5524419925753814e-06	1.243304964527672e-08	0.0	0.0	0.0	0.0	0.0	0.0	0.0	0.0	0.0	0.0	0.0	0.0	0.0	0.0	0.0	0.0
6489.859848758631	0.6364685766347975	42118280.85652941	0.4050922490435251	5265.078023274739	2.797415048104085	27721046.591170635	7.825530951359181	4591.097260063086	-5.176354242122216	21078174.05135877	26.794643239936654	4517.118505009733	6399.806516402503	1.119829	30.263218	0.1303941869669027	0.0745392117261442	0.0608981533	0.0203414773	0.0393586395	0.1198710007	-0.0321052911	0.0754297589	0.0217457017	0.0963467033	0.1078753892	-0.1080361024	-0.0847618334	-0.0591998672	-0.0706381248	0.012409931	-0.0667012006	-0.0672993249	0.0188246717	-0.0736633297	-0.0701784716	-0.0639250838	0.0233758149	0.0911958791	-0.0936223433	-0.0073676536	0.1064574188	-0.0729979847	0.0511273749	-0.0776848883	0.0793044268	0.042671143	-0.0327977124	0.0252201691	-0.0690682955	-0.0904416636	-0.1311835379	-0.013495379	0.0784815186	-0.0642657087	-0.0295019744	-0.1095302592	-0.0819579825	-0.083586663	0.029416361	0.0231411707	-0.121065662	0.0647088682	-0.0913654271	-0.1436801568	-0.0409856359	0.0081215451	0.0088580526	-0.0657821627	0.0358411819	-0.0753401197	0.1129633	-0.0434459787	-0.0067636783	0.0112507221	0.0112202095	0.0590071895	0.0872891288	0.035391673	-0.0733027086	-0.0345481239	0.0303140782	0.0393794564	-0.1037540898	-0.0162209896	-0.0600772733	0.1015545605	0.0388352002	0.0547890662	0.0203051391	-0.0444299158	-0.1200635069	0.0011217108	-0.0142703203	0.0357685619	0.0119326283	-0.109916443	0.0357143971	-0.0446622374	0.058343338	-0.0098791033	-0.0859709685	-0.0876358626	-0.0430924437	0.0493513083	-0.0617530054	-0.0851916985	-0.0971714671	0.0828620973	0.0722480314	0.0214166187	-0.0911937756	0.1349580806	-0.0626867329	0.0128476617	0.007045279	-0.0388535518	-0.0683568159	-0.1155054279	-0.0794048109	0.0804516892	0.0008348447	0.0398990364	0.0655265183	-0.0596446935	-0.1372562433	0.0026468	-0.0668215588	-0.0138285606	-0.0281993633	-0.0491847953	0.0231675878	-0.0903729433	0.1155729942	-0.0506981263	-0.0611528966	-0.0285311427	0.0431534393	0.1305937151	-0.0288544225	0.0251932147	-0.0291971117	-0.0944267009	-0.0403650086	-0.0644584772	-0.0179218964	-0.0406908665	-0.0004133967	-0.0589328191	-0.1032609191	0.0457474969	0.0343366189	0.0361048793	-0.0292590605	0.0990739203	0.1395840743	0.0122729017	-0.1072004488	0.0056178867	0.0360698836	0.0131534688	-0.0421362824	0.0576334756	-0.0572786227	-0.007793697	-0.0546996419	-0.0113769007	-0.0051977269	0.0296854203	-0.0653351328	0.0482716265	0.0130676683	-0.0379656883	0.0284498327	0.0587143685	-0.1200216258	-0.066904216	0.0179776186	0.0142189728	0.0914061653	-0.014362254	0.002739596	-0.0513692076	0.0619120587	0.0304287067	0.0121164019	0.0205705028	0.0435681289	-0.0558376933	-0.0944816852	-0.030311972	0.0668428233	0.0263394360555508	0.0159209474412875	0.0006937658917244	0.0002534765674282	-0.1097895513903921	-0.0626150694132406	0.0039206469176249	0.0120537455945035	-0.1985047491948535	0.0037253462836445	0.0394041354529116	1.387820493306462e-05	-0.0003071865067179	0.0005310920308151	9.436354990954643e-08	2.820587451954133e-07	-0.002312215319862	-0.0004264997803073	5.346339685404531e-06	1.8190206260226046e-07	-0.0018898569597315	-5.064665452000081e-06	3.571559328245589e-06	2.5650836140683183e-11	0.0	0.0	0.0	0.0	0.0	0.0	0.0	0.0	0.0	0.0	0.0	0.0	0.0	0.0	0.0	0.0
6459.715637774784	-30.144210983847188	41727926.12091209	908.6734558386936	5259.7535167552805	-5.324506519458737	27665007.057019543	28.350369675758596	4590.493660611461	-0.6035994516250867	21072632.04811401	0.3643322980021053	4521.002775924772	6253.012335439646	1.242448	33.576992	0.1874696907271041	0.0819507107954276	0.0615632566	-0.0153182771	0.0672177689	-0.0871700407	0.0536234056	0.0717181607	-0.0921284306	-0.0903199531	-0.0398388413	-0.0284473905	-0.0248102645	-0.0403622138	-0.1332411135	0.0180331614	-0.0826892095	-0.0839310585	-0.0030788548	0.0320812748	0.0506854482	-0.0571033931	0.0178008356	-0.1124188154	0.0902646256	-0.0277356454	0.0102033898	0.0031439254	-0.0748016084	0.0265993961	-0.1096106278	-0.0544854191	-0.0820170112	-0.0534015621	0.0761780788	0.0007898594	0.0131303856	0.0458227484	0.1338991137	-0.0602046785	0.1782884234	-0.1012304146	-0.0077594357	0.0530417024	0.080986197	0.0816748946	-0.085934541	0.0796722284	-0.0515906946	-0.133054961	-0.0578037558	0.0747437024	-0.0092036238	-0.0253175645	-0.0722739828	-0.0061889582	-0.0908654467	-0.057045671	-0.0493623128	-0.068587373	0.0412392253	-0.0156890385	0.0640809052	0.0974494611	0.0194729779	-0.0727872396	-0.0294771929	-0.0272512058	0.0474931556	0.0218629807	0.0644748037	-0.0199726377	-0.0135791527	-0.0738441117	0.1514537481	-0.0635191249	-0.0470461003	-0.013179842	0.0207096054	0.0356600483	-0.0189744367	-0.0381382376	-0.0392123527	0.0754435749	0.0893789955	-0.0001183764	0.0535364867	0.0376419598	-0.056555813	0.0360760307	0.0353280386	0.108284614	0.0080797407	0.0309251024	-0.1089641133	0.0274363726	0.0095645379	-0.0232710099	-0.0350764625	0.1600703163	-0.0420334236	-0.066235716	-0.0350773747	-0.1233899629	0.0750577961	-0.1096672321	-0.1922901945	0.0516670154	-0.0317970769	0.0402424339	0.0293498353	-0.0083168991	-0.0094842015	-0.0650854307	-0.0438730821	0.0336065759	-0.0001837396	-0.0623544917	0.1063451879	-0.0273738962	-0.1337089967	-0.0403823559	0.0514540564	-0.0268876423	-0.0505953191	-0.0099197597	0.0466895272	-0.0421661319	-0.0165037231	0.0540080889	-0.0249310784	-0.0489585286	-0.0113070212	0.0165266599	-0.09025624	0.0483204994	-0.029351704	-0.022448242	-0.031843256	-0.0062547129	-0.1356629628	0.030452687	-0.0115668734	0.0367402388	0.0421463674	0.0524842183	0.0344430925	0.0441626153	-0.07955289	-0.0349977096	0.0239727036	0.0624952499	-0.0055418434	0.0419469646	0.0634083851	-0.0737303695	0.0701342204	-0.0069532352	-0.017571768	0.0548289203	-0.0486577361	-0.0189859708	-0.1315271261	-0.0467403096	0.0117793489	0.0879666098	-0.0284914987	0.0643996282	0.0200640712	0.1342833891	-0.0638286553	-0.0486058109	0.0423435691	-0.0580394502	-0.0937772737	-0.0250645864	0.0715654069	0.0776299599105811	0.0512905238550302	0.0060264106757184	0.0026307178373234	-0.080466073651209	0.0293234777391831	0.0008598663467203	0.0064747890088417	-0.2163096890035092	-0.0178049398086556	0.0467898815567948	0.0003170158815898	-0.000955686287653	-0.0006484997809351	9.133362804079728e-07	4.205519658728728e-07	-0.0030068159875655	-0.0006946006677034	9.040942383079492e-06	4.824700875741477e-07	-0.0014519424218854	0.0004379145378461	2.1081367964704407e-06	1.9176914245696346e-07	0.0	0.0	0.0	0.0	0.0	0.0	0.0	0.0	0.0	0.0	0.0	0.0	0.0	0.0	0.0	0.0
6482.4705545489305	22.75491677414629	42022424.49059392	517.7862373983245	5239.428348569517	-20.325168185763687	27451609.419793896	413.1124617795803	4590.013565013738	-0.4800955977225385	21068224.527010124	0.2304917829525615	4513.4286285297	6169.526814055986	1.370811	37.045986	0.1949079550123107	0.1130565195718606	-0.0061838784	0.0610033741	0.0705510995	0.0001202053	-0.0775780528	-0.0723761425	-0.0788578723	0.0808637504	-0.0332995931	0.0490628992	0.1681786958	0.1070548188	0.0385128775	-0.0840439164	-0.0146249392	0.0083001658	0.0062600867	0.0684760053	-0.0550865686	-0.0363355368	0.0267806583	-0.0098300696	0.1412151982	0.0208277127	-0.1378780058	0.1049664553	-0.0256183286	-0.0615501895	0.033521045	0.1117436093	-0.1166057887	-0.0482134678	0.0431960401	0.1027775116	-0.0951772294	-0.0156275087	-0.0611519425	-0.0915018189	0.0601623369	-0.075461918	0.0354302349	-0.0117167547	0.1400980652	-0.0983777308	-0.0207705841	-0.1055683354	-0.0147644946	-0.0139834656	-0.0213343769	0.0723977949	-0.0056956706	-0.0918076831	-0.0079588061	-0.095423308	-0.0129351743	-0.0369921427	0.0850145573	-0.0068594673	-0.1131657206	-0.0583070261	0.102112087	0.0634020264	0.0750952743	0.0269836297	-0.0222897824	-0.0085660325	-0.1241609157	-0.046343884	-0.0322843647	-0.0280209802	-0.0410731213	-0.1187827891	0.0527736326	0.0397161096	0.012587178	0.142245284	0.0148386974	-0.0457307033	-0.0014026343	-0.049274934	-0.0486169717	-0.0140701728	-0.015270749	-0.0068804468	0.0737772652	-0.0444873254	0.0372381207	0.0236311162	-0.0848915113	0.0835004511	0.1009677869	-0.1313119852	-0.1116203731	-0.0647642829	-0.0265044349	0.0896888058	-0.0973834597	0.0476925107	-0.0556251695	-0.0127067537	0.0291452401	0.0012623183	-0.0606386116	-0.0368496563	-0.0970857029	0.0610902806	-0.1889245378	-0.0919310433	-0.0386998012	0.0908901256	0.0227363444	0.1112094255	-0.0427441985	0.0630716831	0.0067997388	-0.0865699739	-0.0368298803	-0.0584798374	0.0574824838	-0.0171591954	-0.0999707502	0.1012849148	0.0121278806	0.0358144453	0.0296264551	-0.2051776224	0.0103345501	0.0728343079	0.0685857088	0.028474992	0.0648107346	0.127767131	0.0157988858	-0.0572678568	-0.0213646093	-0.0179305109	-0.0520768045	-0.0515084151	0.0720607155	0.0218500479	-0.0770826162	-0.0181255162	0.0204227424	-0.0740075632	0.0890499904	0.0914360379	-0.0058502338	-0.0390394122	0.0452230723	0.0632490713	0.0067401163	-0.0769706586	0.0897516444	0.0530791523	0.0268115965	-0.0452569327	0.0748365245	0.1227560105	0.0419618817	0.1419642075	-0.0205586778	0.1109990674	0.0799354982	0.0291138809	-0.0570331123	-0.1203999143	-0.0297357682	-0.003334289	0.0006994802	-0.0555562628	0.0411102958	-0.060193436	-0.0928992083	-0.0197346973	0.0759199731	0.058146119451834	-0.019483840458747	0.0033809712073069	0.0003796200390219	-0.0517006487709466	0.0287654248802624	0.000827449668542	0.0026729570833367	-0.109825483096813	0.1064842059066961	0.0120616367374483	0.0113388861075796	-0.0005587843040567	0.0003969019835963	3.1223989846013053e-07	1.5753118458267769e-07	-0.0030259961939536	-1.918020638810034e-05	9.156652965821676e-06	3.67880317090125e-10	-0.0018393499072331	-0.0003874074853476	3.3832080812384136e-06	1.5008455970342838e-07	0.0	0.0	0.0	0.0	0.0	0.0	0.0	0.0	0.0	0.0	0.0	0.0	0.0	0.0	0.0	0.0
6493.5188133353295	11.048258786398948	42165786.579139866	122.06402221124152	5265.389980287905	25.96163171838816	27724331.644516263	674.0063214812183	4587.412103141058	-2.6014618726803747	21044349.804045063	6.767603875009682	4514.340030182609	6413.36006643165	1.414001	38.213173	0.1924203551052963	0.1189400228330053	0.0530240479	-0.1301647184	0.1179599847	0.0564420742	0.1015439733	0.0326613083	-0.0679308691	0.0966616681	-0.0174404244	-0.0795061924	-0.0408669532	0.0321868258	0.0116287263	0.0156608877	-0.0248858384	-0.044286539	0.0023196066	0.0430997367	0.038433451	-0.0084184353	0.0292539232	0.0750130483	-0.0078710109	0.015679173	0.0234974341	0.1188312216	0.0720604959	0.1053558141	-0.0079727632	-0.013718934	-0.0168734679	0.0618383856	-0.0822706426	0.0189517822	-0.0563350999	-0.020960192	0.0123783218	0.124378426	-0.0562495069	-0.0528790817	0.0991788686	-0.0412061846	-0.0626978445	-0.0592577239	0.0854654845	-0.0304717837	-0.0315664897	-0.1039128011	0.1464997521	0.2025491753	-0.0313999762	0.0484380144	-0.1433714399	-0.0232652079	0.0050353949	-0.0270396042	0.003188291	-0.0511572768	0.0460842507	0.1105299429	-0.0555091313	0.0562494338	0.0481790748	-0.1453164611	-0.0372689734	-0.1236711772	0.0180351628	0.0132728106	0.0713205197	-0.0424875334	-0.049434794	0.0257495981	-0.0545502788	-0.1753080369	0.0475182733	-0.1232534787	0.0807820041	-0.0798264216	0.0104332015	-0.1233391274	-0.1393818475	-0.0185096653	0.0399546477	-0.0160438725	0.0473153717	0.0183853866	0.0054882651	0.0459707825	-0.0790003071	-0.0636394982	0.0160800896	0.0186951991	0.0254185841	-0.1314022913	-0.0438311584	-0.0598567584	0.0682339725	-0.0331824776	-0.0694937607	0.1021318543	0.0455360979	0.0568890395	-0.0073159333	-0.0236285799	0.0555334952	-0.1165123881	0.0493946103	0.1089471642	0.0419415099	0.0926080852	0.0049020828	0.0876124865	-0.0518970809	0.0316457505	0.0945180405	-0.122190043	0.0069764288	0.0420726386	-0.0609814629	0.0404697459	0.1864312255	0.0318935836	0.0995558603	0.070881166	-0.0421690071	-0.0188290138	0.0681155189	0.0488976365	-0.0208599361	-0.0561916301	-0.1859802295	0.0553428607	0.0027350491	0.0123098734	-0.0443540828	-0.0029382819	0.1275219638	0.0232156869	-0.0184481339	0.0229509669	0.0394669133	-0.1410116445	-0.0027421882	0.0385811983	0.0283099577	0.1345195845	-0.0482916394	0.0408890607	0.1051758269	-0.1049351945	-0.006638994	0.1055144199	0.0532048225	-0.0256792805	0.0463530602	-0.0169382533	0.0698957507	0.1323939303	-0.043405128	-0.0319982606	-0.0961145939	-0.0726327128	-0.023092242	0.0657983584	-0.0332737349	-0.095183187	0.106479025	-0.0959617821	0.0010035824	-0.1003590714	0.0398685628	-0.0622978778	-0.091849115	-0.0143398485	0.0798841288	0.0504515258764399	-0.0076945935753941	0.002545356463261	5.920677029049616e-05	-0.1460853027770809	-0.0943846540061343	0.0089084629118576	0.0213409156874714	-0.180643163538491	-0.070817680441678	0.032631952533194	0.0050151438631396	-0.0005936505548642	-3.486625080750003e-05	3.524209812905725e-07	1.2156554453714963e-09	-0.0033299497294927	-0.0003039535355391	1.1088565200948507e-05	9.2387751766719e-08	-0.0018909986625283	-5.164875529520014e-05	3.57587594168382e-06	2.6675939235434643e-09	0.0	0.0	0.0	0.0	0.0	0.0	0.0	0.0	0.0	0.0	0.0	0.0	0.0	0.0	0.0	0.0
6464.760628117118	-28.75818521821111	41793129.97885324	827.033217044936	5254.990785725911	-10.39919456199368	27614928.15806423	108.14324753819896	4591.976531109228	4.564427968170094	21086248.462257937	20.83400267661337	4518.694146008575	6264.077413776153	1.369084	36.999313	0.0834124837252582	0.0459546394220285	0.0240988101	0.0162615925	0.025069501	-0.0172935754	-0.0978823678	0.0140651102	-0.0330857074	-0.025538273	-0.0906071671	-0.0034702534	-0.0614323888	-0.0003853496	-0.0628281102	0.0610382735	0.0198513001	-0.0364629172	0.0362100548	0.0037852739	0.0496134992	-0.0062874433	0.0364553486	-0.1052747352	-0.1294354794	-0.0820998411	-0.0655640101	0.0058210751	-0.060231193	0.0039631343	-0.0582911922	-0.0040513838	-0.0535325842	-0.1029424497	0.1231621106	-0.0341667246	-0.016931451	-0.0185021218	-0.0468034483	0.0516078105	-0.0202983745	0.00855371	-0.0237953438	-0.0081240972	-0.0007485337	-0.0003264069	-0.0455926813	0.0177378643	-0.0212347993	0.0038560849	0.0600265133	0.0943794069	0.1550230493	0.1029751854	-0.0065830812	0.0081461841	0.118198532	0.0107532307	0.0677615636	0.0469434629	0.1104885794	0.053962106	0.0318770542	-0.069054572	-0.0498629415	-0.013365553	-0.0167150962	0.0082826206	-0.0029268639	-0.0141391386	0.1056878893	-0.1041154486	-0.0091716761	0.0223749841	0.1122719105	-0.0164938898	0.094568895	-0.0906480152	0.0649474441	-0.0401708809	0.1094264612	0.0210689092	0.0171560033	-0.0392524284	0.0297800854	-0.0347602216	0.0034904234	0.0455634381	-0.021064177	0.0236323841	0.1261138427	0.0195661969	-0.1122445151	-0.0761963134	-0.0061465268	0.0220222478	0.0615512545	-0.0680227534	0.0014496425	0.0643011204	0.0056784616	-0.0870297164	0.0458507699	0.0809284775	-0.0707319921	-0.0871576956	-0.0433524801	-0.0320614272	-0.0592446244	0.027214229	0.020168063	0.0103399078	-0.0027410052	0.0328887935	0.0903316657	0.0498236958	-0.0395047467	-0.0429559894	0.0266497048	0.0591177885	-0.009264907	0.0359369187	0.0369867575	0.0408340232	0.1366635033	0.142669754	-0.017877452	0.0206849767	-0.0758702149	-0.0902610547	0.0944819628	0.0093684711	-0.0006537127	-0.0253595586	0.0346972279	0.0093915826	-0.0110086556	-0.126015184	0.0248665702	0.0391401337	-0.1481800025	-0.0823804596	-0.0245124687	-0.0794342089	0.0735526408	0.0859060557	-0.0648748626	0.0635317324	-0.0344181425	-0.0062751104	-0.0478963713	0.090188171	0.0436575857	0.0714396483	-0.0193827912	-0.059634945	-0.052436904	0.0251767901	0.0573048882	0.0158930855	-0.0172968347	-0.0012900354	-0.0010367871	-0.0846759658	0.1004516612	0.1179742746	-0.0257284247	-0.0063036663	-0.0905879891	-0.0417071445	0.0519715834	-0.0630467706	0.0386186257	-0.0643510435	-0.0906289382	-0.0088977982	0.0834374889	0.0503775428880715	-7.398298836839429e-05	0.0025378968274394	5.473482567917964e-09	-0.1075018330776771	0.0385834696994037	0.0014886841340448	0.0115566441150607	-0.17657846614361	0.0040646973948809	0.03117995470563	1.6521764911952347e-05	-0.0003011113149473	0.0002925392399168	9.066802398929212e-08	8.557920689115756e-08	-0.0028987401561615	0.0004312095733312	8.402694492943197e-06	1.8594169613247587e-07	-0.0018009408029243	9.005785960400012e-05	3.2433877756376222e-06	8.110418076453796e-09	0.0	0.0	0.0	0.0	0.0	0.0	0.0	0.0	0.0	0.0	0.0	0.0	0.0	0.0	0.0	0.0
6458.646922690046	-6.113705427072091	41714120.07197361	37.37739404901074	5224.830824788412	-30.15996093749891	27298857.147659164	909.62324375146	4587.091470676244	-4.885060432983664	21041408.160350747	23.863815433902545	4512.127526257711	6239.881726045786	1.118319	30.222412	0.070634408068956	0.0580097471117349	0.0637839321	0.0392131306	-0.0657005046	0.061841352	-0.0131499816	0.0875422374	0.0817975685	-0.0121259228	-0.107789803	0.0484890618	-0.026564432	0.0413978827	0.0396122772	-0.0993632814	0.0125233834	-0.0570414669	0.0215397788	-0.0736998053	0.0602075543	0.1023107367	-0.078014057	-0.0209218821	0.0388709367	0.0218280997	0.0267460931	-0.1019180884	0.0780229938	0.0784661359	0.0716224291	-0.04920453	0.0116499333	-0.0031273918	0.0867210506	0.0005035964	-0.070597315	0.065310613	-0.0912362734	-0.0720575498	-0.0046054351	-0.1225590284	-0.0172080391	0.0022534102	-0.0551597017	0.036955835	0.0231415548	0.1361347987	-0.0797263829	-0.0426593954	0.11561939	-0.0710427919	-0.0371192283	-0.0031438366	0.0840017876	0.0761241801	0.0875795012	-0.0154070657	-0.0301228977	0.0509498119	-0.0387660617	0.1012903055	-0.0487936486	-0.0105754236	0.0016309901	-0.0606119743	0.0753842477	-0.019903485	0.0064174266	0.0123013941	-0.0436347066	-0.0490859752	0.1099476574	0.1008985408	0.001465264	0.1664091088	0.046768604	-0.1667806119	0.1193539891	0.0087109568	0.0149469472	-0.0454727725	-0.0034992176	-0.0070630682	0.0547124691	-0.0220033064	-0.0765155503	0.0842339947	0.0268704449	-0.0836056927	0.0498928758	0.0516049006	0.0728926026	0.033445753	0.1111271815	0.022259437	-0.0917801934	-0.0446367835	0.0236621841	-0.0184514177	0.0008681024	0.0115264972	0.0542957395	0.0238798875	-0.113180934	0.0143769	-0.0602385686	0.0925755438	0.0641482368	-0.0889826873	-0.0027334127	0.015179285	-0.1052899803	-0.0168276417	0.0452295573	-0.0425655113	1.88473e-05	0.0630204821	0.0027094113	0.0186789057	-0.0899752115	0.0770289352	0.1138010653	-0.0210431282	-0.0313216573	-0.0506735413	-0.0573286153	-0.0097950721	0.1458045081	-0.067097548	-0.1419154846	-0.0967965963	-0.026590481	-0.0682603648	-0.0201508232	-0.065937532	0.0177876106	-0.0056798484	-0.0459320987	0.0129725165	-0.1471934529	-0.0072934772	-0.0381262947	0.0947307488	0.0166227864	0.0628721557	-0.0880174458	-0.1274711285	-0.0628056384	-0.0267909995	0.0680192846	0.0275134107	-0.0193003092	-0.0544974864	-0.0711331918	-0.0170705985	-0.0561176287	0.0223366066	0.0061929301	0.0643525475	-0.0571425569	-0.03585705	-0.0305087299	0.0384557334	0.0415833658	0.0784457109	-0.1021433217	-0.0833780086	-0.00212496	0.1297987897	0.0168728758	-0.0410521224	0.0373607416	-0.0663512432	-0.0892409375	-0.0034264595	0.0865617806	0.0503444253411942	-3.3117546877299564e-05	0.002534561162935	1.0967719111701342e-09	-0.0507963862966391	0.056705446781038	0.0032155076946371	0.0025802728607973	-0.1740815372089343	0.0024969289346757	0.0303043815970255	6.234654104820762e-06	-0.0004387412936358	-0.0001376299786884	1.924939227412153e-07	1.894201103379696e-08	-0.0028980928345068	6.473216546997243e-07	8.39894207741966e-06	4.190253246431891e-13	-0.0018906417987084	-8.970099578409999e-05	3.574526411023334e-06	8.046268644659125e-09	0.0	0.0	0.0	0.0	0.0	0.0	0.0	0.0	0.0	0.0	0.0	0.0	0.0	0.0	0.0	0.0
6458.297656728107	-0.3492659619396363	41709608.62289976	0.1219867121696195	5209.46664654767	-15.364178240742149	27138542.74149263	236.0579730132945	4592.784118453388	5.692647777143975	21093665.958717667	32.40623871462224	4519.208274021272	6243.9042543525775	1.019274	27.54574	0.1556362114009702	0.0936667050995575	0.0719301803	-0.0434956218	-0.0830206339	0.03290049	0.0260330599	0.1141907037	0.1184703449	-0.0094685362	0.0664605997	0.0679062297	-0.0640944017	-0.0369726409	-0.0467156576	0.0053351875	-0.0191294875	-0.0923129006	0.0350624942	-0.1500476692	-0.036851858	-0.0411284428	0.0330095771	-0.0274828486	-0.0800294982	0.0658654809	0.0501976272	-0.0126623575	-0.0896995515	0.0665880543	-0.0016092278	-0.0672942287	-0.0649963824	-0.0580851361	0.0410383599	0.0363541114	-0.0408510074	0.0220835588	0.1059976865	0.0173973381	0.0516027105	-0.056293327	-0.0533866477	0.1521735782	0.0368004376	-0.1038083311	-0.077216879	0.0444992015	0.0565947445	0.0655367158	0.014259586	0.0072633467	0.0487478352	-0.0652893107	0.047604025	-0.0137512467	0.0009445462	0.0691202333	-0.0631136815	-0.0918871796	-0.0284122514	0.0851592324	0.0232044183	-0.0304897586	-0.0456564643	0.0231859478	-0.0207768273	0.1024888133	-0.055942402	-0.0619969012	0.0284870328	0.0288239387	0.0428318533	-0.1296315752	-0.0549294725	-0.0118873726	0.0026493076	0.0937192671	0.0582898908	0.0021475472	0.0900291865	0.0130105243	0.1145102161	0.0665123595	0.0801993625	-0.0248910715	-0.138675252	-0.0713797193	-0.061109259	0.0554414478	0.0717183689	-0.0604311944	0.005611134	0.0337193025	-0.0297030027	0.0685023497	-0.0352396509	-0.0655868176	-0.0029203465	0.1264179814	-0.0372330796	-0.0375659396	-0.0152923144	-0.0797468919	0.0345075667	-0.0049588314	-0.1125404548	-0.006364259	0.0159891563	-0.0941602648	0.0081748803	0.0603787438	0.0924022841	0.052581444	0.0302297063	-0.066775954	-0.1846061907	-0.0362483177	-0.1159716564	0.0304934223	-0.0158245621	-0.0097088306	-0.0112659911	0.0430274693	-0.0311777883	-0.0593750018	-0.024981223	0.0057452687	-0.0993733706	-0.036732444	0.0001832844	-0.0640285085	-0.0764610054	0.0505051845	-0.0458306638	0.0079122292	0.0745307504	-0.0191279886	-0.0571200042	-0.0093919077	0.0459120324	0.0442982632	0.0637590111	-0.0766812452	0.0466367736	0.0737771494	0.0961563509	-0.0304946669	-0.0757239595	0.0124907728	0.0199126678	0.0134982845	0.0146560267	0.0975325976	-0.1023910125	0.0460878615	0.0463462567	0.0147011906	-0.0050667446	0.0436411311	-0.0397605085	-0.0982314752	-0.0903762294	-0.0370944723	0.0393606737	0.0900598234	-0.0607225346	-0.0061222149	0.0056216216	-0.0123883446	-0.0431158111	-0.0261264148	0.0360951694	-0.0682968306	-0.0876876832	0.0020561578	0.0892409375	0.0505770255292929	0.0002326001880986	0.0025580355113907	5.410284750354867e-08	-0.1276162117890749	-0.0768198254924358	0.0059012855886882	0.016285897511394	-0.2234683500377201	-0.0493868128287857	0.0499381034685809	0.0024390572813855	-0.0004562588419569	-1.7517548321099993e-05	2.0817213086385146e-07	3.0686449918207316e-10	-0.0032636200343085	-0.0003655271998016	1.0651215728339816e-05	1.336101337948719e-07	-0.0016897470889982	0.0002008947097101	2.855245224777891e-06	4.035868438954551e-08	0.0	0.0	0.0	0.0	0.0	0.0	0.0	0.0	0.0	0.0	0.0	0.0	0.0	0.0	0.0	0.0
6437.319199781927	-20.978456946179904	41439078.47988103	440.09565584272383	5208.535153085214	-0.9314934624562738	27128838.440924414	0.8676800705987776	4582.831877656278	-9.95224079710988	21002348.018862568	99.0470968836583	4511.004901384331	6103.82732033384	1.14718	31.002384	0.269596287158875	0.1540080227267147	0.0325619729	0.0341619369	-0.0468655295	-0.1036324506	-0.0623927865	0.0476282355	-0.0267917193	-0.1462743804	0.069370171	-0.030224802	0.0966361251	0.0361435683	0.0307880667	-0.0642689294	-0.0145814218	-0.0633808976	-0.0342054892	0.0322283798	-0.09881928	-0.0527872776	-0.1318987995	-0.0027604807	-0.0210062016	-0.0631705293	-0.0230276316	-0.0109120091	-0.1307865074	0.0730610584	0.0224215662	-0.0071670241	-0.1649932723	0.11367808	0.1193132899	0.0893252525	0.0701666285	-0.0425002238	0.071025153	-0.0666433555	-0.0095382665	-0.0443362871	-0.0156128028	0.0321533466	0.0514429769	-0.0669317092	0.0325437471	-0.0818438989	0.1264628261	-0.0184758622	0.0915266472	-0.0961997719	-0.0149192184	0.0507832793	-0.0796341942	0.0462416191	-0.0279630718	0.1032813152	-0.0197920179	0.0237713345	-0.0644757427	-0.0279408656	0.0403785048	0.0873660746	-0.081670408	-0.0482703497	0.0008822061	-0.0286008929	-0.0237654268	0.029295795	-0.0933062641	0.0898493537	-0.175436979	0.0707985121	0.1271076032	-0.0660014793	-0.0094921136	-0.0030697959	0.0133591816	-0.0214198264	0.0273044618	-0.0195544488	0.0483516798	0.0263432269	0.0593146809	0.0246521643	0.055783938	-0.0945417043	-0.0513224701	-0.1238975151	0.0261836434	0.0120930981	-0.0577264874	-0.0263898457	-0.0243896954	0.0759258342	-0.0969873572	-0.0540337958	-0.0058972101	0.0301759104	-0.164343394	-0.0663727555	0.0336808758	-0.0101443119	0.060653259	-0.0375738362	-0.0748939393	0.0654530638	-0.0431670952	0.0788624571	-0.02032742	-0.0942304159	0.0461072707	0.1361660704	-0.0228955059	0.0913636188	0.0130780756	0.080831746	-0.1629852112	0.0319326275	0.0679823741	-0.0795827095	0.0642737162	0.0044267286	0.0617679704	-0.0270947822	0.0641655616	-0.0478707143	0.0734682166	0.0254822699	-0.0129059776	-0.015395363	-0.0138683632	-0.0819662473	0.0009598722	0.0339260795	-0.0032738579	0.0837683715	-0.0176459085	-0.0252915354	0.1571305552	-0.0240814868	-0.0829835097	0.0107680229	0.0444330635	-0.0079017987	0.0565617662	0.0924417213	-0.0213695814	0.017917652	-0.0183877434	0.0914971407	-0.0291737041	-0.0608300189	0.0635099198	0.0732971591	0.0837573678	-0.0029434162	0.0838691061	-0.0434800647	-0.0020973102	-0.0817037624	-0.0469264011	0.0542091965	0.0273549131	0.0581478248	-0.058234134	-0.0256587505	0.0193983855	-0.0363656106	0.0542717685	-0.0172691678	0.0348221695	-0.0701862042	-0.0859720514	0.007532007	0.0914611824	0.020433487399714	-0.0301435381295788	0.0004175274073142	0.0009086328909693	-0.0243922900911002	0.1032239216979747	0.0106551780107096	0.0005949838158883	-0.1188882347602486	0.1045801152774714	0.0141344123644079	0.0109370005114492	-0.0007549652850522	-0.0002987064430952	5.699725816339495e-07	8.922553914664569e-08	-0.0031312954352253	0.0001323245990832	9.8050111026628e-06	1.7509799522529673e-08	-0.0018916902878967	-0.0002019431988985	3.5784921453227e-06	4.078105558135917e-08	0.0	0.0	0.0	0.0	0.0	0.0	0.0	0.0	0.0	0.0	0.0	0.0	0.0	0.0	0.0	0.0
6438.124975343884	0.8057755619574891	41449453.19814669	0.6492742562479074	5224.193275282118	15.658122196903603	27292195.3775029	245.17679073316535	4585.334220203702	2.502342547423723	21025289.91097109	6.261718224647047	4511.563707206592	6071.1693585614985	1.155764	31.23435	0.1165973249423889	0.0623321268266995	0.0576747965	-0.0511904963	-0.0393056259	-0.119307805	0.0608476919	0.0918604728	-0.0405103959	-0.1092283275	-0.085322222	0.0274272173	0.0426390882	-0.0172299038	-0.031912604	0.1053342669	-0.0870569743	-0.0595937669	-0.0010941244	0.0222016076	0.0793293078	-0.0021685272	-0.0231249142	0.0189083169	0.0437680475	0.0688086925	0.1127412015	0.032411667	-0.1003723494	0.0364791095	-0.0272811118	-0.110117307	0.0878802859	-0.0156537314	0.0280592022	-0.0372080508	0.0500456868	-0.0430067215	-0.016574594	0.0882842223	0.0671089298	0.0282239221	0.0146062952	0.0350443877	0.047121872	-0.006893917	-0.0116993904	0.1327758514	-0.1388364055	0.0648358881	0.1118200591	0.0089465911	-0.0196148185	-0.0666598784	-0.019992059	0.0495084002	-0.0145668105	0.0249152779	-0.0570571491	0.045039851	0.091258983	0.1265435593	-0.0510159782	0.0352627545	0.0327845685	-0.0259681581	0.0737267344	0.0008300085	-0.1329690122	-0.0110901855	0.0376666336	0.0315099084	-0.0874616861	-0.0542380327	0.0004639369	0.0013633169	-0.0026575679	-0.0358150155	-0.1069007487	-0.0722506182	0.1447106799	-0.0602591086	-0.0713089448	0.0907593615	0.0673860389	-0.0021542166	0.0265067167	0.0742170545	-0.0368991907	-0.0122903313	-0.026104777	-0.0470196459	0.0791678268	0.0955304881	-0.0597594761	0.0646372215	0.0469770564	-0.0916580081	0.0962454693	0.016967102	0.01705859	-0.0601362275	-0.0100243438	0.0109326113	0.070709854	-0.0967654337	-0.011518055	-0.0297786341	-0.0279524849	0.0435209132	-0.063703965	0.0709860357	-0.01529836	-0.0937033105	0.0697501917	0.0749495449	-0.1294765346	-0.0164413465	0.0185245205	0.0688321499	-0.0887059475	0.1097906153	0.0843040186	-0.0254663292	-0.0393142722	-0.0156901947	0.0713509536	0.0237451647	0.0319192641	-0.1536667727	-0.0725513673	0.0716161127	-0.1489551891	0.040143312	-0.1479751715	0.001865826	-0.0251312851	-0.0227832674	-0.0252671847	0.0585936108	0.0272001671	-0.0291655342	-0.0127601045	0.023876628	0.0227883836	0.0104472478	0.0915942828	0.0765305064	-0.0497299156	0.0517906185	0.0751125246	-0.0935355494	-0.0323337145	-0.0260249402	0.0212666594	-0.0882483905	0.0076573817	-0.0269882767	0.0375292806	-0.009303181	0.0186917609	-0.0649168684	-0.0760748595	0.081824079	0.1194864068	0.1088685657	-0.0225469414	0.1236439978	0.040660008	-0.0215073755	-0.0369198976	-0.051395166	0.0335420038	-0.072017809	-0.0840972192	0.0129830636	0.0932110979	0.0067715874449589	-0.0136618999547551	4.585439652472501e-05	0.0001866475103737	-0.0612121822997835	-0.0368198922086833	0.001355704462259	0.0037469312619019	-0.1612728842236492	-0.0423846494634005	0.0260089431858145	0.0017964585101353	-0.0005012168229951	0.0002537484620571	2.512183036533014e-07	6.43882819963435e-08	-0.0032890209560301	-0.0001577255208047	1.0817658849205151e-05	2.487733991314538e-08	-0.0019548339713458	-6.314368344909971e-05	3.821375855527591e-06	3.987124759520109e-09	0.0	0.0	0.0	0.0	0.0	0.0	0.0	0.0	0.0	0.0	0.0	0.0	0.0	0.0	0.0	0.0
6457.872540557566	19.74756521368181	41704117.75008743	389.9663318686159	5263.233625397859	39.0403501157416	27701628.19551869	1524.1489371596854	4587.834425393243	2.500205189540793	21048224.714823347	6.251025989806713	4513.747616527336	6107.909122572676	1.105749	29.882698	0.1130681688986374	0.0566271511680077	0.0217950109	-0.0376296184	0.0344692537	-0.0719800316	-0.0448250506	-0.0481865279	-0.1245466056	0.0294265274	-0.0611859103	0.0967028829	-0.0446938988	-0.0206751282	-0.0351530564	-0.0263066905	0.0452802695	0.0188764255	0.0228732627	0.0791618754	0.003730233	0.0949543894	0.0599799084	0.0303242326	-0.0708718912	0.0028502415	-0.0482438776	-0.013569042	-0.091628925	0.0421167416	-0.0390717439	0.0181047725	-0.0250799107	-0.0629235297	-0.0436186793	0.0659327042	0.0464631453	-0.0181241503	0.0293853744	-0.0213876239	0.0656592938	0.0479304734	0.1601330045	-0.0047294403	0.0745696472	-0.0461009664	-0.0145013128	-0.0059232874	-0.0522929456	-0.2068143895	-0.0119498311	-0.0344972303	-0.0823740329	0.0209281596	-0.0872797961	0.0308957835	-0.040780885	0.1068488982	0.0719454021	0.0644732105	-0.132852023	-0.0266787231	0.0648943259	0.122905049	0.0184592011	0.0514306342	0.0248883999	-0.0267398034	-0.0210889004	0.0063508626	-0.0425332733	-0.0872765583	0.1470350365	0.168891589	-0.0644288553	0.1591870215	-0.0425145558	0.0289044487	0.0531241352	0.0040960628	-0.0677207756	0.0621598177	0.0850110178	-0.0785250001	-0.0184794949	-0.0334990945	0.0638367074	0.03857629	0.1191640325	0.023995401	0.0298435326	-0.0442492742	-0.0635052888	-0.0785580469	-0.0571893044	0.0607701094	0.0180424499	-0.043910127	-0.0722908553	0.1010212732	0.0166773375	-0.0161357313	0.0196319144	0.0118681586	0.0983188039	0.0188030594	-0.0131017199	-0.0905797569	-0.0830562452	0.0116057077	-0.024893154	0.0470273022	-0.0172486868	0.0632944126	-0.0950972792	0.0456447529	0.0590379846	0.0450320528	0.0902211382	0.0568733826	-0.0487031614	-0.1031536132	0.0263562131	0.0711733758	-0.0117827711	-0.0378303574	0.0601391512	-0.0447605952	0.1355074452	0.1180319131	-0.0936732348	-0.0921106945	0.057875664	-0.1250436676	0.0611507535	-0.0667104702	0.1194188233	0.0171462722	-0.0049386939	0.0141074255	-0.0440084088	-0.0222640951	-0.0677165463	0.0759640274	-0.1055382801	-0.1031143371	0.0173779517	-0.0316465722	-0.0118930965	0.0659568697	-0.0763923442	0.0222270836	-0.0063893947	0.0242425191	-0.0129777823	-0.0804854498	-0.0028367919	0.0103150037	-0.0028848892	-0.004415094	0.0669181076	0.0543181129	-0.0420684268	0.0610471036	0.0428973118	0.0627895495	-0.0042268143	0.1070121708	0.0336959683	-0.0636590428	0.0536116405	-0.0079740181	0.0322549359	-0.0737901375	-0.0820666583	0.0183913846	0.0944816852	-0.0225757578694327	-0.0293473453143916	0.0005096648433792	0.0008612666770021	-0.0937510009991768	-0.0325388186993933	0.0010587747223519	0.0087892501883476	-0.1275940720226316	0.0336788122010175	0.0162802472153165	0.0011342623912714	-0.0004609928797631	4.022394323199998e-05	2.12514435192276e-07	1.6179656091311566e-09	-0.0030110481628293	0.0002779727932007	9.066411038877705e-06	7.72688737598546e-08	-0.0019867010885897	-3.186711724390001e-05	3.946981215403498e-06	1.0155131614364694e-09	0.0	0.0	0.0	0.0	0.0	0.0	0.0	0.0	0.0	0.0	0.0	0.0	0.0	0.0	0.0	0.0
6472.663142311278	14.7906017537116	41895368.1538349	218.76190023689665	5242.549680808738	-20.683944589120983	27484327.155747805	427.8255637658272	4591.630929407371	3.796504014128004	21083074.591890395	14.413442729290049	4515.298926510589	6153.6556141275305	1.01674	27.477245	0.1413411826943311	0.0936134513965739	-0.0063137888	-0.0337780333	0.0048768596	0.0299423502	-0.0589176311	-0.047515282	-0.0037165109	0.0622767624	-0.1405844053	-0.0210064632	0.0210847343	0.062687126	0.0176839736	-0.0809837953	0.0702271864	0.0420695714	0.0538440306	-0.0028910134	0.0425143529	0.0820265578	-0.0006425594	0.0657328014	-0.0038308244	-0.0250902018	-0.1001914014	-0.0523274219	0.1209052648	-0.0024663305	-0.1116488638	-0.0455569413	-0.0445206733	-0.0285858887	0.0207061213	0.0340921072	0.0631026176	-0.0850279284	-0.0856671075	-0.1484692749	0.0736942112	0.1437517144	0.065555677	-0.0298107892	-0.1508388911	0.0646395838	-0.0699618901	-0.0033179971	0.0995596249	0.0462552752	-0.0549543513	0.0173553841	0.042782217	-0.1362244409	-0.002832056	0.0746836122	-0.0413008543	0.0331253773	0.0390657702	0.1070398251	-0.0176519859	-0.0918709871	0.0400215878	0.0332219947	-0.0184009764	-0.0937687052	-0.0930419918	0.0524123171	0.0610634795	0.0335022501	0.0332911187	-0.0841861005	-0.0303936853	-0.0434895779	-0.0634362173	-0.1494019816	0.0565785072	0.0444199309	0.007681499	0.0047206019	-0.0548923751	-0.0196682207	-0.0501199475	-0.0421822974	-0.039481317	-0.0463255835	-0.0327315293	0.0816034713	0.071855113	-0.0274951475	-0.0411136624	0.0257250377	-0.0128425946	-0.0854707509	0.1380919467	-0.0653510786	0.0723232467	-0.0065388981	-0.0006057897	0.0788258356	-0.0207228861	0.0259323721	-0.0503574338	0.0460411821	0.1045577713	0.021315916	-0.028624455	0.0391682215	-0.1604402024	0.0820298041	-0.006698918	-0.0791157903	-0.0912478235	-0.0347929802	-0.0208500275	-0.1389344674	0.0171182492	0.0994834656	-0.0444229266	-0.0617566881	-0.00810647	-0.0236886298	-0.0771909536	0.0381217321	0.0364342456	0.0434150739	0.080937323	-0.0027439769	-0.0010441632	0.0452423608	0.0739873277	0.1252141104	0.0028878818	0.0170293788	0.0116857863	-0.0847952294	-0.0135013486	0.0973560111	0.1116179984	0.0121212975	-0.0039528216	0.0831658429	0.094878453	-0.0769962719	0.135967979	-0.0744266485	-0.0246932561	-0.0531209252	0.0225889503	0.0608226094	0.0073984423	0.022292258	-0.0255240564	-0.0754648534	-0.025678364	-0.0540159151	-0.052710591	0.0417405801	0.0776792176	0.0095937755	0.1043828081	0.0847602426	0.0222968358	-0.0166701524	0.0150129692	0.1438974309	-0.0061296765	-0.1013474355	-0.0306827013	-0.1376346909	0.067713757	0.0276501025	0.0309612306	-0.0755017308	-0.0798841288	0.0237391677	0.0952664105	-0.0161987044897244	0.0063770533797083	0.0002623980271454	4.066680980764905e-05	-0.0321658282323085	0.0615851727668683	0.003792733504725	0.0010346405058703	-0.0579593877185971	0.0696346843040345	0.0033592906247146	0.0048489892581225	-0.0004909453261295	-2.9952446366400036e-05	2.410273132484012e-07	8.971490433320706e-10	-0.0030190284143496	-7.980251520300127e-06	9.11453256665026e-06	6.368441432725249e-11	-0.001949748341602	3.695274698769981e-05	3.801518595579749e-06	1.3655055099369575e-09	0.0	0.0	0.0	0.0	0.0	0.0	0.0	0.0	0.0	0.0	0.0	0.0	0.0	0.0	0.0	0.0
6477.661778870681	4.998636559403167	41960102.12144207	24.98636745300193	5284.439868164062	41.89018735532409	27925304.72024181	1754.787796664154	4596.18779118257	4.55686177519965	21124942.211815715	20.764989238275703	4520.562272025139	6199.944647779129	0.966086	26.108326	0.1275885673948264	0.0805498269597213	-0.0515188708	-0.0818334022	0.0143761482	0.0812977957	-0.0067047036	-0.0772713541	0.0193626449	0.1239918125	-0.0451649114	-0.0639214846	-0.0391928062	-0.0777738843	-0.002632463	0.0639991466	-0.0211616049	0.0567301868	0.0723310753	-0.0638110345	0.0498496583	-0.0191517159	0.1047741099	0.0087277216	-0.1077184224	0.04716061	-0.0281017839	-0.0353736591	0.1394503879	-0.084648905	-0.1255406681	-0.0229963932	-0.0166528077	-0.1061707918	-0.0192410922	0.0587419086	0.0224667055	0.0550195135	-0.0763874139	0.0479931014	0.0091313588	0.0672960438	-0.0485611887	-0.0244630048	0.016893737	-0.1078511071	0.0327197666	-0.0145178024	0.0367089043	-0.024596947	-0.0171055786	0.0870712033	0.0210794327	-0.1419666476	-0.0421063618	-0.0496591535	0.0831984218	0.0895604325	0.0088923136	0.0072219393	-0.0338284905	0.0586173725	-0.013362862	0.1211825173	-0.0360497328	0.124071685	-0.0148045821	-0.0378364209	0.0920594764	0.0521617299	-0.1434167946	-0.0812250941	-0.0129703211	-0.0315092263	-0.0190666658	-0.0189145224	-0.0346811128	-0.0481360447	-0.0583445686	0.0345183723	0.0397459751	-0.0175208889	0.0026647348	-0.0262770081	-0.0709834576	-0.0540480753	-0.0684199107	0.0269159916	-0.0031476641	0.1123221812	0.0155227902	-0.053681982	-0.0382817159	-0.035214729	0.0986265321	-0.1026356789	0.1349413703	0.0619078674	-0.0551527047	0.0770488563	0.0369915031	-0.0520864032	0.0816874665	0.0219460947	0.0457202373	-0.0564679469	0.0428255469	-0.0778898951	-0.0836566772	-0.0603908574	-0.0009024444	-0.059380254	-0.0362680834	0.0305708918	-0.0054738599	-0.0639067002	-0.0356117018	-0.119578948	-0.0499316486	-0.1065492502	0.0491221761	0.0239374432	-0.0154261285	0.0612644558	-0.0476726023	0.026145913	0.0492437009	-0.0722511812	0.0010781223	-0.0231117745	-0.1286561666	0.0646742122	-0.0537287538	-0.0896307008	0.1173199115	-0.1621867013	0.0174611964	-0.1704439119	0.0818796619	-0.0835806796	0.0617708299	-0.0051251941	-0.0712027104	-0.0316800952	-0.0448188353	0.0203466767	-0.1075536725	0.0277071349	0.058262262	0.0703663167	-0.0252590672	-0.0500901889	0.0210656933	0.061900988	-0.0604861472	-0.0149620337	-0.0624584707	0.0054550871	0.0026444624	0.0025370333	0.1386018359	0.0464509563	0.0131974599	-0.0057844268	0.0469329727	0.0664814648	-0.0494393777	-0.0333479121	0.0077540618	-0.1451098256	-0.0241970343	-0.0163727833	0.0296611541	-0.0771511802	-0.0775536723	0.0290088101	0.0955612383	-0.0341327002844593	-0.0179339957947348	0.0011650412287087	0.0003216282051655	-0.1079431200164862	-0.0757772917841777	0.0057421979501444	0.0116517171588935	-0.0471570681358883	0.0108023195827088	0.0022237890751728	0.0001166901083669	-0.0003658786739327	0.0001250666521968	1.33867204038751e-07	1.564166749171535e-08	-0.0031831184719783	-0.0001640900576286	1.0132243206649468e-05	2.692554701259008e-08	-0.0021220908364406	-0.0001723424948386	4.503269518105165e-06	2.970193552719288e-08	0.0	0.0	0.0	0.0	0.0	0.0	0.0	0.0	0.0	0.0	0.0	0.0	0.0	0.0	0.0	0.0
6475.99772193767	-1.6640569330111248	41938546.49454188	2.769085476302391	5268.071219663267	-16.368648500795643	27752574.37544442	267.9326537425995	4594.544420993228	-1.643370189342022	21109838.43648	2.7006655792180334	4520.540490388063	6234.060037865648	1.014637	27.420414	0.1578266928702937	0.0781476271998069	-0.0551437651	0.0511344254	-0.0161302106	0.1087991666	-0.0834764391	-0.0496932436	0.0370966437	0.069767352	0.017237714	-0.0570171402	-0.0257656504	-0.0218518157	0.0032720896	-0.0507293495	0.0102808403	0.0432372295	0.0530422914	-0.1288620512	0.0131730675	-0.0809700189	0.0125908576	-0.003966722	-0.0216739211	-0.0372126667	-0.0620544285	0.0389788622	0.0787098146	-0.1209326127	0.0276945266	0.0255870663	0.0396298252	0.0156541964	0.0263657554	0.0814785887	0.1029976113	0.0372550184	0.0135375566	0.0126687938	-0.062795368	0.0095762011	0.0329014953	0.007409418	0.0617561825	-0.106353856	0.031069398	-0.0902507658	-0.0393559849	-0.0161023426	0.0595113808	0.0821890612	-0.0053791696	-0.0502769999	0.0590220559	0.0002501733	-0.0118776053	-0.0923854205	-0.075054012	0.0339685032	0.0073883541	0.0557724318	-0.1757373856	-0.0638499553	0.1271085078	0.0837390711	-0.111118355	0.1224830065	8.47224e-05	0.0548245958	0.0217601639	-0.0569488374	0.0086738787	-0.0115411261	0.0096793005	-0.0133832283	0.0744245767	0.1877913588	0.0389204797	0.0521798068	-0.0444569162	-0.0557747559	-0.1734680886	0.0773757276	-0.0594667275	-0.0309638651	-0.1006116707	-0.0266620448	-0.0931075276	0.0450981277	-0.0448899015	0.0395027414	-0.0383886634	-0.0519084275	-0.0246882875	-0.0895197864	0.0302114119	0.0962691015	0.024537225	-0.0707866791	0.0263351185	-0.0552951753	0.1457386698	0.0069972954	0.0628414947	-0.0335773753	-0.0254022955	-0.0028582251	0.0159681863	-0.0416284572	-0.0640221127	-0.0151487225	0.0491907238	0.0859579271	-0.0237482998	-0.0302815323	0.0162986197	-0.0964627643	0.0046897215	-0.0282754145	-0.0084372729	0.0597140702	-0.0840580062	-0.0337951406	-0.0506203959	-0.0034216373	-0.1399222225	0.0314473911	0.0656355442	-0.0606206042	0.0598074594	0.0679043703	0.0567785049	0.1350534058	0.1437764466	-0.0148131914	0.0494566466	-0.0438319832	0.1387424419	-0.0957667216	0.0373221752	-0.002849289	0.0695554664	-0.0334857879	0.0387114812	-0.0027441657	0.1098641841	0.0730435488	0.057725794	-0.0101132815	-0.0477406695	-0.0091500382	0.0359123109	-0.049261642	-0.0777767544	0.0506126604	-0.0201421257	0.0507527975	0.0363491794	0.0471618869	0.1920912326	0.0302683786	-0.0735176784	-0.04678624	0.0855720684	-0.0378492475	-0.0464423808	-0.0992916951	0.0713738464	-0.0591411002	-0.0315730028	0.0451929388	0.0283549738	-0.0787371281	-0.0750796043	0.0341829659	0.0953646527	-0.0255500418229956	0.0085826584614636	0.0006528046371568	7.36620262661344e-05	-0.0799523866392775	0.0279907333772087	0.0007834811549939	0.0063923841293165	-0.0176156790039669	0.0295413891319214	0.0003103121467708	0.0008726936718436	0.0010131764235264	0.0013790550974591	1.0265264651897468e-06	1.901792961827928e-06	-0.0029009944851003	0.000282123986878	8.415769002582353e-06	7.95939439719381e-08	-0.0019490316827837	0.0001730591536569	3.798724500494661e-06	2.994947066444255e-08	0.0	0.0	0.0	0.0	0.0	0.0	0.0	0.0	0.0	0.0	0.0	0.0	0.0	0.0	0.0	0.0
6466.327650773441	-9.67007116422883	41813393.28715716	93.51027632124992	5240.126268400969	-27.944951262297764	27458923.308785863	780.9203010521974	4586.5956496280505	-7.94877136517789	21036859.65318696	63.18296621587199	4514.4225429092	6117.043623156183	1.422429	38.440948	0.2619414122142087	0.1623657527381136	-0.1738636219	0.0390216392	0.0355409559	0.1149338211	0.0816136478	-0.1601738305	0.0689897112	0.0183445949	-0.0086899079	-0.0112335867	0.0437620315	0.040634356	-0.0833413712	0.0544060975	-0.023576451	0.1620168319	0.0033941638	-0.0608891204	0.0215253774	-0.1136863463	-0.0370095762	-0.003764007	0.0746466002	-0.0514521403	0.0563266623	0.0161714877	-0.0472797922	-0.035529955	-0.0551351698	-0.0753674364	0.1531852126	-0.0154529408	0.0453129643	-0.0029752133	0.1695872924	-0.0260271216	-0.0234145474	-0.07292555	0.0204835158	0.0156117449	0.0350856055	-0.1264264072	-0.1033070506	-0.0014988439	-0.0162911874	0.0236379978	0.0647241745	0.126068466	-0.0826400428	-0.1399128571	-0.111494081	-0.0437515906	0.0989410717	0.0806619823	0.0007584642	0.0652819758	-0.0842600185	0.0529735943	0.0119246418	-0.0387382547	-0.0386216938	0.0718959524	0.0579504705	0.0048080985	-0.0575329956	0.1012230781	-0.0249538509	0.0647976735	-0.0180105089	-0.0438204783	0.0202241356	0.0501739236	0.0160574372	-0.0401701158	0.0291656573	-0.1328582197	0.057026929	-0.0374033466	0.105189192	0.2388861918	0.0862083401	0.0622676206	-0.1705536795	0.0146488141	-0.0296332661	-0.00924577	-0.1093127041	0.0030269267	-0.0831504941	0.0557995438	-0.0013769234	0.0641737149	-0.0685326884	0.0232996681	0.1020607733	-0.058096369	0.0558684985	-0.0665544054	0.1304669214	-0.0608669133	0.037268432	0.0155463999	0.0550898535	-0.0347734799	-0.0186514931	0.0994794682	0.0690136341	0.0735452356	-0.0736800813	-0.1402789172	-0.1094213996	0.0087533761	-0.1630886971	-0.0570702405	-0.0568379752	0.1536555235	-0.0273408415	0.0776511081	0.1075357367	0.0763791543	-0.0816361817	-0.0689369279	-0.1209584945	-0.0151898561	0.0181268525	0.072755717	0.0756727302	-0.0568069903	-0.0725568192	0.0795592369	0.0274176223	-0.0216277604	0.0128440259	-0.0442087691	0.044474101	0.0527115706	0.0870681946	0.0788976371	-0.0922831285	0.0247226713	-0.0562804712	0.0093690606	-0.0621928921	-0.0094288208	0.047549537	-0.0472388234	0.1602096906	-0.0855967894	-0.0098613859	-0.0653802653	-0.0356999106	-0.0373198845	0.0051309355	0.0473699646	0.0076733232	0.0399123341	-0.0930131898	0.0663629748	0.1149303011	0.0318572158	0.0144062849	-0.1716000123	-0.0711692254	0.0016796136	0.0408136672	0.1943087628	-0.0744344783	0.0144479228	0.0238478824	0.0272461	0.0270429587	-0.080258269	-0.0724665061	0.0392446037	0.0946776645	-0.031853197434458	-0.0063031556114623	0.0010146261867985	3.9729770662309886e-05	-0.0498977044386208	0.0300546822006567	0.0009032839221824	0.0024897809082439	0.1422604565813827	0.1598761355853496	0.0202380375067434	0.025560378729705	0.001819412644661	0.0008062362211346	3.3102623715523344e-06	6.500168442693998e-07	-0.0027200809242424	0.0001809135608578	7.39884023442739e-06	3.2729716502284944e-08	-0.002276030677126	-0.0003269989943422	5.180315643218637e-06	1.0692834230087549e-07	0.0	0.0	0.0	0.0	0.0	0.0	0.0	0.0	0.0	0.0	0.0	0.0	0.0	0.0	0.0	0.0
6463.209475505818	-3.118175267622973	41773076.72426819	9.723016999615602	5202.998879665799	-37.12738873516992	27071197.34180356	1378.442994292422	4579.363033881873	-7.232615746177544	20970565.796083797	52.31073053185535	4502.831073635279	6128.888272891627	1.089531	29.44442	0.198374892776083	0.0924447867396361	-0.1681241716	0.0047710083	0.0409908545	0.1301235503	0.0267619777	-0.1724782947	0.0646033343	0.004844244	0.1276346621	-0.0628588177	0.0697587915	0.0003853251	-0.0266404904	0.02882122	0.0021830144	0.1790257163	-0.0656767673	-0.0096983213	-0.0819177085	-0.1130387719	0.0328987674	0.0960253232	0.0545746865	0.0343394946	0.1008166105	-0.0029917959	-0.1056143836	-0.0047200646	0.0252460825	-0.0448835598	0.0203883863	-0.0485534886	0.0030335522	-0.0476247158	0.0420802321	0.0600116863	0.0089895043	0.0683200645	0.0029777542	-0.0545499375	-0.0400735931	0.0044224642	-0.0668771915	0.025889891	-0.0596617617	0.016837766	0.0559498538	0.0194977189	0.1152989187	-0.0196156523	-0.0761590649	0.0217702717	0.051485717	0.0107750154	0.0185120606	-0.0229270634	0.0025512724	-0.070252389	-0.0965028542	-0.0133367441	0.0463732862	0.0513861753	-0.0593623413	0.0613346352	-0.0175801786	-0.0653261723	0.1553911575	0.0539664029	-0.1434151499	-0.1560021244	0.1547659239	-0.0003994951	-0.0201984305	0.0140728972	0.0885621609	-0.0269641888	-0.1347205367	-0.1113619699	-0.0552402464	0.0304080637	0.0153160412	-0.0598007826	-0.1745250495	0.0851015437	0.0176938144	-0.1056820912	-0.0623294278	0.0474318693	-0.1015853447	-0.0308939207	0.0329582428	0.0533953967	-0.0374092947	0.1195969558	0.0074935583	-0.0276682833	0.0392548066	0.0642463364	0.0390009168	-0.0396653	-0.0329060408	-0.0044862555	0.0025259413	-0.0878708346	0.0539355509	-0.0111696146	0.098166591	-0.0538356159	-0.0050497468	0.0022528556	-0.0274157497	-0.0739495329	0.052635875	-0.014999419	-0.0156461233	0.0600700986	-0.1040501265	0.0509891257	0.0212094039	0.0178682838	0.0593720818	0.0018844617	-0.024614871	0.0726367741	-0.0428001346	-0.0693010932	0.0002347449	0.0611468408	0.027285131	-0.1194774396	-0.0064566369	0.0148584277	0.0758478467	-0.0838653137	0.0321351326	-0.0172679047	0.0923228675	-0.0762078184	-0.1257014637	0.0853184386	0.0669692238	0.1029825386	-0.0941490528	-0.1320166369	-0.14381638	-0.0008831502	0.1913701645	-0.0085373544	-0.0283044443	-0.0998899015	-0.0881803133	0.0043408548	0.0012497328	0.1052500442	-0.0189534479	-0.0816027672	-0.0765699142	-0.0067268089	-0.0474507321	0.0299948776	0.0041790251	-0.0568257332	-0.0194535505	-0.0671231145	0.1083286301	0.0376998404	-0.0735090384	0.0290300562	-0.0965570103	-0.0119587176	0.0257253786	-0.081713351	-0.0697192167	0.0441770624	0.0935038064	-0.0712844260271481	-0.0394312285926901	0.0050814693940199	0.0015548217883289	-0.0580653469112633	-0.0081676424726424	6.671038356091365e-05	0.0033715845119253	0.1627463538794131	0.0204858972980304	0.0264863757010431	0.0004196719881054	0.0005027949738151	-0.0013166176708459	2.528027856937272e-07	1.7334820911836829e-06	-0.0020069312414132	0.0007131496828292	4.027773007760329e-06	5.085824701193886e-07	-0.0016999955425467	0.0005760351345792	2.8899848446786487e-06	3.318164762697921e-07	0.0	0.0	0.0	0.0	0.0	0.0	0.0	0.0	0.0	0.0	0.0	0.0	0.0	0.0	0.0	0.0
6445.490672865463	-17.718802640354625	41544350.013995685	313.955967007838	5189.464858895761	-13.534020770038296	26930545.521714	183.169718203828	4573.49657902481	-5.866454857063218	20916870.95835164	34.41529258996062	4500.848152501348	6179.377260764933	1.178983	31.861843	0.1738931247451841	0.1062094260186439	-0.1272948188	-0.0130859737	0.1178953812	0.0038394903	-0.0116066689	-0.1287742051	-0.0287397469	-0.0977533074	0.099857327	-0.0996606525	0.0162590043	0.0056287369	-0.0322851709	0.020451372	0.085067462	0.1262343872	-0.0815483119	0.0924864079	-0.0113012316	-0.0265126674	-0.0532887439	-0.0202969653	-0.0829332552	-0.0235862036	0.1255079712	-0.077414573	0.0308641647	0.0136654432	-0.0282404151	-0.0588633253	0.0020418882	-0.0327074423	-0.0435821715	0.0681988344	-0.0598410065	-0.0256949649	-0.0871393169	0.0274164158	-0.1016423765	0.0709212984	-0.0271469957	0.0105114408	-0.0175362343	-0.0895240609	0.0295932323	0.0128630097	-0.0213808836	-0.0690671615	-0.0801895742	-0.0876597639	-0.0305282145	0.0384857477	0.0717621201	0.0804870158	-0.0775581516	-0.0337622431	0.0472003246	-0.0791636827	-0.0163163387	0.0950652911	-0.0773470512	-0.1150403935	-0.0940008468	0.1238170379	0.0421157684	-0.0333296172	0.0777285718	0.0626558284	0.054059433	0.1235478959	-0.1233724353	-0.0048297538	-0.1074887644	-0.0234855728	0.0523099423	-0.0491679827	0.058950313	0.1452384819	-0.0151234711	0.0755797029	0.0233237664	0.0308708275	-0.1049122766	0.0898684456	0.10527493	-0.0058054548	-0.0091360446	-0.0436323048	0.0347859519	-0.0304881603	-0.078023129	0.1167795076	0.0645524236	0.0098858449	0.0312801004	0.0002721773	-0.0062029652	0.048217925	0.0096472414	0.1186710511	0.0773233359	0.0271959655	-0.0367550968	0.0109927087	0.0174104329	-0.1273663091	-0.0489825577	-0.1122303243	-0.0538656448	-0.0979103924	0.0510496278	0.0279335154	0.003082833	-0.0721151458	0.089846371	0.0774236807	0.0348983341	0.0221625569	-0.0800936601	0.0281979829	-0.0803154775	-0.119747641	-0.0373525914	-0.0683529804	-0.0253196623	0.0040329278	-0.0421822346	0.0225337665	0.1125879229	0.0115609514	-0.0384135319	-0.0817622351	0.0767095352	0.0336882173	-0.0210925242	-0.1106433222	-0.0145213645	-0.0456380187	0.1051325365	0.0996386003	0.0283012613	0.0027167787	0.0486704303	0.0302462286	0.0215377944	-0.1807447562	0.1458774487	0.0006272807	-0.0896830069	-0.039698869	-0.0418471001	0.0920465976	0.0713391791	0.0056162152	-0.021193134	-0.0002792086	0.0975912417	-0.0050251834	-0.041976206	-0.042164012	-0.0216148302	-0.062971339	-0.1330359593	-0.1020627695	0.0734048208	0.0249149987	0.0383317315	0.0521640279	-0.0239245722	0.0156800212	0.0244025048	-0.0831011765	-0.0668428233	0.0489641061	0.091849115	-0.0591114328992574	0.0121729931278906	0.0034941614994034	0.0001481817616916	-0.1483269103158306	-0.0902615634045672	0.0081471498282367	0.0220008723238404	0.123006259133092	-0.0397400947463211	0.0151305397859173	0.0015792751304465	0.0010241835753225	0.0005213886015074	1.0489519959603792e-06	2.718460737818424e-07	-0.0020079324267898	-1.0011853765999612e-06	4.031792630553976e-06	1.0023721583176061e-12	-0.0018119752249908	-0.0001119796824441	3.283254215980461e-06	1.2539449280281488e-08	0.0	0.0	0.0	0.0	0.0	0.0	0.0	0.0	0.0	0.0	0.0	0.0	0.0	0.0	0.0	0.0
6416.617021633199	-28.87365123226391	41172974.002312906	833.6877354824152	5216.838861310041	27.374002414279857	27215407.70487464	749.3360081769995	4562.526230792384	-10.97034823242575	20816645.60666856	120.34854034068675	4491.595401201169	6035.755357519193	1.194204	32.273201	0.168978444937814	0.0939474957703883	-0.1212283867	0.0532804638	-0.0595515299	-0.0088515803	0.00971113	-0.063844987	0.1264266881	-0.1320496648	-0.0895874744	-0.0428913542	0.025955865	0.0101814914	-0.0229980698	0.004685795	-0.0199986338	0.1438552747	-0.1258504255	-0.00850098	0.0224787324	0.1253293255	-0.0838672466	-0.0925530505	-0.0134322994	0.0032674447	0.0733713534	-0.0389749558	0.0042391464	-0.0714879273	0.0360536788	-0.1016129823	0.0332862003	-0.0320511215	-0.042844992	0.112117782	0.0773693139	0.043499816	-0.0045824233	0.0238763908	0.0186693674	0.0241703264	0.0588042424	-0.0497443119	0.092473635	-0.0190964908	0.0421513858	-0.2258189936	-0.126136844	-0.0217831766	0.0092737044	0.1521193693	0.0701447735	-0.0845501929	0.0261994212	-0.0671431	-0.0292077839	-0.1170263579	0.0252201306	-0.0823350188	-0.0486546123	-0.0474117897	0.048140845	-0.0280143748	-0.1017988324	0.0216902805	0.054720444	0.0631131018	0.0152141947	-0.0296080499	0.0980713482	0.1033713826	-0.0489379147	0.01852123	0.0651176254	0.0355167044	0.0365832347	-0.0617470772	0.0385876245	0.0373928308	-0.0739481337	0.084581101	0.0978306028	-0.0225072619	-0.123557773	0.1218799523	-0.0027666652	0.0710814045	0.0533699501	-0.1220579515	0.0923814851	0.0065854671	0.0298392349	0.0969184233	0.0124257353	0.0309564643	0.0051625456	0.0769364434	0.1079210276	-0.0147966096	0.0689272662	0.0611229718	0.1542117487	-0.0183897742	0.152036892	-0.0115382459	-0.0272561204	-0.0352013314	-0.0736148409	0.0521658539	-0.0122726555	0.1116340638	-0.0602552893	0.0762860049	0.042916012	-0.0011054517	0.0975445832	-0.1688619576	0.0591051554	-0.1428308312	0.1314287186	0.0630508591	-0.1077265654	-0.0129288518	-0.0205016613	0.0382692017	-0.1048339522	0.0171365945	-0.0264246801	0.0468306857	0.094563336	-0.0864588135	0.0312026043	-0.052487019	-0.0603491379	0.0687459564	0.0519284362	-0.0431094723	-0.1108228068	0.023803132	-0.0397224737	-0.0081484075	0.0355781306	-0.0031406605	0.0399742552	0.0084201586	0.0356846832	-0.0040635971	0.1184690636	-0.0456633864	-0.0459849066	-0.0052540224	-0.0213503017	-0.0317763224	-0.0288691619	-0.0213182693	-0.0916708759	0.0824159701	0.0225938497	-0.0163034436	0.065602725	-0.0687247374	0.0122462208	-0.0183201693	-0.1084387275	-0.1041262107	-0.0536295241	0.0403184279	0.0176236287	0.1640021515	-0.0310049266	0.025191429	0.0230746094	-0.0844206031	-0.0638426524	0.0535899776	0.0897220992	-0.0417407812298193	0.0173706516694381	0.0017422928176756	0.0003017395394209	-0.0629170524319846	0.0854098578838459	0.0072948438237387	0.0039585554867291	0.097715185021272	-0.02529107411182	0.0095482573837414	0.0006396384297295	0.001185031576531	0.0001608480012085	1.4042998373755475e-06	2.5872079492769613e-08	-0.0025051747251407	-0.0004972422983508	6.275900403483781e-06	2.472499032692852e-07	-0.0019720221508856	-0.0001600469258947	3.888871363583468e-06	2.5615018488375574e-08	0.0	0.0	0.0	0.0	0.0	0.0	0.0	0.0	0.0	0.0	0.0	0.0	0.0	0.0	0.0	0.0
6436.621297771165	20.004276137965466	41430093.73092135	400.1710638039744	5189.583872025101	-27.254989284939256	26931780.764783043	742.8344409221537	4576.578535290656	14.052304498271951	20945071.089683168	197.4672617121541	4499.856797199819	5968.719079995008	1.18299	31.970129	0.1170270403815511	0.0802792516476612	-0.1332322682	-0.0349206938	0.0423243959	-0.0050070243	0.0870546432	-0.1443999649	-0.0130258014	-0.0083191062	-0.035736173	0.0057872454	0.1110429053	-0.1255835007	0.033037401	0.0576587878	-0.067116884	0.1563779596	-0.069361807	0.0746090391	0.0328450715	0.0884242892	0.0741529037	0.0718805806	0.0231625661	-0.025204888	0.0303439218	0.1560211442	0.042495073	0.091290387	0.0317819209	0.012554438	0.0896906529	-0.0221836757	-0.0449366855	-0.0900954435	-0.0907627935	-0.0570484257	0.0744336241	-0.1041074988	0.031860237	0.163902107	-0.0138877924	0.1732051803	-0.0428207997	-0.0109881457	0.009526365	-0.0081914055	-0.0462663932	0.0348528827	0.0037190418	0.0476673563	-0.1673085036	-0.0629997671	-0.022050819	0.071845924	-0.0270982435	-0.2084549521	-0.0897849613	-0.0070367305	0.0809338027	-0.0346457094	0.2115321736	0.0582972665	-0.0972867251	0.0727877612	-0.0610521651	0.0041594274	-0.0080735041	-0.0277490038	0.0239251243	0.1219915082	0.0553731326	0.0938101994	0.0331380018	0.0107930797	-0.0042455573	0.031282685	-0.0657544174	-0.0007927142	-0.1098316196	0.0233649936	0.0138566095	-0.0084545233	-0.1506250775	0.0803634584	0.0299499604	0.0720513059	0.118435538	0.0413325857	-0.0847452544	-0.0542951579	-0.0308681458	0.0426491568	-0.0683723305	-0.0956264739	-0.0264302535	-0.0536317768	0.0163524224	0.0151647257	0.0970203254	0.0633177844	-0.1599251139	-0.0634954016	0.0098932126	0.0210368717	-0.0249754349	-0.0229870681	-0.1395741655	0.1075009628	0.0636720828	-0.0002566023	0.182039824	-0.09379877	0.1242847117	0.0404450792	0.1479188613	-0.02462457	-0.0681273283	-0.0198349633	-0.061277353	0.0456046299	0.0154589905	-0.13350181	-0.09548027	0.1028218382	0.0120336074	-0.1432524043	-0.0738862546	-0.0238323697	-0.0097788788	-0.0021274281	0.0512632422	0.0453866566	-0.1188631558	0.0448177573	0.0892584376	0.0844119398	0.0414783663	0.0721956435	0.0988241483	0.0114700015	-0.0895414138	0.1223982302	0.0226653332	0.0131882117	-0.0414489018	-0.1685249484	0.12411703	-0.0022510202	-0.0372346618	-0.1033008703	-0.0369749559	0.0726046562	-0.0210270478	-0.0550507718	-0.0641037753	-0.0039260733	0.0150302342	0.0657831708	0.1071950932	0.0937642602	-0.0302123648	0.0953632777	-0.17144281	-0.1093867367	0.0569551769	0.0358906228	0.0633586592	0.0090242326	0.0220505451	-0.0523361523	0.0217419657	-0.0856705448	-0.0607242596	0.0580394502	0.0871336971	-0.0635616173621969	-0.0218208361323775	0.0040400792016983	0.000476148889516	-0.140320433335745	-0.0774033809037604	0.0059912833753326	0.0196898240115312	0.1014302398063051	0.0037150547850331	0.0102880935471645	1.3801632055797358e-05	0.0011052497628428	-7.978181368820006e-05	1.2215770382640655e-06	6.365137795378666e-09	-0.0023980430760159	0.0001071316491247	5.7506105944278e-06	1.1477190244199222e-08	-0.001877180242491	9.48419083946e-05	3.523805662798569e-06	8.994987587929701e-09	0.0	0.0	0.0	0.0	0.0	0.0	0.0	0.0	0.0	0.0	0.0	0.0	0.0	0.0	0.0	0.0
6475.156706251975	38.53540848081048	41927654.37051993	1484.9777067829198	5277.781935402199	88.19806337709815	27854982.157657787	7778.898383470622	4585.900535420463	9.322000129806838	21030483.72076969	86.89968642011871	4514.875538695876	6146.559658617213	1.386827	37.478806	0.3186000919322559	0.1884220513329367	-0.1398010557	0.0248598899	0.1761659046	0.0313060813	-0.0282575028	-0.1140976	-0.0651825319	0.0327949623	0.0501455123	-0.1226130713	-0.0362791124	0.0707853643	-0.0351844476	-0.0116934317	0.0401989389	0.1146788156	-0.0248475415	0.0978522796	0.006088091	-0.1203486794	0.046214426	0.0613857664	0.0988711744	-0.1117442827	-0.046959884	0.1470784705	-0.0758952234	0.1126873434	0.1225806717	-0.1092367822	-0.0410162395	-0.0080008039	-0.0286169751	-0.0393415478	-0.0692383787	-0.032878149	-0.0804512205	-0.0446869104	0.0086624699	0.0043831758	-0.1538842002	-0.0275365654	0.0863450412	0.0532097342	-0.0497356141	-0.0891447215	-0.0194436756	0.0310657387	0.0151427625	-0.0195802462	0.0195922703	0.0483706422	0.0310058158	-0.0459677673	0.0036339624	0.0142988157	-0.0273151162	0.0608738735	0.0941517982	-0.064488713	-0.0053761264	0.0860712307	0.0574006216	-0.0774727137	0.0176062379	-0.0070440715	0.0844807774	-0.0852829413	0.1178186325	0.094125392	-0.0417396025	0.1039115882	-0.0112032349	0.0653627922	0.0533937348	0.0504261688	0.0039586203	0.0175671519	-0.0636790045	-0.0454602316	-0.073368746	0.002057182	-0.1107593581	0.0247487185	0.1076477305	-0.0106835619	-0.0543112122	0.071180384	-0.1406655096	0.0640652739	-0.061124484	-0.0259738412	-0.1088743656	0.0207478909	-0.1276272195	-0.0554105138	0.1048609366	0.0493368729	0.0228616057	0.1280049275	-0.089953595	-0.0168836192	-0.1146272935	-0.0079015691	0.019842784	0.1144814182	-0.0796780992	-0.0081880122	-0.0330250586	-0.0833685291	-0.0251907603	-0.0183462158	0.1257975677	0.0475584073	-0.0149608932	-0.067345823	0.0248247293	0.0223615815	0.0668100503	-0.0784870036	-0.0164733525	-0.0027942215	-0.0104166662	0.041782958	-0.0228243105	0.0186450127	0.0101167474	0.0559276827	-0.0290927471	0.0546031981	0.0424191846	-0.0754560765	-0.0139253882	0.2392063097	-0.0904805204	0.0845147094	0.0663798533	-0.0160783014	-0.0836425039	-0.0641103806	-0.0778345588	-0.0087067229	-0.0120767611	0.0462175071	0.0769531426	0.048410833	0.1478543011	-0.0410236004	-0.0415602598	0.0749943119	-0.0573316274	-0.071758625	0.1330808353	0.0067274993	0.089797175	-0.0481391357	-0.1100842186	0.0333065378	0.0136539958	0.0568340436	-0.0332047161	-0.1058623386	-0.1566325395	-0.0879993731	-0.0633882873	-0.0714765411	-0.0474400105	0.0561130837	-0.0409808623	0.0579683129	0.020404848	-0.0868499729	-0.0574934194	0.0622978778	0.0840972192	-0.0262702019457066	0.0372914154164902	0.0006901235102682	0.0013906496637652	0.0297879234459657	0.1701083567817107	0.0289368530469737	0.0008873203832227	0.1492525135344351	0.04782227372813	0.0222763127963467	0.0022869698645281	0.0005319505941478	-0.000573299168695	2.829714346141974e-07	3.286719368263781e-07	-0.0027219067972439	-0.0003238637212279	7.408776612882544e-06	1.0488770992764758e-07	-0.0015067822122955	0.0003703980301954	2.270392635290121e-06	1.371947007727064e-07	0.0	0.0	0.0	0.0	0.0	0.0	0.0	0.0	0.0	0.0	0.0	0.0	0.0	0.0	0.0	0.0
6453.695723181244	-21.460983070731345	41650188.48740788	460.57379436221737	5245.340189163773	-32.44174623842628	27513593.70005665	1052.4668989984457	4589.751627279943	3.8510918594802206	21065820.000118885	14.830908510154822	4514.885401616216	6196.534839195001	1.342257	36.274315	0.1538786901790968	0.103650886716384	-0.0921160952	-0.0790744721	0.0544575243	-0.0086893089	0.023791111	-0.0800330346	-0.002124692	-0.0278912934	0.0158504326	-0.0885222577	-0.1383146723	0.0238707459	-0.0203209443	0.1137692533	-0.068309152	0.0524672096	0.0031648286	-0.0020852305	0.1263931001	-0.1818297152	0.0332923719	0.0993412799	-0.0516166719	0.0892880775	0.010468284	0.0094423203	0.0075711867	0.0409253628	0.0506843527	0.0543487931	0.1329953207	0.0464251448	-0.0222180162	0.0480508258	-0.0919918399	-0.0276128915	-0.0281036212	-0.0327076558	0.0650552132	0.0092212332	-0.1079277449	0.045373541	-0.0149562465	-0.0288914713	0.1026668101	0.0213316193	-0.0438233441	-0.0546208753	0.0009341714	0.0480216948	0.0732517511	-0.0173699755	-0.0604514448	0.0491600562	-0.0979592412	0.0815068023	-0.0531111212	0.0879254971	-0.0584834648	0.0487269378	0.0277442523	-0.0352865219	0.0519663262	0.0394139911	0.0946713623	0.0953322989	0.0127406474	-0.0067320969	-0.0094789033	-0.0359954314	-0.0061417038	-0.0056720938	-0.0267816456	0.0227281534	-0.0346955696	-0.0406842476	0.0037598887	0.0049889879	-0.0062518149	-0.0532356811	0.0073530682	-0.1722682099	-0.0548407866	0.0036421551	0.0187178121	0.0688527424	-0.1728118433	0.0979317574	-0.0543990867	-0.1324443902	0.0025008885	0.0052898908	0.0615639593	0.0060931694	0.0236965849	-0.0241696635	-0.0174985638	-0.1352940495	0.0573637503	0.0920774277	-0.0591949626	0.0213516087	-0.0237349481	0.0169246446	-0.0369349456	-0.0118626769	-0.0025529814	-0.0061103446	0.0563451856	-0.0069199598	-0.031884704	0.1198643206	0.0996500986	0.0307763353	-0.0173763334	-0.0899587424	-0.0005857544	-0.0539084145	-0.1269405034	-0.0113620019	-0.0407041326	-0.0402597594	0.0306544358	-0.060696835	0.1676008779	-0.0099710268	-0.0077337354	-0.0148270876	-0.0866334485	-0.0473505021	0.0707649543	-0.0443589331	-0.0049487089	0.0838120132	-0.0015420328	-0.0415898693	-0.0290183721	-0.0325907587	-0.0134795574	0.0407001096	0.0348871343	0.0140961843	0.0358241893	-0.0675297187	-0.0254419652	0.0584087063	0.1049632162	0.0370919049	0.0276929953	-0.065590109	0.0274258517	0.0581562309	0.0650350959	-0.0469225958	-0.0587194679	-0.0807060602	-0.0377613322	-0.1211737077	0.0302706687	-0.0839925871	-0.0149842815	-0.036412908	-0.0514224568	-0.0370821904	0.0527261488	-0.0441661817	-0.0291987896	-0.0059931769	0.0039270703	0.0286786797	0.0190635313	-0.0879579165	-0.0541561147	0.0663512432	0.0806282803	-0.0281628960619997	-0.0018926941162931	0.0007931487145989	3.5822910178505205e-06	-0.0452046116494102	-0.0749925350953759	0.0056238803200311	0.0020434569143739	0.0778620137511723	-0.0713904997832628	0.0060624931853877	0.005096603459304	0.0005320153559483	6.476180049999268e-08	2.830403389647963e-07	4.19409080400085e-15	-0.0027638885926635	-4.198179541959994e-05	7.639080152655422e-06	1.7624711466531424e-09	-0.0014367695458323	7.00126664632001e-05	2.064306727831153e-06	4.901773465287305e-09	0.0	0.0	0.0	0.0	0.0	0.0	0.0	0.0	0.0	0.0	0.0	0.0	0.0	0.0	0.0	0.0
6445.852103445074	-7.843619736169785	41549009.33948728	61.522370565632166	5241.910224745008	-3.429964418764939	27477622.804286264	11.764655913993508	4586.498969454215	-3.25265782572842	21035972.796804573	10.579782931272332	4516.408214140276	6150.479719754331	1.486757	40.179386	0.2565679393245618	0.1762830968195953	-0.0078314077	0.0958247362	-0.0647143031	-0.031729524	-0.0959218841	0.0692448089	0.0256806992	-0.0680343177	-0.0367389436	0.0006442511	-0.0749395262	-0.1388507607	0.0349775858	-0.0633374656	0.0199447468	-0.0526708236	0.0082002281	-0.0526435824	0.0780446713	-0.0029282365	-0.0069604613	-0.0474922067	-0.0413963569	-0.076429119	-0.0932657079	-0.1655775376	-0.0030995216	-0.05326336	0.0595086179	0.0462900404	-0.0335417445	0.0357756858	-0.0379503121	0.0490018109	0.0197546511	-0.0662099225	0.083159501	-0.0560759807	-0.0266416551	0.0367006553	-0.0362558173	0.0709076152	0.1214594385	-0.0167545049	0.0359568073	0.0040892726	0.0559646629	-0.0947426782	0.0089780021	-0.0530785965	-0.0375752046	0.07461075	-0.078178379	-0.0473952631	0.0796024589	-0.0795890362	0.0466613931	0.0370874119	0.0172834004	-0.0290732864	0.0534738982	-0.0135959509	0.1829483551	0.0232461393	0.1039680984	0.0191167415	0.0249645193	0.0694803734	-0.0395872157	-0.0366011693	0.0135812066	0.076029714	0.0125415211	0.0385068231	0.1057450591	-0.1404824593	-0.1104989937	-0.0199588446	-0.0722293765	-0.0214603349	0.0196784721	-0.0985231648	0.0579431168	-0.0077852744	-0.0596534477	0.0811403215	-0.0432259426	-0.0064210225	0.1072883064	0.0751182169	-0.0712236589	-0.0732004198	0.0923158253	0.1108256346	-0.043532651	0.0978017015	-0.0584651409	-0.0569624111	0.0057083014	0.0652199624	0.0031628501	0.0003909537	0.0053847834	0.0054401109	-0.0147328945	0.0544597586	0.014262397	0.0112171119	-0.0305719646	-0.0930150902	0.159088049	0.0335762122	-0.0188341253	0.0790153891	0.0795753884	-0.0483537802	0.0375975245	0.0311869908	-0.0459445206	-0.0825731167	0.0750060424	0.0660023994	-0.0101149863	-2.87753e-05	0.0318924912	0.0775428387	0.0787288431	-0.1095428531	-0.0515251599	0.0054416261	0.181122706	-0.0023137476	-0.0157189629	-0.057516573	-0.035421824	-0.0358559815	0.0209837061	0.0063027885	-0.0792898201	0.1118703445	-0.042821843	0.011612754	-0.0172073112	-0.011622488	-0.0135511937	-0.0207364456	-0.017923836	-0.0441076273	-0.1070870469	0.0985594055	0.044595688	-0.0191414412	-0.068570713	-0.0724387215	-0.0561343561	0.0377384953	0.0185679283	-0.0651713067	0.0231913093	-0.0673748778	-0.0337809577	0.0160599431	-0.0237072805	0.0104915667	-0.0298637428	-0.0321054169	0.0383994509	0.1404124276	0.0836707735	-0.0352729414	0.0177182917	-0.0889934638	-0.0507185253	0.0701862042	0.076744719	-0.0049986372993515	0.0231642587626482	2.4986374850468063e-05	0.0005365828840229	-0.0653299156207367	-0.0201253039713265	0.0004050278599382	0.0042679978750125	-0.0833060790188398	-0.1611680927700121	0.0069399028014931	0.0259751541271232	0.0013729777003911	0.0008409623444428	1.885067765771233e-06	7.072176647707306e-07	-0.0026530541267415	0.0001108344659219	7.0386961994201024e-06	1.228427883621497e-08	-0.001527178411879	-9.04088660467e-05	2.3322739017092645e-06	8.173763059850145e-09	0.0	0.0	0.0	0.0	0.0	0.0	0.0	0.0	0.0	0.0	0.0	0.0	0.0	0.0	0.0	0.0
6446.7753667111465	0.923263266072354	41560912.62883364	0.8524150584785901	5193.693054199219	-48.217170545789486	26974447.54123721	2324.895535441749	4587.955116545537	1.4561470913222363	21049332.15143637	2.12036435156621	4512.902844475128	6099.958273727701	1.203162	32.515285	0.1459032948545054	0.0674087479729496	0.042116799	0.032005043	-0.1207950726	0.0265795355	-0.0148261396	0.0710792849	0.1202299509	-0.0011022147	-0.0394854708	0.0545804111	0.0594101362	0.0137501299	0.0377992306	-0.0039353507	-0.0127195382	-0.0484924203	0.0323037798	-0.0852953011	-0.0085277873	0.0742314182	-0.0052456044	0.0691530824	0.1111772503	0.063177078	-0.0559530773	-0.0623837029	-0.0390472734	-0.0421815902	0.1671995396	0.0515623426	0.0553849899	0.0289613502	0.0289327964	-0.0206261388	0.0797862687	0.0382158251	0.1131229427	-0.0322882761	-0.1114697721	-0.0696221062	-0.0588705201	-0.0981898595	0.0258227818	-0.027963324	-0.0693758411	-0.0085801723	-0.0201897508	-0.0422305979	0.0530460283	-0.0068880595	0.1091786366	0.0336689721	-0.0605970282	-0.1725861988	-0.0318533833	-0.0403951099	0.088603502	-0.0216613008	0.0547549427	0.0435372314	0.0341020026	-0.0542289886	-0.0667368727	-0.0095648542	-0.0743946287	-0.07536611	0.033034937	-0.0248375963	0.1340701194	-0.086047895	-0.052995218	-0.0073270558	0.1257897777	-0.0715968562	-0.1681358568	0.0319601001	0.01157433	0.0228155763	0.0216048317	0.0645142417	0.0869506643	0.1258717615	0.0400072335	-0.0289556553	-0.1040287141	0.0089819262	0.0336679727	-0.0327918597	-0.0409325709	0.0069123731	0.1309087745	-0.0632045186	-0.0197035469	0.1144161058	-0.1093229513	0.0542661006	-0.0106468153	-0.0625949084	0.0657734662	-0.0625756093	0.0600157783	-0.0171227233	0.0185497568	0.0277149943	0.0057552654	0.0441447768	0.1228093799	-0.0434634175	-0.0444680364	0.0144230047	0.0361478039	0.0130681356	0.0511627336	0.0160931863	0.137978198	-0.0638729175	0.0016445824	0.0236876071	-0.0057104619	-0.0017744964	0.0206860929	0.144039309	0.1322816309	0.0267847153	0.055168543	-0.0664745884	-0.0702974002	-0.0012239606	0.0449846612	-0.0735238139	-0.0264595489	0.0876001876	0.0156567365	0.1165754073	-0.0599539487	-0.0535923509	0.0146531164	0.129478763	0.0215478716	-0.2044504994	0.1044598441	-0.0290065787	0.0440617457	-0.1048896001	-0.1087274671	0.0185543137	-0.0423292648	0.0052355984	0.021097578	-0.0511957157	-0.0216681865	-0.1377644653	-0.1168771219	0.0122501931	-0.0274936324	-0.0391631586	0.0247884344	-0.0501640119	0.0325691708	0.0327922261	-0.1325604422	-0.0048390341	0.0736298833	0.0571490094	-0.0604807586	0.0134415681	-0.0004039966	0.1973688512	0.0823006465	0.0308375196	0.016369406	-0.0899557625	-0.0471870168	0.0737901375	0.0724665061	-0.028505563889368	-0.0235069265900165	0.0008125671726508	0.0005525755977084	-0.0246477124488677	0.040682203171869	0.0016550416549172	0.000607509728962	-0.1020664366644297	-0.0187603576455899	0.010417557493374	0.0003519510189904	0.0005840786652932	-0.0007888990350979	3.41147887250686e-07	6.223616875783976e-07	-0.0026258208340208	2.723329272069988e-05	6.89493505237769e-06	7.41652232411325e-10	-0.001084234590757	0.0004429438211219	1.1755646477939994e-06	1.961992286701583e-07	0.0	0.0	0.0	0.0	0.0	0.0	0.0	0.0	0.0	0.0	0.0	0.0	0.0	0.0	0.0	0.0
6452.544909122285	5.7695424111389	41635335.80423992	33.28761963393048	5231.704166892723	38.0111126935044	27370728.48988268	1444.8446881982914	4578.451921053357	-9.503195492179657	20962221.993397176	90.31072456258376	4507.257361362412	6172.1654667627245	1.150698	31.09745	0.1141693229008718	0.0665686942080088	0.0482433013	-0.0003440197	-0.0304881731	0.0010601918	-0.0449324226	0.0893118076	0.0448662632	0.0323555103	0.0914634746	-0.0320249688	-0.0100838582	-0.0682285183	0.004912714	0.0882474001	-0.0093431324	-0.0574066103	-0.0482171448	-0.0051872895	-0.08806893	0.0911745157	-0.010721	0.0577008874	-0.0737105422	0.0003492509	0.0770757194	0.0390237127	-0.12039673	-0.0230875334	0.1133800178	0.0533630476	-0.0831221123	-0.0040089681	-0.0886328843	-0.2105277834	-0.0941866862	0.0144944072	0.0597900203	0.0122867414	0.0505889737	-0.0304036521	-0.0727473967	-0.0554113712	-0.0473864891	-0.0857702925	0.090930815	-0.0700457426	-0.0017614395	0.101205006	-0.0651728742	-0.0282066934	0.0680435713	-0.0403264985	-0.1119982722	0.0918227386	0.000755762	0.1361471435	-0.0948761084	-0.0430993378	0.0733663562	-0.0517414629	-0.0360483776	-0.0063124223	0.1014379474	-0.0653591291	-0.0495274105	-0.1668412471	-0.0386328727	-0.0136181589	-0.0492006444	0.0112589383	0.04272586	-0.0216288912	0.0664722443	-0.0451305607	0.0118129249	-0.0396855417	-0.0230128888	-0.0852628041	-0.0644378328	0.0478747286	0.0242716013	0.0449773054	0.0518249232	0.0390275235	-0.0577918896	-0.0760667328	0.0958101628	-0.0148997333	-0.0060584272	-0.126466126	-0.0794153603	0.0554369663	-0.0761795911	0.0577016503	-0.1283959681	0.0676488834	-0.0246253368	0.061244272	0.0235765718	-0.0582859162	-0.170268634	-0.0261500864	-0.0997819461	0.1063128499	0.1057107889	-8.071e-05	0.043904199	0.0547250331	0.0613225627	-0.0323137293	-0.1043796265	0.1387060863	-0.030212537	0.0242761119	-0.0676335879	-0.0049050501	0.0624702914	0.0116356908	0.0504544148	0.0159369679	0.0886098673	-0.1179973438	0.0029106557	0.0572594175	0.1328121836	0.1417915681	0.0037969507	0.0081533541	0.0301105028	-0.0019899208	-0.1243028704	0.096489867	0.0498863077	-0.0342738094	-0.074489398	0.0449885679	0.0625758319	-0.0642252744	0.0897687167	-0.0355545061	-0.0164829974	0.0951089097	0.0348904815	0.0007590276	-0.0498369305	0.0068404568	-0.0515850457	0.0378844145	-0.0859559482	0.0120017433	0.0376282558	0.0133539409	-0.0899248662	0.0298834086	0.0314843057	-0.0266451506	0.0011181687	-0.052880373	-0.0448300921	-0.0336424594	-0.1146652666	0.076651681	0.0197707786	-0.0056348337	-0.0275090567	0.0063252095	0.061718925	0.0475173499	0.1331727378	0.0606775605	0.0150171519	-0.0908440203	-0.0435681289	0.0771511802	0.067815642	-0.0259241506033447	0.0025814132860233	0.0006720615845048	6.663694553257611e-06	-0.0878640193135282	-0.0632163068646605	0.0039963014536069	0.007720085889928	-0.1134232010871727	-0.0113567644227429	0.0128648225448612	0.0001289760981536	0.0003162545825728	-0.0002678240827204	1.0001696099829597e-07	7.172973928502369e-08	-0.0024782260724389	0.0001475947615819	6.141604466115936e-06	2.1784213646417905e-08	-0.0014091125130036	-0.0003248779222465	1.985598074303321e-06	1.0554566436326785e-07	0.0	0.0	0.0	0.0	0.0	0.0	0.0	0.0	0.0	0.0	0.0	0.0	0.0	0.0	0.0	0.0
6455.557213293156	3.012304170870266	41674218.93410129	9.0739764178424	5206.500496871383	-25.20367002134026	27107647.42392196	635.2249825446056	4579.338026445355	0.8861053919981714	20970336.76044844	0.785182765728233	4505.80497382199	6140.150696867001	1.035728	27.990398	0.1738564231602149	0.1176527366584591	0.0626034946	-0.0058399114	-0.0121246355	-0.0350148633	-0.0432580035	0.0415162658	-0.0243846793	-0.0110252519	0.0552046592	0.0571065957	0.0867199322	0.0599715675	0.0274811174	-0.0108619561	0.0263106209	-0.0316776997	-0.0176184622	0.0536483914	-0.1690648088	0.1074088113	-0.0884706479	-0.0109879373	0.0669274608	-0.0467101535	-0.0776791969	0.0088571593	-0.1391694533	0.060688506	-0.0395304071	-0.0703857429	-0.0637514864	0.0099189525	-0.000147293	-0.0889386048	-0.0165266692	0.0220854622	0.0424894762	-0.0263062155	0.0397261481	0.0789553112	0.002251834	-0.1140599722	-0.1146902971	0.0364954142	0.0402828353	-0.036336686	0.0799424701	0.1012153934	-0.0004556341	0.0211313667	-0.0056255027	0.0199698864	-0.0926847667	-0.0652079814	0.0543928703	0.0825222531	-0.0374021639	-0.0488168937	0.0404000135	0.0981462649	0.0410963195	0.0039073467	-0.0598897474	-0.0127147254	-0.050897894	0.0524596047	0.00069512	0.0237405601	-0.0258621127	0.0030189801	0.0459077743	-0.0880607497	0.0564716381	0.1432962443	-0.0103671701	0.0994672713	0.0953730155	0.050393816	-0.0519769762	0.0555811293	-0.0344866945	-0.0747757039	0.0429091688	0.0092013904	0.0446458733	-0.1231090223	0.1184969858	-0.1466708237	0.0142148553	0.0762548551	0.0231735215	-0.0457690878	-0.0644117604	0.1020912751	-0.0125720508	-0.0633897625	0.0756372597	0.08894859	-0.0494482728	0.0171434089	-0.1054128962	-0.0192111677	0.0070099451	0.0987419131	0.0222981542	-0.0103742343	0.0178310679	0.0689803908	0.0688384951	-0.0334015549	-0.1093540335	-0.0468722332	0.0133801847	0.029592753	0.0188454983	0.0088993786	-0.1157880141	-0.0004459609	0.0753052722	-0.0251504717	-0.0468483824	0.0002524855	0.0165573541	0.0128795909	0.0096145885	-0.0059321277	-0.1050771219	-0.053828652	-0.0168747898	-0.0118464121	-0.0726033254	0.0592130503	0.0789463693	-0.0634624062	0.1134276995	-0.0049247737	0.0691182108	-0.1767026573	-0.0281533585	-0.0947175554	-0.024099108	0.0318803364	0.0086572951	0.0369887041	0.0027113609	-0.1537117251	-0.0622122522	0.0280002589	-0.0186050196	0.0464773938	0.0214432091	-0.1155726815	0.0169935394	0.066059817	0.1054036614	-0.0550551603	-0.0512958923	-0.014474434	-0.0420211674	-0.0389288569	-0.0321237103	0.0805290788	-0.0682199272	0.100921021	0.036375623	0.1238610437	0.0375051122	0.0795349333	0.1384640741	-0.0706250087	0.0136618075	-0.0916575064	-0.0398685628	0.080258269	0.0628160431	0.0099839693461092	0.0359081199494539	9.967964390404818e-05	0.0012893930783043	0.0193535919138554	0.1072176112273836	0.0114956161573063	0.000374561519968	-0.1105244173184303	0.0028987837687424	0.0122156468235785	8.402947337924422e-06	-0.000151637026648	-0.0004678916092208	2.2993787850646263e-08	2.1892255797922987e-07	-0.002477902582743	3.234896959001393e-07	6.140001209564429e-06	1.0464558335356461e-13	-0.0013206894476276	8.842306537599999e-05	1.7442206170748952e-06	7.818638490488367e-09	0.0	0.0	0.0	0.0	0.0	0.0	0.0	0.0	0.0	0.0	0.0	0.0	0.0	0.0	0.0	0.0
6483.099545199726	27.542331906570325	42030579.71296889	758.5800468516818	5276.42448187934	69.92398500795753	27840655.312975667	4889.363679393069	4588.289824411516	8.951797966160484	21052403.512798257	80.13468682695498	4517.382084251148	6264.342295439347	1.262763	34.126003	0.3173883587851167	0.1491391198554416	0.1428752003	-0.141957182	-0.0006332162	0.0600531343	0.0393219241	0.0672381642	-0.0700580407	0.1354707296	0.0469556398	-0.0141745316	0.0481705106	0.0550735839	0.0398664331	0.1411834984	-0.0246824326	-0.0399861565	0.0298863913	0.0805258779	-0.1595186081	0.0853424162	0.0566472401	0.0916517134	-0.0213094266	0.102183766	0.0469939181	-0.0097721108	-0.081051408	0.0486999449	-0.0261127796	-0.0025647603	0.0124608393	-0.0028654884	0.0274748955	0.013174065	-0.0325808602	-0.0665942948	-0.0186249745	-0.0635766639	-0.0418898943	-0.0820641935	-0.0692596459	0.0294653954	0.0290534454	0.1296205647	0.1288947556	-0.0784307846	-0.0806263715	-0.0175791578	-0.0870680521	-0.0005837447	-0.0637476987	-0.0193492694	0.0455469293	-0.0489315171	-0.0006202625	0.0074114606	0.0914246608	0.0497331263	-0.0444985716	0.013960275	0.0357706845	-0.1196932472	0.0063972037	0.076378428	0.0037964181	0.0955713846	-0.0385118853	-0.1543675176	0.0321854488	0.0139532721	-0.0350802929	-0.0045021706	0.0434401945	0.0501742308	0.1595604497	0.0320367458	0.0477587072	-0.0236982842	0.0460752553	0.0759626968	-0.1074974624	-0.0284406894	0.0521759905	-0.0416911633	0.0451646125	-0.1234463003	0.1533523243	0.0030151191	-0.0349406021	-0.0977733605	0.0331917451	0.0456371372	0.0237164999	0.0994237067	0.0364943966	-0.0728467743	0.0313487393	-0.0046584362	-0.0333581487	0.0749189656	-0.012372847	0.039233946	-0.0618040775	0.0737903111	-0.0587424797	0.100219383	0.0433575806	-0.0079426482	-0.0157191563	0.0685791534	0.0278384856	-0.0015125686	0.0624498268	0.0993649523	0.0035069522	0.012895065	0.0409589709	-0.1083939381	-0.0591816153	-0.0831263	-0.1334084095	-0.0489282665	-0.1375016685	-0.0347531197	-0.0072633125	-0.0736952772	-0.0420187321	0.0070181497	0.0810785723	-0.0036225609	0.0811211951	-0.090061552	0.0697693644	-0.0197498367	-0.0239329282	-0.0098173165	0.022055963	-0.0137835439	-0.0513323901	-0.0055401172	-0.0584583565	-0.0301670428	-0.0376566388	-0.0309982028	0.1954857128	0.0191152012	-0.0887329675	0.1663662439	-0.0094222196	-0.0364233502	-0.0719531449	0.0576146739	-0.0232051597	0.0872607991	0.0689195301	-0.0351936129	-0.0671120945	0.0080153776	-0.0758453064	0.0219940279	0.0127340533	0.0469772607	0.0073215188	0.0164172644	0.0130553042	0.0085501274	-0.0321592933	-0.0040429171	0.0466806885	-0.0079349439	0.0123036518	-0.092395551	-0.0360951694	0.0831011765	0.0574934194	-0.032530761647763	-0.0425147309938722	0.0010582504533835	0.0018075023514813	-0.0857099926813447	-0.1050635845952001	0.0110383568079927	0.0073462028454361	-0.1680143235227547	-0.0574899062043244	0.0282288129088088	0.003305089315382	-0.001888764191061	-0.001737127164413	3.5674301694343136e-06	3.0176107853415497e-06	-0.0024747782626637	3.124320079299619e-06	6.1245274493527625e-06	9.761375957914776e-12	-0.0018268407029697	-0.000506151255342	3.3373469540268277e-06	2.5618909328438365e-07	0.0	0.0	0.0	0.0	0.0	0.0	0.0	0.0	0.0	0.0	0.0	0.0	0.0	0.0	0.0	0.0
6478.552466209892	-4.547078989833608	41971642.05743428	20.675927339786224	5259.220380542896	-17.204101336444182	27659399.011117768	295.9811027946405	4589.96062624502	1.6708018335039014	21067738.55047957	2.791578766839999	4516.08190865336	6279.059333050966	1.016207	27.462864	0.0769136054061224	0.0387233091909265	0.131918989	-0.0592815354	0.085665841	-0.0200321574	-0.0340603765	0.0889769517	-0.141444202	0.0400306763	0.044681752	-0.0932505654	-0.0217833841	0.023380913	0.0520183474	-0.1040442821	-0.0776626052	-0.1301384378	0.0385600723	0.0733232975	-0.0439360464	-0.0348709552	0.0090567307	0.0923807157	-0.018572861	-0.0279326108	0.0506275411	-0.0239294219	0.0437956581	0.1269521305	0.0154853761	-0.1254682252	-0.0979628262	0.0632440303	0.0928575139	0.0142293643	0.1082256968	0.0241616264	0.0070408121	-0.0250796064	-0.1040416111	0.0067438912	0.0182612623	-0.0408338353	-0.0166554765	0.1462418714	0.0396458753	-0.0623565256	0.0442483278	-0.0392835375	-0.0063429067	-0.0702256043	0.0891236078	-0.0703122626	0.0953401367	0.061930061	0.030191481	0.1419591704	-0.1040289319	-0.0450919476	0.0883005993	-0.0034641772	-0.125131436	0.0917796543	-0.0089558374	-0.0103771677	-0.0422959417	0.0518880377	0.0678794157	-0.0507416318	-0.0529831469	0.0650042965	-0.0847075425	0.062103917	-0.0255595169	0.037051735	-0.0221759684	0.0056739692	0.0105648508	0.0199024651	-0.0252426652	0.0135801578	0.0248616981	-0.0552495597	0.1261529406	-0.0546154758	0.0887203067	-0.0537430853	0.011881487	0.0188307562	-0.0780685838	-0.0142344895	-0.0227816806	-0.0014477494	0.1053833238	0.0014724287	-0.1321410697	-0.1003181992	0.0665019624	0.0366719162	-0.1159605652	-0.0262205396	0.0878244882	0.0318381521	0.0445031953	-0.000157991	-0.0005441915	0.0528966447	0.045174659	0.0368953401	-0.0726876204	-0.0867763893	-0.0583096135	-0.0592627649	0.0465139466	-0.0143831494	-0.0175320476	0.1045935249	0.0018750614	-0.1565974339	0.0035774581	0.0064540905	-0.0643574352	0.0176611335	0.0102060124	-0.0668120465	-0.1174230235	0.1203269202	0.0161045161	0.0759243733	-0.172090501	0.0294347291	-0.0659570806	-0.0779732796	-0.0004035405	0.1419767401	0.002145312	-0.0294980682	0.0442441668	-0.0518190559	0.0739616457	-0.095238143	0.0300985917	0.014566287	0.0288138165	0.0210451205	-0.0556878502	0.0465031827	-0.098859959	0.1186374532	-0.0428604812	0.0154244873	-0.0619936676	0.0149389415	0.0589353473	0.0106404995	0.0823952825	-0.0207905435	0.0033115228	0.0234001396	-0.0821252888	-0.0266863116	-0.0039038983	0.0225087403	0.0235763782	0.0027266272	-0.0707219873	-0.0674125868	0.0809253414	-0.0197878864	0.1256092036	-0.0142820927	0.0109429642	-0.0930575468	-0.0322549359	0.0856705448	0.0518751419	-0.0146541179775283	0.0178766436702347	0.0002147431736993	0.0003195743889125	-0.0707271111290879	0.0149828815522568	0.0002244867396089	0.0050023242486663	-0.1629360056095237	0.0050783179132309	0.0265481419239867	2.5789312827842755e-05	-0.0012629537083028	0.0006258104827582	1.595052069315794e-06	3.916387603300514e-07	-0.0024752542370016	-4.759743378996394e-07	6.1268835377943725e-06	2.265515703390001e-13	-0.0019800694912816	-0.0001532287883119	3.920675190304175e-06	2.347906156753312e-08	0.0	0.0	0.0	0.0	0.0	0.0	0.0	0.0	0.0	0.0	0.0	0.0	0.0	0.0	0.0	0.0
6462.092941850278	-16.45952435961408	41758645.18911118	270.9159421447293	5284.126374873408	24.90599433051193	27921991.545632787	620.3085535914925	4588.998023796151	-0.9626024488688928	21058902.862404976	0.9266034745683892	4517.421491533049	6243.082630931467	1.134774	30.667101	0.0839524303383153	0.0500150692801297	0.1167929173	0.0008658803	-0.0525442811	0.0400122097	-0.0723797748	0.0933540017	0.0586330244	0.0264673681	-0.1512342783	-0.0393147845	-0.0932221858	0.0999689371	0.0526718102	-0.115982003	0.0562880718	-0.0929874621	0.041740528	-0.0573122037	0.0909492229	0.0241556275	-0.0463086993	0.012002308	0.0116446658	-0.0088103311	-0.0330683407	-0.078596098	-0.0267490293	0.0601010184	0.0115112629	-0.0307886751	0.0767101398	-0.1219483666	0.1471158431	-0.0549752097	0.0854118126	-0.018608505	-0.0568509398	0.0456159406	-0.0145893327	0.0339005994	0.1203534549	-0.1319296136	0.0539970214	0.0546862745	0.1623562761	0.0154112626	0.0272092381	-0.0268307174	0.0269398051	0.0485207973	0.1095827059	0.1784593448	-0.1053362444	-0.0142083724	0.0089505972	-0.0174890338	0.020608148	-0.0050878056	0.070659805	-0.1432586734	0.0525509383	-0.0438911918	-0.0473653893	0.0932889639	0.009791613	-0.1003379976	0.0414506043	-0.0670554396	0.0016708201	0.0536759486	0.0284533924	-0.015964904	-0.0449261281	-0.0082547082	0.0533165429	0.0020076173	-0.0806338749	-0.1199665983	-0.0158746046	-0.0566990734	-0.0862894111	-0.0132482946	0.0895980607	-0.0530292346	-0.0398527908	0.0876533496	-0.0317364322	-0.0373688443	0.0272778368	0.0175013702	0.0480070804	-0.0582887188	0.068543881	0.1016013681	0.0165782665	-0.1269691888	0.1084257082	-0.0097641794	0.0609321397	-0.1081118394	0.0565518055	0.1825610555	-0.0446132551	-0.0042898666	-0.0053144961	-0.0152549519	-0.0279921423	0.0101620341	0.0144556343	0.0562841354	-0.0165791454	-0.0494366216	-0.030427694	0.165425363	0.0473796543	0.0027213102	0.0177979162	-0.0595108267	0.0514280543	0.0175360775	0.0321187346	-0.0153246186	0.1216556116	-0.0215836032	-0.0187600125	0.0956397934	-0.1840229408	0.0887756672	0.0551650588	0.0093066586	0.0151626461	-0.051787665	0.1009317488	0.0036771647	-0.0057051326	0.0602214992	0.0101280372	0.0759780412	0.0214062875	0.061116741	-0.0285373735	0.0561183918	-0.1211028306	0.0155234415	0.066426818	0.0854565842	-0.0751093093	0.1102287029	0.0112836912	0.0078869689	-0.0774249874	-0.0709742322	-0.0217419452	-0.0260706786	-0.0952804656	0.0650254762	0.0351287305	-0.040318565	-0.0426565419	-0.0134156931	0.0836567617	-0.0488582154	0.1265768323	0.0107420828	-0.0872614979	-0.0046254946	-0.0631409265	-0.038528823	0.0407074587	-0.0700993275	0.0095800247	-0.0936429488	-0.0283549738	0.0879579165	0.045990102	-0.008450395170314	0.0062037228072143	7.140917853446618e-05	3.848617666875088e-05	-0.0435501934563262	0.0271769176727617	0.000738584854192	0.0018966193500834	-0.1225334091780894	0.0404025964314343	0.015014436364805	0.0016323697984013	-0.0012632064813712	-2.527730684001584e-07	1.595690614578208e-06	6.389422410843113e-14	-0.0024751262169289	1.2802007269985954e-07	6.1262497897287685e-06	1.6389139014077324e-14	-0.0021830725666786	-0.000203003075397	4.765805831384691e-06	4.1210248620640095e-08	0.0	0.0	0.0	0.0	0.0	0.0	0.0	0.0	0.0	0.0	0.0	0.0	0.0	0.0	0.0	0.0
6439.516188187644	-22.576753662634477	41467368.73793072	509.7098059432791	5223.071129240813	-61.05524563259496	27280472.021108903	3727.743019256506	4577.680881410438	-11.31714238571294	20955162.252030645	128.0777117785004	4504.667439565608	6086.047818126639	1.455182	39.326096	0.339929504494646	0.2502581651714212	0.0065106057	-0.0966182038	-0.0854174035	-0.0066173944	-0.0738883739	-0.0584144327	0.0251669274	-0.0583042926	0.0072110777	0.0476910901	-0.0295413292	-0.0655787845	0.1680740159	0.0248149232	-0.0597311925	0.0421149295	-0.0217461691	-0.0209236419	0.0624862024	0.0806216798	-0.0676173391	0.1350661385	-0.0811022148	0.1080256906	-0.0360748417	0.0419054824	0.0457968663	0.0667610102	0.0085676496	0.1066317609	0.0428975378	0.1656530537	0.0231424326	0.0159424043	-0.016381727	0.0451602216	-0.0146569886	0.0455313099	0.0179200247	-0.055091611	0.0548386987	0.0655848095	0.0662582802	0.0300527944	-0.1263195842	0.081135016	0.0819451492	-0.0732795389	-0.0540827534	-0.109077588	0.0395180694	-0.0996663571	0.0186856353	-0.1345968653	0.0644409198	-0.0415546682	0.0098460833	-0.0162364299	-0.0191094865	-0.0885420606	-0.0447123623	0.0212394715	0.0247198544	-0.06032134	-0.0145470301	0.0504074852	-0.0423485409	0.1373363976	-0.0355837972	-0.0602617599	-0.0311384192	-0.0086146866	-0.0861961288	0.0423118893	0.1191100464	0.0635450576	0.1356947964	-0.070656095	-0.0852705263	-0.0069929052	0.0878688046	0.0514288658	-0.0517952634	0.0241165466	-0.0478658257	0.0738774001	0.0317875155	-0.0708183037	-0.0540055859	-0.2121135139	-0.007886526	-0.054076449	0.0156126429	-0.0883306695	-0.071951347	-0.0692408428	-0.0859172674	-0.1846421052	-0.1166206224	-0.0608654227	-0.047781078	-0.1262527458	-0.0086428017	-0.0399626353	-0.0136439955	-0.0234409236	0.0493379341	-0.0746983756	-0.0197423839	0.0058794279	0.0019721512	-0.0055144994	-0.0874740342	-0.0734499914	0.0228831229	0.0679508015	0.0611777397	-0.0595384523	0.0140894555	-0.0390568268	0.0712826938	0.1845058521	-0.0569835816	-0.0965873951	-0.0263866365	0.0356016022	0.0337961153	0.0308666129	0.0236852347	0.0689167103	0.0268699071	-0.0281565008	-0.0706704543	-0.0393877182	0.0088891988	-0.0248906282	-0.0723100699	-0.0047976065	-0.1413480225	0.0983075281	0.0705168395	0.0529775012	0.0356351549	-0.0891655328	0.1412589265	-0.0797254202	0.0591942484	0.1460807111	0.1220861586	0.0800514291	-0.0569655808	0.0107430251	-0.0335804245	-0.0287426513	-0.0866292043	-0.0772947919	-0.0949190432	0.0057447836	-0.0653061445	-0.0636871307	0.1370517559	0.1517781919	0.0306380052	-0.1146940363	0.0506786551	0.0241053182	0.1337064787	-0.011017512	-0.0185454043	0.0194207117	0.0082151139	-0.0941512753	-0.0244025048	0.0899557625	0.0398685628	-0.0082853141405365	0.0001650810297775	6.864643040737407e-05	2.725174639240013e-08	-0.0261914995115688	0.0173586939447574	0.0003013242554677	0.0006859946466645	0.1052823538146867	0.2278157629927761	0.0110843740247608	0.0519000218679807	-0.0026011071119471	-0.0013379006305759	6.765758207821784e-06	1.789978097295391e-06	-0.0019231636180145	0.0005519625989144	3.698558301654621e-06	3.046627106003389e-07	-0.002185008667735	-1.9361010563999186e-06	4.77426287807708e-06	3.748487300592881e-12	0.0	0.0	0.0	0.0	0.0	0.0	0.0	0.0	0.0	0.0	0.0	0.0	0.0	0.0	0.0	0.0
6467.855394137343	28.33920594969913	41833153.39947152	803.1105938594628	5220.775613968461	-2.295515272352532	27256498.01140776	5.2693903656037175	4589.704451945415	12.023570534976898	21065386.95620756	144.56624840956465	4517.182345452293	6113.779065861711	1.233369	33.331612	0.1648377378962129	0.0935638658793449	0.0009025416	-0.102756942	0.0944673239	-0.0576495717	-0.1195367603	-0.0928287237	-0.0908875742	-0.0363101635	-0.0099140701	0.0169322823	-0.0491318181	-0.0005972851	-0.0012701887	0.0749611885	0.1738419051	0.03554572	0.039670021	0.078182262	0.1083652926	-0.0343913285	0.0251634626	0.0473890115	-0.0788633022	-0.0040677954	-0.0867596867	-0.0238908932	-0.0506274086	0.0073273989	-0.0244136422	-0.0449744252	0.0313093694	0.0119075859	-0.0398000329	-0.0911699994	-0.015291212	0.007814047	0.0436053447	0.0130013281	-0.0221089439	0.0330491481	-0.0182649828	0.0389280785	-0.0668053033	-0.0084540341	-0.097340269	0.170275707	-0.0608443536	0.244511548	-0.0879667686	-0.0769737894	-0.0125015832	0.0534001906	0.0526407777	-0.0853078127	0.0892971945	0.0075246575	0.0704256363	-0.0730981525	0.0159536865	0.0319790189	-0.0282146822	-0.0782450714	0.0321989598	-0.0413303972	-0.0356351567	-0.0633640717	0.0164937677	0.0365840475	0.0342812568	-0.1021329001	-0.0679619459	0.0594601577	-0.160480611	0.0238168409	-0.0569496305	-0.0952910847	0.0788436186	0.0975649232	0.0521585213	-0.0188330414	-0.0424810563	0.1345761297	-0.0359866645	-0.0481272025	0.0757076312	0.0853671361	-0.02523479	0.0492814568	-0.0132302943	-0.0640999006	-0.0614632744	-0.1015365395	-0.009573415	0.0446279887	0.042168919	-0.0470526281	0.0211035553	0.0008662101	0.035408074	0.0002859202	-0.0615594684	-0.0885437775	-0.0410879984	0.0831926944	0.0553486314	0.0213693445	0.1126725916	-0.0501974644	-0.0020495186	-0.0621251096	0.0365968722	-0.1403453244	-0.0511080652	-0.1160579444	-0.0619047287	0.0334620573	0.0213056271	0.1672308548	0.0904384579	0.0959846044	-0.0050438406	-0.0019427647	-0.0381006766	-0.0404779367	0.0367784881	0.0608577497	0.0292514857	-0.0370040425	0.0073778497	0.0434271815	-0.0090652968	0.0072995897	-0.025313198	-0.1051870546	-0.1145410391	-0.1452590822	-0.0313212078	0.0495676137	-0.0428621437	-0.0369973508	0.0326633522	-0.1297244466	-0.0812411384	0.1368354682	0.082264948	-0.0662256109	0.0461703147	0.1237140525	-0.0287526796	0.1272710927	-0.0279040939	0.0658380846	0.0557490189	-0.0781432533	-0.020883766	-0.0360869733	-0.0483363291	0.0163196852	-0.0033050269	0.1049457744	0.0288494069	-0.1157140233	-0.0301328983	-0.0377533438	0.0962256511	0.0759561897	0.0089273995	0.0078356168	-0.0712826005	-0.0148388509	0.0068485126	-0.0945821078	-0.020404848	0.0916575064	0.0335420038	-0.0122296740701415	-0.003944359929605	0.0001495649278618	1.5557975254273562e-05	-0.046397483145057	-0.0202059836334881	0.0004082817745967	0.0021527264421958	0.037534492023127	-0.0677478617915597	0.0014088380914341	0.0045897727773282	-0.0016751654202563	0.0009259416916908	2.806179185222466e-06	8.573680164112208e-07	-0.0022208699715968	-0.0002977063535822	4.93226343074037e-06	8.86290729632694e-08	-0.0019498660621769	0.0002351426055581	3.801977660429251e-06	5.52920449486522e-08	0.0	0.0	0.0	0.0	0.0	0.0	0.0	0.0	0.0	0.0	0.0	0.0	0.0	0.0	0.0	0.0
6451.229780682312	-16.62561345503127	41618365.68316235	276.41102275611684	5199.721826623987	-21.05378734447368	27037107.07426989	443.2619615463199	4586.089979481931	-3.6144724634841614	21032221.299904574	13.064411189285268	4512.963096870068	6208.8724305896285	1.368915	36.994747	0.1202196990982559	0.058998441101956	0.0787474306	0.0126746317	-0.0621554198	-0.0024742374	-0.1049814784	0.0875843133	0.0555185657	-0.0674402345	-0.0299318653	-0.0575364651	-0.0065130947	0.0412387985	0.1561583416	-0.0088641015	0.1017670879	-0.0731954263	0.0253256288	-0.0264488355	0.073985662	0.0198383615	-0.0632896633	0.0691125213	-0.0359835202	0.0508697178	-0.1014228983	-0.0910875108	-0.0358210728	-0.0223402909	-0.0951036262	0.0697744421	0.0051775824	0.0910603169	-0.0673450698	-0.007543713	0.0571895955	-0.0697294645	-0.0671654424	0.0739263205	0.0005360661	-0.0110339871	-0.0142270694	-0.0195591172	-0.0512869884	0.0322514389	0.0335487908	-0.1683102118	-0.1300002804	0.1567742087	-0.043937908	-0.00173822	-0.0185832249	0.0279574286	-0.0171627339	0.1742966979	0.0744014362	-0.0113870241	0.0484643945	-0.1164236065	-0.0754017456	0.095151115	0.0657431481	0.0420282598	0.0421451921	-0.011606712	-0.0651762473	-0.0370884278	-0.0553307925	-0.0148251507	0.1111296826	-0.038197067	0.0388123592	0.0080097319	0.0201871706	-0.084050179	0.0081901898	0.0819238156	-0.0447454135	-0.0751921441	-0.0818365098	-0.007235897	0.1393589633	-0.05744827	0.0785973458	-0.0288731402	-0.0415374233	0.0806215199	-0.0267632701	-0.0523406169	0.0037963785	-0.0499404166	0.0135439179	-0.0999565986	0.0885451636	0.0794005265	0.0826824194	0.0141526472	-0.0495589361	-0.0209362418	-0.0730491069	0.059985366	-0.0993856676	0.0673197891	0.0342668608	-0.0262019841	0.1087803564	0.0418487147	0.0468078686	-0.0217653689	-0.007850716	0.0391131881	0.0040873479	0.0428286355	0.031563193	0.0159127375	0.0503106753	0.0267906405	0.0880879099	-0.0082656431	0.1471910009	0.0117692789	-0.0037616314	-0.1915222879	0.0456261195	0.1547587147	-0.0119483464	-0.0296568663	0.0752399254	0.0275135869	0.0611975621	-0.1026640584	-0.0421964528	0.1187365402	-0.0548263918	-0.0522944735	0.0470713313	-0.0914978363	0.0947331434	-0.0068480216	0.0559308234	0.0348626672	-0.064770411	-0.0123003309	0.1206217862	-0.0592706741	0.0419878677	-0.1144941599	-0.0292058931	0.0975583593	0.0336372069	0.0703314509	-0.0338438867	-0.078964494	0.0188009904	-0.026280705	-0.0948107554	0.0718646169	0.0610452364	-0.0600904475	0.0411593388	-0.0439439952	0.0870160074	-0.0015683037	0.0395800949	-0.0371297252	0.0187592994	-0.0544989814	-0.0203406075	-0.0635648188	0.0392245924	-0.0426909615	0.005480502	-0.0949350916	-0.016369406	0.0930575468	0.0270429587	-0.0097015877227164	0.002528086347425	9.41208043415616e-05	6.391220580037182e-06	-0.0243004003130096	0.0220970828320473	0.0004882810696863	0.0005905094553725	-0.0040430714628314	-0.0415775634859584	1.6346426853561634e-05	0.0017286937854289	-0.0012659055633703	0.000409259856886	1.6025168953718766e-06	1.674936304583492e-07	-0.0026581263199998	-0.000437256348403	7.065635533075679e-06	1.9119311421872577e-07	-0.0021836891855444	-0.0002338231233675	4.768498459063565e-06	5.4673253021333134e-08	0.0	0.0	0.0	0.0	0.0	0.0	0.0	0.0	0.0	0.0	0.0	0.0	0.0	0.0	0.0	0.0
6446.575048383413	-4.6547322988990345	41558329.8544396	21.66653277441389	5244.386825674552	44.6649990505648	27503593.1773088	1994.962140186955	4584.459261321193	-1.63071816073807	21017266.718713656	2.659241719760953	4510.8422501178975	6038.075831694632	1.261224	34.084393	0.144254799768716	0.0868905087356544	-0.0323381211	-0.0827570111	-0.0896007901	0.0027494374	0.0011377854	-0.0517971795	0.0844225755	-0.0340083126	-0.0191713809	0.0976546277	-0.0904903458	-0.0309374401	0.0676695068	-0.0042183598	0.041838431	0.0488577449	0.0036621271	-0.0326253523	0.0682522696	0.0515577284	0.0175016846	0.0603999154	-0.0315930949	0.0710010913	-0.0217627289	-0.0050003159	0.0513429395	-0.0110969666	-0.0623103245	0.0029990096	0.0303047576	0.1095947515	-0.1141943227	0.0989443009	-0.0181384551	0.0076485211	0.0299532985	-0.0605425184	0.0388788744	-0.1414841353	-0.0545690448	-0.0575585812	6.15761e-05	-0.0224503962	0.0057765212	0.0088188601	0.0447777276	0.0865570717	-0.0071958306	0.0443093395	0.0423829609	-0.0194420981	0.0177854918	0.0093475184	0.0786328871	-0.1414821282	0.1474719236	-0.0390629784	-0.0978646869	-0.05840244	0.0104151709	-0.0012881843	0.0346034874	0.0435818967	-0.1015608867	-0.0615307702	0.0205665528	0.0612424062	0.0475560838	0.0912973118	-0.0595556784	-0.0382915619	0.0039561496	0.0426186074	-0.0267805082	-0.0531909413	0.0424730392	-0.0752259106	-0.0605362995	-0.0078221104	-0.1114690854	0.0785081893	-0.0554263794	-0.0049401571	-0.0500296536	0.0716649836	0.016050829	0.0093394476	-0.0026114975	-0.0888200802	0.0389250342	-0.0419157944	0.0189531865	0.0010773797	0.0295078598	0.0148032459	-0.0115383013	-0.0660071801	-0.0709505661	0.0964202137	0.0024292315	-0.1103790065	0.0847159999	0.0910583216	0.0236008595	0.0983603279	0.0558085327	-0.0824450358	0.0037985451	0.0823359466	-0.0419624569	-0.008213985	-0.0624813279	-0.0304964634	0.0155753916	-0.0452651903	-0.0689150038	-0.0640000388	0.0497115864	-0.0109079446	-0.0077904695	-0.0194922438	0.1081077302	-0.00724693	0.0019241016	-0.0979386316	0.0349711859	0.0368927546	0.035536645	0.0667895302	0.0333824304	0.0166334344	-0.0005907719	-0.0239506776	-0.0555137924	-0.0578747869	-0.0465452738	0.0105854039	-0.0235338051	-0.0811250752	0.1102672656	0.1383935919	-0.0205656396	0.0477855601	0.0444455292	-0.0412708704	0.0564655644	0.0739431227	0.0756308847	0.0044420605	-0.0112305473	0.033181466	-0.0255620065	-0.0174082285	-0.1064388944	-0.019539559	-0.0661158457	-0.0352121581	0.0173984316	-0.0271504652	0.110465604	0.0255304766	-0.0691399049	-0.0152949534	-0.0141228913	-0.0053899587	-0.01731568	-0.0049898321	-0.053574136	-0.0215084461	0.0041113636	-0.0952099364	-0.0123036518	0.0941512753	0.020404848	-0.0110376439987192	-0.0013360562760028	0.0001218295850424	1.7850463726464724e-06	-0.0525564533475204	-0.0282560530345107	0.000798404533089	0.00276218078847	0.0768202741410561	0.0808633456038875	0.005901354519107	0.0065388806622537	-0.0008426287274366	0.0004232768359336	7.100231723014239e-07	1.7916327983804437e-07	-0.0024070848785699	0.0002510414414299	5.79405761263987e-06	6.302180531520192e-08	-0.0021820205658217	1.6686197227000488e-06	4.761213749668852e-06	2.784291778983588e-12	0.0	0.0	0.0	0.0	0.0	0.0	0.0	0.0	0.0	0.0	0.0	0.0	0.0	0.0	0.0	0.0
6436.533162814833	-10.041885568579346	41428959.15601512	100.83946577244214	5259.0375479239	14.650722249348291	27657475.93047343	214.64366242754903	4574.149264315253	-10.309997005939294	20922841.49223577	106.2960382624772	4501.569158114101	6045.903894199348	0.971489	26.254362	0.1612600199251161	0.0820354682317046	-0.0812825339	0.0472281838	-0.0599594444	-0.0010412047	-0.0378867926	-0.0818939303	0.0639726616	-0.0499480198	0.0008428434	0.0278125088	-0.0573411146	-0.096282584	0.027750499	-0.0695568574	-0.0447452386	0.0813743241	-0.0632740603	-0.0313947265	0.0314638551	0.049418443	-0.0081192289	-0.0080682112	-0.0845631335	-0.0268865195	0.0263400663	-0.0076236945	-0.0218319214	0.0512561219	0.030598167	-0.0832020198	0.0348721537	0.1882787155	-0.0328804019	0.0030330072	-0.0061089452	0.0873832865	-0.0080650691	0.0564978546	0.0405540386	-0.0185257233	-0.0808208658	0.0084022526	-0.0002027941	-0.113178786	-0.0813747179	0.0498207559	-0.0844108301	0.149541764	0.0648097136	0.0382282741	0.031486253	0.0334972316	0.0066027177	0.012468899	-0.1093105418	-0.057488618	0.0664957969	0.0860046243	-0.0090321448	-0.0379838611	0.0388443064	-0.0736992931	0.0779714376	-0.0201835689	0.006640953	0.0094007338	-0.0635372157	-0.0535059494	-0.0382790264	-0.05453905	-0.1050710196	0.010427292	0.1012047689	-0.0471858689	-0.1210145279	0.1245884622	0.0076404941	0.1115095834	0.0653584366	0.164023447	-0.0601711347	-0.0974177823	-0.0758461641	0.0695119688	-0.0357602953	0.0318432997	0.0088030989	-0.0241197823	0.0524536363	-0.0178065344	-0.0578562606	-0.0013110068	-0.0203979277	0.019479633	-0.0532918487	-0.0357168181	0.0594174174	-0.0701291181	-0.0769510824	0.0359622546	0.0345475535	-0.1701969564	0.0595289483	-0.0210042386	0.0652994471	-0.0363953136	0.0083565118	-0.1451971627	-0.0095875401	0.0568131249	-0.0213309009	-0.0476913369	0.0945477317	-0.0108645756	-0.0638273632	-0.0734782862	-0.0803518587	0.1145597189	-0.0469747651	0.0603156343	-0.0957961826	-0.0943872589	0.0789177259	0.0641834965	0.1046454514	0.0084875685	0.0277071988	-0.0457517516	0.0239736721	0.0283014243	0.084745781	0.0748336699	-0.0130045999	-0.0530206527	-0.0997563754	0.0490278177	-0.0367409221	0.0137220437	0.06684428	-0.1250309913	0.0113293637	-0.0703420428	0.0277230257	-0.0760321566	0.0745723777	0.0256049158	0.0878653365	-0.0130915174	-0.0313273418	0.0636905908	-0.0073200003	0.0300053042	-0.0237726394	-0.0186014332	-0.0562553437	0.041279771	-0.1377076979	-0.0326646113	0.0368900245	-0.1067447409	0.0332214019	0.0539954671	-0.0633894886	-0.1411939721	-0.0301428469	-0.1159411974	-0.0159595554	0.0062716507	-0.1169739753	0.0792932768	0.0027413792	-0.0954064159	-0.0082151139	0.0949350916	0.0136618075	-0.0262902854664872	-0.0152526414677679	0.0006911791099093	0.0002326430717442	-0.0299943596527043	0.0225620936948161	0.0005090480718936	0.0008996616109757	0.1469215356839441	0.0701012615428879	0.0215859376477284	0.0049141868699043	5.11898562458818e-05	0.0008938185836824	2.620401382474044e-09	7.989116605361577e-07	-0.0025780654983857	-0.0001709806198158	6.646421713966708e-06	2.9234372352595164e-08	-0.0021799393049271	2.081260894599892e-06	4.752135373166048e-06	4.3316469113907426e-12	0.0	0.0	0.0	0.0	0.0	0.0	0.0	0.0	0.0	0.0	0.0	0.0	0.0	0.0	0.0	0.0
6425.929161650883	-10.60400116395067	41292565.59055521	112.44484068506716	5215.431976770472	-43.60557115342817	27200730.704319958	1901.4458356166872	4578.426281070675	4.277016755421755	20961987.21119865	18.29287232615844	4506.517699368227	5980.1063530953525	0.907392	24.522133	0.0433788076955843	0.0258398932511543	-0.0685819261	-0.0085943991	-0.0952563917	-0.0167040849	0.0136651019	-0.0271976269	0.1039675832	-0.0653239162	0.0064647187	0.0272840859	-0.0135721342	0.0363051911	-0.0103794067	-0.0316341429	0.0045071531	0.0734075084	-0.0146958214	-0.0777970797	0.0151575509	0.0270242418	-0.0354328316	-0.0041623947	0.0109191548	-0.0489714606	0.0398696502	0.0543677413	-0.0945200863	-0.0937420031	-0.0267421197	-0.1263866308	-0.0096431948	0.076825129	-0.0723126178	0.0349658699	-0.0229417317	0.100161546	0.101285257	-0.0188981348	-0.0263002297	-0.0244228986	0.0474762392	0.0883989236	-0.0226652765	-0.040067222	0.0151806578	0.0240531566	-0.0638882947	-0.0546792533	-0.0693824406	-0.0261605979	-0.1138786952	0.1434324404	0.0068795565	-0.060852621	0.032622355	0.0208622558	0.0214674252	0.1140344119	-0.0123502547	-0.0812395588	-0.0682387977	-0.0385386738	-0.0004880321	0.038239553	-0.0432771721	0.0418088339	0.063171747	-0.074299404	0.0061060162	0.0487354134	0.1075442083	0.0140844701	-0.086303415	-0.0409255773	-0.0457527437	0.1002480007	-0.0964783025	-0.0533913604	0.0906399049	-0.0573439078	0.0105868534	-0.0597324311	-0.0648233875	0.0239085929	-0.0691926157	0.0203770277	-0.0234677534	-0.0432484752	0.0239207771	0.0399711099	-0.0178227504	0.0345510971	-0.078138864	0.0792263733	0.0436869598	0.0405220847	0.1449156567	0.0013675769	-0.0663461094	0.0511880015	0.0676715753	-0.1117493005	0.0683524045	0.1079087951	0.0309249366	-0.0426556813	0.0436853939	-0.0292070767	0.0735459824	0.0202171387	0.0864824866	-0.0166488315	-0.0155005533	-0.0031109572	-0.0052488593	0.0105508323	0.0705215359	0.0639320056	-0.0705555247	-0.0587254199	0.0511557552	-0.0264224412	-0.0319706622	-0.0550524092	-0.0548985471	-0.0605590775	0.0513560923	0.0319879765	-0.0128709518	0.0508123541	0.1051421938	0.0023864313	0.1729022582	0.0675133234	0.0129935584	0.0788466844	0.0478900165	0.057209987	0.0311477791	-0.0257820309	-0.0567100745	-0.0549966617	-0.0795126657	0.0391583126	-0.0406840857	0.076404659	0.0798473711	0.0071626277	0.0223951479	0.037199826	-0.0360568885	-0.0193062856	-0.0015192273	0.0460303062	-0.0292828623	0.0455223674	-0.0800285631	0.001239343	0.035147037	-0.0671610639	-0.0509642477	-0.1036577099	-0.0819796316	-0.0916868605	0.0287505875	0.038487963	-0.0527223357	0.0559152868	-0.0740667697	0.0695329425	0.0013708306	-0.0955243683	-0.0041113636	0.0954064159	0.0068485126	-0.0210558174444486	0.0052344680220385	0.0004433474482539	2.7399655473744685e-05	-0.0228805560467009	0.0071138036060033	5.060620174478696e-05	0.0005235198450062	0.1442872522005558	-0.0026342834833882	0.0208188111475867	6.939449470852337e-06	-0.0003966826916685	-0.0004478725479143	1.5735715786936625e-07	2.0058981917532026e-07	-0.0024590712896472	0.0001189942087384	6.047031607567144e-06	1.415962171330168e-08	-0.0021809975999573	-1.058295030199885e-06	4.756750531019503e-06	1.1199883709457756e-12	0.0	0.0	0.0	0.0	0.0	0.0	0.0	0.0	0.0	0.0	0.0	0.0	0.0	0.0	0.0	0.0
6429.815231900491	3.886070249608565	41342523.91637957	15.101541984892776	5197.482224075882	-17.949752694589733	27013821.469584774	322.1936217969314	4574.981448716851	-3.444832353823585	20930455.25610334	11.866869945949745	4502.173335745917	6008.306955063072	0.995024	26.890375	0.1755262431235395	0.1022447827777697	-0.0220424112	-0.0510690236	-0.0692885804	-0.0651414777	0.0468252217	0.0062402079	0.0382809822	-0.0101235587	0.1102737465	0.0451906819	0.0299035651	0.0160319589	-0.0192688602	0.0799998893	-0.0551636161	0.0202503164	-0.0441247355	0.0023416557	-0.1194623214	-0.0296568982	-0.0353252617	-0.0305392186	-0.0465465852	0.1090607873	0.077960622	-0.0110698316	0.0158407316	0.0049288718	-0.0322630939	-0.055612122	0.0952014988	0.0271533761	-0.0776707661	-0.0126957222	0.0071574604	-0.0896112384	0.106951205	0.0509556031	-0.0404305151	0.0534324168	0.0091236961	0.0963919597	-0.0113090669	0.2085386957	0.0065737853	-0.0826729224	0.0116077456	0.0101877397	0.1145893889	-0.0003327623	0.0975713201	0.1070072958	-0.001303949	0.0103963476	-0.0146605175	-0.0371090731	0.0116343405	-0.0490615461	-0.0336465526	0.0528905065	-0.0343856282	-0.0353369407	0.024776256	-0.0499708612	0.1257554311	0.1292052163	-0.0721907213	0.1218513068	-0.0700251692	-0.0720716327	0.0396234971	0.0060985269	0.007350728	-0.0645177081	-0.0395282166	0.0335488006	0.0224476217	0.0349778545	-0.0642509731	-0.1051625427	-0.1246559775	-0.0020962336	-0.0108318847	0.0513753934	0.002795508	-0.1271537176	-0.0111284699	-0.0271956698	0.0538245141	-0.1013451841	0.0317841633	0.0930928538	0.0227931859	-0.0263449978	0.1000437528	-0.0046073841	-0.0022426791	0.0063783064	0.019759919	0.0889584137	-0.0658553203	-0.0388572711	0.0476103304	-0.0156827784	0.0187486561	-0.0189490817	0.0728700003	0.0525816374	-0.0560496946	-0.010925	0.0995776238	-0.1086258966	0.1240437351	0.0408706681	0.0191586645	0.0580945068	0.0161790364	-0.0425470397	0.0261519039	-0.0108653547	-0.0258590773	-0.0026987719	0.1192147201	0.0374067582	-0.0961360301	0.1441065474	0.0357772664	-0.0351943711	-0.0439679672	-0.0636569019	0.0178055553	0.0273185322	-0.1013564116	-0.0311296319	0.0741884537	0.0074797814	-0.0436892145	-0.0752617288	-0.0118142194	0.0722774174	0.0084836924	-0.100447255	-0.027912744	-0.0898797018	-0.0563109301	0.1582721482	0.0264049053	0.0343394432	0.0351471437	-0.0616870005	0.0196093006	0.0581462005	0.0508699022	0.1164095089	-0.0146930007	-0.0523626153	-0.0037941926	-0.0320081876	0.0289425113	-0.0861100637	0.0172340793	0.0299163437	-0.0375089089	-0.0090203744	0.1383984644	-0.0219997867	-0.0499196197	0.055269711	0.0130165551	-0.0093233779	0.0	-0.0955636965	-0.0	0.0955636965	0.0	-0.0107331341419438	0.0103226833025048	0.0001152001685089	0.0001065577905638	-0.0831208199723079	-0.0602402639256069	0.0036288893978267	0.0069090707128688	0.0674224418727931	-0.0768648103277627	0.0045457856680901	0.0059081990667229	-0.0002362035787066	0.0001604791129619	5.5792130593804986e-08	2.5753545697038273e-08	-0.0024102864069348	4.87848827124002e-05	5.809480563454668e-06	2.3799647812626444e-09	-0.0018282918842783	0.000352705715679	3.342651214117897e-06	1.244013218726356e-07	0.0	0.0	0.0	0.0	0.0	0.0	0.0	0.0	0.0	0.0	0.0	0.0	0.0	0.0	0.0	0.0
6444.640536232738	14.82530433224656	41533391.64125419	219.78964854372865	5210.531681315104	13.049457239221738	27149640.4019884	170.28833423827663	4582.169944158027	7.188495441175292	20996281.39714517	51.67446670779795	4509.835356209217	6039.16107715583	1.010757	27.315571	0.1218690278996066	0.07083735960221	0.0258167521	-0.0384250983	-0.0254917117	-0.0520208668	-0.0599463083	-0.0039636709	-0.05100963	0.0185430794	0.107147927	0.0334854161	-0.02978987	0.0294976325	0.0034541026	0.0284470826	0.1224247696	0.0149657997	-0.0108111557	0.04173759	-0.1178230408	-0.0176487977	0.0019374448	0.0009133879	-0.0816722263	-0.024193264	-0.0755189207	-0.033972069	0.0356743031	0.0498311877	-0.0704097741	0.0155835265	0.0482526303	-0.1204331417	-0.033608927	-0.0612182326	0.013103509	0.0303057986	0.0331204113	0.0352227941	0.018470932	-0.0153937714	0.0119346309	-0.0635753962	0.0220141255	0.1228110234	0.0808185378	-0.0755410181	-0.0868978991	-0.1077674661	-0.1037251558	0.0651736209	0.0244163741	0.0112689411	0.1375531601	-0.0632112869	-0.0408292205	0.07905479	-0.0335134824	0.0001266313	0.0704491059	-0.0770655453	-0.0823383933	-0.0599270603	0.071715563	-0.1063809374	0.0339556627	-0.0510608481	0.0528466242	-0.0478337318	-0.092627392	-0.0113081984	-0.004782814	-0.0966048954	-0.0006748105	-0.0274990532	0.0511190821	0.0180536355	-0.0338830405	0.0903544704	0.0508946398	-0.0282919294	0.0047676602	0.0120905737	-0.0025866344	0.0029860342	0.0616666797	-0.1044368294	0.0349682407	-0.0220953632	0.0400182846	0.0008552697	-0.0501797159	-0.0638772501	0.0647265226	-0.0002618428	0.083993702	-0.0432455753	-0.0054847232	0.0603921203	0.0554203583	0.0114801469	9.68676e-05	0.0404049994	-0.0102283356	0.0276578234	0.0015008769	-0.0138528608	0.1111033519	0.0422912592	0.059421727	0.0932564398	-0.0315413961	-0.0225630673	0.0147208874	0.0683836102	0.0338149887	-0.0983154319	0.2129758704	-0.0412110794	-0.0577806484	-0.023632106	-0.0947752583	0.0680602046	-0.0724705723	-0.0162921522	-0.0999032553	0.1027189955	-0.022977434	0.0387835475	-0.0063866179	0.0296576987	-0.0660354275	-0.0132809552	0.0075121777	-0.0382160009	-0.1685690209	0.0998002594	-0.0348555123	-0.0974204316	0.009060279	0.0394922754	-0.0213682256	-0.0027549715	0.0284621687	0.0476057926	-0.0727508643	0.0041837744	-0.013423607	0.062369554	-0.0967694507	0.0700212231	0.011443044	0.0699778589	0.0175429804	0.0945761671	0.0404383082	0.0022825665	0.0237628222	-0.0022086358	0.0213892669	0.0164877633	0.0489430981	0.0282503769	-0.0759848292	0.0454864334	0.0960295653	0.0353421363	-0.0279558853	0.0593997089	-0.0155774443	-0.012446123	-0.0013708306	-0.0955243683	0.0041113636	0.0954064159	-0.0068485126	-0.0197313102802354	-0.0089981761382915	0.0003893246053749	8.09671738157203e-05	-0.0997680931058937	-0.0166472731335858	0.0002771317027842	0.0099536724019862	-0.0009053115098112	-0.0683277533826043	8.195889297966344e-07	0.0046686818823139	-0.0006712105738975	-0.0004350069951909	4.505236345118114e-07	1.8923108586501575e-07	-0.0023438703233384	6.64160835963999e-05	5.493728092626456e-06	4.411096160283981e-09	-0.0018847853103935	-5.649342611519989e-05	3.5524156662751217e-06	3.1915071942335492e-09	0.0	0.0	0.0	0.0	0.0	0.0	0.0	0.0	0.0	0.0	0.0	0.0	0.0	0.0	0.0	0.0
6462.256226367656	17.615690134918623	41760755.535227545	310.31253892946927	5216.96937278465	6.437691469545825	27216769.436573066	41.44387145706309	4587.155608169241	4.985664011213885	21041996.57355852	24.856845632713323	4513.133852108978	6163.230665510424	0.939799	25.39794	0.0993078920028009	0.0602994337091372	0.0587355869	0.037151135	-0.0010170717	-0.0063424904	-0.0577449002	0.0297246897	-0.0200781986	0.0522309332	0.0888440932	0.002534601	0.0523458553	0.0690614498	0.0445256866	-0.0214320211	0.1543932663	-0.045714356	0.0165620676	0.0219748215	-0.088924843	-0.024567252	-0.0310477505	0.0917438171	0.0071002894	-0.0520932704	-0.0822937174	-0.0161375461	0.0818771935	-0.0040075724	-0.0705373012	0.0823966244	-0.0139015511	-0.0510391239	0.0136521722	-0.0904048784	-0.0402340398	-0.047158	-0.0470382691	0.1418590394	-0.0076561795	0.012171266	0.0082161178	-0.0442039389	0.0431075405	0.0598360951	0.0104521594	0.0316922237	-0.0088176418	-0.0215483595	0.0460688423	-0.0365935189	-0.081957407	-0.0285050389	0.0727211599	-0.0644443354	-0.0827824168	0.0590657124	0.0424862061	-0.1020907925	0.0423505102	-0.0064427282	-0.0030850437	-0.1844309923	0.0116509307	-0.0124776795	-0.0431679742	0.0772832803	-0.0251876219	0.0035682353	0.0565238201	-0.0786970235	0.1274226704	-0.0882784929	0.05548452	0.0024624721	-0.0528812206	-0.026954536	-0.0669057782	0.1115842593	-0.0380874291	-0.0861737717	0.0427971365	-0.0136008027	0.0518169765	-0.0147225807	0.0294779884	-0.0966550559	0.0008788774	-0.0515723884	-0.0881027092	0.0221949391	-0.0171447537	-0.0855501758	0.0788028346	-0.0287449688	0.0917527698	0.0071426469	-0.0312266527	0.0026684902	-0.0093959247	-0.0156030221	-0.0456176519	0.0919146442	-0.0737745098	-0.0105910886	0.0480115915	-0.0537847245	0.0731988224	-0.0428327575	0.0123957509	0.10704555	0.013730634	-0.0406230446	-0.0015092024	0.10081768	-0.0109713636	-0.0171159151	-0.0240036917	0.0667164364	-0.0472794385	-0.0033193111	-0.1150279151	0.0957321225	-0.1444067386	0.0067647247	-0.0273825019	0.1189026511	0.0144285058	-0.0043633988	0.1003345304	-0.0369496955	-0.0319166556	0.0938508652	-0.0272007648	-0.0272463729	0.0444880957	0.0049315011	-0.0456631244	0.0422155889	-0.0058598706	-0.0498895028	0.035355713	-0.0207744773	0.1132150072	0.0555994059	-0.1894267024	-0.0613374614	-0.0443723663	0.0243767301	-0.0250242892	0.0456073624	-0.0124156654	-0.0634781344	0.0500586796	0.1171684355	0.0424879037	0.0203694111	0.0812067361	0.000717435	0.0328534032	0.0126229222	0.0274732747	0.0389393386	-0.0338437782	0.0501922756	0.1051732416	-0.0348383354	-0.0396587432	-0.0062755158	0.0227620773	-0.0308817941	-0.0027413792	-0.0954064159	0.0082151139	0.0949350916	-0.0136618075	-0.0109957668674667	0.0087355434127687	0.0001209068890036	7.630971871636662e-05	-0.043199847376897	0.0565682457289967	0.0031999664248561	0.0018662268133871	-0.0046555403210817	-0.0037502288112705	2.16740556812175e-05	1.4064216136883349e-05	-0.0005319612257245	0.000139249348173	2.829827456743125e-07	1.939038096660538e-08	-0.0024960836039777	-0.0001522132806393	6.230433358046304e-06	2.31688828029783e-08	-0.0015711704582105	0.000313614852183	2.4685766087533924e-06	9.835427550976493e-08	0.0	0.0	0.0	0.0	0.0	0.0	0.0	0.0	0.0	0.0	0.0	0.0	0.0	0.0	0.0	0.0
6459.259492393494	-2.996733974162453	41722033.19007546	8.980414511899488	5241.115936053241	24.146563268591308	27469296.25515124	583.0565176840829	4588.844268655138	1.6886604858973442	21057491.72196911	2.8515742366310546	4516.000479032929	6190.639990875687	1.077269	29.113056	0.1257786408733159	0.0675126139609246	0.0803045118	-0.0775568685	0.0374332861	-0.0472162201	0.0413927801	0.0485275348	-0.0810389091	-0.0048634448	0.0032835855	-0.0620102449	0.0047457124	0.0672220488	0.0348751149	0.1226701802	-0.000916164	-0.0911741383	0.0441294092	0.041914581	0.085753415	-0.0630850089	-0.0297192423	0.036914368	0.008164519	0.0999893783	-0.009100696	0.0250469826	-0.0017060524	0.0595741482	6.48719e-05	0.0324834679	-0.0306617774	-0.0455567405	-0.0076796235	0.0267542743	-0.0024024721	-0.0709552776	-0.030325674	0.0966202347	-0.0833395421	0.0513238142	0.0688170485	0.0199491322	-0.0423177354	-0.11218654	-0.1382453699	-0.0177444047	0.0626502472	0.0103193294	-0.0847856233	0.0705770142	-0.1206181435	0.1463118548	0.0162512046	-0.0268999135	-0.0015173888	-0.1388884895	0.0662832281	0.0650399391	0.016639482	0.0098492052	-0.0826041603	-0.1584658018	0.0138047107	-0.0401384193	0.0464005547	-0.0033118821	-0.0156640042	-0.176868637	-0.061020364	-0.0078229735	0.0624533645	-0.0272226735	0.0256069866	0.1290262631	-0.0196076364	-0.1446762965	-0.0099800343	-0.0679813043	0.0006322968	0.0154637499	0.0705562913	0.0708914068	0.0868894909	-0.0543984833	0.0442301155	0.0510108337	-0.0740362261	0.0172934905	-0.0349934174	-0.0837022017	0.0811522128	-0.0155166091	0.0044939763	-0.0377274524	-0.0097721116	-0.0476767468	-0.0086118438	0.002902374	-0.0087552763	0.0267135748	0.0517846614	0.0995948617	-0.0403305684	-0.0596737685	0.0404125245	-0.126320431	-0.0002016296	0.0494916579	-0.0358853647	0.0607455591	0.1170797497	0.0162088306	-0.0913542977	-0.0931810637	0.0050767291	-0.0659678662	-0.0217473576	0.137522325	-0.0114404676	-0.1314119431	-0.0302838511	-0.0666155798	0.0091579425	-0.0504802976	-0.060888942	-0.0201644838	-0.0415774627	-0.0525585632	0.0305851238	0.0308584989	0.0992845146	0.1133878117	0.0008111406	0.002103455	-0.1031193858	0.0325199505	-0.0662475857	0.0904363439	-0.0920513599	-0.0432282556	-0.036350998	0.0169174275	-0.0788429231	0.0922857079	-0.1546161486	-0.0931161652	-0.0692455668	0.063477804	0.0371385199	-0.0618287058	0.019309998	0.0219384151	0.0696566033	-0.0304635182	-0.0195234336	-0.0235322655	0.0391925724	-0.062509703	-0.0468207346	0.001412821	-0.0117594845	-0.0741066827	0.0178506034	0.0200643218	0.0020277461	0.0154023446	-0.0187621445	-0.0754398955	0.0226486344	-0.0315103428	-0.0041113636	-0.0952099364	0.0123036518	0.0941512753	-0.020404848	0.0104396279564156	0.0214353948238823	0.0001089858318683	0.0004594761512557	-0.0567429242191792	-0.0135430768422822	0.0001834149303559	0.0032197594489435	-0.0633466467325831	-0.0586911064115013	0.0040127976522626	0.0034446459718061	-0.0005238266796095	8.134546115000038e-06	2.7439439027071374e-07	6.617084049706221e-11	-0.0023069783026516	0.0001891053013261	5.322148888905257e-06	3.5760814989635125e-08	-0.0020161118666824	-0.0004449414084719	4.064707058977592e-06	1.9797285697295827e-07	0.0	0.0	0.0	0.0	0.0	0.0	0.0	0.0	0.0	0.0	0.0	0.0	0.0	0.0	0.0	0.0
6451.5852966878565	-7.67419570563743	41622952.84043894	58.89327972842398	5241.801932327836	0.6859962745947996	27476487.497755837	0.4705908887579437	4586.065449848334	-2.7788188068043382	21031996.3102926	7.721833961049486	4514.878051005917	6213.428888056343	1.086619	29.365736	0.125016613809441	0.0670273359077656	0.1368609944	-0.0048957274	0.0142604658	-0.0722216305	0.0015479042	0.1013865566	-0.1155850965	-0.0326862089	-0.0078885975	0.0465662819	-0.0444411486	-0.0831302342	0.0394898175	0.043070699	-0.0010203071	-0.1158826835	0.0138112027	0.0412244651	0.0476807635	0.0364281051	0.0313589482	-0.0632669292	-0.1213101351	0.0231399297	-0.0172746293	-0.0499044622	-0.1286952046	0.0209564623	-0.0804039507	0.1119358904	0.0390618033	0.0365877699	-0.0068883072	0.0202018171	-0.0627987683	-0.043329917	-0.0967610683	-0.0341030433	0.022002263	0.0339892748	0.0511563766	0.1718800768	-0.0317691051	-0.0601682936	-0.0628962967	0.0455038413	-0.0073618932	-0.0020185839	0.0266525957	-0.0825722918	0.0206171663	0.0226429018	-0.0263036001	0.1027151867	-0.0315843498	-0.0330564744	0.0265690326	-0.0677815495	-0.0765238724	0.079745393	0.0100687561	0.101385904	0.0821150518	0.0329343734	-0.0014939593	-0.0182240047	0.0202858032	-0.0277174409	0.1031280184	-0.0745746335	-0.0754684737	-0.0363035248	0.0717526593	-0.0210264625	0.0748603876	0.0987572578	0.0596466273	0.0151016098	0.0901032667	8.80408e-05	0.0623668382	-0.067979109	0.1191449291	-0.0215053996	0.0264180683	0.0494940938	0.0311993067	0.029995421	0.097817607	-0.0517682308	-0.0762935002	-0.0148645774	-0.0635292679	0.0774697736	0.1035574565	-0.0699529203	-0.1422330852	-0.0073803353	-0.0281500501	0.0146672707	-0.0396153751	-0.0122160792	-0.0292960023	-0.0446308568	-0.009264722	-0.0717022389	-0.1055245873	-0.0475142746	-0.0245814105	0.0244417257	0.0827758572	0.0085951046	-0.0099073298	-0.0852238094	0.0589330674	0.1228416459	-0.0459872298	0.0290648267	-0.071375976	0.0291338931	0.0121067271	-0.067420084	0.0608771088	0.0080022019	0.0092199741	-0.0291692112	0.0781608343	0.0207337607	-0.0863502508	-0.0924500697	0.0373523461	0.0905836995	0.0003010723	-0.0275237173	0.0248712522	-0.0684024334	-0.0156376859	-0.0787801739	-0.071195206	-0.0346433949	0.0759583746	-0.0538717301	0.0890563034	0.0704865928	0.1284874609	0.0140224239	-0.1336402873	0.0425527819	-0.0122306398	0.030674276	0.0239677583	0.0466892637	0.0137568329	-0.1004061498	-0.0302563093	0.0236848395	-0.0807865113	-0.025753578	-0.0339484855	-0.0202170534	-0.0320804202	0.1094336349	0.1017863771	-0.0174090587	0.0702201047	0.1310336942	-0.0158858477	-0.0764403458	0.1046920887	-0.0674149587	-0.005480502	-0.0949350916	0.016369406	0.0930575468	-0.0270429587	0.0288838003689164	0.0184441724125008	0.0008342739237514	0.000340187495982	-0.0406762974062218	0.0160666268129574	0.0002581364971468	0.0016545611706794	-0.1254581561085359	-0.0621115093759527	0.0157397489341537	0.003857839596959	-0.0007207556060097	-0.0001969289264002	5.194886435944099e-07	3.878100205313539e-08	-0.0023931776703753	-8.619936772370036e-05	5.727299361982949e-06	7.430330995965715e-09	-0.0023008696767191	-0.0002847578100367	5.2940012692454565e-06	8.108701037689738e-08	0.0	0.0	0.0	0.0	0.0	0.0	0.0	0.0	0.0	0.0	0.0	0.0	0.0	0.0	0.0	0.0
6476.381333785272	24.796037097415137	41943515.1806023	614.8434557363877	5254.044825575087	12.242893247251232	27604987.02915235	149.8884350635898	4586.447353519162	0.381903670828251	21035499.326602925	0.1458504137920931	4511.6956579586085	6150.656031837621	1.236516	33.41666	0.1937855224866867	0.1115260094274329	0.0721730273	-0.0033760222	0.1227864512	-0.0737777246	-0.0213716122	0.0132420117	-0.1358649006	0.0566694189	-0.0805918559	0.0431365482	0.036882024	0.0536839459	-0.0374451748	-0.0397165293	0.0749436518	-0.0701075756	0.0263709883	0.1214865723	0.0428554657	0.0012134164	-0.001107792	-0.0327952554	0.0851638602	-0.0254732519	-0.1762193496	0.0882319028	-0.0334521847	-0.0046867073	0.0023488138	0.0416111306	0.0048684812	-0.1210778897	0.0677528014	-0.0594025149	-0.0124582427	0.0033218733	0.0394413516	-0.0011726534	-0.0418738026	-0.1352815066	-0.0029385212	0.0991381604	0.0042692092	-0.0086967927	0.051458734	0.0796320244	-0.0850551246	-0.0531235825	-0.0749925373	0.0008766301	0.0203134448	-0.0512650943	0.0302318526	0.1833550316	0.1645498624	-0.0401438049	-0.033494401	0.0538569249	-0.0098206876	-0.0341993154	-0.0542088591	-0.0358335112	-0.0811855336	0.0121231035	-0.119528175	0.0824870824	0.1381077875	0.0441710972	-0.029766879	0.0165852968	0.1389511649	-0.0867584672	0.1583744201	-0.0204261722	-0.1415676731	-0.1116893472	0.007784411	-0.0473282937	0.0416378411	0.1167774707	-0.0591450486	0.0095504387	0.065167263	-0.0427942203	0.1150865483	0.0548095239	0.0274287134	0.0201416081	-0.0307170643	0.0735903101	0.0329597437	-0.1386994596	-0.1254982957	-0.0554863684	-0.010575471	-0.0036666464	-0.0170316892	0.1027424255	0.0376604674	-0.0911390053	-0.0527715774	-0.0056595635	-0.05702038	0.0418318719	-0.0816854395	0.082924501	0.0511364863	-0.0808434864	-0.0265873911	0.0632260492	0.1006074797	0.048880807	-0.0421944599	-0.0579513261	-0.0921225536	0.0289845787	0.0578533958	-0.1420964817	-0.0651664034	0.0391430958	0.1043987697	-0.0746238567	-0.0326539782	0.061098342	-0.0132510916	-0.0226154245	0.028738256	-0.0312961774	0.0355721729	0.050092888	0.0677180586	0.0036997813	0.0972751569	-0.1150199076	0.1890644585	0.0636465535	0.1204141608	-0.0287460262	-0.0158096542	-0.1285915811	0.070424872	0.0954939838	0.023367254	0.1833396326	-0.1942446761	0.0300326296	-0.076723244	-0.0016756285	0.0422458496	0.0810902711	0.0381014644	-0.0415423264	0.1311441812	-0.0571447062	0.030975828	0.0093065903	-0.0343638047	0.0731177645	0.0133893716	0.1652575906	-0.047104935	0.001699225	0.0024664226	-0.0238605299	-0.0668477398	0.034921295	-0.0221288536	-0.0467267434	0.0316800963	-0.0225868892	-0.0068485126	-0.0945821078	0.020404848	0.0916575064	-0.0335420038	0.0572709394911328	0.0283871391222164	0.0032799605101969	0.000805829667544	0.0054689306538335	0.0461452280600553	0.0021293820727145	2.9909202496439712e-05	-0.0308118168794209	0.0946463392291149	0.0009493680594109	0.0089579295294727	-0.0008418384876206	-0.0001210828816108	7.08692039239339e-07	1.4661064219199216e-08	-0.0021410844590223	0.000252093211353	4.584242660666814e-06	6.355098721026848e-08	-0.002181909448177	0.0001189602285421	4.7607288400440606e-06	1.4151535974788702e-08	0.0	0.0	0.0	0.0	0.0	0.0	0.0	0.0	0.0	0.0	0.0	0.0	0.0	0.0	0.0	0.0
6473.6380658615935	-2.743267923678104	41907989.80777224	7.525518901081177	5290.944802065249	36.89997649016186	27994096.89850128	1361.608264974498	4590.372422331271	3.9250688121092026	21071518.975699466	15.406165179792346	4516.731178652591	6269.776874218422	1.154996	31.213617	0.076913465076775	0.0321934261000301	0.0845849068	-0.0760760806	-0.0049673487	0.0490189616	0.0285028743	0.0660921765	0.0161011741	0.0484358344	-0.0735963648	0.0062843457	-0.1512133344	0.0556389296	0.0656351018	-0.037267458	-0.0548191589	-0.0704559753	0.0585620186	0.0103995777	0.0247284529	0.0030670844	0.0585096333	-0.0067894233	0.0283085521	0.0738256436	-0.065162044	0.0511825471	-0.0016796256	-0.0648489544	-0.051631848	-0.0361642856	0.0532656164	0.1068917097	0.0662799334	-0.0836143311	-0.0244254098	-0.1112153964	-0.0963920155	0.0666548607	0.0937616537	0.0036497295	0.0723043254	0.0063225093	0.0925069918	-0.0136383928	0.1209887411	0.0694480851	-0.0734917227	-0.0278628266	-0.035765671	-0.0084681829	-0.0661486768	-0.0211285235	-0.0835234817	0.0833995523	0.073446733	-0.0154532118	0.0875800734	-0.0418777039	-0.05882513	0.0507838937	0.0324661535	0.0271398754	-0.0289314575	0.0718077461	0.0381758625	-0.0591626607	-0.0701206268	0.0225324361	-0.0499630244	0.1107939972	-0.0273682475	0.0631314541	-0.1027223113	-0.0022800883	-0.0068781187	0.0472369528	-0.1519869361	0.1232071961	-0.0659998133	-0.0778541875	0.0132741084	0.0239517626	0.069930356	-0.0794360958	-0.0062338013	0.0347119056	0.0041477723	0.0420718595	0.0433507053	-0.0099264806	0.088039609	-0.0581804703	0.023233558	-0.0255725224	0.0852333599	-0.0183551996	0.1318864976	-0.1101848859	-0.0283264102	-0.043536943	-0.1604394672	0.0476167121	-0.0129034158	-0.0676052431	0.0758937217	-0.011835928	-0.1338260235	-0.1086298638	0.0290451799	0.0187339464	0.047347472	-0.0591863301	-0.1099035211	0.0608424902	0.0100678185	0.0054828367	0.0547734663	-0.0588361223	-0.0330937897	0.0337064109	0.0903985446	-0.0916557	-0.0307456228	0.0177741192	0.0351984223	-0.0406371362	0.0599000643	0.0145561303	0.0464700659	-0.0249510247	0.0098635043	-0.0742691584	-0.0575841079	0.0476189555	0.0019586603	-0.1503826073	0.0114169117	0.0103764434	0.1617114534	0.1512779272	-0.1115545227	0.0289988102	-0.0703245448	-0.1169461449	-0.0030021793	-0.028881615	-0.0795345555	0.0321467392	0.1014271274	-0.0081005924	0.0855919252	0.0110964225	0.0270281006	-0.013997685	-0.0476056597	-0.0181076206	-0.0903898708	-0.0323990786	-0.1098703174	0.0237488037	0.0532565028	-0.0634904746	0.0204082913	-0.0140438879	-0.0732195622	-0.0031388969	-0.02214028	-0.1825350537	0.0216199276	-0.0272181415	-0.0082151139	-0.0941512753	0.0244025048	0.0899557625	-0.0398685628	0.0479552317378022	-0.0093157077533305	0.0022997042510263	8.678241094546383e-05	-0.0067547472257416	-0.012223677879575	0.0001494183009036	4.5626610083663845e-05	-0.0536318382596903	-0.0228200213802694	0.0028763740751135	0.0005207533757959	-0.0010148427113288	-0.0001730042237082	1.0299057287371902e-06	2.9930461420876956e-08	-0.0018349831976853	0.0003061012613369	3.367163335787369e-06	9.369798219210225e-08	-0.0020099337719502	0.0001719756762267	4.039833767625959e-06	2.9575633213665082e-08	0.0	0.0	0.0	0.0	0.0	0.0	0.0	0.0	0.0	0.0	0.0	0.0	0.0	0.0	0.0	0.0
6452.578669526131	-21.059396335462225	41635771.48642362	443.4981740140798	5223.688524938513	-67.25627712673577	27286921.805574294	4523.406812948281	4580.162131304328	-10.210291026943196	20977885.1490342	104.25004285487674	4509.46293370864	6192.115412115804	1.151436	31.117386	0.1111437161912011	0.0552934709940809	0.0887921189	0.0395840173	-0.0608061445	0.008408448	-0.0660674592	0.0951549317	0.043657125	0.0313678673	0.077837307	0.0501686381	-0.0319648363	-0.0132660437	0.0022471395	-0.0370882586	0.01371475	-0.0834651949	0.0063490692	-0.0311890449	-0.0938421742	0.0522220404	-0.0762070284	-0.0473350159	-0.0783104439	-0.0776379403	-0.0118455413	0.0605900176	-0.0174132289	0.000945078	-0.0233385519	0.0351219414	0.0399566464	-0.0723861707	0.0599603634	-0.0067652992	0.0505817105	-0.1066767144	-0.131787782	0.0253901202	0.0101586377	-0.056360055	0.0672283516	0.0008235528	0.1155995204	0.0336784249	0.0202906241	0.0274267703	0.068314665	-0.0814010096	0.0112175845	0.0002849311	0.0698850804	0.0484363859	0.0554219927	-0.1334911335	0.0774108872	-0.0062957271	-0.0825374319	-0.1795723072	0.0441126795	-0.066869225	-0.0136060373	0.0593017676	-0.0777599557	0.0280635286	0.1186775291	0.0508531391	0.0798350454	0.1607435721	0.0320160435	0.0026671229	0.048794073	0.0916428815	-0.0873105937	0.0624888012	0.0482395135	0.0610725416	0.0022884682	-0.0584914525	0.0464631609	0.0393238468	-0.0898884274	0.0726499202	0.0769980592	-0.0064479536	-0.0511055754	-0.0893427807	0.0247821679	-0.0950468412	0.0263475454	-0.002238291	-0.1231433361	-0.003734009	-0.0576993826	-0.0254757731	0.0219777039	-0.0331342563	0.0044495779	-0.0191626616	0.0404335888	-0.0258473806	-0.0405061847	0.0627906234	-0.067696995	-0.1269362528	0.0190331359	0.0845925829	-0.0462785814	-0.008274205	-0.0065300793	0.0260564991	0.065801966	0.0568818246	-0.110683534	0.0236012887	0.0870990519	0.0208348414	0.0655383348	-0.0150624323	0.1028376556	0.1059867431	0.0204006704	0.2055091876	-0.0058266652	-0.0071329223	-0.0672337564	0.1148890801	-0.0877346162	0.0365765871	-0.0395026302	-0.0218835139	-0.0148988172	-0.1104081584	0.0092968115	0.0119337696	0.1867598739	-0.0051307976	-0.0551329125	-0.0285105944	-0.0904549819	-0.0476930172	0.0656908348	0.0367026694	-0.1208148111	0.0055784197	0.0979406885	0.0776172982	-0.0899006287	-0.001776997	-0.0483968502	0.0797473631	0.0425251266	-0.0063860333	0.0003120478	0.1038553148	0.0181602029	0.0641918552	-0.0235065047	-0.0044260901	-0.0635252473	-0.0387215681	0.0306636519	-0.0071420302	0.1272623741	-0.0116016908	0.0112856681	0.088232965	-0.0826803663	-0.094587898	0.076194825	0.0020201528	-0.0095800247	-0.0936429488	0.0283549738	0.0879579165	-0.045990102	0.0344603001443033	-0.0134949315934989	0.0011875122860354	0.0001821131787132	-0.0466165880558548	-0.0398618408301132	0.0015889663543652	0.0021731062819692	-0.0737408212030743	-0.020108982943384	0.0054377087117037	0.0004043711950173	-0.0006662382942021	0.0003486044171267	4.43873464661324e-07	1.2152503964024632e-07	-0.0019152281325076	-8.024493482230001e-05	3.6680987995485496e-06	6.439249564635177e-09	-0.0023346436364853	-0.0003247098645351	5.450560909381307e-06	1.0543649612640302e-07	0.0	0.0	0.0	0.0	0.0	0.0	0.0	0.0	0.0	0.0	0.0	0.0	0.0	0.0	0.0	0.0
6446.737503282265	-5.84116624386661	41560424.43622605	34.11922308848676	5201.428421585648	-22.26010335286537	27054857.624878965	495.5122012802482	4575.7626385880485	-4.399492716279383	20937603.72469826	19.355536160595346	4501.612779284244	6104.886209914403	1.272965	34.401691	0.2651205600027941	0.1449506292986503	-0.0071977108	0.0951786652	0.0259129025	-0.0589307957	0.0213951948	0.0167235005	-0.0210050215	-0.0529622426	0.0422241589	0.0922906132	0.0963329129	0.1158226998	0.0368449456	-0.0426079693	-0.0861542645	-0.0176817736	-0.0528508932	0.0657874924	-0.0791230866	-0.057810801	-0.0663513874	-0.1236885888	0.1048695458	0.0176386959	0.0342812536	-0.0977494143	0.1299174604	-0.0049072085	-0.0237605853	0.0369776274	9.21208e-05	0.0329307204	0.0368512291	-0.0049827192	-0.1052952086	0.1357210027	-0.0098094865	0.0390894642	0.004325513	0.0730838429	0.100404861	-0.0619242042	-0.0470888389	0.0350470757	0.0284057426	-0.0310972552	0.0533035157	0.0267026738	-0.0465247506	0.0017158858	0.0590777501	-0.015918995	0.0275340524	-0.0242178052	-0.0124280588	-0.0941989033	0.0219665664	0.1101702427	-0.0148972669	-0.0024798653	-0.0861129121	0.0313590967	-0.0273379084	0.0203164835	-0.0470655778	-0.1629398602	-0.0811324697	-0.0522856005	-0.036857348	-0.0162396882	-0.1650810374	0.1570643969	-0.0317126264	-0.0485498883	0.0058678422	0.0262387941	0.0045022517	0.0795370488	0.0204586758	0.0568609111	-0.0567782445	-0.0896633303	0.0205502144	0.0510160284	0.0860148665	-0.0768838903	-0.0391696597	-0.0663170938	0.054565263	0.0927334722	0.1041867509	0.0577782667	0.0915034077	-0.0927344724	-0.0076281083	0.048230907	-0.0791571214	-0.0192733588	0.0412338663	-0.0498843901	0.0117426302	-0.1140542796	-0.0750559979	-0.039045432	-0.0330708461	-0.1549352162	-0.037221231	0.0389178054	0.1162049288	-0.0501118054	-0.0850927867	-0.0675017819	-0.0430069402	-0.0124763626	0.0882603617	0.0828246261	0.0416305179	-0.0522840437	0.092907417	0.0453517438	-0.022232659	0.0006978764	0.0985167974	-0.0294590502	-0.0424298	-0.0286230632	0.0355719463	-0.0085646813	-0.0138791395	0.0330905377	-0.0571587102	-0.0520283422	0.0551749557	-0.0368783117	-0.2051681762	0.0242021116	0.0043728647	0.06142829	0.1046244119	-0.0709344681	-0.0110191492	-0.0229763825	0.0236177775	-0.1074488542	0.0299611704	-0.0535101911	-0.0194344702	-0.0824154605	0.0214774294	-0.021914401	0.0232250909	-0.0952974801	0.1398391289	0.0444794899	0.013075439	-0.0111333981	-0.0197961428	0.0129852736	-0.0460655174	-0.0501696727	0.1866521009	0.1107746814	0.0688326466	-0.0055475707	-0.028279084	-0.0407748483	-0.0055388117	0.0471488359	-0.0345740536	0.0657146622	-0.0109429642	-0.0930575468	0.0322549359	0.0856705448	-0.0518751419	0.0349717398148499	0.0005114396705465	0.0012230225856775	2.615705366088146e-07	0.0169722884142515	0.0635888764701063	0.0040435452107304	0.0002880585740165	0.0543725697091019	0.1281133909121762	0.0029563763367711	0.016413040931016	0.0004202295528392	0.0010864678470413	1.7659287707943398e-07	1.1804123826545576e-06	-0.0017720438104773	0.0001431843220303	3.1401392662509087e-06	2.0501750075276708e-08	-0.002563128526413	-0.0002284848899276	6.569627842912077e-06	5.22053449252731e-08	0.0	0.0	0.0	0.0	0.0	0.0	0.0	0.0	0.0	0.0	0.0	0.0	0.0	0.0	0.0	0.0
6455.080508763739	8.343005481474393	41668064.37462153	69.60574046391176	5241.467014793114	40.038593207465965	27472976.46716424	1603.0889460329397	4583.021769809965	7.259131221916505	21004088.542552065	52.69498609700301	4509.047908029888	6087.966581087922	1.119063	30.242521	0.1740107721425332	0.1025690664730767	-0.0644475113	0.0282156607	0.0781018879	-0.0515477504	0.0934697779	-0.0375249699	-0.1011312518	-0.0021900806	0.0136070436	0.0879803006	-0.0150124301	-0.0043870599	-0.0035157852	-0.1246267031	-0.1058821834	0.0155144872	-0.0149316172	0.0691354555	-0.0191071316	-0.057098576	0.0122968484	-0.116143757	-0.0212746033	-0.0337601661	0.1033882242	-0.0106576575	0.0300334201	0.081185444	-0.0504128518	0.0498701302	-0.0108665419	0.1313175604	0.0833646187	-0.0595650429	-0.0317333766	0.0326967488	-0.1000751121	-0.0612800315	-0.0788494834	0.0099777466	0.0783695503	-0.1817753877	0.0039237267	-0.0211400146	-0.0210661944	0.1014935283	-0.0627144965	0.0694748078	-0.1157327524	0.038173318	0.1211361761	-0.1910439896	-0.1653409257	-0.0068209817	-0.1000706825	0.0515378782	0.0500862842	0.0532515112	-0.0294520827	-0.0119118938	-0.0380913752	0.0378594648	0.055423769	0.0669730988	0.0769130604	0.148798104	0.0201422317	0.0207343175	-0.0115322558	-0.0011506213	0.0674368583	-0.0722497914	-0.0705378642	0.0659291045	-0.012081673	0.0430592539	-0.0011960794	-0.0185133171	-0.0089957368	-0.0080557872	0.091105	0.0293387895	-0.0161173499	0.0025685827	0.1116226584	-0.0370684063	-0.0284077492	0.0222865314	0.0950220698	0.0844037632	0.0029960864	0.1015965308	0.0560219844	-0.0552035781	-0.0289782397	-0.1091106119	-0.0144943558	-0.1388938689	-0.1164670504	-0.0923786682	0.0610655807	0.0349719817	-0.0441545829	0.1365441628	0.0429697467	-0.0405402115	-0.0862032189	0.0052544684	-0.0913464612	0.0458438706	-0.188291713	-0.0029919603	-0.0932406492	-0.1068249162	-0.0202468987	-0.0791884918	-0.0111123888	-0.0913722695	-0.0011861288	0.0123203047	-0.0940467029	-0.017163461	0.0159371426	-0.0450523913	0.2590588795	0.0682212445	-0.0239245073	-0.0236691333	-0.0317726422	-0.0210155689	-0.019003504	0.0345918719	-0.034696534	0.0734233847	0.0519647905	-0.0522055071	-0.0492915415	0.074644654	-0.0673146521	0.0503295828	0.0873006992	0.0055905565	-0.0041757442	-0.0589388423	-0.0266831477	0.130419212	0.0155018257	-0.0935409111	-0.012669282	-0.0467790645	0.0505633942	0.072267252	0.1242757761	-0.0021631368	0.0194449511	0.0158710728	-0.0493875025	0.0776983474	0.0160570689	-0.0290996488	0.0753552884	0.0164923832	-0.0285528734	-0.0527665503	-0.0515369642	-0.0251386246	0.0451466234	0.0143061074	0.0272384272	0.0784406817	-0.0123036518	-0.092395551	0.0360951694	0.0831011765	-0.0574934194	0.0190523416096937	-0.0159193982051562	0.0003629917208124	0.0002534272392143	-0.0753441194016346	-0.0923164078158861	0.0085223191520289	0.0056767363284077	0.0827537576464578	0.0283811879373559	0.0068481844046086	0.0008054918287355	0.0009239422575762	0.000503712704737	8.536692953350052e-07	2.5372648891346415e-07	-0.0019412242565648	-0.0001691804460875	3.768351614275561e-06	2.8622023338365552e-08	-0.0026381109392712	-7.49824128581998e-05	6.959629327902372e-06	5.622362238037526e-09	0.0	0.0	0.0	0.0	0.0	0.0	0.0	0.0	0.0	0.0	0.0	0.0	0.0	0.0	0.0	0.0
6435.652081849468	-19.428426914270855	41417617.71861339	377.46377236316425	5236.103082727503	-5.363932065611152	27416775.492948458	28.77176720449152	4580.142524451201	-2.87924535876391	20977705.54428622	8.290053835963517	4506.474971412915	6076.765715145423	1.084826	29.317278	0.1226293937184544	0.0836520851634565	-0.039325604	0.0827014324	-0.0287458768	-0.0591796992	0.0012794066	-0.0047459504	0.0115538004	-0.0735947958	-0.1347039433	-0.0350135892	0.0151340117	-0.0177775647	-0.0132937078	-0.0406587006	-0.0260986961	-0.0088829188	-0.0041723244	-0.0157204392	0.0912819824	-0.0172774901	-0.0603796708	-0.068029542	-0.0532962551	-0.1052074324	0.0112031939	-0.0109164232	0.0792466977	0.0062888211	-0.0875901822	-0.0963718705	0.0478072327	0.0544106461	-0.0409546786	-0.0371679754	-0.0227654513	0.001427038	0.0654664796	-0.0018181436	0.0083309396	0.0645894528	-0.0885116921	0.0508583833	0.0721127258	-0.0259007014	-0.0565877553	-0.027163222	0.0346291269	-0.0206084402	0.0445145098	0.0894799395	0.1402843487	-0.0662597483	0.120315284	0.0937810637	-0.0393948597	0.0389120508	-0.1042743828	0.0308893376	-0.0365226805	0.0675949072	0.0565631925	0.099198058	-0.0137850715	-0.0178487587	0.057864273	-0.1028542326	-0.0619114019	-0.0775780394	0.1020387529	0.0965620475	0.0168657494	-0.0474468414	-0.0573098823	0.078924576	0.0228670495	0.0886090974	-0.1341936957	-0.0394346467	-0.0068421337	0.0237157949	-0.0551495001	0.0744276144	0.0123664857	0.0128325868	-0.0037566533	0.0958774191	-0.0530660457	-0.0463367845	0.0439254923	0.0591714106	-0.0910552293	0.0248532837	0.0862153668	-0.081062327	0.0568040206	-0.0221121127	0.0435412609	0.0077177419	0.0394785114	0.0061338187	0.0123627617	-0.1121038348	0.0250269006	0.0078967723	0.0097330186	-0.0279436366	-0.0553935607	0.0750602611	-0.0533510009	-0.056956854	0.0323352411	0.0580378895	0.05287802	0.0164177001	-0.2410201229	-0.0451874277	-0.0118096338	-0.0564973266	-0.0565236806	0.0170162353	-0.0791309313	0.0027141308	0.0770686899	0.0727667948	-0.0536343549	-0.0747499904	-0.0303164991	-0.0206618281	-0.0668442885	-0.0964468134	-0.0549271589	-0.0115171045	-0.0910496256	0.1452981827	-0.0122816218	0.0359225335	-0.0766828536	-0.0292910616	0.053304264	-0.0280484626	0.0128752901	0.0064403001	-0.0526700166	0.0557097336	0.0822420029	-0.034711666	0.0084330079	-0.0780925993	-0.0142835614	0.0473660535	0.014025176	-0.0209550017	0.068528459	-0.0605901031	-0.0550392147	0.1108489642	-0.0395513145	-0.0135525218	0.066424233	-0.1131328533	0.0659519265	-0.0463063799	0.0011858161	-0.003580472	0.0072430653	-0.0480161546	-0.0580654359	-0.0072320949	0.0102976115	0.0277713753	-0.0136618075	-0.0916575064	0.0398685628	0.080258269	-0.0628160431	0.0141254659791769	-0.0049268756305167	0.0001995287891288	2.4274103478580307e-05	0.0014092643697694	0.076753383771404	0.0058910819203604	1.986026063901544e-06	0.0825983959329192	-0.0001553617135385	0.0068224950106912	2.413726203364875e-08	0.0005838144612378	-0.0003401277963384	3.408393251503827e-07	1.1568691784201613e-07	-0.0024167777654127	-0.0004755535088478	5.840814767393204e-06	2.261511397775496e-07	-0.0026383050861448	-1.9414687360032326e-07	6.960653727577521e-06	3.7693008528779886e-14	0.0	0.0	0.0	0.0	0.0	0.0	0.0	0.0	0.0	0.0	0.0	0.0	0.0	0.0	0.0	0.0
6436.816059888804	1.1639780393361434	41432600.98884244	1.3548448760568126	5230.3734268753615	-5.72965585214115	27356806.184563912	32.82895618397533	4578.226375879649	-1.9161485715521849	20960156.748800103	3.6716253482614793	4504.0431275880255	5996.913860578715	1.0742	29.030107	0.1759628666017776	0.0876151844287723	-0.0564411681	0.0352692918	-0.0980266548	0.0275863062	0.0852213423	-0.0074977312	0.0863889868	0.0355671219	-0.0778213609	0.0901666362	0.1071481954	-0.0219374838	-0.0653852899	0.0322385949	-0.0235213103	0.0653495214	-0.0143549979	-0.0852885448	0.0303054683	0.0492816988	0.007362888	0.024484835	0.0769821099	0.0618641848	0.0826999114	0.0351640152	-0.0134051067	-0.0421912605	-0.1200584362	0.0839853247	-0.0208922454	0.0858851431	-0.0500502005	-0.0315140298	0.0200222973	0.0827896897	0.1208994888	0.0495651284	-0.1161633078	0.125830478	-0.0309663931	-0.0355664414	0.1786807699	-0.0572059942	-0.0266832744	0.085746831	-0.0608124004	0.0580544655	-0.0046620397	-0.063554165	-0.1171972912	0.0156989457	0.028755186	-0.015692941	-0.1218885202	0.0232951494	-0.1514379523	-0.0775080878	0.0357064776	-0.0431230926	-0.0578471579	0.056727329	-0.0796441328	-0.027122933	-0.0048782716	-0.0083767414	-0.0144124652	-0.0924111624	-0.017728889	-0.0161956033	0.0885611825	0.1955960442	0.0822064197	-0.0769606263	0.005624559	0.0544892431	0.0288100603	-0.070939343	0.0747851652	-0.0919137946	0.0028683909	0.023999333	-0.0654236768	0.0282450706	-0.0924788815	0.0362790196	0.0416257858	0.007554988	-0.0488857951	0.0053890636	0.091259595	0.0878234014	-0.0526729994	-0.0300529129	0.0684648935	-0.0023827638	-0.0937176298	-0.0151792046	-0.0983561319	-0.0904289324	0.0480230485	-0.1003709859	0.0174362136	0.0444222163	0.0767068715	-0.05789731	-0.000960181	0.0034712613	-0.0638704884	-0.1258919823	0.1168726409	-0.059152097	-0.0311509001	0.070823412	-0.0818700119	-0.0884583407	0.0440974633	0.1016786668	0.0393343057	0.0720067032	0.0225759561	-0.0961973334	-0.1524328573	-0.0283757975	-0.0159502575	0.0042091353	-0.0149680509	0.0739458031	0.0142353961	-0.1327165148	-0.0701104763	0.044361486	0.0469276326	0.0805800382	0.0368785037	0.1456600889	0.0523118032	0.0952737595	-0.040152941	-0.0548619486	-0.1368622017	-0.0312998055	-0.033674275	-0.0761917472	0.0213885234	0.0852800357	0.029664691	-0.051665132	0.0999114524	-0.0788453741	-0.0041803426	0.0019285343	-0.0350354471	0.0416583346	-0.0807973299	0.0619949794	-0.0475607371	0.0617775655	0.1128970944	-0.0063912297	0.0018375716	0.0489003563	0.0468990606	-0.0811276836	-0.0555592034	0.0311229726	-0.0324302072	0.0861739338	-0.0843198485	0.0913744106	-0.0150171519	-0.0908440203	0.0435681289	0.0771511802	-0.067815642	-0.0024231664083202	-0.0165486323874971	5.871735442411419e-06	0.0002738572338965	-0.0682277571212637	-0.0696370214910331	0.0048493147621426	0.0046550268417981	0.1163764362294159	0.0337780402964967	0.0135434749094593	0.0011409560062717	-5.507810021851433e-05	-0.0006388925614563	3.033597123680708e-09	4.081837050842104e-07	-0.002014936281373	0.0004018414840396	4.059968217993254e-06	1.6147657829522835e-07	-0.0025590556831058	7.924940303900016e-05	6.548765989236093e-06	6.280467882037888e-09	0.0	0.0	0.0	0.0	0.0	0.0	0.0	0.0	0.0	0.0	0.0	0.0	0.0	0.0	0.0	0.0
6453.188868066593	16.37280817778901	41643646.5669386	268.0688476266747	5225.306196424696	-5.067230450665193	27303824.846394327	25.67682444014857	4579.929548363719	1.7031724840699098	20975754.667975094	2.9007965104928672	4505.933773716303	6076.996277190128	1.075078	29.05382	0.0663755062009125	0.0320605241471253	-0.0428033618	-0.0332698363	-0.0069432351	0.0380910585	0.0364085803	-0.0354909966	0.0469993437	0.0840036191	0.0591401219	-0.0297332303	0.0012682085	-0.1020114654	-0.0747704522	0.0422581316	0.0477142231	0.0304575397	-0.0154478562	-0.0786088251	-0.0564630655	-0.0338370528	0.0500526418	-0.0536348124	-0.0926168988	-0.0256834296	0.0432292026	0.0776379253	0.1094325296	-0.0426126174	-0.0206501255	-0.1596639207	-0.005729006	-0.0459739747	0.0435766778	-0.0518113634	-0.1027307724	0.0060715595	0.0551658137	-0.0674495842	0.0584314016	0.0118205356	0.0619990094	0.1019364127	-0.0681075569	0.0386251587	-0.0758619466	0.0249762483	0.0219340249	-0.1679797087	0.0335564934	-0.035048619	0.0253930984	-0.0101222253	0.0081010241	-0.0152659773	-0.0953302092	0.0350302997	-0.0284401086	-0.1645709076	0.0093199048	-0.041665088	-0.0140829772	-0.1701119909	0.094969781	0.0421072613	-0.1301633764	-0.0980264601	0.0188157315	-0.0568787123	0.047109176	-0.0758794756	0.0486937308	-0.0245049391	-0.0367754709	0.0077443981	0.05022387	-0.0314633607	0.0625430362	0.0642470395	0.0168101511	0.1786974971	0.0684809412	0.0403476539	-0.0398938336	0.0231029139	-0.072976745	-0.0621093842	0.0023389096	0.0598207249	0.0362605942	-0.0072488423	-0.0824581344	0.0563492838	0.0029914957	-0.1402120314	0.0346891685	0.0496837754	0.129664626	0.11293982	0.0191913572	-0.0333236937	-0.0300309061	-0.1108309545	-0.0094044203	0.0156941284	-0.1107895023	-0.0097291715	0.0087915718	0.0738282491	0.0114039606	-0.0255607886	-0.0261105564	0.0269240163	0.037773946	-0.0395909521	0.0209897763	0.095551011	0.0359121854	0.0582908914	-0.1582498323	-0.0130581835	0.0220261969	0.1134851751	-0.0458546098	-0.0661027943	0.0031175149	0.1115544913	-0.0325918224	0.15091348	0.0741139831	-0.1177772921	-6.41642e-05	0.1226776471	-0.004988122	-0.0473841861	-0.0939370204	-0.1205093522	-0.0207205104	0.0067447905	-0.0366904491	-0.0047722332	0.1423406008	0.126107707	-0.0521235697	0.0241967774	0.0405466628	-0.0650690152	0.0290167801	-0.0132103892	-0.0270382337	0.0098270348	0.02893274	0.1110718063	-0.0256243797	0.0273086233	-0.0044429388	0.0361805359	-0.1042555005	0.040013905	0.0639531765	-0.0541168762	-0.0070854317	-0.0030385751	-0.0486589721	-0.0097948668	-0.0153512237	0.031434862	-0.001361054	0.0002733986	-0.0646530846	0.031601643	-0.016369406	-0.0899557625	0.0471870168	0.0737901375	-0.0724665061	-0.011375966696292	-0.0089528002879718	0.0001294126182751	8.015263299630793e-05	-0.0739029345616302	-0.0056751774403665	3.220763897964498e-05	0.0054616437368205	0.0927781540468259	-0.0235982821825899	0.0086077858683365	0.0005568789219691	-0.000506967434558	-0.0004518893343394	2.5701597970232005e-07	2.042039704897835e-07	-0.0020138817644912	1.0545168818002805e-06	4.055719761350189e-06	1.1120058540017868e-12	-0.0024490146085274	0.0001100410745783	5.997672552780615e-06	1.2109038094368956e-08	0.0	0.0	0.0	0.0	0.0	0.0	0.0	0.0	0.0	0.0	0.0	0.0	0.0	0.0	0.0	0.0
6454.781567250152	1.5926991835585795	41664205.08091233	2.5366906893081658	5210.116122775607	-15.190073649088845	27145310.01280633	230.7383374647433	4583.379870256191	3.450321892471948	21007371.035069656	11.904721161671205	4509.789777966621	6130.123865605387	1.053318	28.465782	0.1366620247174905	0.0669333845562428	-0.0147390826	0.0356543702	0.021571444	-0.012544692	-0.0051901186	0.0052054343	-0.0401023062	-0.0422482624	0.1109960886	-0.0710735664	0.040132105	0.0254885182	-0.0192597722	-0.0541483264	0.0661125116	-0.0163551013	-0.005250964	0.0122536843	-0.086603534	-0.0759989168	-0.0681245473	-0.0428536825	-3.26766e-05	-0.0390003179	-0.0460024374	0.0002814349	0.0391651586	0.0073900622	-0.1507356969	0.0041987502	-0.0321166415	0.0205244449	0.0087257697	0.0062372336	-0.031665252	-0.1019016317	0.0028474448	0.0157232859	-0.0170444403	0.0216977035	-0.027132611	0.0018794155	0.0076608565	-0.0259500858	0.0320584524	0.0761143714	0.0619597074	-0.0305920378	0.1352008499	-0.0344735541	-0.0306758999	0.0825237629	0.0082034649	-0.0712174811	-0.0323169725	0.0349608764	0.09130188	0.0811949942	-0.0603271317	-0.1467625261	0.0987777689	0.0673610981	-0.1419452143	0.0221501676	0.0573677164	0.0242411242	-0.0028232451	0.0900810548	-0.0658831741	0.0209890263	-0.022007175	-0.0633719653	-0.0147379376	0.0832502529	-0.0857118071	-0.0233645458	0.0050554851	-0.0346786048	0.0607076197	0.089965761	-0.0163955654	-0.0220885305	0.0157635406	0.0066821502	0.0349485881	-0.0900285259	-0.0537698749	-0.0628431371	0.0011452121	0.0722966245	-0.0322521032	-0.0049330431	0.0332835407	-0.0559876555	0.1121156447	-0.0010301701	-0.026396034	0.034823507	-0.0992246294	0.0179147848	-0.0194282532	-0.007183554	-0.0299030038	-0.0117400939	0.0272609236	-0.0159362188	0.007632292	0.0011921687	-0.0374196432	-0.0437768952	0.0494526579	0.0024307873	0.0255412369	0.1006773175	0.0691429206	-0.0091865278	-0.1466772026	0.0738801808	-0.0006114189	0.0594929797	-0.00151616	0.0947594284	0.0925643168	-0.0188627277	0.0733082309	-0.0473475753	-0.0097352392	0.0200523833	0.0015299247	0.1103843777	0.0942280556	-0.1613157001	-0.0224884364	-0.0648981822	0.1149386652	0.0302883045	-0.1069246829	-0.0073907989	-0.0039230288	-0.0110749571	-0.0656438402	-0.0129521298	-0.070299692	0.0145478989	-0.076812075	0.0542828252	-0.0054882247	-0.0462591156	0.0008641366	0.0541518979	0.0169591421	-0.0054429027	0.0897595813	0.110608981	0.0425667784	0.0384733907	0.0291594678	0.0651113742	-0.0236870122	-0.0414339265	0.0536801883	-0.0303794471	-0.032127379	0.0024999889	0.0893455806	-0.0706784597	0.0315028702	0.041808395	-0.0459664908	0.026013273	-0.0177182917	-0.0889934638	0.0507185253	0.0701862042	-0.076744719	0.0245137503475234	0.0358897170438154	0.0006009239561007	0.0012880717894851	-0.0367535827667495	0.0371493517948807	0.0013800743387798	0.0013508258461923	0.0625456401429715	-0.0302325139038544	0.003911957100894	0.0009140048969467	-0.0005268110428587	-1.9843608300699925e-05	2.77529874877871e-07	3.9376879039160696e-10	-0.0017689622278751	0.000244919536616	3.1292273636488377e-06	5.998557941624504e-08	-0.0020459689139454	0.000403045694582	4.185988796830919e-06	1.624458319210871e-07	0.0	0.0	0.0	0.0	0.0	0.0	0.0	0.0	0.0	0.0	0.0	0.0	0.0	0.0	0.0	0.0
6442.09136680224	-12.690200447911591	41500541.17822796	161.0411874081756	5198.546462899667	-11.569659875940488	27024885.32692664	133.85702964494726	4575.973573700581	-7.406296555609515	20939534.147206068	54.85322866963337	4505.202408330346	6103.393744152772	1.084304	29.303152	0.0635212589698989	0.0329329042757846	0.0134162035	0.0199320311	0.0369277985	-0.0842558314	0.0616163982	0.0743988443	-0.0647125999	-0.110497779	0.0282111448	-0.0382819761	0.0454480201	0.0223541451	0.0426756446	0.1369707272	-0.0104218007	-0.0464196363	-0.0470211161	0.0642752835	0.1010286062	-0.0269125329	-0.1070719883	-0.0191739357	0.0760550017	0.0881868004	0.0588640569	0.0714415811	0.0039940705	-0.1235971085	-0.0275594616	0.0632744836	-0.092845874	0.0012391502	0.0483895814	-0.0340690665	0.048134687	-0.0678408631	0.0486269417	-0.0419534708	0.0681059462	-0.036542849	-0.1032582135	-0.041913353	-0.1221600547	0.0064297235	0.0215692163	-0.0399028592	0.0775061674	0.0425180581	-0.0046815805	0.0357264597	-0.0149744828	0.1767880936	0.0062897497	-0.0731271079	-0.087498514	0.0116590731	-0.1483911391	0.0516335166	-0.0439725399	0.0710110125	-0.0063785663	0.0700683416	0.0103826918	0.1172347579	0.0149576663	-0.0528107196	-0.013295437	0.0052921607	-0.0566261035	0.0159074982	-0.0171005453	-0.0819401959	-0.0007228	0.0105794419	0.1401483779	-0.0171310964	-0.048654089	0.0833604006	-0.0935366567	0.0122772958	-0.046152963	-0.0117030492	0.0575756358	0.0299731374	0.0788851172	0.0898971782	-0.0773283683	-0.0429166217	-0.0381986565	-0.0403524459	0.0857823241	0.0765964451	-0.0845413832	-0.0302007615	0.0283678376	0.150365132	-0.0183105815	-0.0042421515	-0.0704279309	-0.0609173076	-0.1138130529	0.0701554249	0.0168720101	-0.0315348935	-0.0301636827	0.0884989554	0.0930587065	0.1222341875	0.0459966753	-0.0417406459	-0.0712562148	0.0393686295	0.0661256968	0.0186239059	-0.0153704006	0.0035187591	-0.0299980789	0.1247940201	0.0335057183	-0.0101789098	-0.0723310991	-0.0252988536	0.0873904375	-0.0899809422	0.0015910018	-0.0458907213	-0.1059268429	-0.0577625727	-0.0763887396	-0.021191448	0.0124359297	-0.0322060768	0.1125965148	0.0366102206	-0.034920433	0.023398063	0.0068409108	-0.0732088305	0.0489209406	0.1326088473	-0.040441505	0.0196559707	0.0430076616	-0.0373683993	-0.0092329624	-0.054130604	-0.0338134176	-0.0391309816	0.129302047	-0.050994142	0.0023905872	-0.0211139011	0.1249885598	-0.0502421701	-0.060809475	-0.0158398534	0.0627587343	0.0097472693	-0.008422054	0.0307001786	0.0280368271	0.0059418905	0.0185418982	-0.0245860536	0.0267026296	0.0901097722	-0.0004042696	0.0031035086	-0.075793738	0.0116085859	-0.0190635313	-0.0879579165	0.0541561147	0.0663512432	-0.0806282803	0.0369508608164181	0.0124371104688947	0.0013653661150743	0.0001546817168154	-0.0476913618618084	-0.0109377790950589	0.0001196350115323	0.0022744659962339	0.0369874694148961	-0.0255581707280753	0.0013680728937178	0.0006532200909654	-0.0003908066120674	0.0001360044307912	1.527298080355993e-07	1.849720519486549e-08	-0.0018411165151714	-7.215428729629987e-05	3.38971002243688e-06	5.2062411752369814e-09	-0.0019623636584756	8.360525546979988e-05	3.850871128105741e-06	6.989838742170503e-09	0.0	0.0	0.0	0.0	0.0	0.0	0.0	0.0	0.0	0.0	0.0	0.0	0.0	0.0	0.0	0.0
6466.346361825687	24.25499502344701	41813635.271096304	588.3047835874391	5250.800228316695	52.25376541702826	27570903.037690654	2730.4560002578187	4589.857481871166	13.883908170584618	21066791.70388872	192.76290608922636	4515.240112943799	6132.8340498329935	1.192661	32.231483	0.1790411452138862	0.1007457467239135	0.0305056131	-0.0247008923	0.1145346466	-0.0408069167	0.0670756912	-0.0137711747	-0.1208986086	0.0358989243	-0.0376870253	0.127682093	-0.0624438772	-0.0445907379	-0.1510475121	-0.0119137611	0.0369623506	-0.0407172096	0.029631077	0.0898020285	0.0034188388	-0.0317586962	0.1134803991	-0.1368048823	-0.0073743041	-0.0088025955	-0.0364827679	0.0873005317	0.0642904551	-0.0286595433	0.0393675885	0.0105507978	0.0463071816	-0.0091153778	0.0248273545	0.0948494026	-0.011411271	-0.0593541334	0.0431964779	-0.1171400216	0.0444325075	0.0352408062	-0.0251071762	-0.0306366824	-0.0843989775	-0.0182162171	-0.0736529779	-0.0066256985	0.0149325504	0.0335449318	-0.0537740136	-0.1700351721	0.0406451878	-0.0978666767	-0.0038857054	0.023379185	-0.0254819189	-0.0518159066	-0.0579348958	-0.0456012748	0.1494119249	0.0265910551	-0.1211909812	-0.0293184762	-0.0786951593	0.04154924	0.0490478558	-0.1521682128	0.1097469181	-0.0182215364	-0.0551772282	0.0689245875	-0.0672076444	-0.0218239238	0.1110448171	0.1384342912	-0.0043055907	0.0106067057	-0.0382107881	-0.1192453	-0.0659978667	-0.0656090269	0.0127357768	0.0955361452	0.0300985199	-0.0431071443	0.0805643584	-0.0100279774	0.0315397099	0.1254021599	0.0867045501	0.0464492114	-0.0018532511	-0.022503604	-0.0551541824	-0.1235743142	0.0162185051	0.0210450839	-0.004370835	-0.0248899813	0.0496085018	0.0435526118	-0.0434770088	-0.0039556807	0.0425652899	0.0736279675	-0.1149373085	0.0749416514	-0.0819007271	-0.0343489237	-0.053047903	-0.0958000996	-0.0128994641	0.0068267179	-0.0605528341	-0.1168127333	0.0305743314	0.1000510004	-0.031809929	-0.0354205668	0.0271464553	-0.0277889947	0.0396509804	-0.0479708295	-0.048621619	0.0380478717	-0.0507538132	-0.0114173893	-0.0529796844	-0.0861616672	-0.0124520626	0.0021701766	-0.0971335143	0.0517844946	0.0232796117	0.1140666055	-0.1046112705	0.0437974143	-0.0545499847	-0.022542129	0.0700953419	-0.0948610866	0.0618708477	0.1033139678	-0.0333486117	0.0176786553	-0.0097431207	-0.0409365999	-0.0719908094	-0.0563532919	-0.0274747248	-0.0164789552	0.0838606632	0.0750966284	0.0670594205	-0.0260751169	0.0344557078	-0.0118996511	-0.0008310017	0.0856390542	-0.0115964336	0.1461870592	-0.0220642385	0.0114008674	-0.0478327354	0.0166110868	-0.0762800096	0.0448748153	0.0469766394	0.0303284867	0.0214532116	0.0264024615	-0.020404848	-0.0868499729	0.0574934194	0.0622978778	-0.0840972192	0.0262876285142681	-0.01066323230215	0.0006910394129041	0.0001137045231296	-0.0943874961624828	-0.0466961343006744	0.0021805289586266	0.0089089994318227	-0.0456652112089557	-0.0826526806238518	0.0020853115147585	0.0068314656143084	-0.0001021671976205	0.0002886394144469	1.04381362696263e-08	8.331271157224933e-08	-0.0015448900524432	0.0002962264627281	2.3866852741379534e-06	8.775011722046158e-08	-0.0021580797410447	-0.000195716082569	4.657308168707558e-06	3.830478497619472e-08	0.0	0.0	0.0	0.0	0.0	0.0	0.0	0.0	0.0	0.0	0.0	0.0	0.0	0.0	0.0	0.0
6486.431527269178	20.08516544349095	42073793.95795157	403.4138708924031	5274.04444240994	23.24421409324441	27815544.78051517	540.293488812582	4591.043053195598	1.1855713244322033	21077676.31629556	1.4055793653159283	4517.420468277809	6270.260275309624	0.981351	26.52088	0.1466234943039763	0.0847036556766449	0.0495039663	0.0300660187	0.1813156487	-0.0045615753	-0.025444497	0.0190772907	-0.1318517288	0.0809597186	-0.0215668587	-0.0571121642	-0.0341214143	0.055724821	-0.0665173798	-0.0684982701	0.0952892824	-0.0590018096	0.026447549	0.1211214737	0.0286474134	-0.0673932229	0.0182385203	-0.0038327115	0.041964268	-0.0721668953	-0.0256079152	0.0667594349	0.0730252501	-0.0846757107	0.070879221	0.0059924001	-0.0578658184	-0.0336501208	-0.0418728018	0.0158864453	-0.0079650226	0.0650346154	-0.0609190106	0.016396659	0.0581867403	0.0601926654	0.017334718	0.0725837696	0.0246823415	-0.0592915483	-0.1188145726	0.0498185022	0.1161781851	0.0930058801	-0.0323086708	0.0056229867	-0.0177926162	-0.0902297392	0.0126264223	-0.0287517976	0.0741467717	0.0848728138	-0.0698891193	-0.0282174742	0.0213263212	0.0194312475	0.1148702664	-0.1599402818	0.2410188307	0.100194125	0.0394518068	-0.0643856779	-0.1281792906	-0.0783588543	0.0115910046	0.0797068665	0.0130448573	-0.0641958622	0.0501326624	-0.0814858188	0.0537612979	-0.0241570224	-0.0038933203	-0.0130128347	-0.1007592512	-0.0313122044	0.1016600605	0.0194296358	0.0587480768	-0.0406850872	0.1201572185	0.0236531972	-0.0201055632	0.0488077338	-0.0647749004	0.0641677744	-0.0304484441	-0.0132311329	-0.0072274409	-0.07685643	-0.0457898857	0.1129312009	0.0339184307	0.0269454302	0.0398618125	0.0228595385	0.0258876549	0.0178587428	-0.0540938349	-0.0048254026	0.0440825365	0.0480635192	-0.0623546374	0.0130376457	0.1057607725	-0.0163265105	0.0438217854	-0.0154915766	-0.0559142043	-0.0742345472	-0.1847478807	-0.0069988158	-0.0428935747	0.0999150042	0.0736315764	-0.0739877726	-0.0194728239	0.1031986451	-0.1034694405	0.0818328254	0.0415238188	0.0603284135	-0.0247000208	-0.0993521943	0.0079310665	-0.0683044153	0.0480897204	0.1252013683	0.0633960617	0.0100441507	-0.1014736976	-0.0799032358	-0.0784909009	0.0291045427	0.1085953716	0.1256592277	-0.0273040829	0.0848064024	0.1225259415	0.0574905042	0.0734226153	-0.0311089644	-0.0630219816	-0.0340302352	-0.0600968388	0.012533952	0.0283454841	-0.0189661374	0.0946551953	-0.0634186136	0.0437128393	0.0083889463	0.0322609195	0.0249943976	0.0031567925	0.1179110521	-0.0054547711	-0.0681729318	0.0219851299	0.0092511283	-0.0684906103	-0.0041808405	0.0263175598	-0.0828675539	0.0019380676	0.0636886176	-0.0217419657	-0.0856705448	0.0607242596	0.0580394502	-0.0871336971	0.00250075309755	-0.0237868754167181	6.253766054905919e-06	0.0005658154420904	-0.0191541668259418	0.075233329336541	0.0056600538430604	0.000366882106796	-0.0261125610343384	0.0195526501746172	0.000681865843772	0.0003823061288509	-0.0003907134184767	-0.0002885462208562	1.526569753777489e-07	8.325892157039496e-08	-0.0016881102335892	-0.0001432201811459	2.849716160748583e-06	2.0512020287492996e-08	-0.0020288333555249	0.0001292463855197	4.116164784490426e-06	1.6704628169932673e-08	0.0	0.0	0.0	0.0	0.0	0.0	0.0	0.0	0.0	0.0	0.0	0.0	0.0	0.0	0.0	0.0
6468.928177736224	-17.503349532954417	41847031.7687097	306.3672448727756	5291.609693739149	17.565251329209786	28001133.15087413	308.53805425830615	4590.481881600021	-0.5611715955774343	21072523.905298065	0.3149135596829235	4516.986902949478	6244.776477649839	1.003355	27.115519	0.0876420814317477	0.0439980234853224	0.0150230322	0.0234606718	0.0242766671	0.0446338218	0.0099158077	0.020010008	0.0207736023	0.0443275449	-0.1319156456	0.0193290349	-0.1171284829	0.0197389134	0.0075175228	-0.0185216339	-0.1200929335	-0.0414825906	0.0649443305	-0.0473443149	0.0562356975	0.0094488933	0.0411389822	-0.0290410203	-0.0338000187	-0.0628559622	-0.0381302197	0.0063911368	0.1298677352	-0.0203560756	0.0823912676	0.0033052424	0.0264590915	0.0485774565	-0.0773538115	-0.0719373288	0.0534627476	-0.0362069263	-0.088202504	0.0241471429	0.0405339366	0.0723683648	-0.0820703436	-0.0605205154	0.1283821933	-0.0125377793	-0.0522346961	0.0273022989	-0.0131811931	-0.0277580182	0.0113746332	0.0542143222	-0.056599546	0.0982831528	0.0404540515	0.0227924605	0.0736115139	0.0716218089	0.0772643427	0.0616172156	-0.0388105347	0.0681068345	0.0477334433	-0.04304865	0.0432376683	-0.1346846678	0.0396751558	-0.0969084136	0.0635620371	0.0420540905	0.0578549163	0.062491514	-0.0144564159	-0.0981464001	0.0432243599	-0.038035995	0.0118488956	-0.0362551378	0.0626198931	-0.0874950107	0.0532678297	-0.0192101205	0.0163656635	-0.0808095605	0.0352780772	-0.0651711502	-0.0494852481	0.0671886661	-0.0120332475	0.0282809529	0.038303226	0.0397112776	-0.0401674521	-0.0431328816	0.074601943	-0.0685607163	-0.0159257323	0.0129962437	0.0534767802	-0.097680028	0.0837452615	-0.0011331398	-0.0058964688	0.0204687382	-0.0017098845	-0.062374374	0.1408737705	0.0434070057	-0.0829654911	-0.0143166621	0.0077417415	-0.0213939537	-0.0365475413	0.0185072101	-0.0051658216	0.088182663	-0.0786157973	-0.1037462777	0.0767350122	0.0987605808	-0.0217137437	-0.0882640523	0.0612934988	0.0202535525	0.0495343073	-0.0167639156	-0.0129916939	-0.0854727356	0.0765751558	-0.0650896197	0.0944922655	-0.0618569065	-0.0396102804	-0.0588443686	-0.0720019331	0.0520539089	-0.0169200521	0.0510635967	-0.0253142111	-0.04715723	-0.0764996706	-0.0377615408	0.1186857833	0.0025662169	0.0066353735	0.0731467116	-0.0013957136	0.0120799341	-0.0385946721	-0.0367641923	-0.038642707	0.0022317082	0.0268225829	0.0032776251	-0.0105859296	-0.0486437462	-0.0329397221	0.0829160169	0.0375529306	-0.0266781323	0.0408578757	-0.0048752381	-0.0118573127	-0.0859850999	0.0257876371	0.0699051423	-0.0153647002	-0.0201190322	-0.0115914247	-0.086158932	0.0096935363	-0.0281484711	-0.0230746094	-0.0844206031	0.0638426524	0.0535899776	-0.0897220992	-0.0215651665237714	-0.0240659196213214	0.0004650564071979	0.0005791684872199	-0.0479801379239859	-0.0288259710980441	0.0008309366097452	0.0023020936352047	-0.0118224790024612	0.0142900820318772	0.0001397710097636	0.0002042064444777	-0.0003909610702038	-2.476517271000076e-07	1.5285055841490065e-07	6.133137793561664e-14	-0.002014124439992	-0.0003260142064027	4.056697259773087e-06	1.0628526277644745e-07	-0.0019458930400447	8.294031548020022e-05	3.786499723294404e-06	6.879095931955141e-09	0.0	0.0	0.0	0.0	0.0	0.0	0.0	0.0	0.0	0.0	0.0	0.0	0.0	0.0	0.0	0.0
6451.841252966257	-17.086924769966572	41626255.553477205	291.9629980944972	5219.397912145544	-72.21178159360534	27242114.565309264	5214.541400922559	4585.474572899807	-5.007308700213798	21026577.058710665	25.0731404192368	4511.904573271962	6129.364087624086	0.961345	25.980204	0.1628425812429771	0.09064487162719	0.0044788954	0.0239313754	-0.0863652068	0.0444329892	0.0210942613	0.0272270568	0.0937884001	0.0154650735	0.0001863897	0.0669903762	0.0241282914	0.0116724472	0.015484061	-0.0580356766	-0.0969571924	-0.0154467262	0.0253724634	-0.084038102	0.0061607071	0.0101824291	-0.0485588915	0.0451086461	0.0842889824	0.0124637982	0.0248770384	0.0276974455	0.0130080183	-0.0737349434	-0.05989728	0.0735980159	0.0042222226	0.0481547524	-0.0028983468	0.0099447984	-0.0091594611	-0.0562258165	0.0020062716	-0.0415985337	-0.1027741681	0.0582997719	-0.0300385318	0.0113877622	-0.0507434231	-0.0542191061	-0.0089102968	-0.1200289802	-0.0205863425	0.0135996986	-0.0585868081	0.0103465695	0.0680096764	-0.0384239526	-0.0540100755	0.0568381917	-0.0809257288	-0.0103198959	0.0788295179	0.0347814845	0.1490203259	0.0257525449	0.051284618	0.01057368	0.0038427656	-0.0114731009	0.0343627714	-0.0499179814	0.012903174	-0.0708943638	-0.0319519998	0.0386583864	0.1488146604	-0.0864447425	0.1278872652	0.0014028263	0.009762359	-0.0426850843	0.0345540392	0.0496233131	-0.0694928487	-0.0194517756	0.0053514306	-0.0046281803	0.0092786047	-0.00904482	-0.0967760201	0.0063255394	-0.0248084408	-0.052335548	-0.0641306686	0.0330947486	0.0536035059	0.0024580376	-0.02309981	-0.0043642102	0.0285578591	0.0292566475	-0.0416245376	-0.074644634	-0.0459678504	-0.0115353984	0.0453290296	0.0228190568	0.0242128188	0.0893736593	0.0228079838	0.0009098737	-0.083409397	0.0025066192	-0.0545220742	-0.0027957704	0.0792921576	0.0803591951	0.0592992139	0.0063977944	0.0470981328	0.0227745263	0.01304872	-0.0131773711	-0.0414062091	-0.1236709451	-0.0648468974	-0.084107102	0.0007448198	0.1703118379	0.0598749452	0.028358602	-0.1060562021	-0.0910690876	0.0151681005	0.0389994607	-0.1069127769	0.0433684289	0.0215329594	0.0220019523	-0.0821683505	0.0642935479	0.0227715518	-0.0487976214	-0.0854010402	0.016000815	-0.0658334047	0.0886941795	-0.0108658818	0.0197603195	-0.1014740406	0.0134537718	-0.0054317304	-0.0154397739	0.0570422411	-0.035749943	-0.0265900609	-0.0889484567	-0.0411451823	0.0417480706	-0.0071133163	0.0412494253	-0.0146782832	-0.0264704811	0.1046614385	-0.0246334165	-0.018055681	-0.0267850173	0.036638934	0.0280153987	-0.037280728	-0.0006198925	0.002414488	0.0225942626	-0.0453138004	0.0143639757	-0.0244025048	-0.0831011765	0.0668428233	0.0489641061	-0.091849115	-0.0305360352214307	-0.0089708686976592	0.0009324494470444	8.047648519064343e-05	0.0016955210568312	0.0496756589808171	0.0024676710951784	2.874791654157989e-06	0.0497836713487345	0.0616061503511957	0.0024784139329588	0.0037953177610941	-0.0009972106360352	-0.0006062495658314	9.944290526217282e-07	3.675385360707611e-07	-0.0021579851910373	-0.0001438607510453	4.656900084736292e-06	2.0695915691317836e-08	-0.0020475807874341	-0.0001016877473893	4.192587081069249e-06	1.0340397969130422e-08	0.0	0.0	0.0	0.0	0.0	0.0	0.0	0.0	0.0	0.0	0.0	0.0	0.0	0.0	0.0	0.0
6461.048680594565	9.207427628307414	41745150.053012766	84.7767235305187	5245.74267284252	26.344760696975754	27517816.189680982	694.0464161809184	4584.720206045491	-0.7543668543157764	21019659.36772181	0.5690693508902799	4511.999008925907	6078.928932268921	1.030965	27.861696	0.1252365053032627	0.0778985489736018	-0.0400015524	-0.0662682219	-0.0323680259	0.0628416588	0.102503479	-0.0401378585	0.0388865126	0.0460247115	-0.0081273288	0.0012756576	0.0366970698	-0.0765991343	0.0017105297	0.0463573242	-0.129615567	0.0479119417	0.0071449411	-0.0350519154	0.0069163339	0.054540298	0.1113298579	-0.0124782535	0.0591577402	0.0515375214	0.0732104002	0.0194245986	-0.01281149	0.010285717	-0.0278146607	0.0312417057	0.0649256996	0.0013375494	0.1229704876	0.1061817396	0.0382521768	0.0431542821	0.0038862657	0.0017666752	0.0423628929	-0.0193789099	0.0810977352	0.0341977313	0.1254334955	-0.0043750147	-0.0120345855	-0.0706138257	0.0587054654	0.0151251221	-0.0093205044	0.0086895786	0.0363028372	-0.0540262664	-0.0307014687	0.0218198028	0.0212915084	-0.0356487719	-0.0410569507	0.0086674468	-0.1428685298	-0.1159571256	-0.1515865442	-0.0330582728	-0.0269684493	-0.0376248638	-0.0559425315	0.0290691651	-0.001798793	-0.0599923505	-0.0485182291	0.0150848765	-0.0440104907	0.027524211	-0.0604505661	-0.0057890998	-0.0303536569	-0.1013419308	-0.021627652	0.0578371955	0.0987642205	-0.132170486	-0.042947503	-0.0123022354	-0.0597613456	-0.004608651	-0.053896653	0.0110789031	0.0602103494	0.0826583097	0.0041525179	-0.0078242946	0.0593506536	0.0826210197	-0.0360748869	-0.0047750834	0.0205107332	-0.0263687607	-0.006010883	-0.0921339975	0.0031159386	-0.057268359	0.0746870288	-0.0313139478	0.060077273	-0.0719658023	-0.1177379709	-0.0133167279	-0.0651321687	0.0098084151	0.0256834721	0.0118223869	0.0048672382	0.0311862072	-0.0658118184	-0.0069776764	-0.017271189	-0.0272070739	-0.0335086248	-0.0978535981	0.1078117625	0.0039808598	0.0310713886	-0.0287038784	-0.014632769	-0.137763401	-0.0588957292	0.0468993657	0.0772131804	0.1266004962	0.0058769489	0.0513583099	0.0941819901	0.0134124363	-0.0041028762	-0.0350586974	-0.0458847195	-0.0082477146	-0.0559182971	0.0098023851	0.0188883356	-0.0083534566	-0.0148402317	-0.0299510202	0.0051117272	0.0681207548	-0.124782543	0.0312710035	0.0146599545	-0.0133647902	0.0483663714	-0.0832235296	0.0356774963	0.087896158	-0.0622930581	0.0013493055	-0.0320309309	-0.0028603415	-0.0874327071	0.043446914	0.1305144285	0.0118201773	-0.0145423607	0.0324043456	-0.0077643708	0.0074343071	-0.0415490002	-0.0292932146	0.0580197395	-0.0366060655	-0.0441789747	-0.0070911262	-0.0257253786	-0.081713351	0.0697192167	0.0441770624	-0.0935038064	-0.0234807253172846	0.0070553099041461	0.0005513444614257	4.977739784354206e-05	-0.0701463161623223	-0.0718418372191534	0.0051612495750233	0.0049205056711444	0.0549173435739476	0.005133672225213	0.003015914625219	2.635459051592439e-05	-0.0006278755548692	0.000369335081166	3.942277124023058e-07	1.3640840217989586e-07	-0.0020137659891328	0.0001442192019045	4.055253458988003e-06	2.0799178197970993e-08	-0.0023581402234586	-0.0003105594360245	5.560825313493376e-06	9.644716330385557e-08	0.0	0.0	0.0	0.0	0.0	0.0	0.0	0.0	0.0	0.0	0.0	0.0	0.0	0.0	0.0	0.0
6469.804617206539	8.755936611973993	41858371.784827046	76.66642595290662	5265.983493381076	20.240820538556363	27730582.152561963	409.69081607404513	4587.747072876817	3.0268668313256057	21047423.2046898	9.161922814579112	4516.331056266482	6198.976829813628	1.042332	28.168877	0.0486741189540399	0.0273976508218069	-0.0367868141	0.052528419	-0.0170542481	0.0741170778	-0.0085177089	-0.0051351827	0.0383255523	0.0512893346	0.0629552093	-0.0427187993	-0.0812413122	0.0099782138	-0.0641643452	-0.0904943018	0.041466778	0.0051633076	0.0202400661	-0.0924042329	-0.0206750681	-0.0349597716	0.0226242369	-0.035814414	-0.0114200977	-0.0873769179	0.0228497498	0.0019455735	0.0229386171	-0.1312326912	0.0293370922	-0.0114247881	-0.0597235456	0.0328934094	-0.0587969798	0.0865615442	0.0116541946	-0.0002130407	0.0101692125	0.0341007701	0.0519039121	0.0376477158	-0.0013080556	-0.0463722991	-0.0265245588	0.0081563181	0.0170749485	0.0095427595	-0.0664489431	-0.0213290749	0.1347112342	-0.0989419439	0.0131408712	0.0011566139	0.1061205223	-0.0313465167	-0.0528493337	0.0866222851	-0.0095060706	0.0676548249	-0.0080732582	-0.0245998435	-0.0322793363	-0.1548130995	-0.0947340955	-0.0135094161	0.0166638156	-0.0729728521	-0.0040920213	-0.0708501138	-0.0627432234	0.0852305164	-0.0107160193	0.046499536	-0.0290714953	0.0515724434	0.046597127	-0.0215721682	0.1081897768	-0.1283065832	-0.0807004752	0.0110795585	-0.0315508515	-0.0045013271	-0.0089290984	-0.0046192789	-0.0776860776	-0.0428621974	-0.0510875575	0.0201103836	0.0038159826	0.0807062874	-0.086557048	0.0080406468	-0.0307433701	-0.0022432865	0.0059873987	0.1325533889	0.0094181932	-0.0082983718	-0.0449088825	0.0430911388	0.0422566971	-0.0090017373	0.0762328212	0.0151166956	0.0017915633	-0.0230496967	-0.0222336457	-0.010429874	-0.0075794285	0.0144716761	-0.055254266	-0.0263487754	0.0736944627	0.0523136004	-0.0363290414	0.0473911379	-0.0204249701	0.1179131291	-0.0237532671	0.0367013331	-0.0040343083	0.0400309902	-0.0822122834	-0.0420729771	-0.0311280656	0.0781221754	0.0358789843	-0.0468854631	0.125576847	-0.0535446462	-0.0266566654	-0.1454490324	0.1015452817	-0.0177260072	-0.0593534676	0.097129586	-0.0554475712	-0.0164753242	0.0331554043	-0.0672982679	-0.0043027986	0.073163054	-0.0930231613	0.024352048	-0.0188071143	-0.0906928068	0.0152167303	-0.0608315347	-0.0472652322	0.0114785435	0.0191236097	0.0053295886	-0.0340597041	0.0502511808	-0.0054607803	0.0890091082	-0.0049578788	0.0181805349	0.0856859507	-0.0463331687	-0.030854569	-0.0697182175	-0.0060748703	-0.0114003506	0.0137336072	-0.0933961472	-0.0027293855	-0.0461341817	-0.0750840376	0.0302717378	-0.0270429587	-0.080258269	0.0724665061	0.0392446037	-0.0946776645	-0.0286544238527994	-0.0051736985355148	0.0008210760063358	2.6767156536387988e-05	-0.0500363850203058	0.0201099311420164	0.0004044093305366	0.0025036398259002	0.0551622915579912	0.0002449479840435	0.0030428784099288	5.999951488702319e-08	-0.0002562846569552	0.000371590897914	6.568182539064456e-08	1.380797954125328e-07	-0.0020147115220519	-9.455329191003676e-07	4.0590625170886845e-06	8.940325011024624e-13	-0.0022677658284424	9.037439501620014e-05	5.142761852651044e-06	8.16753127454418e-09	0.0	0.0	0.0	0.0	0.0	0.0	0.0	0.0	0.0	0.0	0.0	0.0	0.0	0.0	0.0	0.0
6444.172064052407	-25.63255315413153	41527353.59111346	657.0277811993782	5211.85133621781	-54.13215716326613	27163394.35083537	2930.2904391485445	4583.148516861177	-4.598556015639588	21005250.32760681	21.14671742897504	4510.296356266963	6116.479152250981	1.046095	28.270559	0.0669624581052324	0.0364588726498906	-0.0606138313	0.0458378327	0.0381311237	-0.07760533	0.0684027499	-0.0247485466	0.0066636597	-0.0997920106	0.0423617403	-0.00867639	0.011344196	0.122061332	-0.0853026756	0.0075384585	-0.0362682507	0.0192288618	-0.0149038141	0.0438729973	-0.0003024282	-0.1391021157	-0.0550485888	-0.0295127163	0.0744241289	0.0643574831	0.0643061071	-0.0462492416	0.0605720017	-0.0633290968	0.0535403318	-0.112794063	0.0270150171	-0.0076486844	-0.1165316838	0.1067149046	0.0485973782	0.0544988841	-0.0075494569	0.0012918513	0.003493237	-0.1056021691	0.0811023879	0.0521415718	0.0086247582	0.0031561374	0.0346534581	-0.1055427207	-0.0300564047	0.0187208218	0.0481316258	-0.0992615948	0.0154408888	-0.0196188235	-0.1321764527	0.0345326008	-0.0820783497	-0.0706190669	0.0558369798	0.0231392369	0.0509396965	-0.1223138387	0.047184823	0.0380569849	0.0299810208	-0.0813855645	-0.0296428324	0.0415750781	-0.0355981943	0.0749568394	0.0871293633	-0.0616206411	0.0170247056	-0.0707127263	-0.1557620693	-0.0144395155	0.0116779807	-0.0253329693	-0.1260162983	0.0478835386	0.0421533755	0.0319692568	-0.0146631226	-0.058549361	-0.0159338917	0.0142024434	0.0742841712	-0.0321385581	-0.1468511734	-1.91314e-05	0.0146556016	-0.0063309956	0.0935268099	0.0655679384	0.0245920721	-0.001892276	-0.014483028	0.084322361	0.0132137884	0.0371736433	0.0707461964	0.0935476914	0.1129930806	-0.1292491693	0.0972170987	-0.0262293754	0.0035735577	0.0130535322	-0.0315281165	-0.0125955717	-0.0325997857	0.0717587506	-0.0167390565	0.0668448926	0.0446186873	0.0575792271	0.0617879858	0.1552156604	-0.0024738754	-0.0377936051	0.0567438922	-0.0136434037	0.0808848273	0.0393292325	0.0177824236	0.0805549028	0.061549504	0.0265215651	0.0321235692	0.0451449915	0.0631534893	0.1416327982	0.0495303943	0.1522329925	-0.0163404755	-0.0324196701	0.072238759	0.0339560887	0.0327934688	0.0496164798	0.0155814529	0.1392913557	-0.0066634838	-0.1794189343	-0.1149015538	-0.0289744926	-0.0648832425	-0.0782792548	0.0392040997	-0.0645763294	-0.0012949622	-0.0954255945	-0.0308208852	-0.0254125853	0.1149703732	0.0122973499	0.0334245674	-0.001949431	0.0821963963	-0.0090877731	0.0725902424	-0.0971199521	-0.0032834734	-0.0716131427	0.0566399288	0.0071524711	-0.0040586006	-0.0497144278	-0.0240603221	0.0547958343	-0.0812405301	-0.0561906829	-0.0283549738	-0.0787371281	0.0750796043	0.0341829659	-0.0953646527	-0.0410052873578052	-0.0123508635050057	0.0016814335912961	0.0001525438293192	-0.0296220006972589	0.0204143843230469	0.000416747087289	0.0008774629253084	0.0806683617262109	0.0255060701682197	0.0065073845835908	0.0006505596154261	-0.0002429463835311	1.3338273424100012e-05	5.902294527084034e-08	1.7790953793605262e-10	-0.0020147103911298	1.1309221003251435e-09	4.059057960126391e-06	1.2789847970038341e-18	-0.0024282492262754	-0.0001604833978329	5.896394304907078e-06	2.575492098002493e-08	0.0	0.0	0.0	0.0	0.0	0.0	0.0	0.0	0.0	0.0	0.0	0.0	0.0	0.0	0.0	0.0
6442.051391256082	-2.12067279632538	41500026.12758442	4.497253109074506	5234.342145453559	22.49080923574911	27398337.69567137	505.8365000788575	4579.396438040452	-3.752078820724819	20970871.736737583	14.078095476931749	4508.635709931163	6089.363459410381	1.078388	29.143276	0.1540482540442509	0.0922491729694748	-0.0168602876	0.0058845538	0.0291565049	-0.1027441167	0.0462029559	-0.0022287021	-0.0953630936	-0.0919176181	-0.0059812649	-0.0007667011	-0.0240172408	-0.0940430328	0.0182065852	0.0482790755	-0.0177169232	0.0048089108	-0.0304890234	0.0850892029	0.0587999813	0.0127090015	0.0366224754	-0.0591266315	-0.0603388361	0.0682393499	0.0651918368	-0.0645105253	0.0095385074	-0.1109233607	0.0126909426	0.0421411411	-0.0823911082	-0.0459743687	0.0354743423	0.0965090412	0.0545520991	-0.0772606852	0.060334563	-0.0567953858	-0.0796196701	0.0180459387	0.0849501423	0.0002663811	0.0368267075	0.0853913377	-0.0185466032	0.0057724705	0.062342831	0.0080676328	-0.0462773563	0.0413143926	-0.0331470763	0.044697996	-0.0677810675	-0.0335448486	-0.1111184815	0.0572705354	0.0448728085	-0.0639840454	0.0421550783	0.0270918621	0.044808456	-0.052598511	-0.0107806151	-0.0893257983	-0.0750817626	0.0438867935	-0.1783604729	0.0945994436	-0.058032143	0.0466781097	-0.0583769351	-0.0398387418	-0.0112961608	0.0688469126	-0.0462722316	0.0377759465	0.066575658	-0.0597622086	0.1688677233	-0.0095804022	-0.0020015159	-0.1018948541	0.0051003852	0.0201068572	0.0898577543	0.0609291255	0.0100738644	0.0429168955	0.0952723822	-0.0523900618	0.0046414475	0.0526945493	0.0103950579	0.0314181028	0.030396301	0.1148734625	-0.0405722319	-0.0115393622	-0.0689866232	-0.0228382044	0.0684945863	0.0893551868	0.0624798847	-0.0008603977	-0.076521179	0.0294083279	0.013897835	0.046718408	-0.0676291869	0.0260198075	0.0515841913	-0.0796883116	-0.0330128084	0.0103788708	0.0059552973	0.0658685796	0.0101046707	0.0601491386	0.0171231561	-0.0717818607	-0.0833892835	0.0396179804	0.0511784788	-0.1081592647	0.0693542713	0.0474502904	-0.0660911467	-0.0014803029	0.1147489029	0.0477280603	-0.090612656	0.0660064464	-0.116506149	-0.0827502389	0.0826221373	-0.0093154073	-0.0423745303	-0.0365140519	0.0497315593	-0.0240986152	-0.116412898	-0.0840223604	-0.0700374401	0.090580958	0.0428451987	0.1251720014	-0.0035008353	-0.0233380685	-0.0268883575	-0.0782016564	0.025321132	0.0969379636	0.0460596459	-0.0942076626	-0.0557634486	0.0086858303	0.0786744505	-0.0496507032	0.0651680423	-0.0361179963	-0.0189411562	0.031973504	0.026183185	-0.017752763	0.0269481327	0.0029477637	0.0242454405	-0.0010545345	-0.0097020163	0.0304988758	-0.0296611541	-0.0771511802	0.0775536723	0.0290088101	-0.0955612383	-0.0319440065855616	0.0090612807722435	0.0010204195567384	8.210680923343145e-05	-0.0996812416279482	-0.0700592409306893	0.0049082972397843	0.0099363499324893	0.0220018810199178	-0.0586664807062931	0.0004840827684146	0.0034417559584618	-0.0002961547493475	-5.32083658164e-05	8.770763556108056e-08	2.8311301928518434e-09	-0.0018801630652403	0.0001345473258894	3.5350131518938e-06	1.8102982904015293e-08	-0.0022907798852808	0.0001374693409946	5.2476724828071145e-06	1.8897819713489627e-08	0.0	0.0	0.0	0.0	0.0	0.0	0.0	0.0	0.0	0.0	0.0	0.0	0.0	0.0	0.0	0.0
6443.1952981651375	1.1439069090556586	41514765.65029734	1.3085230165852708	5246.604260932075	12.262115478515623	27526856.2708306	150.35947600845248	4582.0707244707255	2.6742864302732414	20995372.12405168	7.151807911143597	4509.7777919551945	6061.284938180422	1.032146	27.893593	0.0606080619182324	0.0408569246219578	-0.0110627409	0.0492144984	-0.0959830071	-0.0188514943	0.0108671921	0.0114885274	0.0652398602	0.016271603	-0.1188140804	0.0190534509	0.0143726371	-0.0321357056	0.0523596981	-0.0103924533	0.0518669674	-0.0005783433	0.0077128051	-0.0459788434	0.0130939311	0.1202633083	0.0188204335	-0.0732439128	-0.0411499383	-0.0283695182	-0.0354635493	-0.0418936253	0.0890149653	0.0154941752	-0.005898325	-0.036651711	0.0520617675	-0.0992422589	-0.0694699847	0.1394086809	0.0466063274	-0.0025375043	-0.0777592279	0.0617635751	-0.0311129604	0.0066347312	-0.027328133	0.0033932126	-0.0521921295	-0.0950376872	0.1240004292	-0.020077355	0.0068239945	-0.068567326	0.0190736474	0.0159163358	-0.1306983203	-0.0511217439	-0.1112322575	0.0026037408	0.0259220078	-0.0213900933	-0.0225453592	-0.0317131804	-0.0216337521	0.1058516035	-0.0510814523	0.0143529158	0.0649880379	-0.1056658683	0.0563491285	0.0624232062	-0.0076476777	0.0044667144	0.1003032017	-0.0879484137	-0.0457606957	-0.0031376934	0.035363406	0.0277062	0.0312211636	-0.0255052916	0.0672945689	0.035320577	-0.0365945849	0.0132218574	0.0746568126	-0.128865431	0.001245424	-0.0048779986	-0.0727968083	0.0584734213	0.0859856089	-0.0360332028	0.0816212425	0.0435931052	-0.0332163989	-0.0191844504	0.0515998639	-0.0579733603	0.0625905507	0.0219334412	0.0073529792	0.0204298938	0.0970931204	0.1295560953	0.1265403525	0.0859399031	0.0536234733	-0.0452563039	0.0204371512	-0.0387101823	0.0056405948	-0.041357993	0.0337906622	0.005304796	-0.0253130948	0.1212946018	-0.0243665493	0.013733176	0.0572605736	-0.0388480894	-0.0585974534	-0.0393546667	-0.0340184061	0.0066794671	0.0700134831	-0.0423262967	-0.0781732471	-0.0519595334	-0.0032438433	-0.0403604593	0.0191035667	-0.0352354102	-0.0833689992	0.0257281328	-0.0486522216	0.072489757	-0.0223582497	-0.0285604714	0.0427514849	-0.0117877153	8.28531e-05	-0.1077816426	-0.090586239	0.0064050202	-0.0496611827	-0.118868324	0.0692551322	-0.0359820098	0.0698760643	-0.0795604231	-0.0210002365	-0.0538969308	-0.0499489891	-0.0048472529	0.0261862312	0.031320207	-0.0637402675	-0.001830449	-0.0683852525	0.1209049906	0.1173539378	-0.0091751266	0.0771588779	-0.0145388466	0.0085746636	-0.0573481345	-0.0373919816	0.0785343851	0.0414466719	-0.0644205683	-0.0105721761	-0.0111577378	0.0509771475	-0.0179931442	-0.0309612306	-0.0755017308	0.0798841288	0.0237391677	-0.0952664105	-0.0337172387151269	-0.0017732321295652	0.0011368521865728	3.1443521853226734e-06	-0.0979753079471805	0.0017059336807676	2.910209723177629e-06	0.0095991609673448	-0.0159380710307317	-0.0379399520506495	0.0002540221081806	0.0014394399616055	-0.0002478337654765	4.8320983871e-05	6.14215753102608e-08	2.334917482261442e-09	-0.0018102560470216	6.99070182186999e-05	3.2770269557782693e-06	4.8869911962296395e-09	-0.0020252290062255	0.0002655508790552	4.101552527657127e-06	7.051726936704242e-08	0.0	0.0	0.0	0.0	0.0	0.0	0.0	0.0	0.0	0.0	0.0	0.0	0.0	0.0	0.0	0.0
6431.059284474964	-12.136013690173058	41358523.520431645	147.2828282880679	5190.821322066696	-55.78293886537904	26944625.99762224	3111.736268458615	4581.845416938425	-0.2253075323005759	20993307.42471965	0.050763484111375	4508.492200056663	6071.273394431633	1.027322	27.763235	0.0878646668048851	0.03962621554809	0.0030052101	0.0721856083	-0.0687591089	-0.0490730532	0.0109804794	0.0429929966	0.0306339776	-0.0251658296	0.0495016504	0.0316715853	0.1246969116	-0.0135241496	-0.0065245703	0.0512800649	-0.0568371775	-0.0082792831	-0.0288679484	-0.0365614627	-0.0865139937	-0.0038967379	-0.0512278082	0.026465204	0.0284083735	-0.0003608879	0.0651164521	0.0279811736	0.0846732563	-0.1251767072	0.0407901376	0.0708095611	0.0397400112	-0.0894174239	-0.0163078714	-0.0404108967	-0.0257354902	-0.0298209023	-0.0672448245	-0.068990701	-0.1398722848	-0.0682220437	0.0333800221	0.0342861496	0.0511255007	0.0233855304	-0.0738439205	-0.0468665665	-0.0391011078	-0.007760691	0.1021676144	0.0571201463	-0.1801748027	0.0395023514	-0.0808892719	0.0414322485	0.071634068	-0.0288189896	-0.0635919002	0.1098474788	0.105918971	-0.0913140019	0.0120509353	0.039468804	-0.0181855988	-0.0436790283	0.0759975155	-0.0410659871	0.0079412629	-0.0131410781	-0.0147988685	-0.0406842726	0.0113540896	0.145036221	-0.1217030996	-0.0614756878	-0.0758423957	-0.0042291594	-0.0009969266	0.0758487609	0.0088795767	0.0093360513	-0.004070452	-0.0543796036	0.0059470627	0.0398946296	-0.0412566602	-0.0884603261	0.00894774	-0.0501878628	-0.0559410861	-0.0035166497	-3.86946e-05	0.076080938	-0.0033960326	-0.0676107618	0.0173407147	0.1169335869	-0.0729780761	-0.0223523238	0.0837828868	-0.0510779608	0.0713694782	0.0407647536	-0.1092802391	-0.0302764568	0.0276866833	0.0662721636	-0.0641282886	0.0368423343	-0.0994024006	0.0552243752	0.1025775073	-0.0543905199	0.0613977621	-0.0177542959	0.0829907165	-0.0172339008	0.0392060086	0.0597015769	0.0375846651	-0.0139373805	0.1613653178	-0.0383172597	-0.0643332386	0.0766472035	-0.0510960175	-0.0253884873	0.036801622	0.0608521846	-0.1008128168	0.0914559258	0.020273456	-0.0688757626	-0.0093763548	-3.98975e-05	0.0207871877	0.1265792149	0.0382908558	0.1051533663	0.0537570642	-0.0301985787	0.0234326135	-0.0823548525	-0.0873620996	-0.0259924013	-0.0461067225	0.0001131524	-0.0111615535	-0.0457748537	-0.0326986312	-0.1145339955	-0.0215432557	-0.0464619635	-0.0008114307	0.0859960984	-0.0058276545	0.0128869822	0.1612356717	-0.0166348162	0.0162155182	-0.0400822409	0.03562601	0.0260728631	0.1168391482	0.0072830496	0.0621295987	0.0098493867	-0.0221862143	0.0059033608	-0.0146936258	0.0558850964	-0.0322549359	-0.0737901375	0.0820666583	0.0183913846	-0.0944816852	-0.0514611410481506	-0.0177439023330236	0.0026482490379776	0.0003148460700038	-0.0808841735114214	0.0170911344357591	0.0002921068763011	0.0065422495246257	0.0073112643532056	0.0232493353839373	5.34545864424549e-05	0.0005405315957947	-0.0003487427641107	-0.0001009089986342	1.2162151551957132e-07	1.0182626005356976e-08	-0.0015451068267289	0.0002651492202927	2.387355106004251e-06	7.030410902182676e-08	-0.0022547766803419	-0.0002295476741163	5.0840178782136384e-06	5.2692134692248955e-08	0.0	0.0	0.0	0.0	0.0	0.0	0.0	0.0	0.0	0.0	0.0	0.0	0.0	0.0	0.0	0.0
6441.876113747704	10.816829272739596	41497767.86487322	117.00379551559622	5196.013307020399	5.191984953703468	26998554.286733065	26.9567077594832	4579.711213959857	-2.1342029785682826	20973754.803269666	4.554822353729729	4504.046960678547	6006.34940713681	1.210802	32.721748	0.1223641235431712	0.0566144685020731	-0.067598734	0.0209065331	0.0470881479	-0.1047138427	0.0922655459	-0.0785511685	-0.0694572088	0.0010369597	0.0757591253	0.1966991854	0.0076312894	0.023558224	-0.0654558288	-0.1278997023	0.0156291393	0.0313184525	-0.0418673655	0.0676001466	-0.0984257919	-0.0691573445	0.0335870391	-0.1047863831	0.0515526843	-0.0110897476	0.031518725	-0.1229409109	0.1510730063	0.1618533427	-0.0682629969	-0.0533617807	-0.1360475752	-0.0321319359	-0.0027724671	-0.1038056417	0.0561419424	-0.0687702418	0.0808871456	-0.0338972095	-0.0582024867	0.0180501447	0.0152743021	-0.0382019088	-0.0822850069	-0.1380184009	0.0070485655	-0.0943709878	-0.1179653222	0.0224680787	-0.0288205655	-0.1122772209	-0.0634068007	-0.0233552235	-0.0508288521	0.0109050083	0.0084830422	-0.1157263338	0.0902406513	0.0644707226	0.0464574258	0.0842689702	0.0374830017	0.140076641	-0.0815990131	-0.0834695776	0.0601000511	0.1002635945	-0.0501333158	0.0123398871	0.0826863892	-0.0410076191	-0.0078809297	-0.001996584	-0.0124665444	-0.1207146636	0.0016348648	-0.0213866445	0.0263351496	0.0476970626	-0.0330784479	-0.0489062691	-0.0307045947	0.10778891	-0.036076751	0.0242723446	0.1162290444	-0.1164210421	0.0010386281	0.0446911234	0.1097415554	0.1205445467	0.0717367163	0.0261235001	0.1895525089	-0.0856716063	-0.0823553281	-0.117799647	-0.0119313597	0.0958845355	-0.0267375373	-0.0705003252	-0.0637295115	-0.0017482366	0.1096661674	0.101950341	0.0621954178	-0.0297161439	0.0179605053	0.0311385268	-0.085525162	0.0059301196	-0.0256836658	0.1258845696	0.0166248873	-0.0761943215	0.1353843342	0.017514153	0.0330657883	0.0327797184	0.0295967336	-0.0379222057	0.0670479796	-0.0987352188	-0.0279258466	0.0109197677	-0.0068257142	-0.0891469906	0.0398908012	-0.1193617521	-0.0136951142	0.0581570936	-0.0680769282	-0.0255516343	-0.0999473086	0.0133377476	0.024609265	0.0309844638	0.0334645296	0.162425339	-0.1156270043	0.0143322327	0.0290124454	-0.0809467601	0.1253821188	-0.0974859047	0.0123053031	-0.000455959	0.0170341416	-0.0996709864	-0.099979942	-0.0901335545	0.0440667345	0.0622459189	0.0452702759	0.0596603409	0.0715319974	0.0038832187	0.0915473028	0.0722942141	0.0205186368	-0.0133121751	0.0868341157	0.135664892	-0.120515525	0.1095702507	0.0174282091	0.0012095248	0.1276768588	-0.0297653339	-0.0057883346	-0.1049245848	-0.0335420038	-0.072017809	0.0840972192	0.0129830636	-0.0932110979	-0.0511137602724574	0.0003473807756931	0.0026126164891902	1.2067340332120828e-07	-0.1167431280515103	-0.0358589545400889	0.0012858646207081	0.0136289579472513	0.0278378545132511	0.0205265901600455	0.0007749461439009	0.0004213409035984	5.515214324937302e-05	0.00040389490736	3.041758904999362e-09	1.6313109619140198e-07	-0.0010215750464661	0.0005235317802628	1.0436155755622142e-06	2.740855249451369e-07	-0.0026399739540659	-0.0003851972737239	6.969462478146342e-06	1.4837693968440214e-07	0.0	0.0	0.0	0.0	0.0	0.0	0.0	0.0	0.0	0.0	0.0	0.0	0.0	0.0	0.0	0.0
6481.199531621137	39.323417873432845	42005947.36868604	1546.331193248618	5247.328917552807	51.315610532407845	27534460.768985912	2633.291884313767	4590.162359970629	10.45114601077239	21069590.490891136	109.22645293848366	4516.263783644337	6187.655946640742	1.332077	35.999187	0.2822712760046262	0.182045471377917	-0.0632695305	0.100866219	0.0503978353	0.1022858323	0.0323584838	-0.0514118417	-0.0138334927	0.1131689428	0.0040808027	0.0927831128	0.0612440304	0.0414924211	-0.1102174712	0.001486956	0.1022836356	0.0817425044	0.0276673178	-0.0191768183	-0.0326653572	-0.0376350521	0.140766081	-0.0132382797	0.1334061586	-0.0296580437	-0.0017860243	0.0098852083	-0.0098113863	-0.0082108231	-0.0714510688	0.1396676454	0.1448347053	-0.1363599356	0.0112233368	-0.0716734654	0.0115328005	0.0268818996	-0.0361025441	0.0872449914	-0.0301976513	0.0416608477	-0.0542847943	-0.0404845092	0.0044576494	0.1093615094	-0.0463106548	0.0013384875	-0.0841687453	0.037666532	0.1627755552	0.1310554235	-0.005790196	-0.11327928	0.0013764998	-0.0489584649	0.0455276745	0.1102531216	0.0358525359	0.0551497098	0.037278465	0.0210817629	-0.0846276409	0.0994264945	-0.0267550927	-0.0009983083	0.0731035206	0.0338144024	-0.061244402	-0.0751501099	-0.091739523	-0.0702290536	0.0299434947	-0.000431733	0.0426740538	-0.0849498845	0.0558675606	0.1386207084	0.152771152	0.0917569719	-0.0718243515	0.0985787947	0.0193842042	0.0312719573	-0.0750018357	-0.0213429903	0.0037069387	-0.0415089799	0.025552451	0.1085277516	-0.0824643127	0.1314658713	0.0608768459	-0.0002922277	-0.04021529	0.002102951	0.1220329318	-0.0358277697	-0.1064380744	-0.0582857363	0.1177780261	-0.0487714394	-0.0426506735	0.1393936775	-0.0296482396	-0.0276026356	0.0203726819	-0.0933938115	0.0215681738	0.0011881163	-0.0552035552	0.1062412118	-0.0818799813	-0.1512568748	0.1697154569	-0.006712229	-0.0772715627	-0.1543205504	-0.0654250434	-0.0856254886	-0.0085324164	-0.0068573427	0.017581026	0.0460413848	-0.0541725199	0.0433602905	-0.0360567284	0.0079707759	0.0156709178	0.0170287586	-0.0792314815	0.0227062024	-0.1803645307	-0.0765315597	0.0899523475	-0.0469823821	-0.0084467495	0.0781774481	-0.0131212597	-0.0033456931	-0.0417945693	-0.0040146797	0.0679284524	0.0446159016	0.0983415291	-0.1033511715	0.1560865226	-0.0053269039	0.0195425499	-0.1248190435	-0.0318704228	-0.1308257291	0.0350752283	-0.1044487797	-0.0688656181	0.0039794133	0.0367894474	-0.0829840846	-0.1394795071	-0.023322211	0.0939806101	0.1280259282	-0.0412141216	0.0007517476	0.1211726563	0.0682979682	0.0357538859	-0.1143938148	-0.0519149791	-0.0928503506	-0.0141213499	-0.1024915518	-0.0348221695	-0.0701862042	0.0859720514	0.007532007	-0.0914611824	-0.0673237054335942	-0.0162099451611368	0.0045324813133093	0.000262762322127	0.0571650688201543	0.1739081968716646	0.0302440609391536	0.0032678450932129	0.0002654314151726	-0.0275724230980785	7.045383616052917e-08	0.0007602385154994	0.0001401335081865	8.498136493712699e-05	1.963740011665587e-08	7.221832386577157e-09	-0.0014601375718665	-0.0004385625254004	2.132001728776198e-06	1.923370886855765e-07	-0.0018719036269285	0.0007680703271373	3.5040231885080733e-06	5.899320274289525e-07	0.0	0.0	0.0	0.0	0.0	0.0	0.0	0.0	0.0	0.0	0.0	0.0	0.0	0.0	0.0	0.0
6490.141522478309	8.941990857171731	42121936.981797054	79.95920048974284	5260.8518208821615	13.522903329354447	27676561.88127916	182.86891445506564	4597.58221296278	7.419852992151391	21137762.204951737	55.05421842513795	4526.407209983194	6424.980501498741	1.440173	38.920479	0.316035555119098	0.1445673397885472	0.0528669789	0.0328418106	0.0602856047	0.1340313567	-0.0086701191	0.1226512108	0.0312655162	0.0324738706	0.0915668015	-0.175739197	-0.0353217525	-0.0401150973	-0.0506383718	-0.0069382033	0.0277783316	-0.087854485	0.0673864397	-0.121534174	-0.021054158	-0.0732744929	0.0790813442	0.1245946748	-0.0379126119	-0.0846030416	0.0468986069	-0.0910238737	-0.0768149442	-0.0798989187	0.2198729839	0.0598782714	-0.0175862499	-0.0484183063	0.0381063834	-0.0005155383	-0.0688253234	-0.028550037	0.0930717339	0.0797997085	0.1124781908	-0.0145386003	-0.0044353619	-0.0424153927	-0.046287344	-0.0020748225	-0.0253455989	0.0154462779	0.0112321559	-0.0952523199	0.0356469727	0.0250801859	0.1147974821	-0.0396584828	0.0761081236	0.0529087779	-0.0372133382	0.0093570398	-0.006299492	-0.0003156628	-0.0037135863	-0.0099724247	0.056138898	-0.0047345008	-0.0568415772	-0.0008279099	-0.0679793095	0.1420060308	0.0568020662	-0.0876143735	0.0024233603	-0.0535232562	-0.155159531	0.0003114155	-0.0941794962	-0.0217001696	-0.0760318055	0.0598004822	-0.0138851184	-0.017512024	0.0193702272	0.0344695512	0.0138556087	-0.0056123202	0.0921979298	-0.0452277194	-0.1225271677	-0.0482274285	-0.0689492285	0.0870596104	-0.1078177068	-0.0311677691	-0.1232251899	0.004719616	-0.0052334275	0.1435523008	-0.150265576	0.1255515591	-0.0610501111	0.0001105234	0.0818969056	-0.0306175889	-0.0433803841	0.0618034714	0.0428022089	-0.0083005474	-0.1269821668	-0.1181127992	0.0271309668	-0.0449300806	-0.042202524	0.0220439326	-0.0973851451	-0.0443163912	0.0317105224	0.0375440087	-0.0683285411	-0.0118662911	-0.0648993555	-0.026651175	-0.1729544174	0.0250548553	-0.0420626937	0.0270046072	0.0411566011	0.0173444749	-0.068431745	0.0094324548	-0.1073780526	0.0473830156	0.0773752213	0.0239541182	0.1141989018	-0.0818195693	-0.0574017889	-0.0308275679	-0.0252341702	-0.0262897764	0.0761500199	-0.051060625	0.0501696596	0.0061459275	-0.0754090935	-0.1460899259	-0.0067480962	0.0070654348	0.0224312226	-0.0305800837	-0.0501246824	-0.0254080046	-0.1563976932	-0.1270661246	-0.0042956876	-0.0740966515	-0.1577548205	-0.0340351425	0.0553739131	-0.0714358384	-0.0452021606	-0.1097928274	-0.1098097416	-0.003620692	-0.0566780635	-0.0006505178	0.0137659508	-0.010023953	0.0313342659	-0.0047475543	0.0739446844	-0.1002477972	-0.0188492102	0.0363789663	-0.0360951694	-0.0682968306	0.0876876832	0.0020561578	-0.0892409375	-0.1177834229586807	-0.0504597175250865	0.0138729347238634	0.0025461830927115	-0.0161134538856231	-0.0732785227057774	0.0053697418899411	0.0002596433961241	-0.1032850717443665	-0.1035505031595391	0.0106678060452389	0.0107227067045937	-0.0005488697622688	-0.0006890032704553	3.01258015933009e-07	4.747255066980992e-07	-0.0003999943271082	0.0010601432447583	1.5999546171874168e-07	1.1239036994066566e-06	-0.0018461139075682	2.578971936030008e-05	3.408136559716729e-06	6.651096246830368e-10	0.0	0.0	0.0	0.0	0.0	0.0	0.0	0.0	0.0	0.0	0.0	0.0	0.0	0.0	0.0	0.0
6434.8608285273485	-55.280693950960085	41407433.88251568	3055.955123699715	5182.640498182509	-78.21132269965256	26859762.533401445	6117.010998429187	4586.760707392376	-10.821505570404042	21038373.78687861	117.10498281028572	4510.648708332932	6157.350734410572	1.412847	38.181984	0.2559730914890215	0.1367413479755264	-0.014094939	0.1306629722	0.0513379939	-0.1139898183	-0.0754529523	0.0128033108	-0.0505024324	-0.1656552241	-0.0369789954	-0.020804572	0.0928715092	0.0315452128	-0.07249912	-0.0442658723	-0.0766916787	-0.0339360346	0.0107437662	0.0653903965	0.056456177	-0.1002929612	-0.0832734191	0.0252836127	0.1027658858	-0.1218952578	-0.0157193443	-0.1043143818	-0.0949705577	-0.1179568997	0.1596216314	0.038082328	0.0053065162	-0.0703314586	-0.0305157685	-0.1130908092	0.0470426388	0.0862059581	0.093801641	0.0229679327	0.0662817389	-0.1022252457	0.1330364873	0.0737683995	0.0751485481	0.0401908618	0.0317919067	0.007664928	0.0731194931	0.0780003079	-0.1265510842	0.0845960769	0.0364775955	0.0599417197	0.111463557	-0.0482950358	-0.0512616702	-0.0750121117	0.0675366022	-0.0296468011	0.0760278942	0.0490196555	0.0663405142	0.1674860083	-0.121975069	0.0659886456	-0.0560025607	-0.0185449737	-0.0082124625	-0.0282554487	-0.0701451003	0.0251340514	-0.0487492818	-0.0080204391	-0.0661449568	-0.0836311267	0.1476837612	-0.0551964499	0.0177010402	0.0672325509	0.0461402636	-0.0074069726	-0.0079669568	-0.0008399883	0.0306856816	-0.0061301778	0.0792953201	0.0498501138	-0.1161736547	-0.0605328433	-0.0713746292	0.0907743052	-0.0245978637	-0.0483741977	-0.0416465323	0.1388340944	-0.1439254228	0.1260921468	-0.0599420255	0.0552695068	0.1720089904	-0.1223573348	-0.0374203251	-0.0909466515	0.0561533049	-0.0412629115	0.0167782121	-0.0109437952	0.0297517462	0.0130224188	0.0817424947	0.0809724538	0.0737108909	-0.1180399447	-0.0866339571	0.0401515405	0.0330237482	0.0603352343	0.0341563598	-0.0653278839	0.0633155969	0.0602691445	-0.0535462264	-0.0242196443	0.0896825084	-0.0152025305	-0.0054751796	-0.0749090861	-0.1293133064	0.0948368354	0.0075838324	0.0573799995	-0.066664666	-0.0688724047	-0.0337354035	-0.0287705553	-0.0620718881	-0.055411004	0.135708749	-0.0156393657	-0.0691890257	0.1660057236	-0.0381548795	-0.0216502034	0.0717737423	0.0517182524	0.0115878763	0.0984533637	0.0120301579	-0.0650819259	-0.1141088185	-0.0067559322	-0.0566226886	-0.1779097407	0.0502051869	-0.0843553322	0.0639706121	-0.0286684464	0.0670772651	-0.13356852	-0.0763021681	-0.0109010588	-0.0821782855	-0.0387982539	0.0815958473	-0.0121458769	-0.000113565	0.0992438231	-0.013680016	-0.0194148928	-0.023147827	-0.0252302904	-0.0373607416	-0.0663512432	0.0892409375	-0.0034264595	-0.0865617806	-0.1022197044420636	0.0155637185166171	0.0104488679762228	0.0002422293340644	0.0571483674911661	0.0732618213767892	0.0053672944714445	0.0032659359069053	-0.0060598832970413	0.0972251884473252	3.672218557376013e-05	0.0094527372686179	-0.0012509828934413	-0.0007021131311725	1.564958199682767e-06	4.929628489648523e-07	-0.0010187988453596	-0.0006188045182514	1.0379510873060542e-06	3.829190318083473e-07	-0.0019236435211101	-7.752961354190002e-05	3.700404396308864e-06	6.010840975956367e-09	0.0	0.0	0.0	0.0	0.0	0.0	0.0	0.0	0.0	0.0	0.0	0.0	0.0	0.0	0.0	0.0
6460.35746165481	25.49663312746179	41736218.53235898	650.078300836382	5204.400913718895	21.760415536386063	27085788.87071807	473.515684316192	4584.180806116797	-2.579901275579686	21014713.663169645	6.655890591737694	4510.603961536912	6106.919140264855	1.37024	37.030548	0.1506059028777836	0.1108522112436654	0.0134480108	-0.0445636686	0.0767025695	-0.0441221127	0.0677123009	-0.0052954507	-0.0955038888	0.0039757184	-0.0389408421	0.0552629811	0.1031650082	0.0377273548	-0.0126535927	0.0729258075	-0.0892105147	0.0098031918	0.005239537	0.101688302	0.0228119331	0.0329440959	0.0307176265	0.1194372525	0.0728097724	0.0755485527	0.0784015737	-0.0070337116	-0.0748081067	-0.0644225741	0.0407990922	0.0741121786	-0.0564240279	-0.0448071759	0.0698135673	0.021180276	0.1162093481	-0.057508792	0.0362240531	0.0482026943	0.1100247515	0.0378187349	0.0139997281	-0.0252769923	0.0390586067	-0.1307267126	0.0248978504	0.0889286675	-0.0847941442	-0.0544747333	0.088036822	-0.0514111571	0.152794748	0.0124311599	0.0296312062	0.0154011272	-0.0612217751	0.0298168863	-0.0675372374	-0.1181476948	-0.0442771676	0.0333852947	0.0279241381	0.0289246042	0.0838851807	0.0209217926	0.0144360095	-0.0073607311	0.1028489969	0.0391170169	-0.007781156	-0.0031401308	0.0984955096	0.0816150174	-0.0483334876	-0.0460835365	0.0047861436	-0.0337307484	-0.0095719821	-0.0059070485	0.0562037422	-0.0475404347	-0.0029300604	0.0509017363	-0.0143078897	-0.0153987851	0.09284788	0.0272710037	0.0661477786	0.0432708558	-0.1183796573	-0.0727192945	0.0819629179	0.0416423541	-0.0445529799	0.0658307146	-0.0382264108	0.0689660692	-0.0850907502	0.0481982233	0.0281963157	-0.1094351614	-0.0258319124	0.0837035018	0.1590477623	-0.001227578	-0.02491408	-0.0017097676	-0.0675835611	-0.1130089837	-0.0048009273	-0.071408604	-0.0048317117	0.0875023234	-0.0198424602	0.0374314886	0.0158652099	0.0054683921	0.0130652508	0.0316457989	-0.0315519334	0.1762335299	0.0048338731	0.0460448813	0.0633057423	0.0218255951	0.0191606267	0.1000782462	0.0452197213	0.0448149664	-0.02237491	-0.1902209257	0.0159407945	0.0075191594	0.0205565236	0.0666257152	-0.016221829	-0.0136010444	0.052814297	-0.0353184447	-0.003792492	0.0938148928	-0.0184962555	-0.0044772971	-0.0258797137	0.0374308892	-0.0085070618	-0.0199411817	-0.0035151631	0.0355793831	0.0099404436	-0.1819732715	-0.0597850353	-0.0639645934	0.0075075524	-0.0724935151	0.0245622605	-0.1247468877	0.0599942611	-0.0225098989	-0.0102642879	0.1564373766	-0.0576546948	0.1350585242	0.0235945713	-0.0306804858	-0.0313593288	0.0453658325	0.0223731788	0.0043483715	0.0101658721	0.0152591757	-0.0386186257	-0.0643510435	0.0906289382	-0.0088977982	-0.0834374889	-0.1040529845495825	-0.0018332801075189	0.0108270235936756	3.360915952624521e-06	-0.0519525029628766	-0.1091008704540427	0.0119029999338298	0.0026990625641077	-0.0211207070462933	-0.015060823749252	0.0004460842661353	0.000226828412006	-0.0017419824771396	-0.0004909995836983	3.034502950661417e-06	2.410805911919039e-07	-0.0010178262365843	9.726087753000445e-07	1.0359702478793594e-06	9.459678297906525e-13	-0.0019238898999759	-2.4637886580003085e-07	3.7013523472292794e-06	6.070254551290961e-14	0.0	0.0	0.0	0.0	0.0	0.0	0.0	0.0	0.0	0.0	0.0	0.0	0.0	0.0	0.0	0.0
6490.171479435175	29.81401778036434	42122325.83247376	888.8756562078809	5266.324928114149	61.92401439525384	27734178.24847649	3834.583558823604	4582.934920209079	-1.2458859077178204	21003292.4828718	1.5522316950498571	4510.1845968544285	6308.206247744353	1.190443	32.171543	0.1465491409478848	0.0886785107166907	0.0274882777	-0.0260843684	0.1844652622	0.0143639648	-0.0122249608	-0.0159882697	-0.1030168156	0.0740550077	-0.0101191203	-0.0193223738	-0.0788603651	0.0218349793	-0.1428184779	-0.0803658547	0.0839248053	-0.0013821459	-0.0241097599	0.1508118633	-0.0187917869	0.0213475142	0.0446035243	0.0415484304	-0.0062089493	-0.0748862009	0.0111823484	0.0196846174	-0.0128145507	0.0042177716	0.1012175095	-0.1091498733	-0.0614857702	-0.0893717963	0.0139776437	-0.0092203066	0.0101622475	0.0636287594	0.022881185	-0.0194938921	-0.0222129923	-0.005184368	0.0182640294	0.0180014087	-0.0492765021	-0.0102335624	-0.0208999053	0.0663979773	0.1233293686	0.056629687	0.0978209212	0.0127835756	-0.0963831542	-0.0263015306	0.0915758125	0.0938785652	0.1380849362	0.0742219381	0.0866025691	-0.0472491139	-0.0716611438	0.0299320699	0.0130091606	-0.0416491974	-0.0240496597	0.0207026087	-0.0939535519	0.0862710433	0.0170492734	-0.0699418421	0.1275530655	0.0137433706	0.0284071043	0.0164414486	0.0641254033	-0.1574653094	-0.0983712679	0.0539705692	0.0391926079	-0.007277783	-0.0079838917	-0.0650297175	0.0129131419	-0.1220398454	0.0081657775	-0.0017702073	0.1295393327	-0.0054833327	0.0853286326	0.0550113458	-0.0293837681	-0.0032932219	-0.0467744469	-0.0104188759	-0.0038965835	0.0272764954	-0.1059711569	0.0231084753	0.1074046064	0.0935091083	0.0648147742	0.0371042642	0.0507624326	0.0597159739	-0.0042779475	0.087748023	0.0252331154	0.0322710676	0.0285873941	-0.0132450842	0.0767505115	-0.0097257754	0.0277317342	-0.0297158922	-0.0351063065	-0.0307520894	-0.1165437926	0.0395088858	-0.1746595684	0.0214114085	0.0122027641	-0.0167846101	0.0542968728	-0.0044803547	-0.0078181174	0.0242281015	-0.0937430588	-0.0262268286	0.0524299683	0.076365875	0.0586082286	-0.0660348424	-0.0014885283	-0.0162030373	-0.0870833572	0.009801928	0.0799141412	-0.0709235529	0.010811182	0.1285801463	0.0216430878	-0.0749624687	0.1176069593	-0.0041518824	0.2122469164	0.0141511779	-0.0636611941	0.1008460432	-0.0228767302	0.0168818626	-0.1605049113	-0.0631384429	-0.0214640348	0.0475255782	0.0022460307	-0.0642144675	0.0830035212	-0.0607925102	0.058513211	0.0075630664	-0.0692877465	0.1203598903	-0.0532192995	-0.1005847225	-0.0522920073	0.0008345349	-0.0489426794	0.0431145817	0.0279201643	-0.0027584046	0.0287652524	-0.0192913566	-0.0398685628	-0.0622978778	0.091849115	-0.0143398485	-0.0798841288	-0.1014365413919051	0.0026164431576774	0.0102893719295516	6.84577479735693e-06	-0.0888257387893673	-0.0368732358264906	0.0013596355203159	0.0078900118714769	-0.096840254083645	-0.0757195470373516	0.0093780348109849	0.0057334498035417	-0.0015371568559951	0.0002048256211445	2.3628511999327404e-06	4.195353507723026e-08	-0.0006599730460146	0.0003578531905697	4.355644214657894e-07	1.2805890600091405e-07	-0.001988009386789	-6.411948681309988e-05	3.952181321961175e-06	4.111308589175291e-09	0.0	0.0	0.0	0.0	0.0	0.0	0.0	0.0	0.0	0.0	0.0	0.0	0.0	0.0	0.0	0.0
6475.171991046543	-14.999488388632017	41927852.31363365	224.98465192070668	5230.767525453921	-35.55740266022804	27360928.90534333	1264.3288839415918	4583.215157922996	0.2802377139169039	21005861.18381511	0.0785331763013724	4510.175325901794	6307.062829548775	1.086346	29.358343	0.1301393462382648	0.0743347540062439	0.040945252	0.0541280762	0.0382733505	0.0393909975	-0.0864871007	0.0100251126	-0.0049031116	-0.0131970169	-0.1299525297	-0.0648989661	-0.0277108974	0.0352095815	0.038339078	-0.0148621557	0.0399577797	-0.0190407332	-0.0056755363	0.052834601	0.0263974738	0.127434891	-0.0356324507	0.0288615374	-0.0665355966	-0.0561688002	0.0199693501	-0.1497011571	-0.0548687899	-0.0230223355	0.0066047511	-0.0429251185	0.0323141792	-0.1562659504	0.0188029774	0.0306990905	0.0030317337	0.0696468885	-0.0930211547	0.0064460572	0.0316671388	0.0575560011	-0.0516907249	-0.0253777028	0.0036129671	-0.0074693284	0.0702403471	-0.0600713906	0.0386903317	-0.0213745226	-0.0614234418	-0.0229435299	-0.1461212952	0.0392703971	-0.021996251	-0.0852206754	-0.0464146523	-0.0320367202	-0.0703521829	-0.024979579	-0.0262442917	-0.0682587212	0.0467824916	0.0627038386	0.0028485435	-0.0649757702	-0.0422332698	-0.0264661558	-0.0222293625	0.0105759111	-0.0760707483	-0.0301354719	-0.0218206647	0.0414765103	0.1813483441	0.0854317817	-0.1239381809	0.0506012866	-0.0441348913	-0.0125955092	0.0071651136	0.0010115788	-0.0380246034	0.0902015321	0.023973924	-0.0034691531	0.0251568243	0.083301821	0.1014632984	-0.0833475724	0.0187506764	-0.0099956263	-0.0578652968	0.0205903366	0.0939642256	0.1198076025	0.0374264965	0.0119415527	-0.0078866477	0.0682775962	0.1073662833	-0.0091230752	0.0486452853	0.0725629339	-0.0537038801	-0.0709220881	0.0233065295	-0.0247678486	0.0023189685	-0.0039351749	0.1079198457	-0.0517941444	-0.0783137474	0.077666738	0.0328968196	0.0264608183	0.0432804715	0.0190247571	0.0331150368	0.0440341269	0.0572562458	-0.0230800407	-0.0229834152	0.0147322346	-0.0864631518	-0.0880585654	0.0187611676	-0.0939652136	-0.0127886823	0.074021374	-0.0791391816	0.0143216551	0.0382092809	0.1030973688	-0.119674061	0.0126336244	0.0118030945	0.0751107835	-0.0585096643	0.0541504669	0.0088498761	-0.1034704411	-0.0595011615	0.1326519106	-0.025905014	-0.1339235099	-0.0053871572	0.0694064026	-0.0238110411	0.0149292536	-0.1015243347	0.0221096084	-0.0605603825	-0.0479951653	-0.0670433573	-0.0866208119	-0.0379249586	0.0297019582	0.0861793613	-0.0607718641	-0.0784468631	0.0369132115	0.041187572	-0.0656207205	0.029574594	0.0332582438	0.057964001	-0.0573092127	-0.045052702	-0.0548963079	0.0148325604	-0.0194262055	-0.0411102958	-0.060193436	0.0928992083	-0.0197346973	-0.0759199731	-0.0920770275889708	0.0093595138029343	0.00847817900962	8.760049862731773e-05	-0.0283615742194882	0.060464164569879	0.0036559151971334	0.0008043788922075	-0.0732667011616285	0.0235735529220164	0.0053680094991073	0.0005557123973671	-0.0020647797361773	-0.0005276228801822	4.263315358928402e-06	2.783859036917605e-07	-0.0008030154662319	-0.0001430424202173	6.448338390076358e-07	2.0461133981622638e-08	-0.0019238323883198	6.417699846919989e-05	3.701131058348266e-06	4.118687132515685e-09	0.0	0.0	0.0	0.0	0.0	0.0	0.0	0.0	0.0	0.0	0.0	0.0	0.0	0.0	0.0	0.0
6457.306212249275	-17.86577879726792	41696803.518753074	319.18605203290804	5210.970766646774	-19.796758807146944	27154216.330847267	391.9116592683501	4583.842696950126	0.6275390271302967	21011613.87038301	0.3938052305716393	4511.031585157633	6219.63096052075	1.060631	28.66341	0.0664118143309357	0.0332131571931271	0.0094966216	0.0482212714	-0.0629542124	0.0674544811	0.0106441948	0.0573361747	0.0953758817	-0.0009615639	-0.0274076143	0.0413389298	0.0133905965	-0.0127583821	0.0440503128	-0.0423001144	-0.0952373957	0.0041072761	0.0027180977	-0.0712487223	-0.0250138132	0.0923964189	-0.0448715562	-0.0142655069	0.1021386167	0.0216715665	0.0337929607	-0.0311051603	-0.0917043095	0.0318902705	0.1200469507	-0.0131941039	-0.065070692	-0.014536954	-0.0259226528	0.064788759	-0.001951056	-0.0586641614	-0.0191383706	-0.0214993835	0.0124474083	0.041135917	0.0064224258	0.1184984855	-0.0586233588	-0.0346323445	0.0064038837	0.0257477311	-0.0110668877	-0.0118363101	0.0736443922	-0.0516114359	0.0058249412	0.005134721	0.038839641	-0.0116782228	0.1817778033	0.0301629501	0.0469742031	-0.0232909311	0.0777850817	0.0601503345	0.0296448466	-0.0185911972	-0.0011338586	0.1105290322	0.0635820349	0.0143222025	-0.0088983343	0.0677823816	0.0323055136	-0.0777369744	-0.0906034434	0.0314819682	0.0320552177	0.0772155344	0.0187920762	-0.0617286674	0.0837971406	-0.0940231713	-0.08246693	0.0558392693	0.0312515004	0.1106633813	-0.0003790532	0.0010027859	-0.0882630259	-0.0007012079	0.0513137952	-0.0616603731	0.0052882712	0.0297570543	0.0908550611	0.0199108802	-0.0457304427	0.1068481716	-0.1316259483	0.0220498378	-0.002759921	0.0251261154	-0.0051188249	0.0673098381	-0.0484264711	0.0746677931	0.0293151894	0.0347938078	0.0090523082	0.0224544324	-0.0583947574	-0.0104899849	0.0161837343	-0.0169827159	0.0736322845	0.0206712078	0.0488251724	-0.0195418896	-0.0254110611	0.0503723367	-0.036392953	0.0251176051	-0.0426923677	0.0149520245	0.0651127606	0.0288083397	-0.0027344262	0.016813159	-0.084015214	-0.0418807184	-0.0081623238	-0.0781450194	-0.0724407938	0.0140829654	0.0074123869	-0.0975928806	0.024394334	-0.0218112285	0.0034086512	-0.1937565048	-0.0536320144	0.058130931	-0.0780937442	-0.0509465955	0.0607400713	0.0910478491	0.0155856497	-0.059035481	0.1195175777	-0.0183433249	-0.0098466252	-0.031429615	0.0121248637	-0.0848265405	-0.0221541217	-0.1197110181	-0.1086381519	0.0192459988	-0.0336852682	0.0101416104	0.065133758	-0.0372268284	-0.0690445679	0.0176888731	-0.0713239887	-0.016913761	0.0220483966	-0.0575273326	-0.0731515895	0.052711667	-0.0051592411	0.0265579871	0.0090980386	0.0736175218	-0.0423435691	-0.0580394502	0.0937772737	-0.0250645864	-0.0715654069	-0.0739971094811977	0.018079918107773	0.0054755722115723	0.0003268834387837	-0.0230380847927733	0.0053234894267149	2.8339539676345338e-05	0.000530753350919	-0.0465191958551258	0.0267475053065027	0.0021640355830075	0.0007154290401213	-0.0018267746091131	0.0002380051270642	3.3371054725003192e-06	5.6646440508846094e-08	-0.0007791863143651	2.382915186680001e-05	6.071313124938684e-07	5.678284786910185e-10	-0.0019872161391877	-6.338375086789995e-05	3.949027983848068e-06	4.017499874084007e-09	0.0	0.0	0.0	0.0	0.0	0.0	0.0	0.0	0.0	0.0	0.0	0.0	0.0	0.0	0.0	0.0
6461.854265089924	4.548052840649689	41755560.54326085	20.684784641341704	5233.663476788556	22.6927101417823	27391233.38827048	514.9590935789493	4588.7092402319	4.866543281774284	21056252.491389625	23.68324351338242	4515.162525474236	6151.612943104336	1.094068	29.567041	0.0876529224240627	0.0430333189135743	-0.0061395695	-0.0641433384	-0.0390941744	0.0584465991	0.0215980678	-0.0176106041	0.0572127623	0.0649016275	0.0184237593	0.0620867996	-0.0227372142	-0.0732115935	0.0023741415	0.1196506079	-0.0455177468	0.016598591	0.0097063103	-0.0783415332	-0.01413523	0.0484958703	0.1222349077	0.0165527074	-0.0658131329	0.0167095937	-0.0056015715	-0.0026762817	-0.0353968274	0.0615489499	0.1482762456	0.0710401579	0.0453384757	-0.0836280719	-0.0309264577	-0.023382614	0.0274680283	0.0999174114	0.0962586403	-0.0186357624	0.1096575348	0.0064700259	-0.0651358839	-0.0419409845	-0.1643939737	-0.1471519633	0.1602142524	-0.0857510515	-0.0051221017	0.0114508398	0.0744086878	0.1061280876	0.0069934688	-0.1292198224	-0.0707011243	-0.0189884347	0.0260953084	0.0427899171	-0.0557396209	0.0354993011	-0.1707144103	-0.0130346738	-0.0074438822	0.0741645785	-0.0379530457	0.0172059905	0.0091754488	0.0015444732	-0.0037064186	0.0480452063	-0.1083557641	0.0722776265	-0.0540015857	0.0498067341	-0.0188794571	0.0321458546	0.0562701865	0.0258307683	-0.0758344581	0.0265294912	0.0382358226	0.0621330105	0.0280400687	0.0503697395	-0.027719448	-0.0088821145	-0.0947932822	-0.0243062873	0.0611963086	0.0963865956	0.0295562268	-0.0823057904	-0.027714227	-0.0303210025	-0.0290363356	0.0190912673	-0.1099482674	-0.0305802752	-0.0250057294	-0.0318675062	0.1491962183	-0.0279225422	-0.016535307	0.053815726	0.061447182	0.0688008389	-0.0243232124	-0.0370413399	0.0913494662	0.0782995674	0.168843829	0.020371467	-0.1424140864	0.1654023919	0.0384219378	-0.0618384338	0.0281022341	-0.1683579695	-0.1456132012	-0.0852679154	-0.0056077268	0.0749177019	0.0296536684	-0.0221862393	-0.0108854972	-0.0245141107	0.0560606078	-0.026884385	0.1042584141	-0.0189940495	-0.0125508302	-0.0022710235	0.0048606937	-0.0682806859	0.0207188564	-0.0275637641	0.0116418654	-0.0116487195	-0.0449265669	-0.0617883958	0.0771218013	0.0512795742	-0.089882674	0.006251391	-0.0217410042	-0.0177790169	0.0145219093	0.0525568357	0.0081869492	0.0191799119	-0.078152269	-0.0693825503	0.0387690863	0.0419102477	-0.1539608857	-0.0430045593	0.0287349831	-0.0389641939	-0.0511932791	-0.0376034498	-0.0227391819	0.0191788195	0.0203140666	0.083308439	-0.037791726	0.0425705824	-0.0968312696	0.0948707353	0.0896185475	-0.0191911398	-0.0148146503	0.0013342899	-0.0435681289	-0.0558376933	0.0944816852	-0.030311972	-0.0668428233	-0.088372079371453	-0.0143749698902553	0.0078096244124343	0.0002066397593457	-0.0448869164080605	-0.0218488316152872	0.0004773714429531	0.0020148352646242	-0.0548299430553811	-0.0083107472002552	0.0030063226554563	6.906851902655128e-05	-0.0015608964894298	0.0002658781196832	2.4363978507142738e-06	7.069117452632718e-08	-0.000712037782399	6.714853196610002e-05	5.069978035636857e-07	4.508925345202357e-09	-0.0025165569619036	-0.0005293408227158	6.333058942505476e-06	2.802017065935457e-07	0.0	0.0	0.0	0.0	0.0	0.0	0.0	0.0	0.0	0.0	0.0	0.0	0.0	0.0	0.0	0.0
6482.719127349329	20.864862259404617	42025647.284100845	435.3424771039272	5279.7027386700665	46.03926188151036	27875261.0087202	2119.6136345942923	4587.372439397241	-1.336800834659698	21043985.897741392	1.7870364715468652	4513.49020170512	6210.951245117632	1.389985	37.564156	0.3745102765194232	0.2133982373190192	-0.0581002489	0.0539692204	0.0009938602	0.1086944588	-0.1648079953	-0.0992209973	-0.0092946415	0.0459768937	-0.0244292108	-0.1619747269	0.0242408407	-0.0716227811	0.1305742227	-0.1026246979	-0.1012012115	0.0674797017	-0.012319409	-0.0440625194	0.070627034	-0.0120697259	0.0298515371	0.1142124509	-0.0357761488	-0.0840056086	-0.1039856347	-0.0084911047	0.0044108497	0.0733578128	0.0479103688	0.1167948075	-0.0456838956	0.0828724826	0.0929582077	-0.0456200012	-0.0228618494	0.1721741299	0.0515675307	-0.0211761109	-0.0173885751	-0.0150113541	0.0074480112	-0.0342558044	-0.1339581419	0.1356241239	0.0049290586	-0.0151897589	-0.1221230777	-0.1179929399	0.1133142753	-0.1347725504	0.0072698778	0.0807392326	0.0149641949	-0.0262312178	0.0177771006	-0.0446977344	0.0235417754	-0.0095122238	-0.1173783361	0.0506600749	-0.0570039839	0.1150922607	-0.0024715922	-0.0245737667	0.005803181	-0.0225540845	-0.0726425831	-0.04725624	-0.0629721676	0.069738063	0.0536619311	-0.138323854	-0.0809490106	0.1114655883	-0.0011188152	0.0127727607	-0.0120388857	-0.0924175786	0.0503842916	0.0216656776	0.0565021161	-0.0861512233	-0.0744233825	0.0260482466	-0.0333910269	0.0570518845	-0.0160484691	0.0149325071	-0.0913179453	0.0133439378	-0.0816045852	-0.138296529	0.033914026	0.0001783947	-0.0943024289	-0.0546521797	-0.0588820252	-0.0841793963	-0.0974022146	-0.0885367937	0.0661348153	-0.0341244954	-0.0630001653	0.0715904047	-0.0436377464	-0.037919412	0.1006969672	-0.0094187633	0.0232417372	-0.0056308864	-0.1248687544	-0.0992233461	0.1118128066	0.0510417989	0.1292163266	0.0657543305	0.0081131179	0.0062449737	-0.0669394302	0.0103551705	0.0415856607	0.0254589134	0.0394054965	-0.0522328834	-0.1167717453	-0.0745502673	0.1030284066	-0.0573706449	-0.0319194644	-0.0685734309	0.0089041178	0.0366848372	0.0337773869	0.0063151605	0.0316178084	0.061708561	-0.0866637029	-0.0487521441	0.0374249284	0.0544268088	-0.0749823132	0.0129398878	-0.1003707989	0.0816593531	-0.0038628475	0.0676342898	0.0910927408	0.0020924972	0.0162818171	0.1741672499	-0.0447251595	-0.0358032351	-0.0938992989	-0.0362327809	-0.0121162866	-0.0486892621	0.0024957822	0.1073713196	-0.1376766957	0.0332226734	0.0759644557	0.0614419152	0.0654311481	-0.0007324062	0.0030380402	-0.0365593387	0.1566292329	-0.011052474	-0.0578776178	0.0214587478	-0.0447837232	-0.0535899776	0.0950111383	-0.0354595815	-0.0617765075	-0.0479632395048952	0.0404088398665578	0.0023004723438039	0.0016328743393611	0.0040196934311609	0.0489066098392214	0.0023918564859658	1.6157935280518087e-05	0.0949477172855779	0.149777660340959	0.009015069017742	0.0224333475372116	-0.0037417157638412	-0.0021808192744114	1.4000436857377734e-05	4.755972707644265e-06	-0.0006997577205787	1.2280061820300004e-05	4.896608675094979e-07	1.5079991831038978e-10	-0.0020013129686816	0.0005152439932219	4.00525359861316e-06	2.654763725513521e-07	0.0	0.0	0.0	0.0	0.0	0.0	0.0	0.0	0.0	0.0	0.0	0.0	0.0	0.0	0.0	0.0
6464.160953356311	-18.55817399301759	41785376.83089638	344.40582195511445	5221.540652804904	-58.16208586516223	27264486.788894262	3382.828232186504	4588.655283296856	1.2828438996157274	21055757.308928154	1.6456884707812864	4514.260810760414	6178.125251442256	1.131549	30.579954	0.0659602951087418	0.0369990935094179	-0.0617413437	-0.1042776878	-0.0380691089	0.0876038451	-0.0183493456	-0.0651829164	0.0976454228	0.0173672574	-0.0006853495	-0.0738878279	-0.0338709912	0.0378024474	0.0440964406	0.0131435722	-0.0667797721	0.0984025576	0.0189693474	-0.0587376849	0.0975604768	-0.0029742477	-0.0350304969	0.0544182378	0.0324118221	0.0844135606	-0.0437602145	-0.0183663525	0.0050336305	0.0048149656	-0.0423822557	0.0179514411	-0.0252679678	0.0984422315	0.0284914549	0.0462768572	-0.0356408958	0.0534029302	0.0483587039	-0.0587677819	-0.0468611166	-0.0410485884	-0.0797304724	0.1091697277	0.0242819194	0.0964616092	0.0531491064	0.0057207786	0.0520273563	-0.122993603	-0.1418268133	-0.0486287527	-0.0615916696	-0.0174041393	0.034682507	-0.0284947953	0.0817144814	-0.0123560459	0.0785636572	-0.0144071036	0.0448544975	0.1576933657	-0.0439812674	0.1156145657	0.0721729911	-0.1374442964	-0.0405487253	0.0059241172	0.131333092	-0.0092106801	0.0922907383	0.0028433523	-0.0320946235	6.3573e-06	0.044903626	0.1142644298	-0.1346011576	-0.0885137226	-0.0142307439	0.1424527943	-0.1421685947	-0.0506081967	-0.0047292196	0.0225275441	-0.0974210093	-0.0074781444	-0.0499100896	0.0818169996	-0.0550801081	-0.0124991323	-0.0146662803	-0.0339721793	0.0843041991	-0.0446183263	0.0345656868	0.0406273527	0.0051478581	-0.0222241282	-0.0071140156	-0.0361416474	-0.0943154705	0.0221481756	0.0094128569	-0.0157405801	-0.0352713463	0.0586855694	-0.0275663249	0.0602440142	0.0750446067	-0.0568011513	0.0847548481	-0.0947828404	0.084202646	-0.0289596525	-0.0476558475	0.011454467	0.0460352317	0.0457045699	0.0963551706	-0.0913759381	-0.0785684259	-0.125240706	0.0184721214	0.0439811385	-0.0476400727	-0.0363198448	-0.0209982424	-0.1060531453	0.0656541177	0.032330701	-0.1239522434	0.0550611866	-0.0107306809	-0.0152225373	-0.1017637813	0.069028822	-0.0715099094	-0.1082016625	0.091022558	-0.1199324885	-0.054956032	0.0001156248	0.0030252118	-0.0407504002	0.0697776794	0.0728081828	-0.0702428474	-0.0736119199	0.1062563264	0.0523884338	0.1614427626	0.059730937	-0.0574269659	0.011097145	-0.1044439445	-0.047981914	-0.0037352547	-0.1493322874	-0.0067984879	0.0785269046	-0.1253740395	-0.0202408061	0.0331820027	0.0145039098	0.0665927267	0.0823101314	0.0368937344	-0.007363469	0.0769091322	-0.0173306921	0.0104959311	0.1012198367	-0.045990102	-0.0512981531	0.0953646527	-0.0404904708	-0.0563925126	-0.0503299504321717	-0.0023667109272764	0.0025331039105048	5.601320613289989e-06	0.0064009899452059	0.002381296514045	5.6705730878028685e-06	4.097267227862703e-05	0.1071609299706182	0.0122132126850403	0.0114834649121677	0.00014916256409	-0.0042670630396499	-0.0005253472758087	1.8207826984346248e-05	2.7598976019962264e-07	-0.0010798959568876	-0.0003801382363089	1.1661752777021852e-06	1.4450507870404108e-07	-0.0019268169811516	7.449598752999999e-05	3.7126236788541658e-06	5.549652158069914e-09	0.0	0.0	0.0	0.0	0.0	0.0	0.0	0.0	0.0	0.0	0.0	0.0	0.0	0.0	0.0	0.0
6463.888286803584	-0.2726665527270597	41781851.784276575	0.0743470489760584	5239.766764548973	18.22611174406848	27455155.74687201	332.1911493072708	4579.290279533499	-9.36500376335698	20969899.464229997	87.70329548769041	4505.482858350617	6209.033747273203	1.122233	30.328176	0.1729363572064157	0.0871480764828936	-0.0635344645	-0.0280620717	-0.0019281401	0.0453393959	-0.1140462319	-0.1005078617	-0.015105437	-0.0213819007	0.05251209	-0.0596511804	-0.103638873	-0.1130925561	0.020011967	0.0192777319	0.0054314115	0.0654451776	-0.0653263541	-0.0409588613	0.0382060931	0.0005644844	0.0058137077	0.0082905167	-0.1137731682	0.0017952498	-0.1022340294	0.1248704852	0.0241086285	0.0652823189	-0.0172707757	0.0018322024	0.0289506198	0.0619813043	0.0862607291	0.0150758071	0.0070230267	0.1200904083	0.0934637708	0.0905959044	0.0199300072	-0.069510898	0.0834905306	-0.1171096469	-0.07358462	0.0067718154	-0.0896601641	-0.0661266765	-0.0187117469	0.0102562141	-0.0554668141	-0.0100837548	-0.0467720522	0.1169418285	0.0477759774	-0.103403925	0.0728044776	0.0715525946	0.0922565092	0.0182952823	0.0661345804	0.0564294829	0.0914649639	-0.0620779777	0.0641092184	-0.0069294832	0.0710686563	0.1072023159	0.077797144	0.1814273683	-0.0071480024	0.1230463239	0.1006778772	0.0570636474	0.1455643174	-0.0535574758	0.031798605	0.1228914149	-0.0772781762	-0.010359266	0.0051046	0.0393823557	0.0297830929	0.0812627528	-0.0670376994	0.069585459	-0.0246154387	0.0281173918	-0.0207329113	0.0024168937	0.0611177429	-0.0520852696	-0.0586923286	-0.1183021919	-0.0345787132	-0.0816833753	-0.0139743422	-0.0819323104	0.0907045216	-0.0302344058	-0.0728504274	-0.0343500113	0.0296464263	-0.0240178031	-0.0061016029	0.060353842	-0.048028731	-0.0478341122	0.1661453199	-0.1106687835	0.1174698892	0.102554196	-0.0309515642	-0.0762656696	-0.1010458305	-0.0190373424	0.1012137887	-0.0156380215	0.0160837701	0.0704251788	0.1224121249	-0.1514128938	-0.0832014092	0.0910029272	-0.0481221202	0.1680844258	-0.0268347129	0.082381258	-0.018775934	-0.1732950087	0.0343990593	-0.0424071226	0.0270979724	-0.104536938	0.0062598329	0.0813835632	0.1117254898	0.0767965689	0.0492096989	-0.0625890327	0.0464225642	-0.0320386075	0.0589224229	0.0659962134	0.0423242587	-0.0468105316	0.040225676	0.1006665207	0.0907290776	0.0225221154	-0.0066990063	0.1682473575	0.0033573504	0.0745018289	-0.0754511706	-0.0498003104	-0.0021491448	-0.0649911793	-0.0049556217	0.0678154273	-0.1478781877	-0.0265578033	0.0473943118	-0.0092834347	0.0493148167	0.0461886148	0.0768796624	0.0579136685	0.1366205116	0.0024893563	0.0026068163	0.0319747574	-0.0471870168	-0.0489641061	0.0955415737	-0.0453880801	-0.0507185253	-0.0453170844966166	0.005012865935555	0.0020536381472734	2.512882488784868e-05	-0.0477162092484917	-0.0541171991936976	0.0029286712485703	0.0022768366250458	0.0572074284897752	-0.049953501480843	0.0032726898744127	0.0024953523101965	-0.0037750356217394	0.0004920274179105	1.4250893945401376e-05	2.420909799756742e-07	-0.0004929918179006	0.0005869041389869	2.430409325169384e-07	3.4445646836007175e-07	-0.0021249412361805	-0.0001981242550288	4.515375257220312e-06	3.9253220430756585e-08	0.0	0.0	0.0	0.0	0.0	0.0	0.0	0.0	0.0	0.0	0.0	0.0	0.0	0.0	0.0	0.0
6455.819782051233	-8.068504752351146	41677609.05832403	65.10076893871302	5215.780508761935	-23.986255787037408	27204366.315580912	575.3404666811855	4585.986352972343	6.696073438843996	21031270.829648577	44.83739949839206	4514.256178404465	6157.171895242379	1.215643	32.85257	0.1822449524418167	0.0896086013623997	-0.0233216063	-0.0355167311	-0.1016181242	0.050973501	-0.0338493369	-0.0347006473	0.1323426931	-0.043377133	-0.0533028297	-0.0248275556	0.0072859292	0.0705410921	-0.026150088	0.0370363326	0.1103993434	0.0471868183	0.0035974011	-0.0853265816	-0.0071614717	0.0162464258	-0.0888928973	-0.0258192525	0.0575797246	0.0488505575	-0.1083122591	0.0367100721	-0.0578405878	0.0492284877	-0.0096893872	-0.0245351207	0.0598826631	-0.1324467539	-0.0253246481	0.0063600632	-0.0213417669	0.1279362815	-0.0345338096	-0.0095776137	-0.0071026443	-0.1189159028	-0.1699396147	0.0853544643	0.0952063738	-0.0769892022	0.0435264249	0.0304206563	0.1701227895	-0.0498091395	-0.0799001319	-0.0248012228	0.0577111058	0.1299455936	0.017410901	0.0546392069	-0.056528429	-0.0333090317	0.0358694372	0.0072180422	-0.0376208051	0.013122529	-0.0654477774	-0.0539614696	0.0753111953	-0.0469524905	0.0256663677	-0.078298452	-0.0477190998	0.0644748156	-0.0549990917	0.0416026312	0.0137554873	0.040355919	-0.0714692741	-0.1229108873	-0.0109546782	-0.0894373658	0.0137511567	-0.0120789175	-0.117640394	0.0081954056	-0.0562460143	-0.0465765214	-0.045238735	0.0171183023	-0.0791926522	0.0034053877	-0.0345099634	-0.10288754	0.009381341	0.0346552951	0.0507453375	-0.0750060081	-0.0983675516	0.0183921752	0.051212209	-0.0353882371	-0.0274932051	0.1106795961	0.0999936251	0.0600010438	0.0869527233	-0.042589389	-0.1644088572	-0.0843318225	-0.0040941282	0.079613319	0.115079848	-0.1297862223	0.1077227936	-0.0782397524	0.0947988418	0.1074188654	0.0012812042	-0.0111721654	-0.0218718213	-0.0399035321	0.0555912379	-0.0086897957	-0.0525176981	-0.0887029078	0.0133859754	-0.017145576	0.1404688584	-0.120736482	-0.0124250006	0.0558986219	0.0317890345	-0.0154560736	0.0054158271	0.0345976651	0.0158035888	0.020014251	-0.0721234929	0.0452563541	-0.0629864377	0.0050697294	-0.0088642567	-0.0353457365	0.0400195532	0.0982396526	0.0352749356	0.0680458196	-0.0091725405	-0.124206835	-0.0527631555	0.0039616823	0.0503343116	-0.0038971487	0.1581557675	0.1603063512	0.0105592082	-0.0138404556	-0.0620290695	0.0623629913	0.0234595128	0.001501261	0.0677428543	0.0663799602	-0.0797325281	0.020128533	-0.0270182173	-0.1128269418	0.0104416088	0.1094815639	0.0195584155	0.094330419	0.0463531127	0.1022024705	-0.1242291754	0.0710043774	-0.0483742215	-0.0465897578	0.0955415737	-0.0501362882	-0.0447837232	0.0217452937159663	0.0670623782125829	0.0004728577987936	0.0044973625715275	-0.0062923243826844	0.0414238848658073	0.0017159382373756	3.9593346136924616e-05	0.0365446367536037	-0.0206627917361715	0.0013355104754528	0.0004269509623323	-0.0036410844229646	0.0001339511987747	1.3257495775155455e-05	1.794292365320592e-08	-0.001154121678492	-0.0006611298605913	1.3319968487651913e-06	4.370926925656039e-07	-0.0018581043430016	0.0002668368931789	3.4525517494814078e-06	7.120192756136774e-08	0.0	0.0	0.0	0.0	0.0	0.0	0.0	0.0	0.0	0.0	0.0	0.0	0.0	0.0	0.0	0.0
6471.106585752051	15.286803700817472	41875220.44416356	233.6863673873268	5221.70690081561	5.926392053675045	27266222.95802537	35.12212277386271	4586.175810032243	0.1894570598997234	21033008.560524903	0.0358939775458473	4515.784775865824	6264.177067648056	1.43494	38.779057	0.4225442033203555	0.2358381053059604	0.0674736562	-0.0913223874	-0.0753772451	0.0767443021	0.1878300087	0.075164086	0.0853318424	0.0177682374	0.0828682095	-0.0328665997	0.011840848	-0.0740248772	-0.0071858621	0.0784040503	-0.0065233783	-0.0444845245	-0.0178370352	-0.0582503966	-0.0562373107	0.0261510752	0.0427106773	-0.0828215957	0.0162334671	0.099609354	0.0551861706	0.0307062577	-0.0376614772	0.1114773434	-0.0204760197	-0.0665276124	0.059403965	0.0069741187	-0.1194595034	0.0791250615	0.0243183868	0.0323550237	-0.0161256982	-0.1012726355	0.1103098853	0.0483022343	-0.0796281221	-0.0569873069	-0.0473491403	-0.1053878255	0.0757489791	-0.0351384884	0.0575584497	0.0856122481	-0.1051927322	0.1125100483	-0.0743386562	-0.0352371672	0.0978763118	-0.1166308165	0.0869631919	-0.0488865742	-0.022413156	-0.0202571546	0.0803415302	0.0704265246	-0.0383186887	-0.093175422	-0.0704685649	-0.024759737	-0.0298678315	0.0164186806	-0.0859375521	0.0886751854	0.0220697375	-0.0956918842	-0.0023199985	0.0058012887	-0.0434205172	0.0333635891	-0.1131740108	0.0316617748	-0.0425271478	-0.1086062271	0.0929301376	-0.0217346766	-0.0953557336	-0.1433598638	0.0420188895	0.0140608129	-0.0724235203	-0.0533776614	0.0332754547	0.0444036224	0.0590988329	-0.045703933	0.0825699454	0.095211761	-0.069263159	-0.0022761957	0.0035163001	-0.0866683771	0.0365460136	0.0196468118	0.0284926497	0.1428327035	-0.0542967824	-0.0671373384	0.0510904762	-0.0095524839	0.000799908	0.0887749399	0.006572961	0.0225047454	0.1204805537	-0.0568038253	-0.0480945469	0.0275565713	-0.0797051333	-0.0950788345	0.0113597286	-0.1590650475	-0.0007399994	0.0164218079	0.0573075119	0.0370791968	-0.0850417444	-0.0397482666	-0.0482571989	-0.085858816	-0.1417459598	-0.0789675911	-0.0902181638	-0.0548165876	-0.0164939942	0.148493162	-0.0463018284	0.0189214855	-0.0769138378	-0.1043804488	0.0006823126	-0.0448454426	0.0825519553	0.0178338315	0.0442860522	-0.105606435	-0.0123460833	-0.0695050415	-0.1163849979	-0.1177780124	0.0529022365	0.0230951456	-0.0624532885	0.0276104214	0.1350272513	0.0310170659	-0.0398771494	0.1326566381	-0.098054804	0.0444332409	0.1076250838	-0.0024453814	-0.1357812911	-0.0648303701	-0.0229980491	0.0811200986	-0.1190605475	-0.0221395621	-0.1784576135	0.0096394844	0.0227092093	-0.0840638788	-0.0330719394	0.0403973338	-0.070338469	0.0249845105	-0.0495514717	-0.0441770624	0.0953646527	-0.0547194656	-0.0386186257	-0.0116987721284829	-0.0334440658444492	0.0001368612693141	0.0011185055402078	-0.0494647620834882	-0.0431724377008038	0.0018638593770297	0.002446762687976	-0.1891592695446888	-0.2257039062982925	0.0357812292546802	0.0509422533183084	-0.0046660989767942	-0.0010250145538295	2.177247966123988e-05	1.050654835562493e-06	-0.0018427857360459	-0.0006886640575539	3.3958592689742294e-06	4.742581841666014e-07	-0.0011673070848489	0.0006907972581526	1.3626058303384372e-06	4.772008518712879e-07	0.0	0.0	0.0	0.0	0.0	0.0	0.0	0.0	0.0	0.0	0.0	0.0	0.0	0.0	0.0	0.0
6488.05535259566	16.94876684360952	42094862.2583452	287.26069751903736	5250.204376220703	28.4974754050927	27564645.99208702	812.1061044638634	4592.599130157283	6.423320125039936	21091966.770321436	41.25904142874306	4521.680828276582	6319.17585493763	1.253749	33.882381	0.2143371960195584	0.0934515480000496	0.049067083	0.0430538836	-0.0304274623	0.1070699469	-0.022564891	0.0298831006	0.0033166391	0.07525213	-0.010355047	-0.0607540097	0.0480393795	-0.0644416237	0.1228652194	-0.0133774614	-0.0056411085	0.0064096726	0.0365126471	-0.0296072572	-0.0255376792	0.15305807	0.0804959404	0.0194888075	0.0599909351	-0.0472624518	0.026197445	0.0461417806	-0.0561878242	0.036532669	0.0056728035	0.0122865659	-0.0213557192	0.0986076386	-0.0402610129	-0.0043995913	-0.0069847764	0.0717201273	-0.1338712298	-0.1136083498	0.0160425393	0.0082273961	0.0532724003	0.0700234366	-0.0437388988	0.1190817774	0.053614131	-0.0049994147	-0.0341746969	-0.0431661155	0.0186451415	-0.0758270018	0.0328356783	0.0833937057	-0.1283617172	-0.0058037742	0.0285971819	-0.006825398	-0.085642452	0.1345134144	-0.0370674255	-0.0473124719	-0.011973313	0.035368424	-0.0776268979	0.1386758676	-0.0806926407	0.0514716813	-0.0300345548	0.1629256971	0.0579788172	-0.0817673947	-0.0075880285	0.0248771003	0.0246433455	-0.0980438858	-0.0297229033	-0.0670344474	0.1043292942	0.1274341829	0.1482022935	-0.0415129733	0.0138973034	0.1829069641	-0.0086758021	-0.0393932754	-0.067082188	0.0083923252	0.1519161738	0.0168591769	-0.0470556795	0.0351506858	-0.0225313125	0.0501730576	-0.0665219961	0.0407935267	-0.0387966825	-0.0263644197	0.0040882728	-0.078815453	-0.0813219777	0.0497455637	-0.0090303001	-0.0342602023	-0.0424757562	-0.0675018661	0.0339144269	0.0169057404	-0.0615827312	0.1483002273	0.0498927212	0.0109266779	-0.0965200802	-0.0011532934	0.0927558981	0.0101233191	0.0628185334	0.1274176923	0.0693193397	-0.0309562593	0.0129308175	0.0125209836	0.0831139398	-0.0243012013	0.052712802	-0.0949074315	0.0753899393	-0.0123943015	0.0615722156	-0.0406473515	-0.0569993129	0.0375043766	0.0712158522	-0.0347084729	0.1478969544	-0.1077881961	0.1557075321	-0.0661626818	-0.0269482544	0.1265912956	-0.018724871	0.0475887695	0.0619893574	-0.0402585665	0.0267308871	0.1035018673	0.0133776399	0.0287511384	-0.0418010801	0.0057914727	0.0455317048	0.0630893202	-0.020446908	-0.0215805865	-0.0882584378	0.0082480246	-0.0127330518	0.0234660376	-0.0591616283	-0.0349254166	-0.0476001421	0.0880311699	-0.0016770094	0.0492227183	-0.0679388548	-0.0438212625	-0.0311501956	-0.0690165643	-0.0954513941	0.0871615323	0.0374580862	-0.070851965	-0.0507185253	-0.0417280058	0.0950111383	-0.0591225262	-0.0322549359	-0.0200382183557366	-0.0083394462272537	0.0004015301948721	6.954636337725598e-05	-0.0064821002281121	0.042982661855376	0.0018475092201736	4.201762336729093e-05	-0.1432624389001802	0.0458968306445086	0.0205241263996278	0.0021065190632107	-0.0033750024996082	0.0012910964771859	1.1390641872361598e-05	1.6669301134020988e-06	-0.0012322942560023	0.0006104914800436	1.518549133376262e-06	3.726998472058253e-07	-0.0016080842734677	-0.0004407771886187	2.5859350305741404e-06	1.942845300066931e-07	0.0	0.0	0.0	0.0	0.0	0.0	0.0	0.0	0.0	0.0	0.0	0.0	0.0	0.0	0.0	0.0
6486.199458956729	-1.8558936389308656	42070783.421370566	3.44434119902405	5262.614737051505	12.410360830801435	27695113.87063168	154.01705595069055	4594.89770817299	2.2985780157068803	21113084.9485734	5.283460894290979	4521.967735504348	6343.345541612455	0.877013	23.701149	0.1138388507562005	0.0560968386386703	0.0243749914	-0.015743404	-0.0214653595	0.116609181	0.014782208	0.0065820793	0.0414511259	0.0939808041	-0.0064713041	-0.0708209133	0.0486671198	0.018512068	-0.0015715458	0.042453852	-0.0414667227	0.0182687567	0.0311280236	-0.0454494187	-0.0358199704	0.0011481524	0.0582761082	0.0874442533	0.009813271	0.0369622711	0.0394990187	0.0326713046	-0.0369567558	0.069631555	0.0044468689	0.0612642366	-0.0950960945	0.0087293299	-0.0299348083	0.0555238127	-0.0361071725	-0.0222719051	-0.0526288482	-0.0744049603	-0.0358543566	-0.0051181689	-0.1290654617	-0.0598754817	0.1011344661	0.1402070095	-0.0662250005	0.0194363081	0.0303259381	0.1046211533	-0.0723285463	0.1456423856	0.0514706535	0.057052834	-0.0624589023	0.1454306549	-0.0619903876	0.0852853322	0.0294012945	-0.0279944309	-0.0338523359	-0.0489248069	-0.0576550754	-0.0027270477	-0.1143389717	0.0331385896	0.0581106726	-0.0628069523	-0.0838402923	0.0658135985	0.032121473	-0.0346374559	0.0797896391	-0.0404257237	-0.0797087958	0.0510275874	0.028763309	0.0436741724	0.0745808532	-0.0148678473	-0.07976814	-0.1270655191	0.1074881056	0.029519238	-0.021156134	-0.0210822627	-0.0658655468	-0.041260079	0.0244384616	0.0514338986	-0.0885105318	-0.055842997	0.0105489632	0.0268840073	-0.0319295779	0.0239253072	-0.0337423559	-0.0379092745	-0.0882478577	0.0379156835	-0.0698120993	0.0541047525	0.0066131812	0.0192997833	-0.0805819102	-0.0270605422	-0.0290879289	0.0631197966	-0.0454739853	0.0110232142	-0.0617985865	-0.0771366951	-0.0134718405	-0.0869637058	0.009185232	-0.0279860286	-0.0904551519	-0.070381384	0.0959959918	0.0063727152	0.0577216986	-0.0814653868	-0.0648085533	-0.1063519323	0.169290664	0.0095773512	0.097398646	0.0111050153	0.0195314638	0.0923662332	0.1057651174	0.0170656362	-0.1322273381	-0.0491575277	0.0339197022	-0.0400586799	0.1250901084	-0.0196638117	-0.1102401525	-0.0031099261	0.0256855137	0.0488520451	0.072666046	-0.0570926969	0.0603090607	0.0272758116	-0.0649074242	0.0109460613	-0.0036128669	0.0289404731	0.0810978028	-0.0018351154	-0.0346412582	-0.0162292646	-0.0776368762	0.0626590603	0.0076231385	-0.0131033913	-0.0043912998	-0.0051170803	-0.0449420674	0.0370276213	-0.0471004899	-0.0171812152	-0.0477880279	-0.0517593435	-0.0229988444	-0.0025353637	-0.0207043086	0.0277676836	0.0375902863	-0.0954748293	-0.0518751419	-0.0392446037	0.0944816852	-0.0633309768	-0.0257253786	-0.0462884116287085	-0.0262501932729719	0.0021426170511087	0.0006890726468683	-0.0294853342458765	-0.0230032340177644	0.000529148775276	0.000869384935591	-0.104636335839416	0.0386261030607641	0.010948762777899	0.0014919758376607	-0.0034723172524191	-9.73147528108998e-05	1.2056987101447326e-05	9.470161114646533e-09	-0.0014102892608294	-0.0001779950048271	1.988915799210736e-06	3.168222174339939e-08	-0.0018519609239237	-0.000243876650456	3.429759263740325e-06	5.947582063763806e-08	0.0	0.0	0.0	0.0	0.0	0.0	0.0	0.0	0.0	0.0	0.0	0.0	0.0	0.0	0.0	0.0
6472.259446239081	-13.940012717648642	41890142.33943101	194.3239545682059	5206.6079470034	-56.00679004810445	27108766.31379896	3136.760531492452	4596.423186603727	1.5254784307371665	21127106.11034836	2.327084442644328	4523.700838973055	6309.6035283722495	0.912928	24.671761	0.0695280654447256	0.0339435918224995	0.029738046	-0.0839089454	-0.0526428404	0.0858219638	0.0499194683	0.0062167524	0.0471575386	0.04836851	0.0778764236	-0.0069892374	0.0102352391	0.0418060147	-0.0045842647	0.0291748355	0.020638631	0.0027324382	0.0520656749	-0.0536924114	-0.0713374158	-0.0694685335	0.0425799288	0.0366560387	-0.0261988455	0.0646636072	-0.0071509631	-0.0209569483	-0.1390351487	0.0422182143	-0.078409624	-0.0464277865	0.0547093699	0.0124689695	-0.0651970337	0.1201186134	-0.0883991268	-0.0964954066	-0.0900833483	-0.0217733247	0.0492809502	0.0900019697	-0.0477672802	-0.0521779625	0.0225489496	0.1004522081	-0.1017003241	0.0710102464	0.0718941656	0.073239326	0.0055947912	-0.0268589813	-0.0181954825	0.0446996005	-0.0476462382	-0.0314134534	-0.0253462027	0.0061139108	-0.0397299229	0.0685267021	0.0392602823	0.1230117053	-0.0140464214	0.125339412	-0.036404774	0.1309679394	-0.1231135422	-0.0011757445	-0.0291670988	0.0061213707	-0.0353158804	0.0154307285	-0.0372812827	-0.1192045891	-0.0482264332	-0.05537765	0.034888296	-0.0772941624	-0.034702125	0.0376000842	0.0285826084	-0.0509817783	-0.0107470844	0.0213155752	-0.0039577711	-0.0444650944	-0.0594069061	-0.0958081341	-0.0395243838	0.0465455383	-0.0265601628	-0.0478397106	0.0077796561	-0.0099109142	-0.0411542621	0.1217866113	0.1347423028	-0.071472722	-0.0042948313	0.0087587871	-0.0509684679	0.1561915476	-0.0756982796	-0.0070632962	-0.0132982059	-0.0349830213	-0.0248075717	-0.044631134	-0.0761203867	-0.0122127881	-0.0812221177	-0.0664898033	-0.071251227	-0.1096894319	0.0046481539	-0.0274479325	-0.0375783186	0.0205614852	-0.0627583734	0.0403393473	0.0525889613	-0.0275576683	-0.03256184	0.0536792551	0.0734306397	-0.1208716797	0.0948127575	-0.0943723733	-0.0387473596	-0.0338969767	-0.0765765909	0.0559215694	-0.0570471184	0.0506241707	0.0131964464	0.01432415	0.0495499712	-0.0372720371	0.1048622537	0.023195859	0.0590368589	0.0968332008	0.0895917191	0.0110139842	0.0842799617	0.0730482971	-0.0501906116	0.0362330843	-2.89566e-05	0.072821552	0.0747245866	-0.0297819158	-0.0246074956	0.0418316278	-0.0635351238	0.1012268962	0.0713352251	-0.0442682853	-0.0511590603	-0.0321243353	-0.0443309276	-0.0169409023	-0.0386801164	-0.0607519187	-0.0036500896	-0.0304499718	0.0884878386	0.0254874266	-0.0946249526	-0.0437664165	0.0587475845	-0.1450578376	-0.0530210836	-0.0367289002	0.0937772737	-0.0673309646	-0.0190635313	-0.062172893027153	-0.0158844813984445	0.0038654686273658	0.0002523167492975	-0.0255915366359005	0.003893797609976	1.516165982745482e-05	0.0006549267473866	-0.1163165948157711	-0.011680258976355	0.0135295502295362	0.0001364284497547	-0.003984022988262	-0.0005117057358429	1.587243917100008e-05	2.6184276009452414e-07	-0.001483967941434	-7.36786806046e-05	2.202160851203864e-06	5.4285479756346605e-09	-0.0020279670566752	-0.0001760061327514	4.112650382959874e-06	3.097815876613862e-08	0.0	0.0	0.0	0.0	0.0	0.0	0.0	0.0	0.0	0.0	0.0	0.0	0.0	0.0	0.0	0.0
6468.777626802074	-3.4818194370063797	41845083.98501508	12.12306659191542	5257.330917019314	50.72297001591414	27639528.371047143	2572.819687235325	4595.614271562543	-0.8089150411842638	21119670.532989323	0.6543435438541393	4525.124988120044	6259.1757924176645	0.956775	25.856705	0.044520661514422	0.0274677039876289	0.0189711676	-0.0133081009	-0.0163229405	0.0161010962	-0.0246019081	0.0057625496	0.0062673006	-0.0374055903	0.0894383364	-0.1381347793	-0.0410296678	0.0022399842	-0.0694110567	0.0538374005	0.0964086146	-0.0570645611	0.017709769	-0.0888967108	-0.0622791568	-0.1185702466	-0.0268448492	0.0183042465	-0.0975468467	-0.0309840885	-0.0290880987	-0.0369863806	-0.0941294542	0.0311425567	0.0010313788	-0.0185879178	0.0450763799	0.0408135594	-0.0128114341	-0.0015823732	0.0649290263	-0.0223407823	-0.0431153189	-0.0312015151	0.0318279774	-0.0844533076	0.0818799015	-0.118784911	-0.010126301	-0.0109287616	-0.0459965203	0.0174720453	-0.0142340437	0.075065028	-0.0983433703	0.1302082011	-0.1083804534	-0.0657324655	0.025469508	0.144457859	-0.0183258087	-0.0858855007	-0.09850001	-0.04397662	-0.00160511	0.0190758714	-0.0304715372	-0.0542185103	-0.05399341	-0.0921648966	-0.0776438401	0.0663920966	0.0351218079	0.0130879541	-0.0518931988	0.0223176692	-0.0839453668	0.0722139809	-0.0088355237	0.1330459229	-0.0472930098	0.0772249753	-0.0245591468	0.0183955442	-0.0343990425	-0.2039851076	-0.0650577382	0.0322122225	0.0512557074	-0.0047153141	-0.054400731	-0.0969237292	-0.1230304985	-0.0011149871	-0.0033736069	-0.0336081642	-0.1062415171	-0.0323181686	0.001108281	0.0708956599	0.0078954416	-0.0580177031	-0.0206241451	0.0091126958	0.0057487961	-0.0039390727	0.0404825728	-0.0194957079	0.0002025469	-0.0821876376	-0.0272522664	0.0867309059	0.0134243021	0.1015487012	-0.0789697298	0.0341072425	-0.1075146792	-0.0664877702	-0.1869505725	-0.0703757414	-0.0011521298	-0.0531602331	0.0133016972	-0.0177370294	0.000433262	0.037511525	-0.0012076069	-0.1666937754	-0.085704628	0.0134414997	-0.0263795793	-0.0314016703	-0.0300779035	0.0580465109	0.0370765157	0.0529432415	0.0327662346	-0.0301284313	-0.1177997135	-0.0062076083	0.0305304162	0.0162804767	0.0710267845	-0.0658545425	0.0822918133	-0.1150474026	-0.0700135423	-0.0065600158	0.0250049526	0.0260486711	0.0345620168	-0.1117966329	0.0043964565	0.0504136973	-0.0183174425	0.0853512765	-0.0408422407	0.0614875694	-0.0418764524	0.0764226765	0.1009192489	-0.0136352394	-0.0021146568	-0.0528534656	-0.0325187279	0.0031875669	-0.0306782472	-0.0522342023	-0.0438149145	-0.0259562789	0.0568347499	0.032749769	-0.0332176033	0.0197683335	0.0316123911	-0.0978022474	-0.0541561147	-0.0341829659	0.0928992083	-0.0711093231	-0.0123036518	-0.0621693316393106	3.561387842403174e-06	0.0038650257964785	1.2683483364017136e-11	-0.0470262352385901	-0.0214346986026895	0.0004594463041881	0.0022114668007152	-0.1329742533137761	-0.016657658498005	0.0176821520443562	0.0002774775866361	-0.003983980168938	4.2819324000582804e-08	1.5872097986491252e-05	1.8334945078668867e-15	-0.0014083614684301	7.560647300390013e-05	1.9834820257585875e-06	5.7163387600894794e-09	-0.002080812624865	-5.2845568189800046e-05	4.329781179797571e-06	2.7926540773028062e-09	0.0	0.0	0.0	0.0	0.0	0.0	0.0	0.0	0.0	0.0	0.0	0.0	0.0	0.0	0.0	0.0
6444.016894985914	-24.76073181615993	41525353.74286391	613.0938400717947	5212.233479365596	-45.09743765371786	27167377.843419597	2033.7788829309693	4589.49997502002	-6.114296542522425	21063510.02070877	37.38462220990168	4516.10396371741	6202.709838961962	1.104428	29.847006	0.1520304677274531	0.0810199395528157	0.0309274359	0.0300409401	-0.0799876418	-0.0666293257	-0.0071922189	0.0451917917	0.0885758483	-0.1463690627	-0.0742425233	-0.1035831049	-0.0291257851	0.0547848949	0.0043704537	0.0401764006	0.0512662982	-0.0605161823	0.0084182575	-0.064567662	0.1194596794	-0.0211322115	-0.1800631597	0.0250778572	-0.0030917429	-0.0005615841	-0.0005988718	-0.0234942545	0.0005321554	0.0295015215	0.0061715227	-0.0236636253	0.0283866479	-0.0134043628	-0.0068585509	-0.01544853	0.0062646614	0.0365500301	0.0328859958	0.0365616033	-0.1336541989	-0.0282715923	0.0472166648	0.0057123135	-0.0109785041	0.1054954291	-0.0599111531	-0.0223882525	0.032341419	0.088547905	0.0863560711	-0.0152396083	-0.0677269892	-0.1353952223	0.0116417938	-0.0226150727	0.0847985094	-0.0390141585	-0.0973029921	0.0070578817	-0.0281383977	-0.178441009	0.1184865159	0.010561038	0.0379455115	-0.0062921359	-0.0131579663	0.0077219099	-0.0393141062	-0.0037259201	-0.0887259759	-0.0707226278	0.0143415327	-0.0800569322	0.0231500679	-0.1205440998	0.0289900696	-0.0235354699	-0.02858186	0.0235084156	-0.0403784293	0.0078471562	0.0360582232	0.0678408396	0.0657337788	0.0042350022	-0.0577258675	0.1038522027	-0.1257191879	-0.1308726047	-0.0234327251	-0.029743129	0.000376476	0.0172252382	0.0267736837	-0.0118884944	-0.0307309938	-0.0309558012	-0.0074012193	0.022612508	-0.0171993488	-0.0076268144	0.0253373414	-0.0072064317	-0.0251003997	-0.0066945431	0.0109184973	-0.0018098315	0.0831094116	0.1139594988	-0.0827800052	0.0276187112	0.0232539527	-0.0940231698	0.0562700534	0.0042985976	-0.0698471794	0.032208104	-0.0711120044	-0.0550249027	0.1422892463	0.0801262373	0.0799323782	0.0659394347	-0.156668113	0.1183577579	0.0309680941	-0.0513343946	-0.0640441871	0.0262467531	-0.0034206657	0.019351	0.0695839189	0.0601058118	-0.0196893756	-0.1006957008	-0.018540792	0.067426191	-0.0376750706	-0.0353798057	-0.0120309758	0.0475800201	0.0289924049	0.0842275789	0.1019257672	-0.0943782045	-0.0459066517	0.0030790489	-0.0019865621	0.0336883731	0.0951700982	0.0873943829	-0.0652721542	-0.0503247201	0.0088299936	-0.0334373096	-0.0106939277	0.0274410275	0.0632450869	-0.1187997644	-0.0866945333	-0.0779285678	0.0421516231	-0.0127894159	-0.0857567044	-0.0098995218	0.0137782448	0.0318425	-0.069074825	0.0616933151	0.0241172671	-0.0874316059	-0.0552800014	-0.0316088963	0.091849115	-0.0746536153	-0.005480502	-0.0363122914395432	0.0258570401997674	0.0013185825095903	0.0006685865278923	0.0178143274715836	0.0648405627101737	0.0042042985725719	0.0003173502632648	-0.1031966097887391	0.029777643525037	0.0106495402718892	0.0008867080539041	-0.004187672482861	-0.000203692313923	1.7536600823711214e-05	4.14905587513062e-08	-0.0013509250037682	5.7436464661900005e-05	1.824998365806111e-06	3.298947472857688e-09	-0.0017108369776004	0.0003699756472646	2.9269631639248714e-06	1.3688197956885973e-07	0.0	0.0	0.0	0.0	0.0	0.0	0.0	0.0	0.0	0.0	0.0	0.0	0.0	0.0	0.0	0.0
6438.099382544622	-5.917512441292274	41449123.659521446	35.01695349284885	5212.510509575738	0.2770302101416746	27170265.81243752	0.0767457373311404	4580.9386430220175	-8.56133199800297	20984998.851132404	73.29640558002953	4508.525269005825	6067.204842476618	1.169129	31.595535	0.137792236030359	0.0864221803457644	-0.0171354786	-0.0521622918	-0.1407459971	-0.0390894503	-0.0014751869	-0.0253815061	0.1026603659	-0.0204043572	-0.0326737338	0.1066971052	-0.0161065869	-0.1094819408	0.0683595085	0.1180745937	0.0247411521	0.0316613711	-0.0636820556	-0.0897370152	0.0210243327	0.0794040785	0.0144038979	-0.0124901117	-0.1011412686	0.0908715736	-0.0561470544	0.0607880781	-0.0036647704	0.0700964146	0.0248602548	0.0562554464	-0.0963960142	0.0522646064	0.129140293	-0.0970845722	-0.012116768	0.0797304357	-0.0991888305	-0.0634375139	-0.0258530829	-0.0150249895	0.016393814	0.0795816183	0.1023303786	0.1182905058	0.0145853503	0.0067440919	-0.0984530388	0.09018793	0.0171206694	0.1230538044	-0.0057363581	-0.0329160078	0.0754108882	0.1650800527	-0.1596763502	0.0329359967	0.0784201591	0.0084408896	-0.1223760606	-0.091935182	0.0659627973	-0.0498639186	-0.1004536594	-0.0501217304	0.1278209378	0.0648510499	0.1368374758	-0.0724743831	0.1058185538	0.0323624755	-0.0366861435	-0.0204561781	-0.0225796349	-0.0838704943	0.004504416	-0.1018659696	-0.1128479056	-0.0242399652	0.0605448251	0.0245729176	0.0172208575	0.0568588501	-0.0368614632	0.0669492079	-0.0996756008	0.0276878072	0.0566993174	0.0016554451	0.0901724924	-0.1130653329	0.0102721008	-0.0560636613	-0.0108366436	-0.0596383844	-0.0762376976	-0.0812538495	-0.0199337643	-0.0228115728	-0.071933865	-0.0983547513	0.0538965627	0.0034688077	-0.128485886	-0.0169630436	-0.0249594086	0.0950787751	-0.0830415011	0.0425055768	0.0275411007	0.0995324068	0.0310589974	-0.0886082432	0.0802742241	-0.0085181879	-0.0930659336	-0.0272642395	0.0051856032	-0.1018556393	-0.0148544938	0.0164844986	-0.1235978227	-0.144424136	-0.0163145171	0.0387046264	0.0707956355	0.0136635022	0.1296182112	0.1564190195	0.1076279165	-0.1392627536	0.0552776257	-0.0948291489	-0.039120529	0.032697285	0.0234164314	0.0830393151	0.0176106377	0.0833668991	-0.0362181136	0.0873144926	0.0460019907	-0.1031552619	0.0088620608	-0.0063969554	-0.0390489697	-0.108858613	0.0296256834	0.0398723078	0.0607482027	0.1126922918	0.0389690099	0.1075668979	-0.1079550896	-0.0051405844	-0.0016645808	0.0070716622	-0.0272341792	-0.0560166564	-0.0314139716	0.0138141216	0.0125379557	0.0919975167	-0.0989593839	-0.0174480254	-0.0522695082	0.008564298	0.0108061187	0.0878295724	0.030206002	0.0300553081	-0.0563925126	-0.0290088101	0.0906289382	-0.0779521747	0.0013708306	-0.0265008263439625	0.0098114650955806	0.0007022937969128	9.626484732179836e-05	-0.0628440478089231	-0.0806583752805066	0.006505773502891	0.0039493743450102	-0.0810274349523325	0.0221691748364065	0.0065654452149544	0.0004914723129271	-0.0041119862285152	7.568625434580065e-05	1.6908430743498654e-05	5.728409096897228e-09	-0.0014082315981458	-5.730659437760011e-05	1.983116234016274e-06	3.284045759158789e-09	-0.0020809085452343	-0.0003700715676338	4.33018037362913e-06	1.3695296517101206e-07	0.0	0.0	0.0	0.0	0.0	0.0	0.0	0.0	0.0	0.0	0.0	0.0	0.0	0.0	0.0	0.0
6469.478330823781	31.378948279158976	41854149.87299845	984.638395106134	5223.717869059245	11.20735948350648	27287228.375528853	125.60490659254262	4583.762326979369	2.823683957351932	21010877.070235323	7.973191091006667	4511.282688752959	6170.357467497851	0.997519	26.957804	0.1463804940858583	0.0936075885963038	-0.0303938004	-0.0168856233	-0.0825618891	0.0308144306	-0.0785548105	-0.0620702554	0.0673951904	0.0244777067	-0.0089672996	-0.0417877991	0.0769873144	-0.0223067467	0.1028956483	0.0121662272	0.055227673	0.0701931131	-0.0143878582	-0.0683365562	-0.0452387704	0.1270910779	-0.070487836	0.006759482	-0.0210162024	-0.0509342104	-0.0715085059	0.075924463	-0.0082985993	0.0024392973	0.0546805203	-0.1583547287	-0.0457715825	-0.0075317778	0.0809408204	0.0494143788	-0.0970733366	-0.0477057531	0.0309516376	0.0993798032	-0.0348167923	-0.0275262883	-0.1105924667	0.0435980748	-0.0083992418	-0.090044662	-0.0196496622	0.0472884476	0.0403957875	-0.0003788982	0.0027804363	0.0281685014	-0.0556429001	-0.0238986939	-0.0295214822	0.0246256932	-0.0935447787	0.1191803593	-0.0582377923	0.0421239601	-0.0186565144	0.0142423991	-0.0169052885	-0.1058625303	-0.0034470314	0.079084153	0.1450764137	0.0064309596	-0.0408175211	0.1354559872	-0.0804999866	0.0849174114	-0.0933532769	-0.051354766	0.1153965887	-0.0394886065	-0.0195732094	-0.0175091729	-0.0845242389	-0.016414222	-0.0388093007	-0.0187246562	-0.0898018584	0.1261385604	-0.0703986197	0.0282112401	-0.0789374715	-0.0078959657	0.0882632404	-0.1109110625	-0.0140628234	2.13858e-05	-0.039215884	-0.0453824206	-0.052021035	-0.0367803448	-0.030083952	0.0268201714	0.1459491593	0.0581780077	-0.0303943138	0.0372974037	0.0239843101	0.0211359316	-0.0708168227	-0.1116162714	-0.0879368014	-0.0755500304	0.036548255	-0.0132369962	-0.0162095959	-0.0952394817	0.0419186942	0.0858489117	0.0185700654	-0.0346766367	-0.1022757325	-0.0227016802	-0.0652829116	0.0479336393	-0.0535351007	-0.0089536066	-0.0245747021	-0.0449582905	-0.0564385338	-0.0019842148	0.1250168149	0.0464616036	0.036914619	-0.0986463248	0.0152962215	0.0170125705	-0.0012024789	-0.036463642	0.0341380257	0.0258212706	0.0579496949	-0.0231954177	-0.085336766	-0.1071538513	0.1225182346	-0.013119152	-0.0244168254	-0.0300457953	0.0062057552	-0.0828651775	-0.042482533	0.0087966811	0.0602899414	0.0313265028	0.0644025294	0.1413927206	0.0048699379	-0.0350058135	-0.0809196554	0.0368551695	0.0471483223	0.0052603196	0.0312404361	0.0012613121	-0.0106374287	0.0460085256	-0.0288098698	-0.0246419199	-0.0605079076	0.0359274339	-0.0412660591	-0.0222201282	0.0230646121	0.0974303081	-0.0099619323	-0.0014863869	-0.0574934194	-0.0263848473	0.0892409375	-0.0809941435	0.0082151139	-0.0442370703982817	-0.0177362440543192	0.0019569183974225	0.0003145743531543	0.0175409229908041	0.0803849707997272	0.0064617435304729	0.0003076839793693	-0.0365192252629356	0.0445082096893969	0.001333653813805	0.0019809807297553	-0.0041359505784684	-2.396434995320055e-05	1.7106087187533094e-05	5.74290068679463e-10	-0.0014083068362766	-7.523813080000628e-08	1.9833281451034063e-06	5.6607763262788535e-15	-0.00202992674247	5.098180276429977e-05	4.120602579794866e-06	2.5991442130979636e-09	0.0	0.0	0.0	0.0	0.0	0.0	0.0	0.0	0.0	0.0	0.0	0.0	0.0	0.0	0.0	0.0
6444.904700905325	-24.57362991845639	41536796.60375156	603.863287369255	5207.815564416956	-15.902304642288982	27121342.95298349	252.8832929361657	4575.757073490484	-8.0052534888855	20937552.7955982	64.08408342131348	4502.083797679228	6220.663825818964	1.143687	30.907972	0.1522884449364679	0.0725508371050039	-0.0445011187	-0.0933228537	-0.0344859895	-0.0870363414	0.027644789	-0.0347969658	0.0254618482	-0.0696315855	0.0123126553	0.05229229	-0.0111087009	0.0258905303	0.0272498393	0.0776161021	-0.0717723744	0.0518008456	-0.1054467274	0.0498736927	-0.0501402112	0.0320663445	-0.0213419345	-0.0212998059	-0.0369596919	0.1271981335	-0.0287906773	0.0203189972	-0.086416038	0.1106097118	0.0724606495	-0.0901860221	-0.0490574499	0.0136186257	-0.1128713619	0.0824993168	-0.0602817042	-0.0016549905	0.0182838308	-0.0707019996	-0.1481937526	-0.009598518	0.0228569771	-0.0855172998	0.0070277506	0.1209365901	-0.0148640813	0.0739050328	-0.0784564441	-0.1022998362	0.0109911151	-0.1239525675	0.0588313286	-0.0224987622	-0.0585438437	0.0090441146	0.0517095657	0.0086694718	-0.0666878654	-0.0188716929	0.0012736268	-0.0664517191	0.1049455515	-0.0297090873	0.0764252235	0.0951307201	-0.1175679384	-0.0551683592	0.0440371059	0.0197627778	0.0502399426	-0.0429559712	-0.0775332846	-0.0600739079	-0.094723638	0.0407259662	-0.0741887263	0.1375749399	-0.0010230976	-0.0589365677	-0.0784513371	-0.1137014297	-0.0342370246	0.0607994119	-0.050141416	0.0982320881	0.0423979499	-0.0438853594	0.0480999166	-0.0183224229	0.06776486	-0.1051466927	0.0901735116	-0.0224005805	-0.0326529249	0.0437569678	-0.0801929283	-0.086173819	0.006835262	0.0620437273	-0.0616802773	0.1699737428	0.0991623787	0.0051418333	-0.0422013169	0.1075269837	0.018217079	-0.0015853949	0.0084628377	0.0604400629	-0.1489804546	-0.087670999	-0.0827068838	-0.046257967	0.0208600623	0.0651922663	0.0105930774	0.1031991633	0.1034390833	-0.0256548228	-0.0374239329	0.0709772476	0.1090276576	0.1157966886	-0.0099806745	0.0153775174	0.0815585266	-0.0931106119	-0.0419199792	0.0604096804	0.0481728225	0.0166343127	0.0954681974	0.0540684419	0.0163211768	0.0535797114	0.0030337982	-0.135267962	0.0048492198	-0.0280578396	0.0862145765	-0.0530186532	0.1059975123	0.0030673387	-0.0522211809	0.0617191035	0.0174335946	0.0099697128	0.0549592013	0.0279395269	0.0977125765	0.0274628705	0.0773141145	0.074009183	0.0513915836	0.0050827268	0.0393290539	-0.0968481213	0.0292573638	-0.0883858298	-0.0528409254	-0.082421784	-0.031412903	-0.0018849524	-0.0067215595	-0.070212116	-0.0450780654	-0.0906021308	0.0286451527	0.0700919116	0.0725492315	-0.0962959892	-0.0585824951	-0.0237391677	0.0876876832	-0.0837695089	0.0150171519	-0.0262618930610756	0.0179751773372061	0.0006896870271513	0.000323107000304	-0.020536914186664	-0.0380778371774681	0.0014499216841137	0.0004217648443104	-0.0718574531085494	-0.0353382278456137	0.0051634935672473	0.0012487903472685	-0.0033898329152831	0.0007461176631853	1.149096719353672e-05	5.56691567317093e-07	-0.0015259645480538	-0.0001176577117771	2.3285678019170377e-06	1.3843337140646636e-08	-0.0023840954190311	-0.000354168676561	5.683910967045076e-06	1.2543545145704098e-07	0.0	0.0	0.0	0.0	0.0	0.0	0.0	0.0	0.0	0.0	0.0	0.0	0.0	0.0	0.0	0.0
6450.732050915894	5.827350010569717	41611943.99271358	33.958008145686875	5217.441512496383	9.625948079427872	27221695.93632055	92.65887642784114	4584.556310579769	8.79923708928527	21018156.564876784	77.42657335345352	4513.244654658687	6103.005244845435	1.274922	34.454586	0.1274038422939184	0.0881919629469182	-0.0462116306	0.0729419519	0.0486353056	-0.1840523583	-0.0863365238	-0.0338648186	-0.1137438546	-0.140123108	0.0332388238	0.0192717445	0.0359582691	-0.0930855832	0.0578302411	-0.0968883416	0.0472332157	0.0187143571	-0.0509452572	0.1603689314	0.0189131937	0.0016607581	-0.0152997511	-0.1247211833	0.0160288884	-0.0606838971	-0.0079410504	0.0440366123	-0.0820287561	-0.0340300461	0.0751441103	0.0378110335	-0.0422698675	0.002095675	-0.0226882245	-0.1220737415	0.0149285649	-0.1319894892	0.0389688806	-0.00992527	-0.0416243363	-0.0316510739	0.0595706418	-0.0645537501	-0.0961619148	-0.0223686526	-0.0387202204	0.1100891636	0.0080872828	-0.0883033657	-0.0262073043	0.0011852096	0.0094758097	-0.0616361155	-0.0224475338	-0.0160874915	-0.011579454	-0.0973892957	-0.0131847169	-0.1517061894	-0.0240529474	0.0199889862	-0.1047981917	0.0017607737	0.0137245459	0.0027913644	0.1009702261	-0.0933276031	-0.1256002975	-0.0203006685	0.0774682905	0.0214546144	0.0114516946	0.0169239827	-0.0277239307	0.0553900208	0.0029865445	-0.1149472788	0.154446635	-0.0126913273	0.0809319521	0.0302206674	-0.0231896407	-0.0280408869	-0.0068193076	0.035827029	0.1710255154	0.0222099543	0.0204228682	-0.0031515171	0.071535955	0.0640690429	-0.0271002387	-0.0173732938	-0.1377724528	0.015730345	-0.0805392314	0.075726419	-0.0031767852	0.025801673	-0.0091026484	-0.0275499566	-0.0817323447	0.0611442379	-0.0362386856	0.0029776665	0.0398860435	-0.0211169184	0.0554301702	0.0445648398	-0.1523143207	-0.0001520809	0.0061298499	-0.0183836445	-0.0996657543	-0.0275674513	0.0712045069	0.02305479	-0.0377711449	-0.0124188605	-0.1166923832	0.0818369186	0.0153469692	0.0048006362	0.0512519278	-0.0110876128	-0.0431173378	-0.0040980129	-0.0325800065	0.0195908169	-0.0283657401	-0.0428309092	-0.090061443	0.1219463094	0.005286257	0.030322536	-0.0259909223	-0.0534548003	-0.1831876584	0.0722639987	-0.0214085424	0.0030122203	-0.0837545447	0.0636018122	-0.0991811349	-0.00978388	0.1200089182	-0.0646457846	0.018653016	-0.0605400346	-0.0095907274	0.0754850352	0.0782849472	-0.0254591026	0.1105766738	-0.0704088981	0.0047117216	-0.0378053821	0.0814535117	0.0135781772	0.0545727595	0.0554861196	-0.1238090528	0.0886326567	0.036735468	-0.0712516898	-0.0167911387	0.0697676556	-0.0714681407	0.0496935137	0.0868114001	-0.0744768202	-0.0596595157	-0.0210739489	0.0859720514	-0.0862691351	0.0217419657	-0.0180948927791178	0.0081670002819578	0.0003274251446877	6.669989360549881e-05	-0.0149286979718823	0.0056082162147817	3.145208911174038e-05	0.0002228660231356	-0.1029724548698283	-0.0311150017612789	0.0106033264619188	0.0009681433346043	-0.0018749386419861	0.001514894273297	3.5153949112126808e-06	2.2949046592680456e-06	-0.0016382891059179	-0.000112324557864	2.683991194569272e-06	1.2616806299365543e-08	-0.0023610417694742	2.3053649556899897e-05	5.574518237201861e-06	5.314707578923507e-10	0.0	0.0	0.0	0.0	0.0	0.0	0.0	0.0	0.0	0.0	0.0	0.0	0.0	0.0	0.0	0.0
6467.811024059747	17.078973143852636	41832579.4429488	291.6913236484396	5251.072136546947	33.63062405056371	27573758.58321972	1131.0188740303545	4584.963154174849	0.4068435950794082	21021887.125140976	0.1655217108571375	4512.21325450506	6199.430559288641	1.244876	33.642586	0.11544938981099	0.0671938116198303	-0.0366832857	-0.0544071946	-0.0588744958	0.0068660417	0.0179587321	-0.0274270988	0.0733174846	0.0295664918	-0.1061897914	-0.0344734172	0.0006835528	0.0098358277	0.0283672775	-0.0105978259	0.0948676848	0.0658047805	-0.0280484434	-0.0337810081	0.0307930496	0.0683126561	-0.0136367914	-0.0330286845	0.0760416101	0.0487066194	-0.0083448286	0.0035801994	0.1049326957	0.0544190593	-0.0794839414	-0.0915378187	-0.074014792	0.1681933029	0.0517402612	-0.0297536501	0.0204607422	-0.179294964	-0.0136207445	0.11444882	0.1586534503	0.0162750289	-0.03915565	-0.0597189972	-0.025144587	-0.0549552341	-0.005898324	0.1211838581	0.0856105056	-0.0147636017	0.096513931	0.0527836241	0.0732372743	0.1121050764	-0.1005782012	0.0053195179	0.086107113	-0.0108250996	0.0402452937	0.1170076061	-0.0431707836	-0.1230895243	-0.0001265231	0.0475241558	-0.0186416701	-0.02466315	-0.0989202295	0.117125773	0.0346864976	-0.1528971298	-0.0025195206	-0.0393314743	0.030784338	0.0269415883	0.0783448384	0.0636994556	0.0490614533	-0.0923324672	0.0131643552	0.1558959488	-0.0135401491	-0.0270337242	0.0100673367	0.0709677535	-0.0549178322	0.0251109037	-0.0344154644	0.0566803872	0.0385518313	-0.0403217872	0.0181908355	0.0354584923	0.1004496239	0.0102041777	0.0716419842	-0.0736575724	0.0298101135	-0.043107306	0.1116372188	-0.0244051137	-0.1340019076	0.0240645215	-0.1612228949	0.0340798601	0.0607191993	-0.1551783911	0.0344933613	0.0124693042	-0.0303537234	-0.0392916083	-0.0042567962	-0.0595469815	-0.0651926525	-0.0185248384	-0.0902100804	0.06067462	-0.0875797759	-0.0643350069	-0.1088903894	0.0308776044	-0.0855833768	-0.0067654373	0.0691439501	0.0032586051	0.1360648876	0.0669440597	0.0158523955	0.044117577	-0.0010056766	0.0275649316	-0.0248442142	0.0300185521	0.1383080351	-0.0633036419	0.1036723028	-0.0131838425	-0.0016109113	0.0102101496	0.0287632185	0.0906257225	-0.1531831473	-0.0175847453	-0.0891304777	0.0245482033	0.0464867078	0.0637712606	-0.0616792764	0.0097039631	0.0394934877	0.0167214593	0.1182838259	0.0010567663	0.0276401235	0.0129255205	-0.0256949709	-0.0154615922	-0.0711772584	-0.0066926	0.0598433025	0.0297551546	0.0278837561	0.0149971706	0.0079142749	0.0356962795	-0.0502822569	-0.0099161818	-0.0737295625	-0.023043907	-0.019212111	0.0121808518	-0.0009120007	-0.0711982373	-0.0607242596	-0.0183913846	0.0840972192	-0.0884847944	0.0283549738	-0.0261891108931706	-0.0080942181140528	0.0006858695293747	6.55163668778605e-05	-0.0387300239413406	-0.0238013259694582	0.0005665031179044	0.0015000147544968	-0.0865989349870943	0.016373519882734	0.0074993755408989	0.0002680921533502	-0.0030156784959855	-0.0011407398539994	9.094316791149368e-06	1.3012874145025726e-06	-0.0018289295737417	-0.0001906404678238	3.3449833857069963e-06	3.6343787972077343e-08	-0.0023732679645459	-1.2226195071699844e-05	5.632400831539839e-06	1.494798459312575e-10	0.0	0.0	0.0	0.0	0.0	0.0	0.0	0.0	0.0	0.0	0.0	0.0	0.0	0.0	0.0	0.0
6462.399562675007	-5.411461384740505	41762608.10766212	29.283914318537622	5244.286697274667	-6.7854392722802	27502542.96321204	46.04218611780246	4592.6429683874585	7.6798142126099265	21092369.435078766	58.979546340205424	4518.5052471436975	6200.188158817173	1.047992	28.321848	0.0698099868931013	0.0427768687749735	-0.064671014	-0.0289056168	-0.080507663	0.0115189836	-0.0779870473	-0.0591755503	0.0495143538	0.043291581	0.0398395609	0.0224624134	-0.0530844005	-0.0718930701	-0.0028745498	-0.0374004567	0.0647534899	0.0653132736	0.0212224138	-0.1019154702	-0.0285940816	0.0016314363	0.0143311394	-0.0481265764	-0.0610778391	-0.0269364967	-0.073417036	0.0769515565	0.0467339915	-0.017714592	0.0589581149	-0.0935831592	-0.0320929676	0.0067106337	-0.0623424692	0.0874103969	0.0279465109	-0.0588661224	-0.0401439182	0.0279688774	0.0130337481	-0.0510364394	0.0428811961	0.0122081808	-0.0042092172	0.0361148049	-0.1627990931	-0.0023947932	-0.0169269899	-0.0767313952	-0.0542101937	-0.0024945195	0.0759897929	-0.0721502585	0.0176568568	0.0764633873	0.0351257173	0.0078351682	-0.1275662789	0.064487453	0.0766755104	0.0663328685	-0.0303558964	0.0609850265	-0.0057223582	0.039205915	0.0218879257	0.0151557943	0.0092134679	0.0151232361	-0.0102618933	-0.0534781842	-0.0019140459	0.0153892122	0.0594222925	-0.0041965797	-0.0230901792	-0.079597393	-0.0267540562	-0.0109652087	0.0183503428	0.0639772459	0.0018540581	-0.123386383	-0.0749186118	-0.0060491482	-0.0966078051	-0.0458883518	-0.0034194587	0.0231020273	0.0310872334	-0.0118843911	-0.0660279228	-0.0664256521	-0.0310749928	-0.0902301407	-0.0564495786	0.031427557	0.0532592163	0.0403026149	-0.0069883235	0.070908718	0.0045007987	0.0067073812	0.0693623009	-0.1048399241	-0.0248012361	-0.0220386264	-0.0329703687	0.05378334	-0.1074104219	-0.0064501	-0.0374724324	0.0234750789	-0.0208253702	-0.1145362475	-0.0871935774	0.0478828187	0.0791481009	-0.0248248811	-0.0061372287	-0.0281314476	0.0894802749	0.0353424482	-0.0284545179	0.0270011625	0.0151752345	0.0259715632	-0.0803571745	-0.0331537893	-0.1449507908	-0.0097717766	0.0490917017	-0.0503095442	-0.0168273061	0.0075379102	-0.0138613556	-0.0439170844	0.0617201254	-0.0151522179	-0.0350253518	0.0162879091	0.044270429	0.0376064969	0.0291489677	-0.0197257214	-0.031320054	-0.0363698974	0.0662057739	0.0137024526	-0.0131849035	0.0723537827	0.0827691926	0.0048814217	-0.0591983641	0.0494294432	0.0165525042	0.0097720426	-8.54036e-05	0.0081682695	0.0403606026	-0.0151978346	-0.0569049511	-0.0351145305	0.0016125748	-0.0206600252	-0.0801730801	-0.0819679857	-0.0380123778	-0.030437565	0.0371226141	-0.0517378056	-0.0617765075	-0.0156936827	0.0820666583	-0.0904091936	0.0348221695	-0.0585503133822697	-0.0323612024890991	0.0034281391971619	0.0010472474265404	-0.0168078118255579	0.0219222121157827	0.0004805833840493	0.0002825025383633	-0.0866728676977288	-7.393271063450835e-05	0.007512185994948	5.466045701765943e-09	-0.0030159911456164	-3.126496308999971e-07	9.096202590436523e-06	9.774979170190443e-14	-0.001898066522781	-6.913694903930008e-05	3.6026565249019563e-06	4.779917722462776e-09	-0.0026128711574274	-0.0002396031928814	6.827095685316e-06	5.740969003900927e-08	0.0	0.0	0.0	0.0	0.0	0.0	0.0	0.0	0.0	0.0	0.0	0.0	0.0	0.0	0.0	0.0
6461.793112730333	-0.606449944673841	41754770.231729165	0.3677815353949047	5203.279368534794	-41.00732873987272	27074116.187019847	1681.601010379991	4586.674100207833	-5.968868179625133	21037579.301517338	35.62738734574145	4514.167363360951	6233.191379420752	1.126641	30.447308	0.0475437203386254	0.0246710316047303	-0.0266679711	-0.021787422	0.0007425113	-0.0823169036	0.0040571204	-0.0297748841	-0.0240858121	-0.0451474875	0.0420308047	-0.019875973	0.1065009027	0.0859407125	0.0261026065	0.038719187	0.0054723607	0.0232853891	-0.0415400307	0.0450907643	-0.0063394109	-0.0824436494	-0.0684441078	0.0304198278	0.1286546304	0.08421756	-0.0489976665	-0.050531874	0.0051970798	0.0605893656	-0.0134859662	-0.0965078502	-0.0849041911	-0.0171818839	0.0006909845	0.0657873894	0.0334996935	-0.0146300932	-0.0375869621	0.0302976279	-0.0612957992	-0.0753038563	0.0401148113	-0.0068068236	-0.0067085626	0.020347246	-0.0249689836	0.1151757269	-0.0036794916	-0.1448143262	0.0472117256	0.0260237957	0.0528080455	-0.108427799	-0.0054773521	-0.0367468629	-0.0042449921	0.0332845482	0.0597297202	-0.0048092261	-0.0178458562	0.0416168884	0.0306387686	0.0057731425	0.0514571504	0.0293272754	-0.1527022394	0.0423886138	0.0349481213	-0.017286736	0.0298508491	0.1150423512	0.0977828136	0.0671053393	0.0395528015	-0.104522575	0.0900413046	0.0139608483	-0.008667463	-0.064028611	0.1795851693	0.0549368331	-0.0771468653	-0.0604154489	-0.0206609386	0.0420230357	0.0673604294	-0.0295949084	-0.0769067129	-0.0484343218	-0.0560952974	0.0135063565	0.1390024386	-0.029358481	0.0425557244	0.0044501756	-0.0310372805	-0.02146457	0.0136848097	0.0946773596	-0.047554061	0.0675878031	0.0597853645	-0.0164989259	0.0090455826	-0.114514819	-0.0447713954	-0.0029519483	0.0190113975	0.0060242501	-0.0137929766	-0.0325099689	0.0323839244	0.0270938052	-0.0212883851	-0.0661673344	0.0735857796	0.025792011	-0.0220098428	-0.0734495443	-0.064066839	0.0407775813	0.0319292211	0.1666926411	-0.0311837522	0.0195709999	0.0479096642	0.053393827	0.0937272663	0.0104859881	0.06705379	-0.0707989587	-0.0144440677	-0.0532871978	0.0641607371	0.0280749637	0.037257481	0.0532893282	0.1809185888	0.094711646	0.0255420732	0.0075490358	-0.0835511724	0.0212696625	0.0052848268	0.144186422	0.0913009288	0.0151264036	0.0443062869	0.020107356	0.0942223579	-0.0152690082	-0.0119988994	-0.0437502343	0.0968420437	0.0301181639	0.0423592659	-0.0399221952	0.1456874772	0.0094005719	0.0654394804	-0.0607183308	-0.0135975235	0.0419091431	-0.034849884	0.008783371	-0.0706765333	-0.0728313112	-0.0053358842	0.0448631077	0.02372806	-0.1113350598	-0.0628160431	-0.0129830636	0.0798841288	-0.0920359983	0.0411102958	-0.054572881651751	0.0039774317305187	0.002978199411776	1.581996317093702e-05	-0.0254273159278284	-0.0086195041022705	7.4295850969058e-05	0.0006465483952935	-0.0831249335244876	0.0035479341732412	0.0069097545734504	1.2587836897652727e-05	-0.0032849675200511	-0.0002689763744347	1.0791011607790674e-05	7.234829000403595e-08	-0.0022552203401386	-0.0003571538173576	5.086018782574863e-06	1.2755884925310593e-07	-0.002614717972287	-1.8468148596001608e-06	6.836750074600641e-06	3.410725125639961e-12	0.0	0.0	0.0	0.0	0.0	0.0	0.0	0.0	0.0	0.0	0.0	0.0	0.0	0.0	0.0	0.0
6469.445745766893	7.652633036560474	41853728.25742135	58.562792392256775	5253.62012713397	50.34075859917539	27600524.440227147	2534.1919763404508	4591.5598261694	4.885725961567005	21082421.637292773	23.87031817152983	4518.994899663992	6217.896075041398	1.076686	29.097298	0.1464458651665098	0.0922080204388421	-0.0331391109	-0.0847856205	0.0712000642	-0.0968444658	-0.0055938408	-0.0546204557	-0.0962272927	-0.0250642052	-0.0071565931	0.0577392096	-0.0544690071	-0.0449843844	-0.0147219987	0.041925143	0.0414742768	0.015483628	-0.0020498119	0.08517626	0.0214384554	-0.0423617726	0.0353430068	-0.046292834	-0.0537993328	0.0140168336	-0.0268626689	0.0664700111	-0.0630248964	0.107354629	0.0769556088	-0.0187337297	0.0215120764	-0.079214438	0.0026562712	0.0227785081	0.0845169398	-0.1105387017	-0.0346069647	0.006453881	-0.1209151817	-0.0209527779	0.0132206499	0.0345129001	-0.0214858519	-0.0733340353	-0.0507856014	-0.0139673304	0.0793125347	-0.0090122326	-0.0332125682	0.0668037157	0.101109665	-0.0380855468	0.024447928	0.060847344	-0.056767855	1.05379e-05	0.0475719547	-0.0386018131	0.0057839219	-0.0999392745	0.0430518864	-0.0091678602	0.053310884	-0.1882329515	-0.060886969	-0.0133149335	-0.0001304212	0.0988671885	-0.0351380622	0.0098066964	0.0683571255	0.0028406854	0.0213753528	0.0031131937	0.0519667087	0.0389814646	-0.1186336501	0.0410542312	0.0850703549	0.0254757759	0.0309547308	-0.052274143	-0.0207320644	-0.0065561829	0.1033652246	0.0040845623	-0.0054817548	0.066604092	0.0652195786	-0.0155509035	-0.0105788028	-0.0315965028	-0.0559460257	0.0123704209	-0.0734301597	-0.119696349	0.0477702818	0.0428798722	0.0109081521	0.0261792687	0.0682958751	0.1041338437	-0.0213452112	-0.0304340185	0.0151688021	0.0241576568	0.0192343243	0.04406563	-0.079827842	0.0277077944	0.1317872897	0.0865004795	-0.0156932239	-0.0975752409	-0.0036520022	0.0041043253	-0.0120230126	-0.0294204006	-0.0003138286	0.0199206614	-0.0195189349	0.0888639731	0.1013604849	0.0820290167	0.0468397645	0.0588948725	-0.0052831339	0.0259764546	0.1314769734	0.0438395176	-0.0225541161	0.0834575782	-0.1228772551	-0.0458972207	-0.0118563076	0.1147617347	0.0677534308	-0.1077204553	-0.0345318982	0.0090602516	-0.1146548442	0.0227891998	-0.050373926	-0.050046604	-0.0440884032	0.0095429212	0.033245969	0.0435069602	-0.0390201761	0.0337135015	0.0348825853	0.0937261249	0.0521290145	-0.0549545188	0.092775823	-0.0277824217	-4.32551e-05	0.016593926	0.0610139721	0.0543662636	-0.058298085	-0.0581792679	-0.0446818865	-0.0082039286	-0.1051871683	-0.0029331216	-0.056512835	0.0644213349	0.0559183788	-0.067765577	-0.0638426524	-0.0102617584	0.0775536723	-0.0933598536	0.0471870168	-0.0664337441753701	-0.0118608625236191	0.0044134423651585	0.0001406800598041	-0.0644169293279901	-0.0389896134001617	0.001520189953094	0.0041495407840472	-0.1662664609649766	-0.083141527440489	0.027644536041818	0.0069125135851375	-0.0033972866376826	-0.0001123191176315	1.1541556498576748e-05	1.2615584185518753e-08	-0.0021190676265212	0.0001361527136174	4.490447605770192e-06	1.8537561425381752e-08	-0.0026141125674911	6.054047958998013e-07	6.833584515514911e-06	3.665149668984801e-13	0.0	0.0	0.0	0.0	0.0	0.0	0.0	0.0	0.0	0.0	0.0	0.0	0.0	0.0	0.0	0.0
6476.236694303356	6.790948536462565	41941641.720641255	46.11698202488306	5238.873816370081	-14.746310763888689	27445798.863848016	217.45368114517933	4591.620470444217	0.0606442748166955	21082978.54460237	0.0036777280680428	4519.077904017771	6299.690810979523	1.22054	32.984924	0.1080670633517413	0.0805302837432641	-0.0012736576	0.0779725451	-0.0023110586	-0.0087577902	-0.0805502784	-0.0153615144	-0.0058374495	-0.0403190521	-0.1141954221	-0.05994097	0.0408012223	0.0519226867	0.0446944897	-0.0393990236	0.1095725122	0.0101828788	0.0139349686	0.0215248586	0.0800072114	0.0811553881	-0.0810234435	-0.014218696	0.0148345824	-0.0768616158	-0.0518201622	-0.103352992	-0.0063201919	0.0274916565	-0.0592380567	0.0553824513	-0.0171746874	-0.0644404004	-0.0050838125	0.0397813524	-0.0137420552	0.0409262398	-0.1214558396	-0.025219237	-0.0082969623	0.0012552066	-0.1631543678	-0.0044718789	-0.1111565096	-0.053904705	0.0835832748	0.0231237044	0.0367434256	-0.0812162866	0.0626013637	0.0047414599	0.0417781588	-0.0182248908	0.0182582056	0.0420662551	-0.0643559136	-0.0733706336	-0.0896470224	0.0790128105	-0.0051433898	0.0538833152	0.0362430165	-0.0083970826	0.0702045878	-0.0775378591	-0.056376671	0.0305873013	0.030772366	-0.0326957733	-0.063866028	0.0378418198	-0.0411289951	0.0710916989	0.0462812404	-0.080476811	0.065793265	0.0242185761	-0.0077419955	-0.0147210608	-0.0897912661	0.0027047889	0.0678352961	0.0507706383	-0.0017067033	-0.0075997331	0.0127280198	0.1220902527	0.024831631	-0.1087864672	-0.0044308409	0.0661646558	-0.036963043	-0.0057994565	0.0922056355	0.0393016984	0.0727520662	-0.0091324027	-0.0842846319	0.0110493065	-0.0059376322	0.0544580661	0.0155538254	0.0719387214	-0.0782088979	-0.0594131472	-0.0054760964	0.0284965961	0.0515328206	0.0363391638	0.0939238644	-0.0617507513	-0.0676850566	0.1328573112	0.1100007426	-0.0715824193	-0.0015144692	-0.0306873093	-0.0077717941	-0.0031938728	-0.0726909644	0.0366007451	0.0113587403	0.0335097435	0.0078643259	-0.0251336023	0.0091632319	-0.0126206814	0.0269178252	-0.0472211892	-0.0235185762	-0.0435063137	0.0419408035	0.0130764768	-0.013418762	-0.0033729799	-0.1081542183	0.1109999996	0.1387242605	0.0330930974	0.0366860453	0.0225525541	-0.0789608806	0.0463856504	0.1062935887	-0.0151427609	0.0329636076	-0.0975596272	0.0136395944	-0.0042084499	-0.0002899914	0.0800620271	-0.0547021622	-0.0752459393	0.0130914567	-0.0672353165	-0.0622467739	0.0701283008	0.0784415563	-0.0134201038	0.0742909425	-0.0163514718	0.0461253256	-0.0077816709	-0.041949355	0.0773138924	0.0330201439	-0.0602867462	-0.0951710335	-0.0303221567	0.0491268432	-0.0401581	-0.0648561241	-0.007532007	0.0750796043	-0.0943764019	0.0530210836	-0.0664124700229109	2.1274152459199724e-05	0.004410616174544	4.525895628572737e-10	0.0139167383108116	0.0783336676388017	0.0061361634857462	0.0001936756052116	-0.1489477153577212	0.0173187456072554	0.0221854219102847	0.0002999389494088	-0.0033671770702256	3.0109567457000178e-05	1.1337881422253056e-05	9.065860524476439e-10	-0.0021728838222254	-5.3816195704200175e-05	4.721424104888865e-06	2.896182920072773e-09	-0.0024501708115878	0.0001639417559032	6.00333700595682e-06	2.6876899328657182e-08	0.0	0.0	0.0	0.0	0.0	0.0	0.0	0.0	0.0	0.0	0.0	0.0	0.0	0.0	0.0	0.0
6465.51993461192	-10.716759691435982	41802948.02486412	114.84893828398704	5226.81510981807	-12.058706552011245	27319596.19222248	145.41240370751893	4589.749710232224	-1.8707602119930016	21065802.402576786	3.4997437707761003	4517.452157385063	6273.52289934336	1.245254	33.652821	0.1279956601591276	0.0634584159420444	-0.0237422318	-0.0687910185	-0.0748286343	0.0211514885	0.0580105096	0.0442634961	0.1204048578	-0.0101040475	-0.0155245653	0.0790802728	-0.0382271266	0.0153856052	-0.0233134998	0.0644231167	-0.0372634929	0.0222025032	-0.010272397	-0.0733800033	-0.0124837665	0.0151972684	0.0351577418	-0.0065554029	-0.0601198497	0.1113235941	0.0526637532	-0.0328701924	-0.0323086899	0.0413889462	0.0268742554	0.0119246231	0.0297322132	-0.0013808559	0.0720690958	-0.0267566111	-0.0821877124	-0.0756708871	0.02142923	-0.082888195	0.0776780769	-0.0847652083	0.0286068578	-0.0928952257	-0.0327558493	-0.0398086496	0.0539917384	-0.0335607531	-0.0738421655	0.0436557202	-0.1060595846	0.0597066689	0.0428293991	0.0159981958	0.0232718152	-0.0200206918	0.1286917601	-0.0925886987	-0.045829895	-0.0390666613	0.0862889595	0.0695451503	0.0119747828	-0.0501292796	0.0726549877	0.0350249659	0.0269824544	0.0634346691	-0.0069152501	-0.0703938197	0.0380310222	0.0375973709	0.1466728714	0.0086986725	-0.1143693192	0.0094144782	-0.0240994982	-0.0501241633	-0.0603936396	-0.0773323716	-0.0284810968	0.0021291527	0.0087870252	-0.0546631259	-0.0218793643	0.0072286964	-0.0754622098	-0.0210976218	0.0026446256	0.0495119523	0.0835933233	-0.1062535059	0.0655548926	0.051044398	0.0386379662	0.0578498705	-0.0160938285	-0.0240447637	0.0395294178	0.0018244433	0.0394428203	-0.010101616	-0.1010451261	0.0096374101	-0.0549272766	0.1027763561	-0.0861805098	0.0728484985	-0.0357756407	-0.0680106382	-0.0072437246	0.0911574755	-0.0290131732	0.0491819267	-0.1066683709	-0.0151397796	-0.0063031934	-0.0522756132	0.0473331996	-0.02827125	0.0084572666	0.0158596496	-0.0544146683	-0.0531158073	0.0435619975	0.0853488977	-0.0986423327	-0.0076377642	-0.0826212665	-0.1058730496	-0.0465181348	-0.0145047464	0.0252278873	0.0873078758	0.0635971821	0.0451629052	0.057748398	-0.0321441259	0.0296061125	0.0559786177	0.012979338	0.0151100264	-0.0146890369	-0.047812842	-0.1437995225	0.0607898142	-0.0621471501	-0.0648598137	0.0116733776	0.0130826233	0.0517087009	-0.0670470671	0.0652959269	0.0448591652	-0.0478446939	0.012230414	-0.0135066594	-0.0112887301	-0.0635470999	-0.0171695126	0.04172677	-0.086042589	-0.0753196506	0.0554854478	0.0481528678	0.0248323439	-0.055990515	-0.0235569099	-0.1190375465	-0.0132698207	0.0553110677	-0.0215372115	-0.0658562496	-0.0047960562	0.0724665061	-0.0950822971	0.0585824951	-0.0490823854610056	0.0173300845619052	0.0024090805625427	0.0003003318309227	-0.0259719533349738	-0.0398886916457854	0.0015911077212125	0.000674542360034	-0.1848164467551782	-0.035868731397457	0.0341571189912096	0.0012865658920629	-0.0029379923373643	0.0004291847328612	8.631798974411343e-06	1.841995349212253e-07	-0.0022781725742215	-0.000105288751996	5.190070277935016e-06	1.10857212968962e-08	-0.00261386037781	-0.0001636895662221	6.832266074685035e-06	2.6794274090011878e-08	0.0	0.0	0.0	0.0	0.0	0.0	0.0	0.0	0.0	0.0	0.0	0.0	0.0	0.0	0.0	0.0
6473.947292219685	8.427357607764861	41911993.54243859	71.02035624915229	5190.652644630714	-36.16246518735534	26942874.877211828	1307.7238884266867	4592.685944167223	2.936233934999109	21092764.181751177	8.62146972104035	4520.768105016108	6316.700990274086	1.180039	31.890381	0.1535716328583969	0.095479127139083	0.0211079894	0.0869866221	-0.0347763471	0.0245076244	0.0022041024	0.0436923566	0.0321060134	0.0139855856	0.1498368521	0.0201582034	0.0652554548	-0.052006101	-0.0407021509	-0.0667191132	0.029604053	-0.04137312	-0.0234361753	-0.0612249135	-0.0988877344	-0.0155605888	-0.026525349	0.0456424355	-0.0439435526	-0.0911123903	0.047165816	0.0789782415	0.022562746	-0.022225913	-0.1280891809	0.0617827918	0.0586481919	0.0607924169	-0.0379751004	-0.1340624919	-0.0305282295	-0.0546405198	-0.0019500806	0.0347599969	0.0094139368	-0.0270812375	0.0354324011	0.020031423	0.0025025861	-0.0053870887	0.1482207564	-0.0161127622	-0.024381219	-0.0282435511	-0.0149031899	0.005943349	0.0413176189	-0.0477284373	-0.0007033878	-0.051934445	-0.0680560083	-0.0499100032	-0.0584613956	0.041285836	0.1037467353	-0.0236376841	0.0145231337	0.0071019888	0.0175241807	0.000327256	-0.0522422318	0.0455064715	0.1234273212	-0.0017432281	0.0104325752	0.0651209198	-0.1052225551	0.1086089904	0.0218910946	-0.0031531942	0.0145236725	-0.0574350123	0.0867342701	-0.1743394335	-0.0071617612	0.1528782718	-0.0080265218	0.0174139006	0.0415879595	0.0405998936	-0.0495122444	-0.1118572079	-0.0162300305	-0.0402580961	-0.0728786278	0.0035600916	-0.1262986233	0.0587368102	-0.005085164	-0.0559900102	0.0864119099	0.0003162798	-0.014532129	-0.0651556599	-0.0323923375	-0.0470768057	-0.1002112175	-0.0354870827	-0.0247545101	0.0427247193	0.0625597689	-0.0305976097	0.0018190354	0.0364346486	0.0175509064	0.0946126703	0.0262674057	0.0717567393	-0.0119159974	0.0632086219	0.0692758517	-0.0258273684	0.0046475271	-0.1076680819	-0.0857428474	0.0581502374	-0.055240953	-0.0120516266	-0.0316457355	-0.0022093351	0.0446251544	0.0871447853	-0.004932123	-0.001022645	-0.1069086401	0.0781810823	0.0160332659	-0.0364536922	0.0002254424	0.0542592866	0.0043630955	0.0519232601	0.0796840632	0.0677358547	-0.051635096	-0.1128544987	0.044169174	0.0122001228	-0.0342221971	0.1066459961	0.1081095285	-0.06428594	-0.0417250515	-0.0561234221	-0.0525218377	0.0015054741	-0.0450048044	0.0225467187	-0.0063865768	0.1124623686	0.0270889286	0.0003946155	-0.0149827633	0.0600331715	0.0598405185	-0.1092391618	-0.0258693358	0.0526566393	0.1080839296	0.0437661856	0.1308417798	0.0204076555	-0.0444590471	-0.0491259331	0.0136114582	0.0730640641	-0.0668428233	-0.0020561578	0.0697192167	-0.0954752155	0.0638426524	-0.0596928740694551	-0.0106104886084495	0.0035632392146718	0.00011258246851	-0.0566411284352312	-0.0306691751002573	0.0009405983013302	0.0032082174304163	-0.2689771867900532	-0.084160740034875	0.0723487270134911	0.0070830301632178	-0.0025681463603702	0.000369845976994	6.595375728282706e-06	1.3678604669872028e-07	-0.0022544401445063	2.3732429715199888e-05	5.082500365161587e-06	5.632282201869027e-10	-0.002782906553397	-0.000169046175587	7.74456888493997e-06	2.85766094805909e-08	0.0	0.0	0.0	0.0	0.0	0.0	0.0	0.0	0.0	0.0	0.0	0.0	0.0	0.0	0.0	0.0
6478.524127898917	4.5768356792323175	41971274.87576842	20.947424834693948	5245.290926106771	54.63828147605636	27513076.899498023	2985.341802656764	4594.548395816591	1.862451649368268	21109874.96150081	3.4687261462345806	4522.533667871906	6322.843628687888	1.161194	31.381117	0.0969119858201614	0.0471955273349579	0.0399886449	0.011556916	0.0577972259	-0.0355435624	0.1340847032	0.0697005316	-0.0388940838	-0.0389209256	0.019461127	-0.0543355503	0.0949499485	0.0279989675	-0.0507708417	0.0123337833	-0.1300467832	-0.0641930227	-0.0159666768	0.0576567335	0.0007797502	-0.0766242722	0.0018090915	0.0694234533	0.1757225879	0.0373048056	0.0806741678	0.0297019452	0.0613059792	-0.0880688649	-0.0450908632	-0.0562546887	-0.0972592698	-0.026280763	-0.0377623338	0.0070009438	0.0168943779	0.1366783209	-0.0311246981	-0.0113896939	0.0309700907	0.1369756355	-0.149270266	0.1122768561	-0.0690640705	0.078043734	-0.0069154417	-0.0147271078	-0.104743069	-0.0345430281	0.0356735004	0.0328692631	-0.0345722546	0.1086929458	-0.0383104796	-0.0671441084	-0.0609960331	-0.0260392891	0.0552602585	-0.0752174285	-0.0584387866	-0.0452102998	0.1124553508	-0.0934385059	0.101050116	0.0566839198	0.0098492155	0.0049954047	0.0506970225	-0.0116171351	0.0468992871	0.0010112292	-0.0265129149	0.0555680371	0.0624463684	0.1111241784	0.0618511742	-0.0034262671	0.0578738605	-0.0481072203	0.081122636	-0.0417261633	-0.0221101587	-0.1073192998	0.0659884928	0.0116993865	0.0693049424	-0.0120222163	-0.0547349975	0.0281264509	-0.135467291	0.0486344847	0.1192323758	0.0862887088	-0.0124887428	-0.0304116436	0.0024937236	0.0944342122	0.0127907753	0.0520428958	-0.0470201365	-0.0006101116	0.0518297808	-0.028586707	0.0721095083	0.0124790881	0.0689003973	0.0061319047	-0.0269044225	0.0139658548	0.1879316494	-0.0805175544	0.0167853187	-0.0567330904	0.2398424327	0.0167428027	0.0960316986	-0.0235403715	0.0605399465	0.0979710644	-0.0437140019	-0.0448101897	-0.076187716	-0.0027711111	-0.0522800731	0.018215771	0.0496149311	0.0115699886	0.0030286763	0.0178278212	0.0190864468	-0.0238413002	0.1428519694	-0.0024403081	-0.0274116067	-0.0513341691	-0.0111191946	-0.0610243414	-0.0780043486	-0.0653272912	-0.0775216131	-0.0429750624	-0.0286933602	0.0308735395	-0.0374534424	0.090840897	0.133105148	0.0517076702	-0.0531593924	-0.0344595339	0.0690459167	-0.1091019817	-0.0949986775	-0.0093735457	0.0958692953	-0.0180364284	0.0493948059	0.0180298956	0.0122369718	0.0686283793	0.0291703518	-0.0417183023	-0.073906131	-0.0005357905	-0.0097782769	0.0294554304	-0.0127042606	-0.0721006478	0.0735599459	0.0207128344	-0.1098130387	0.1979678906	-0.067815642	0.000685433	0.0668428233	-0.0955538639	0.0687745056	-0.0518316245374705	0.0078612495319846	0.0026865173021933	6.179924420412813e-05	-0.0352349139921415	0.0214062144430896	0.0004582260167835	0.0012414991640336	-0.2838621334626054	-0.0148849466725521	0.080577710813942	0.0002215616374447	-0.0033001626036751	-0.0007320162433048	1.0891073210695616e-05	5.358477804622185e-07	-0.0024096959365773	-0.0001552557920709	5.806634506757151e-06	2.4104360971593564e-08	-0.0026149870853222	0.0001679194680748	6.838157456401894e-06	2.8196947758523828e-08	0.0	0.0	0.0	0.0	0.0	0.0	0.0	0.0	0.0	0.0	0.0	0.0	0.0	0.0	0.0	0.0
6474.628381492495	-3.895746406422404	41920812.67842812	15.176840063153076	5276.103371627242	30.81244552047156	27837266.788096357	949.4067989520275	4593.363271921193	-1.1851238953986467	21098986.147834565	1.4045186474448623	4520.887194474587	6301.2821562235895	1.116668	30.177799	0.0688287279597214	0.0324017584471936	0.0105816055	0.0114492108	0.0774525194	-0.0658400465	0.0076195004	-0.0246283297	-0.1252218661	0.0236215443	-0.0434534036	0.0950039304	-0.0319244847	-0.0545078069	-0.0993010084	-0.1193459269	-0.0289331329	-0.0200766073	-0.0120738504	0.0835501167	-0.0048141802	-0.0113893401	0.0825190232	-0.0381947497	-0.0297333365	-0.0482218213	0.1017541834	0.0824453914	-0.0349453189	-0.0184363479	-0.0037907913	0.0039410412	-0.0379471451	0.0273165886	-0.0324629804	0.0378500349	0.0180317352	0.0632345836	0.0666012982	0.0593523265	-0.0325931607	0.0594646661	-0.0643935391	0.0133799669	0.0031400054	-0.0391405636	0.1040670283	-0.0178530377	0.039261807	0.0086791017	-0.0500918554	-0.0465177615	0.0631755711	-0.0289056281	-0.0074384056	-0.0253712467	0.1168517281	0.0082575523	-0.0165464932	0.1078682389	-0.0042494894	-0.0239308701	0.0306775096	0.0344053205	0.012236543	-0.0232078661	0.0531449183	-0.0784550569	0.0987698282	-0.1070153699	0.0878440908	-0.1793864786	-0.0031058785	-0.0898972687	-0.0257677801	0.0031329599	-0.0705288916	0.083746339	-0.0749237252	0.0114234959	0.0143167287	0.0619211686	0.0163604309	-0.1090297377	0.0157084356	-0.0074649051	0.1038081562	-0.0048671806	0.0420557671	0.0913722576	0.0352486343	0.040808341	-0.0417081497	0.0626889547	-0.0604683845	-0.0056663453	-0.0111775106	-0.0340408417	0.0395828438	0.0264357258	-0.032538055	-0.0355212564	0.066232756	0.0218575363	0.0645611852	0.1348097567	0.068281567	-0.0288071399	0.0113616604	-0.0559315408	0.0532016744	-0.0467175227	0.0267293582	0.049690937	0.0242035921	0.0866319679	-0.122526472	0.0144048756	0.0155502561	-0.0868912242	0.0110098982	0.0178484564	0.0318811726	0.0228870534	0.0653559147	0.0636371638	0.002625481	-0.148358305	-0.0480202049	0.0016344957	-0.0516195971	0.0194488178	0.0391764108	0.0405429718	0.0735593709	-0.0181789593	-0.0871297376	0.0329382106	0.0484293199	-0.0650582079	-0.0278137474	-0.1045489976	0.0633959574	-0.1507893346	0.0061775921	-0.1064285816	-0.02175407	0.0366607628	-0.0321061277	-0.032510444	-0.0489991589	0.0299669179	-0.0034379135	0.0658867196	0.070259884	-0.0504809627	0.0435246214	0.0019689376	-0.0519002603	0.042557812	0.0380044295	0.0232997383	-0.0744903508	-0.0006436398	0.0333236954	-0.0071565446	-0.0118679712	0.0091379939	-0.044445918	0.0146219964	0.0070265622	0.1257692988	-0.0687745056	0.0034264595	0.0638426524	-0.0953179834	0.0733526932	-0.04744369896828	0.0043879255691905	0.0022509045717927	1.9253890800755785e-05	-0.0406504291545246	-0.0054155151623831	2.932780447400128e-05	0.001652457390447	-0.2626168390081176	0.0212452944544878	0.0689676041306155	0.0004513625364578	-0.0029542673596591	0.000345895244016	8.727695632347149e-06	1.1964351983288838e-07	-0.0020600592472543	0.000349636689323	4.2438441021979525e-06	1.222458145207481e-07	-0.0026750550074564	-6.006792213420018e-05	7.155919292917561e-06	3.608155269520336e-09	0.0	0.0	0.0	0.0	0.0	0.0	0.0	0.0	0.0	0.0	0.0	0.0	0.0	0.0	0.0	0.0
6487.0733558117045	12.444974319209903	42082120.72368213	154.87738580579403	5269.308406801577	-6.794964825665375	27765611.085989773	46.17154698202968	4599.3757871567705	6.012515235577666	21154257.63148396	36.15033945805356	4525.487714997137	6322.739865984236	1.013338	27.385317	0.1457923536755533	0.0867907597824711	0.0127489671	0.0548449845	0.0681735422	-0.0355301535	0.0284700883	-0.0014070751	-0.0620730295	0.0319924323	-0.1181651607	-0.002709032	-0.0114251592	-0.0125788899	-0.0502291983	-0.1030003175	0.0115701541	-0.0083617279	0.0326855024	0.0769736083	0.0916183813	-0.0133811534	0.0133433016	-0.0505066747	0.0290510503	-0.0662171549	0.0121429862	-0.0215061835	-0.038909616	-0.0619837115	-0.1252272753	0.0579893597	0.0387184021	0.079666987	-0.0767061332	-0.0746377035	-0.0128033798	-0.0364403263	0.0516499271	0.0611721881	0.0214564644	-0.0369762171	-0.0872118846	-0.0709318881	-0.0517804975	-0.0644028267	0.0160135241	0.0154793782	0.105971221	-0.0151114141	0.0104635583	0.019962783	0.0388051667	-0.0136328747	-0.0769503759	0.0159684862	-0.036103428	0.0816609752	0.0204867924	0.0773938213	0.0128315344	-0.0398879113	0.0096222641	-0.0982921974	-0.0978385146	0.0829035134	-0.0165975866	-0.0700918305	0.0608176151	-0.0116056031	0.1400817381	-0.1129618691	-0.0012457081	0.0713633384	-0.0950315291	-0.0165900576	-0.0349196804	0.0315429407	0.0139596311	-0.0545517704	-0.029081167	0.0349734524	-0.0263448789	-0.0493014835	0.0135812159	-0.037521622	0.0591657557	0.1054907936	-0.0027609811	0.0154862524	-0.0051836022	0.0734027032	-0.0396137096	0.03407681	-0.002531985	-0.0025277676	0.1118173972	0.0218671342	-0.0449144724	-0.0034672869	-0.0146555744	-0.0046914068	-0.1111686891	-0.0574167076	0.0173668335	0.021469795	0.0917193199	-0.0658997265	0.0786534632	0.0316141526	-0.0004243627	-0.0456649264	-0.016344413	0.0857182422	-0.0443155619	0.0082343493	-0.0450659201	-0.0230281299	-0.0738162094	-0.0163077434	-0.0440813455	0.0032551393	0.010067494	-0.0067718198	0.0644556043	0.0311166915	0.0742126929	-0.0124817141	-0.0518321439	0.0896944507	0.0958418313	0.0158902988	-0.0164686975	-0.0722505127	0.1179240169	0.0478782088	-0.0587094308	-0.0423454307	0.0205641364	0.0660622574	-0.0260122569	-0.0568457716	0.134031608	-0.0437558374	-0.1292538539	-0.0915387512	0.0090355271	-0.0708937838	-0.0399834582	-0.0680642022	0.0118348731	-0.0101461941	-0.0009573379	-0.062681778	0.0649703792	-0.1121636085	-0.0323429664	0.0187096568	-0.098546148	0.0906790563	0.029523823	-0.0353767609	-0.0104317546	0.0234533525	0.0474014546	0.0968606087	0.1506269939	0.0163313887	-0.0106912376	0.0404038092	-0.0044636564	0.0771479261	-0.0697192167	0.0061646659	0.0607242596	-0.0947683504	0.0775536723	-0.0343332956409483	0.0131104033273316	0.0011787751895687	0.0001718826754053	0.0422601306483159	0.0829105598028405	0.0068741609268203	0.0017859186424127	-0.2561246058050415	0.0064922332030761	0.0655998136987879	4.2149091963124086e-05	-0.0025257370927208	0.0004285302669382	6.379347861545719e-06	1.8363818968221057e-07	-0.0018683228852034	0.0001917363620508	3.4906304033747565e-06	3.6762832532513794e-08	-0.0029203715253133	-0.0002453165178568	8.52856984586073e-06	6.01801939334347e-08	0.0	0.0	0.0	0.0	0.0	0.0	0.0	0.0	0.0	0.0	0.0	0.0	0.0	0.0	0.0	0.0
6498.379081775828	11.305725964123669	42228930.69046166	127.81943957586002	5272.11718049226	2.808773690682756	27795219.56484165	7.889209645471629	4601.128212558148	1.7524254013778773	21170380.82839854	3.0709947873944143	4528.566514710995	6393.985822405134	0.979982	26.483868	0.2181380600050903	0.1296597641645183	0.0070644794	0.0003463764	0.053525647	0.0233412324	0.0623696115	0.0188427632	-0.0437352922	0.0661279951	-0.0636361961	0.005242117	-0.0314150656	-0.0455430475	-0.1079378033	0.0786371783	-0.0499378279	-0.0344522714	0.0401809358	-0.0380233406	0.0681558986	-0.0266412317	0.099646873	-0.0536052681	-0.0766648534	-0.0605212122	0.0454996554	0.0050672604	0.1124286461	0.0487172839	-0.0879745677	0.0802457999	0.0274158637	-0.0531988665	0.1045787113	0.0248615057	-0.0728609095	0.0440404238	0.0486839339	-0.0186718082	0.1003970334	0.0451267162	-0.0062641553	0.0483558309	0.0022495622	0.0324712067	-0.056483084	0.0019013396	-0.0355772695	-0.0148484463	0.004199008	-0.0596225757	-0.1430261523	-0.0631322269	-0.0179523201	-0.096465191	0.0075224814	0.1305542608	0.124930521	0.015835782	0.1010338847	0.0560216898	-0.0296932542	0.052927102	0.1292663971	0.1458910395	0.0027183839	0.029451747	-0.0096798558	0.0371307793	0.1096697153	0.1731076545	0.0004697287	0.0098184821	-0.0205469848	0.0699163287	0.0630157917	0.0387909181	-0.0504639741	-0.0645046863	0.0979249761	0.0314967619	0.0377017367	-0.0134812288	0.0286505433	-0.0385119874	-0.0422444324	0.0508711456	-0.0239331407	0.1119835189	0.0566694235	0.0350942719	-0.0668617815	0.0316681587	0.0570150649	-0.1078242648	0.0716636861	-0.0337920035	-0.0632987205	0.0023168249	0.0139400768	-0.0609327672	-0.0428165206	-0.0250877459	-0.0143029042	0.040956419	-0.143629189	-0.0495470527	-0.0559049756	-0.0663539518	0.0814284417	-0.0026432735	0.0304548991	-0.1115088258	0.0185671057	0.0664926655	-0.0029816628	0.0234933535	-0.0371774591	0.0676164803	0.0019652381	-0.1059753011	-0.0562428293	0.0791847403	-0.1050523593	0.0583027186	0.0218276713	-0.0423934739	0.1026156769	-0.0680753176	-0.0188216144	0.1177077963	-0.0978337115	0.0740649917	0.0950468718	0.1683791066	0.0941527338	-0.1176068977	0.0001183058	0.0574999902	0.0415827474	0.0084249826	-0.0624776125	0.0494608082	-0.102023401	0.0827273245	0.1046114673	0.0600578049	-0.0462032198	-0.0523542552	-0.0266581869	-0.0450913386	0.0289495669	0.0719554983	0.0009803723	-0.0808116738	-0.0365198073	0.0309155587	-0.0684827294	0.1231408555	0.0624222863	-0.0695859687	-0.0131566265	0.0347295459	0.0398476795	0.1233652071	0.0951179876	-0.0440370082	0.037104612	0.023253295	0.0021396879	0.0453914167	-0.070649581	0.0088977982	0.0574934194	-0.0939067741	0.08135584	-0.0443230260424627	-0.0099897304015144	0.0019645306375608	9.979471349494108e-05	-0.0752791405058701	-0.117539271154186	0.0138154802634572	0.0056669489953025	-0.2867847055882464	-0.0306600997832049	0.0822454673593371	0.000940041718716	-0.0020952989231163	0.0004304381696044	4.390277577212327e-06	1.852770178524721e-07	-0.0024042053107351	-0.0005358824255317	5.7802031761668585e-06	2.8716997399373805e-07	-0.0031530301035008	-0.0002326585781875	9.941598833582268e-06	5.4130014004229156e-08	0.0	0.0	0.0	0.0	0.0	0.0	0.0	0.0	0.0	0.0	0.0	0.0	0.0	0.0	0.0	0.0
6499.711144588619	1.3320628127912642	42246244.9630895	1.7743913372213744	5262.145595070168	-9.971585422091266	27690176.263716377	99.43251583006304	4604.140247912823	3.012035354674481	21198107.42245075	9.072356977809026	4532.044806270993	6376.653374744992	1.000428	27.036434	0.1896304629102429	0.108922543399134	0.0058189276	0.0734405276	0.0779834923	0.0049458974	-0.0631285957	-0.0232917093	-0.066988272	0.0148904564	-0.0309750919	-0.0169542956	-0.0130534652	-0.0105835112	-0.0301440592	-0.0419047225	0.0327905607	-0.0083462191	0.0779456447	0.054702989	0.079208283	-0.033766644	0.0189865484	-0.0346746861	-0.0301484146	-0.0938412898	0.0005579588	-0.0108369654	0.0143494299	0.0321856118	-0.0674511287	0.12565974	0.0682682485	0.045191505	-0.0445727547	-0.0020591241	0.034944911	0.0172907833	0.0456232083	-0.0399403289	-0.0408433367	-0.2555790233	0.0113638358	-0.0337151062	0.0441481603	-0.0240170561	0.0187779648	-0.1168915907	0.0701794665	0.0233457639	0.0450133681	-0.0221030999	-0.0791758297	-0.0278107142	0.1143398576	-0.0150888313	-0.0522211283	-0.0005916679	0.0939380528	-0.0569421911	-0.0848361959	0.0415766765	0.0493256196	-0.002696451	-0.0279944758	-0.1092174731	0.0583038434	-0.0742994306	-0.010533184	-0.0180892514	0.0313919837	-0.0202115108	0.111682113	0.1436096397	-0.0180457737	0.0321010401	0.0666953229	0.095236886	-0.0085188632	0.0045317566	-0.0468422735	0.0500888884	0.0416584016	0.0304436629	0.0003975704	-0.0713573059	0.0330692579	0.0820833699	-0.0219503131	0.032417821	-0.0153569038	0.0615073797	-0.1239524527	0.0136042399	-0.0133735916	-0.0221114658	0.0500187105	-0.0186109186	-0.1414450418	-0.0437760728	0.0103092094	-0.0150058566	0.004077918	-0.1258555516	-0.051037803	-0.0014332622	-0.0065955182	0.1437717216	0.1513646349	-0.0610323573	-0.062721577	0.1339646885	0.0340081598	0.1216185825	-0.0660311867	0.0388988965	0.0348853453	0.040760139	-0.0810667829	-0.0001510655	0.0966400955	-0.05921245	-0.0494098126	-0.0151205694	0.030972375	0.0370311178	-0.0720552522	-0.0665507467	0.0775141551	0.0322455407	0.0367809892	-0.1142782534	-0.0970345358	-0.0930592743	-0.0339934716	-0.0089229539	-0.0262632412	0.1044957506	-0.0053626428	0.0086729429	-0.0411532137	0.0033795115	-0.0447297713	-0.0165633264	-0.0403953082	-0.0396805795	0.0492997923	-0.0490784749	-0.0232137554	-0.0418555671	-0.0504162098	0.0616512512	-0.0087158469	-0.0318734754	0.0547780705	-0.0778169314	-0.0502257185	0.0527920313	-0.0366878026	0.0799533421	0.0543091835	0.0354115321	0.0276920491	-0.0438253226	0.0589931235	0.0704881286	0.0872329444	-0.0132904464	-0.0407571637	-0.0122963175	0.0263386233	0.0731164375	-0.0715654069	0.011623607	0.0541561147	-0.0927360906	0.0847396439	-0.0426059882379519	0.0017170378045108	0.0018152702337324	2.948218822119278e-06	0.0064735896877579	0.081752730193628	0.0066835088941121	4.190736344544543e-05	-0.2382456612008923	0.0485390443873541	0.0567609950810503	0.0023560388300375	-0.0028857986607624	-0.000790499737646	8.32783391045806e-06	6.248898352185524e-07	-0.0021721507519176	0.0002320545588174	4.718238889056196e-06	5.38493182679845e-08	-0.0030231513894694	0.0001298787140314	9.139444323650764e-06	1.686848035845027e-08	0.0	0.0	0.0	0.0	0.0	0.0	0.0	0.0	0.0	0.0	0.0	0.0	0.0	0.0	0.0	0.0
6485.49895257287	-14.21219201574968	42061696.66382379	201.9864018925389	5253.421566885489	-8.72402818467981	27598438.15941758	76.1086677670877	4600.544136707786	-3.596111205037232	21165006.353796385	12.932015798994334	4526.318009066663	6409.417997332586	1.175532	31.768578	0.1288524531266528	0.0680717234133692	0.0130273874	-0.0320152235	0.0036868456	0.0543810498	0.0603266408	0.0531796053	0.125726743	-0.0070780474	0.053760836	-0.024205742	-0.0747467695	0.0419977145	-0.0084406549	-0.0222425722	-0.0068858834	-0.0319582566	0.0342066768	-0.0722851934	0.0345655269	-0.0899908872	0.0131295175	0.0112000321	0.0639785702	0.0697425263	0.0827571764	0.003565656	-0.0557197793	-0.0813012762	-0.0759174484	-0.0551236389	0.0076763459	0.0850029404	0.1352268048	-0.1064893812	-0.0352057418	-0.0489603342	-0.0404813661	0.0078204518	0.0651318323	0.0411421384	0.0970221404	-0.0668164716	-0.0544751519	-0.0523907472	0.0612656858	-0.0761849468	0.0550559955	-0.010918742	-0.0833503792	-0.0996216746	0.0895532858	0.0223535814	0.0375334959	-0.1846470139	0.0207292553	-0.0169025856	-0.0023032909	-0.0999345109	-0.0874171662	-0.0952382933	-0.0382362486	-0.0531292434	-0.0755166266	-0.0317469544	0.1125319546	-0.0643777564	0.0747418972	-0.0271710572	0.1941266725	-0.0104643101	-0.0213029488	-0.0229684717	-0.0375382182	-0.0030698314	-0.0659745273	-0.0343038329	-0.1304139743	0.0820070081	-0.0473512766	-0.0017164982	0.0594063075	-0.118556008	0.0299674074	-0.0305236603	-0.0572212624	0.007209141	-0.1012418392	0.0526486243	0.0075933178	0.0082579668	0.0903294115	0.0742416148	0.0253978898	0.0441249346	0.0648205805	0.0040786049	0.1185830937	-0.0136609976	-0.05850662	-0.1163973069	-0.1304221887	-0.0050837844	-0.0409667079	0.0381977475	0.0376701832	-0.0164337408	-0.091426587	-0.0623911773	0.06769403	-0.0044437683	-0.0183808796	0.0199951692	-0.1085823701	0.0209553345	0.1299782842	0.0860030686	-0.0211907419	-0.0668426312	0.0518175759	0.0572341269	-0.0760357796	0.0558336143	0.0156369986	0.0322297979	-0.1143291892	0.0391887128	-0.0713517228	0.1235758348	-0.0124965942	-0.0207852755	0.0569418831	0.0103841739	0.1228050758	0.1463476758	-0.1028657676	-0.0405200774	-0.1484697089	-0.0210807682	-0.0515689839	0.0118904111	-0.0605915132	-0.1345858845	-0.0349381179	-0.1382051352	-0.1040318304	-0.1523659944	-0.010663808	0.0039294128	0.0718452343	-0.0932431431	-0.0015854129	0.0187344364	0.0262086441	0.0165701813	-0.0565519447	0.0165799009	0.0035352138	0.0713893538	-0.0249709526	-0.1037660552	-0.0235658467	-0.0216875372	0.0498864227	-0.0812799352	0.0251584776	0.0367005666	-0.0057897454	-0.1143052721	-0.0394432528	0.0552929831	-0.0724665061	0.0143398485	0.0507185253	-0.0912601531	0.0876876832	-0.0524972604604272	-0.0098912722224753	0.0027559623558499	9.78372661791115e-05	-0.0456232533674239	-0.0520968430551818	0.0027140810563162	0.0020814812478281	-0.2009213503570066	0.0373243108438857	0.0403693890292829	0.001393104179971	-0.0030919109964564	-0.000206112335694	9.559913610008008e-06	4.248229492523614e-08	-0.0018662131578104	0.0003059375941072	3.482751550384665e-06	9.359781148810193e-08	-0.0031019019997704	-7.87506103010001e-05	9.621796016179606e-06	6.2016586227799836e-09	0.0	0.0	0.0	0.0	0.0	0.0	0.0	0.0	0.0	0.0	0.0	0.0	0.0	0.0	0.0	0.0
6456.81278678339	-28.686165789479677	41690431.36356949	822.896107701514	5239.076591887298	-14.344974998190992	27447923.53566142	205.77830769872463	4588.4673932112455	-12.076743496540075	21054033.0185628	145.847733481223	4517.316708850538	6224.055312162601	1.319665	35.66375	0.0627735352656887	0.0322002145351087	-0.019579862	-0.0365290376	-0.0476196517	-0.0516679156	-0.0433222199	-0.0223282961	-0.0055412022	-0.0088906096	0.1531267743	0.0897331487	-0.0698772978	-0.004207149	-0.0125344583	-0.0319395362	0.0118943096	0.0192794775	-0.0331478745	0.0068862407	-0.142063076	-0.031206982	-0.0523262494	-0.0617552783	-0.0654238981	-0.0223661426	-0.0368014499	0.0044064594	0.0077930826	0.0717056325	-0.0241532913	0.0806575543	-0.0323141002	0.0849531924	0.1220217684	0.0006652849	-0.0371754906	0.0331722172	0.0618921598	-0.1321480702	-0.019631979	0.0797831938	0.0860980817	0.1299948365	0.0922536113	0.0091401116	0.0736059152	-0.0053703553	-0.0518177881	0.0395807588	0.0583225357	-0.015441238	0.0319064808	-0.0023893167	-0.0745409052	-0.0905075079	0.03825333	-0.0375220427	0.0216203179	0.059474637	0.0227050024	0.2018211181	0.0302804323	-0.0369420527	0.0603461245	0.0861988904	0.1090041476	-0.0161522528	0.1104875699	-0.0278770348	-0.0963628438	-0.0189428962	0.028493859	-0.0209086726	0.0477206426	-0.0189120744	-0.0623739373	0.010497473	-0.0039534752	0.0330375002	0.0094219675	0.0242942148	-0.0408224385	-0.0311239227	-0.0188370988	0.0314424607	0.0324345164	-0.1458510606	-0.0062826779	-0.0680831903	0.0958862611	0.0192285535	-0.0491233661	-0.027256133	0.0230132431	-0.0167180654	-0.0233118761	-0.0852295014	-0.0247857439	-0.0848097068	-0.0511774991	-0.0821185805	0.009411605	-0.0280735306	-0.012540824	0.0641039488	-0.0791339892	0.0157584544	-0.1215766976	0.056981459	0.0359724797	0.0322672483	0.1409217588	-0.015240296	0.0590143664	0.1135922564	0.0849845601	-0.0533780467	-0.0540813248	-0.0285671748	-0.0049768085	-0.0384028922	-0.0083212866	-0.0096832338	-0.0276725853	-0.065148393	0.0428668178	-0.0336898719	-0.0081086877	-0.1771933664	-0.1006075271	-0.1214126327	-0.008090912	-0.0013198122	0.0952049791	-0.0287729532	-0.0825439035	-0.0592634869	0.0418532316	-0.0764584072	0.0481643282	0.025218272	0.0199400458	0.0061013181	0.0224933225	0.0020605835	-0.0073533684	0.0157638415	0.0136237957	0.0201018558	-0.0822711535	0.0462162795	0.0719442909	0.0446428304	0.0272599718	0.0970636693	0.0751776012	0.0046476084	-0.0450786381	0.002682692	-0.0258617172	-0.0970754365	0.111491923	0.0437315302	-0.042134876	-0.0088301733	-0.0207897144	0.0435198325	-0.0468562583	-0.0289418965	0.0816858648	0.0505863731	-0.0733526932	0.0170442873	0.0471870168	-0.0894838202	0.0901847978	-0.0663008662540818	-0.0138036057936545	0.0043958048660416	0.0001905395329066	-0.0202425081618429	0.025380745205581	0.0006441822271906	0.0004097591366822	-0.1928610340010834	0.0080603163559231	0.037195378435967	6.496869975756292e-05	-0.0031940900712863	-0.0001021790748299	1.020221138348972e-05	1.044056333309432e-08	-0.001658054384886	0.0002081587729244	2.749144343239692e-06	4.333007474539192e-08	-0.0031016624893141	2.3951045630002735e-07	9.62031019761814e-06	5.736525867704731e-14	0.0	0.0	0.0	0.0	0.0	0.0	0.0	0.0	0.0	0.0	0.0	0.0	0.0	0.0	0.0	0.0
6477.310452594952	20.497665811562	41955550.69929582	420.1543037224777	5208.139346878617	-30.937245008680293	27124715.45650523	957.1131287271136	4588.680071307454	0.2126780962089469	21055984.796814185	0.0452319726070621	4515.696761365961	6260.878873789533	1.213473	32.793949	0.1616783104209675	0.0829414396030162	0.0449517937	0.0853932734	0.008472169	-0.0068394253	0.0338822035	0.036162889	-0.0199341241	0.0553196182	0.0648928711	-0.02487309	0.1263074001	0.086916165	0.021530597	-0.0324780287	-0.0180061995	-0.0273217776	-0.0596693763	0.0515150208	-0.1044642128	0.0386860054	-0.0306928151	0.0536803306	0.0742367499	-0.0418055056	0.0400441624	0.0167423422	0.0994078639	-0.0482403432	-0.114006266	0.0004146758	0.0415842127	0.0970397565	0.0441716777	-0.0558526887	-0.1028629053	0.0002437773	-0.050035105	-0.030733174	0.058461796	-0.0477959948	-0.0789967677	0.1074926765	-0.0029539007	-0.084995006	0.0298783729	-0.0246348821	-0.0071908944	0.0435273499	0.0360237929	-0.0068339544	-0.0142825233	-0.0304781756	0.0391591495	-0.0965030092	0.0737616641	0.0246077035	-0.0493324535	-0.1066721494	0.0511694943	-0.1542871394	0.0043593611	-0.0241782623	0.0307796202	-0.0059686698	0.0726854626	0.1201921248	-0.0780190802	-0.0397450971	-0.0515964916	-0.0378908263	-0.04101288	-0.1080924987	-0.0276644509	0.0482808667	-0.0168133512	-0.0232998754	0.0881531666	-0.0552883607	-0.1376473663	-0.110709659	0.0570767361	-0.0705944514	0.0367155126	0.0539442046	0.0407933041	-0.0738896518	0.0696366241	-0.0666917222	-0.0819036437	0.0579712973	0.0250147281	0.0588570677	0.0613644437	-0.0411523724	0.0751318158	0.0272429604	0.0492443036	-0.0865838931	-0.0809247565	0.005656721	-0.1003857754	-0.0883828948	-0.0627829511	0.0388884838	0.0077397358	0.1023527723	-0.0168704136	-0.0776442943	0.0779624003	0.0628634317	0.0117337784	0.0539264606	0.0561909474	0.0214046708	-0.0410260391	-0.0306440199	-0.0360342459	0.0417681777	-0.0415558327	0.0651732588	-0.0259572707	0.0225651959	-0.1139274947	0.0372639929	-0.0394701216	0.106213625	-0.1079714741	0.0456923065	-0.059589259	0.1173081591	0.0498824368	0.0899980395	0.0040535463	-0.0895189045	0.050768336	-0.0300833584	-0.1687367914	-0.0991124805	-0.0074339785	0.0206500414	-0.0140220877	-0.059168608	0.0683214756	0.0284340271	-0.0643769505	0.0942182791	-0.0465065761	-0.0232590329	-0.0097782173	0.0042724123	-0.1015950751	-0.0083026632	0.0710214698	0.1141006196	0.0134218971	0.0126654445	0.0010748868	0.0905295888	0.0119546122	0.0223283072	0.099888474	0.1152805926	-0.0194124394	-0.0282070099	0.0959070622	-0.0275807743	-0.0581429591	0.0091992678	-0.0368603161	0.1480625454	-0.0742237856	0.0197346973	0.0435681289	-0.0874129386	0.0922181468	-0.0591458607315757	0.0071550055225061	0.0034982328416789	5.119410402709279e-05	-0.0263189951792384	-0.0060764870173955	3.692369447257606e-05	0.0006926895072447	-0.2631164173386793	-0.0702553833375959	0.069230249073142	0.0049358188879125	-0.0041050650783362	-0.0009109750070499	1.6851559297375393e-05	8.298754634695658e-07	-0.002100080446971	-0.000442026062085	4.410337883749915e-06	1.9538703956237226e-07	-0.0028908348675796	0.0002108276217345	8.356926231613962e-06	4.4448286086225447e-08	0.0	0.0	0.0	0.0	0.0	0.0	0.0	0.0	0.0	0.0	0.0	0.0	0.0	0.0	0.0	0.0
6486.940255941607	9.629803346654626	42080393.88415576	92.73311249524065	5264.600810411242	56.46146353262429	27716021.692982703	3187.896864245863	4592.79209750133	4.112026193875863	21093739.250870667	16.908759419121218	4521.506978309004	6395.009807055534	1.029811	27.830488	0.0651302034881211	0.034997245124531	0.0313777458	-0.0258967935	0.0597991104	-0.0053348979	0.061606014	0.0370997678	-0.0624056981	0.0336862105	0.0410931241	-0.0096616559	-0.0076461501	0.0517309517	0.0189080009	0.0350086547	-0.1509878042	-0.0210263906	0.0015881939	0.0885205025	-0.0416571801	0.018261799	0.0227945176	0.0304176727	0.0504629522	0.0781409284	0.1041388874	0.0759077292	0.1262250837	-0.0222654778	-0.0129663629	-0.065868173	-0.0669811435	0.0656821178	-0.0911157146	-0.0400546863	-0.0396851033	0.0753407073	0.0210468216	0.1174256955	-0.043913159	0.0541884963	0.1204492209	0.1524187839	0.0801591097	-0.0364865992	0.2368080382	-0.0251927006	0.0697338536	0.0607244507	-0.1155652782	-0.0016279952	0.0371980278	-0.0668355374	0.0798546585	0.1537482631	-0.0282260733	0.0802446832	-0.0046306377	-0.02328111	0.046348771	0.0355765645	0.0337235373	-0.0057437505	0.02107336	-0.1247466362	-0.0685054954	-0.0301830508	0.0277285256	0.0901154978	-0.0805970525	-0.130624231	-0.0579962991	-0.0086517321	0.0182702879	0.0530875825	0.0863294465	-0.0391193093	0.0021767597	-0.0054291476	0.0778246941	-0.0497162578	0.037241864	0.0482824072	0.0262106597	-0.0132771048	0.078993995	-0.0287878007	0.0407612494	0.0198077924	-0.0382398795	-0.0448345308	0.0760790892	0.0925557074	0.0239016628	-0.1149612291	-0.0319123463	0.0362392149	0.0425156228	-0.0292167694	-0.04984268	0.0098608714	0.0655752845	-0.0651322138	0.010823483	0.0343624084	0.1207694475	-0.0781049996	0.0008748848	0.0498807141	0.1517326294	0.0222008269	0.1047317128	0.0723761845	-0.0536772324	0.1223293043	-0.1362601481	0.1248738843	0.0910666549	-0.0641198555	-0.0072081133	0.0551357011	-0.0150310828	-0.1155966312	-0.0433267772	-0.0400557212	0.061387097	0.0729347371	0.0056151716	-0.0128466431	0.0531814878	0.0350507683	-0.0790712628	-0.0575366853	-0.177534828	-0.0941731474	-0.0772889457	-0.0666887506	0.1208602245	-0.1231184204	-0.0735725444	0.032910507	0.01350234	-0.0375167973	-0.0390586086	-0.02676159	0.0148693282	0.0983019148	-0.0234419104	0.0299927393	0.0174378432	-0.0569568114	-0.0420532384	0.0558622399	0.0819534429	0.0062680349	0.00072504	0.0352833305	-0.0065964212	0.020859533	-0.0288441038	-0.0537919156	0.0394014261	-0.0554029871	0.0159220816	-0.0824189902	-0.0189725893	-0.0488000119	-0.0127802539	-0.0765037722	-0.0574255426	0.1309738509	-0.0750796043	0.022408864	0.0398685628	-0.0850543252	0.0937772737	-0.0631498844199143	-0.0040040236883386	0.0039879079022485	1.6032205696776677e-05	-0.0555265036900465	-0.029207508510808	0.0008530785534089	0.0030831926120407	-0.2532701549456249	0.0098462623930544	0.0641457713861808	9.694888311287767e-05	-0.0039922471737315	0.0001128179046047	1.5938037496167147e-05	1.2727879599395296e-08	-0.0020407064949519	5.937395201909999e-05	4.164482998538869e-06	3.525266178366388e-09	-0.0031600911888742	-0.0002692563212946	9.986176322000356e-06	7.249896655710094e-08	0.0	0.0	0.0	0.0	0.0	0.0	0.0	0.0	0.0	0.0	0.0	0.0	0.0	0.0	0.0	0.0
6462.713846829174	-24.22640911243252	41766670.26599754	586.9188984829534	5248.105038565176	-16.49577184606551	27542606.495813187	272.1104887974475	4587.065356692901	-5.7267408084289855	21041168.58657217	32.79556028692587	4517.064758733121	6282.453179345614	0.993783	26.856844	0.0715495687336166	0.0345480009903018	0.0312464533	0.0275170513	0.0531299798	-0.0793144941	-0.0092705705	0.0229718705	-0.1271741438	-0.0490959159	-0.0553410336	0.0031932018	0.0216279512	-0.0765628138	0.0221837431	-0.004020653	-0.0805150296	-0.0223530437	-0.0422657181	0.1027805482	0.0570821322	0.0620368102	0.0129304693	-0.027770321	-0.061943723	-0.0889290701	0.0693253587	0.0082833228	-0.0620200036	-0.0599387923	-0.0928842175	0.0166167362	0.0194257452	-0.0495849291	-0.0650806438	-0.0233942535	0.0095771541	-0.0387481984	0.1360562179	0.1082604792	0.0099059144	0.0348714579	0.0032438958	-0.0261913568	0.1266003657	0.0240918183	-0.0458004122	0.0426714665	0.0743055198	-0.0414367513	0.0257112704	-0.0174851554	0.0531090674	0.0403988814	-0.0384811935	0.1377413085	0.0354749002	-0.0575204076	0.0509221347	0.0690489237	0.044015219	0.0112056618	-0.0093874811	0.0723378015	-0.0284325766	0.070926658	0.0846241863	-0.0237440104	-0.0802581311	0.1007267017	0.0056749167	-0.0782279449	0.0255613969	-0.0657493728	-0.011063325	0.1201920463	-0.0399840714	0.0713042252	-0.0527661209	0.042673399	0.0260557618	0.0031912036	0.0133183766	-0.0824311072	0.0329053199	0.025866704	0.0953873099	0.083242881	0.0540656654	-0.0042012606	0.0397229976	-0.0009582001	-0.117290359	0.0609726532	-0.0543856463	0.0322060386	0.0865674693	0.0219444656	-0.0247400334	0.0433523592	0.011113793	-0.0535706389	-0.0201766179	-0.0136921995	0.0746169048	0.0090902225	0.0220974462	-0.1241831186	0.0173322584	-0.0193668327	-0.085482471	-0.025962782	0.0667165081	-0.0531440881	-0.0577909203	0.0999164032	-0.0575811262	-0.0217754994	0.0613683976	-0.0217220262	-0.0053038976	-0.0512948413	0.0843061711	-0.0111693043	0.1227270373	0.0344169916	-0.0111173858	0.0209690142	-0.0113407851	-0.0859839989	-0.0313530882	0.0727572756	0.0115478505	-0.0554617974	-0.0599865257	-0.0430005537	0.0518362411	0.005359983	-0.0703656869	-0.0719494627	-0.0329316463	0.0623556871	0.0502499953	0.0023303912	-0.0228493864	-0.0959480535	-0.0122228687	0.0041976426	-0.0316128309	0.0040215684	-0.0510924552	0.021719457	-0.0377238877	0.0456362806	0.0644469286	-0.0809278979	-0.0428994572	0.0601401227	-0.0463399701	0.0249833057	0.0281210789	-0.0060684963	0.0195360769	0.0362767054	0.0369250755	-0.0481808213	0.0660076401	0.1614306197	-0.030703866	-0.0470466969	0.0046595441	0.087823722	-0.0759199731	0.0250645864	0.0360951694	-0.0824157435	0.094854161	-0.0664004333719958	-0.0032505489520815	0.0044090175519888	1.0566068489878155e-05	-0.0461468429859195	0.0093796607041269	8.797803492454416e-05	0.0021295311175671	-0.2373437623833467	0.0159263925622781	0.0563320615422825	0.0002536499800477	-0.0034240571512219	0.0005681900225095	1.1724167374833833e-05	3.2283990167945945e-07	-0.0022761982242862	-0.0002354917293342	5.18107835624365e-06	5.54563545848592e-08	-0.0031039136104155	5.617757845869992e-05	9.634279700922586e-06	3.155920321483384e-09	0.0	0.0	0.0	0.0	0.0	0.0	0.0	0.0	0.0	0.0	0.0	0.0	0.0	0.0	0.0	0.0
6493.295406876171	30.581560046996856	42162885.24095918	935.2318149080744	5264.264442726418	16.159404161241582	27712480.12295368	261.12634284635175	4602.136428584314	15.07107189141243	21179659.707302783	227.13720795612184	4528.0257785281365	6244.98957908425	1.095104	29.595039	0.1766037354655704	0.0873301202962949	-0.002414987	-0.0158369985	0.0927623567	-0.0237401122	-0.0346055357	-0.059653258	-0.0792086722	0.0323063973	-0.026640176	0.0462971356	0.0239918803	0.1018462853	-0.0187336857	-0.0132017667	0.0741606853	0.0105918526	0.0713245027	0.0517712753	0.0330431671	-0.0215332183	-0.0087839369	0.0175632166	0.0733332517	-0.0336851276	-0.0305173547	-0.0221493537	0.0168902983	-0.006156273	0.0607031865	-0.0272647512	-0.0167366307	-0.0361145455	-0.0104542849	-0.0635202412	0.061400433	-0.0253822922	-0.0503211303	-0.007556828	-0.0197406918	0.0907915418	-0.0472269298	-0.0441573673	0.1407830269	0.0912764155	-0.0466623939	0.0349949359	-0.0342223739	0.0037485906	-0.082924646	0.0213750988	-0.0277002513	-0.0536813439	0.0194695581	0.0624671828	0.0207801031	-0.0485538581	-0.0705570016	-0.018054868	-0.1260789642	-0.0005609397	0.0129501162	-0.0884141948	0.00728699	0.0209702142	0.0498760713	0.0531674382	0.0601470107	-0.0806560077	-0.0320310332	-0.0259714473	0.0214187254	-0.0079353256	-0.0311153783	-0.0536619639	0.0269088145	0.0980745794	0.0872432948	-0.0551749147	0.0525206576	0.0180891716	-0.0180043293	0.003802849	-0.0150253572	-0.069801978	0.0537035773	0.0292333154	-0.0091690443	-0.0036347265	-0.0594322344	0.0614729045	0.020961511	-0.0403654941	-0.0262007002	0.0043035004	-0.0452642445	0.010237071	0.0101070934	0.0594477084	0.056053863	-0.0150512983	-0.0096067271	0.0033465278	-0.0029409359	-0.0311008836	0.0605237753	0.0039449172	-0.0553141943	-0.0434565002	-0.1102245372	-0.0479612523	0.0235442754	-0.080402555	-0.0228267066	-0.0110250546	-0.0239177155	-0.0634563099	0.0634605945	-0.0562237833	0.0352641241	-0.0422382389	-0.0934051847	-0.0136150404	-0.1169040648	-0.0348280141	0.019537483	0.0341824711	-0.0147947189	0.0086969962	0.0222031335	-0.1697665833	0.0585476519	0.0036252301	0.0410000112	-0.1740858374	0.0292587029	0.1452681906	-0.0256139876	0.0026619546	0.0327826361	0.009703632	0.0858904249	0.0008484018	0.0159557429	0.022021224	0.077097589	-0.0553234194	0.0163285976	0.0430857672	-0.0378680128	0.0109696022	-0.0315586126	-0.0569492129	0.0711335676	-0.0089035008	0.0363277339	0.0144444419	0.0061947346	0.0740915305	0.0079481832	0.1183663572	0.0740097947	-0.0026992009	-0.0486468749	-0.064734944	-0.0809736511	0.029738082	-0.0303792817	0.0339081111	-0.0370299265	0.0129470581	-0.076744719	0.0276996788	0.0322549359	-0.0795058789	0.0954432708	-0.0909890413996379	-0.024588608027642	0.008279005654825	0.000604599644737	-0.0014190145168413	0.0447278284690782	0.0020005786395592	2.013602199006348e-06	-0.1827794771170516	0.0545642852662951	0.0334083372551827	0.0029772612266216	-0.0040473882816103	-0.0006233311303884	1.638135190211638e-05	3.885416981112807e-07	-0.0018452292108552	0.000430969013431	3.404870840593304e-06	1.857342905376895e-07	-0.0031037534801838	1.6013023169990717e-07	9.633285665753052e-06	2.5641691104265955e-14	0.0	0.0	0.0	0.0	0.0	0.0	0.0	0.0	0.0	0.0	0.0	0.0	0.0	0.0	0.0	0.0
6491.471237959103	-1.824168917068164	42139198.83325029	3.3275922379976377	5259.022965268736	-5.241477457681867	27657322.549223967	27.47308593938717	4600.317536317797	-1.818892266516741	21162921.434953045	3.308369077194408	4527.021511668824	6372.997987158797	0.972395	26.278843	0.0736051235024421	0.0363054639672425	0.0092811878	-0.0433504466	0.1064258882	0.0020928459	-0.0208996973	-0.0082535551	-0.0578437637	0.0086815049	-0.007396642	-0.0521143689	-0.0473813604	0.099317564	-0.0093673964	0.0600870497	0.0040897274	-0.030430239	0.0358484183	0.0381170434	0.0822490731	-0.148117378	0.0222932338	0.0665023959	-0.0671159567	0.1116810155	-0.0089792932	0.0155935517	-0.0313400824	-0.0291196558	0.0297940176	0.0040792963	0.0236165342	-0.052375107	0.0241731983	-0.0418746715	0.0237551608	0.0359530483	-0.0486493309	0.0756762116	-0.0475706152	0.0500740885	-0.067755818	0.0159871269	0.0113664756	0.0530904117	-0.0867611775	0.099356419	-0.0948132046	-0.0079116653	0.023242772	0.0173973156	-0.0688777267	0.0378705436	0.0681724455	-0.0581417105	-0.0235737768	-0.0527161835	-0.0633497551	-0.0093615124	-0.0789866336	-0.1501653396	-0.1770227747	0.1279857973	0.0516811004	-0.0197905158	-0.0298232688	0.0280764716	-0.119473654	-0.0211978649	0.1161664972	-0.0179693189	-0.0777393135	0.1084056137	0.0997078472	-0.0561611397	-0.1134805444	0.0041036349	-0.1254409353	0.0269941498	-0.0338458679	-0.005930322	-0.0261066448	-0.0519343067	0.0257186187	-0.042163083	0.0525651912	0.0297804207	-0.121223336	0.0995497326	-0.0350072294	-0.1357741755	0.0372370102	-0.0361620733	0.013828602	0.0036293951	0.0249632968	-0.0051320326	0.0017239173	0.0065972441	0.0122724812	-0.0237094078	0.0254912603	0.0412117386	-0.0528975077	-0.0663980381	0.0506385537	-0.0221546476	0.0102324562	-0.0705303422	-0.0453506692	-0.0543820528	0.0210700248	-0.0950279441	0.0409849113	-0.0713358583	-0.013745126	-0.0391376639	0.0871866784	0.0143338889	-0.0178633768	0.1158757873	0.0147571537	0.0167108899	-0.0084612727	-0.0145249692	-0.0577193483	-0.0238832272	0.1377647133	0.0908169719	0.011409212	0.0549173184	0.0517577964	0.1514921157	0.0114725546	0.1229387568	0.0512877109	0.0926917263	-0.0601842274	0.0483573909	0.0011605954	-0.0759245137	-0.1004612798	-0.0354771957	0.0804025163	-0.0930903875	-0.0068365571	0.1098629604	0.0125979158	0.0592327917	-0.0004795484	-0.0493186402	0.0084905607	0.021098141	0.0839452312	-0.0358035761	-0.0248712782	-0.0445657733	-0.0025089114	-0.0181373417	-0.0155864613	0.0277565157	0.0309257265	-0.0115098328	0.0549037492	-0.1437065511	-0.0576777468	0.0067520181	-0.0277187692	-0.0695628138	-0.058736731	-0.0310717268	-0.0775536723	0.030311972	0.0283549738	-0.0763343096	0.0955415737	-0.0901408724002124	0.0008481689994254	0.0081253768770713	7.193906515864488e-07	-0.0171267819796128	-0.0157077674627715	0.0002467339586645	0.0002933266609771	-0.1644406818924864	0.0183387952245651	0.0270407378612659	0.0003363114102885	-0.0035190457229101	0.0005283425587002	1.2383682799931868e-05	2.791458593338743e-07	-0.0016661687668217	0.0001790604440334	2.776118359532145e-06	3.2062642617474133e-08	-0.0030369486466039	6.680483357990015e-05	9.22305708210926e-06	4.462885789638155e-09	0.0	0.0	0.0	0.0	0.0	0.0	0.0	0.0	0.0	0.0	0.0	0.0	0.0	0.0	0.0	0.0
6476.3048131784735	-15.166424780629312	41942524.03319866	230.0204406264869	5275.417224799262	16.394259530526142	27830026.895708747	268.7717455542472	4599.103184607097	-1.2143517106997024	21151750.102663144	1.4746500772792936	4527.912387275755	6292.69223980874	0.976059	26.377846	0.0525827273995185	0.0256429793438617	-0.0117501008	-0.0577498469	0.0630760346	-0.049350017	-0.0499886105	-0.0503064351	-0.0613036698	-0.0331433405	-0.0652099704	-0.009142401	-0.1088903946	-0.0430913095	-0.0098714889	0.0215080839	0.0714088029	0.0063311632	0.0545270466	0.0310525899	0.0854951678	-0.0619461076	-0.0243510956	-0.06003702	-0.0895317337	-0.0116578658	-0.0270526572	-0.0223172608	-0.0406680593	0.0256759966	-0.0528237142	0.0181305794	-0.0021458164	0.0048596153	-0.0262025252	0.0762765463	0.0815535728	-0.0057273362	-0.012710028	-0.0390288685	-0.009987637	0.0011773035	0.1390363195	-0.1146871382	-0.0663696359	0.0117378325	-0.0413526881	-0.0927419827	-0.0344913842	0.0356148462	0.0113303497	-0.011501672	-0.0185960728	-0.0519117869	0.0548164199	-0.1396368644	-0.0149216554	0.0070642727	-0.0519432098	-0.0731278575	-0.0238773366	0.0990072424	0.0445661344	-0.035676021	-0.1231029974	0.0966073542	-0.0065860889	-0.1509122773	0.0352272431	-0.0094418134	-0.0558772725	-0.069062796	0.0560831096	0.0156830714	0.056229726	-0.1109919697	-0.0948779382	0.0069582334	0.0591471399	-0.0224375733	-0.0724671542	-0.0477054651	-0.032775593	-0.0483133294	-0.0079507664	-0.0551958175	0.0402322716	0.0765266016	-0.0802508455	-0.0003875925	0.065235823	-0.0067788712	-0.0797369178	-0.0400314479	-0.0084229238	0.0230995403	0.063408509	-0.033764895	-0.0547121067	0.0233149012	-0.017560648	0.0225106501	0.0464247435	0.0136606563	0.0865296866	-0.0090722672	0.0144522172	0.012576187	-0.0144472558	0.1130476143	-0.0412566061	0.0726134896	-0.0936516621	0.0329678561	-0.0531570706	-0.0511394206	0.1095301705	0.0361167895	-0.0352941025	0.0487531883	0.1076027585	0.0469751021	-0.0350744862	0.0520767383	-0.0913870116	-0.0097100615	-0.0621597841	-0.0734573513	-0.0876424841	-0.0344376803	0.0373570944	-0.1487913386	-0.1056482359	-0.0765737844	0.0746513559	-0.026173279	-0.065277102	-0.0698069045	-0.0027363944	0.0167303788	0.0531794672	-0.0762292982	0.0662242737	0.0484695256	-0.0140901287	-0.0231091537	-0.1380865648	0.1038485193	0.0187676625	0.0501892502	-0.0831124032	0.0395893656	0.0479914159	0.0122052998	0.0336590794	-0.0762821132	-0.0236166686	0.0425991608	-0.0110984741	-0.0184051503	-0.0148341673	0.028274976	0.0288946929	-0.0853651937	-0.0681148452	-0.043802641	0.0267575429	0.0775938502	-0.0124376676	-0.0710020591	0.0346389471	-0.0099636587	-0.0783466667	0.0328993162	0.0244025048	-0.0729114752	0.0951485642	-0.0877190710966999	0.0024218013035125	0.0076946354340678	5.865121553694883e-06	-0.0230343335558558	-0.0059075515762429	3.4899165625971135e-05	0.0005305805223624	-0.1487648744647884	0.015675807427698	0.0221309878745242	0.0002457309385102	-0.0031268176615613	0.0003922280613487	9.776988688651678e-06	1.538428521094379e-07	-0.0015508600734006	0.0001153086934211	2.4051669672681147e-06	1.3296094778481233e-08	-0.0029729340595325	6.40145870714e-05	8.838336922328391e-06	4.097867357921852e-09	0.0	0.0	0.0	0.0	0.0	0.0	0.0	0.0	0.0	0.0	0.0	0.0	0.0	0.0	0.0	0.0
6466.058888843662	-10.245924334811209	41809917.55399413	104.97896547467649	5254.635591182002	-20.781633617260013	27611195.196116623	431.8762958020315	4589.864898140039	-9.23828646705806	21066859.783178072	85.34593684742809	4517.197363333883	6228.609090094241	1.003029	27.10673	0.0978491755126265	0.050042125658392	-0.0080738246	-0.0153782955	-0.052578048	0.0239412813	-0.0247818422	-0.0044270436	0.0902292705	-0.0329970878	-0.1027522809	0.0160029835	-0.065936378	0.058314453	0.0797580915	-0.0204765912	0.0203729748	0.0080423414	0.0157423264	-0.0343450052	0.0657521323	0.0876217362	-0.0873319239	0.0023886026	3.10262e-05	0.0174001223	-0.0854558017	-0.1055643507	0.0724342009	0.0335884614	0.0693550155	-0.009166348	0.0158694104	-0.1296750513	0.0807828789	0.0458848879	-0.0414555762	0.0006997366	-0.0239383304	0.0239776422	-0.0144906092	0.0067005582	-0.000335	0.0340554384	0.0001650083	0.0179185031	0.0232342602	-0.0826105385	-0.1157682065	0.1304415731	-0.0393292776	-0.0130041824	0.043829905	0.0012540308	-0.034693364	-0.0347957358	-0.0208308039	0.0150150274	-0.0247238196	-0.0737077958	-0.0788670481	-0.036932469	-0.052599459	0.0730453408	0.0449055295	-0.0661519462	0.0317342789	-0.0098241943	-0.021919367	0.0944967955	-0.0829692248	-0.069821994	0.0515857033	-0.1226186395	-0.0367740204	0.0423198381	0.0086157944	0.0187536073	0.1092927668	-0.0577143023	0.0991174226	0.027065088	0.0370423544	0.0259022816	-0.012194381	-0.0158512843	-0.0496256224	0.0977931768	0.0142378297	-0.0974726204	0.0489121227	0.0158041421	0.0538106779	-0.0587158627	0.118911462	0.0148835229	-0.0550315654	-0.0048351516	0.0184732532	0.036576348	0.0790558045	-0.0017936182	-0.0024664401	0.0499311206	-0.0157354567	0.0190407418	-0.1094386684	-0.000111294	-0.0125259726	-0.0497060443	-0.0022547582	0.0547109636	-0.0030330128	0.0526372935	0.1029935318	-0.044769564	0.0219872013	0.0008812176	0.0718722221	-0.0152657405	0.1605247862	0.0440030513	0.0038706712	-0.0274916507	0.0202994069	-0.0522210236	0.0474348059	-0.003818208	0.0373230705	0.0151480564	-0.0034734636	-0.0190520928	-0.0728469619	0.1028130928	0.0053639823	-0.1242880909	0.0155863892	0.0369620403	-0.0630881573	-0.0912479977	-0.1065928572	0.0569923802	-0.0461556712	0.035899353	-0.0398590781	0.0163046809	0.0610480831	0.0425575364	0.0253351561	0.0439508236	0.0016317873	-0.0070444391	-0.0066044439	-0.0842367262	-0.0312022204	-0.029540449	-0.0933032499	0.0512332686	0.0197981273	-0.0414591835	-0.0243309557	0.0008695549	0.1101081565	0.0190151622	-0.0733529026	-0.0211993834	-0.0827010534	-0.0083952571	-0.0521285104	0.0492696247	0.0198823928	-0.0525129471	-0.0791235388	0.0354595815	0.020404848	-0.0692486424	0.0942662634	-0.1008558953122644	-0.0131368242155645	0.0101719116192384	0.0001725761504706	0.0113122301436447	0.0343465636995004	0.0011796864379638	0.0001279665508227	-0.1325703778683618	0.0161944965964266	0.0175749050881602	0.0002622617200116	-0.0036189345431339	-0.0004921168815726	1.309668722748777e-05	2.421790251287404e-07	-0.0016662697791969	-0.0001154097057963	2.776454977064886e-06	1.3319400191988524e-08	-0.0028970348268787	7.58992326537998e-05	8.3928107881481e-06	5.760693517435631e-09	0.0	0.0	0.0	0.0	0.0	0.0	0.0	0.0	0.0	0.0	0.0	0.0	0.0	0.0	0.0	0.0
6471.410740806034	5.351851962371256	41879156.9762197	28.642319427137068	5243.682336651837	-10.953254530164486	27496204.447714478	119.97378480256884	4591.750504197697	1.8856060576581517	21084172.692799807	3.555510204677115	4519.799165876675	6228.683899818247	0.965315	26.08749	0.1631984655535379	0.0968356489630342	-0.0092164857	-0.0758100321	-0.0868993105	0.0485482273	0.0042542008	0.0228146678	0.062676307	0.0250690446	0.00131156	0.0280662505	-0.0647414279	-0.0987341192	0.1252268987	0.0295760849	-0.0415210758	0.0328303615	0.0193576402	-0.0581400509	0.0033193711	0.1155155237	0.0342703228	-0.0065866699	-0.0738813963	0.0783459531	0.0168789075	-0.036170218	0.0412173427	0.0246793474	0.0733997458	0.0280612847	-0.1006517443	0.0550478064	-0.0088664678	0.0255282808	0.0206705832	-0.0657121554	-0.0155069716	0.0734891602	-0.0154716794	-0.0756711958	0.0498329096	-0.0096461749	-0.0401125901	-0.1082650466	-0.070039598	0.0620000575	-0.0630821507	0.1815574414	0.0234229327	0.1006132407	-0.0367449006	0.0923700428	-0.04723176	-0.0374612809	-0.0218362863	0.020490069	-0.0717355475	-0.0621835097	0.0406268236	-0.0584835761	-0.1130948085	0.0604686652	-0.0734835796	-0.0074994704	-0.0650593715	-0.0261523389	0.0140514427	-0.1446853886	-0.1438725916	0.1146856176	0.0739348397	-0.0474424429	0.0534517131	0.0101212799	0.0601413372	-0.0520405076	0.011647337	0.134828935	-0.0450704462	-0.0120899578	-0.019029623	-0.0510188168	-0.0346145033	-0.0244217829	-0.0832561005	0.0162291729	0.084157238	-0.0019621923	0.0731034158	-0.0896504758	0.0137824286	0.0079067112	0.049345031	-0.0188578441	-0.0964771573	0.0426966678	0.0011224461	-0.0427816885	-0.1089488808	0.0242447736	-0.0114993663	0.061185813	0.0516197663	-0.0478452931	0.0149156357	0.0043083579	0.0173763717	-0.0550659701	-0.0361573346	0.1470673365	-0.0078841543	-0.0484833083	-0.0076635483	-0.0977560324	-0.0203343019	-0.1217231242	-0.0883245795	0.1454756443	0.0821674842	0.0536204035	0.0722623835	-0.130055683	-0.0018859002	-0.0900855999	-0.0156485478	0.0696586471	-0.0904876779	0.0818407458	-0.0505733982	-0.0102131344	-0.0480965231	0.0291908027	0.0487812348	0.0425123116	-0.0775908367	0.0703836753	0.0205425836	0.0043703559	0.0192830145	0.0571104091	-0.1041093836	0.1118450251	0.060596559	0.1168200594	-0.0490279483	-0.0069877546	0.0173606946	0.0770515207	-0.0233425844	-0.0686660884	0.0514599834	0.0446851433	-0.0805425345	0.0039171218	-0.049961784	0.0508051031	-0.00480696	-0.0270451471	0.0163191825	-0.0285709583	0.0483354314	0.0393119211	-0.0439208144	-0.0790086803	-0.1220514401	-0.0570952026	0.0232963825	-0.0243357356	0.042567792	-0.0272485046	-0.0798841288	0.0379906609	0.016369406	-0.065357868	0.0928992083	-0.1005903240741901	0.0002655712380743	0.0101184132973505	7.052808249231785e-08	-0.0741242829795396	-0.0854365131231843	0.007299397774648	0.0054944093272308	-0.1603523647483911	-0.0277819868800293	0.025712880880401	0.0007718387950021	-0.003179644048446	0.0004392904946879	1.0110136274818068e-05	1.9297613872314005e-07	-0.0020155800816648	-0.0003493103024678	4.062563065603881e-06	1.2201768741021557e-07	-0.0031027219159679	-0.0002056870890891	9.626883287827516e-06	4.230717861798848e-08	0.0	0.0	0.0	0.0	0.0	0.0	0.0	0.0	0.0	0.0	0.0	0.0	0.0	0.0	0.0	0.0
6479.914815139469	8.50407433343571	41989296.01146399	72.31928026860002	5240.48037403248	-3.201962619357801	27462634.5506196	10.252564615764667	4590.974222870592	-0.7762813271056075	21077044.31506224	0.6026126988128432	4520.803206189728	6284.309431895459	0.922378	24.927145	0.1142494479045651	0.0563423662827823	0.0345926812	0.0190163467	-0.0309097284	0.0552067662	-0.0096560014	0.0272951314	0.0016747702	0.0307744767	-0.0227559134	-0.055657634	0.0396150227	-0.0421632507	0.0506242405	0.0104890774	-0.0178890099	0.0027305756	0.0140595448	0.009782996	-0.0271620227	0.1325494029	0.0167807393	0.0312094506	0.0095337064	-0.0798130153	-0.0137561648	-0.0081868749	0.0500590667	-0.019985279	-0.0749655489	-0.031728272	-0.0205216912	-0.000691893	-0.1680854457	0.0681239108	-0.0655316766	-0.0025840908	-0.0018913872	-0.0758049887	-0.0382143644	-0.0127836159	0.1441929303	0.0163656253	0.0336695819	-0.0149557795	-0.0331944156	-0.0170326412	-0.0780647044	0.0056571801	0.0212065611	0.0140226063	0.0886435625	0.1015420329	0.0148431509	-0.025367901	0.108418484	-0.0092618151	-0.0098639317	0.0492202549	0.0420735097	-0.0152098363	-0.0041598057	-0.0157833835	-0.0524873003	-0.0949959962	0.0145860621	-0.0422549413	-0.1573844168	-0.0553874358	-0.0672754987	0.0298950242	0.0426718444	0.1051355249	-0.0307017634	-0.0399523256	-0.0035249385	0.0028765991	-0.1207640827	-0.1153193731	0.0615448807	0.0686522478	0.0920943231	0.0997029842	0.0014634427	-0.0138443271	-0.0308060172	0.0208851424	0.1265840819	-0.03343979	-0.0466448297	0.0438158363	-0.0584799501	0.0107921843	0.0447923045	-0.0132507813	0.027720698	0.0526569886	-0.0102764508	0.0066089744	-0.0312630337	0.1390752073	0.0412974427	-0.1005428693	0.0281375661	0.0335426058	-0.0157256809	0.0129421347	-0.0789025833	0.0841553864	-0.0067985287	0.1139960645	0.0325140734	-0.0206613052	-0.0213807964	-0.0439162938	0.0024580723	-0.0250191411	0.1590344366	0.0758763253	0.0400739177	0.0509667177	0.1171317885	0.0359277948	0.093383864	-0.0089861318	-0.0925944891	0.0724414802	-0.0084195023	-0.0889254618	0.0189756055	0.0136482464	-0.0033338928	-0.0482563615	0.0029727594	-0.0590190017	-0.0088194792	0.0251205003	-0.0059818269	0.1189750119	0.0132074544	-0.086396717	-0.1109303885	-0.0398069737	0.0081347746	-0.0057611866	-0.0500533118	-0.0227962844	-0.0230814909	0.0305541292	-0.0401002902	0.0004371579	-0.0402046372	-0.030167793	-0.0402987584	-0.0019013748	-0.0663225421	0.1007527122	-0.00299775	-0.0094497715	0.0192929665	0.0222219495	0.0485748562	0.0070464626	-0.1019532355	-0.0365455935	-0.0266533429	-0.0689790295	-0.0049009663	0.0304203039	0.0339082734	0.0321430961	-0.0806282803	0.0404904708	0.0123036518	-0.0612519591	0.0910544289	-0.1009956642651701	-0.0004053401909799	0.0102001242003629	1.643006704237027e-07	-0.0355145326612671	0.0386097503182725	0.0014907128196393	0.0012612820301482	-0.1906072706526487	-0.0302549059042576	0.036331131625652	0.0009153593312754	-0.0036199780596704	-0.0004403340112244	1.3104241152495071e-05	1.9389404144097006e-07	-0.0021400020053081	-0.0001244219236433	4.5796085827226895e-06	1.5480815083099248e-08	-0.0027678888210145	0.0003348330949534	7.661208525497039e-06	1.1211320147607277e-07	0.0	0.0	0.0	0.0	0.0	0.0	0.0	0.0	0.0	0.0	0.0	0.0	0.0	0.0	0.0	0.0
6479.727142322265	-0.1876728172046569	41986863.83894786	0.0352210863175325	5255.586542426216	15.10616839373597	27621189.904931545	228.1963235399076	4592.863668859717	1.8894459891253064	21094396.680731542	3.5700061458217074	4521.84543184093	6300.966775100424	1.021848	27.615292	0.0964216201919018	0.0464444100968425	0.0002637905	-0.0608641898	-0.073166169	0.0655634917	0.0110671188	0.0202116294	0.0918070386	0.0583578691	0.0216859442	0.0051139973	-0.0349123228	0.0807852235	0.0229631863	0.0322555786	0.028965301	0.0391412423	0.0321572574	-0.0199397862	-0.0976274946	0.0425349273	-0.029142932	0.0542309985	0.0302265381	0.1164026554	0.0552300613	-0.1075397213	-0.0664616998	-0.090445205	-0.0035382247	-0.048702335	0.002327677	0.0061317956	-0.0831946492	0.0439881603	0.0266609402	-0.0002841303	-0.0734752056	-0.0214552511	0.0140909748	0.0369368	0.0672002958	0.0420690621	0.0800549638	-0.0229059466	-0.06599395	0.0012533259	-0.0349739876	-0.0077027345	-0.0384915776	-0.0540077856	-0.0153496756	0.0966414621	0.0146445015	0.0282115649	0.0166106103	-0.0880028422	-0.0534686191	0.019971646	0.0541460812	0.0660901307	0.0656559317	0.0323716225	-0.0285311996	0.0169907146	-0.0246292614	0.0378512915	-0.0853005443	-0.1037042995	-0.0516553002	0.1292586137	-0.0674045571	0.0364512642	0.0033973743	0.0249758834	0.1262357253	0.0107020452	0.107422439	-0.0205390144	0.0382462176	0.0819037512	-0.0821856964	-0.1148693722	-0.0392289219	-0.0340113937	-0.0480551344	-0.0804824572	0.0477790596	-0.0465645155	-0.019166223	-0.0767014928	0.0843946176	0.0523915458	0.0093151243	0.1518587723	0.0448208274	0.0768604274	-0.0038637451	0.0147476093	0.013341777	0.0469979218	0.0576001338	-0.0565633957	0.0386389074	-0.0121425295	0.0639010991	0.0091872955	-0.0987009685	-0.0123861987	-0.0361366028	0.0275332201	0.0117820393	-0.0225340018	-0.0209753973	0.0054491821	0.0019986832	0.044135496	0.0536195901	0.0694723958	0.0345426858	-0.0596038966	-0.0049510168	-0.0122527995	-0.0181315806	-0.0511464656	-0.0390960255	-0.0259118943	-0.1159717925	-0.0783174586	-0.0070031356	-0.0479343538	0.0670833404	-0.0205648556	-0.0361546021	0.0107169321	0.0297854656	0.0170913331	0.0144275417	0.0739482267	0.0554494601	-0.0122497441	-0.0506225639	0.0476324988	0.0328002541	0.1202469815	0.0882387971	-0.013707014	0.0110472006	0.0734288213	0.0033417831	-0.1102356024	0.0169084188	-0.0277853726	-0.0502761454	0.0887204089	-0.0116562721	0.0355890478	0.0242006795	-0.0378595527	0.0304907477	-0.0412098655	-0.0174596758	-0.0601864276	0.0604829857	-0.0479501359	-0.0705343618	0.0211576548	-0.0524881293	-0.033205489	0.0203083866	-0.0590497228	-0.08135584	0.042956954	0.0082151139	-0.0569444308	0.0887414118	-0.1137244671349435	-0.0127288028697734	0.0129332544251268	0.0001620224224975	-0.0455760563866363	-0.0100615237253692	0.0001012342596761	0.0020771769157578	-0.1533590898626045	0.0372481807900442	0.0235190104434864	0.0013874269721678	-0.0034211381561217	0.0001988399035486	1.1704186283271786e-05	3.9537307243256316e-08	-0.0023327058326494	-0.0001927038273412	5.44151650167653e-06	3.7134765071985514e-08	-0.0031040073462588	-0.0003361185252443	9.634861605628598e-06	1.1297566301240325e-07	0.0	0.0	0.0	0.0	0.0	0.0	0.0	0.0	0.0	0.0	0.0	0.0	0.0	0.0	0.0	0.0
6466.779228245349	-12.947914076915367	41819233.58686552	167.64847894318314	5235.751864737052	-19.834677689163986	27413097.589097515	393.41443903301945	4590.572956045137	-2.29071281457982	21073360.06477299	5.2473651988802	4519.9243171957405	6260.52066793501	0.995296	26.897741	0.1016510668485365	0.0666156837457829	0.0294777502	0.0174932165	-0.0530914954	0.0297926167	-0.0399725462	0.0403395763	0.0320313355	0.0111472167	0.0920254454	0.0248291694	-0.0189209548	-0.0245268585	0.0110150634	0.0120266382	0.0086033009	-0.0278293418	-0.020799646	-0.0498422703	-0.0602738723	-0.0239816504	0.0369905128	0.0568804499	-0.0539208562	-0.0563911033	-0.0028906717	-0.0199445707	-0.09288771	-0.0479436016	0.0142515056	-0.0430094094	-0.0083381241	-0.0554073631	-0.013749159	-0.0467171593	0.0230048296	-0.0900228929	-0.0124372	-0.0371966671	0.0623756263	0.1334179844	0.0210319432	0.1035347971	0.043275493	0.0179345962	-0.0166743318	-0.1527076442	0.0139494055	-0.0355126265	0.0843866295	-0.066892909	0.1063898524	0.0232032292	-0.0007587061	0.0317929676	-0.012784946	-0.1122839724	0.0659893465	0.0709005164	0.0133284048	0.0281232934	-0.0604642668	-0.0566076509	0.0884455177	-0.0263807046	-0.0149357967	-0.0225307654	-0.1385254335	-0.0130329885	-0.0040996027	-0.0344638222	0.0141505118	-0.0253932612	0.0504493638	-0.1239595806	-0.0870825757	-0.0265710494	-0.0154201576	0.0294215031	-0.1037224748	0.0441181162	0.1032184501	0.0278218535	0.0287796465	0.0204679257	-0.0531192743	-0.0850618466	-2.56016e-05	0.0360973362	-0.0158033022	-0.0345683978	-0.081128549	-0.0161468845	-0.0115853051	0.0974281383	0.0187437451	0.0173360644	0.0411233744	0.019688019	0.0616863617	-0.0403219487	-0.0490740511	0.0118803911	0.0381376319	0.0184500234	0.0138304492	-0.0475917093	-0.124032992	0.0765872028	-0.0336411437	0.0209802216	0.0494393147	0.0520968374	0.0969399945	0.0311054672	-0.0112962914	0.0480286079	0.0205789342	-0.0358877327	-0.0176842535	-0.0945969106	-0.0597783978	0.0170088841	0.0921741556	0.0036620034	-0.1289243897	0.0881398948	0.1173373935	-0.1089299788	-0.0286165021	0.0160370189	0.0493824554	0.1141864331	-0.0577763597	-0.0302209102	-0.0625958673	-0.0144813665	-0.0277372565	0.1120731445	0.0532488152	-0.0309374454	0.0499736319	0.0149671359	0.0692749004	-0.061612667	-0.0423576744	-0.0445964087	-0.0234376547	0.029010404	-0.1238480981	-0.0128727464	0.0052687915	-0.0022921424	-0.0473091522	0.0685102635	-0.0013791387	0.0425108567	-0.0456210862	-0.0309411268	0.075422208	-0.0256865316	-0.0268388136	0.0115671355	0.0374755115	-0.0466694557	-0.0024321361	0.0490201237	-0.0061628046	-0.0325499183	0.0642003304	-0.0271476412	-0.0820666583	0.0453880801	0.0041113636	-0.0524494619	0.0859720514	-0.1236243982936429	-0.0098999311586994	0.0152829918534652	9.800863694698727e-05	-0.0416416067728988	0.0039344496137375	1.54798937630392e-05	0.0017340234146287	-0.1990457703605841	-0.0456866804979796	0.0396192186984383	0.0020872727749244	-0.0026166822935977	0.000804455862524	6.84702622562772e-06	6.471492347492329e-07	-0.0023689581675279	-3.62523348785e-05	5.611962799497146e-06	1.3142317841429076e-09	-0.0031021154320989	1.8919141599000808e-06	9.623120154066144e-06	3.5793391884304287e-12	0.0	0.0	0.0	0.0	0.0	0.0	0.0	0.0	0.0	0.0	0.0	0.0	0.0	0.0	0.0	0.0
6483.484057835333	16.704829589984	42035565.52820492	279.05133163040506	5228.848005280672	-6.903859456379905	27340851.46232766	47.66327539344624	4596.977261541547	6.404305496409506	21132199.94313002	41.01512889134101	4525.37407302504	6250.426291168353	1.05617	28.542845	0.1872378146606502	0.1103414224772492	-0.0033304356	0.0043431514	-0.0391403847	0.0105622722	-0.0664019401	0.0035229054	0.0358386817	0.0327540469	0.0529708431	0.0016434914	0.0551278453	0.1480288918	0.072204234	0.0049146664	0.0313891595	0.0135597667	0.0565438808	-0.021159715	-0.1287998438	-0.0294988393	-0.1224546084	0.0477904233	0.0076140845	-0.0724010369	-0.0586386546	-0.1022057835	-0.0298947758	0.0131440553	0.0034891039	-0.018918917	0.0750658194	-0.0784035512	-0.06077388	-0.1012214203	-0.0218055155	0.0397065847	-0.0367382831	-0.0097463579	0.0388328797	-0.0292030655	0.0175235071	-0.012523723	0.0198508101	0.0587523989	-0.0434173926	-0.039877308	0.041820939	-0.0043886403	-0.0345510555	-0.0647916338	-0.0791561208	-0.0848396389	-0.1354796079	-0.072592159	-0.1212705127	-0.0282618929	0.1392415656	0.0778113556	-0.0468182041	0.1264066122	0.0143392479	-0.0853687116	-0.017451931	-0.0067887627	-0.1282171878	-0.0591125232	-0.0222451197	-0.0859303179	-0.1244494813	-0.0142403902	0.1013281207	-0.0559375333	0.0425496644	-0.0578451711	0.095302404	-0.0697301745	-0.0610696238	0.0972825757	-0.0050509504	-0.1246405601	0.0052072906	0.0232165288	-0.01314371	-0.0455993681	-0.0132387987	-0.112384888	-0.0341561155	-0.1391015407	-0.0591220071	0.0378908784	-0.0359529448	-0.0527543358	0.0487422473	0.0839809994	0.042815802	-0.0139576088	-0.0265208836	0.043613551	0.1258290527	0.0002014921	-0.0261826116	-0.0541842239	-0.0453522585	-0.0399061737	0.035569337	-0.0394342148	0.0057225883	0.0558260744	0.0024319882	0.0399762581	-0.047684222	-0.0233332976	0.0148194991	0.0307630372	0.0563526688	0.0286217435	-0.0640373857	-0.0566570688	-0.0093067463	-0.1589778822	0.0016164304	0.0031793324	-0.0847979764	-0.1177740802	0.0748749145	-0.0433688045	0.0407137813	-0.0921452412	0.1381460058	-0.0682453257	-0.041315929	0.0979320345	-0.0184289592	-0.0472240316	-0.1023815813	-0.0422528248	0.0533161811	0.0915669598	-0.006324631	0.0570462333	-0.0359901266	0.0222335916	0.0359331129	0.0622276115	-0.128548667	0.0533623184	0.0212190786	0.0431794075	-0.0523408916	-0.0361757656	0.007279226	-0.1272326111	0.0172067825	0.1253066058	0.0118892135	0.0424068493	0.1107873309	-0.0258162308	0.0532005825	-0.000645966	0.0584375447	-0.0617974589	0.0292581816	0.0536518224	-0.0008139907	-0.0489905773	-0.0507036352	-0.0238929649	-0.008108486	-0.102205447	-0.0827605889	0.0477818483	0.0	-0.0477818483	0.0827605889	-0.1134979951186494	0.0101264031749934	0.0128817948959529	0.0001025440412625	-0.0071562365146746	0.0344853702582242	0.0011892407618468	5.1211721053962064e-05	-0.1039543822845416	0.0950913880760425	0.0108065135961606	0.0090423720862285	-0.0031310339936452	-0.0005143517000475	9.803373869361813e-06	2.645576713417536e-07	-0.0025081273958038	-0.0001391692282759	6.290703033581552e-06	1.9368074098909598e-08	-0.0028049432973945	0.0002971721347044	7.86770690159833e-06	8.831127764477008e-08	0.0	0.0	0.0	0.0	0.0	0.0	0.0	0.0	0.0	0.0	0.0	0.0	0.0	0.0	0.0	0.0
6454.530461168694	-28.953596666638987	41660963.47415456	838.3107599344082	5233.953202085142	5.105196804470324	27394266.121617317	26.06303441237401	4589.054856391196	-7.922405150350642	21059424.47496762	62.76450336630237	4516.9845369208	6245.378963233521	1.21338	32.791416	0.1447275689144256	0.073402791617203	0.0116951909	-0.0400665495	0.0183396148	-0.1100845016	0.0004382821	0.0411002876	-0.0527127411	-0.0831990348	0.0408922457	0.0298840211	0.0123381586	-0.0155270118	0.0366520245	0.0550607979	-0.1883680808	-0.0532440233	-0.0386248845	0.041302281	0.0052434482	-0.0387720658	0.0111784441	-0.0012686889	-0.1174347934	0.0952636829	0.0351397785	-0.0175249863	-0.0540622243	0.0239034782	0.0863745068	0.013233828	0.0019103046	-0.0586387043	-0.0145428126	0.0521112439	-0.0244472515	-0.0452568463	-0.0733983768	0.1742405801	-0.0571896623	-0.0018019842	0.061391205	-0.0367648999	-0.0257376446	-0.0135334325	-0.0203648235	-0.066310534	-0.0243536945	-0.059564043	-0.0185657437	-0.0374233551	-0.0913750665	-0.0378557373	0.1387801274	0.0231276224	-0.0127629744	0.0368936808	-0.0675662157	0.1088997326	0.0179103623	-0.1472237783	0.1080428516	-0.0577380115	0.0213249666	0.0053996883	0.0026138726	-0.0845795382	-0.0193328698	0.0469835839	0.0125337334	0.0152733708	-0.1098004589	-0.0604294516	0.0735069257	0.1430637411	0.0307205171	-0.0174884921	0.0560994341	0.0608055713	-0.0351105937	0.0239327544	-0.0169860011	-0.0068262272	0.0506232683	0.029679437	0.0534199326	-0.0345395962	-0.0339856002	0.0300380656	0.0456722421	-0.1626877764	0.0052270824	0.0087288749	-0.0227916208	0.0212401568	-0.0518091251	-0.0111060042	-0.0342904658	-0.0108728186	0.0275825517	0.0301348292	0.0896292625	0.0813131976	-0.0175192996	-0.1009716738	0.0229868008	-0.156394605	0.0098009331	0.0139821907	-0.0703248979	0.0255273465	-0.052026395	0.0742677451	-0.0025258452	0.0409371692	-0.0283269562	0.0872493764	0.0531178598	0.0458808679	0.0260714466	0.0770209122	-0.0509663914	0.0304032692	-0.1171630749	0.0660058595	0.0081777159	-0.0777791573	0.0326666546	-0.0062414221	0.0408586016	0.1536597522	0.055130388	-0.0494552124	-0.0387938678	0.0210792278	-0.0795376827	0.02757266	-0.132983947	-0.1614988546	-0.0289021726	-0.0666895604	0.0435283665	0.0516367079	0.0335113678	0.0798656679	0.0152165938	0.0112002224	-0.0111099174	0.0372700247	-0.0492670749	-0.0692733652	0.0760675511	0.0281805038	0.0733427113	-0.0185608773	-0.0185324686	-0.0359091783	0.015432898	-0.1399605221	0.0022568774	-0.0598691347	-0.051159318	0.0023553399	0.0187169489	-0.073512665	-0.0415372819	-0.0622388474	0.0103460311	-0.0780257751	0.0749059898	-0.0492159919	-0.0834374889	0.0501362882	-0.0041113636	-0.042956954	0.0791235388	-0.097764032597837	0.0157339625208123	0.0095578060697909	0.0002475575766063	-0.0328463624669552	-0.0256901259522806	0.000659982571444	0.0010788835273106	-0.1564328595641342	-0.0524784772795925	0.0244712395514121	0.0027539905775847	-0.0026123645352022	0.000518669458443	6.824448464782207e-06	2.690180071215549e-07	-0.0021079752214792	0.0004001521743245	4.443559534370283e-06	1.6012176261670496e-07	-0.0027072648669273	9.76784304672e-05	7.329283059698891e-06	9.541075778535624e-09	0.0	0.0	0.0	0.0	0.0	0.0	0.0	0.0	0.0	0.0	0.0	0.0	0.0	0.0	0.0	0.0
6460.33428735452	5.803826185825528	41735919.10436843	33.6843983952741	5228.177488878038	-5.775713207103763	27333839.85521107	33.358863050712834	4594.243255891562	5.188399500365449	21107071.094305094	26.91948937539244	4522.396606332528	6152.635565969021	1.074298	29.032753	0.0717872047820742	0.0359473563938183	0.0422561183	0.0317209589	0.0129988164	-0.1034674798	-0.0225362441	0.0534656876	-0.128680347	-0.0875507996	-0.0144468046	0.0636658913	0.0377050949	-0.0835249898	0.0548659158	-0.0785019024	-0.0636336823	-0.0512061578	0.0418853583	0.0760782602	0.0535270545	0.030845415	-0.0234290244	-0.03545891	-0.0058577141	-0.0367211042	0.021581539	0.036664039	-0.0167623526	-0.0673419251	-0.0584521728	-0.0354846931	-0.051278489	0.0217905366	0.0128835083	0.0290252253	0.1072525277	-0.0823470777	0.1021620175	0.0330315054	-0.0474689603	-0.1153637252	0.02308753	-0.0637532366	0.0942236319	-0.0936908067	0.0071546477	0.1123485716	-0.0597675625	-0.0009497947	0.0454000552	0.0610604616	0.0012038355	-0.0191771086	0.0472978434	-0.0425798456	-0.1055577572	0.0030717782	0.0160186979	0.1115750819	0.0269013421	0.1115727795	-0.0823242198	-0.0398793702	-0.0281415912	0.0830335913	0.003218237	0.0168115663	0.0632405986	0.0208773428	-0.0490206588	0.0207093627	-0.0462589568	0.0012134158	-0.0702447764	-0.0713638609	0.0496577072	0.0385164776	0.032889688	0.0093426937	-0.057698329	-0.0419437648	0.0035154506	0.0415776745	0.0614964263	-0.0460056002	0.0743735507	0.0700577816	0.0105352316	-0.0296916864	0.0133905059	0.0462599779	-0.046937951	0.0226630068	-0.0676490156	-0.0053036357	0.0193751354	0.0654610032	0.0221293157	0.0314876815	-0.1077896047	-0.0509754636	0.0449347841	-0.0169215918	0.1253948648	-0.0561718112	-0.0339044801	0.0066736107	0.0968892326	-0.0369036615	-0.1370173608	0.0526943009	0.0653276401	-0.005825416	-0.053163835	0.0336366263	0.0529878904	-0.1272785435	-0.0298587943	0.0632454658	-0.0896010764	0.0889436068	-0.0167896003	-0.0341933955	-0.0160764684	-0.0946758691	0.0496955453	0.0195870341	-0.0120502946	-0.0967252737	0.0295569623	0.0351068351	-0.0723126651	-0.1285730678	0.0599504371	0.0771336889	-0.0619824162	-0.0266534728	0.0314089277	0.0005655658	0.0268149118	0.0987651038	0.0658062711	0.0022230058	0.0467529472	-0.0395030973	-0.0085573072	-0.0591901609	-0.053058651	0.0023600428	-0.0512563566	-0.0327666889	0.0283329314	-0.0487963623	0.0679679586	-0.0463481199	-0.0423727472	0.0892224545	0.0616171148	0.0060960567	0.0218563604	0.0627117384	-0.0469394771	0.0454520311	-0.0026319197	-0.0603464962	-0.0092053213	0.1012334406	-0.0128524794	0.0451724769	0.0427422064	-0.0060519803	-0.0840972192	0.0524494619	-0.0082151139	-0.0379906609	0.0750796043	-0.0735027663193506	0.0242612662784864	0.005402656656597	0.0005886090414356	-0.0496431021456942	-0.016796739678739	0.0002821304638353	0.0024644375906478	-0.1725613246543531	-0.0161284650902188	0.029777410766465	0.0002601273861664	-0.0024637931219818	0.0001485714132204	6.070276547924824e-06	2.2073464826306932e-08	-0.0021443044974513	-3.632927597209965e-05	4.598041777789872e-06	1.3198162926569766e-09	-0.0026001508814272	0.0001071139855	6.760784606186646e-06	1.147340588971558e-08	0.0	0.0	0.0	0.0	0.0	0.0	0.0	0.0	0.0	0.0	0.0	0.0	0.0	0.0	0.0	0.0
6486.319345512789	25.985058158269567	42072338.65197346	675.2232474886517	5259.721051703559	31.54356282552089	27664665.541733596	994.9963557275836	4596.471773904029	2.228518012467248	21127552.76829645	4.966292531890973	4522.848680557895	6289.485301892456	1.106373	29.899565	0.1751908295507232	0.0972793591403313	0.0829260198	-0.0556113223	0.0950608521	-0.0223934134	0.1542181227	0.0920259642	-0.0850118787	0.0744257912	-0.0508015582	-0.0302781746	0.0533224532	0.0147536426	-0.0694825867	0.0675659346	-0.0974520497	-0.1043078907	0.0195608699	0.0828659777	0.0449848098	-0.0315700089	0.0689642098	0.0518526006	0.0608436948	-0.0076631236	0.0755304309	0.047949346	0.088769003	-0.0571151783	0.0170401622	0.0160953914	0.061846007	0.0637296423	-0.0220464923	0.0406407952	0.1089724326	-0.0271713131	0.0195403347	-0.0705170036	0.0421516834	-0.0016001242	0.0145618319	0.0778724751	0.0242486896	0.0088111657	0.0385760539	0.0504386932	-0.0564597535	-0.0444069253	-0.0455169859	0.0143684746	-0.0663370157	0.07375131	-0.0058333414	-0.0396282541	0.0529005268	0.1175903927	-0.0001284079	-0.0758739755	-0.1443493654	-0.0331323665	-0.1076782312	0.0764733179	0.0096539258	0.0269706985	-0.0147981035	-0.048201437	0.0462529217	-0.0336970755	-0.094055062	-0.0280724287	-0.0827251822	-0.0768324348	0.0526410719	0.0164524715	0.0316942509	0.0211119249	-0.0079046692	0.0609328402	-0.1321405258	0.0246670873	-0.0902787059	0.0500961349	0.1043425518	-0.0282266573	0.0571094649	0.0398784868	-0.0079709508	0.0922928216	-0.0661777686	-0.0010619164	0.0235658714	0.0873759548	-0.0031841467	-0.0574506359	0.024111199	0.0419101586	0.0492431659	-0.0687913297	0.0466444009	0.0082671113	-0.032249191	-0.0007053809	0.1125209797	-0.0035626003	0.0345357559	0.1116997891	-0.0058534282	-0.0359583592	0.0500174121	0.0086788623	0.0744013677	-0.0684028809	-0.0622895449	-0.0243557154	0.0153083601	-0.0210900883	0.0412178586	0.04792886	-0.0428397253	-0.0152997608	0.0127421306	0.0409194351	-0.0509222128	-0.0877761158	-0.0055376193	-0.0692840852	0.0701112391	0.1337142657	-0.0591456173	-0.0367102912	-0.008010662	-0.0002153093	0.1295183565	-0.0368430556	0.0110687705	-0.0388731584	-0.0014438165	-0.1627920262	0.0629437327	-0.0220688636	0.0051236232	0.0896648353	0.0859710547	-0.0858712264	-0.0526460929	0.0250473327	-0.0983622524	0.0169497204	0.006459725	-0.1568230063	-0.0359428556	0.002560214	0.0813163705	-0.0534455874	0.0050687695	0.0260758732	-0.0925079178	0.0190640504	0.0007126493	0.0725141497	-0.0407206718	0.0339177377	-0.0265738561	-0.0430091052	-0.0058416966	0.02314609	0.0646778133	-0.0273193411	-0.0576755933	0.0612045955	-0.0847396439	0.0547194656	-0.0123036518	-0.0328993162	0.070649581	-0.0838063322512994	-0.0103035659319487	0.0070235013254151	0.000106163470914	-0.0288722611316671	0.0207708410140271	0.0004314278364299	0.0008336074628551	-0.2638748432759854	-0.0913135186216323	0.0696299329139258	0.0083381586830631	-0.0030623386001576	-0.0005985454781758	9.377917702015208e-06	3.5825668944469705e-07	-0.0022560003589726	-0.0001116958615213	5.0895376196845e-06	1.2475965480985481e-08	-0.0029459676213924	-0.0003458167399651	8.678725226292396e-06	1.195892176401587e-07	0.0	0.0	0.0	0.0	0.0	0.0	0.0	0.0	0.0	0.0	0.0	0.0	0.0	0.0	0.0	0.0
6513.140018872928	26.820673360138244	42420992.90544404	719.3485194912292	5304.978881383825	45.257829680265786	28142800.931928378	2048.271147367947	4607.558368134351	11.08659423032259	21229594.115764886	122.91257162782212	4535.92558579464	6467.456246820296	1.106084	29.891771	0.0947383286709643	0.0789508441463963	0.0976794612	0.0436764688	0.1313702978	0.0723489362	0.0650042401	0.0619916316	-0.1083645886	0.1216468401	-0.0740375273	0.0371908781	-0.1186341026	-0.0220977911	-0.1373787826	-0.0771202741	-0.0608297745	-0.1070939247	0.1190180079	0.0658439686	0.0120129055	0.0140891783	0.1060723847	0.0077497132	0.0072159743	-0.1070507597	0.0494410705	-0.0138230279	0.077431933	-0.0703431639	0.0344828396	-0.0019140406	0.0775007857	0.0069314823	0.049097595	0.0315010955	0.0448134541	0.0782281504	0.0022701726	-0.0637271811	0.0292633209	0.0715055404	0.0414543342	-0.0232917281	-0.0305135468	-0.0509348928	0.0121166984	-0.0096683646	-0.0041735184	0.0615175189	0.0416130886	-0.0322809056	0.0087648102	0.0351487798	0.0360762175	0.1114203283	0.0391545726	-0.0100660356	0.1439581676	0.0237295641	0.1772136015	0.0878500484	0.0788941435	0.0200804739	-0.0306674887	-0.0310049924	0.0239407322	0.0111398252	-0.0064934003	0.1140401156	-0.0024599288	0.029353604	0.0571283536	0.0430375583	0.0549188408	0.0435183786	-0.0823553002	-0.0457735388	-0.0959572074	0.0143400474	-0.0974622425	0.0529035813	-0.084373402	0.0717278966	0.093384992	-0.1260836474	0.0289791506	0.0202782447	0.0548314186	0.0994052158	-0.0168736477	0.066609058	-0.0760454907	0.045963209	0.0230075052	-0.0157116686	0.0171758806	0.033244081	0.0037602347	-0.0937670365	0.0915393094	-0.0118910825	0.0935973639	-0.0365188761	0.0342643319	0.091860607	-0.0088581357	0.0290193165	-0.0720192224	-0.0872992477	0.0780945753	-0.0354037154	0.013723103	-0.0159638778	-0.0231410192	0.0051164192	0.0333345086	0.0761557042	-0.0357293352	0.0582805397	-0.0061800258	-0.030828761	-0.0128224667	-0.0348686264	0.0511700499	0.1509161167	-0.030455455	0.0625546693	0.0252020144	-0.1566719332	0.0098828546	0.0397953156	-0.037181131	-0.0535544676	-0.1252705076	0.0228544175	0.0765978441	-0.0374493456	0.0979383885	0.0504041202	0.0238386014	-0.0705509549	0.0172094737	0.1243568622	-0.0848494034	-0.0857295377	-0.0826350239	-0.0588058851	-0.1275864309	-0.026545714	-0.1151423242	-0.0871680433	-0.0328159383	0.0033107808	0.0133030481	-0.0623865274	-0.006872542	0.0811114436	-0.155206413	0.0142980161	-0.042199488	0.0451604602	-0.0348510882	-0.1428958949	0.0355239756	0.0486141973	0.1314039065	-0.1011575621	0.0452983045	0.0675934302	0.0074141684	0.129336855	-0.0853646308	0.0569444308	-0.016369406	-0.0276996788	0.0658562496	-0.0874305069511223	-0.0036241746998229	0.0076440935457302	1.313464225483642e-05	-0.0288474701186203	2.479101304679945e-05	6.145943278865806e-10	0.0008321765322446	-0.3416260636121251	-0.0777512203361396	0.1167083673391157	0.0060452522637589	-0.0029518645465699	0.0001104740535876	8.71350430129632e-06	1.2204516516098006e-08	-0.0023342817670404	-7.828140806779996e-05	5.448871367937253e-06	6.127978849077417e-09	-0.0028679602306088	7.800739078360009e-05	8.225195884353682e-06	6.085153016865296e-09	0.0	0.0	0.0	0.0	0.0	0.0	0.0	0.0	0.0	0.0	0.0	0.0	0.0	0.0	0.0	0.0
6476.372210315785	-36.767808557142416	41943397.006550565	1351.871746094675	5255.7560237178095	-49.22285766601544	27622971.38084604	2422.889716808815	4596.050065540395	-11.508302593956614	21123676.204953868	132.44102859406854	4523.451563650401	6436.71114586303	1.211342	32.73634	0.1372523957951371	0.0728114517909265	0.1224031858	0.095382634	0.0023005791	0.0408837525	0.0579204938	0.1492768529	0.0031369213	0.0461384982	-0.043304384	-0.0077672052	0.0064350716	0.1296936334	-0.0981305272	-0.1561134153	-0.0614839538	-0.1266560537	0.0232177885	-0.0150641794	-0.073854355	-0.0524528287	-0.0406372177	0.0618355196	0.0064441173	0.073146929	0.1160676082	-0.1090068089	0.0665966751	-0.121842421	-0.0663548541	0.1361557822	-0.0395717554	0.0080048692	-0.0040153212	0.0057561253	-0.0730656287	0.0994277169	-0.089190714	-0.1586503021	-0.0640189732	-0.0005823097	0.1074388215	-0.0669149568	0.0879324831	0.0122702854	-0.0865548668	-0.0254525997	0.0239334273	0.1264031564	0.0318055217	-0.0034233476	0.045330368	0.0312560959	-0.0908835117	0.0837127895	-0.0512486847	0.0099358724	0.0098766928	-0.057703059	0.0745059674	-0.0282416348	-0.0490142059	0.0068791869	0.1099942596	-0.0193483139	0.0625267554	0.0302824284	0.1081460243	0.1443285615	0.1007070801	0.1225777246	0.0293796479	-0.0561142778	0.0861390796	0.0870231026	0.0204910839	0.0048094983	-0.0099633861	-0.0171992254	-0.0017838998	0.0883305213	-0.1402425089	0.1010973206	0.1253488317	-0.0183397014	-0.0329379469	-0.0616080399	-0.0248615477	-0.0274502656	-0.0448240237	-0.0142304048	0.0485584247	0.1059660452	0.116709789	0.0208934963	0.0684956163	0.1114955169	-0.1704740923	-0.0235275597	-0.0418617624	-0.0635993334	0.1549719865	-0.0369046211	-0.1230821292	0.135050898	0.0160201961	0.1015961549	-0.1736913448	0.0050340253	-0.0245176943	0.0449698561	-0.0155042286	-0.0764249198	-0.0592556298	0.0027122395	0.0215923392	0.0202654138	-0.048517225	0.0257333244	0.0938201431	-0.0340229607	0.0052774378	-0.0436300193	0.0495567005	0.0613128808	0.1156354745	0.1009342803	0.0182212433	0.0057638418	0.0220972322	0.0071749234	0.0004692405	0.0862958956	-0.0243918115	0.1187421328	0.0614354593	-0.017509741	0.0092394491	-0.1048109102	-0.0826471849	-0.0408765801	0.0943128515	0.1119113834	-0.0046730951	0.0134283387	0.0695961341	-0.0023387111	-0.1252046353	-0.0255619559	-0.0133889408	-0.1273576381	-0.081632923	-0.0741856611	0.0606748864	0.0731675717	-0.0562025491	0.036053325	-0.0301630719	-0.0249273395	-0.0234650209	-0.1202682382	0.0844418547	-0.0243094219	0.1130751311	0.0139974894	0.05129067	-0.060945363	0.0561081327	0.0120428581	0.0288628948	0.1103652653	-0.0859720514	0.0591225262	-0.020404848	-0.022408864	0.0607242596	-0.0700792442846278	0.0173512626664944	0.0049111004795045	0.0003010663161216	-0.0052428903484269	0.0236045797701934	0.0005571761861274	2.7487899205627943e-05	-0.2745262235611108	0.0670998400510143	0.0753646474227249	0.0045023885348717	-0.0027403517791546	0.0002115127674152	7.509527873515782e-06	4.47376507796787e-08	-0.0024717619079652	-0.0001374801409247	6.109606929667765e-06	1.8900789148702802e-08	-0.0031029015884174	-0.0002349413578085	9.627998267403222e-06	5.5197441608948536e-08	0.0	0.0	0.0	0.0	0.0	0.0	0.0	0.0	0.0	0.0	0.0	0.0	0.0	0.0	0.0	0.0
6465.004880218607	-11.367330097178638	41796288.1012504	129.21619353822328	5243.0420826099535	-12.713941107856044	27489490.28001892	161.64429849403177	4590.354243183516	-5.6958223568790345	21071352.077912908	32.44239232112304	4516.902762556061	6171.957133303024	1.844878	49.857555	0.3014992600587592	0.1752596894220607	-0.0339182988	-0.0399613068	-0.0140652844	-0.0110849122	-0.0081719362	-0.0338184732	-0.0526548204	-0.0291273731	0.0791271793	0.3164949527	-0.1322111605	0.0655492353	0.1115766063	-0.0686040503	-0.0228381933	0.0271585067	0.0591705371	0.0383272761	-0.1354979238	0.0178189667	-0.0390713661	-0.1599350115	0.1022211917	-0.0231548157	-0.0407318954	-0.0914378676	0.1055029284	0.0645663195	0.1185643641	0.0255617224	0.1033349204	0.1047768557	0.168280173	-0.0569746936	0.2212978734	-0.0759448114	0.1235053546	-0.0384336831	0.0463097987	0.2040218018	-0.1365746454	0.093503168	0.0387965423	-0.0748091578	-0.0951393708	-0.1156083658	-0.0838433138	-0.0246385726	0.0183554705	-0.0668359926	-0.0607436739	0.1620682091	-0.0166955057	-0.0154803808	-0.0083557364	0.1420593648	-0.0668039057	-0.1262696168	0.0050483059	0.012091165	-0.0750068676	0.004610823	-0.0371215367	0.0359741668	-0.1570833776	0.0905687049	-0.0205521664	0.0637218282	0.0676797713	0.0582462176	0.0131358787	0.0148552369	-0.1360536799	-0.0733068055	0.0555898059	-0.0361195259	-0.0482012856	0.0010698734	-0.0789809876	-0.0339946238	0.1055430814	0.0071227125	-0.0325025551	-0.0820494874	0.0669475561	-0.1335525678	0.0440772396	-0.063446717	0.1546160138	0.1362780745	0.0967707268	-0.0411762113	0.0626176878	-0.0374586039	-0.1472044437	-0.0670904275	0.0260277479	-0.214421846	0.1000017031	-0.1842873096	-0.1221945534	0.0349378207	0.2473089781	0.0117547744	-0.0079876906	0.002929516	0.0481403382	-0.0119542267	-0.0429112503	-0.1917606985	0.0426759324	0.0570596558	0.177795022	0.0065080606	0.0099871123	-0.0235440918	0.0661640633	0.2178805306	0.0242209504	-0.1173769512	-0.0571216693	0.0066946563	-0.0287316649	-0.1241613298	-0.0939837093	0.1018855846	-0.0013272118	0.1552741041	-0.015664927	-0.0054743838	-0.0329173493	0.0173366544	-0.0265552147	0.0572377748	0.1873015232	-0.0960150619	0.080714977	0.0185113862	0.0279669368	0.1135899274	0.0294599139	-0.0099161384	0.1193180398	0.0145700333	0.048475434	-0.0691170231	-0.0149239687	-0.0397973718	-0.1534733885	-0.0410114938	0.1730228986	-0.0626354247	-0.000486779	0.0554026277	0.0772590488	0.026537836	-0.0912889404	-0.0221729775	0.0661886084	0.0313769463	0.1766322142	0.1012092704	-0.0819134318	0.206860169	-0.1508250107	0.1741370798	0.2565625448	-0.0033887752	-0.1199124915	-0.0610890886	-0.0865617806	0.0612519591	-0.0244025048	-0.0170442873	0.0552800014	-0.0844005284839539	-0.014321284199326	0.0071234492083707	0.0002050991811178	-0.0132949583287	-0.0080520679802731	6.483579875893932e-05	0.0001767559169618	-0.1093274988061807	0.16519872475493	0.0119525019952154	0.0272906186606551	-0.0012691804859046	0.00147117129325	1.6108191058010364e-06	2.1643449740828776e-06	-0.0018151313812979	0.0006566305266672	3.294701931372422e-06	4.311636485513756e-07	-0.0029521597458501	0.0001507418425672	8.715247165017728e-06	2.272310310058453e-08	0.0	0.0	0.0	0.0	0.0	0.0	0.0	0.0	1.0	0.0	0.0	0.0	0.0	0.0	0.0	0.0
6493.919736668455	28.91485644984823	42170993.5462921	836.0689235153297	5278.696153654875	35.65407104492169	27864633.08261077	1271.2127820763235	4589.592384545625	-0.7618586378912369	21064358.256279197	0.5804285841294908	4516.5901740955	6191.071660979687	1.959803	52.963413	0.6152645271656021	0.3700486134876526	-0.1709840992	0.0268436268	0.1161044214	0.0992138131	-0.091460959	-0.2077199064	-0.0243897585	0.0580811593	-0.0316047546	-0.0418404787	0.0749870934	0.0317402486	0.1091965263	-0.0216216986	-0.0361350916	0.1784812285	-0.0035835004	0.0110842552	0.1006262836	-0.0194806147	0.0612579323	0.0231684854	0.1771611676	-0.1043316883	-0.0470674923	-0.0495239501	-0.1093598198	0.0495986772	0.0588826826	0.074561049	0.1540478406	0.0330970161	0.0840046864	-0.1143959801	-0.2087186404	-0.0649344971	0.0986347391	-0.0177556215	-0.0317196776	0.0301394845	0.0846931966	0.0088800137	-0.0313218473	-0.0768751118	-0.0117233674	-0.0956409253	0.0431807703	-0.0528786251	0.1138494491	-0.0948518785	-0.0566454779	-0.0508985421	-0.038095703	0.1079161189	-0.0121834161	0.04032139	0.0059781497	-0.1124778587	0.0028533821	-0.0055983243	-0.0802124438	-0.1043356203	0.0039811119	-0.1165872103	0.0242945781	0.0024944227	-0.021065663	-0.0664863712	-0.0921541307	-0.0234654007	-0.0739440681	-0.025536896	-0.0953222728	0.0363953049	0.051566742	-0.0705855988	0.0497807737	-0.0422197758	0.0483056314	-0.058546941	-0.1128404837	-0.0263108393	-0.1844682438	0.0103311265	0.0309628282	0.0804404097	-0.0123725949	0.0502480125	-0.0947316988	0.1387321488	0.0466865806	-0.034443384	-0.0518396294	0.0955672579	-0.0488179554	-0.0797475294	-0.0166615076	-0.1610583816	0.089035646	-0.0789210376	-0.1442382737	-0.0236206245	-0.1220613941	0.1109052898	-0.1105429816	-0.1407557299	0.0123836835	0.0957924085	-0.0999072162	-0.0050072714	-0.0397301763	0.0750240471	0.0035709162	0.0485834762	-0.0080102103	0.0318999323	-0.1024546804	0.0616008285	-0.0618854276	-0.0236750171	0.1504126819	-0.0636795733	-0.0763467584	0.0224734635	-0.0838220699	0.1001599174	0.0375183161	0.0917722114	0.0350191205	-0.0222851889	0.0121239964	0.0324354149	-0.1118302174	-0.1206233887	-0.0824649133	-0.0336380496	-0.0299720729	-0.0541923179	0.0326836642	-0.0048204973	-0.025494111	-0.1290521121	-0.0495107183	0.0311805907	-0.0125215921	0.0632446047	0.1713431487	-0.080306793	0.0173602926	0.0203923781	0.0064877192	-0.1797519708	-0.0082125144	-0.0921927847	-0.0413698423	-0.162816634	-0.1603540091	0.0423627931	-0.0462344853	0.0788548844	0.0680797657	0.0518746601	0.0338831934	0.0888524913	-0.0207866899	0.0283112822	0.0689374935	-0.0802212333	-0.2101978882	-0.1307203607	-0.0871336971	0.0633309768	-0.0283549738	-0.011623607	0.0495514717	-0.1273166289459624	-0.0429161004620085	0.0162095240061638	0.0018417916788652	0.1392895306121602	0.1525844889408602	0.0232820262653434	0.0194015733381559	0.1962622750058926	0.3055897738120733	0.0385188805904886	0.0933851098585141	-0.003046111097126	-0.0017769306112214	9.278792816034164e-06	3.157482397095659e-06	-0.0015468715637809	0.0002682598175169	2.392811634833967e-06	7.19633296942541e-08	-0.0027138668955753	0.0002382928502748	7.365073526899515e-06	5.678348249208845e-08	0.0	0.0	0.0	0.0	0.0	0.0	0.0	0.0	0.0	1.0	0.0	0.0	0.0	0.0	0.0	0.0
6485.599140229642	-8.320596438812572	42062996.207747474	69.23232509758046	5207.325788483797	-71.37036517107845	27116241.867408395	5093.729024653087	4596.594812069195	7.002427523570077	21128683.866341434	49.03399122285176	4520.789119155362	6295.674907929162	1.443142	39.000713	0.3164225238297049	0.1978645672635866	-0.1506394871	-0.0523048132	0.090996413	0.0480228231	-0.1198454372	-0.1022697704	0.0165947752	-0.0018722791	0.0766708025	-0.1136251582	-0.1610352437	-0.0383375274	0.0762993541	-0.0069629987	-0.0354110999	0.1036906087	0.0500773552	0.004062225	0.0656953427	-0.1374491475	0.0542525533	-0.0511758376	-0.1368280909	0.0086355619	-0.0564113754	-0.1032848665	0.0777760641	-0.1135194596	0.0786432687	-0.0528415919	0.0240544876	0.0613216314	-0.0158038182	-0.0703853003	-0.034341936	-0.0282374017	-0.0833248845	0.0702014795	-0.0767487447	-0.0156192531	-0.0892734595	0.0287135795	-0.0554779815	0.0416496655	0.0313097226	-0.0332890787	-0.0846924454	-0.0566091445	0.1079192301	-0.1021228438	-0.0157321581	0.0359117523	0.0261135872	-0.0395345739	-0.0553250406	0.017538023	-0.0578664055	0.0422252505	-0.1002440263	0.0105730767	0.1234610133	-0.0141918057	-0.0768332035	0.0009870262	-0.0604866466	0.0302031785	0.0014814639	-0.0209073314	0.0756863875	0.0588781879	0.0310957402	-0.1861772537	0.0055805705	0.0546077754	-0.0636879966	0.0524195837	0.064021506	-0.0158252931	-0.0140107787	-0.0183791473	-0.1276039522	0.1395612466	-0.1070643034	-0.0482121178	0.0219119427	0.0239525391	-0.1202995827	0.096004668	0.0998435931	-0.0239400226	-0.0508357162	-0.0888875194	0.1350157481	0.0045557199	0.0098940786	0.1270096068	0.0915781918	-0.0565982043	0.0252732704	0.0232961368	-0.0333683164	-0.0045391219	-0.0612293882	0.0042075972	0.1158625139	-0.0221088374	0.0449252026	-0.0720621156	-0.0690900836	0.028277515	-0.0858173377	-0.033715531	0.1893068365	0.0174336614	-0.0170943808	0.1076289136	-0.0326024905	0.0049793688	-0.0593018951	0.0734959918	-0.046446582	0.0300271444	-0.018026866	-0.0318331416	0.0072485424	-0.1745567121	0.0045670076	0.0253800153	0.0929843298	-0.0501168352	0.0503039392	0.0551299517	0.0117806213	0.105993483	0.1062532841	0.0535541159	-0.0137381921	-0.0576587507	0.0506979062	-0.0271598919	0.0908040301	-0.0494304044	0.0264875666	0.0418859832	-0.0499090216	0.0527367497	0.1468239924	-0.0001858861	-0.0956094131	-0.0285507283	0.1391789059	0.0205795646	0.0174102021	-0.0783876577	-0.0905248929	-0.0455164261	-0.0697667654	-0.0277455193	-0.0988451019	-0.0843633948	0.0248847794	-0.0392854347	0.0759206767	-0.0418201662	0.0658525217	-0.0322565822	0.0861530363	-0.045168965	-0.092693041	-0.1870790198	-0.0876876832	0.065357868	-0.0322549359	-0.0061646659	0.0435681289	-0.1267301232153386	0.0005865057306237	0.0160605241301749	3.439889720545559e-07	-0.0238198754284439	-0.1631094060406041	0.0266046783389186	0.0005673864654265	0.1281469210166506	-0.068115353989242	0.0164216333660476	0.0046397014490797	-0.0016950757167429	0.0013510353803831	2.873281685491456e-06	1.8252965990469084e-06	-0.0014170267672632	0.0001298447965176	2.0079648591403955e-06	1.68596711827229e-08	-0.0029252118800592	-0.0002113449844839	8.556864543239479e-06	4.4666702466500044e-08	0.0	0.0	0.0	0.0	0.0	0.0	0.0	0.0	0.0	0.0	0.0	0.0	0.0	0.0	0.0	0.0
6419.309728331703	-66.28941189793932	41207537.38825404	4394.286129774659	5198.983768491392	-8.342019992404857	27029432.225036956	69.58929755368234	4575.070338894776	-21.524473174418745	20931268.60583476	463.3029454362722	4503.2914768004	6109.235902088276	1.522487	41.145008	0.135400434445409	0.0800706957112004	-0.1485875944	0.1203837185	-0.036914368	0.0563888008	-0.0790419267	-0.1136564968	0.1552988198	-0.1053126514	-0.0040122795	-0.0152068249	0.0087533117	0.0252135805	-0.1084777859	-0.1386926795	0.0563622947	0.1077804174	-0.1116612802	-0.1053717497	0.0220154283	-0.0959592475	-0.0421876231	-0.02554785	-0.0085505304	-0.1095452398	-0.0537648751	0.0060824983	-0.0156131421	0.0086250194	0.0105663727	-0.0770265008	0.099209156	-0.0062674644	-0.042330667	-0.0018013845	-0.0266437443	-0.001707965	0.0695415469	-0.0105107366	-0.0773366109	-0.015220685	0.069651867	-0.0073573741	0.0393530506	-0.1032468565	0.0178644372	-0.002202222	-0.0415621344	0.0040102704	-0.0620314056	0.1344164191	0.0113850399	0.0648223096	0.0514883761	0.1171620229	0.0615206036	0.0345272238	0.1837182198	-0.0721123032	-0.0349834044	0.0281384956	-0.0943964459	0.1064008131	-0.0414365942	0.0723876567	0.0189284971	-0.0551616963	0.0058642643	0.0211762874	0.0056773917	0.062510728	0.022013101	-0.0697583943	-0.1095214954	-0.0560457961	0.0157507317	0.122832998	0.1601470318	0.0494590476	-0.0441522928	0.0583024924	0.000622501	0.0546553167	-0.0987139108	0.1269356104	-0.0455753489	0.0089046187	-0.1212063213	-0.0432096431	-0.0015265988	0.0950364352	-0.0599603119	-0.0759337877	-0.0062720593	0.0025072601	0.0269984655	-0.035388486	0.0956134363	-0.0167548848	0.078102813	0.0167869846	0.0762819588	-0.032366685	0.0117060304	0.0968359541	0.0192795853	-0.0642733434	0.0059312887	-0.0845146388	-0.0468461556	0.0576109123	0.0906807119	0.0083689173	-0.0961371344	-0.0313754857	-0.0005384657	-0.0844037869	0.0125363505	0.0069694291	-0.0154127345	-0.0390868595	-0.0032809668	-0.0927319078	0.1740615042	-0.0012614913	-0.1174653924	-0.041429922	0.0559265444	0.1070741044	0.0029705046	-0.0153779082	-0.137795279	-0.084913506	-0.0243079568	-0.0318520125	0.0417207292	-0.0027440567	-0.0054523404	0.0270703481	0.0829611441	0.0793759894	0.0276062149	0.0429273144	0.0064831813	0.0172265213	0.1031057112	0.0592566185	0.1386716832	-0.1130591138	-0.0698348567	0.0376335223	-0.007166905	-0.1100664388	-0.0214296068	0.0809591494	-0.0623781133	0.0101994439	0.0140666347	0.0546233692	-0.0490621572	-0.0856212758	-0.0633395799	-0.0816244186	-0.006056259	-0.0391939605	0.0021008033	0.117894949	0.0991396597	-0.0344090918	-0.1766789265	-0.1255042022	-0.0882236248	0.0673309646	-0.0360951694	-0.000685433	0.0373607416	-0.1174051374937761	0.0093249857215625	0.0137839663099324	8.695535870734472e-05	0.0212940968874022	0.0451139723158461	0.0020352704981149	0.00045343856225	0.192214999988451	0.0640680789718004	0.0369466062205602	0.0041047187431368	-0.0017779046963656	-8.282897962270008e-05	3.160945109358856e-06	6.860639865337666e-09	-0.0016038432651712	-0.000186816497908	2.5723132192350166e-06	3.4900403890609776e-08	-0.0029934343512525	-6.822247119329982e-05	8.960649215258474e-06	4.654305575720623e-09	0.0	0.0	0.0	0.0	0.0	0.0	0.0	0.0	0.0	0.0	1.0	0.0	0.0	0.0	0.0	0.0
6467.238529901429	47.92880156972569	41825174.20264159	2297.17001991014	5200.277597158926	1.2938286675343988	27042887.08751301	1.673992620933838	4600.477182224582	25.40684332980618	21164390.30416903	645.5076879853167	4528.298763800299	5963.580671047819	1.681196	45.434097	0.1857170695491148	0.1044747215886465	-0.1670704935	-0.1449883493	-0.0500199386	-0.0537628324	-0.0002668042	-0.0999053751	0.0473492257	0.0125746691	0.0891234491	0.0308959049	-0.0584526622	0.0268091134	0.0179742794	0.09883641	-0.0440840579	0.161989654	0.1214239545	0.0382885219	-0.1215175778	-0.0492384352	-0.0662396808	-0.0806610565	-0.0723566935	0.1586887198	0.0303213044	-0.0024859281	0.0684958358	-0.0387519393	-0.0037172026	0.0107646239	0.1633689445	-0.0218605802	-0.0492031851	-0.0416493933	-0.0400257484	0.01176288	0.0466654781	-0.0036181328	0.0978994055	-0.121577692	0.0136382636	0.0964179926	-0.0641309997	0.1187692486	0.106437058	0.0623522973	0.1224654145	0.0169323638	0.0306297519	0.097768585	-0.0097837127	0.0672211653	0.0124070497	-0.0345683528	-0.0601045205	0.0742234183	0.1047151377	-0.0753320828	0.0427975202	-0.049625469	-0.0959187692	0.0147172725	-0.0010723473	0.0561239021	0.0143017418	-0.010857559	-0.0128250243	-0.1063047352	0.0551229147	-0.0109744607	-6.03095e-05	0.066494838	0.1620980406	0.0827464697	-0.0695087674	0.0008291382	0.0062021295	0.0264109153	0.0250384838	-0.0096869221	0.1457371994	0.104804897	-0.1614857954	-0.1117020559	0.0319928796	-0.1205886638	-0.0430432528	-0.0669018538	0.0967243411	-0.1106259691	0.0414638312	0.0619660581	0.0184628942	-0.0527807002	0.123102075	0.0746114466	-0.0309836317	-0.0206850924	0.1268244947	0.1011855489	-0.0399811448	-0.0664218197	-0.022157568	-0.0615089167	-0.0212967246	0.0787226371	0.1278650228	-0.000137837	0.0993788616	0.0887202624	0.032287595	-0.0925221228	-0.0347229233	0.0341240981	-0.0012777109	0.025377915	-0.0924720091	-0.0594351021	-0.1189658263	-0.0097815143	-0.0191576124	-0.0791250623	0.0521920182	-0.0550635623	-0.0087963328	0.0803852565	0.0001588904	0.1247229082	-0.051462719	-0.0040438742	-0.0917034416	0.0004223229	0.0488257232	0.0465869143	-0.0278105769	-0.0365680944	-0.0866915763	0.0468995069	-0.0932956724	-0.053102908	-0.029978318	0.0527875505	0.0055338535	0.0514345856	-0.0924823743	0.0148662829	0.1377574132	0.0349421831	0.0002333665	-0.1485759241	0.1846556644	0.0251544974	0.0295655357	0.0745193119	-0.0436391267	-0.0819495466	-0.0299143923	-0.0061573758	-0.0442128002	-0.0045639259	0.0454254125	-0.0027057501	0.092014644	0.0270709532	0.1868995149	-0.0037892339	-0.0763157112	0.1725841377	-0.0367638386	-0.1802294656	-0.0887414118	0.0692486424	-0.0398685628	0.0047960562	0.0309612306	-0.1005354835715763	0.0168696539221998	0.0101073834569706	0.0002845852234547	-0.0566995821710492	-0.0779936790584513	0.0060830139730727	0.0032148426183715	0.1249500990242324	-0.0672649009642186	0.0156125272461654	0.0045245669017261	-0.0019158911272697	-0.0001379864309041	3.670638811550762e-06	1.904025511365197e-08	-0.0017183502853266	-0.0001145070201553	2.9527277030820075e-06	1.3111857664869167e-08	-0.0027741510902271	0.0002192832610253	7.695914271408208e-06	4.8085148565933666e-08	0.0	0.0	0.0	0.0	0.0	0.0	0.0	0.0	0.0	0.0	0.0	1.0	0.0	0.0	0.0	0.0
6364.908192454577	-102.33033744685144	40512056.29837539	10471.497961986486	5169.008640769676	-31.26895638924998	26718650.328351576	977.7476336728172	4520.24011066883	-80.23707155575175	20432570.65809936	6437.987651842827	4447.021714079222	6301.633743534918	3.682565	99.520813	0.9862693012480044	0.6192820427861241	0.0833310661	0.4132618456	0.0308447867	0.0715083154	0.00884025	0.0711761857	0.0292207046	-0.0561626216	0.0530235501	-0.0943754012	0.3325055603	-0.2140565759	-0.2507605326	-0.1137320503	0.0326420472	-0.1855492441	-0.7058645493	-0.081676377	0.0087190846	-0.089562325	0.325502065	0.0773487014	0.0505170812	0.0055674436	-0.2243584929	-0.1350432802	-0.0049182289	-0.0119958605	-0.0652213006	-0.002796243	0.1219370239	-0.0163156203	-0.0592495174	0.0289964065	0.0826047359	0.0605562507	0.0196978182	0.0085003907	0.0190575363	-0.0176491701	0.0192886099	-0.0171400678	0.0245386749	0.0182146797	-0.0154790874	0.0397837483	0.1147361361	0.0162255055	-0.0168605954	0.004937089	-0.0319555329	0.020361346	-0.0427379247	0.019385861	-0.0756530546	0.0596028228	-0.0146886977	0.0175754623	0.0539946885	-0.0011821444	-0.0185846102	-0.0557740539	-0.0009352892	0.0303734943	0.0191340619	0.0443408243	0.0245072041	-0.0370143209	-0.0232236569	0.0318522691	0.0051733656	0.0055309873	0.022137765	0.0284965499	0.0119867582	-0.0628720725	0.018461888	-0.0211548452	-0.0090845826	-0.0278011745	0.0413376439	0.0635278575	0.2174035409	0.6954164588	-0.0132271876	-0.0213329475	0.0583950152	0.3131765402	-0.0417229505	0.0636065239	0.056379406	-0.2572707695	0.0817207209	0.0946855801	0.116818201	-0.0218156107	-0.0401601703	-0.0454396838	0.1031858334	0.025807432	0.0611755142	-0.0736594696	0.0563504369	-0.0362589965	0.0140697537	-0.0163011891	0.0560897597	0.0403025316	0.0175093461	-0.0026777111	-0.0191103991	-0.0098741065	-0.0653209171	0.0105500133	-0.0481855862	0.0001804472	-0.0568473687	0.0060527246	0.0018723999	-0.0888270904	0.0008429583	-0.0170531114	-0.0218027965	-0.0652742497	0.0749689739	0.0816034631	-0.0621549874	0.0179520884	-0.0086402808	0.0055164259	0.006790891	-0.0289041825	0.0245184749	0.0285871915	0.0160183869	0.0253122414	-0.0002305907	0.0368090721	-0.0211784241	0.0447023442	0.0014077166	0.054624942	-0.0102653325	0.0173070171	0.0098485141	-0.0614427869	-0.1669205103	-0.3245515644	-0.1053181493	0.2067794624	-0.3030015943	0.1864334121	-0.003567858	0.2560012533	-0.3494983011	-0.4419959897	0.0105975888	-0.1832629454	0.1737372723	0.1362195275	0.0978509455	-0.139520966	0.0096217567	0.0418546472	-0.1228760311	0.019864198	0.0463990362	-0.0218885492	0.0783803589	-0.0473018846	-0.0892409375	0.0711093231	-0.0435681289	0.0102617584	0.0244025048	0.0324623713625698	0.1329978549341461	0.0010538055544813	0.0176884294170841	-0.1463781822026391	-0.0896786000315899	0.0080422513036258	0.021426572224949	-0.4695968733614108	-0.5945469723856432	0.2205212234708129	0.3534861023729348	-0.0027808244654695	-0.0008649333381998	7.73298470775373e-06	7.481096795294496e-07	-0.0030018657940142	-0.0012835155086876	9.011198245272504e-06	1.6474120610415888e-06	-0.001541682459182	0.001232468631045	2.3767848049494598e-06	1.5189789265101823e-06	0.0	0.0	0.0	0.0	0.0	0.0	0.0	0.0	0.0	0.0	0.0	0.0	1.0	0.0	0.0	0.0
6431.670774444599	66.76258199002223	41366388.9508448	4457.24235397444	5211.761145245588	42.75250447591134	27162454.2350916	1827.7766389628189	4555.830668448366	35.59055777953563	20755593.07957469	1266.6878030584642	4485.194889671295	6475.183802395381	2.744913	74.180878	0.382845470899238	0.2252661963875543	0.2286373554	0.1942316742	0.0250936528	0.0091294424	0.2411968052	0.2644745099	0.0368450475	-0.1012370979	-0.0592478166	-0.0654332559	0.0802785039	-0.0511116247	-0.2620029345	0.0899398485	0.2652493362	-0.2842801381	-0.2044596264	-0.1130043221	0.1343771376	0.0706941044	-0.3076075255	0.0590880045	0.063521116	-0.0767196636	0.2109475288	0.3563627535	0.1861094176	0.0832360766	0.065799176	0.0731633303	0.1514589982	-0.1898154794	0.0188298416	0.0096920561	0.0162824886	-0.0791166499	0.0081953763	-0.0313087481	0.0228659975	0.041902363	-0.1126339835	-0.0469842925	-0.078686507	0.0125347635	-0.1118598197	0.0118473374	-0.0970882477	0.0414029541	-0.0509592753	-0.1082639418	0.0868127117	-0.0115195779	-0.0793104114	0.0190922664	-0.020279314	-0.0566884591	0.1040916906	0.0100975811	-0.1500569318	0.0783574652	0.0457946589	-0.0509239992	-0.0722187611	-0.0091100893	-0.0765634464	0.0748402243	0.0396983884	-0.0270963162	-0.0493200027	-0.0239084317	0.0130447187	0.060389885	-0.0707230618	0.0322680251	-0.0183029179	0.0703069367	0.0612644496	0.0779149322	0.0114841735	0.043923136	-0.0475985987	-0.0418825526	0.3016630737	0.2092157892	-0.0884149377	0.1436679366	-0.0701087011	-0.2538952724	-0.1766820912	-0.0363070029	-0.0348910144	0.2016573623	-0.190021479	-0.3552838909	-0.0284959008	-0.1312347074	0.0444280686	-0.0070932485	0.1997749708	-0.0176539405	-0.095832962	0.1745094018	0.0599104728	0.117392894	-0.0457509772	0.0252312002	0.0161984467	-0.1750278551	-0.0981843074	-0.047128312	-0.0835503076	-0.0602155462	0.1151350214	-0.125383606	0.0642775474	0.0186224918	0.0145304395	-0.0207755272	0.0462752524	-0.0466394121	-0.0054216394	-0.0206073498	0.0678536828	-0.0547655376	0.0657390153	-0.0481560913	0.0197068134	-0.0315435301	0.1044125719	-0.1063486846	0.1138222195	-0.0190567945	0.001511244	-0.0411612404	0.0031806073	-0.0644625764	0.0598371274	0.0161077436	-0.0016726398	-0.0414257902	0.0028070876	-0.0873814243	-0.0799659055	0.0167169514	-0.0323887372	0.0088884454	-0.2476829341	-0.1801652718	0.1824874162	-0.0055129346	-0.1957400479	-0.0129785045	0.1076549598	0.0049170178	-0.1273976434	0.0154289407	-0.1094575832	-0.1035808286	-0.073750758	-0.0678995847	-0.1862853253	0.0507637349	-0.285781666	0.0359628637	0.0750295157	0.0364061203	0.1660898765	-0.1170675399	0.0661712711	-0.0094823589	-0.0897220992	0.0729114752	-0.0471870168	0.0156936827	0.0177182917	0.0540071220301996	0.0215447506676298	0.0029167692299848	0.0004641762813303	0.0165573799905587	0.1629355621931978	0.0265479974272134	0.0002741468321517	-0.3310161688513204	0.1385807045100904	0.1095717040410058	0.0192046116625129	-0.0036322083866887	-0.0008513839212192	1.319293776433173e-05	7.248545813105812e-07	-0.0032209922356931	-0.0002191264416788	1.0374790982395231e-05	4.8016397442856217e-08	-0.0016668611668503	-0.0001251787076682	2.778426149553544e-06	1.5669708853505692e-08	0.0	0.0	0.0	0.0	0.0	0.0	0.0	0.0	0.0	0.0	0.0	0.0	0.0	1.0	0.0	0.0
6490.706720749723	59.035946305123616	42129273.73478562	3485.2429561414388	5231.13556676794	19.37442152235235	27364779.317904536	375.36820932579	4611.902577279659	56.07190883129351	21269645.382318765	3144.0589599848918	4536.462236437902	6101.127637813797	2.749356	74.300972	0.4510665080694333	0.2924972131292776	0.0418658335	-0.1027773147	-0.0529945715	-0.0907685353	-0.0576564783	-0.0276627542	-0.1088555732	0.0061058339	-0.0085450849	0.2039971534	-0.1583533658	0.0138854589	0.0194989758	0.1102153342	0.214037976	0.0084052436	0.2471217531	0.0692393368	-0.0302653856	0.1334424544	0.0108051916	-0.1263543723	-0.050275874	0.0476904649	-0.1298748773	0.0601659782	-0.0029424672	0.0776133092	0.0462802691	-0.0402244459	0.1175500854	-0.0099158641	-0.0878268978	-0.0378708243	0.0480083712	0.1524107441	0.0714992125	0.1185556152	0.076157755	-0.0435530646	-0.0926412473	-0.1174151719	-0.015737093	0.0685917863	-0.1050694266	0.0146389169	-0.0592278048	-0.0020157905	-0.0880362849	-0.0788164157	0.0753177067	0.0126138898	-0.0778800016	0.0507128897	-0.0867397388	-0.0356636499	0.0633589464	-0.0213038875	0.0876341902	-0.0872544666	0.1096980524	-0.0829420282	0.0107779493	0.066625437	0.0778702786	0.0516452081	-0.0744476659	0.0387585336	-0.1415965063	0.0039525766	-0.1317811437	-0.0112714975	-0.1027435779	-0.0514078018	-0.0442948909	-0.0597911173	0.0645388345	-0.0088822	-0.0407388099	-0.0076656274	-0.045620492	-0.0943944215	-0.0269294778	-0.2603781592	0.0199658246	0.0100418972	0.1250048989	-0.0500684405	0.1195858956	-0.024248075	-0.0115177005	-0.1294302924	-0.1242172879	-0.0889764861	-0.0351046851	-0.0758526202	-0.0486714522	0.037482657	0.1079852976	0.0188238177	0.0180708154	-0.1259722278	0.0420317646	-0.0289805093	0.0368349737	-0.0777682861	0.144835392	-0.1022260103	-0.0429424489	-0.0337069523	-0.1729017556	-0.0856609238	0.0617963395	0.0101884429	-0.0215736144	0.0154099813	0.0761634877	-0.0393755428	0.0140238221	-0.0652398629	-0.053106197	-0.0090647117	0.0228059086	0.0891950718	0.1294805049	0.106843477	-0.1444093131	-0.0047147886	0.0166588465	0.0282800331	0.0972565882	-0.0223964429	-0.0520711353	-0.0498784561	-0.0003312418	-0.0123596204	-0.0679265721	0.093504506	0.1153700964	0.063047574	-0.0230489844	-0.0070668177	-0.1076400066	-0.0641732212	0.0493945549	-0.0011792762	-0.0422862628	0.1022825823	0.030861368	0.1222479285	0.1714130535	0.0364998973	0.0219275383	-0.05804653	0.0460459698	0.1176033462	-0.0911979083	-0.1289324009	0.0057317532	0.1773219558	0.0426559076	-0.0564908871	0.0457612737	0.0987064536	0.0513036969	-0.0891274606	-0.0238619299	0.1344837384	0.0026684727	0.0227970908	-0.0901847978	0.0746536153	-0.0507185253	0.0210739489	0.0109429642	-0.0113398436471072	-0.0653469656773068	0.0001285920539408	0.0042702259232311	0.0020208944618218	-0.0145364855287369	0.0002113094115271	4.084014425822023e-06	-0.0584593582929358	0.2725568105583846	0.0034174965720218	0.0742872149817591	-0.0043446421579347	-0.000712433771246	1.887591548050349e-05	5.075618784117978e-07	-0.0024398534927621	0.0007811387429309	5.952885066143418e-06	6.101777357078228e-07	-0.0021458135787734	-0.0004789524119231	4.604515914848307e-06	2.2939541288695505e-07	0.0	0.0	0.0	0.0	0.0	0.0	0.0	0.0	0.0	0.0	0.0	0.0	0.0	0.0	1.0	0.0
6437.00605126326	-53.700669486463084	41435046.90399983	2883.761903294348	5186.393059850622	-44.74250691731777	26898672.971266694	2001.8919252462283	4580.348908476534	-31.55366880312522	20979596.123382177	995.6340149373176	4504.199493943929	6180.932295076595	1.622647	43.851795	0.1890619299677131	0.1194531956888769	0.065023064	0.0154348974	-0.1150019504	0.0376305525	-0.0376378811	0.0360784513	0.0995961173	0.0200673212	-0.0407622992	0.0384482109	0.094474684	0.0838779839	0.0156039933	-0.0333987677	0.0965914332	-0.0133059765	-0.0400019722	-0.0901871868	-0.0268279422	0.0583867899	-0.0455076777	0.0752796566	0.0664135149	-0.0117859516	-0.1129023943	0.0902610301	-0.0297342524	-0.0019511514	-0.1443701177	-0.0106690469	-0.1027979397	-0.0058932791	0.0538046029	0.0196018785	-0.1095730747	0.0120301033	-0.0019361598	0.0552420743	0.0433155522	0.077536057	-0.0291767296	-0.1898732765	-0.0258960669	-0.0003127004	0.0814461063	-0.0198778512	-0.0148886936	-0.1009169558	-0.0191485402	-0.0889061534	-0.0343845954	0.0335700519	0.1354592797	0.0788580775	-0.0570016843	-0.0225062151	-0.0283167168	0.0128802607	0.1026024461	0.0350827565	-0.0153345077	0.1642293586	0.0966518241	-0.0967173319	-5.18232e-05	-0.1073109219	-0.135212156	0.0504892439	0.1410449112	-0.0453108484	0.0961593578	-0.0221353064	-0.0720768856	-0.0288664245	-0.0296013471	0.0197318624	0.0748135229	0.127281128	0.0869425447	-0.0408941273	0.0133229581	0.0522832918	0.012630702	0.0453993503	-0.0877813285	-0.003840163	0.0500733537	-0.0691957505	-0.095593238	0.029265977	0.0559678107	-0.1297520427	-0.0323578774	-0.0467552488	0.0929907084	-0.0081004473	0.0146847143	0.1010901412	-0.1224443379	-0.0129830405	-0.0340012194	0.0339664455	-0.0652637401	0.0660993902	-0.0315777789	-0.0853122013	-0.0399868041	-0.0464784693	0.0497547949	-0.162233889	-0.1405036031	0.0965842387	-0.089606397	0.1260063424	-0.0212842913	0.0667311039	0.1361171455	0.065354012	-0.0073694868	0.0963994395	-0.0262271196	0.0180243341	0.0724619653	0.0837029113	-0.0756805128	-0.0572279634	0.0634583928	0.0062272008	-0.0824280771	0.0388615365	-0.1632272525	0.0909263289	-0.0808968418	0.064647828	-0.0233452746	0.0950317307	-0.0125323439	0.0553367204	-0.0858691607	0.0759490935	0.0582689059	-0.0157935006	-0.0080699279	0.0764820602	0.0172370396	0.0059854229	-0.0199943218	0.0377922863	0.1357314262	0.130658616	-0.0231099855	-0.0589798263	-0.0368711421	0.1042504404	0.020806404	0.0125457221	0.0510465551	-0.0196294353	0.0348621172	0.0046248289	0.0025957718	0.0049889253	0.0015589729	-0.0064830343	0.0412780338	0.0507333988	0.170908578	-0.0111460397	0.0373260208	0.0871589308	-0.0906289382	0.0763343096	-0.0541561147	0.0263848473	0.0041113636	-0.0348180598424505	-0.0234782161953432	0.0012122972911924	0.0005512266357152	0.0146387260621452	0.0126178316003234	0.0001592096742941	0.0002142923007225	0.0519927723278357	0.1104521306207715	0.0027032483743341	0.0121996731586679	-0.0047388607369636	-0.0003942185790288	2.2456801084335192e-05	1.5540828805156466e-07	-0.0027822088021733	-0.0003423553094112	7.740685818890589e-06	1.172071578820386e-07	-0.002032112436188	0.0001137011425853	4.129480953309929e-06	1.292794982522546e-08	0.0	0.0	0.0	0.0	0.0	0.0	0.0	0.0	0.0	0.0	0.0	0.0	0.0	0.0	0.0	1.0
6465.674158817625	28.668107554364724	41804942.328002	821.8603907486238	5211.617950891566	25.22489104094348	27160961.6660552	636.2951280274705	4597.921037883268	17.57212940673344	21140877.870609544	308.77973188698604	4525.764834343781	6113.562981374515	1.330234	35.94939	0.1427638805896878	0.0768834588826555	0.0393201786	-0.1451901769	-0.0280316517	-0.0857395203	0.0103865025	0.0081974681	-0.0354029606	0.0059065953	0.094061274	0.0255619607	-0.0023554136	0.046006758	0.1431221159	0.228913292	0.0446890546	-0.000909757	0.1084326716	0.0771393539	-0.0432546296	-0.0419136017	-0.0160709507	0.0170768422	-0.0443250452	0.1158997115	-0.0682938349	0.0748944384	-0.01168085	0.1285947336	0.0341330279	-0.003105817	-0.0562302105	-0.0139869411	0.0861335695	0.122925246	0.068587361	0.0960494545	0.0354582122	0.0636833544	-0.0859466078	0.1307822147	-0.0298044224	-0.1247019858	-0.0412735918	0.021151103	0.0022626489	-0.0223203952	0.1175561823	0.0440414942	0.0275538147	0.0332276801	-0.0191074679	0.1066964949	0.1200062001	0.0961506022	0.0093644727	-0.0260941969	0.0033688749	-0.040115271	-0.0251688169	-0.029187787	0.0001011816	0.0128998854	0.102013351	-0.0333676687	0.0132773991	0.0163975142	0.0581396579	-0.0609626466	-0.0449736224	0.0951265333	0.1124882351	0.1453623147	-0.0283319381	0.100687909	0.0905223196	0.0447174543	0.0446804169	0.0451325455	0.0816768251	0.0104168494	0.0555027315	-0.021567455	-0.0019386186	-0.1174014355	0.0626027976	-0.0717657167	-0.005584246	0.0130868207	0.0108099338	-0.1339014592	0.0541749802	-0.0733878246	-0.0413884725	-0.0618069641	-0.0363641738	-0.0937139686	-0.0061494969	0.0278850583	-0.0395667539	0.0693428143	0.1438815729	0.0815710272	-0.0289888035	-0.0174112711	-0.0708624503	-0.0068281398	0.0588555918	0.0171804943	0.0640785914	-0.170222643	0.0215163918	-0.084372488	-0.0462092332	-0.0011836653	-0.0116651135	-0.0281578258	-0.0711376406	0.0525331092	0.1008939902	0.01061815	-0.0829679881	-0.0729076562	0.0401875547	0.0964191262	-0.1193821416	0.072918251	0.034481488	0.055441864	-0.012283978	-0.0601047281	0.0389028003	-0.0650733226	0.0215075803	0.0313392319	-0.0384309623	0.0755648931	0.0665775228	-0.0103102107	-0.0913028745	0.0293826388	-0.0904479056	0.0526475215	-0.089964198	0.0980608101	0.0353509566	-0.0535506106	-0.0133396006	0.1271303829	0.0734235716	0.0351245511	0.0683238806	0.0986134774	0.0454425337	0.0271024361	0.1233697642	-0.0268308032	0.0631525415	-0.0818316879	0.0189848561	0.0525130935	0.0472896998	-0.055733945	0.0501601863	0.0440767472	0.026148386	-0.0751170519	0.0492497221	0.0788101459	0.0110087316	0.0208956676	-0.0910544289	0.0779521747	-0.0574934194	0.0316088963	-0.0027413792	-0.0555578102984526	-0.0207397504560021	0.0030866702851588	0.0004301372489772	-0.0510524538430132	-0.0656911799051584	0.0043153311173318	0.0026063530433929	0.0194819035987734	-0.0325108687290623	0.0003795445678319	0.0010569565855183	-0.0050106433996106	-0.000271782662647	2.510654727806127e-05	7.386581571549332e-08	-0.002796954544221	-1.4745742047699798e-05	7.8229547224385e-06	2.1743690853730184e-10	-0.0022220256614826	-0.0001899132252945	4.937398040287186e-06	3.6067033141797394e-08	0.0	0.0	0.0	0.0	0.0	0.0	0.0	0.0	0.0	0.0	0.0	0.0	0.0	0.0	0.0	0.0
6434.2701781538135	-31.40398066381113	41399832.72547951	986.210001533023	5212.735412597656	1.1174617060905805	27172610.481749658	1.2487206645788704	4584.182414297003	-13.73862358626502	21014728.40754989	188.74977804507756	4512.429848631309	6128.823961228318	1.195281	32.302299	0.1091573478480683	0.0555022624810107	0.0595206182	0.0255099241	-0.0901500382	-0.0686489216	-0.0635972017	0.0397402395	-0.0295561629	-0.094181582	-0.0480482491	-0.0787808634	0.0508761593	-0.028427772	0.1316187089	0.0672094518	0.0566077443	-0.0552205983	-0.0174512362	-0.0219598444	0.0689303614	0.0120247342	-0.0568773979	0.0675345295	-0.0850155332	0.0191527387	-0.1354330401	0.0077655238	-0.013597961	-0.0829896359	-0.0811826149	-0.0244978075	-0.1190160455	0.0451444252	0.0185630858	0.0473591071	0.0784881988	0.0724489171	0.0289022438	0.0404804586	0.02386348	0.0958783418	-0.0042366784	-0.032424245	-0.0375084626	0.1062064862	0.0449727308	0.0939271403	0.0335671103	0.0207227132	0.059582483	0.0213100485	-0.0507080239	-0.1235852486	-0.0514958533	0.0007713996	0.0264527724	-0.1794420711	-0.0585195302	-0.0529934133	0.0216508588	-0.0524607668	-0.0078326521	-0.0274888127	-0.0366730549	0.0543251459	0.0257935344	-0.0474110766	0.0449298847	-0.0758319966	-5.52095e-05	-0.0750476729	-0.0837866966	0.0094649187	-0.0599636201	-0.0189374885	-0.1033769857	-0.0413648676	-0.0162112571	-0.0218469247	-0.0877676583	0.128895114	0.0552320051	0.0742913732	0.0569373634	0.012288561	-0.0222918322	0.0710305628	-0.0262066063	-0.0529549955	-0.0046555829	-0.0771140947	-0.0382315391	-0.1715294595	0.0290890108	-0.0004329748	0.0498318789	0.0470833488	0.0176505692	0.0226473701	-0.1370703711	-0.0129061631	0.0311192312	0.0686581282	0.0969496631	-0.0355211328	-0.0032585782	0.010371166	-0.0175970913	0.0830818334	0.071756936	-0.1126559519	-0.0416993255	-0.1405407029	-0.0021734804	0.0079631333	0.0230029717	-0.0376089612	-0.0261433234	-0.1234144356	-0.0405659718	0.0631507263	0.0549813951	-0.0043545448	-0.0721364603	0.0150711044	-0.0229815953	-0.0074568108	-0.0187190955	0.0328873703	-0.0431959265	-0.0157376909	0.0456875498	0.0663692438	-0.0239840067	-0.0306958004	-0.1005297744	-0.009203335	-0.0145096371	0.1382546387	0.0265478504	-0.025740517	0.1171587341	-0.0254750077	-0.0236036049	-0.1630673111	0.0257637313	-0.0141622476	-0.0173258364	0.0721849451	0.0410295924	0.1051154911	-0.0349743479	-0.0044083899	-0.0366194145	-0.0428441637	-0.0074038535	0.0615770488	0.1186405387	-0.0938267843	0.0586099117	-0.0351436041	0.0202873468	0.0168430255	0.0516206969	0.0021181764	0.0156752229	0.0192687522	0.1363790958	-0.0231478558	0.0200292457	0.0376267601	-0.0914611824	0.0795058789	-0.0607242596	0.0367289002	-0.0095800247	-0.0806416711852051	-0.0250838608867524	0.0065030791315427	0.0006292000769859	-0.0491504320381182	0.001902021804895	3.61768694629604e-06	0.0024157649695336	0.0644183856205842	0.0449364820218108	0.0041497284059622	0.0020192874164965	-0.0045640148064115	0.0004466285931991	2.08302311531434e-05	1.9947710026300738e-07	-0.0029892094089123	-0.0001922548646913	8.935372890329822e-06	3.696193299747011e-08	-0.0023278418662844	-0.0001058162048017	5.418847754426438e-06	1.1197069198656478e-08	0.0	0.0	0.0	0.0	0.0	0.0	0.0	0.0	0.0	0.0	0.0	0.0	0.0	0.0	0.0	0.0
6448.189145685821	13.918967532007628	41579143.25854044	193.7376571570825	5199.344601101346	-13.390811496310562	27033184.281001717	179.3138325297231	4594.084973493809	9.902559196806578	21105616.743681613	98.06067864625854	4518.935934702947	6019.264662724844	1.115053	30.134138	0.0726251303396931	0.0404885513382446	0.008761685	-0.04281653	-0.1606348628	0.0079722158	-0.0265799738	0.0002395566	0.0869661275	0.0112745136	-0.0654457299	0.0788005439	0.052727208	0.0185803481	0.0997570511	0.0401971872	0.0606999645	0.0382904782	0.0968522438	-0.0616185528	-0.010478958	0.0891341352	-0.0418729336	0.067064024	0.0767922839	0.0583032963	-0.0989935741	-0.0285176246	0.0345700425	-0.1014821304	0.0506876398	0.0229227243	-0.0637471962	-0.005063358	0.0902453862	0.0231966636	0.0713227502	0.0684227663	0.0988234854	0.0497716182	-0.0383974981	0.0099592859	-0.0892668879	-0.0076268098	0.1187465465	-0.0463423424	-0.0122496901	-0.0077178218	0.1583860578	-0.0044799338	-0.0045731445	0.0030103077	-0.0201284428	-0.1337475901	-0.0065580507	0.0304794947	0.0597991115	-0.051344381	-0.054121947	0.0373009579	0.0640333138	0.021523884	0.0083622951	-0.0025857833	0.007193738	0.0534701343	0.0392602674	0.0295934921	0.0377469368	-0.0122809361	0.1319021697	-0.0212349793	-0.0337569574	-0.0437860922	-0.0742430249	0.0395649136	0.1118077197	-0.0183437274	-0.0133117347	0.0756468416	0.0540080801	0.0563518219	0.0399292851	-0.002361536	-0.0493230256	-0.0861018221	-0.0991367687	0.018808825	0.0576863828	-0.0649732345	-0.0589945183	0.0014815565	0.0894607162	-0.0896482524	0.008320043	-0.0138762732	-0.0283209281	0.1246406546	-0.0506140691	0.0137301413	0.014492365	-0.1073952179	0.1026242767	-0.0119589914	-0.009306141	-0.0564638117	-0.0135705348	0.0010000068	0.0547625604	-0.0004597392	0.0086849968	-0.1939497906	0.097736998	0.0426807261	-0.0559801855	0.0618704744	-0.0589852076	-0.0701446809	-0.0672748415	-0.0669691768	0.0440340395	-0.0374094982	0.0143211511	0.0192638167	-0.0581921418	0.0586909057	0.0096384144	0.0024803033	-0.0843369567	-0.0555049245	-0.0232481075	0.0362385956	0.0165167736	-0.0042417371	-0.0150895145	0.0509388757	-0.0279253843	-0.0880799146	-0.0192161785	0.0497596666	-0.0571290932	0.0712905298	0.1338121324	-0.0403401152	-0.0197574893	0.004799152	0.0410536511	-0.0799484613	0.0162548056	0.0830271897	0.0712920166	0.0131659133	0.0011895252	-0.0649660604	-0.1137957192	0.036487593	0.0363048875	0.0756035225	0.0856924333	-0.0274766314	0.1146074391	0.0295960574	-0.0014547542	-0.0038249698	0.0468858366	0.0591766357	-0.0370993066	-0.020917762	0.0463254394	0.1360354902	-0.0684264402	0.0879385891	-0.091849115	0.0809941435	-0.0638426524	0.0417280058	-0.016369406	-0.090516617498892	-0.0098749463136869	0.0081932580434407	9.75145646981986e-05	-0.0327846481909546	0.0163657838471635	0.000267838880932	0.0010748331570046	0.0973427097473518	0.0329243241267676	0.0094756031409571	0.0010840111192044	-0.0045737957318989	-9.78092548740029e-06	2.09196073971366e-05	9.56665033900766e-11	-0.0032412224696514	-0.0002520130607391	1.050552309777312e-05	6.351058278308937e-08	-0.0023204343314694	7.407534815000085e-06	5.38441548666184e-06	5.4871572035438346e-11	0.0	0.0	0.0	0.0	0.0	0.0	0.0	0.0	0.0	0.0	0.0	0.0	0.0	0.0	0.0	0.0
6456.131223130638	7.942077444817187	41681630.37028232	63.0765941394739	5221.448862711589	22.10426161024316	27263528.225912143	488.59838133406936	4586.102296380883	-7.982677112926467	21032334.272870008	63.72313388924004	4513.201074053333	6141.457853581841	1.059156	28.623545	0.1672041957358065	0.0969751279502393	0.0723348034	-0.109105227	-0.0847954502	0.0555967024	0.0575810221	0.040424376	0.0390512096	0.0730077387	0.0443991086	0.0011506756	0.0393724731	-0.0387478508	0.0324512956	0.1317046026	0.0479163542	-0.0312671225	0.0124693639	-0.0766152479	-0.0443062476	0.0399352784	0.0802336651	0.0471530823	-0.0388017617	0.0950976249	-0.0420373813	0.030695816	-0.0080943644	-0.0704240167	-0.0101167702	-0.0379133041	-0.0111710239	-0.0922630566	0.0294099853	0.0337862128	-0.0208729858	-0.0288790625	0.1277604627	0.0054083978	0.0061708622	0.0152962333	-0.1071587914	-0.0327235263	-0.011226352	-0.0631058428	0.0264022061	0.1180095019	-0.0671033223	-0.109310675	-0.0898303595	-0.0188167605	0.0578849008	0.0242440446	-0.0597759546	0.0539730408	-0.0334124182	0.0452199187	0.0631081019	-0.0502625076	-0.0334005446	-0.0829178155	-0.0767403176	-0.0335789287	-0.0852315785	-0.0400343498	0.0333193277	-0.0628210119	-0.1519405693	0.0246059322	0.1135440969	-0.0349594597	0.040758673	0.0551487298	0.0937811679	-0.0540933988	0.1316689206	0.0659842263	0.0134896429	-0.0534347627	0.0282092003	0.0660173863	-0.0316823407	-0.0053898036	0.0193482511	-0.0099921264	-0.0902167435	-0.0596933008	0.0543185569	0.0794702268	-0.0165907986	-0.1005204331	0.0359295258	-0.0432248131	-0.0155040524	-0.0190564822	0.0516472248	0.0544151146	0.0304829528	0.0799999606	0.0129843897	-0.0148188175	-0.0286555687	0.0426133619	0.0401259901	-0.0047619606	-0.1004623584	-0.0235666483	0.0633886137	-0.0184014853	0.0321137917	-0.1420975639	0.0177253717	0.0796677791	-0.0227168455	-0.0499918413	0.0158692211	-0.0445004028	0.1251723095	0.0025732786	-0.0859040922	0.028056199	0.118338128	-0.0370231902	0.0448660596	-0.0337900792	0.1099643928	0.0494988753	0.000152678	0.0393734831	0.1649381376	-0.0340339209	-0.0801293036	-0.0251701744	0.0312146859	-0.001401555	0.0377624389	0.0507362284	-0.1649572228	0.0378245102	-0.0959395874	-0.1293050022	-0.0257308898	0.0308974947	0.0523039341	-0.0337988578	0.0045699173	0.0486743009	-0.0362329002	0.1049122082	0.0792366621	-0.0447089328	0.0042043261	0.0826032843	-0.0933107336	0.0768011183	0.0114676937	-0.0051703929	0.0383947772	-0.0499774824	0.0885897626	0.0736028853	-0.0237540336	0.0091300018	0.0538853119	-0.0082575796	0.0089358536	0.0021809307	0.1226115913	-0.0093908197	0.0237069575	0.0436761629	-0.0922181468	0.0824157435	-0.0668428233	0.0465897578	-0.0230746094	-0.0849055427668048	0.0056110747320872	0.0072089511925257	3.148415964906749e-05	-0.0936337738967409	-0.0608491257057862	0.0037026160991585	0.0087672836141459	0.0262951935911388	-0.071047516156213	0.0006914372059954	0.0050477495519673	-0.0045054265526364	6.836917926250023e-05	2.0298868421201115e-05	4.674344673027891e-09	-0.0028110781861392	0.0004301442835122	7.902160568587653e-06	1.850241046382241e-07	-0.0024158504515291	-9.54161200597001e-05	5.836333404153356e-06	9.104235967247104e-09	0.0	0.0	0.0	0.0	0.0	0.0	0.0	0.0	0.0	0.0	0.0	0.0	0.0	0.0	0.0	0.0
6465.004298080402	8.873074949763577	41796280.57419807	78.7314590641219	5236.909158212167	15.460295500578468	27425217.53136647	239.0207369652068	4590.850314341003	4.748017960119796	21075906.608684883	22.54367454962015	4517.477354396847	6132.515899516041	1.157768	31.288504	0.12380832621899	0.0657864464941678	0.0224762686	-0.0339974491	-0.021724704	0.0015862731	-0.0923391936	-0.0044859401	-0.0381224637	0.0171392897	0.1229142431	-0.0471115407	-0.023886744	0.015472616	0.0673719737	-0.0461020445	0.0584810029	-0.0010329705	0.0565010138	0.0041153445	-0.1366799139	-0.0461683257	-0.0656713017	0.0769299421	-0.1369521362	-0.0169108216	-0.0995853343	0.0151903303	0.0610047226	-0.0633608352	-0.036712637	0.0113225066	0.0128300177	0.0027347181	0.0478127891	-0.0793136458	-0.0334115356	0.0799136982	0.0447213888	-0.0390105399	0.0022821402	0.0065870788	-0.0845320282	-0.0585457688	-0.0753399221	-0.0112988545	0.0700038696	0.012181639	0.0795310173	0.0243562594	-0.0276430057	0.05141863	-0.0893348564	0.0264533159	-0.0831649894	0.0246158155	0.0222100237	-0.1793461022	0.0304459635	-0.0568244594	-0.0465349175	-0.0749482515	-0.0710080335	0.073866349	-0.0060187999	0.1126698459	0.075173313	0.0760308756	0.0021956814	0.0048561621	0.0347045034	-0.0078602325	-0.0455073292	0.0787507247	0.0225288365	-0.0490034841	0.0155936947	-0.0146298267	-0.0235622641	-0.0934715332	0.0539832227	-0.0853630247	0.0139257682	0.0853645127	0.0005432465	-0.0515490934	0.0145795961	-0.1408887271	-0.0226480583	-0.0615064508	-0.0205103512	-0.0610349486	-0.0972135568	-0.1078810776	0.0685179524	-0.0639874588	0.0654436166	0.0732173147	0.0151226314	0.0273915536	-0.0106971745	-0.0607340065	0.0102532297	0.0065858249	-0.0607276468	0.0522021789	-0.0083241202	0.0529190952	0.0719221063	0.0202891506	0.0953230588	-0.0769102152	-0.0141099577	-0.0785796965	-0.0398466431	-0.0163013901	0.1590905979	-0.0798130959	-0.0982711557	-0.0540828248	-0.0342713803	-0.0061788268	0.003354935	-0.159033452	0.0136085	0.0282548932	0.0168144043	-0.0253332832	-0.0290665889	0.0213373398	-0.0407051586	0.0501541362	0.0435832789	0.0439689669	0.0148496805	-0.017848411	0.0641454402	0.0023662583	-0.0585466095	0.0686757913	-0.02924926	-0.0015887377	-0.0065492332	-0.0012310635	0.0334231689	-0.0098932637	0.0219912997	0.1002770556	-0.0014171899	0.0704078077	-0.0396771799	0.0662213223	0.0461177963	0.0281750385	-0.0038905941	0.1103283826	0.0763087584	0.0427437557	0.1169836753	0.0340696844	-0.0004177696	0.0265676721	0.0456020179	-0.0324905912	0.0887869606	0.036383835	0.1248484627	-0.0344096357	0.0592098984	0.0183154094	-0.0225955179	0.0411445063	-0.0925682019	0.0837695089	-0.0697192167	0.0512981531	-0.0296611541	-0.0754501619176295	0.0094553808491752	0.0056927269333965	8.9404227002951e-05	-0.0934741764966844	0.0001595974000564	2.5471330104794267e-08	0.0087374216717333	0.085176674150702	0.0588814805595632	0.0072550658193748	0.0034670287528862	-0.0040717075311375	0.0004337190214988	1.6578802219121836e-05	1.8811218960996312e-07	-0.0023870893450554	0.0004239888410837	5.698195541277018e-06	1.797665373635838e-07	-0.0026643799371503	-0.0002485294856212	7.098920449489038e-06	6.176690522313841e-08	0.0	0.0	0.0	0.0	0.0	0.0	0.0	0.0	0.0	0.0	0.0	0.0	0.0	0.0	0.0	0.0
6442.94877146673	-22.055526613671645	41511588.87174465	486.4462542063782	5221.019736961082	-15.889421251084968	27259047.09373717	252.4737076944306	4575.160124815016	-15.69018952598617	20932090.167697355	246.18204736136613	4502.71528526332	6089.047125616923	1.260583	34.067081	0.2298471658763419	0.1480695315067826	0.0037666962	-0.0049542688	0.0474898631	-0.0536577944	-0.0403956376	-0.0009170033	-0.0421807541	-0.0938082211	-0.0357507889	-0.1061234488	0.0309229014	0.041344448	0.0301504769	0.0060365122	-0.0137469438	0.0021191384	-0.0600831569	0.0221022766	0.0998247363	-0.0007195839	-0.1172971241	0.0565698471	0.0374520449	0.0679794323	0.0124911109	-0.0249835146	0.0118436108	-0.1197734656	-0.0290880008	-0.0087358836	-0.0425848201	-0.0784513747	0.1434669166	-0.0460836063	-0.0136677411	-0.0399717165	0.0290108851	0.0022503701	-0.0043141459	-0.1140125612	-0.0576536882	0.0628158031	-0.0280858784	0.0852144465	0.0337163124	0.0065197469	-0.0407281763	0.0302680063	-0.0166257323	0.0035550276	-0.06334376	-0.1199646524	0.0712407456	0.0066516069	0.0825095557	0.0542606599	-0.0718727561	0.039292043	0.0876614183	0.0532331341	-0.0138329862	-0.0353673098	-0.0552273631	-0.0128676747	-0.0989020314	0.0060036355	-0.0434550836	0.0787332709	0.0187192579	-0.0327473977	-0.099343476	0.0369970737	-0.0345637462	0.0622303058	-0.0728894039	0.0817898218	0.0516778497	-0.0098863701	0.0455194734	0.0448173474	0.0374621556	-0.0954744826	0.0020971978	0.0536445757	0.0534564822	0.0857016731	-0.067703114	-0.087825681	-0.056535181	-0.0600426985	0.0831607473	0.0182810172	0.0243629785	0.0329235878	0.0120975337	0.084764302	0.0366166229	0.0105117428	-0.0372496123	-0.160968997	-0.0587920858	0.0405762956	-0.0483368859	-0.0456804504	-0.1205650374	0.071982937	0.0943820746	0.0226795379	-0.0125296382	0.0426013841	-0.0072927953	-0.0088795765	0.0337889037	-0.0394731178	-0.0916616074	0.0452922194	0.0574664595	-0.0831901813	0.0073605672	0.056586727	0.0391054468	-0.0089475861	-0.1048941664	-0.0812135182	-0.066282067	-0.0340100906	-0.0070800749	-0.0628548586	-0.0053430427	0.0962189172	-0.0600330937	-0.0614035521	-0.0874836451	-0.0051295576	0.0695551048	-0.0375092216	0.0335331988	0.0225168586	0.0551748122	-0.1541195793	0.108536687	-0.0521911898	-0.0433875552	-0.0116592933	0.0681617326	-0.0045539335	0.036644248	0.0316927911	0.0884908904	-0.0008067333	-0.0802514974	-0.0412475161	0.039084334	-0.077386493	-0.0253365519	-0.0740091915	0.1602814222	0.0947736603	-0.1132533185	0.0025025956	0.0549114219	0.0415166233	0.0747161549	-0.0350169582	-0.0077887196	0.1625882671	0.0380696891	-0.0299811187	-0.0427009658	0.0777734198	-0.0928992083	0.0850543252	-0.0724665061	0.0558376933	-0.0360951694	-0.0829696242804232	-0.0075194623627937	0.0068839585532345	5.654231422547105e-05	-0.0585539679844515	0.0349202085122328	0.0012194209625378	0.0034285671667241	0.2179075494687623	0.1327308753180603	0.047483700115481	0.0176174852626984	-0.0047351332207593	-0.0006634256896217	2.2421486618338335e-05	4.401336456501601e-07	-0.0019572069602946	0.0004298823847607	3.8306590854256274e-06	1.8479886472763245e-07	-0.0026641556178678	2.243192825002356e-07	7.097725156216559e-06	5.031914050142051e-14	0.0	0.0	0.0	0.0	0.0	0.0	0.0	0.0	0.0	0.0	0.0	0.0	0.0	0.0	0.0	0.0
6457.337424022903	14.388652556172929	41697206.60768674	207.03332238226176	5252.377329056351	31.35759209526896	27587467.60678513	983.298582013274	4584.749876205406	9.58975139038921	21019931.42736548	91.9633317294718	4511.258005774862	6052.113610344644	1.367434	36.954712	0.1176702666056788	0.0570697427831232	-0.0748868576	-0.1008572539	0.1026664517	-0.0472299229	-0.0082794139	-0.158742714	-0.0828749047	0.0325798067	-0.0613313005	0.1240959516	-0.08015784	-0.040887555	-0.0786720615	-0.0093542332	-0.0025955513	0.0894185417	0.0094836073	0.0963729452	0.0178549268	0.0252922018	0.105386858	-0.0782885212	-0.0425273053	-0.0159537575	-0.0413638584	0.0593030208	-0.0657285046	0.0542123792	-0.0233509784	-0.0243792844	-0.0071691961	-0.1052000779	-0.0973648641	-0.0873832295	0.0083705966	0.0600287323	-0.0546139926	0.0107767923	-0.0603407965	0.0163905316	0.058670201	0.0679854781	0.0473069216	0.0009950901	-0.107888025	-0.0671424393	-0.0286063412	0.023289311	0.0160239792	-0.0815978225	0.1123787887	-0.0202469643	-0.0438989497	-0.1223272162	0.1062427031	-0.0301865679	-0.0270060742	0.0310846988	0.0569343185	-0.0256546881	0.0585881137	0.0080253527	0.0106400464	-0.0744920534	-0.0200596593	0.0185684706	0.114173719	-0.1704169235	-0.0430094323	-0.0364256403	-0.0073974991	0.0146892314	-0.0320455092	0.0542741398	0.0186023157	-0.0198296599	-0.0437895759	0.0848286454	0.0510983654	-0.1314443942	0.0563688913	0.0931545552	-0.0950909693	-0.0211153074	0.09589087	0.0205953466	0.0652492586	0.0866206213	0.0821478369	0.0089311108	-0.0431081139	-0.0392348076	-0.0866589799	2.88121e-05	0.004656493	-0.0928343448	-0.013671772	0.087232242	0.0494950458	-0.0167802947	-0.0282391755	-0.050533563	-0.015288431	0.0549047434	0.1254145768	-0.0147268385	-0.0885440626	-0.0069728697	-0.0173534505	0.0939646451	0.0167805901	-0.0191375479	0.0993718427	-0.0667345795	0.0019813037	0.0062942668	0.0296246307	-0.063347059	0.1008294846	-0.0426987804	0.1093938869	0.114731076	-0.0410616903	-0.0159228896	-0.041548185	0.0343477869	-0.0824647771	0.0070559297	-0.0629257485	-0.0090556277	0.0775329262	0.0221240343	0.0085872825	0.0207087991	-0.1435615281	0.0118331883	0.0364954428	0.0299462921	-0.0576305329	-0.013480221	0.0075852612	-0.0756096	-0.0262551264	0.1512724117	-0.0542168949	-0.0244160291	0.0756002586	0.0186691963	-0.0526334829	0.0410132932	0.0070157229	0.1152215142	-0.0123834119	-0.1130624011	0.0625768561	-0.1034941985	-0.0032971304	0.10939391	-0.0404844921	-0.0020782897	-0.0394764204	0.0285767131	-0.0405076117	0.0061386202	-0.0556085356	0.0890035116	-0.0814724007	-0.0601933413	0.0284891322	-0.0252769373	-0.0932110979	0.0862691351	-0.0750796043	0.060193436	-0.0423435691	-0.1055449722448287	-0.0225753479644054	0.0111397411661616	0.0005096463357139	-0.0931757725012545	-0.034621804516803	0.0011986693479997	0.0086817245812055	0.2376603600343827	0.0197528105656203	0.0564824467316724	0.0003901735252412	-0.0040953579876991	0.0006397752330602	1.677195704741082e-05	4.093123488372333e-07	-0.0021310607506128	-0.0001738537903182	4.54141992280239e-06	3.022514040800467e-08	-0.0026633785700692	7.770477986001299e-07	7.093585407503855e-06	6.038032813093081e-13	0.0	0.0	0.0	0.0	0.0	0.0	0.0	0.0	0.0	0.0	0.0	0.0	0.0	0.0	0.0	0.0
6464.353037897445	7.015613874541486	41787860.198573925	49.21883803665901	5235.271173773872	-17.10615528247945	27408064.26294765	292.62054854829955	4583.030419072998	-1.7194571324080243	21004167.822148416	2.9565328301888263	4507.893133926509	6153.293196350398	1.145193	30.948673	0.1820000266737133	0.1213484551218223	-0.0391621801	0.0144352715	0.1411554482	-4.11156e-05	-0.0495445648	-0.0324649348	-0.0792914236	0.0205434434	-0.0323618561	-0.1369275182	0.0078279171	0.0187919651	0.0261022987	-0.083837508	0.0289709174	0.0369142325	-0.0180713917	0.0825053185	0.1084250836	-0.0260302964	0.0094076496	0.0763278152	0.0787741173	-0.1049802477	0.0318006257	0.0429165803	-0.0876296273	-0.0490024323	0.0230207869	-0.0164954648	-0.0745288932	0.0028649056	-0.0314815198	-0.0217678994	-0.0210529295	-0.0550788553	-0.0512582883	-0.0200594109	0.0755395997	-0.0211333038	0.025293795	-0.0706974808	-0.0080119647	0.0878183456	0.0777921263	-0.0368978044	0.0037328534	0.0653325173	-0.0150103326	0.0667577227	-0.0294091993	-0.03484486	-0.0184473763	-0.1889902434	0.0257063165	0.1004442302	-0.0158777794	0.0352630521	0.0138280652	0.0641192762	0.0991018431	0.0292728803	0.0108103215	-0.0269410443	0.0511407132	-0.0225738123	0.0413990639	0.0579628936	-0.0069118473	0.077860399	-0.0473618749	-0.031922544	-0.0514259014	-0.0286019195	0.0952503574	0.0046205985	-0.0117970405	0.0058168204	0.0410474172	-0.0828350411	0.0791175676	-0.0106182461	-0.0293050204	0.0127849592	0.0870730388	0.1076279227	-0.0319901426	0.0227913441	-0.1045091661	0.0477955245	-0.0447520785	0.0376809092	-0.0163099047	0.0963162893	-0.0539979862	0.0529994383	0.0969711239	0.0108598082	-0.0381519509	0.0211609238	-0.125820576	0.0419504651	-0.0480071512	0.0177975053	0.0430248224	0.0671454737	-0.0133444495	0.0946510413	0.1260392374	0.0857632664	-0.0366209787	0.0191380841	-0.0276361776	-0.0006437245	0.038200639	-0.075792913	0.031032179	-0.0196535309	0.1707198255	0.0022046994	-0.0348782944	0.1477747912	-0.0385163769	0.0202796997	0.0940841882	-0.0369684561	0.0238807372	-0.0079981865	-0.0143873914	-0.0013531411	-0.105986606	-0.0424546994	-0.0032431781	0.1114960082	0.0010947484	-0.0289038113	-0.0074875488	0.0229982536	0.0218625512	0.0759131804	0.0120000691	-0.0566947199	0.0469958026	0.0541333219	-0.0585999102	-0.0541924123	0.0608558013	-0.0132928939	0.0134590437	0.0377719002	-0.0870241739	-0.0656440504	0.0433698146	-0.1208075701	0.081247536	-0.0988335441	0.0417749105	0.0970618887	-0.0452056217	0.0114496985	-0.0510963781	-0.0245021406	-0.0124884678	0.0058455232	-0.0777571066	0.0271135351	-0.0630103363	-0.0563265965	0.0295256341	0.0314965348	-0.0935038064	0.0874129386	-0.0775536723	0.0643510435	-0.0483742215	-0.0989361295239348	0.0066088427208939	0.0097883577251768	4.3676802109512335e-05	0.0224413041071613	0.1156170766084158	0.0133673084034762	0.00050361213003	0.2526705747631013	0.0150102147287185	0.0638424193511159	0.0002253065462022	-0.0042801711243855	-0.0001848131366864	1.831986485402344e-05	3.4155895491866243e-08	-0.0023902761023932	-0.0002592153517804	5.713419845672028e-06	6.719259859863656e-08	-0.0022121292062223	0.0004512493638469	4.893515625021703e-06	2.0362598837223197e-07	0.0	0.0	0.0	0.0	0.0	0.0	0.0	0.0	0.0	0.0	0.0	0.0	0.0	0.0	0.0	0.0
6459.79815588293	-4.554882014514988	41728992.2147485	20.74695016615211	5293.866514078776	58.59534030490431	28025022.66888457	3433.413905447544	4590.924010987301	7.893591914303215	21076583.274659727	62.308793309553096	4518.238682160937	6165.071694322254	1.326627	35.851906	0.3047059143703219	0.1748790804952487	-0.0189380737	-0.0784227015	-0.0193150635	0.0318506144	0.0067561384	0.0168706255	0.1087023157	0.0339803887	0.0023456571	-0.0018894311	-0.1973734681	0.0532830508	0.0762237562	-0.0345965092	-0.0425784806	-0.0014778887	0.0606053624	-0.0449478551	0.0380475764	-0.0913767593	0.0346398962	0.0120793661	-0.0464882962	0.0262355865	-0.031964656	0.034732933	0.0770270417	-0.0276607403	0.1332266716	-0.1463142685	0.0996179257	0.1059306397	0.0624285113	0.0023808357	-0.0228894239	-0.1614221952	-0.0142087638	-0.0813710544	0.0556907079	0.0848661146	0.0336102827	-0.0051486858	0.0568429852	0.1175049554	0.0194831182	0.0346798913	0.1840524996	0.0124077703	0.0084098186	0.0183970053	0.024815647	-0.0644606558	-0.0474124844	-0.0486153165	0.0997844148	-0.0042399863	0.1196441866	-0.0037179452	-0.0096414984	-0.0086582442	0.0476813266	0.0081301348	-0.1023975519	-0.1042702837	-0.0079291636	-0.090304534	0.0335928286	-0.0924608931	-0.0492849165	0.1089915919	0.0293971333	-0.0035599679	0.0504550725	0.0587378249	-0.0226563489	0.0751976497	0.0188078141	0.0291010964	0.0860563885	0.0757691508	-0.1004409819	-0.0508470321	-0.0010700387	-0.0684001906	-0.0320081419	0.0056741721	-0.1005014125	0.0635671879	0.0566781372	-0.0466859788	-0.0014805304	-0.0191474035	0.0940281067	-0.0205768122	-0.0363575977	0.0179795149	0.2344436492	-0.1144519615	0.0548739241	0.0630932322	-0.1086320076	0.026023717	0.010845515	-0.0110832473	-0.0239790476	0.074894742	-0.1107746057	-0.003022656	-0.0292380113	-0.038146327	0.0421803983	-0.0713662265	-0.037595671	0.0843935442	-0.0098102885	0.0390758949	-0.1593271775	-0.1388105089	0.0289030786	-0.1396962874	0.0320133594	0.1280443035	0.0797987799	-0.0205233181	0.0246022894	-0.028918967	-0.0490399736	0.0763458923	0.0309269406	-0.052826787	-0.0403743965	-0.0676990655	-0.0642157275	-0.099058539	-0.0776970479	0.1029517397	-0.0220462598	-0.0263760423	0.010667766	-0.087281773	-0.0349088033	0.0659046457	-0.0053920998	0.0209307471	0.0811454095	-0.0636816103	0.0252621831	0.0317765534	-0.0006228765	-0.0291577286	0.0548010959	0.0826131817	-0.0282361497	0.0153099188	-0.0341259505	-0.0212546308	0.0284047586	-0.0131641546	-0.1136657136	-0.0437326193	-0.0087615338	0.0073363442	0.0652708861	-0.0376413816	0.0348311572	-0.029882765	0.0293930626	-0.029520634	-0.0533911632	-0.0694681254	-0.0937772737	0.0884847944	-0.0798841288	0.0682968306	-0.0541561147	-0.0788144301888991	0.0201216993350357	0.0062117144060008	0.0004048827841295	-0.1064066062413076	-0.1288479103484689	0.016601784001167	0.0113223658517926	0.156725259322684	-0.0959453154404172	0.0245628069097625	0.0092055035549611	-0.0033689867138976	0.0009111844104879	1.135007147841855e-05	8.302570299161826e-07	-0.0021716775108817	0.0002185985915114	4.716183211269337e-06	4.77853442108116e-08	-0.0022781659891509	-6.603678292860021e-05	5.1900402741238985e-06	4.360856699559064e-09	0.0	0.0	0.0	0.0	0.0	0.0	0.0	0.0	0.0	0.0	0.0	0.0	0.0	0.0	0.0	0.0
6427.80454371526	-31.993612167670108	41316671.25220653	1023.5912195352888	5209.107615152995	-84.75889892578107	27134802.146244925	7184.070947110771	4583.338135649872	-7.585875337428661	21006988.465702444	57.5455046350084	4511.265686091549	6055.253717253174	1.274006	34.429829	0.2120577529499545	0.1230507577996768	-0.0389316405	0.092305065	-0.0649411714	-0.002560859	-0.0584932334	-0.0217139885	0.0533095835	-0.0848459354	0.0576295214	0.0338460218	0.0450811727	-0.0051794594	-0.0076859945	-0.1306954856	0.036919649	0.0256443416	0.0061681932	-0.047142028	-0.0394129614	0.0197762566	-0.0581064239	-0.0440978512	0.030920389	-0.1193722894	-0.0032308915	0.0378737926	-0.0601569794	-0.057873492	-0.0106299623	0.0582016946	0.0045591643	0.1714896488	0.0312878298	0.0270842246	0.0058724164	0.0030352703	-0.0583944541	-0.0257468207	-0.0978691258	0.0786679889	0.0413014489	0.0756761984	-0.0314475796	0.0187246554	0.0238330368	0.0219289197	-0.0656668718	-0.0625037628	0.0592206819	0.1680541154	0.0492592834	0.0078964843	-0.0136064486	-0.0110489115	-0.006845327	0.0508687544	-0.0468094391	-0.0794367518	-0.0247248873	-0.0153644046	0.0609477506	-0.0672763687	-0.0001945426	-0.0942204092	-0.016240993	-0.0353137655	0.0441839842	0.0468577894	0.0170779617	-0.0008225896	-0.0421659761	0.0744289943	0.0828369018	0.0207711508	-0.0380914795	0.0316731077	-0.1079490321	0.0125281536	0.02845697	-0.0220309188	0.0554462755	-0.0739885175	-0.0232386622	0.0008620503	-0.0335850573	-0.0309006592	-0.0173473007	-0.0905263098	0.0066334143	0.0920521353	-0.0691011636	0.023350112	-0.0686471008	0.0173549522	-0.0080543441	0.0133699439	0.0010470452	-0.1561829108	-0.0853822132	-0.0122894344	0.0321784757	0.0318308779	0.0171045661	-0.0504776475	0.0268674619	-0.0101470331	-0.0610814266	0.1354514572	0.073222391	-0.0396111884	0.089840966	-0.0014131888	0.0106912405	-0.0585148282	0.0620783248	-0.0309193216	0.0109600855	-0.0195815187	-0.0723382471	0.0884107152	-0.0063389506	0.0156589761	0.0174811574	0.0464804064	0.0332793859	0.0270590143	0.0028309673	0.0925499234	0.0766154646	-0.0718151454	0.0260151809	-0.0309212565	-0.0136994737	0.0580323638	0.0105086676	-0.025439275	0.0517494859	-0.1354648091	0.057408265	-0.11851503	-0.0471096862	-0.0446432006	-0.0146806124	-0.0131355528	0.0205163877	-0.0154752856	0.027816329	-0.0622841838	-0.0028538801	0.0776291232	0.0191696358	-0.0748180782	-0.0282203744	0.0413833996	0.0384851528	0.0748498561	-0.0242505695	0.0207143289	0.0274099963	-0.0299911299	-0.1105098356	0.0316865132	-0.0417826499	-0.0571487402	0.0582660255	0.0129565684	-0.0056607797	0.0145271133	0.0007562166	-0.0388445324	-0.0940314435	0.0894838202	-0.0820666583	0.072017809	-0.0596595157	-0.0641308781401903	0.0146835520487087	0.0041127695310319	0.0002156067007671	0.0011146634086998	0.1075212696500074	0.0115608234271496	1.2424745146942577e-06	0.2125748234723374	0.0558495641496533	0.0451880555742954	0.0031191738157062	-0.0031978974864341	0.0001710892274635	1.0226548333741534e-05	2.9271523754057243e-08	-0.0023933281174528	-0.0002216506065711	5.728019477790164e-06	4.91289913933366e-08	-0.0019908384811538	0.0002873275079971	3.963437858042769e-06	8.255709685182361e-08	0.0	0.0	0.0	0.0	0.0	0.0	0.0	0.0	0.0	0.0	0.0	0.0	0.0	0.0	0.0	0.0
6457.302117939215	29.49757422395578	41696750.64234228	870.1068850977805	5231.2639851888025	22.156370035807413	27366122.88273343	490.9047331636246	4586.419432311592	3.0812966617195343	21035243.209085383	9.494389117523946	4511.5542122641455	6023.484788100912	1.268851	34.290531	0.1401506614466709	0.0679289896899984	-0.0403094831	-0.0823220425	-0.0531877173	0.0859123661	0.0464160139	-0.0481750205	0.0641183826	0.0993327213	-0.0475700032	0.0106377116	0.0638277031	0.013174135	-0.0298041926	0.1062943466	-0.0419549856	0.0668383303	0.0442046532	-0.0421908735	-0.0750207379	0.0279362885	0.053234579	-0.0033631794	0.0656456679	0.0818686767	0.0902740222	-0.0237213427	-0.0957715648	0.0415511644	-0.0130014969	0.0337977231	0.0167849534	-0.0504323513	0.0615839061	0.0593559674	0.0981267923	-0.0079393119	-0.0012620525	-0.0076848368	-0.0129521972	0.0008294933	-0.0667718835	0.0443141102	0.0597733346	-0.0767442412	0.0208258458	0.092986702	-0.0173022617	-0.0917333221	-0.0473126101	-0.0356552351	-0.1223065785	-0.0708038761	0.0261318898	-0.0125156918	-0.0592779194	-0.0207699547	-0.0528839314	0.0842481362	-0.0011615652	-0.0179760743	0.0467244534	-0.0338697179	-0.005436717	-0.0385672613	-0.0257780414	-0.1026572882	-0.0971205611	0.0259289052	0.0434803676	0.0442162702	0.1311766288	-0.0870550017	-0.1285636061	0.0124572393	-0.0985074849	-0.0260428899	-0.0028265782	-0.0774707018	-0.1664437909	0.006962591	-0.0074638563	-0.0317376336	-0.0755145507	-0.0321504409	-0.052777961	-0.062793686	0.0521209731	0.0402954825	-0.0040303886	0.0002088515	0.0962700256	0.0701466161	-0.0487661724	0.1003207992	0.0419533061	-0.076344791	-0.0386930061	0.0311223846	0.0169961725	-0.0449913809	0.041437448	0.0464812682	0.0479414535	-0.0518753754	-0.0195506971	0.0161878153	0.0086051254	-0.0547663812	-0.0100119406	-0.0416539621	0.0882706354	0.0419851667	-0.0189870569	0.0366771382	-0.068248074	0.0051325134	0.018780977	0.0494979391	-0.0835449919	0.037336044	-0.0372563142	0.0444869316	-0.0704174225	-0.0574202633	0.0247967429	-0.1557321133	-0.0026150069	-0.0681929468	0.0417661423	0.0189186002	-0.0341734836	0.0659286187	0.0045123756	0.0168126739	0.0513953653	0.1295008453	-0.0689427652	0.0186974955	0.1002619298	0.0633106239	0.0336626888	0.0134705224	-0.121082069	-0.0065969944	-0.1226992722	-0.0373630276	0.0397713386	0.0302118154	0.0660373134	-0.0927736475	-0.0040870227	0.0230058622	-0.0955361757	0.0468759784	0.0002705606	-0.0775000583	-0.0301901603	0.0536046618	0.0183802871	0.0680559687	0.0020642241	0.0284868014	0.0702707226	0.0143026982	-0.0092077494	0.0402681653	-0.1260828293	0.0164060707	0.00497771	0.0451822252	-0.0942662634	0.0904091936	-0.0840972192	0.0755017308	-0.0648561241	-0.0875622363461019	-0.0234313582059115	0.0076671452339306	0.0005490285473737	-0.0525516431142278	-0.0536663065229276	0.0028800724558128	0.0027616751940051	0.1981251609566356	-0.0144496625157017	0.0392535794040927	0.0002087927468176	-0.0037074557873754	-0.0005095583009412	1.3745228415343346e-05	2.596496620581844e-07	-0.0024630970244929	-6.976890704009971e-05	6.066846952065777e-06	4.867700389570075e-09	-0.002383577957215	-0.0003927394760612	5.681443878121232e-06	1.542442960568259e-07	0.0	0.0	0.0	0.0	0.0	0.0	0.0	0.0	0.0	0.0	0.0	0.0	0.0	0.0	0.0	0.0
6456.930286255424	-0.3718316837912425	41691948.72156255	0.1382588010710305	5232.861891908999	1.5979067201960788	27382843.579793423	2.5533058864477898	4578.112252163222	-8.307180148369298	20959111.79340701	69.00924201746095	4505.170582716378	6203.122688526446	1.260409	34.062378	0.0647120822572595	0.036883716053205	0.0056391732	0.0360316224	0.0169095535	0.0615234181	-0.0575926163	0.0482844134	-0.0174252924	0.0003780168	0.146566577	-0.1108127829	-0.0139744954	-0.0803256817	0.0617214796	-0.0774750832	0.0058821031	-0.0159295193	-0.0306732924	-0.0153649237	-0.0716581262	0.0121415147	-0.0239145258	0.047788667	-0.0637902514	-0.1130454118	0.0378295223	0.0366924553	-0.0783576221	-0.0308341326	0.0062127219	0.0970880641	-0.1065174177	-0.0327483611	0.1056637308	0.1315625251	-0.0665288212	-0.1589468271	0.0031184504	-0.0175543655	0.0256634021	0.0405517066	0.060897227	0.0218827191	-0.0485376421	-0.0253315026	-0.0702528504	-0.0541727574	-0.0061155402	0.1029565629	0.0177433279	0.0669601913	-0.1151591283	0.0556682599	0.0706432526	-0.0066067394	0.0869813837	0.0176808872	0.0882067733	0.1694199389	0.0379289492	-0.1237895986	-0.0498705103	0.0059910995	0.1090900419	0.0233861399	-0.1368559385	-0.0212528473	-0.0449170636	0.0558491648	0.0343504166	-0.0740227707	0.0232925296	0.0211915382	-0.0445365674	-0.0709373581	-0.0453172359	-0.0495810305	-0.0232227687	-0.0433809665	0.0325467042	-0.0440228271	-0.0772420335	-0.1044991011	0.0155975495	0.0387629225	-0.0209767202	-0.0839772559	0.0091238978	-0.0328543465	-0.0333191776	-0.0105507165	-0.147479479	0.0310972353	-0.0219287539	0.0430437897	-0.0100328464	0.053621697	0.0136021935	-0.0183831945	-0.1157423686	-0.0026980995	-0.074847128	0.1454088644	0.0077910886	-0.0130556624	-0.1373964018	-0.0587026223	-0.0381509814	0.0235275638	-0.0053416915	0.023114188	0.0728323989	-0.0017456067	-0.0075236786	-0.0250240568	-0.0139740511	0.0284211259	-0.0116555562	0.1630813838	0.1048631601	-0.0187711335	-0.0394725487	0.0054515751	0.0650784566	0.0266361822	-0.0465883552	-0.0875872912	0.1492610362	0.0293535564	0.0414106558	0.2599191509	0.0485643144	0.0125326107	0.0641510589	-0.0979788579	-0.0337839199	0.0086338003	0.0574376447	0.0862171762	-0.0103400315	0.0063574962	-0.0072186539	-0.0018785389	0.0465155528	-0.0335309181	-0.0070697997	0.0001752729	0.0018595734	-0.0060013597	-0.0742034896	0.0350235637	0.0125367791	-0.0055196061	-0.0325692742	0.0501937457	0.057410674	0.0753644235	0.0222248208	0.0381402919	0.0100414165	-0.0293627041	-0.0902104063	-0.0219411997	-0.0068234385	-0.0526937768	0.0522833605	-0.0014009781	0.0296064528	-0.1211255148	-0.0130704819	0.0016695329	-0.0944816852	0.0912601531	-0.0859720514	0.0787371281	-0.0697192167	-0.0901400518922628	-0.0025778155461609	0.0081252289551398	6.645132990028847e-06	-0.0599945768165497	-0.0074429337023218	5.539726209715909e-05	0.0035993492473968	0.1742062999818188	-0.0239188609748167	0.0303478349533554	0.0005721119103326	-0.0032664902582231	0.0004409655291522	1.0669958607066414e-05	1.9445059790056786e-07	-0.0023919524507014	7.114457379149997e-05	5.721436526416433e-06	5.061550379974185e-09	-0.0024869172949504	-0.0001033393377354	6.184757631923415e-06	1.0679018723591069e-08	0.0	0.0	0.0	0.0	0.0	0.0	0.0	0.0	0.0	0.0	0.0	0.0	0.0	0.0	0.0	0.0
6450.78210514084	-6.148181114584077	41612589.76800529	37.8001310177283	5238.839064986618	5.977173077619227	27445434.74882986	35.7265979998161	4579.359649381876	1.247397218653532	20970534.798386894	1.5559998211045676	4506.760137211993	6061.877142360739	1.265469	34.199127	0.3092171596161361	0.168399269609121	-0.0491179959	-0.0285555817	0.0645953506	-0.0258245937	0.0355261875	-0.0509624914	-0.0334605907	-0.0824857998	-0.0418442704	-0.0175288407	-0.0036748474	0.1403069587	-0.0607133778	0.0335714214	-0.1439498211	0.0399248588	-0.0191297135	0.0455648012	0.0269274043	-0.0567337421	-0.0329181643	0.0032560792	0.1092874041	0.0821599292	-0.0080940354	-0.0577298716	0.0216033185	0.1111772847	0.0588421716	-0.0700168001	-0.0418137079	-0.0066670797	0.0619384145	0.0324882884	0.003351965	-0.0094846068	-0.0720225161	-0.172288439	0.0567519692	-0.1502805888	0.0104429491	0.0020117696	-0.0398897603	-0.1115436942	-0.0071373584	-0.0075905821	-0.0650204912	0.0179311293	-0.017550648	0.0176465557	0.1197835773	0.0820007767	0.0165379951	-0.091481885	-0.1208228384	0.0422682196	-0.0756281659	0.0543957606	-0.0183400717	0.0746443054	-0.0759132349	-0.0911006301	0.007415306	-0.0645827684	0.0374716152	0.0365124602	0.0255785028	0.109450787	-0.0608578195	-0.1231729259	-0.0084079477	-0.0236026182	0.0863868246	-0.0089299807	-0.0527422012	0.0825490335	-0.188653464	0.0553482059	-0.0045273481	0.031203718	0.0979255127	-0.0489035502	-0.0396107938	0.0196035535	0.0689556493	0.0175885911	-0.0624515087	-0.0186627812	-0.0129844898	0.0191523055	0.1375453949	0.0160047921	0.0312031621	0.0351788325	-0.1091487797	-0.0633833393	-0.0224491658	0.0493211657	0.0078843487	0.0048260604	0.0389676981	-0.1064478009	-0.031833183	-0.0715648014	-0.1186974445	0.1363182271	-0.0590427901	-0.0462714274	-0.0205627947	0.0927032723	-0.0495828016	0.1268790711	-0.0203787759	-0.132156976	0.0683552076	-0.0058443505	0.0134580367	0.0902193179	-0.0561018489	0.0165752484	-0.0796338915	0.0080802148	0.0582478798	-0.070121051	0.0498083736	0.1067284724	0.0162458295	-0.1433683538	-0.0346019065	-0.0118047757	0.0070133837	0.0223387445	0.0889590812	0.0281765127	0.0225078674	0.0229495033	0.033322014	-0.1634688324	0.0227351029	-0.0542452029	-0.0084131028	-0.1486266525	-0.0293699377	-0.1259832053	-0.1348574033	0.0058577957	0.055554821	-0.0133843337	0.040447517	-0.0227320596	-0.0698395198	-0.0551517297	0.0188182768	-0.0764695187	0.1082661707	-0.1217835969	-0.0204262872	0.0481012191	0.0067439755	-0.0838788821	0.0496858729	0.0126070284	-0.033034105	0.0639180195	-0.1063385802	-0.0206940885	-0.1560397073	-0.0084557228	-0.0190508765	0.0190924492	-0.0946776645	0.0920359983	-0.0876876832	0.081713351	-0.0742237856	-0.0936446826675876	-0.0035046307753247	0.0087693265919131	1.2282436871353702e-05	0.0377723194114878	0.0977668962280375	0.0095583659980638	0.0014267481137234	0.2810696467013827	0.1068633467195638	0.07900014629684	0.0114197748721057	-0.0044131338764556	-0.0011466436182324	1.9475750611520028e-05	1.3147915872333184e-06	-0.0031014009210794	-0.000709448470378	9.61868767327215e-06	5.033171321216841e-07	-0.0023213636656967	0.0001655536292537	5.38872926841682e-06	2.740800415907157e-08	0.0	0.0	0.0	0.0	0.0	0.0	0.0	0.0	0.0	0.0	0.0	0.0	0.0	0.0	0.0	0.0
6455.190343246683	4.408238105843338	41669482.36754523	19.432563197809262	5266.745917878327	27.906852891709605	27738612.563488025	778.7924383195207	4579.009151161688	-0.3504982201875464	20967324.806422487	0.1228490023546377	4508.025138664657	6109.955836025578	1.01764	27.501574	0.2015194105710921	0.1124256093323364	-0.0325547656	0.0059056078	0.1085792801	-0.0253201463	-0.0075730454	-0.0574859578	-0.0908577594	0.0215293633	-0.0266423975	0.0034073318	-0.0666306358	0.008168628	-0.0572380085	-0.0494540863	-0.0540040599	0.035341418	-0.0411054544	0.1191064518	0.0180425837	0.0040956456	0.015306407	-0.0082126385	-0.0267201335	-0.0254843206	0.0635576983	-0.0017369685	-0.0500794895	0.0258165349	0.0392980947	0.0055992392	0.0241887474	0.0387801949	-0.0020439324	-0.0289959754	-0.0695477812	-0.0059608493	-0.1100450491	0.0388153114	-0.097946477	-0.0432008498	-0.0215495036	0.0407525156	-0.0721936123	-0.0692694151	0.0171842766	-0.0513571297	-0.0615619269	-0.0687578928	-0.1089796841	-0.0498693986	0.0028657001	0.0527490433	-0.100595931	0.043857622	0.0900907758	0.1255641317	-0.0222726305	0.0179477295	-0.0311826666	-0.1034663502	-0.0170654192	0.0578909607	0.0891694955	-0.0187245316	0.109078637	0.0480701013	0.0083993637	-0.0303877398	-0.1305678982	0.034576397	0.0217292022	-0.043460513	-0.0588681781	-0.0395805462	-0.0677515141	-0.0092321744	0.0212721284	0.0303804127	0.0271144492	0.1174344905	-0.0658706018	0.0764411746	-0.0293238097	0.024770823	0.1277530852	0.0126625055	0.0218979495	0.0248849931	0.0266248768	0.0048990646	-0.0400501999	0.058885422	-0.0185837315	0.0596171381	-0.0680787979	-0.0523352971	0.0264115214	-0.0682362799	-0.0349868611	0.0386397142	-0.007267917	0.068107249	-0.1275320233	0.0833363788	0.0821273726	-0.0403804316	-0.0097987129	-0.0933799273	-0.0320236909	0.0762959962	-0.0050016432	0.0797498501	0.0066944271	-0.0751501284	-0.0335298542	0.0378030283	0.0813162441	-0.010566955	-0.0351364883	-0.0915208332	0.0647095442	-0.0120924376	-0.0405683882	0.0513388103	0.0605094408	0.0328530114	-0.0105304326	0.0382074273	-0.1706985258	0.0637188176	0.0537994713	-0.0436143872	0.0665100825	-0.142545033	0.0271338106	0.0725730863	-0.0847550272	-0.0956652481	0.0636775401	0.0829052643	-0.0636400355	0.0518203343	-0.0560521831	-0.0311697713	0.0396274407	-0.0552303237	0.0363540931	-0.0073500246	-0.075530183	0.0226238366	-0.0548081069	0.0484807636	-0.0001505614	-0.0896280663	0.1177760168	-0.0747227122	0.008893821	0.041704517	-0.0133431568	-0.0572318023	-0.0337944492	0.0542935436	-0.0738328128	-0.01700901	-0.054690653	-0.0366547688	-0.1006305302	-0.0648779955	0.0489198451	-0.0341359358	-0.094854161	0.0927360906	-0.0892409375	0.0844206031	-0.0783466667	-0.1186072155735473	-0.0249625329059596	0.0140676715861099	0.0006231280490811	-0.0608431642352655	-0.0986154836467533	0.009725013614883	0.0037018906341594	0.2483759424123235	-0.0326937042890591	0.0616906087692098	0.0010688783001404	-0.0039480690395586	0.0004650648368969	1.5587249141121164e-05	2.162853025180331e-07	-0.0028312714680152	0.0002701294530641	8.016098125596947e-06	7.296992141276379e-08	-0.0021516041610715	0.0001697595046251	4.6294004659401934e-06	2.8818289410593275e-08	0.0	0.0	0.0	0.0	0.0	0.0	0.0	0.0	0.0	0.0	0.0	0.0	0.0	0.0	0.0	0.0
6449.210226373643	-5.9801168730400605	41592312.54396238	35.76179781521843	5249.967134150752	-16.7787837275755	27562154.90966306	281.52758337675243	4584.939007420248	5.929856258559994	21021665.70176377	35.163195247183126	4510.7402632854	6069.472389592023	1.029143	27.812433	0.1402553079459442	0.084824100315866	-0.0460811299	0.0029259035	0.0136102721	0.0216260617	-0.0082319251	-0.0490629035	0.0426213253	-0.003534883	-0.1520599699	-0.0831907172	-0.0141430984	0.0421261352	-0.0020438927	-0.0027372373	-0.0537349193	0.054131492	0.0418685919	-0.0190995691	0.0594209331	0.0636791578	-0.0574997836	0.0112426999	0.0140587671	-0.0795496412	0.0444515053	-0.0985729206	-0.0343309116	0.0582153449	-0.0551880708	0.0100600358	0.0074620765	-0.0008916902	-0.0766890702	-0.0031515666	0.0140046951	0.0177882884	-0.0929186268	-0.0248379717	0.0043071964	-0.115135877	0.0153209268	0.1101927098	0.0140753013	-0.0034412786	-0.0770574661	0.0497541099	0.0574466644	-0.016390562	-0.0273727062	0.0190866861	0.0083103258	-0.017964992	-0.0617718126	0.0076181948	0.0534231254	0.1140786761	-0.0417660606	-0.0397677488	-0.0604876177	0.013203387	0.0719110246	-0.0200383803	0.045012814	0.0642161923	-0.0094460085	0.0288648841	0.03567728	0.0084010368	0.0267318673	-0.0281144297	0.0651761182	0.0689959836	0.088721801	-0.0573932295	0.0907372755	0.0165039239	0.0263852253	0.0005743906	-0.0763692029	-0.0637496763	-0.0929058178	0.0469221155	-0.0461699631	-0.0258039055	-0.0368296799	0.0989750439	0.0136634155	-0.0835597987	-0.0181254808	0.0606021377	-0.0386184498	0.0698762021	0.0877342062	0.078827035	0.0191425824	-0.0716090952	-0.0696849666	0.0136110211	0.0086826584	0.0555746256	0.0309349327	-0.0451485778	-0.0570990484	-0.0403802419	0.0499410413	0.0641170575	-0.0037301301	0.0370919219	0.0412309972	0.0838413707	0.0459650141	0.0502973416	-0.0335141477	-0.0813132312	-0.1213313667	0.0437872198	-0.0088047997	-0.0111909636	-0.0262033863	-0.0714834489	0.0504048401	0.0493699966	-0.0567636289	0.0556087638	0.0574775492	-0.0015317021	0.0056078027	0.0095963997	0.0331407593	-0.0961089986	0.054166868	-0.0074865165	0.0814622564	0.0324689726	0.0900747459	-0.0924792436	0.0428542864	-0.0148729415	-0.0218699429	0.0129318472	-0.0171873526	0.0225384503	0.0671997539	-0.0010448015	0.0325732389	0.098115204	0.0493145721	-0.0160358875	0.006615193	0.0184395562	-0.0712956878	-0.0544534794	-0.058991603	-0.130123378	0.0205022875	-0.0014934794	-0.0177545967	0.0192876005	-0.0247035413	-0.0867685372	0.0457443878	-0.0179167309	-0.0749054587	0.1079558338	-0.0249666628	-0.0358488876	-0.1721590174	-0.0337015587	0.0636984328	0.0156769715	-0.0950111383	0.0933598536	-0.0906289382	0.0868499729	-0.0820666583	-0.1057392080792993	0.0128680074942479	0.0111807801252373	0.000165585616872	0.0126262497473703	0.0734694139826358	0.0053977547909519	0.0001594221826829	0.2855576563106439	0.0371817138983203	0.0815431750776278	0.0013824798484165	-0.0041063531408802	-0.0001582841013216	1.6862136117616682e-05	2.505385673118662e-08	-0.0027442844137748	8.698705424040011e-05	7.531096943687298e-06	7.566747605422311e-09	-0.0020621518652187	8.94522958528e-05	4.252470315224963e-06	8.001713233336862e-09	0.0	0.0	0.0	0.0	0.0	0.0	0.0	0.0	0.0	0.0	0.0	0.0	0.0	0.0	0.0	0.0
6437.171853155467	-12.038373218176275	41437181.46705699	144.9224297401038	5259.338742178457	9.371608027705406	27660644.00497928	87.82703702495242	4576.797931896349	-8.141075523899417	20947079.30941069	66.27711068583417	4505.442966058213	6060.39038122268	1.027501	27.768059	0.19584205955255	0.1303842184518755	-0.0411228037	0.0091141203	0.0026420302	-0.0094798814	0.0230071749	-0.0024213364	0.0617416204	0.0186237697	0.0195921389	-0.0466680281	-0.0586990347	-0.0096368835	-0.0602236767	0.007398529	-0.0210441041	0.0254217644	-0.0448779758	-0.0316368224	-0.0210780335	-0.0174378004	-0.0305650946	-0.0414351431	-0.0831860623	0.0538833224	0.1389167103	-0.0830487224	-0.0401235591	0.0344402029	0.0313421838	-0.0163392572	-0.0661253635	-0.0795959213	-0.0449840542	-0.0712711092	-0.0636388502	0.006963325	-0.0996800344	-0.0942719058	0.0202991154	-0.041153173	-0.0674881963	0.0225127345	-0.0127532575	0.013547297	-0.0428918353	0.0255285746	0.0667446329	-0.1001200782	-0.064325588	0.0213737509	0.0084332908	-0.0335646002	0.0443134202	0.0047225758	0.0131410926	0.0172168859	0.1211977926	-0.0179414274	0.0025111085	-0.0016107962	-0.1024701452	0.1173949986	0.0181534264	0.0885837639	0.0762208646	0.0741516514	0.0157129607	-0.0552689829	0.0503057247	0.0302017348	-0.0893141431	0.0285473864	0.021346199	-0.1477370424	0.0376776776	0.002967095	0.0551225924	-0.0050144123	-0.0409994249	-0.0742448475	-0.1067782203	-0.0640302539	-0.0136699655	0.0480118255	-0.0270919775	-0.0286046074	-0.027293045	-0.0009798226	0.0858533552	-0.0728540016	-0.0108167967	0.1197780866	0.0392808266	0.0543609988	-0.0384285646	0.0098203861	-0.0424860996	0.1398957458	0.0234403736	-0.0031259702	-0.0338563077	0.0059174046	-0.1135343858	0.0382253096	0.0644221975	0.0412047491	-0.06770832	-0.0660667445	-0.0464725471	-0.0124289911	-0.0144766775	-0.0409249711	-0.0152187073	-0.1058968678	0.0434189247	-0.0081454083	0.0102911761	-0.0364311925	-0.1340718111	-0.1194419601	-0.0582629894	0.0270050035	-0.0179150048	0.0152471022	-0.0940108735	-0.0219709119	0.0402917152	0.0471162539	-0.0778252145	0.0739968003	-0.0655021592	-0.057627675	0.0459607546	0.0104834595	-0.0388328505	-0.0072169338	-0.0072197876	0.0268667254	0.0057022473	0.0816094124	-0.0206976181	-0.0057247196	0.0910077948	-0.0725068318	0.0947921925	0.141794835	0.0345553982	-0.0220387817	-0.0332492939	-0.0146882843	-0.0515466415	0.083733544	-0.0482781886	-0.0128561118	0.0492535152	-0.0285602399	0.0500135214	0.0074234707	-0.0315566529	-0.1310419253	-0.0261606889	0.0459297582	-0.0437203862	-0.0065662563	-0.0485165843	-0.0943620276	-0.1260706699	-0.0543150861	0.0677920317	0.0587269467	-0.0951485642	0.0939067741	-0.091849115	0.0889934638	-0.0853646308	-0.1045905430088964	0.0011486650704028	0.0109391816868958	1.3194314439636968e-06	-0.1026222938841101	-0.1152485436314803	0.0132822268091772	0.0105313352020366	0.2544660821781122	-0.0310915741325317	0.0647529869790777	0.0009666859820387	-0.003296034660437	0.0008103184804432	1.086384448280205e-05	6.566160397477766e-07	-0.0028330044079978	-8.871999422300006e-05	8.025913975734966e-06	7.871237374929164e-09	-0.0021301789249152	-6.802705969649993e-05	4.537662252152877e-06	4.627680850951165e-09	0.0	0.0	0.0	0.0	0.0	0.0	0.0	0.0	0.0	0.0	0.0	0.0	0.0	0.0	0.0	0.0
6408.5951269964535	-28.57672615901356	41070091.50176269	816.6292779672499	5198.183201768663	-61.15554040979441	27021108.59914991	3740.000122813997	4572.709723605578	-4.088208290771036	20909674.216357	16.713447028729032	4499.159534018481	5972.4879976905895	1.033328	27.925533	0.1430006966168293	0.0920797926602661	-0.046909799	0.0588280786	-0.0673157806	-0.0784956879	-0.0006989768	-0.0155074762	0.0927056353	-0.1523285654	-0.0760055676	-0.0284782653	0.0119517418	-0.0093887657	0.0475655949	-0.0522722086	-0.0372024299	0.0395487384	-0.0367353964	-0.0151935532	0.0349204005	0.0792823316	-0.1119156294	-0.0511089596	-0.0280145241	-0.0793803955	0.0477299323	-0.0805093643	-0.0315665804	0.0723247921	-0.0223135226	-0.0082824658	-0.0304139349	0.0207429997	-0.0260628522	-0.0012226482	0.0267838168	-0.0126259811	-0.0291332263	0.0604524555	-0.0308647615	0.0238639891	0.0159665538	0.1462998517	-0.0298449053	0.0808562715	-0.0161388331	0.0601491109	-0.0675784707	0.0405842043	-0.0423111832	0.1233095429	0.0721451098	-0.0970618798	-0.0036374261	-0.1266583889	-0.1304234609	0.0538836346	-0.0151180571	0.0902195993	0.088479946	0.0102935958	0.013119258	-0.0251906232	-0.0562575046	-0.0409815206	0.0008211756	-0.0297678554	-0.021122558	-0.0324822428	0.0506485756	-0.0065902428	0.00967094	0.0368438676	-0.0406444737	0.0365897794	-0.021194234	-0.0074285948	0.0307839362	-0.0417314899	-0.0163401905	-0.0656929792	0.0554579554	0.0647827141	-0.0285427083	0.0442563409	-0.0288610265	0.0767218809	0.0072251147	-0.1403477892	0.0576849584	0.0319438173	-0.0604345817	0.0521607675	0.0558381699	0.0538869211	-0.0635446779	-0.0545729467	-0.0136810103	0.0134770017	-0.0362076057	0.0305601429	-0.0216500704	-0.0282100427	0.0322597523	-0.0672484351	0.020447447	-0.0670431975	-0.0215965701	0.0794452871	0.0489657263	0.0795724814	0.0966616078	-0.0521537765	0.0558089088	-0.1011022729	-0.089063446	-0.0178765717	0.0645989669	-0.0469441876	-0.037283926	0.0705642609	-0.0590054185	0.0803116314	-0.0078903605	-0.0063450468	0.1162256251	0.0049922149	-0.0155426557	-0.0029344488	0.0301118262	0.0609817348	-0.1084546351	-0.007877429	0.053994793	0.0761244573	-0.0162925137	0.0173116746	0.0021767346	0.0620333588	-0.0347185599	-0.0042469369	-0.019172823	-0.0612870421	-0.0553744166	0.0442007666	-0.0081207563	-0.0448687929	0.0449366473	-0.0345174268	-0.0227141885	0.031011579	-0.0766040121	-0.0332007195	-0.0355740228	-0.0941649544	0.0441891842	0.0511594157	0.0486098783	-0.0062903682	-0.0358411928	-0.1687273754	0.0091594604	0.0290737161	-0.0774578311	0.0328660186	-0.0416406459	-0.0150694676	-0.1475221982	-0.012206243	0.0618626628	0.0127410732	-0.0952664105	0.0943764019	-0.0928992083	0.0908440203	-0.0882236248	-0.1023632731887289	0.0022272698201675	0.0104782396979103	4.9607308518290005e-06	-0.0235121340831483	0.0791101598009618	0.0062584173837337	0.0005528204491439	0.2933425519180872	0.038876469739975	0.0860498527658157	0.0015113798994431	-0.0036047402191191	-0.0003087055586821	1.2994152047334815e-05	9.529912196122748e-08	-0.0028319149048601	1.0895031377000303e-06	8.01974202836879e-06	1.1870170870582117e-12	-0.0022761198082099	-0.0001459408832947	5.180721381325472e-06	2.12987414168373e-08	0.0	0.0	0.0	0.0	0.0	0.0	0.0	0.0	0.0	0.0	0.0	0.0	0.0	0.0	0.0	0.0
6427.358832125529	18.763705129075788	41310941.55690205	352.07663017090505	5202.692654079861	4.509452311198402	27068010.852816552	20.33516014697261	4575.594397578366	2.884673972787823	20936064.09115053	8.321343929279482	4500.632686407044	5915.8596138332205	1.130805	30.559853	0.1841252234335148	0.1036161988438342	-0.0221567078	-0.0024609563	-0.101124055	0.0211749777	0.0813545049	-0.0197354746	0.0892781086	0.0646176896	-0.0477220847	0.0790950259	0.1763768708	-0.0903145087	-0.0681843982	0.1364234333	-0.0551658405	0.0450112099	-0.0415197278	-0.0602728129	-0.0186637311	0.1125489253	0.0917788383	0.0201668406	0.0481604789	0.0928244524	0.1399752964	-0.0050540853	0.0096349344	0.1092838483	-0.0212325029	0.0189045031	-0.0732419936	0.0144327083	0.0196183075	-0.0708232173	0.121615973	0.0993731996	-0.0132367611	0.1173612296	-0.0032892343	0.0025413077	0.0722851982	-0.0087405558	-0.0162322149	0.0329713804	-0.0260128277	-0.0704177344	0.0132083448	0.0283655885	0.2022600327	0.0115151629	0.0635434888	-0.0403946553	0.0905220984	0.1407964102	0.0739407918	-0.1008199078	0.0265477246	-0.0488544484	0.1296595808	0.0923412621	0.0376571718	-0.0129488926	-0.0285604147	0.070049093	0.0484799092	-0.01045169	0.0708833091	0.023968278	-0.0567366732	-0.0069923384	-0.0156839689	-0.0981327941	-0.0181481541	-0.0011082664	-0.0496743041	0.0051071724	-0.0496183818	-0.0440686027	-0.010019565	-0.0955706638	0.002047308	-0.12621467	-0.0514868062	0.0541660129	-0.0867255521	0.0097388356	0.1318233474	0.0588673195	-0.0248976838	-0.0351246289	0.086021347	0.131248124	-0.011853987	-0.0092546885	-0.0441086031	-0.0987204149	-0.0811807303	0.0625096057	-0.0367230904	-0.0763362043	0.0782594869	-0.0085788438	0.069444795	-0.1052703555	0.0824997382	-0.0227292191	-0.007702528	0.0199738768	-0.022193079	0.0535639382	-0.0348471406	-0.0678816151	0.0949126067	0.0970007912	0.0057774517	0.0284462113	-0.1166794376	-0.0424485488	0.0105875794	0.0697766947	0.0121825496	-0.0611528808	0.0305119693	0.1804739968	-0.1550722715	0.0318654043	-0.0418575278	-0.1046504429	-0.0163921493	-0.0159145244	-0.013918432	-0.0325976569	-0.0520510194	-0.0162381941	-0.0284654055	-0.0698256305	0.0618539447	-0.0640026184	0.0517881023	0.0467860335	0.0362269694	0.0172082131	-0.0030735961	0.0337398363	-0.0352011213	0.0331468443	0.0155089442	-0.0071620462	0.0457069326	-0.0984645425	-0.0337084548	0.0431144869	-0.1166516141	0.0062192265	-0.0558795696	0.0003892081	0.0175590309	-0.0024292478	0.017219686	0.0348426559	-0.0231664735	0.1488344479	-0.0228634849	-0.0250043998	-0.0519944965	-0.0056405432	-0.1000002811	0.0468662397	0.0232924069	0.0609367538	-0.0953646527	0.0947683504	-0.0937772737	0.092395551	-0.0906289382	-0.1016598869434517	0.0007033862452772	0.0103347326133553	4.947522100451596e-07	-0.0942722720809428	-0.0707601379977945	0.0050069971294669	0.0088872612833033	0.2298479439658791	-0.0634946079522081	0.0528300773453419	0.0040315652390046	-0.0031910786177871	0.0004136616013319	1.018298274489803e-05	1.711159204165544e-07	-0.0023760575602675	0.0004558573445926	5.645649529704344e-06	2.0780591861901665e-07	-0.0021622969293698	0.0001138228788401	4.675528010762066e-06	1.2955647747448096e-08	0.0	0.0	0.0	0.0	0.0	0.0	0.0	0.0	0.0	0.0	0.0	0.0	0.0	0.0	0.0	0.0
6456.2305233696	28.871691244070465	41682912.570889294	833.574555292935	5248.523887577763	45.83123349790185	27547002.9984744	2100.5019639392003	4584.120116391678	8.525718813311869	21014157.24150685	72.68788128365995	4509.678859963284	6066.428118786704	1.043997	28.213882	0.0391939057253084	0.0230693500810206	-0.0325788003	0.0123642439	-0.0069074137	0.0844939611	-0.0201633822	-0.0432111335	0.0027823269	0.0996383971	0.006161108	-0.0424787461	0.027982222	-0.1276340202	0.0099438745	-0.0353915291	0.04641967	0.03738701	0.014540656	0.0051349062	-0.0493852142	0.0463408356	0.1220648998	-0.0036660508	-0.0186121829	-0.1315934232	0.0647761757	0.0529873928	0.0006662408	-0.0574530374	0.0684889436	-0.0324853659	-0.1030540184	0.0618096677	-0.0888113546	-0.0261569435	0.0453955187	-0.0121415066	-0.0511185234	-0.0397161242	-0.0054513741	-0.0460011879	0.0670365993	-0.0015823774	-0.0275353904	-0.0356838763	-0.0617374481	0.0620671097	0.0154927429	-0.0486824296	-0.0443975387	0.0329237418	-0.1001894162	0.0412864553	0.0737474915	0.0150811913	-0.0400988699	-0.1319430952	0.0046396729	-0.0374758917	-0.0910275771	0.0885251623	0.012088588	-0.0033960516	0.0508769687	-0.0007339811	-0.0085567301	0.1001997598	0.032025161	0.0653381968	-0.0076794748	-0.0751077667	-0.0095793518	-0.0198737892	0.0192094399	-0.0106776835	-0.0234940535	-0.0362617924	-0.094273345	-0.0472659117	-0.0082345712	0.092754187	0.0307723852	0.0866772726	-0.0478226587	-0.0113053075	-0.0171008796	-0.0247518224	0.0978441718	0.0880104572	-0.0348267823	0.0668737151	-0.121697421	0.0579470294	-0.0367175164	-0.00859974	-0.0902054681	0.047665848	0.0576514476	0.0195164427	-0.0403353086	-0.0105693358	0.052191595	0.0142360489	0.0121195136	-0.0629063789	0.0971026366	0.0537577617	0.0251456554	0.0720648695	-0.0039968052	0.0586848054	-0.0218657103	-0.0200835704	-0.1075034549	-0.0624385543	0.0562305553	0.0119553757	0.0351599174	0.0874692536	-0.0853173092	0.01180029	-0.0258072976	-0.0100752412	-0.0078781461	-0.0390857546	-0.0263201806	-0.1021243816	0.0386887835	-0.0470146259	0.0099438763	-0.0489619801	0.1200749952	0.0296291783	-0.1465019403	-0.0472817728	-0.0006247417	-0.04093509	0.0686721333	-0.0381263514	-0.0958806708	0.0497670426	0.0509530894	0.0271833424	-0.0066476003	-0.0853420173	0.0231739712	0.0050837241	0.026198006	-0.0143552217	-0.089104742	0.0181481667	-0.0089254464	0.0343542551	-0.1024902278	0.004244173	0.0475171147	0.0642360987	-0.0386997981	0.0629752105	-0.0124999127	0.0319069001	-0.0887800989	-0.0009824125	-0.0195424677	-0.0182625157	-0.067219573	-4.66341e-05	-0.0896352376	-0.0309477208	-0.0003847187	0.0556103565	-0.0954432708	0.0950822971	-0.0944816852	0.0936429488	-0.0925682019	-0.1033165174258385	-0.0016566304823868	0.0106743027730035	2.744424555173133e-06	-0.0739754324253993	0.0202968396555434	0.0004119617000028	0.0054723646025248	0.2206430185371459	-0.0092049254287331	0.0486833416291833	8.473065214853892e-05	-0.0033010645393413	-0.0001099859215542	1.089702709289659e-05	1.2096902940126652e-08	-0.002341911816289	3.414574397850008e-05	5.484550955274042e-06	1.1659318318452747e-09	-0.00217887546701	-1.6578537640199887e-05	4.747498300738045e-06	2.7484791028752445e-10	0.0	0.0	0.0	0.0	0.0	0.0	0.0	0.0	0.0	0.0	0.0	0.0	0.0	0.0	0.0	0.0
6467.24848503769	11.01796166809072	41825302.9672223	121.39547931951644	5210.377589246962	-38.14629833080107	27148034.622526985	1455.1400763424767	4591.420272788463	7.300156396785496	21081140.12137289	53.2922834175282	4517.2580282189565	6169.653926750641	1.182878	31.967102	0.1724022098092146	0.0935953709167478	0.0479234198	0.0125588054	-0.0344891389	0.0999910023	0.0296909534	0.045925904	0.0431425096	0.0877002323	0.0248737165	0.0012086492	0.0509999037	0.0095854189	-0.0204149014	0.0260987023	0.0081632746	-0.0130848175	0.0670492799	-0.1120832929	-0.0269282574	-0.0246615895	0.0780043471	0.0309320038	0.1006566739	-0.0881850577	0.0029659603	-0.0202263654	-0.0148233245	0.0332040697	-0.0349038583	0.0092842964	0.0361934533	0.0311637191	-0.0625833738	0.0532876293	-0.0595964473	-0.0204687525	0.0183041814	0.1422915991	0.081665948	-0.0251336047	0.0015982086	0.0054531682	0.0439167209	0.1002818543	-0.0081475621	-0.0801713112	0.0336182491	-0.031872358	-0.089560269	-0.080377934	-0.001995245	-0.0159433676	-0.0708022961	0.039884263	-0.010090514	-0.0013450128	-0.1291179809	0.0135065362	-0.0675666766	0.0168699525	0.0675023427	-0.0234515278	-0.090658706	0.084490566	0.0656776265	-0.0600829763	0.0143610463	0.1170889902	0.0369771806	-0.0077026481	0.0024923135	0.0265028603	0.0859418379	-0.0097701396	0.0562468476	-0.0628444526	-0.0347470011	-0.0111890392	0.1161766144	-0.0098289689	-0.0489751735	-0.0982934989	0.0099660578	-0.045413895	-0.1129756043	-0.0367309824	-0.0056611022	0.0566499758	-0.1011498878	0.1175639843	-0.010790019	0.0198081486	-0.00437058	0.0273158696	0.0398297466	-0.0078145297	-0.0362258852	-0.0160441239	-0.0122027644	0.1103545016	-0.0500779707	-0.0214900727	0.0292460095	-0.0899691554	-0.049604207	-0.1063967034	0.0100287052	0.0173795407	-0.0123531708	-0.0245734546	-0.0172292923	0.0318144718	-0.0171856854	0.1261338947	-0.0398609133	0.0840808465	0.0892754642	-0.0860612891	0.0622812589	-0.0635453304	0.0420214393	-0.0541396746	-0.056742478	0.0341485479	0.0353155219	-0.0178995766	-0.0536908848	-0.0390462749	0.0377476815	-0.0936976565	0.0241627319	-0.0223851863	0.0298613476	0.0667484846	0.0064268835	-0.0454278602	-0.0307935576	-0.008779672	0.0079906645	-0.0089846502	-0.0689792176	-0.0533419802	0.0240860916	-0.0457624591	-0.0127952903	0.1039258897	-0.0414515913	0.0018753444	0.0539187679	-0.04427211	0.0001593939	-0.0748687183	-0.0345689521	0.0808268052	0.0035234171	0.0690916253	0.0214941125	0.0280354009	0.0371049125	0.0789309365	-0.0518190442	-0.0412923152	-0.0047676884	-0.007749681	0.091881936	-0.0354718846	0.0128856023	0.0452672224	0.016718659	-0.0616868716	-0.0955022485	0.0953179834	-0.0950111383	0.0945821078	-0.0940314435	-0.0677005710842593	0.0356159463415792	0.0045833673251348	0.0012684956338062	-0.0343436046241834	0.0396318278012159	0.0015706817748652	0.0011794831785822	0.1435572113756364	-0.0770858071615095	0.0206086729379491	0.0059422216657414	-0.0035526714294514	-0.00025160689011	1.2621474285640255e-05	6.33060271508759e-08	-0.0024641945481975	-0.0001222827319084	6.0722547713662806e-06	1.495306652300608e-08	-0.0021513925189304	2.748294807959975e-05	4.6284897705096925e-06	7.553124351459755e-10	0.0	0.0	0.0	0.0	0.0	0.0	0.0	0.0	0.0	0.0	0.0	0.0	0.0	0.0	0.0	0.0
6453.384487894116	-13.863997143574124	41646171.34859241	192.21041679703148	5197.589154730903	-12.78843451605917	27014933.0213763	163.5440573715335	4587.1953615315015	-4.2249112569616045	21042361.28485612	17.849875129200885	4513.66423656392	6194.036807992196	1.223009	33.051651	0.3575613031220889	0.1753968125860075	0.0393912433	-0.0319970564	0.0381138865	-0.0601909941	0.101257628	0.0854073655	-0.0511545897	-0.0405071342	0.0790460757	0.0130233333	-0.0711082848	0.0117847381	-0.0156976552	0.0050923057	-0.0482544311	-0.0950235025	0.0341828364	0.0103794278	0.0649454705	-0.1282376402	0.0063014395	-0.1491438167	0.0043003936	0.1484343449	-0.0248445978	0.081327151	0.0733140607	0.079734085	-0.004261256	0.0710788169	0.0114344431	0.0028089664	-0.1412727884	0.0649671726	-0.1826795325	0.0038227209	0.0982317881	0.0354384471	-0.0356696016	-0.0309277038	-0.0568183098	-0.1085713588	0.0901186228	-0.1010778375	0.1434541261	-0.0433670859	-0.103957147	0.0077191537	0.061422325	-0.0799454642	0.0058104291	0.0493184074	0.098432666	-0.0682708101	-0.0004797858	0.0025123903	-0.0980330538	0.0424249162	-0.0518731834	0.0144260235	0.0497181543	0.0693736965	-0.1115550529	-0.0390742979	-0.1292204225	0.0372408552	0.0628376081	0.0183985478	-0.0191808937	-0.0464254457	0.0081950124	-0.0793630728	0.0957202377	0.0234175463	0.0295763319	-0.115822029	0.0357465302	-0.0245799765	0.0117059064	-0.0116013501	0.0452347446	9.99145e-05	0.089448707	-0.0463962732	0.0251514891	0.0040331846	-0.1311282583	0.084171709	0.1043680594	-0.0332584741	0.111036658	0.0026961649	-0.0802077066	-0.1511088947	0.0010859114	0.0282407313	-0.0806955459	-0.005179483	-0.0389041443	0.1598473436	-0.0082550446	-0.0746827709	-0.0362736825	0.1371800952	-0.0386442312	-0.108876448	0.0734824824	-0.0274746062	-0.0762163001	0.0145789402	-0.1004951625	0.1554728222	0.0759435112	0.2199344009	0.0181232655	-0.0768957317	-0.0024017486	0.0285084616	0.0871822006	0.1604350977	0.0187475801	0.009485267	-0.0444558533	-0.1448215818	-0.0192637138	-0.1146317473	-0.0546110254	0.0044306736	0.0057546127	0.0011105892	0.0144163951	-0.0486714096	-0.0153922074	-0.043147827	0.0500620436	0.0447398333	0.0693830163	-0.0491738903	-0.0692332774	-0.0026735134	-0.0175591769	0.0938659635	0.1172231995	0.0803167325	-0.0423937899	-0.0966424039	-0.0878601384	-0.0555000192	0.1154309805	-0.0640709713	0.1870526146	0.0538964799	0.1740029819	0.0317433277	-0.084370172	0.0643206108	-0.0425193714	-0.0490278118	-0.0536358079	0.0450530986	0.0336488149	-0.0848532656	0.0002754844	-0.0897377419	0.0748400414	-0.046955987	0.1337652307	0.1086513521	-0.0162912054	-0.0940066157	-0.0955415737	0.0954752155	-0.0953646527	0.0952099364	-0.0950111383	0.0541532742126378	0.121853845296897	0.0029325771079491	0.0148483596136401	-0.075156081781273	-0.0408124771570896	0.0016656582916979	0.0056484366287133	0.0711774443334292	-0.0723797670422072	0.0050662285818384	0.0052388306770841	-0.0019473311558051	0.0016053402736463	3.7920986303692263e-06	2.5771173941907777e-06	-0.0021269171879987	0.0003372773601988	4.523776724604297e-06	1.137560177026711e-07	-0.0026590791576032	-0.0005076866386727	7.070701966399743e-06	2.57745723086886e-07	0.0	0.0	0.0	0.0	0.0	0.0	0.0	0.0	0.0	0.0	0.0	0.0	0.0	0.0	0.0	0.0
6444.643004817292	-8.741483076823897	41533423.45954046	76.41352638239859	5222.398496726707	24.80934199580406	27273446.058613367	615.503450264767	4589.82124776816	2.6258862366585163	21066459.08646407	6.895278527872625	4517.264655618106	6068.72798161477	1.192094	32.216175	0.1741335446355572	0.0848973855725635	0.0812835263	0.041619368	0.0405622464	-0.0923938524	0.0211969139	0.062709637	-0.1245889798	-0.0158381801	0.0139107565	0.0694853818	-0.0188637619	-0.0626316274	-0.0129582731	-0.0714925767	-0.0062867624	-0.0935667746	0.0421136703	0.0728762595	0.0215279954	-0.0321916857	0.0380502015	-0.0981558757	-0.0097191706	0.0485578696	-0.0878514515	-0.0030415348	0.0091900407	-0.0033798219	-0.0660177696	0.0121087967	-0.0538982955	-0.0095397578	-0.0549409907	0.0230762936	0.0358141093	0.0598484978	0.0464470419	-0.1077623612	0.040492033	-0.004834675	0.0493836846	-0.0691792684	-0.0536537885	-0.0342027044	0.101684341	0.0504418085	0.0427118324	0.0644585368	0.1359633135	-0.0094685248	0.0563934696	-0.0109176818	-0.0726661247	0.0370485266	-0.0252770177	-0.0623614606	-0.033229572	-0.0500509862	-0.1062717439	0.0030403755	-0.0243606863	0.0294987179	0.1281505322	-0.0104549743	-0.0497886194	0.0576242236	-0.110284596	-0.0755546697	0.0040164025	0.0766015085	0.0152454232	0.0674715324	-0.0099218764	0.0310923034	-0.0455245743	-0.0172787637	0.0374739478	-0.0576309718	-0.0341150032	0.0201216387	0.0734165331	0.0274992092	0.0895285622	-0.0567218608	0.0723892133	0.0125126025	-0.0031488448	0.0667374408	0.0767875447	0.0241340675	0.0349035689	-0.0778153204	-0.0408550143	-0.0383053077	0.0454950385	0.0337928166	-0.0758410697	0.0741238657	-0.0357690968	0.030007651	0.0691608491	-0.0363725614	0.0240125876	0.0659367726	-0.0097046903	0.0877316356	0.0175940598	0.0376283018	0.0327053149	-0.0037132401	-0.0760737196	0.0014618774	-0.0278561557	0.0311675499	0.0045410855	-0.0279997797	-0.1406959236	-0.0137339202	-0.0097492689	0.1126852598	-0.0022910818	-0.0328234329	0.1254788769	-0.0288592829	0.0071577489	0.0752101172	0.0999721407	-0.0228321822	-0.0779549341	-0.0425039202	0.0722125068	0.1411357016	-0.0017130976	-0.0429912391	0.0428353838	-0.0254224634	0.0159992059	0.0596805208	0.0603322721	-0.025342195	-0.1436264498	0.0313344152	0.0103320726	0.0413828169	0.0768752046	-0.0564425235	-0.1180974985	-0.0358582092	0.0153720193	0.0621953851	0.1366624854	-0.0056495099	0.138634648	-0.0408362748	-0.0320429862	0.1077454367	-0.0902892671	-0.048091919	0.0050332054	0.1799254908	0.0143803543	-0.018062248	0.0307885167	-0.0519824408	-0.0031426069	-0.027399847	0.1034822884	0.1396448333	-0.0265922398	-0.0376734982	-0.0955612383	0.0955538639	-0.0955415737	0.0955243683	-0.0955022485	0.0346130343207562	-0.0195402398918815	0.0011980621448898	0.0003818209750322	-0.0093445300061887	0.0658115517750843	0.0043311603470446	8.7320241036561e-05	0.0414642514132879	-0.0297131929201412	0.0017192841452643	0.0008828738335095	-0.0026385900018689	-0.0006912588460638	6.962157197962522e-06	4.778387922614565e-07	-0.0024612104615422	-0.0003342932735435	6.0575569360047695e-06	1.1175199273642945e-07	-0.0025032600762415	0.0001558190813617	6.2663110093046e-06	2.427958611640412e-08	0.0	0.0	0.0	0.0	0.0	0.0	0.0	0.0	0.0	0.0	0.0	0.0	0.0	0.0	0.0	0.0
