global_signal	global_signal_derivative1	global_signal_derivative1_power2	global_signal_power2	csf	csf_derivative1	csf_derivative1_power2	csf_power2	white_matter	white_matter_derivative1	white_matter_derivative1_power2	white_matter_power2	csf_wm	tcompcor	std_dvars	dvars	framewise_displacement	rmsd	t_comp_cor_00	t_comp_cor_01	t_comp_cor_02	t_comp_cor_03	t_comp_cor_04	t_comp_cor_05	c_comp_cor_00	c_comp_cor_01	c_comp_cor_02	c_comp_cor_03	c_comp_cor_04	c_comp_cor_05	c_comp_cor_06	c_comp_cor_07	c_comp_cor_08	c_comp_cor_09	c_comp_cor_10	w_comp_cor_00	w_comp_cor_01	w_comp_cor_02	w_comp_cor_03	w_comp_cor_04	w_comp_cor_05	w_comp_cor_06	w_comp_cor_07	w_comp_cor_08	w_comp_cor_09	w_comp_cor_10	w_comp_cor_11	w_comp_cor_12	w_comp_cor_13	w_comp_cor_14	w_comp_cor_15	w_comp_cor_16	w_comp_cor_17	w_comp_cor_18	w_comp_cor_19	w_comp_cor_20	w_comp_cor_21	w_comp_cor_22	w_comp_cor_23	w_comp_cor_24	w_comp_cor_25	w_comp_cor_26	w_comp_cor_27	w_comp_cor_28	w_comp_cor_29	w_comp_cor_30	a_comp_cor_00	a_comp_cor_01	a_comp_cor_02	a_comp_cor_03	a_comp_cor_04	a_comp_cor_05	a_comp_cor_06	a_comp_cor_07	a_comp_cor_08	a_comp_cor_09	a_comp_cor_10	a_comp_cor_11	a_comp_cor_12	a_comp_cor_13	a_comp_cor_14	a_comp_cor_15	a_comp_cor_16	a_comp_cor_17	a_comp_cor_18	a_comp_cor_19	a_comp_cor_20	a_comp_cor_21	a_comp_cor_22	a_comp_cor_23	edge_comp_00	edge_comp_01	edge_comp_02	edge_comp_03	edge_comp_04	edge_comp_05	edge_comp_06	edge_comp_07	edge_comp_08	edge_comp_09	edge_comp_10	edge_comp_11	edge_comp_12	edge_comp_13	edge_comp_14	edge_comp_15	edge_comp_16	edge_comp_17	edge_comp_18	edge_comp_19	edge_comp_20	edge_comp_21	edge_comp_22	edge_comp_23	cosine00	cosine01	cosine02	cosine03	cosine04	non_steady_state_outlier00	trans_x	trans_x_derivative1	trans_x_power2	trans_x_derivative1_power2	trans_y	trans_y_derivative1	trans_y_power2	trans_y_derivative1_power2	trans_z	trans_z_derivative1	trans_z_derivative1_power2	trans_z_power2	rot_x	rot_x_derivative1	rot_x_derivative1_power2	rot_x_power2	rot_y	rot_y_derivative1	rot_y_derivative1_power2	rot_y_power2	rot_z	rot_z_derivative1	rot_z_derivative1_power2	rot_z_power2	motion_outlier00	motion_outlier01	motion_outlier02	motion_outlier03	motion_outlier04	motion_outlier05	motion_outlier06	motion_outlier07	motion_outlier08	motion_outlier09	motion_outlier10	motion_outlier11	motion_outlier12	motion_outlier13	motion_outlier14	motion_outlier15	motion_outlier16	motion_outlier17	motion_outlier18	motion_outlier19	motion_outlier20	motion_outlier21	motion_outlier22	motion_outlier23	motion_outlier24	motion_outlier25	motion_outlier26	motion_outlier27	motion_outlier28	motion_outlier29	motion_outlier30	motion_outlier31	motion_outlier32	motion_outlier33	motion_outlier34	motion_outlier35	motion_outlier36	motion_outlier37	motion_outlier38	motion_outlier39	motion_outlier40	motion_outlier41	motion_outlier42	motion_outlier43	motion_outlier44	motion_outlier45	motion_outlier46	motion_outlier47
5592.631903287102	n/a	n/a	31277531.60566472	4660.990455225894	n/a	n/a	21724832.023706887	3519.140895683093	n/a	n/a	12384352.6436692	3614.9029594083618	6851.589998359789	n/a	n/a	n/a	n/a	0.0	0.0	0.0	0.0	0.0	0.0	0.0	0.0	0.0	0.0	0.0	0.0	0.0	0.0	0.0	0.0	0.0	0.0	0.0	0.0	0.0	0.0	0.0	0.0	0.0	0.0	0.0	0.0	0.0	0.0	0.0	0.0	0.0	0.0	0.0	0.0	0.0	0.0	0.0	0.0	0.0	0.0	0.0	0.0	0.0	0.0	0.0	0.0	0.0	0.0	0.0	0.0	0.0	0.0	0.0	0.0	0.0	0.0	0.0	0.0	0.0	0.0	0.0	0.0	0.0	0.0	0.0	0.0	0.0	0.0	0.0	0.0	0.0	0.0	0.0	0.0	0.0	0.0	0.0	0.0	0.0	0.0	0.0	0.0	0.0	0.0	0.0	0.0	0.0	0.0	0.0	0.0	0.0	0.0	0.0	0.0	0.0	0.0	0.0	0.0	0.0	1.0	-0.134341	n/a	0.0180475042809999	n/a	0.0205262	n/a	0.00042132488644	n/a	-1.0047	n/a	n/a	1.00942209	0.00699726	n/a	n/a	4.89616475076e-05	-0.00117436	n/a	n/a	1.3791214096e-06	-0.00188346	n/a	n/a	3.5474215716e-06	0.0	0.0	0.0	0.0	0.0	0.0	0.0	0.0	0.0	0.0	0.0	0.0	0.0	0.0	0.0	0.0	0.0	0.0	0.0	0.0	0.0	0.0	0.0	0.0	0.0	0.0	0.0	0.0	0.0	0.0	0.0	0.0	0.0	0.0	0.0	0.0	0.0	0.0	0.0	0.0	0.0	0.0	0.0	0.0	0.0	0.0	0.0	0.0
5530.524270818016	-62.10763246908664	3857.358010915145	30586698.710107144	4597.63132787093	-63.35912735496368	4014.3790191825065	21138213.827020213	3494.2985446714742	-24.84235101161857	617.1424037844664	12210122.319293182	3574.5004443782805	6664.870550637477	2.327072	81.32467699999998	1.7314927	0.998311	0.0462565325	-0.0527426322	0.1431787743	-0.1063968264	0.0618814284	-0.1258165535	-0.0350360903	0.1158284567	-0.0297516031	-0.0483701107	0.0403091035	-0.0389157152	0.0204202041	-0.2937492937	0.142949717	-0.0482105451	0.0262775736	0.0405094698	-0.061025541	0.2107984256	-0.1257955489	0.1820666841	-0.1710686585	0.1352959888	-0.1944573538	0.0464842938	-0.017827334	0.0074623449	-0.025604136	0.0624986592	0.0120763167	-0.3945720954	0.0888258223	-0.1298143668	0.2491789034	-0.1890220484	0.1834272553	-0.165646991	0.12175045	-0.0025911266	0.0480398684	-0.2505860204	-0.1020165318	0.041309099	-0.1300571823	-0.1529019397	0.0430428004	-0.0650555923	0.0374065991	-0.1323895241	0.0679922534	-0.097000112	0.1813040408	-0.2499438004	0.0468558002	-0.1159384111	0.0588596019	-0.2765044821	0.0273739123	-0.0313853474	0.1917370076	0.1340480341	-0.3042520299	0.0424291135	-0.0739978683	0.107861903	-0.0902223167	0.0904226531	-0.0485825343	0.0313264532	-0.1123416364	0.067580039	-0.004715071	0.0278991511	-0.0307291342	0.0158941311	-0.2183327596	0.1304741487	-0.0043513857	0.0108664074	-0.0091122799	0.2671903694	-0.1852270295	0.5597610657	-0.0194600468	0.2858438329	-0.0925536884	-0.1967612357	0.1643403724	-0.0642199048	0.0718207662	-0.1219819731	0.0851689199	-0.0559771095	0.275157298	-0.1686147195	0.0957801421	0.0957726828	0.0957602511	0.0957428477	0.0957204735	0.0	-0.136864	-0.002523	0.018731754496	6.365529000000128e-06	-0.062396	-0.0829222	0.003893260816	0.00687609125284	-0.587912	0.4167879999999999	0.1737122369439999	0.345640519744	-0.00764699	-0.01464425	0.0002144540580625	5.84764560601e-05	-0.00758335	-0.00640899	4.10751528201e-05	5.75071972225e-05	-0.00541541	-0.00353195	1.24746708025e-05	2.93266654681e-05	1.0	0.0	0.0	0.0	0.0	0.0	0.0	0.0	0.0	0.0	0.0	0.0	0.0	0.0	0.0	0.0	0.0	0.0	0.0	0.0	0.0	0.0	0.0	0.0	0.0	0.0	0.0	0.0	0.0	0.0	0.0	0.0	0.0	0.0	0.0	0.0	0.0	0.0	0.0	0.0	0.0	0.0	0.0	0.0	0.0	0.0	0.0	0.0
5554.003533211941	23.47926239392564	551.2757625628107	30846955.24693073	4570.049780996223	-27.581546874707783	760.7417280017027	20885355.000783622	3504.25044508714	9.951900415665932	99.04032188333176	12279771.18189342	3575.557537982476	6701.3505858938615	2.786403	97.377037	0.95110598	0.540904	0.0171413362	-0.1160952358	0.1517686991	-0.0686637301	-0.0690713949	-0.0365566732	0.0285007899	0.110358833	-0.1035939044	-0.0300883515	-0.0065994548	0.0008691519	0.1442727854	-0.1720930434	0.1234417478	-0.0848357801	-0.0866024808	-0.0534866692	0.0088012618	0.0273107272	-0.0257687347	0.1047967844	-0.0136464058	0.0957057576	0.0608349143	-0.1757250952	0.1257687569	0.0827427479	0.0498731271	-0.0899802748	-0.0657723191	-0.0196526044	-0.045736415	-0.0190564426	0.0269632157	0.0485082938	0.2580711198	0.06837677	-0.0519459408	0.1076147557	0.1761040828	0.2732494842	0.2254416396	0.0373149072	-0.0846455235	-0.3703287044	-0.1718948642	0.0136362332	0.0780070471	0.015896732	0.069151873	0.011946463	0.0441269091	-0.1491596845	-0.0860072281	-0.1140829439	0.0541590367	0.0618564802	-0.0497857325	-0.0112341994	-0.0346316052	0.0161113807	0.232257848	0.2789360649	-0.0447946938	0.1198371166	-0.0193138312	-0.0726449664	0.1095898378	-0.0237460689	-0.0983700932	0.1607156906	-0.043640253	0.1018949771	-0.0290671209	-0.0108678602	-0.2147141677	0.0071671271	-0.1169373632	-0.00083505	0.0829197297	0.142191789	-0.0895518127	0.1633074874	0.0289984108	0.0402482745	0.6235241462	0.3134550822	-0.0575189912	0.2518558574	-0.0470584851	0.2943402829	0.0631470443	0.1262165768	0.0358321421	0.1830251531	0.0957602511	0.0956931295	0.0955812949	0.0954247996	0.0952237168	0.0	0.0960847	0.2329487	0.0092322695740899	0.05426509683169	0.00416078	0.06655678	1.73120902084e-05	0.0044298049639684	-0.524284	0.063628	0.004048522384	0.2748737126559999	-0.00828012	-0.00063313	4.008535969e-07	6.85603872144e-05	-0.00446172	0.00312163	9.7445738569e-06	1.99069453584e-05	0.00258928	0.00800469	6.40750619961e-05	6.704370918399999e-06	0.0	1.0	0.0	0.0	0.0	0.0	0.0	0.0	0.0	0.0	0.0	0.0	0.0	0.0	0.0	0.0	0.0	0.0	0.0	0.0	0.0	0.0	0.0	0.0	0.0	0.0	0.0	0.0	0.0	0.0	0.0	0.0	0.0	0.0	0.0	0.0	0.0	0.0	0.0	0.0	0.0	0.0	0.0	0.0	0.0	0.0	0.0	0.0
5490.776498989608	-63.227034222333714	3997.657856552159	30148626.56185657	4518.745621311608	-51.304159684614206	2632.1168009443936	20419061.990122832	3505.1814400540866	0.9309949669464004	0.8667516284795291	12286296.92769964	3564.8434673746337	6460.091802133391	2.927024	102.291328	3.38602208	1.78258	0.1258061748	-0.0933332438	0.161141399	-0.151824186	-0.0855988247	-0.2621790392	-0.0135752915	0.0800425369	-0.0748261522	-0.1718382702	0.1432118516	0.1064254616	0.1978841187	0.071769403	-0.1143328033	-0.1934220789	-0.0210156421	-0.0800969468	0.0107206414	-0.197987656	-0.1365044609	0.0125902797	0.1878519425	0.1096474514	0.028140135	-0.1744902252	0.0554023821	-0.2504852543	0.0083889372	-0.1471620696	-0.282412992	-0.3439616418	-0.2606114042	0.1421016756	-0.1123716491	-0.1546714786	-0.2845121919	0.2367860042	-0.083923361	0.0339470349	0.0614809201	0.0607698816	-0.0687160331	-0.1028997348	0.0673765146	-0.0104843391	-0.0047690525	0.0923370073	0.078566086	-0.0033608378	0.0443676965	0.1949219913	0.0616495143	-0.052293684	-0.0432805153	-0.0007531093	-0.2032442831	0.139147496	-0.1712685319	0.1425790914	0.3676662308	0.1457932865	-0.1134388116	0.2148226657	-0.0481538181	0.0703419439	0.1556753422	-0.2328974266	0.1455929265	0.3349028217	0.1135409376	-0.0146709574	-0.0821324577	0.2027312025	-0.1187894951	-0.0842404617	-0.2216311206	0.2323338252	-0.2942755509	0.1823098263	0.1437783733	0.4951895499	0.1790278469	-0.541546396	-0.1081954077	0.0439068767	-0.1163053021	-0.0339140487	0.0752476861	-0.0279257819	-0.0104152405	-0.0359354954	-0.0479455508	-0.0510929128	-0.0473954028	-0.0474037086	0.0957204735	0.0955340889	0.0952237168	0.0947897599	0.0942327815	0.0	0.497332	0.4012473	0.247339118224	0.1609993957572899	-0.144524	-0.14868478	0.020887186576	0.0221071638036484	-0.303356	0.2209279999999999	0.0488091811839999	0.092024862736	-0.0261416	-0.01786148	0.0003190324677903	0.00068338325056	0.00552192	0.0099836399999999	9.967306764959996e-05	3.0491600486399998e-05	0.0270474	0.02445812	0.0005981996339344	0.0007315618467599	0.0	0.0	1.0	0.0	0.0	0.0	0.0	0.0	0.0	0.0	0.0	0.0	0.0	0.0	0.0	0.0	0.0	0.0	0.0	0.0	0.0	0.0	0.0	0.0	0.0	0.0	0.0	0.0	0.0	0.0	0.0	0.0	0.0	0.0	0.0	0.0	0.0	0.0	0.0	0.0	0.0	0.0	0.0	0.0	0.0	0.0	0.0	0.0
5467.6215983514485	-23.154900638159237	536.1494235630269	29894885.94275925	4521.358493640662	2.612872329053971	6.827101807935923	20442682.62801656	3487.6537517528045	-17.52768830128207	307.2198571869003	12163728.692115411	3551.340336989834	6414.544666257555	2.941382	102.793098	2.855775	1.54045	0.0535089376	-0.0448907235	0.203731211	-0.0608578165	-0.0367881602	-0.0185140983	0.0664527161	0.0098498283	-0.0969673692	-0.0753513898	-0.1269833219	-0.0538299184	0.0750926362	-0.1112396144	0.1036905959	0.1381967537	-0.1073016345	0.011038862	-0.0217433946	-0.0166146871	-0.065708661	0.0592148902	-0.0573006909	0.0641393817	-0.1435433442	0.0363686547	-0.2023280985	-0.2707485813	-0.1914886932	0.1185760987	-0.4182759229	-0.0832088155	0.3348980235	-0.0444280381	-0.1246110613	0.2077215078	-0.086055835	-0.2370313703	-0.0864310698	0.08453772	-0.1535059516	0.1402234148	0.0828093996	0.0698790901	0.0183293033	0.04785056	0.0513298524	-0.0886779933	0.0230609937	-0.0394226946	0.0367264112	0.0374927822	0.0223648288	-0.0505973564	0.0512612329	-0.0644534786	0.0388683488	-0.183366927	-0.0175795154	0.1217260609	0.0766936044	0.4667507293	0.2296647993	-0.1831599345	0.0032909561	-0.0979193921	-0.1370707578	0.1661563229	-0.2144880111	0.1971808217	-0.2453834565	0.0532304147	0.008623209	0.0839575693	-0.0017393817	0.0192271677	-0.1373821268	-0.0526288385	-0.0684866752	-0.0801015309	0.0633873002	0.089866309	0.0307119037	0.236602264	0.1060237535	-0.1931335519	-0.5041612192	-0.0227208539	0.018161554	0.1196013815	-0.0279573897	-0.0140277582	0.0175746533	0.2380788409	-0.0695195877	0.3203923443	0.0956608172	0.0952956932	0.0946881851	0.0938398382	0.0927528101	0.0	0.163606	-0.3337259999999999	0.026766923236	0.1113730430759999	0.197886	0.34241	0.039158868996	0.1172446081	-0.293739	0.009617	9.24866890000008e-05	0.0862826001209999	-0.0124311	0.0137105	0.00018797781025	0.00015453224721	-0.00133343	-0.00685535	4.69958236225e-05	1.7780355649e-06	0.00421281	-0.02283459	0.0005214185004681	1.77477680961e-05	0.0	0.0	0.0	1.0	0.0	0.0	0.0	0.0	0.0	0.0	0.0	0.0	0.0	0.0	0.0	0.0	0.0	0.0	0.0	0.0	0.0	0.0	0.0	0.0	0.0	0.0	0.0	0.0	0.0	0.0	0.0	0.0	0.0	0.0	0.0	0.0	0.0	0.0	0.0	0.0	0.0	0.0	0.0	0.0	0.0	0.0	0.0	0.0
5554.941924383587	87.32032603213884	7624.839338359024	30857379.78327443	4540.750920491926	19.392426851263732	376.0662191816147	20618418.921948276	3512.277732872596	24.62398111979155	606.3404461878508	12336094.872832663	3575.414299174892	6678.92152392421	2.617025	91.457748	0.8339215	0.495516	-0.0685162249	-0.0127378828	0.0584087696	-0.0747929724	-0.00368974	0.1296685803	0.0807118727	0.0193363657	0.0081575258	-0.0060602721	0.021989945	0.0264435596	0.0375769946	0.0611245457	0.0766585279	-0.0415102901	-0.0300370901	-0.0148756662	0.0397782858	0.0531411633	-0.0194432919	-0.0002973913	0.0672616891	-0.053853657	0.0240182124	-0.0574725795	0.0549846325	0.0781418057	0.0798531016	-0.0818253645	0.1056687183	0.0423214153	0.0811034553	0.0071589565	0.0019497055	0.0649984681	-0.0591453831	-0.0135911062	-0.0628124015	-0.0706570473	0.0469381645	-0.0513224273	-0.0309958069	0.0501889481	0.1117895725	-0.0955508709	0.0081464988	-0.0248598113	-0.0150142762	0.0006407051	0.0602628302	-0.0516722213	0.0219243278	-0.0361957989	0.0436294059	0.0329634487	-0.0312947389	0.0776971939	-0.1001355343	0.0170905565	-0.0526979327	-0.1631506056	-0.01641433	0.0137812707	0.0951800403	-0.050999987	0.0784956913	-0.0337004299	0.0065356392	-0.1833623678	-0.0457731558	0.0330368765	-0.0017495102	-0.0016843535	0.010290292	0.0444332702	-0.0497721346	-0.1378690708	0.0710924799	-0.038874469	0.0140196559	-0.0824599657	0.0730982529	-0.1036598304	-0.0189670359	-0.0789050275	0.1549297141	0.0940250799	-0.0759349873	0.0444689811	-0.0215177679	-0.0127207701	-0.0004208737	0.000350746	0.1436529902	-0.0586065587	0.0955812949	0.0949781404	0.0939757006	0.0925781899	0.0907914833	0.0	0.123945	-0.039661	0.015362363025	0.001572994921	0.112301	-0.085585	0.0126115146009999	0.007324792225	-0.182108	0.1116309999999999	0.0124614801609999	0.0331633236639999	-0.00323999	0.00919111	8.44765030321e-05	1.04975352001e-05	-0.00119674	0.00013669	1.8684156100000025e-08	1.4321866276e-06	0.00159972	-0.00261309	6.828239348100001e-06	2.5591040784e-06	0.0	0.0	0.0	0.0	1.0	0.0	0.0	0.0	0.0	0.0	0.0	0.0	0.0	0.0	0.0	0.0	0.0	0.0	0.0	0.0	0.0	0.0	0.0	0.0	0.0	0.0	0.0	0.0	0.0	0.0	0.0	0.0	0.0	0.0	0.0	0.0	0.0	0.0	0.0	0.0	0.0	0.0	0.0	0.0	0.0	0.0	0.0	0.0
5508.964462082704	-45.97746230088342	2113.927039629156	30348689.444490176	4492.671262312164	-48.07965817976219	2311.653530682773	20184095.07120557	3502.61935146234	-9.65838141025597	93.2843314659781	12268342.321238464	3556.1524782585584	6529.513615240019	1.6407	57.337887	0.1452915	0.0808814999999999	-0.0504362979	-0.0004454886	0.102012663	-0.0759261893	-0.0098681485	0.1086255772	0.0172810158	-0.0650054226	0.0035681614	-0.0133832338	0.0101743967	0.0507053493	0.000712209	-0.1921456738	-0.0668106831	-0.0145679096	-0.0367499038	-0.0094995027	0.0119101983	0.0184111849	-0.0126425628	-0.0172700068	-0.0139866365	0.0541730221	0.0215943862	-0.0930380619	0.0263948613	-0.0298648826	0.0402100211	-0.0545636901	-0.0305549785	0.0115028983	0.0637249657	0.0028093667	0.0161584493	-0.0316959873	-0.0868721428	0.0465926116	0.0434068768	-0.0707642386	-0.0845178308	-0.073560699	-0.018151017	-0.102487666	-0.0142000472	0.1078472497	0.056860328	-0.1354389965	-0.0001224579	-0.0020659307	0.014990999	-0.0167260272	0.0677549456	-0.0455691958	-0.025838649	-0.0258242134	0.0113986434	0.0242911617	-0.0017963494	0.0650696879	-0.0014942947	0.0080706728	0.0912642936	-0.0540839052	-0.0076180806	-0.0515809786	0.0973149677	0.1981969709	0.0656463235	0.0518602492	0.048328506	-0.0330744975	0.0089678177	0.001930825	0.0056228641	0.0419296803	-0.0724156903	-0.1338689423	0.0548954512	-0.0553965478	0.0189355254	-0.0384163599	0.0416339492	0.0093676367	-0.000837276	-0.0995059483	-0.1363095397	-0.0419664005	-0.0230174668	-0.018912699	-0.0150788774	-0.0330845273	-0.0268487288	0.0656001597	-0.0320297116	0.0447043532	0.0954819229	0.0945816942	0.0930875949	0.0910090062	0.0883589795	0.0	0.127958	0.0040129999999999	0.0163732497639999	1.610416899999991e-05	0.0989342	-0.0133667999999999	0.00978797592964	0.0001786713422399	-0.192691	-0.010583	0.000111999889	0.037129821481	-0.00278008	0.00045991	2.115172081e-07	7.7288448064e-06	0.000184494	0.0013812339999999	1.907807362756e-06	3.4038036036e-08	0.00210515	0.00050543	2.554594849000001e-07	4.4316565225e-06	0.0	0.0	0.0	0.0	0.0	1.0	0.0	0.0	0.0	0.0	0.0	0.0	0.0	0.0	0.0	0.0	0.0	0.0	0.0	0.0	0.0	0.0	0.0	0.0	0.0	0.0	0.0	0.0	0.0	0.0	0.0	0.0	0.0	0.0	0.0	0.0	0.0	0.0	0.0	0.0	0.0	0.0	0.0	0.0	0.0	0.0	0.0	0.0
5548.591311466467	39.62684938376333	1570.287192083464	30786865.54168117	4572.636557875638	79.96529556347377	6394.448494553719	20909005.09042076	3513.81516401242	11.195812550080063	125.34621865653024	12346897.00684363	3579.721197318944	6590.33067918892	1.377096	48.125664	0.1950866899999999	0.102229	-0.0586107157	-0.0114091934	0.0435509248	-0.083837275	-0.0105268289	0.1236687646	-0.016358482	0.029802627	0.0297409992	0.0315342574	-0.0392287032	0.0287462934	0.1213899775	-0.0860903219	0.1379910236	-0.068330213	-0.0441631721	-0.0180109744	0.0579798239	0.0797543044	-0.028312673	0.0093957795	-0.0257429662	0.037044826	0.0756187293	-0.1959564243	0.0478033423	0.0252236167	0.0719932583	-0.0859195582	0.0124340315	0.1621711276	0.0957667667	0.0514938911	0.0051836544	0.0584880736	0.0616863365	0.0024045491	0.0226780537	-0.1124379589	0.0116837637	-0.0088042436	0.0903491053	0.108768387	0.0020916083	0.0445457348	0.0767186916	-0.052999756	-0.0059119757	0.0448702603	0.0183199422	-0.0589748483	0.0393459689	-0.092541357	-0.0579279934	0.0115273955	0.0633854538	0.1580709591	-0.0868727949	0.0245515709	-0.1246627461	-0.1187126391	0.144143785	0.084324219	-0.0117095232	-0.0581625673	-0.0735124354	-0.0778002259	0.0317930173	-0.0942450886	-0.0559924414	0.0894088593	-0.0073391125	-0.0051894051	0.0106812666	0.0273695248	-0.0634627891	-0.1576811519	0.0841444933	-0.0328538434	0.0291022434	-0.0707548974	0.0494847833	-0.1013604702	0.0021003407	-0.0018516806	0.072381254	0.06889137	-0.0798908677	-0.0054512987	-0.0221542731	-0.0091400185	0.0061584263	-0.0064040086	0.0589437923	-0.022325007	0.095362722	0.094106684	0.0920255275	0.0891374998	0.0854679228	0.0	0.0991858	-0.0287721999999999	0.00983782292164	0.0008278394928399	0.00985576	-0.08907844	9.71360051776e-05	0.0079349684728336	-0.214631	-0.0219399999999999	0.0004813635999999	0.046066466161	-0.00249808	0.0002819999999999	7.952399999999983e-08	6.240403686400001e-06	0.000757945	0.000573451	3.28846049401e-07	5.744806230249999e-07	0.00235562	0.00025047	6.273522090000001e-08	5.548945584400001e-06	0.0	0.0	0.0	0.0	0.0	0.0	0.0	0.0	0.0	0.0	0.0	0.0	0.0	0.0	0.0	0.0	0.0	0.0	0.0	0.0	0.0	0.0	0.0	0.0	0.0	0.0	0.0	0.0	0.0	0.0	0.0	0.0	0.0	0.0	0.0	0.0	0.0	0.0	0.0	0.0	0.0	0.0	0.0	0.0	0.0	0.0	0.0	0.0
5510.2021468210405	-38.38916464542672	1473.727962173681	30362327.698831204	4545.732031571238	-26.90452630439995	723.8535356641489	20663679.70285277	3498.475262920673	-15.33990109174738	235.3125655045924	12239329.16526787	3571.859314243416	6561.261795945799	1.230888	43.016094	0.20648566	0.0988676	-0.061997238	-0.0043670605	0.1053992199	-0.0752641875	0.0058991713	0.0957139968	0.0189318774	0.0315836078	0.013271345	0.0352924276	0.0738614054	0.0599476336	0.1476966327	-0.0783044201	-0.0039284298	-0.0713053299	-0.0653448008	-0.009619304	0.0147933015	-0.0015331379	0.0127497661	0.047825471	-0.0081319372	0.0371805832	0.0361107246	-0.0160840589	0.0300893285	0.006081021	0.1566262353	-0.0731796135	0.0185213002	0.0934212145	0.0372037405	-0.0178885666	0.0096081101	-0.0982710912	-0.025068606	0.0425642643	-0.0022949809	-0.0877351384	-0.0495421313	-0.0048850102	-0.1043217019	0.0945177099	0.0618658611	0.124670401	-0.1651287059	-0.0057940055	0.0015754023	-0.0064314773	0.0165358019	-0.0264643529	0.0376882916	-0.0464965646	-0.1082994718	0.0061643974	-0.0549388255	0.0284650903	-0.060510488	0.068916823	-0.0074387559	-0.1244390088	0.0439983294	0.0419523203	-0.1757059798	0.0129833832	0.1194788905	0.047750488	-0.1112838555	-0.0929677363	0.1530250061	0.0076881258	0.0031180699	-0.0116353553	-0.0028757108	0.0450656488	-0.0903034969	-0.1346184481	0.0726427265	-0.0598043801	-0.0215954785	-0.0318744932	0.0087309156	-2.05056e-05	0.0019909545	-0.0099177978	-0.063869015	-0.0213192828	-0.0548408331	-0.0606039031	0.0089857965	-0.0192170473	-0.0234947615	0.0049237503	-0.1573254945	-0.0298674335	0.0952237168	0.0935535044	0.0907914833	0.0869698875	0.0821333167	0.0	0.0828046	-0.0163812	0.00685660178116	0.0002683437134399	-0.0566738	-0.06652956	0.00321191960644	0.0044261823537936	-0.239934	-0.025303	0.000640241809	0.057568324356	-0.0018048	0.00069328	4.806371584000002e-07	3.25730304e-06	-0.000239473	-0.000997418	9.94842666724e-07	5.7347317729e-08	0.00208088	-0.00027474	7.548206760000017e-08	4.3300615744e-06	0.0	0.0	0.0	0.0	0.0	0.0	0.0	0.0	0.0	0.0	0.0	0.0	0.0	0.0	0.0	0.0	0.0	0.0	0.0	0.0	0.0	0.0	0.0	0.0	0.0	0.0	0.0	0.0	0.0	0.0	0.0	0.0	0.0	0.0	0.0	0.0	0.0	0.0	0.0	0.0	0.0	0.0	0.0	0.0	0.0	0.0	0.0	0.0
5519.188972276066	8.98682545502561	80.76303175909625	30461446.91169374	4550.414994600287	4.682963029049461	21.9301427314441	20706276.623083133	3502.837599659455	4.362336738782233	19.029981822529205	12269871.249588013	3565.424669134296	6444.020455701335	1.072024	37.464256	0.2069552	0.10729	-0.0609877387	0.0096744617	0.0770215607	-0.0307848909	-0.0086789452	0.1009862159	0.0128077297	-0.0227684062	0.018908508	0.0518116173	-0.062381216	-0.0094808139	-0.0464187123	-0.0398666801	0.0250217618	-0.0325199856	-0.0144983533	0.0014577068	0.035577791	0.0612379214	-0.0050325726	0.0707741777	-0.042298149	-0.035973634	0.0104649013	-0.1147679635	-0.00068807	0.0159184147	0.0855812524	-0.0361387316	0.0094784783	0.1708519041	-0.0367422786	-0.0461828426	-0.03772366	0.0704853974	0.0706542104	-0.0504098407	-0.0511565053	-0.0814392033	0.0447398674	-0.0076102064	0.0108307493	0.0544924855	-0.0370391456	-0.0212948966	0.0820126484	0.150600101	-0.0103064817	0.0137151205	0.031379766	-0.0492350017	0.0001852994	-0.0569437547	-0.046980386	-0.0138011969	0.0495179681	0.0624049688	-0.0171271113	0.0569982538	-0.2180114032	-0.0476134738	0.0207598905	0.025816774	0.0874343714	-0.0006338816	-0.0557259719	-0.036977232	-0.0151858302	0.0395405917	-0.0659393661	-0.0267214139	-0.0001440495	-0.017194357	0.0038462389	0.0429713929	-0.0656412624	-0.1384347742	0.0744268561	-0.058703259	0.0225556278	-0.0571835976	0.031926764	-0.0592368756	0.0181261922	-0.0184839883	0.0282866264	0.0122989288	-0.0500652884	0.009809329	-0.0103949908	0.0180329356	-0.0271573129	-0.0194784883	-0.0571490994	-0.0562932143	0.0950649363	0.0929226147	0.0893877684	0.08451337	0.0783724666	0.0	0.0878339999999999	0.0050293999999998	0.0077148115559999	2.5294864359998915e-05	0.0222438	0.0789176	0.00049478663844	0.00622798758976	-0.193668	0.046266	0.002140542756	0.037507294224	-0.00254432	-0.00073952	5.468898304e-07	6.473564262400001e-06	-0.000861917	-0.000622444	3.87436533136e-07	7.429009148890001e-07	0.001908	-0.0001728799999999	2.988749439999994e-08	3.640464e-06	0.0	0.0	0.0	0.0	0.0	0.0	0.0	0.0	0.0	0.0	0.0	0.0	0.0	0.0	0.0	0.0	0.0	0.0	0.0	0.0	0.0	0.0	0.0	0.0	0.0	0.0	0.0	0.0	0.0	0.0	0.0	0.0	0.0	0.0	0.0	0.0	0.0	0.0	0.0	0.0	0.0	0.0	0.0	0.0	0.0	0.0	0.0	0.0
5507.518985007628	-11.66998726843849	136.18860284551644	30332765.37021945	4548.054375315397	-2.360619284890163	5.572523408195344	20684798.60082553	3498.578907752404	-4.258691907050888	18.13645675918073	12240054.373770004	3556.858678096073	6433.54662616828	1.092607	38.183563	0.13741208	0.0734219	-0.0581744312	0.0141420268	0.0922789875	-0.0629771448	0.001653511	0.1013586541	-0.0103732036	0.0805405784	0.010283304	0.0583757162	0.0664560848	0.0667805896	0.0773964053	-0.039850769	-0.0610800001	-0.0717492892	0.0921500833	-0.0017690393	0.0208517554	0.0075020746	0.0053116119	0.0287548584	0.0282134744	0.0053737605	0.0055592799	-0.0357521784	0.0562082364	-0.00129845	0.1002116396	-0.0288814212	0.0392019511	0.0283668468	0.1289711143	0.0333323735	0.0743163713	-0.0325778742	-0.0600871802	0.097634526	0.0367812802	-0.0019898657	-0.0629970782	-0.0599335736	-0.1279107182	0.0213312632	0.0270434052	0.0142379407	-0.060548273	-0.1223431483	-0.0185888586	-0.0069605154	0.069879116	-0.0278249644	0.0469602903	-0.0473386716	-0.0599751481	-0.0141442431	-0.0657111085	-0.0454209448	-0.0962004237	0.0670489715	0.155676656	-0.1347689557	0.0747437172	-0.0882605382	-0.0327952918	-0.1011542973	0.0835032297	0.0171837733	0.0699877116	-0.0968858402	0.024194597	-0.0380145574	0.008595743	-0.022985013	-0.0020034082	0.0490716281	-0.0838681581	-0.1370735173	0.0766727758	-0.0407860603	0.0110956996	-0.0313863657	0.0093311075	-0.0053627341	0.0046914617	-0.0056156866	-0.0437746423	-0.0087656517	-0.0393256063	-0.0478910801	0.0111921284	-0.0527727662	-0.0331797332	0.0084151841	-0.0788950342	-0.0344827472	0.0948864133	0.0922145392	0.0878170061	0.0817761076	0.0742048901	0.0	0.0657198	-0.0221141999999999	0.00431909211204	0.0004890378416399	-0.0074507799999999	-0.0296945799999999	5.551412260839851e-05	0.0008817680813763	-0.221267	-0.0275989999999999	0.0007617048009999	0.048959085289	-0.00152946	0.00101486	1.0299408196e-06	2.3392478916e-06	-0.000754711	0.0001072059999999	1.1493126435999998e-08	5.695886935210001e-07	0.00194602	3.801999999999994e-05	1.4455203999999952e-09	3.7869938404e-06	0.0	0.0	0.0	0.0	0.0	0.0	0.0	0.0	0.0	0.0	0.0	0.0	0.0	0.0	0.0	0.0	0.0	0.0	0.0	0.0	0.0	0.0	0.0	0.0	0.0	0.0	0.0	0.0	0.0	0.0	0.0	0.0	0.0	0.0	0.0	0.0	0.0	0.0	0.0	0.0	0.0	0.0	0.0	0.0	0.0	0.0	0.0	0.0
5551.200212051289	43.68122704366124	1908.0495960398816	30815823.794278275	4583.972836873178	35.918461557780574	1290.135880677761	21012806.969191127	3512.764847380809	14.185939628404869	201.24088314074763	12339516.87299432	3577.544701635865	6534.281105419701	1.081501	37.79546	0.10960212	0.0526773	-0.0718985797	-0.0039475005	0.088015808	-0.0696067337	-0.0109638631	0.1377147921	-0.0038173181	-0.027078847	0.0744248366	-0.032314882	-0.0603502986	2.35145e-05	-0.1454294233	-0.1753255332	0.0712221143	0.0551563398	-0.0350768635	-0.0174710074	0.0884921365	0.0734754747	-0.0299166545	-0.0152620535	-0.0270587565	-0.0060883066	0.0022482269	-0.0672744538	-0.0047903053	0.0643079477	0.1133983387	-0.0032877705	0.0360444353	0.0332196698	0.0999430989	-0.0464070915	-0.0588878165	0.0280332563	-0.0116885304	-0.029865586	-0.0535403915	-0.0743054353	0.0133354113	0.0471030118	0.0026821071	0.0029395797	-0.0281665417	0.0428810212	-0.1415190935	-0.1079430661	-0.025867667	0.0539450907	0.0297259469	-0.0594932087	0.0769024312	-0.0669618051	0.0026134502	-0.0209343563	0.0684168201	0.0816545042	0.0277396672	0.0588198406	-0.177655402	0.0028658081	0.0743414622	0.0040072088	0.053343445	-0.0353191852	0.0031909735	0.1760859383	0.0431913667	0.0779601211	0.0726685897	0.0391890552	-0.0043047982	-0.0276852075	0.0002560082	0.0465710684	-0.0788555235	-0.1414984671	0.0796424959	-0.0442307075	-0.0236347885	-0.0242089266	0.0382556251	-0.0232008673	0.0040404351	0.0060975004	0.0455985277	0.0274179568	-0.0505974164	-0.0097239814	-0.0040476408	-0.0275426037	-0.012340259	-0.0472959403	-0.0397249004	-0.0796001925	0.0946881851	0.0914298658	0.0860821319	0.0787671932	0.0696522155	0.0	0.0501708	-0.0155489999999999	0.00251710917264	0.0002417714009999	-0.0262784	-0.0188276200000001	0.00069055430656	0.0003544792748644	-0.251014	-0.029747	0.000884884009	0.063008028196	-0.00232214	-0.0007926799999999	6.283415823999997e-07	5.3923341796e-06	-0.000754711	0.0	0.0	5.695886935210001e-07	0.00182913	-0.0001168899999999	1.366327209999998e-08	3.3457165569e-06	0.0	0.0	0.0	0.0	0.0	0.0	0.0	0.0	0.0	0.0	0.0	0.0	0.0	0.0	0.0	0.0	0.0	0.0	0.0	0.0	0.0	0.0	0.0	0.0	0.0	0.0	0.0	0.0	0.0	0.0	0.0	0.0	0.0	0.0	0.0	0.0	0.0	0.0	0.0	0.0	0.0	0.0	0.0	0.0	0.0	0.0	0.0	0.0
5509.004768752856	-42.19544329843302	1780.455435151276	30349133.542141706	4528.204538244951	-55.76829862822615	3110.1031318870105	20504636.34018217	3503.47301544972	-9.291831931088836	86.3381406356021	12274323.169984356	3562.4495538479114	6536.953588705726	1.404904	49.097473	0.3162175499999999	0.152294	-0.0697669114	-0.0229301299	0.1336855844	-0.0486447348	0.001429874	0.111210605	0.031380452	0.0432236238	-0.0044733991	0.0665476013	0.0008142962	0.0497377383	0.0935921788	-0.036232935	-0.1356011592	-0.1435402411	-0.0050983029	-0.0319012104	0.0315038931	0.0201869832	0.0381743608	0.1415403474	0.0236665862	0.0568955653	0.071801016	-0.0739083157	0.0208449525	-0.0035214533	0.0161602294	-0.0283972671	-0.0886109495	0.0106268372	-0.0364019767	-0.0275294414	-0.0032088625	-0.0631343546	0.1152841206	-0.0187896084	0.2360215608	0.0367020058	-0.0175069975	-0.092974634	-0.241796922	-0.0760190683	0.0957531184	0.0601701544	-0.0299959128	0.1469733934	0.0153530746	0.0313004028	0.075572071	-0.0373186368	-0.0545854521	-0.0809379233	-0.1128154678	-0.0355366759	-0.0443696743	-0.007899867	0.0260296894	0.0493631073	0.0690763658	-0.0417686003	0.0552726737	0.0768222637	0.0145928049	0.0424242977	0.1090723399	-0.1219213802	-0.0815448793	-0.0098925637	-0.112168505	-0.1620947468	0.0012130833	-0.0165067051	0.0036227776	0.0699634326	-0.1223889995	-0.1230131334	0.0429826865	-0.0738097525	-0.020016514	0.0172268667	-0.0154271139	0.0576087817	0.0628010706	-0.0399032359	-0.0598503787	0.0031471072	-0.037039015	0.0113795255	-0.0422235173	0.0229620881	-0.1168207039	0.0555589412	-0.2036997463	0.0834032448	0.0944702927	0.0905692465	0.0841863878	0.0754966221	0.0647380696	0.0	0.0424617	-0.0077091	0.0018029959668899	5.9430222810000056e-05	0.0676576	0.0939359999999999	0.00457755083776	0.0088239720959999	-0.302182	-0.0511679999999999	0.0026181642239999	0.091313961124	-0.00439249	-0.00207035	4.286349122499999e-06	1.92939684001e-05	-0.00162435	-0.000869639	7.562719903210001e-07	2.6385129225000005e-06	0.00150103	-0.0003281	1.0764961e-07	2.2530910609e-06	0.0	0.0	0.0	0.0	0.0	0.0	0.0	0.0	0.0	0.0	0.0	0.0	0.0	0.0	0.0	0.0	0.0	0.0	0.0	0.0	0.0	0.0	0.0	0.0	0.0	0.0	0.0	0.0	0.0	0.0	0.0	0.0	0.0	0.0	0.0	0.0	0.0	0.0	0.0	0.0	0.0	0.0	0.0	0.0	0.0	0.0	0.0	0.0
5502.677953846724	-6.326814906131403	40.02858685644652	30279464.66375077	4552.246893631785	24.04235538683315	578.034852546785	20722951.780580238	3485.785622621194	-17.6873928285263	312.8438650706036	12150701.406872625	3548.0017972638866	6327.65645114255	1.777778	62.128376	0.61387465	0.40629	-0.0149826677	0.072824079	-0.083978376	0.0761699566	0.0153587052	-0.0297779602	-0.0116288214	0.0105511713	0.0552956478	0.0339630629	-0.116795143	0.1088572831	-0.1428831714	-0.0556288589	0.1640240893	0.3067414472	-0.0789010853	0.0181301561	-0.0027997489	0.056747603	0.0174491248	-0.0029749312	-0.1573401967	0.0302509308	-0.0817149991	0.1690097438	-0.0596965899	-0.1086901011	-0.1007563351	0.030029924	-0.0731928541	0.3037184398	-0.1233178976	0.1126957876	-0.0478568104	-0.1264349913	-0.0588193891	-0.0577235424	0.3660129889	0.2802602028	0.143942795	-0.0589159616	0.0708513058	-0.0897695482	-0.0204699966	0.1648194983	0.0405968151	0.0500104671	-0.024648852	0.0156086002	-0.0335420261	-0.0596669999	0.0422690742	0.0606013424	0.0083030714	0.0667799117	0.0421482011	-0.1838819714	-0.0029872045	0.0046411693	-0.1115572721	0.1858862065	0.0244482923	-0.1630263685	-0.0480905622	-0.0896277089	-0.0384375004	0.0619439673	-0.0018988133	-0.0493362035	0.4019845071	-0.1937472081	0.0434293572	-0.0548152657	-0.0046454403	0.0189562384	0.0919280835	0.0399446247	0.0030601974	-0.0112882674	0.0135419945	-0.0975534062	-0.0325980274	-0.0991129719	0.0229438035	0.0904913984	-0.0044605703	0.0132860062	0.003269535	0.0311449006	-0.0057550423	-0.0398577929	0.0337750461	0.039127105	0.1534026539	0.0499436415	0.0942327815	0.0896333961	0.0821333167	0.0719752588	0.0594879552	0.0	0.0244862	-0.0179755	0.00059957399044	0.0003231186002499	0.0572469	-0.0104106999999999	0.00327720755961	0.0001083826744899	0.101321	0.403503	0.162814671009	0.0102659450409999	-0.00201635	0.0023761399999999	5.646041299599998e-06	4.065667322500001e-06	-0.00163726	-1.2909999999999876e-05	1.6666809999999676e-10	2.6806203076e-06	0.000250371	-0.0012506589999999	1.5641479342809998e-06	6.2685637641e-08	0.0	0.0	0.0	0.0	0.0	0.0	1.0	0.0	0.0	0.0	0.0	0.0	0.0	0.0	0.0	0.0	0.0	0.0	0.0	0.0	0.0	0.0	0.0	0.0	0.0	0.0	0.0	0.0	0.0	0.0	0.0	0.0	0.0	0.0	0.0	0.0	0.0	0.0	0.0	0.0	0.0	0.0	0.0	0.0	0.0	0.0	0.0	0.0
5523.881515404354	21.20356155762965	449.5910227281901	30513266.996225905	4563.675684805692	11.428791173907484	130.6172676967856	20827135.756086703	3499.928047626202	14.142425005008135	200.00818502227932	12249496.33856056	3565.7516464310006	6435.582684585092	1.395902	48.782875	0.38521603	0.171762	-0.0292080244	0.086491793	-0.0496877618	0.0303313093	0.0421319359	0.0542151899	-0.0019587935	-0.0257938804	0.0653435729	0.1151102628	-0.095883398	-0.0155578925	-0.0586050576	0.0068549469	0.0594272824	0.014655831	0.0338564823	0.00243931	0.0245270511	0.0592849645	0.0355049463	-0.011461699	0.0114539191	-0.1066510405	-0.0167685935	0.0602687461	-0.0902109504	0.080125026	-0.023192774	0.0113678905	0.0583798213	0.0479442247	-0.0561194775	-0.1313320558	-0.0565226338	0.1152070862	0.0587028779	0.0580223498	-0.0667423137	0.0115476311	0.1541166911	-0.0410643106	-0.012611861	0.0814049027	0.061629489	0.108374306	0.1145599756	0.1163556501	-0.0319779852	0.0519484673	-0.0374426598	-0.0775266709	-0.1122159922	0.0275654299	0.0368518893	0.0646134639	0.0681274065	0.015187205	0.1067136431	-0.0298514974	-0.0738432426	-0.1046238055	-0.0124720076	0.005798889	-0.0378549159	-0.0327153353	-0.1219438377	-0.0906568857	0.0053162525	0.0075276126	-0.1009556557	0.0913872693	0.0341026727	-0.0959603258	0.0032250961	0.0258128405	0.0684963251	0.003748428	0.0506081328	0.0009999326	-0.0577052332	0.0488597099	0.0358493073	0.0096278684	-0.057637164	0.0078925062	0.0095082928	-0.0113568605	-0.0037752095	-0.0429103182	0.0269706716	-0.0190553152	-0.002199618	-0.1561342934	0.0084124612	-0.0871988713	0.0939757006	0.088623092	0.0799267552	0.0682148009	0.0539291185	0.0	-0.0347176	-0.0592038	0.00120531174976	0.00350508993444	-0.00228747	-0.05953437	5.232519000900001e-06	0.0035443412112969	0.00755314	-0.09376786	0.0087924115689796	5.70499238596e-05	-0.000980664	0.001035686	1.072645490596e-06	9.61701880896e-07	-4.514e-06	0.001632746	2.665859500516e-06	2.0376196000000003e-11	-0.000535397	-0.000785768	6.174313498239999e-07	2.86649947609e-07	0.0	0.0	0.0	0.0	0.0	0.0	0.0	0.0	0.0	0.0	0.0	0.0	0.0	0.0	0.0	0.0	0.0	0.0	0.0	0.0	0.0	0.0	0.0	0.0	0.0	0.0	0.0	0.0	0.0	0.0	0.0	0.0	0.0	0.0	0.0	0.0	0.0	0.0	0.0	0.0	0.0	0.0	0.0	0.0	0.0	0.0	0.0	0.0
5508.678331832026	-15.203183572328273	231.13679073391225	30345536.96359567	4499.899706644304	-63.77597816138768	4067.375390441799	20249097.369857498	3494.6505893179087	-5.277458308293262	27.851566195773582	12212582.741420006	3554.565515174326	6370.1584691355865	1.078609	37.694389	0.30985628	0.162401	-0.0323587969	0.0714204491	-0.1023745744	0.0836057891	0.0338195016	-0.0182122952	-0.0062378192	-0.0327591578	0.0390483548	0.0699507022	0.1033180561	-0.0015441822	-0.0437782133	0.0559392213	-0.0645228169	0.0007883622	0.004646264	0.0197011984	0.0076937442	0.0602167613	0.0615612803	-0.0092738407	-0.0304242939	-0.0103057758	0.0031513862	0.0159743972	-0.0461836544	-0.032421826	-0.0200083239	0.0218798174	0.0855392891	0.080264293	-0.0485591058	0.0052001532	-0.0332358732	0.0306663433	0.0146271167	-0.0156826989	0.0191611811	0.0019784223	0.0184974825	0.0743585115	-0.0664032393	-0.0616274164	-0.0680407369	-0.0355299408	-0.0222422962	0.0473718045	-0.0387897346	0.016381443	-0.0170805477	-0.0669489478	-0.0009709919	0.0679611529	-0.03087647	0.0100843708	0.0008224264	0.0016405446	0.0546496035	0.0088355441	-0.0727264977	0.0062394741	-0.0613253046	-0.0175767308	-0.0576609751	-0.0083258478	0.0836455396	-0.0434684984	-0.0526762608	-0.0798157904	0.0368981887	-0.0766120688	0.0306721922	-0.0787407587	0.0096843045	0.027522093	0.0929415331	0.0218192774	0.0330849489	-0.0220331484	-0.0103983521	-0.0768387622	-0.0076415985	-0.0840773134	0.0134118957	-0.0086555327	0.0043668614	-0.0420658536	0.0674813681	0.0315085555	0.0100155526	0.0168104129	0.0021210345	-0.0264057644	0.0433258584	0.0299295202	0.0936991036	0.0875391733	0.077570827	0.0642277404	0.0480904081	0.0	0.0273756	0.0620932	0.00074942347536	0.00385556548624	0.132123	0.13441047	0.0174564871289999	0.0180661744456209	0.0539758	0.04642266	0.0021550633614756	0.0029133869856399	-0.00136765	-0.0003869859999999	1.49758164196e-07	1.8704665225e-06	-0.000629461	-0.000624947	3.905587528090001e-07	3.96221150521e-07	-0.000208731	0.000326666	1.06710675556e-07	4.3568630361e-08	0.0	0.0	0.0	0.0	0.0	0.0	0.0	0.0	0.0	0.0	0.0	0.0	0.0	0.0	0.0	0.0	0.0	0.0	0.0	0.0	0.0	0.0	0.0	0.0	0.0	0.0	0.0	0.0	0.0	0.0	0.0	0.0	0.0	0.0	0.0	0.0	0.0	0.0	0.0	0.0	0.0	0.0	0.0	0.0	0.0	0.0	0.0	0.0
5493.040067154698	-15.638264677328152	244.55532211816936	30173489.179366887	4539.970782047253	40.071075402948736	1605.6910839488032	20611334.701842748	3486.132353014824	-8.518236303084905	72.56034971519358	12153118.782736672	3559.06381874659	6263.884113613598	0.966734	33.784657	0.14108495	0.105798	-0.0225476958	0.0981340731	-0.0954205056	0.1159326864	0.0364630761	-0.0336985532	-0.0157527233	-0.0422804972	0.0382233516	0.122651803	-0.0066724409	-0.0488253445	-0.0261740344	0.0892559409	-0.0033402447	0.0381173531	0.0391239795	0.0446724938	-0.0341043462	0.027373415	0.0645645671	-0.0299813203	0.004961635	-0.0885528418	0.0147617374	0.0768042543	-0.0449986432	0.0353790525	0.0500847617	-0.0548200129	0.0329102652	0.024858716	-0.0468031384	-0.0973032852	-0.0569357683	-0.0233924864	0.0122036382	-0.0250130144	-0.1342328717	0.0214400894	-0.0518394799	-0.0341824416	-0.0037148809	0.0005837535	0.0247620671	0.0889538885	0.0816293526	0.0596592989	-0.0417094701	-0.0021181058	-0.0617145916	-0.0613780162	-0.0666644968	0.0731694349	-0.0144799309	0.0540910521	0.0320220559	-0.0034041197	0.0607516381	-0.0152281684	-0.0372022615	-0.0839730313	-0.0425538592	-0.0302389674	-0.038366412	0.0016090731	-0.1109067588	0.0371333638	-0.0129625838	0.0367173697	-0.0159012049	-0.0047205716	0.0377467953	-0.0914232309	0.0041568994	0.0301637365	0.1052409514	0.0216037883	0.027326955	0.0075447682	-0.0495733217	-0.0171738284	0.0126462984	-0.0135103581	-0.0444322094	-0.0059740813	-0.0277849954	-0.0100050537	-0.0032866323	-0.0221942199	0.020320969	-0.0045735225	0.0401235623	-0.0623855745	0.0392708703	-0.0443550689	0.0934030479	0.0863825404	0.0750699348	0.0600273217	0.0420021249	0.0	0.021822	-0.0055535999999999	0.000476199684	3.084247295999999e-05	0.0288033	-0.1033196999999999	0.00082963009089	0.0106749604080899	0.0526887	-0.0012870999999999	1.6566264099999983e-06	0.00277609910769	-0.00161765	-0.00025	6.25e-08	2.6167915225e-06	-0.000993605	-0.000364144	1.3260085273600006e-07	9.872508960250002e-07	-0.000204384	4.347000000000004e-06	1.889640900000004e-11	4.1772819456e-08	0.0	0.0	0.0	0.0	0.0	0.0	0.0	0.0	0.0	0.0	0.0	0.0	0.0	0.0	0.0	0.0	0.0	0.0	0.0	0.0	0.0	0.0	0.0	0.0	0.0	0.0	0.0	0.0	0.0	0.0	0.0	0.0	0.0	0.0	0.0	0.0	0.0	0.0	0.0	0.0	0.0	0.0	0.0	0.0	0.0	0.0	0.0	0.0
5505.888230511813	12.848163357115482	165.07530165112496	30314805.206888504	4526.67182800074	-13.298954046513243	176.862178731271	20490757.83841556	3492.709184445112	6.576831430288166	43.25471166242629	12199017.44710724	3559.6412241982302	6286.755721054041	0.954587	33.360168	0.1881674	0.155594	-0.0457029589	0.07964101	-0.0940534673	0.1008387554	0.035083573	-0.0211165233	-0.0106433226	-0.033558188	0.0697649125	0.0790592803	0.0584183226	0.0562291098	-0.1080382969	0.0188212421	-0.0474215062	0.0321393003	-0.0076020701	0.0382398858	0.0050070048	0.0585298932	0.029289777	-0.0248189445	-0.0021786796	-0.0201853738	0.0302215785	0.0920595767	-0.0013037392	-0.0670737935	0.0393874911	0.0055520881	0.1035890276	0.0291220497	0.0035348949	0.056197682	0.00078065	0.0375330449	-0.0360450114	-0.0924414655	-0.071671455	0.0530490917	-0.0137566536	0.068869479	-0.0799233509	-0.1578629609	-0.0420394863	0.043224303	-0.0920334991	-0.0163976814	-0.0539654855	0.0117889338	-0.0019529812	-0.0689699242	0.0271055585	0.0758195764	-0.0313242594	0.0373098197	-0.0205155084	-0.0311242014	0.0623584134	0.0454031694	-0.0603308878	-0.0007133829	-0.0849937449	-0.051361579	0.0157908519	-0.004637633	0.0589037275	0.0071177712	-0.0116524609	0.0120252095	-0.01494154	-0.0832480825	0.0253920674	-0.0927796358	0.0079356972	0.0455116153	0.0713171053	0.0088504671	0.0382647441	-0.0339371555	-0.0150766892	-0.0418056037	0.0235281507	-0.0591480434	-0.0080836692	-0.060263364	-0.0002046519	-0.0440339795	0.0904324798	0.0537162556	0.0316758926	0.0154042958	-0.0157463588	-0.0166378956	0.0653039581	-0.0133703886	0.0930875949	0.0851541541	0.0724287524	0.0556274983	0.0356958649	0.0	0.0217585	-6.350000000000106e-05	0.00047343232225	4.0322500000001344e-09	0.182177	0.1533737	0.033188459329	0.02352349185169	0.0469502	-0.0057385	3.293038225000001e-05	0.00220432128004	-0.00161236	5.290000000000026e-06	2.798410000000027e-11	2.5997047696e-06	-0.000869573	0.000124032	1.538393702400001e-08	7.56157202329e-07	-0.000654896	-0.0004505119999999	2.0296106214400002e-07	4.2888877081600005e-07	0.0	0.0	0.0	0.0	0.0	0.0	0.0	0.0	0.0	0.0	0.0	0.0	0.0	0.0	0.0	0.0	0.0	0.0	0.0	0.0	0.0	0.0	0.0	0.0	0.0	0.0	0.0	0.0	0.0	0.0	0.0	0.0	0.0	0.0	0.0	0.0	0.0	0.0	0.0	0.0	0.0	0.0	0.0	0.0	0.0	0.0	0.0	0.0
5506.398843727548	0.5106132157352476	0.2607258560834906	30320428.22620408	4523.290059358879	-3.381768641860617	11.436359147071803	20460152.961094853	3492.884314778646	0.1751303335340708	0.0306706337237548	12200240.836426692	3552.952215378385	6409.962073290655	1.012598	35.387489	0.27645311	0.200772	-0.0736481498	0.0748902698	-0.0028861389	0.0058879505	0.035751328	0.0896201023	-0.0416849265	-0.0400598259	0.0438427267	0.1306234794	-0.0759321396	-0.0342215864	-0.0258147916	0.0373550808	-0.030760145	-0.0444260572	0.0593705873	0.0188216245	0.0179343931	0.0419521965	0.0840659656	-0.0210756522	0.0062870578	-0.0417897084	-0.031708936	0.04709812	-0.0925373548	0.1006503992	0.0323256632	-0.0554652021	0.0148328237	0.0197799781	-0.0362814303	-0.0928024697	-0.1147946254	0.0065274698	0.0226392805	0.0235974141	-0.1254822911	0.0961518961	-0.0378753475	0.0858777628	-0.0866161392	-0.0008361208	0.1370332634	-0.0336817073	0.2284216896	0.0936792573	-0.0392257236	0.049386155	-0.0929144206	-0.0617738384	-0.1257968137	-0.0071041412	-0.0155733182	0.0302237606	0.0533116684	0.0341227468	0.0958179271	0.0092212637	-0.0912727217	-0.1320299134	-0.0273543792	0.0673563363	-0.0307583473	-0.0536364796	-0.1218651871	-0.0773952616	0.0439802372	0.0654959662	-0.0428713498	0.0032711828	0.0251723556	-0.1065572476	-0.0037541174	0.0501717124	0.0416352103	-0.0431094888	0.0643482185	-0.0066566037	-0.00927106	0.0330275301	0.0484722671	-0.0058845181	-0.0125376707	0.022025604	0.002384556	0.0104885638	-0.0362581546	-0.0233243714	-0.0233051809	-0.0389925836	-0.0270172147	-0.0753339603	0.0388332268	-0.1018261559	0.0927528101	0.0838550348	0.0696522155	0.051042886	0.0292043556	0.0	0.0218856	0.0001271	0.00047897948736	1.6154410000000386e-08	-0.012355	-0.194532	0.000152646025	0.037842699024	0.00044354	-0.04650666	0.0021628694243555	1.9672773160000001e-07	-0.00200874	-0.00039638	1.5711710440000016e-07	4.0350363876e-06	-0.000905046	-3.547299999999995e-05	1.2583337289999963e-09	8.191082621159999e-07	-0.000381002	0.0002738939999999	7.501792323599999e-08	1.4516252400400004e-07	0.0	0.0	0.0	0.0	0.0	0.0	0.0	0.0	0.0	0.0	0.0	0.0	0.0	0.0	0.0	0.0	0.0	0.0	0.0	0.0	0.0	0.0	0.0	0.0	0.0	0.0	0.0	0.0	0.0	0.0	0.0	0.0	0.0	0.0	0.0	0.0	0.0	0.0	0.0	0.0	0.0	0.0	0.0	0.0	0.0	0.0	0.0	0.0
5536.396007563659	29.997163836110303	899.8298382104438	30651680.75256682	4573.101320184589	49.81126082570973	2481.161705046884	20913255.684674032	3511.008993389424	18.12467861077812	328.50397474399784	12327184.151661418	3579.225166728213	6555.64324352239	1.062874	37.144482	0.19251454	0.105711	-0.1033737787	0.0414547641	0.005688538	-0.0463200718	0.036402856	0.1241710734	0.0315461547	0.0474038426	0.103044737	0.0773303933	0.0480144199	0.0527714154	-0.0296983384	0.0084222139	-0.0316877313	-0.0654745317	0.021670819	0.0108527817	0.1000066762	0.0970197994	0.0054940176	0.0354329506	0.056752747	-0.0257397807	0.0436889729	0.0500149381	-0.0095350006	-0.0605491283	0.0822002891	0.0293252144	-0.0363914518	0.0369022583	-0.0029665413	0.0132770608	0.1354688692	0.0779660939	-0.0677519155	0.0490789714	0.0118690146	-0.0392469408	-0.0991129626	-0.0534976888	-0.0086742307	-0.0138514895	0.0317726659	0.0517466265	-0.1795647183	0.1392322843	-0.0804077372	0.0496413909	0.1030319417	-0.0981984213	0.0391570162	-0.0016590071	-0.0050849084	0.0456185651	-0.0525205846	-0.0250403991	-0.0122352283	0.0425241598	0.1423207993	-0.0380008239	0.0445113514	-0.0796963228	-0.017434139	-0.045769707	0.0640446725	-0.03756633	-0.0135341059	-0.1029398906	-0.0424567282	-0.0516318851	0.0053432672	-0.1075096523	0.0010814331	0.0575758629	-0.0026118875	-0.0646857239	0.0759771734	-0.0544074653	-0.0297477005	0.0407128883	0.0618776056	-0.0219849328	-0.0242222581	-0.0309916838	0.0602647599	-0.0224789486	0.0118684691	0.0030553141	0.0383887348	-0.0222792246	-0.018710696	-0.0792611263	-0.0683724733	-0.1082901092	0.0923987632	0.0824862614	0.0667455128	0.0462887143	0.0225612856	0.0	0.0219344	4.879999999999815e-05	0.00048111790336	2.3814399999998197e-09	0.0666479	0.0790029	0.0044419425744099	0.00624145820841	-0.0586978	-0.05914134	0.0034976980969956	0.00344543172484	-0.00193565	7.309000000000026e-05	5.342148100000039e-09	3.7467409225e-06	-0.000358754	0.000546292	2.98434949264e-07	1.2870443251599997e-07	-0.00084805	-0.000467048	2.18133834304e-07	7.191888025e-07	0.0	0.0	0.0	0.0	0.0	0.0	0.0	0.0	0.0	0.0	0.0	0.0	0.0	0.0	0.0	0.0	0.0	0.0	0.0	0.0	0.0	0.0	0.0	0.0	0.0	0.0	0.0	0.0	0.0	0.0	0.0	0.0	0.0	0.0	0.0	0.0	0.0	0.0	0.0	0.0	0.0	0.0	0.0	0.0	0.0	0.0	0.0	0.0
5519.600557279801	-16.795450283857463	282.08715023752774	30465990.311923493	4529.429975080719	-43.67134510387041	1907.186383181346	20515735.89915972	3494.7915493539663	-16.217444035457902	263.0054910432091	12213567.973435896	3560.494131808192	6572.820635720136	1.128964	39.45414	0.18919497	0.0964297	-0.0897270824	0.0447897405	-0.0236578162	-0.0689438183	0.0436743461	0.1186141506	-0.076146417	-0.0732777614	0.0716403978	0.0853830872	-0.0205270429	-0.0673355218	-0.0873973831	0.001299749	-0.0277162938	0.00580141	-0.0117804248	0.0304021511	0.0236843064	0.0342715234	0.1256871232	-0.1011969317	-0.0365486073	0.0434260556	0.049636324	-0.0194288466	0.0394975246	0.058059975	0.0237985839	-0.0224350027	0.0057000887	-0.0275893992	0.097145302	-0.0037035968	-0.0244069549	0.0886833298	0.0158743791	0.0558772912	-0.0541556446	-0.0498155081	-0.0872160385	-0.032089928	0.1382572691	-0.2497557291	-0.0491320723	0.0299898489	0.0479355367	-0.1819677196	-0.074186844	0.0418670907	-0.0703563741	-0.0652918897	-0.0165567391	0.0204436545	-0.0571968043	-0.0367201539	0.0232167762	0.0526810019	0.0166188311	-0.0104134789	-0.0818785709	0.0084698695	0.0270350208	0.0155702401	0.1675797659	-0.0077999379	-0.0466664209	0.1771158948	0.0819194989	0.0507316235	0.019947337	-0.0093123406	0.0119557287	-0.1187713774	-0.0013940915	0.0401711778	0.0124924782	-0.066232055	0.0818322394	0.0080512074	0.0522046405	0.0310502155	0.0414397368	-0.000458832	0.0234306325	0.0531307791	0.0158195556	-0.0031829398	0.0026115318	-0.0331589695	-0.0144212722	-0.0619823125	-0.0753913735	-0.0661523758	0.0167538019	-0.1029351922	0.0920255275	0.0810489711	0.0637140765	0.0413807762	0.0158011302	0.0	0.0103506	-0.0115838	0.00010713492036	0.00013418442244	-0.00198072	-0.06862862	3.9232517184e-06	0.0047098874831044	-0.0258699	0.0328279	0.00107767101841	0.00066925172601	-0.000712897	0.001222753	1.495124899009e-06	5.082221326089999e-07	-0.000139662	0.0002190919999999	4.8001304463999995e-08	1.9505474244e-08	-0.000766802	8.124800000000002e-05	6.601237504000003e-09	5.87985307204e-07	0.0	0.0	0.0	0.0	0.0	0.0	0.0	0.0	0.0	0.0	0.0	0.0	0.0	0.0	0.0	0.0	0.0	0.0	0.0	0.0	0.0	0.0	0.0	0.0	0.0	0.0	0.0	0.0	0.0	0.0	0.0	0.0	0.0	0.0	0.0	0.0	0.0	0.0	0.0	0.0	0.0	0.0	0.0	0.0	0.0	0.0	0.0	0.0
5536.441446151433	16.84088887163216	283.6155379866639	30652183.886663374	4593.959269984487	64.52929490376846	4164.029900777518	21104461.7742764	3499.2434205979566	4.451871243990354	19.81915757306822	12244704.516598089	3568.504967470574	6422.832455415971	1.432935	50.077076	0.48114952	0.231517	0.0235829231	0.0376999477	-0.2125546775	0.1120009053	0.0563465483	-0.0224051708	-0.0070419871	0.0290412078	0.0901781919	0.025744487	0.0338816707	-0.13617705	-0.0436403893	0.1332700966	-0.0439471906	-0.0694857337	0.1457848671	0.0313905163	0.0313522688	0.0460410679	0.0373206515	-0.0543655578	0.0955553386	-0.1422997543	0.0085653446	0.1319703793	0.0120966679	0.0641060073	-0.0366562025	0.0717144412	0.018328223	-0.1061314324	-0.1408032849	0.1534650785	0.0234749342	-0.0045324269	-0.021589096	0.0786013537	-0.0813792005	-0.0392642473	-0.1170692029	-0.1047225174	-0.0446236921	0.122078343	0.0654661923	0.0112530115	-0.02794315	0.1045744746	-0.0606639083	0.0481910184	0.0331791499	-0.0498357999	-0.0857401056	0.0796645968	0.1378578743	0.0653678745	0.0242872728	-0.0275471552	0.0391638655	-0.1123914421	0.2059616994	-0.0564939099	-0.0586824608	-0.0304084826	0.0979589757	0.1482379099	-0.0107981461	-0.112916402	0.0539402835	-0.0877766067	0.0241606693	0.0909815567	0.0207550946	-0.0896436714	0.0582187002	-0.0321160555	0.1838330709	0.0790477202	-0.0202367183	0.0340322575	-0.1199160442	0.0063640616	-0.05236773	-0.0691903851	-0.0387548445	0.0062239747	0.0756093184	-0.0425516302	0.0647510007	-0.0318971072	0.0640405279	0.0009993513	0.077741708	0.0056100436	-0.0105556032	0.0447209353	0.0916331806	0.0795443577	0.0605635717	0.0363353752	0.0089589723	0.0	-0.0184263	-0.0287769	0.00033952853169	0.00082810997361	0.0486518	0.05063252	0.00236699764324	0.0025636520815504	0.171472	0.1973419	0.03894382549561	0.029402646784	0.00184707	0.002559967	6.553431041088999e-06	3.4116675849e-06	0.000907176	0.001046838	1.095869798244e-06	8.229682949759999e-07	-0.000285643	0.000481159	2.3151398328100007e-07	8.159192344899998e-08	0.0	0.0	0.0	0.0	0.0	0.0	0.0	0.0	0.0	0.0	0.0	0.0	0.0	0.0	0.0	0.0	0.0	0.0	0.0	0.0	0.0	0.0	0.0	0.0	0.0	0.0	0.0	0.0	0.0	0.0	0.0	0.0	0.0	0.0	0.0	0.0	0.0	0.0	0.0	0.0	0.0	0.0	0.0	0.0	0.0	0.0	0.0	0.0
5493.760272515471	-42.681173635962296	1821.682582943163	30181401.931869265	4500.697264894914	-93.262005089573	8697.801593327538	20256275.87023256	3482.592984900841	-16.650435697115427	277.2370089037757	12128453.898480551	3544.181819941888	6373.977048482977	1.079383	37.721447	0.1610163699999999	0.0783235999999999	-0.0057087326	0.0565907817	-0.1887494051	0.1050857177	0.04780806	-0.0390858716	-0.0234622229	-0.0740665713	0.0670131867	0.0441731412	0.1017766782	-0.0369395465	-0.1391075691	0.0477898647	-0.0961535781	0.1317747163	-0.0454624693	0.0402087983	-0.040250796	0.0065395378	0.1472703377	-0.0972715695	-0.0263166817	-0.0846957802	0.0059753798	0.0742675737	0.0186655748	-0.036100496	0.0321709403	0.0276463535	0.0976309089	-0.0610379087	-0.0630871586	-0.0414033675	-0.0217120716	-0.035661722	-0.0502355653	-0.0193404333	0.0145129723	0.003424931	-0.0444899492	-0.0324999257	0.0789962773	-0.1315643299	-0.0638597873	0.0050182093	-0.0997468724	-0.0540627313	-0.0636953632	-0.0010257704	-0.0586433667	-0.0378472993	-0.0213737973	0.1786623955	-0.0391206543	-0.0499618022	0.0204727626	-0.0228403085	0.1120584998	-0.0118962309	-0.0326422047	0.0370081487	-0.1179030796	-0.0240139447	0.0172246036	0.0261036953	0.0708384174	0.0750941175	0.0190524617	0.0089960456	0.0734005235	-0.0650489335	0.0271322884	-0.1082003652	0.0405326922	-0.0141703542	0.165391581	0.0778974453	-0.0250925998	0.0586332174	-0.0178764114	-0.0329509189	-0.0523081416	-0.0261321998	0.0132913333	-0.020847442	-0.0107430035	-0.0410449237	0.1037957313	-0.004170668	0.009687852	0.0074012364	-0.0202033755	-0.0435541882	-0.0147804675	0.0249617154	0.0912218041	0.0779736709	0.057299886	0.0311692719	0.0020703204	0.0	0.00645557	0.02488187	4.16743840249e-05	0.0006191074546969	0.108727	0.0600752	0.011821560529	0.00360902965504	0.173817	0.0023449999999999	5.499024999999934e-06	0.030212349489	0.0012627	-0.0005843699999999	3.414882968999998e-07	1.5944112900000002e-06	0.000349308	-0.000557868	3.11216705424e-07	1.22016078864e-07	-0.000617691	-0.000332048	1.10255874304e-07	3.8154217148100005e-07	0.0	0.0	0.0	0.0	0.0	0.0	0.0	0.0	0.0	0.0	0.0	0.0	0.0	0.0	0.0	0.0	0.0	0.0	0.0	0.0	0.0	0.0	0.0	0.0	0.0	0.0	0.0	0.0	0.0	0.0	0.0	0.0	0.0	0.0	0.0	0.0	0.0	0.0	0.0	0.0	0.0	0.0	0.0	0.0	0.0	0.0	0.0	0.0
5532.2723318962135	38.51205938074236	1483.1787177458257	30606037.154264368	4567.185653175464	66.48838828054977	4420.705776145148	20859184.790571783	3496.5660033553686	13.973018454527391	195.24524473056303	12225973.815820536	3568.7499061211884	6430.22448087534	1.082708	37.837627	0.18540567	0.127464	-0.0042862103	0.0479858122	-0.205998935	0.0864999299	0.0485119006	-0.0209901142	-0.0632482402	-0.0295932427	0.0858580761	0.0879959327	-0.066469832	-0.0844807055	-0.0234644088	0.0593630024	0.0189689705	-0.0431620142	0.0425718261	0.0453916175	0.0587371257	0.0857281149	0.022672342	-0.0829873396	-0.0141831001	-0.1040707095	-0.0757571407	0.0523523181	-0.1037004808	0.1237092593	0.0299813363	-0.0479440948	0.0685178274	0.0012667245	-0.0652420003	0.0343511444	-0.0639207664	-0.0574828422	0.0753762963	0.1039388655	-0.0229716471	0.0700483661	-0.0544911161	0.0897126637	-0.0160953868	-0.0052193725	0.0256436419	-0.0578651028	0.0798279306	-0.1313237682	-0.0696242408	0.0779499709	-0.0834028203	-0.0737460752	-0.0700485821	-0.0138190927	0.069810234	0.07174509	0.0913886539	-0.0022439157	0.0113564463	0.0088190644	-0.0488840257	-0.098671548	-0.0935817891	0.0321601235	-0.0114441534	-0.0340276051	-0.1636637283	-0.1143430635	-0.0096107533	-0.0342000851	0.0675255076	0.0546083192	0.0149199756	-0.108851505	0.0346213024	-0.0201151395	0.1647868359	0.0428367033	0.0017885037	0.0422162612	-0.0554410207	-0.0213383431	-0.0553925206	-0.0866427849	0.0013283806	0.1084326309	0.0753332378	-0.0499342388	0.0372428553	-0.041839636	0.0226306204	-0.0381366545	0.0661351408	0.0216682293	0.053798703	-0.0335455087	0.0907914833	0.0763382156	0.0539291185	0.0258996273	-0.0048290757	0.0	0.0169873	0.01053173	0.00028856836129	0.0001109173367928	-0.0149015	-0.1236285	0.00022205470225	0.01528400601225	0.158657	-0.01516	0.0002298256	0.0251720436489999	0.0014725	0.0002098	4.401604e-08	2.1682562500000004e-06	8.739919999999998e-05	-0.0002619088	6.859621951744e-08	7.638620160639996e-09	-0.000367691	0.0002499999999999	6.249999999999997e-08	1.35196671481e-07	0.0	0.0	0.0	0.0	0.0	0.0	0.0	0.0	0.0	0.0	0.0	0.0	0.0	0.0	0.0	0.0	0.0	0.0	0.0	0.0	0.0	0.0	0.0	0.0	0.0	0.0	0.0	0.0	0.0	0.0	0.0	0.0	0.0	0.0	0.0	0.0	0.0	0.0	0.0	0.0	0.0	0.0	0.0	0.0	0.0	0.0	0.0	0.0
5483.925386224725	-48.34694567148836	2337.4271557618467	30073437.64168	4532.151718942742	-35.03393423272155	1227.3765478226587	20540399.203515653	3479.8582008713943	-16.70780248397432	279.1506638434984	12109413.098171895	3545.284888987888	6334.8066162567575	1.142984	39.944111	0.15008542	0.0914391	-0.0117875304	0.0716827591	-0.1783896304	0.1122145906	0.0558048333	-0.0347364863	0.0490684822	-0.0157853669	0.0697072799	0.086098901	0.0743736351	-0.0678090539	-0.0446903242	0.0938614975	-0.0537237072	0.0189786411	-0.0219625052	0.0453120113	-0.0368797385	-0.0014261923	0.126131486	-0.0333985269	-0.0101766877	-0.0846893524	-0.0106335961	0.142880398	0.0435500923	0.0087961562	0.0092730883	0.1045532205	0.0344268266	-0.0854295377	0.0192391333	0.0168978782	0.035065	-0.0089209198	0.0592525515	0.1095531037	-0.015464071	-0.0075817094	0.1218153119	-0.076177724	0.0713618104	0.1472755478	0.0135007431	0.0397874169	-0.0597305511	0.0801474186	-0.076087088	-0.0196294476	0.0183348128	-0.0332586885	-0.0805490629	0.1605743018	-0.017765192	-0.0255062696	-0.0213285342	-0.1054530453	0.0639549101	-0.0596295219	0.1550654769	-0.0668676985	-0.0021496479	-0.0515809814	0.0271695433	-0.0619297183	0.0016135053	-0.021554188	0.0103503246	-0.0324767892	-0.0156465023	0.0637075591	0.0232393276	-0.1243619719	0.035242003	-0.0092569415	0.1634087156	0.0766116051	-0.0419140762	0.0728446857	-0.0638856642	0.0044103394	-0.0402302327	0.0155195698	-0.0550971776	-0.0529041713	0.0107113736	0.0003560097	0.0473843323	-0.0364466212	0.0393419034	-0.0137939588	0.0096927944	-0.0488166904	-0.0462152076	-0.0157958247	0.0903423075	0.07463935	0.0504575686	0.0205439468	-0.0117034106	0.0	0.00904909	-0.00793821	8.188602982809999e-05	6.301517800410002e-05	0.0666465	0.081548	0.00444175596225	0.0066500763039999	0.163076	0.004419	1.9527561000000057e-05	0.026593781776	0.00140668	-6.582000000000007e-05	4.3322724000000094e-09	1.9787486224e-06	-0.000546516	-0.0006339152	4.018484807910401e-07	2.986797382560001e-07	-0.0007915599999999	-0.0004238689999999	1.796649291609152e-07	6.265672335998417e-07	0.0	0.0	0.0	0.0	0.0	0.0	0.0	0.0	0.0	0.0	0.0	0.0	0.0	0.0	0.0	0.0	0.0	0.0	0.0	0.0	0.0	0.0	0.0	0.0	0.0	0.0	0.0	0.0	0.0	0.0	0.0	0.0	0.0	0.0	0.0	0.0	0.0	0.0	0.0	0.0	0.0	0.0	0.0	0.0	0.0	0.0	0.0	0.0
5535.861411002155	51.93602477743025	2697.350669681849	30645761.561822776	4579.168333792801	47.01661485005843	2210.562071958735	20968782.629210733	3500.42742575621	20.569224884815867	423.0930123621283	12252992.162986249	3568.6536274661435	6355.512381738203	1.382194	48.303829	0.44182916	0.30292	0.0260941197	0.0611041718	-0.1674590337	0.1408931685	0.058725399	-0.1010067778	-0.1597925493	-0.0519075148	0.0661545121	0.0013422617	0.0187695142	-0.060095218	-0.1753163723	0.1107362032	0.024257356	0.0193334371	0.027629339	-0.0203441151	0.0194281027	0.094422041	0.0020035154	-0.1869576666	-0.0627854431	-0.0059558004	0.0670833531	0.1027800077	-0.077372382	0.0256009008	-0.1107876902	0.1835251007	0.0777348121	-0.0279759017	-0.0895286107	0.1570106486	0.0672415572	0.0305849936	-0.1643865034	-0.0082497542	0.0014572576	-0.0584008107	0.0392043485	0.0828417313	0.0977884899	-0.0098315427	-0.1048847345	-0.1768981254	0.0611271412	-0.0242044792	0.0057111537	0.0933159377	-0.1174237284	-0.0551651031	0.0427334052	0.1108507953	0.101350725	0.0745850172	0.0831652968	-0.0219603533	0.1402767235	-0.1037208053	0.0095072399	0.1082973634	-0.0671323964	-0.056782618	0.1767593073	0.176942295	0.0065969853	-0.0684245197	-0.0174035511	0.0255685061	0.0113046638	0.024144892	0.0488311567	-0.0827848722	0.028788972	-0.0162039058	0.162375282	0.1670527921	-0.1313447156	0.0449933945	-0.0956073196	-0.0173600661	-0.0544571262	-0.0129687286	0.0557356245	0.0049479587	-0.0201066301	-0.0079304488	0.1064970409	0.1866409472	-0.010151493	0.0609566731	0.1144401441	0.1208659426	-0.0265526711	0.0574663503	0.0898743702	0.0728784856	0.0468917239	0.0151200214	-0.0185170088	0.0	0.0187263	0.00967721	0.00035067431169	9.364839338410004e-05	0.138931	0.0722845	0.019301822761	0.00522504894025	0.44504	0.281964	0.079503697296	0.1980606016	0.000625226	-0.000781454	6.10670354116e-07	3.90907551076e-07	-0.00130896	-0.000762444	5.81320853136e-07	1.7133762816000005e-06	-0.0007773889999999	1.4170999999999995e-05	2.0081724099999988e-10	6.043336573208445e-07	0.0	0.0	0.0	0.0	0.0	0.0	0.0	0.0	0.0	0.0	0.0	0.0	0.0	0.0	0.0	0.0	0.0	0.0	0.0	0.0	0.0	0.0	0.0	0.0	0.0	0.0	0.0	0.0	0.0	0.0	0.0	0.0	0.0	0.0	0.0	0.0	0.0	0.0	0.0	0.0	0.0	0.0	0.0	0.0	0.0	0.0	0.0	0.0
5455.22507779101	-80.63633321114503	6502.21823373881	29759480.64935993	4504.991042944803	-74.17729084799794	5502.270477548479	20294944.297012903	3475.691992688301	-24.73543306790907	611.8416490570096	12080434.828037571	3539.297233424846	6226.881747853995	1.3106	45.801834	0.16854944	0.137232	0.0283028731	0.0760350816	-0.1469262797	0.1352164988	0.0659648424	-0.1075964409	0.0174015789	0.0195706013	-0.0097530678	0.0841164832	0.0041706515	-0.13149981	0.0256468611	0.2282218745	-0.0747546867	0.0073051346	0.0748556932	0.0218953548	-0.1015493363	-0.0406386154	0.1515673561	-0.020211232	0.1204489531	-0.085507867	0.0459371715	0.143129345	-0.0310983697	-0.0034422064	-0.0561367753	0.1155870107	0.011851057	-0.0503738873	0.0218109496	0.1236640468	0.0635682138	-0.0800814871	-0.0304071699	-0.0409518933	0.0322296858	-0.0573757934	-0.0033416252	0.0419471114	0.1059807622	-0.0230260179	-0.0097597885	-0.0998405477	0.0697299092	0.0281035786	0.0001967325	-0.0479669388	-0.0417814605	-0.0135442215	-0.1857123667	0.1471805501	0.0092062893	0.0378459986	-0.0257910289	-0.0265241111	0.0528964453	-0.0667524422	0.1731296085	0.0235717229	-0.098069091	-0.0738455424	0.0700780519	0.1156305264	0.0086379865	0.0399633192	-0.0132704373	-0.0280793678	0.0683032642	0.0589205499	0.0500026779	-0.0982387638	0.0207511813	-0.0237160316	0.160777062	0.1506537944	-0.1355589727	0.1137403984	-0.011823447	0.0030630495	-0.0914390908	0.048682265	0.0404560179	0.0882229291	-0.0783477283	0.0754048665	-0.0537787459	0.0262600164	-0.0752719368	-0.0098930537	0.0267470482	0.0792676551	-0.0259157804	0.0214677842	0.0893877684	0.0710570848	0.0432382481	0.0096458687	-0.02523451	0.0	0.0202443	0.0015179999999999	0.00040983168249	2.304323999999996e-06	0.00345651	-0.13547449	1.19474613801e-05	0.0183533374407601	0.446491	0.001451	2.1054010000001038e-06	0.199354213081	0.000995025	0.000369799	1.367513004010001e-07	9.90074750625e-07	-0.00116599	0.00014297	2.0440420900000023e-08	1.3595326801e-06	-0.000866739	-8.935000000010005e-05	7.983422500017879e-09	7.512364941210001e-07	0.0	0.0	0.0	0.0	0.0	0.0	0.0	0.0	0.0	0.0	0.0	0.0	0.0	0.0	0.0	0.0	0.0	0.0	0.0	0.0	0.0	0.0	0.0	0.0	0.0	0.0	0.0	0.0	0.0	0.0	0.0	0.0	0.0	0.0	0.0	0.0	0.0	0.0	0.0	0.0	0.0	0.0	0.0	0.0	0.0	0.0	0.0	0.0
5548.279601649128	93.05452385811805	8659.14441046106	30783406.53807581	4594.503909170342	89.51286622553926	8012.553219911287	21109466.171381555	3517.1918549679485	41.49986227964746	1722.238569229706	12370638.54465288	3577.222668869318	6292.762531007779	1.464886	51.193703	0.12299939	0.0633903	0.0153851569	0.0771601883	-0.16834194	0.1483031926	0.040758959	-0.0693090237	-0.0647677999	-0.0023944656	0.1252040048	-0.0261942375	0.0649499011	-0.0058780302	-0.2142614969	-0.0154785093	0.0187762406	-0.0109651921	0.0511559874	-0.0047421091	0.1223054444	0.1635484471	-0.1154632477	-0.1207083457	0.0483411645	-0.0697983432	0.0268269342	0.2007091452	-0.1147913667	-0.0108075408	-0.0502917536	0.2235235209	0.035392396	-0.0203895158	-0.1656683664	0.0170055097	-0.0135958933	-0.0798050006	-0.095540159	0.0524873321	-0.0004155029	-0.0341912429	0.0369232403	0.1473511022	0.133277063	0.021540328	-0.1006556048	-0.0278765714	-0.1440759033	-0.047585055	-0.0422924675	0.1110655556	0.0190413448	-0.076645104	0.1098546563	0.1154781369	0.1740278298	0.1049861886	0.0864110647	-0.0337206353	0.2010056415	-0.0251163838	0.0121590658	0.0168947724	-0.1087460789	-0.088351385	-0.0629166657	0.1308976034	-0.0231599775	-0.1596531535	-0.0217670532	0.0579580967	0.0696050457	0.0180363295	0.042942287	-0.1042208335	0.0212010929	-0.0099850817	0.1687275206	0.1340397751	-0.1138554591	0.0226217893	-0.1859996468	0.0294534364	-0.0316603855	-0.0186812156	-0.0061315566	0.0520341062	0.0059038916	-0.023930354	0.0489582399	0.1464905934	0.0467759766	0.0180311218	0.2064357587	0.173199594	-0.0573497577	-0.0224957153	0.0888826032	0.0691766606	0.0395039689	0.0041396735	-0.0318210527	0.0	0.0171833	-0.003061	0.0002952657988899	9.369721000000009e-06	0.0358582	0.03240169	0.00128581050724	0.001049869514856	0.397136	-0.049355	0.002435916025	0.1577170024959999	0.000717212	-0.000277813	7.718006296900007e-08	5.143930529439999e-07	-0.00162337	-0.00045738	2.091964644000001e-07	2.6353301569e-06	-0.000838298	2.8441000000000035e-05	8.08890481000002e-10	7.02743536804e-07	0.0	0.0	0.0	0.0	0.0	0.0	0.0	0.0	0.0	0.0	0.0	0.0	0.0	0.0	0.0	0.0	0.0	0.0	0.0	0.0	0.0	0.0	0.0	0.0	0.0	0.0	0.0	0.0	0.0	0.0	0.0	0.0	0.0	0.0	0.0	0.0	0.0	0.0	0.0	0.0	0.0	0.0	0.0	0.0	0.0	0.0	0.0	0.0
5369.558150308583	-178.72145134054517	31941.357169270857	28832154.72954533	4419.496277731571	-175.00763143877066	30627.67106180859	19531947.34888321	3431.873949944912	-85.31790502303647	7279.144917519872	11777758.808310492	3498.356742548975	6131.188017892883	3.059995	106.938293	0.4532369	0.282868	0.0216778765	0.069289531	-0.119855618	0.1142350876	0.0795542635	-0.1419181405	-0.040553106	-0.1209864928	-0.0918264048	0.1532817318	-0.0418646479	-0.1414599533	0.1315885135	0.262288132	-0.1913543424	0.1361261284	-0.1466775134	0.0676833788	-0.2624160885	-0.2962615978	0.557593411	-0.0647227371	0.1003619326	0.1240826628	0.0470444172	-0.0082919425	0.047866655	0.0939376542	-0.0048696979	-0.0485190212	0.0249038126	-0.2404758924	0.0109723879	0.0569025109	-0.0130215245	0.0354896943	0.0974785204	-0.2051423379	0.0529456813	0.0193444596	-0.010125292	-0.0521662734	0.13253378	0.0502412065	0.0317136752	0.0072216301	0.0158302002	-0.0004417008	-0.0267164513	-0.1183795942	-0.2872230384	0.0816157864	-0.4012224432	0.1794768803	-0.2908963687	-0.2481272966	-0.1663352928	0.0691357527	0.0604965595	-0.1124513125	0.1414716583	0.0322958409	-0.0178005701	0.1518017989	0.1184519766	-0.0688253643	-0.0155586078	0.1395224754	0.0473232589	0.0832474051	-0.074351836	-0.12058537	0.0151291054	-0.12567896	0.0550461038	-0.0430130748	0.1672865197	0.1479249824	-0.1728532783	0.1898879776	0.3115071685	-0.0362908608	-0.1563064224	0.1452086811	0.1594023153	-0.1466280978	-0.0765708863	0.2742384725	-0.1637395099	-0.110545927	-0.1140008315	0.0232141765	-0.4682854894	-0.2221089227	-0.0192098844	0.1403613886	0.0883589795	0.067238775	0.0356958649	-0.0013802733	-0.038242455	0.0	0.0125059	-0.0046773999999999	0.00015639753481	2.1878070759999984e-05	0.0792047	0.0433465	0.00627338450209	0.00187891906225	0.222034	-0.1751019999999999	0.0306607104039999	0.049299097156	0.00433861	0.0036213979999999	1.3114523474403998e-05	1.88235367321e-05	-0.00096114	0.00066223	4.385485729000001e-07	9.237900996e-07	-0.00115689	-0.000318592	1.0150086246400002e-07	1.3383944721e-06	0.0	0.0	0.0	0.0	0.0	0.0	0.0	1.0	0.0	0.0	0.0	0.0	0.0	0.0	0.0	0.0	0.0	0.0	0.0	0.0	0.0	0.0	0.0	0.0	0.0	0.0	0.0	0.0	0.0	0.0	0.0	0.0	0.0	0.0	0.0	0.0	0.0	0.0	0.0	0.0	0.0	0.0	0.0	0.0	0.0	0.0	0.0	0.0
5500.460528730644	130.9023784220608	17135.432676552406	30255066.0281238	4582.759784169174	163.2635064376027	26654.972534301138	21001687.239398293	3487.704985852364	55.83103590745213	3117.1045704992093	12164086.06833944	3554.753530094037	6785.339559440504	3.875618	135.442062	5.6053127	2.93017	-0.0865077923	-0.1840120885	-0.0708419	-0.140462592	0.056116112	-0.1583441034	0.1002487838	-0.1199011875	0.2050093879	-0.4421393249	-0.1577069554	0.5750780485	0.0224281554	0.3283554987	0.0960478186	-0.0938860249	0.0161672508	0.1522809991	0.2255478359	-0.2991555294	-0.3035921681	0.1494034391	0.2088396627	0.4254051042	-0.0611902596	0.2949678673	0.0486920348	0.1024115026	-0.1371543881	-0.0103989433	0.3417760342	-0.0335976162	0.0232523687	0.1679892781	-0.0415155096	0.2522255918	0.0990450943	-0.0565607767	0.0597255443	0.0123737192	0.0209920782	0.0472041634	-0.0568708514	-0.0579433209	0.1186350096	-0.0067815084	-0.0205298368	0.0075576484	-0.1382495256	0.0019405415	0.1353897542	0.3624601662	0.1021780874	-0.1975173929	0.194865593	0.1977727024	-0.5234993284	-0.1386102391	0.2100614448	-0.2790931901	-0.1107072563	0.0034788504	-0.0304655129	0.1692074901	0.1264524889	-0.1409309913	-0.162905712	0.0530174448	-0.0072235979	-0.1346796059	-0.034360938	-0.1555986495	-0.2452143379	0.0022576482	-0.0658050354	-0.1773802928	-0.1321021818	0.2995479373	-0.0151894678	0.1192997084	-0.1326079969	-0.1901105606	0.4301069282	0.121914523	0.5185108265	-0.1221321745	0.1261070436	-0.2170984593	-0.2321567447	-0.2021042809	0.1455276628	0.036673944	0.1063336949	-0.019190481	-0.0063035482	0.0111950307	0.0878170061	0.0652450377	0.0318210527	-0.006895635	-0.0444653919	0.0	0.555551	0.5430451000000001	0.308636913601	0.29489798063401	-0.0607739	-0.1399786	0.00369346692121	0.01959400845796	-0.595144	-0.817178	0.667779883684	0.354196380736	0.0468396	0.04250099	0.0018063341509801	0.00219394812816	0.0184354	0.01939654	0.0003762257639716	0.00033986397316	0.0190478	0.02020469	0.0004082294979961	0.00036281868484	0.0	0.0	0.0	0.0	0.0	0.0	0.0	0.0	1.0	0.0	0.0	0.0	0.0	0.0	0.0	0.0	0.0	0.0	0.0	0.0	0.0	0.0	0.0	0.0	0.0	0.0	0.0	0.0	0.0	0.0	0.0	0.0	0.0	0.0	0.0	0.0	0.0	0.0	0.0	0.0	0.0	0.0	0.0	0.0	0.0	0.0	0.0	0.0
5425.112535616491	-75.34799311415281	5677.32006633042	29431846.024103194	4434.847502639989	-147.91228152918484	21878.043027168835	19667872.37167215	3465.86576534956	-21.839220502803983	476.95155217009386	12012225.503422093	3512.352665450681	6477.661092505441	3.165754	110.634277	2.3898898000000006	1.27394	-0.0423731032	-0.1507649606	-0.0383953759	-0.1072935591	0.0533060328	-0.2313084486	0.0547637988	-0.21973667	-0.0551853953	-0.0473643098	0.0164332421	-0.0409720618	-0.0254326888	-0.0038516687	-0.1481915207	0.1788124346	-0.0834619834	0.086693981	0.0618012256	-0.3363170455	0.0943456379	0.0865491575	0.0631819685	0.164398213	-0.0986501602	-0.0363078948	-0.0572284173	-0.1150667994	-0.099352675	0.1666529885	-0.0946237974	0.2461528469	-0.0245372002	-0.2568552508	-0.1760873348	-0.1800191362	0.0433615982	0.235887338	0.0679443196	-0.3482871797	0.097108889	-0.0562168075	0.0683534121	0.0710819364	-0.1609533524	-0.0651012737	0.1136526473	-0.0567953494	-0.0886676484	-0.0105979479	-0.0472080414	0.3001030676	-0.0637258395	0.0242943056	-0.0652758718	-0.1622723416	-0.2249885843	0.0372100193	0.1111731823	-0.0248330535	-0.2123981776	0.1925844747	0.2051739712	-0.1846192169	-0.2173191903	0.0472979191	0.1291138308	-0.074136904	0.0356155595	-0.136071574	0.1865146476	0.3367938969	-0.2201549771	0.0291517536	0.0218789859	-0.1464452114	-0.09578183	0.171087178	-0.1411679039	-0.0304669301	-0.0192850007	-0.3728416466	0.2079109503	0.1107854087	-0.5676973999	0.1715805228	0.0360108365	-0.2449976216	-0.1538316618	0.2488675318	-0.1110183558	-0.0811309589	-0.2380781392	-0.0095437234	-0.0799134584	0.099362878	0.0872567955	0.0631971047	0.0278867734	-0.0123880901	-0.0504575686	0.0	0.341013	-0.214538	0.116289866169	0.046026553444	-0.0503881	0.0103858	0.00253896062161	0.00010786484164	-0.141552	0.453592	0.205745702464	0.020036968704	0.0290747	-0.0177649	0.00031559167201	0.0008453381800899	0.0116336	-0.0068018	4.626448324000003e-05	0.0001353406489599	0.00938702	-0.00966078	9.33306702084e-05	8.811614448039998e-05	0.0	0.0	0.0	0.0	0.0	0.0	0.0	0.0	0.0	1.0	0.0	0.0	0.0	0.0	0.0	0.0	0.0	0.0	0.0	0.0	0.0	0.0	0.0	0.0	0.0	0.0	0.0	0.0	0.0	0.0	0.0	0.0	0.0	0.0	0.0	0.0	0.0	0.0	0.0	0.0	0.0	0.0	0.0	0.0	0.0	0.0	0.0	0.0
5368.7632388772645	-56.3492967392267	3175.243243005425	28823618.71511989	4462.200834940495	27.353332300505823	748.2047879418953	19911236.29134365	3451.588381660657	-14.277383688903228	203.84368500015995	11913462.356414832	3511.152937261877	6010.729211303595	3.423553	119.643654	4.3337347	2.86139	0.0552957099	0.1164512782	0.0117164294	-0.0324281591	-0.1151843703	0.0056316479	0.0553707319	-0.1646761933	-0.3057942863	-0.0419168416	-0.0210765874	-0.0926570229	-0.0944613475	0.17949328	-0.1422578916	-0.1845802925	0.0383636936	-0.0221028403	-0.3419270957	-0.1955993031	-0.0856633712	-0.1368170636	0.162862839	0.0260246743	-0.1816811448	0.0300646293	0.0061575693	0.2158413714	0.2222261318	0.0698248975	-0.0155784146	0.1133323419	0.054950283	-0.1673940518	0.1233486961	0.1648406287	-0.2977035029	0.0375615908	0.1249102743	0.0556964755	-0.0593320435	0.0360673759	-0.1403006517	0.1128771231	-0.033159617	-0.0387824385	-0.069421844	-0.0766904505	0.159504398	-0.2737427315	-0.1734229832	0.1076422966	-0.0664618706	0.040417443	0.1644328737	-0.1199118971	-0.0970607493	-0.0976573073	-0.077763224	0.1369996454	-0.0445961737	-0.3516836299	0.0087980257	-0.0337229641	0.0277176469	0.1123703244	-0.032167177	0.1599207417	-0.2129665509	-0.095511198	-0.0691249639	-0.0824568998	0.0669954902	0.083898196	-0.1193079424	-0.084333288	-0.0344662184	-0.0614211851	-0.1140569639	0.1535006259	0.1093069246	-0.2056429073	-0.1558659354	-0.0138877828	-0.1184361164	-0.0049054506	-0.1155507612	0.0272688	0.0328941146	-0.1893921664	-0.147328381	0.2953565941	0.2078160529	-0.1330231022	-0.054225238	-0.0389746703	0.0866784641	0.0610966773	0.0239003795	-0.0178393932	-0.0561878877	0.0	0.184663	-0.15635	0.034100423569	0.0244453225	-0.0997128	-0.0493247	0.00994264248384	0.00243292603009	1.02208	1.1636320000000002	1.3540394314240003	1.0446475264	-0.016828	-0.0459027	0.0021070578672899	0.0002831815839999	0.00391613	-0.0077174699999999	5.955934320089998e-05	1.53360741769e-05	0.00371863	-0.0056683899999999	3.213064519209999e-05	1.38282090769e-05	0.0	0.0	0.0	0.0	0.0	0.0	0.0	0.0	0.0	0.0	1.0	0.0	0.0	0.0	0.0	0.0	0.0	0.0	0.0	0.0	0.0	0.0	0.0	0.0	0.0	0.0	0.0	0.0	0.0	0.0	0.0	0.0	0.0	0.0	0.0	0.0	0.0	0.0	0.0	0.0	0.0	0.0	0.0	0.0	0.0	0.0	0.0	0.0
5547.907423178405	179.14418430114074	32092.63876892108	30779276.776158053	4591.250807036624	129.04997209612884	16653.895298011634	21079583.97311445	3509.5838911007613	57.99550944010434	3363.479115217232	12317179.08867396	3566.64701196278	6322.611774390032	2.734768	95.572525	0.6887536	0.362489	0.1377005913	-0.0076951889	-0.0205022674	-0.0463780976	-0.0758179298	0.0013625285	0.0343329933	0.105680551	-0.0132739832	-0.1784094304	-0.0971886545	-0.03629127	-0.0529928242	-0.0028637404	0.0263530151	-0.0606869261	0.1318902814	-0.1315359671	0.0182427727	0.0175452664	-0.1321700456	0.0523678247	0.0237350608	-0.1150877937	0.0050030816	-0.0879818264	-0.001383924	-0.0576208375	-0.1558394606	-0.0317070619	0.0613058125	0.0546300189	-0.0537092907	0.0652472832	0.0658910468	0.0059348953	0.0540287254	-0.0661178479	-0.1441717011	-0.0074142468	-0.105497027	-0.0504109336	0.1382135759	0.008475081	0.076405301	0.0100269002	0.0879478109	-0.0015284371	0.1337641053	0.0189326325	0.1170104475	0.0274680519	0.004627918	-0.0297099818	0.1149267764	0.0628666595	0.0473935554	0.1427446663	-0.1552878315	-0.044529445	-0.0935800946	0.0785055556	-0.0863611507	-0.1185053888	0.05730935	0.0566028882	-0.0151688708	-0.0392003686	0.1181861705	0.0104528273	0.0194930594	0.0255007973	0.0335116541	0.1518048945	-0.0477756775	-0.0799726411	0.0163618328	-0.017181312	0.0211348661	-0.0726717062	-0.0290095464	-0.1053020079	-0.1307670682	-0.0887849715	-0.0073735559	0.0488411541	0.0176821979	-0.0077141507	-0.0116599486	-0.0974337986	0.1847919916	-0.0733477637	0.096063858	0.0825058573	0.0416696036	0.1201447898	0.0860821319	0.0589455001	0.0198693207	-0.0232314356	-0.0616266108	0.0	0.139043	-0.0456199999999999	0.019332955849	0.0020811843999999	-0.0214752	0.0782376	0.00046118421504	0.00612112205376	0.991562	-0.030518	0.000931348324	0.983195199844	-0.011582	0.0052459999999999	2.752051599999999e-05	0.000134142724	0.00812474	0.00420861	1.7712398132099997e-05	6.60114000676e-05	0.00495158	0.0012329499999999	1.520165702499999e-06	2.45181444964e-05	0.0	0.0	0.0	0.0	0.0	0.0	0.0	0.0	0.0	0.0	0.0	1.0	0.0	0.0	0.0	0.0	0.0	0.0	0.0	0.0	0.0	0.0	0.0	0.0	0.0	0.0	0.0	0.0	0.0	0.0	0.0	0.0	0.0	0.0	0.0	0.0	0.0	0.0	0.0	0.0	0.0	0.0	0.0	0.0	0.0	0.0	0.0	0.0
5435.902861699648	-112.00456147875684	12545.02179204862	29549039.921834428	4458.287736518531	-132.96307051809254	17679.17812159925	19876329.54159153	3470.485005634014	-39.09888546674711	1528.722844741808	12044266.174330523	3525.1580679339395	6188.753000097575	1.564514	54.675404	0.3433955	0.177955	0.122910779	0.0237045524	0.0206752872	-0.0002225408	-0.0801154524	-0.0486865473	0.0179790218	-0.0015354448	-0.1845531819	-0.0466470239	0.1629145546	-0.029412032	0.0419291036	0.0975194467	-0.0213855507	0.0768911374	-0.0427749102	-0.0401476797	-0.1391181118	-0.1079773541	-0.0302816465	-0.0448775815	0.0056636714	0.0052575603	0.0236747633	0.030405759	0.0819317771	-0.0082833654	-0.0036348262	0.0047897199	0.0598155619	0.0475093782	-0.0167120207	-0.1778584623	0.0303988086	-0.0163693395	-0.0144085703	-0.0325177612	0.032603574	0.0471457594	0.0100072653	0.0160547598	-0.0005846435	-0.0419828539	0.0262446004	0.020868696	0.0515693442	0.0848227793	0.1108430658	-0.0986548529	-0.046483517	0.0837101317	0.0337999124	0.1479778708	-0.0083553572	-0.0228692481	-0.0340562642	0.0259469737	-0.0416692718	-0.039926292	-0.0651726218	-0.0336116955	-0.0179341426	0.0227179744	-0.0695131399	0.0787560691	0.0010472674	0.063565616	-0.0566411896	-0.004133371	-0.0244440645	-0.0149294896	0.0608530767	0.1445854598	-0.0474557485	-0.0568465247	0.0290786928	0.0126862289	0.0130674974	0.0325693435	0.0095343914	-0.0615700229	-0.041184057	0.0174695269	-0.0680703336	-0.0509685229	-0.0679289397	0.0366306557	0.014534188	-0.0419226644	0.0155875227	0.1179997262	0.0505339437	-0.0844775642	-0.0010209924	-0.0155189789	0.0854679228	0.0567453599	0.0158011302	-0.0285463055	-0.0667455128	0.0	0.115406	-0.023637	0.0133185448359999	0.000558707769	0.0870433	0.1085185	0.00757653607489	0.01177626484225	0.915676	-0.075886	0.005758684996	0.838462536976	-0.00960509	0.00197691	3.9081731481e-06	9.22577539081e-05	0.00770309	-0.00042165	1.777887225e-07	5.93375955481e-05	0.00464306	-0.0003085199999999	9.518459039999977e-08	2.15580061636e-05	0.0	0.0	0.0	0.0	0.0	0.0	0.0	0.0	0.0	0.0	0.0	0.0	1.0	0.0	0.0	0.0	0.0	0.0	0.0	0.0	0.0	0.0	0.0	0.0	0.0	0.0	0.0	0.0	0.0	0.0	0.0	0.0	0.0	0.0	0.0	0.0	0.0	0.0	0.0	0.0	0.0	0.0	0.0	0.0	0.0	0.0	0.0	0.0
5497.489170533028	61.58630883337992	3792.8734357204494	30222387.18012792	4573.172818854665	114.88508233613356	13198.582143380188	20913909.631111123	3494.7721366686696	24.28713103465543	589.8647338945229	12213432.287235698	3564.000888115845	6249.229067537874	1.155936	40.396759	0.1451268999999999	0.0676323	0.133739536	-0.0246195985	0.020866668	0.0014570396	-0.0588859569	-0.0508965148	-0.0457781212	0.0508438732	-0.1052912089	-0.0522743935	-0.0477137137	-0.0060426533	0.0374302304	0.0314736161	0.0851111475	0.0270435631	0.0127894046	-0.0917632973	-0.0277410237	-0.0184870475	-0.0995992703	-0.0273505312	-0.0188704298	-0.0764902914	-0.0054706777	-0.0483043845	-0.0663029709	0.0128743282	-0.1662467324	-0.0471323893	0.0737161562	0.0847024849	-0.0157058311	0.0058999867	0.0376430994	-0.0854958453	0.0616410528	-0.0593306822	-0.0732227967	0.0892139992	-0.1108478816	0.0262564031	-0.0409044815	-0.0485750642	0.0199972372	-0.0845199389	0.0558175393	-0.0181022499	0.1211988371	0.0148997768	-0.0344352994	0.0311728893	0.0026230655	-0.0322974808	0.0730201669	0.1094137299	0.0580974372	0.055451834	-0.1273186298	-0.0376540367	-0.0401586885	0.0500528402	-0.0623348549	-0.0674453082	-0.1079978328	-0.0092957747	-0.032495329	-0.024361168	-0.0485078308	-0.0138544843	-0.0041295382	-0.0528039455	0.0369093987	0.1531882176	-0.0265959543	-0.0418611957	0.0333264945	0.0175703078	0.0360917486	-0.0705923057	0.0119697553	-0.0751966382	-0.0845371122	-0.0798485438	0.0401474285	0.083692017	-0.013783111	-0.0380791527	-0.003189647	-0.0447738334	0.036311928	-0.006949351	0.0313191761	0.0772824331	0.0706826843	0.0699967851	0.0848359644	0.0544980844	0.0117034106	-0.0337663475	-0.0715180283	0.0	0.109477	-0.0059289999999999	0.011985213529	3.515304099999988e-05	0.0476764	-0.0393669	0.00227303911696	0.00154975281561	0.946682	0.0310059999999999	0.0009613720359999	0.8962068091240001	-0.00896096	0.0006441299999999	4.149034568999996e-07	8.02988041216e-05	0.0083964799999999	0.0006933899999999	4.807896920998621e-07	7.050087639039833e-05	0.00468204	3.898000000000009e-05	1.519440400000007e-09	2.1921498561600003e-05	0.0	0.0	0.0	0.0	0.0	0.0	0.0	0.0	0.0	0.0	0.0	0.0	0.0	0.0	0.0	0.0	0.0	0.0	0.0	0.0	0.0	0.0	0.0	0.0	0.0	0.0	0.0	0.0	0.0	0.0	0.0	0.0	0.0	0.0	0.0	0.0	0.0	0.0	0.0	0.0	0.0	0.0	0.0	0.0	0.0	0.0	0.0	0.0
5442.434009137598	-55.05516139543033	3031.0707962768824	29620087.94381755	4510.479562421735	-62.69325643292996	3930.4444021651134	20344425.883024167	3475.7020157251604	-19.07012094350921	363.66951280006856	12080504.502115944	3531.9765510785423	6097.56809988831	1.041868	36.410385	0.1909606	0.10264	0.1202621355	-0.0182934777	0.0545674723	0.0638134526	-0.0702670135	-0.0548716443	0.0817454798	0.0455131708	-0.1206076295	-0.0357007941	0.0757153129	-0.0248575583	0.0165575589	0.0792990536	0.0288639639	0.0874580448	0.0407964024	-0.0448814027	-0.1070759593	-0.0909175388	-0.0451780135	0.0130773896	-0.0070051955	-0.0572529009	0.0397704446	0.0193963122	0.1344315654	-0.0201682242	-0.0405103169	-0.0138830632	-0.0026247022	0.021219711	0.073760859	-0.0077782449	0.0238704131	-0.0025697424	-0.0242481428	-0.0257074411	-0.0178033343	0.1044906965	0.0358633293	-0.0359921046	0.0227760019	0.0499754343	-0.0138299153	-0.0123351035	0.0055119797	0.0082314644	0.0992035245	-0.0843669975	0.0625463713	0.0766946007	0.0058194524	0.1331363764	-0.0119698555	0.0075119073	0.0125906969	-0.0039562491	-0.0822803425	-0.0833628968	-0.0038607382	-0.0490775314	0.0493501026	-0.0236581743	-0.0062314068	-0.0457906156	-0.0282103234	-0.0027206253	-0.0019606104	0.0708411049	-0.0698466028	-0.0134645852	0.0323656867	0.1581186688	-0.0149884829	-0.0259223128	0.0488890488	0.0169406142	0.0264395422	0.0150598294	-0.0199799152	-0.0077355981	-0.0146843835	0.0279289708	-0.0795161703	-0.1050051267	-0.0196549989	0.043114057	-0.0183978439	-0.0591230605	0.0414787079	0.0300196612	0.0302485311	-0.0044873976	0.0180903081	-0.0276401546	0.0841863878	0.0522055402	0.0075838198	-0.0388742211	-0.0759193896	0.0	0.102474	-0.007003	0.010500920676	4.904200900000013e-05	0.0767054999999999	0.0290290999999998	0.0058837337302499	0.0008426886468099	0.909587	-0.0370949999999999	0.0013760390249999	0.827348510569	-0.00740503	0.00155593	2.420918164900001e-06	5.48344693009e-05	0.00897622	0.00057974	3.360984676001152e-07	8.05725254884e-05	0.00490304	0.0002209999999999	4.8840999999999934e-08	2.40398012416e-05	0.0	0.0	0.0	0.0	0.0	0.0	0.0	0.0	0.0	0.0	0.0	0.0	0.0	0.0	0.0	0.0	0.0	0.0	0.0	0.0	0.0	0.0	0.0	0.0	0.0	0.0	0.0	0.0	0.0	0.0	0.0	0.0	0.0	0.0	0.0	0.0	0.0	0.0	0.0	0.0	0.0	0.0	0.0	0.0	0.0	0.0	0.0	0.0
5497.766871651763	55.332862514164844	3061.725674011469	30225440.57503161	4555.756901791221	45.27733936948607	2050.037460379613	20754920.948218346	3492.254686122797	16.552670397636575	273.99089729279416	12195842.792746635	3547.956678382668	6220.725049598883	0.993889	34.733658	0.1377554999999999	0.0815899	0.1120598562	-0.0313430395	0.0210765358	0.0195602425	-0.0734782547	-0.0360013502	-0.1375982015	0.0016912374	-0.098253988	-0.1032354469	0.0134261113	-0.0096121898	-0.0701123407	-0.0537749308	-0.0158068031	0.0047798468	0.0543895901	-0.0727241586	-0.0169886763	-0.0217803496	-0.0835057699	-0.1020262082	-0.1105524645	0.0236279566	0.032531617	-0.0932862667	-0.0005621595	-0.0570932012	-0.073646425	0.0051152558	0.0490571284	0.0228960246	-0.0386467421	0.0531838618	0.0316196775	-0.0117280648	0.0213491467	-0.1456209503	-0.0992366614	0.0040902241	-0.008931402	-0.0316464711	-0.034090994	-0.0493495078	-0.048389144	0.0533695839	-0.0050318894	0.0210532704	0.1026514112	0.0298890272	-0.1058953435	0.0534440256	0.1196056199	0.0051150926	0.0334956418	0.0188777456	0.0441316983	0.0414074086	-0.0648898426	-0.015059095	-0.0501558539	0.0395625539	-0.0522551261	-0.0817425508	0.078910182	-0.0118242548	0.0647202675	-0.0846994377	0.0477391052	0.0270018094	-0.0654985185	-0.0383467048	0.0301401727	0.1464772434	-0.0180152403	-0.0328046312	0.0369644155	0.0126938484	0.0439754122	-0.0392166205	0.065098988	-0.0730773476	-0.0359856629	-0.0292989894	0.0219711435	-0.0187800409	-0.0023139292	-0.0518678381	0.0940646413	0.0484064778	0.0489196125	0.0084290306	0.0349039785	0.0034651326	-0.0023428515	-0.0027087351	0.0835193281	0.0498696316	0.0034500563	-0.0438529584	-0.0799267552	0.0	0.103766	0.001292	0.010767382756	1.669264000000004e-06	0.109834	0.0331285000000001	0.012063507556	0.00109749751225	0.933665	0.0240779999999999	0.0005797500839999	0.871730332225	-0.00865915	-0.0012541199999999	1.572816974399998e-06	7.498087872249999e-05	0.0087201699999999	-0.00025605	6.556160250005101e-08	7.604136482889826e-05	0.00482807	-7.496999999999972e-05	5.620500899999959e-09	2.33102599249e-05	0.0	0.0	0.0	0.0	0.0	0.0	0.0	0.0	0.0	0.0	0.0	0.0	0.0	0.0	0.0	0.0	0.0	0.0	0.0	0.0	0.0	0.0	0.0	0.0	0.0	0.0	0.0	0.0	0.0	0.0	0.0	0.0	0.0	0.0	0.0	0.0	0.0	0.0	0.0	0.0	0.0	0.0	0.0	0.0	0.0	0.0	0.0	0.0
5471.372342932474	-26.39452871928916	696.6711463133801	29935915.315006383	4544.540312698583	-11.21658909263806	125.81187087308707	20652846.653742533	3482.276133313301	-9.978552809495795	99.57151617189643	12126247.068643436	3546.2824038179538	6181.465235249217	0.94242	32.934971	0.2121967	0.110015	0.1075384068	0.0080908519	0.0161693232	0.0019929546	-0.0796053292	-0.0201596864	0.0260057199	0.0400331836	-0.1172654828	-0.0317068429	-0.0837316422	-0.0358922582	0.0371150194	0.0621942551	0.0449555707	-0.0102302541	0.0202471416	-0.0559647608	-0.093781331	-0.0457986161	-0.0426323255	-0.0145016662	0.0514148352	-0.0486056602	0.0032843303	-0.0409120817	0.0076213647	0.0241772918	-0.1029823183	-0.036784329	0.0430335023	-0.0072464188	0.0100725249	-0.0286891788	0.0044163798	-0.1192366206	0.0595618906	0.0584265895	-0.0225769457	0.0907619317	0.0237572969	0.0323723142	0.0038786453	0.1078351553	0.0934702136	0.0282952592	0.0154538121	-0.0141036492	0.1102188582	-0.0507491464	-0.030185438	0.0378052843	-0.0882125545	0.0005173769	0.0835182889	0.0448537025	0.0145754974	0.0366680292	-0.0556975677	-0.033102743	0.0101453604	-0.0401383466	0.0053181028	-0.0063986068	-0.1615509066	-0.0234549635	0.0086817281	0.0172384772	0.035515961	0.003622577	0.0112427421	0.0561350568	0.0451826385	0.1290961038	-0.0385935053	-0.0408116545	0.0337506364	-0.0085972809	0.0325113856	-0.0188430126	-0.0328415004	-0.0214408814	-0.0404665934	-0.0287356364	-0.0233826688	0.0615217899	-0.0345499021	0.0382829103	-0.0509741101	-0.1019614218	-0.0269296757	0.0459707487	-7.82005e-05	0.0064460368	0.0842767529	0.0413606247	0.0828349236	0.0474922989	-0.0006901546	-0.0486860206	-0.0835193281	0.0	0.0887460999999999	-0.0150199000000001	0.0078758702652099	0.00022559739601	0.0207802	-0.0890538	0.0004318167120399	0.00793057929444	0.899246	-0.0344189999999999	0.0011846675609999	0.8086433685159999	-0.0088564999999999	-0.0001973499999999	3.8947022499960554e-08	7.843759224999821e-05	0.0077393	-0.0009808699999999	9.621059568998042e-07	5.989676449e-05	0.00453221	-0.00029586	8.753313960000012e-08	2.05409274841e-05	0.0	0.0	0.0	0.0	0.0	0.0	0.0	0.0	0.0	0.0	0.0	0.0	0.0	0.0	0.0	0.0	0.0	0.0	0.0	0.0	0.0	0.0	0.0	0.0	0.0	0.0	0.0	0.0	0.0	0.0	0.0	0.0	0.0	0.0	0.0	0.0	0.0	0.0	0.0	0.0	0.0	0.0	0.0	0.0	0.0	0.0	0.0	0.0
5503.163562653801	31.79121972132725	1010.6816513697069	30284809.19732048	4568.3874145945865	23.84710189600355	568.6842688383762	20870163.56982621	3495.6775970302483	13.401463716947092	179.59922975664935	12219761.862379173	3556.644024680489	6245.736287010636	0.882687	30.847462	0.2147947000000001	0.114954	0.1092472906	-0.0309554699	0.0183924733	0.0324706925	-0.0601700711	-0.0151790949	0.0391404899	0.0800315159	-0.047146549	-0.0781586117	0.0395989251	-0.0336103762	-0.0291025278	0.016719718	0.0269832796	0.0441353085	-0.0229209935	-0.0728182665	-0.0075227032	-0.0315261715	-0.0893837945	-0.0178592162	-0.0033100353	-0.0656458094	0.0494209466	0.0108923453	0.0630760874	-0.0641840841	-0.0588668535	0.0027298664	0.0031926794	-0.0375570605	-0.0341325077	-0.0266159187	-0.0069004284	0.0770783525	0.0180096278	0.0010038958	-0.0340392295	0.0147755463	0.0025455559	-0.0474770514	0.0273318098	0.0426623365	-0.0565056072	0.0094824362	-0.0571000364	0.0367064849	0.0749053383	-0.0019137004	0.0692582006	0.0513930684	0.0473707604	0.0831294154	0.0360224419	0.0161084813	0.0282829977	0.0440241409	-0.0489111735	-0.0373005385	0.006541163	0.0195680968	-0.0012783859	0.0118701101	-0.068635731	-0.0665342665	0.0006940984	-0.0764668844	-0.001430945	0.0409859615	-0.0631862966	-0.0219887179	0.0276709421	0.1313342477	-0.0044598867	-0.0299653621	0.053522417	0.0073521108	0.0379057705	-0.0352343851	0.0204799425	0.0024346551	-0.0030746841	0.0090474359	-0.0416201664	-0.0802994271	0.0120046899	-0.0037552742	0.017020569	0.0016000439	0.0750029056	-0.0495546979	0.0663651197	0.0034099	-0.0202527425	0.0211068317	0.0821333167	0.0450755168	-0.0048290757	-0.0533573527	-0.0866784641	0.0	0.0900765	0.0013304000000001	0.00811377585225	1.7699641600002831e-06	0.103446	0.0826658	0.010701074916	0.0068336344896399	0.8606359999999998	-0.0386100000000001	0.0014907321	0.7406943244959997	-0.0077073999999999	0.0011490999999999	1.3204308099999984e-06	5.9404014759998456e-05	0.00828738	0.00054808	3.003916864000003e-07	6.868066726440001e-05	0.0046788	0.00014659	2.148862810000008e-08	2.189116944e-05	0.0	0.0	0.0	0.0	0.0	0.0	0.0	0.0	0.0	0.0	0.0	0.0	0.0	0.0	0.0	0.0	0.0	0.0	0.0	0.0	0.0	0.0	0.0	0.0	0.0	0.0	0.0	0.0	0.0	0.0	0.0	0.0	0.0	0.0	0.0	0.0	0.0	0.0	0.0	0.0	0.0	0.0	0.0	0.0	0.0	0.0	0.0	0.0
5477.181118976428	-25.98244367737334	675.0873794478779	29999513.01007187	4535.052569996227	-33.33484459835927	1111.2118643967622	20566701.812629387	3487.568594751602	-8.10900227864613	65.75591795508814	12163134.703097666	3549.731100085009	6206.468364530114	0.860155	30.060013	0.1224211	0.0826589999999999	0.0995551537	-0.0258176013	0.0246738722	0.0177282701	-0.0772082102	-0.0181498542	-0.1039893243	-0.0074305749	-0.1272831866	-0.0629680732	0.027505414	-0.00110602	0.0140881357	0.0038654506	0.0106217764	0.0359216709	0.0096232974	-0.0719831905	-0.0557659975	-0.042290355	-0.0533785205	-0.1042957025	-0.0941624485	0.0321028136	0.0410349992	-0.0644325703	0.0372128567	-0.0121491486	-0.008573965	-0.0089210061	-0.0400274673	-0.0012149861	0.0044680983	0.0222171471	0.0148469024	0.0562839536	-0.0116138855	-0.0415957444	-0.0039069904	-0.0575579517	-0.0163129914	-0.053245461	-0.0315017696	0.0764736544	-0.0549506059	0.077684988	0.032065322	0.0571010097	0.1031176316	0.0051752954	-0.1046857965	0.04767066	0.0894400796	0.0086604966	0.006658827	-0.0002152057	0.0234773909	0.0200724356	-0.0741847806	-0.0209187218	-0.0072481065	0.0101926757	0.0177655911	-0.0244909798	0.1164126996	-0.019154145	0.0500111254	0.0026661655	-0.0303214379	-0.0285141069	-0.0794220887	-0.0249970138	0.03041655	0.1407412992	-0.0213363341	-0.0176693921	0.0320733015	0.0004217637	0.0486036779	-0.0006039353	0.0249352928	-0.0449209319	-0.0213831836	-0.0116959182	0.0391386701	0.0152573259	-0.0130264216	-0.0118912451	0.0737768372	0.0161389755	-0.0402034968	0.0695893454	-0.0572886655	-0.0253169819	0.0523199647	-0.0389098231	0.0814146528	0.0426212929	-0.0089589723	-0.0578514371	-0.0893877684	0.0	0.0896739	-0.0004026	0.00804140834121	1.6208676000000237e-07	0.101981	-0.0014649999999999	0.010400124361	2.1462249999999826e-06	0.928762	0.0681260000000001	0.004641151876	0.8625988526439999	-0.0083237799999999	-0.00061638	3.799243044000007e-07	6.928531348839834e-05	0.00867555	0.00038817	1.5067594890000013e-07	7.526516780250001e-05	0.0046348	-4.400000000000064e-05	1.9360000000000558e-09	2.148137104e-05	0.0	0.0	0.0	0.0	0.0	0.0	0.0	0.0	0.0	0.0	0.0	0.0	0.0	0.0	0.0	0.0	0.0	0.0	0.0	0.0	0.0	0.0	0.0	0.0	0.0	0.0	0.0	0.0	0.0	0.0	0.0	0.0	0.0	0.0	0.0	0.0	0.0	0.0	0.0	0.0	0.0	0.0	0.0	0.0	0.0	0.0	0.0	0.0
5503.543807424229	26.362688447801705	694.9913421958573	30288994.44023758	4566.181863009074	31.12929301284657	969.0328834796584	20850016.806073017	3494.625097906651	7.056503155048631	49.79423677721128	12212404.57491907	3561.8445554634905	6267.222430309076	0.877239	30.657078	0.2758795999999999	0.156426	0.0975144128	-0.044245144	0.016379213	0.0261438057	-0.0571445702	-0.0033248306	0.016099026	0.0581557797	-0.0517718776	-0.0724975966	-0.0950514031	-0.0277662771	0.0411368343	0.0317365462	0.0470878381	-0.006786827	0.0297211399	-0.0492487506	0.008169785	-0.0096937774	-0.064800435	0.0155209687	0.0241027465	-0.061348414	0.0285176017	-0.0174340838	-0.0328786073	0.0542458546	-0.1444435726	-0.0987005383	0.0070304009	-0.0058422477	-0.0212387897	-0.0553994417	0.0812755675	-0.1036959288	0.0505747751	0.0090205485	-0.0266937245	-0.0114051727	-0.0295727504	-0.0355272979	-0.0268326657	0.0221450892	-0.0178649728	-0.0634640347	0.0095288977	-0.1161704733	0.07414904	0.0114727795	0.0309578017	0.0224042719	-0.0548433403	-0.0353728699	0.0734057381	0.1012035994	0.0648599866	0.0760350403	-0.0696006345	-0.048822335	-0.0229046487	0.0414181106	-0.0233742036	0.0221212051	-0.0866848424	0.0042769428	0.0190927114	0.0386998068	0.0314755354	0.0035990742	-0.0041970125	0.0160249093	0.0160745354	0.1253061314	-0.0030376571	-0.0230834672	0.0492541136	0.0052311653	0.0409456722	-0.046701417	0.0112111013	0.0115514948	-0.0336904007	-3.80852e-05	-0.0085075313	0.0162076948	0.0255564384	0.0145500881	-0.0439832565	-0.0466758736	0.0159062018	-0.0736250065	0.0597769574	0.035708893	-0.0264129111	0.036463453	0.0806790814	0.0401316657	-0.0130721264	-0.0621533448	-0.0916331806	0.0	0.0844705	-0.0052033999999999	0.00713526537025	2.707537155999997e-05	-0.0210907	-0.1230717	0.00044481762649	0.01514664334089	0.877131	-0.0516309999999999	0.0026657601609999	0.769358791161	-0.00703167	0.0012921099999999	1.669548252099742e-06	4.94443829889e-05	0.00822547	-0.00045008	2.0257200640000026e-07	6.76583567209e-05	0.00481208	0.00017728	3.142819840000005e-08	2.31561139264e-05	0.0	0.0	0.0	0.0	0.0	0.0	0.0	0.0	0.0	0.0	0.0	0.0	0.0	0.0	0.0	0.0	0.0	0.0	0.0	0.0	0.0	0.0	0.0	0.0	0.0	0.0	0.0	0.0	0.0	0.0	0.0	0.0	0.0	0.0	0.0	0.0	0.0	0.0	0.0	0.0	0.0	0.0	0.0	0.0	0.0	0.0	0.0	0.0
5476.183047858141	-27.36075956608784	748.6111640332671	29988580.773648884	4529.350541986347	-36.83132102272703	1356.5462082791737	20515016.33219201	3486.0259974709534	-8.599100435697437	73.94452830321185	12152377.255043356	3546.201504852281	6253.24593870383	0.828709	28.961065	0.1583070999999999	0.111177	0.0907809769	-0.0315593389	0.0271556265	0.036495165	-0.0734585357	-0.0010020448	0.023197718	0.050693105	-0.0851661623	-0.0585339262	0.1052167951	0.0043302767	0.035106597	0.0214036854	0.0418306446	0.0581027908	-0.0597809687	-0.0505743899	-0.0439034884	-0.0440996184	-0.0456394348	-0.0371429	-0.0262187085	-0.0457235693	0.0256205721	-0.0104197461	0.0618951091	-0.0677318734	-0.0187982838	-0.0272299889	0.0066339072	-0.0261314071	-0.0017261749	-0.050850003	-0.0255054915	0.0383812048	-0.0032300102	-0.049000044	-0.0007110337	-0.0201225267	-0.0453185553	0.0238644938	0.0007453064	0.0111758148	-0.0530018611	0.0160515296	-0.0129104271	-0.0059151009	0.0684580947	-0.0241823237	0.0210917095	0.045541064	0.0544554387	0.0969850216	-0.006476158	-0.0040652684	0.0172519551	0.0307992294	-0.0378095446	-0.0080379538	-0.0214755792	0.0027936311	-0.0240433231	0.0747123918	-0.0799787924	-0.0109937634	0.0201242383	-0.002964805	-0.0234627336	-0.0114044221	-0.0436907063	0.0021244377	0.0283976288	0.1317052854	-0.0138720303	-0.0157873735	0.0422828104	-0.0071700659	0.0423235181	0.0086771186	0.0253334709	0.0010058472	0.0054235293	0.0380669739	-0.0109257965	-0.0511716631	-0.0144023882	0.0105856743	0.0333685625	0.0203603347	-0.0100970763	0.0556312103	0.0062640268	-0.0364601818	-0.0731409436	-0.0837913974	0.0799267552	0.0376087033	-0.0171608514	-0.0662487853	-0.0934030479	0.0	0.0871213	0.0026507999999999	0.00759012091369	7.026740639999973e-06	0.0840321	0.1051228	0.0070613938304099	0.01105080307984	0.8950639999999999	0.0179329999999998	0.0003215924889999	0.8011395640959997	-0.00752345	-0.0004917799999999	2.418475683999998e-07	5.66022999025e-05	0.0083786899999999	0.0001532199999999	2.3476368399969407e-08	7.020244611609833e-05	0.00480507	-7.010000000000002e-06	4.914010000000003e-11	2.30886977049e-05	0.0	0.0	0.0	0.0	0.0	0.0	0.0	0.0	0.0	0.0	0.0	0.0	0.0	0.0	0.0	0.0	0.0	0.0	0.0	0.0	0.0	0.0	0.0	0.0	0.0	0.0	0.0	0.0	0.0	0.0	0.0	0.0	0.0	0.0	0.0	0.0	0.0	0.0	0.0	0.0	0.0	0.0	0.0	0.0	0.0	0.0	0.0	0.0
5487.220899561104	11.037851702962143	121.8341702165843	30109593.20058017	4547.070730839049	17.72018885270245	314.00509297544016	20675852.23125317	3488.5021548227164	2.476157351763049	6.131355230690199	12169647.284202736	3557.9976441432545	6239.07878111702	0.891063	31.140167	0.1036898000000001	0.051957	0.0886020512	-0.0436489833	0.037474472	0.0319291716	-0.0551074711	-0.0122555669	-0.0659464907	0.014844494	-0.0848463297	-0.0498492252	-0.0594069254	-0.0021923737	0.0635637013	0.0134479459	0.0382045959	0.035492776	0.032750429	-0.0561451007	-0.0259965104	-0.03308865	-0.0515045321	-0.0050501184	-0.0638575334	-0.0275186501	-0.0210554746	-0.0559150833	-0.021107503	0.0433397414	-0.1064773449	-0.0887009699	0.0614433681	0.0369524617	0.035494882	0.0130629987	0.0002002521	-0.0510924203	0.0190684322	0.0074425132	0.0368317602	0.0557726382	-0.0224550147	-0.0405677484	-0.0387311541	-0.0799301945	0.0802400551	0.0399611024	0.0192677664	0.0472557997	0.0822570817	0.0222722582	-0.065577853	0.0363209412	-0.0070139918	-0.0540979837	0.0260441012	0.0790902244	0.0518160554	0.0201156783	-0.1101330575	-0.0341051748	-0.024944983	0.0170219186	-0.0579438928	-0.0052712441	-0.0671462826	-0.0762795219	-0.0246414179	0.0163059563	-0.0325206593	-0.0240123956	0.0524943014	-0.0229960933	0.0082183088	0.1287491423	-0.0055573467	-0.0059534714	0.0417414993	-0.0046637872	0.0439475152	-0.069597189	0.025970374	-0.0065431983	-0.0316845056	-0.0372133946	0.0457065629	0.064127189	0.0125712768	-0.0307847787	-0.0234584076	-0.0469305495	-0.0281369507	-0.0235516593	-0.0407276406	0.0826760775	0.0435850848	0.0062647131	0.0791578303	0.0350545013	-0.0212175063	-0.0701241541	-0.0946881851	0.0	0.0904283	0.003307	0.00817727744089	1.0936249000000028e-05	0.0497368	-0.0342953	0.00247374927424	0.00117616760209	0.901445	0.0063810000000001	4.071716100000245e-05	0.8126030880250001	-0.00698995	0.0005335	2.8462225000000013e-07	4.88594010025e-05	0.00888699	0.0005083000000001	2.58368890000102e-07	7.897859126010002e-05	0.0049574	0.00015233	2.32044289e-08	2.457581476e-05	0.0	0.0	0.0	0.0	0.0	0.0	0.0	0.0	0.0	0.0	0.0	0.0	0.0	0.0	0.0	0.0	0.0	0.0	0.0	0.0	0.0	0.0	0.0	0.0	0.0	0.0	0.0	0.0	0.0	0.0	0.0	0.0	0.0	0.0	0.0	0.0	0.0	0.0	0.0	0.0	0.0	0.0	0.0	0.0	0.0	0.0	0.0	0.0
5470.379885987003	-16.841013574100543	283.6197382030388	29925056.09701117	4555.393838252748	8.32310741369838	69.27411701996095	20751613.0215911	3479.1587141927084	-9.34344063000799	87.2998828064841	12104545.35854306	3541.0142541464907	6164.067120620248	0.866985	30.298702	0.0900678	0.0474181	0.0854152598	-0.0325127165	0.0456750007	0.0609460568	-0.0744772829	-0.000515839	0.0764275498	0.0769251854	-0.0474936541	-0.0252124233	0.0108738464	-0.0064965493	0.0158780424	0.036547901	0.0390932046	0.0525986806	0.0134572067	-0.0310608728	-0.0581935955	-0.0548001586	-0.059340301	0.0366558637	-0.0232522074	-0.0992480908	0.0564345605	0.0304929816	0.1150067408	-0.0331154859	-0.030605129	0.001504087	-0.042131463	0.0511758964	0.0472098589	-0.0089139716	-0.0301452793	0.0951479859	0.0049190507	-0.0081423516	-0.0601431305	-0.0130067579	-0.0107673242	-0.0800742102	0.019388822	-0.0159963782	-0.0652497378	0.035136812	-0.010375997	0.0287026033	0.0632330761	-0.0487415171	0.0952631656	0.0456405977	-0.0223893528	0.0854055743	-0.0030474211	0.025327529	0.0414630812	-0.0030351101	-0.0724714441	-0.0462359448	-0.0194604476	0.0029277257	0.0570640244	0.0082877997	0.0692400949	-0.0538126348	-0.0107520596	-0.0249785819	0.0082875601	0.0457071244	-0.0596657659	0.0110599913	0.0147866429	0.1313775899	-0.0038884737	-0.0045960557	0.0463165445	-0.016917993	0.0414585972	0.0120291167	-0.0245728395	0.0394549049	0.0195808565	0.0528311681	-0.0510277131	-0.0799361712	0.0103152737	0.0381305107	-0.0206035968	-0.0402613827	0.0047738845	0.00870767	-0.0112825108	0.0168861859	-0.0348478872	-0.0606063395	0.0783724666	0.0324711814	-0.02523451	-0.0737665775	-0.0954819229	0.0	0.0922837	0.0018553999999999	0.00851628128569	3.4425091599999744e-06	0.0774427	0.0277059	0.00599737178329	0.00076761689481	0.875963	-0.025482	0.000649332324	0.7673111773690001	-0.00652843	0.00046152	2.1300071040000003e-07	4.26203982649e-05	0.00875212	-0.00013487	1.8189916900000127e-08	7.65996044944e-05	0.0050615	0.0001041	1.0836810000000042e-08	2.561878225e-05	0.0	0.0	0.0	0.0	0.0	0.0	0.0	0.0	0.0	0.0	0.0	0.0	0.0	0.0	0.0	0.0	0.0	0.0	0.0	0.0	0.0	0.0	0.0	0.0	0.0	0.0	0.0	0.0	0.0	0.0	0.0	0.0	0.0	0.0	0.0	0.0	0.0	0.0	0.0	0.0	0.0	0.0	0.0	0.0	0.0	0.0	0.0	0.0
5477.506628470212	7.126742483208545	50.790458421969504	30003078.864935104	4540.3412996867055	-15.05253856604213	226.57891728218567	20614699.117640764	3487.380966296074	8.222252103365463	67.60542965129778	12161826.004084138	3557.6008910297096	6216.995426938009	0.881843	30.817942	0.1000844999999999	0.0519828	0.0758700636	-0.0595486353	0.0446691675	0.051620562	-0.054794083	-0.0113653481	-0.0983783745	-0.0010589793	-0.081752134	-0.056220236	0.0344224513	0.0574806892	0.0075170104	-0.0089216987	0.0261338038	0.0626247659	0.0388912384	-0.0465552723	-0.011644783	-0.0248914991	-0.0421027415	-0.0794256866	-0.0958728654	0.0254910097	0.0649830647	-0.046096363	0.0150255869	-0.0478574489	-0.023953294	-0.0398015766	0.0034528467	-0.0114023605	0.0098528345	0.0399898167	0.0863075811	-0.0152570156	-0.0360829225	-0.0725485501	0.0085004055	-0.1240278068	0.0199823415	-0.0336939656	-0.0658236755	0.0061640804	-0.0297524645	-0.0320197833	0.0315293312	0.0622631225	0.0641140603	0.0289105898	-0.065726024	0.0380014024	0.1061861594	0.0083910087	-0.0323951679	0.048588696	0.0272392722	0.0390030582	-0.0721108361	-0.0129291916	-0.0228991602	0.0670037794	-0.0226369448	-0.0065486747	0.0736901905	0.0431294091	0.0958108453	0.0243906786	-0.0264665789	-0.0128766155	-0.0319891153	-0.0065429123	0.0054140658	0.1252930192	0.0051844431	0.0043778896	0.0367109865	-0.0001334684	0.0445828368	-0.0446112443	0.0889573591	-0.0154927911	-0.0095768288	0.0061193407	0.0492561227	-0.0243688995	0.0307836923	-0.0571585921	0.0733172686	0.055388052	0.0095205209	-0.0185075225	-0.0168634802	0.0311936578	-0.0607719563	-0.0582715457	0.077570827	0.0298608894	-0.0292043556	-0.0771639557	-0.0957801421	0.0	0.083872	-0.0084116999999999	0.007034512384	7.07566968899999e-05	0.100762	0.0233193	0.010152980644	0.00054378975249	0.912856	0.0368929999999999	0.0013610934489999	0.833306076736	-0.00687406	-0.00034563	1.194600969000003e-07	4.7252700883600006e-05	0.00898619	0.0002340699999999	5.4788764899999737e-08	8.075161071609999e-05	0.00501199	-4.9510000000000005e-05	2.4512401000000003e-09	2.51200437601e-05	0.0	0.0	0.0	0.0	0.0	0.0	0.0	0.0	0.0	0.0	0.0	0.0	0.0	0.0	0.0	0.0	0.0	0.0	0.0	0.0	0.0	0.0	0.0	0.0	0.0	0.0	0.0	0.0	0.0	0.0	0.0	0.0	0.0	0.0	0.0	0.0	0.0	0.0	0.0	0.0	0.0	0.0	0.0	0.0	0.0	0.0	0.0	0.0
5469.88531219412	-7.62131627609142	58.08446178021599	29919645.32855697	4540.649912126897	0.3086124401916095	0.0952416382410197	20617501.624498	3482.007066806891	-5.373899489182804	28.878795719839204	12124373.21329313	3536.310307832245	6164.271695241574	0.897305	31.358307	0.137788	0.0703527	0.0668790096	-0.0516697551	0.0424148816	0.0684709607	-0.0614963521	0.0006918662	0.0235989605	0.0674316648	-0.0755470314	-0.029751412	-0.1292438298	-0.0181865853	-0.0011954185	-0.0072545407	-0.0152907421	0.0398112556	0.0735828734	-0.0534799723	-0.0493956413	-0.0482285859	-0.0185534348	0.015490593	-0.0552571245	-0.0988351816	-0.028330947	0.0113818506	-0.0122525065	0.0331226543	-0.088884927	-0.0207996653	-0.0145787042	0.0183328727	0.0251287139	0.0357182748	0.0026941662	-0.0310920887	0.0628326283	0.078398744	0.0269350325	-0.0224224263	0.0604203257	-0.0201420346	0.0215292556	0.0073816046	-0.0576096141	0.0552236098	0.0075561128	-0.0579906615	0.0897280888	-0.0203665868	0.0129260857	0.0519080518	-0.0977022809	-0.0261694349	0.0344407573	0.041885406	0.0784111413	-0.0226366597	-0.0210645275	-0.0354047999	-0.0076317199	0.013115148	-0.0075270594	-0.0145885188	-0.0206523647	-0.0696894567	0.0295361584	0.0379652484	0.0760694081	0.0176689617	0.0514201731	0.0226851557	0.0083441096	0.125599967	0.0061062939	0.0179823093	0.0454262326	-0.0073175125	0.0472331424	-0.0062387391	-0.0272583463	0.0347447597	0.0026537707	0.0002553506	0.0246993459	0.0334312489	0.0108435232	0.011039568	-0.03286369	-0.0446147733	-0.1055845563	7.41616e-05	-0.0803837462	0.0668100975	0.0623856144	-0.0450658677	0.0767530781	0.0272257935	-0.0331196242	-0.080305003	-0.0955812949	0.0	0.0670278	-0.0168442	0.00449272597284	0.00028372707364	0.0851842	-0.0155778	0.00725634792964	0.00024266785284	0.8876009999999999	-0.0252550000000001	0.000637815025	0.7878355352009998	-0.00587453	0.00099953	9.990602209000005e-07	3.45101027209e-05	0.00875214	-0.0002340499999999	5.477940249999978e-08	7.65999545796e-05	0.00464335	-0.0003686399999999	1.3589544959999997e-07	2.15606992225e-05	0.0	0.0	0.0	0.0	0.0	0.0	0.0	0.0	0.0	0.0	0.0	0.0	0.0	0.0	0.0	0.0	0.0	0.0	0.0	0.0	0.0	0.0	0.0	0.0	0.0	0.0	0.0	0.0	0.0	0.0	0.0	0.0	0.0	0.0	0.0	0.0	0.0	0.0	0.0	0.0	0.0	0.0	0.0	0.0	0.0	0.0	0.0	0.0
5498.283614915217	28.398302721097025	806.4635974390667	30231122.710045148	4556.596073351408	15.946161224511345	254.28005779810908	20762567.775681477	3489.235634765625	7.228567958733947	52.252194734035065	12174765.314918274	3545.37370434704	6259.92089445916	0.825662	28.854593	0.1713843	0.12118	0.0628590465	-0.0644680827	0.010117806	0.0710533984	-0.0454740785	0.0371990387	0.0558240303	0.0680585589	-0.0063477968	-0.0369356303	-0.0020034403	-0.0170754217	-0.033526133	-0.024271803	-0.0119090514	0.0357739457	0.0998643433	-0.0233622826	0.0122840308	-0.0173646357	-0.0436016868	0.0221827734	-0.0297287619	-0.107697238	0.0280173673	-0.0010718863	0.092252671	0.0010151483	0.0023784037	-0.0687577189	-0.0141885845	-0.0215990793	0.0187246013	0.0345014642	-0.0098855065	0.0546398283	0.0433888529	-0.0060458823	0.0366679358	0.0288874042	0.0102851973	0.0229780043	0.0886111307	0.0100904578	-0.0004330011	0.1237385255	-0.0366948112	0.0068891431	0.0130274002	-0.0086636309	0.092150637	0.0331631616	-0.0055073232	0.0474876128	0.0038062076	0.0389293414	0.0698069682	0.0358750966	-0.0396378105	-0.0381998606	0.0190261492	0.0387385226	0.0109319807	-0.0015754215	0.068306376	-0.0580296742	-0.028860034	0.0119940592	0.0760871557	0.0360749991	0.0006350124	-0.0434675439	-0.0021748656	0.0960725208	0.0317036142	0.0082950012	0.0684073631	-0.0095623876	0.0438128843	-0.0593171719	0.0316871785	0.0781797642	0.0380947564	0.0158026702	-0.0241564195	-0.0606543724	0.0643540475	-0.010384746	-0.0135623581	-0.035142656	-0.0124660565	-0.1181476253	0.0178238269	0.0399095136	-0.0122336126	0.0389589366	0.0759193896	0.0245680825	-0.0369729991	-0.0831792851	-0.0948864133	0.0	0.0518699	-0.0151579	0.0026904865260099	0.00022976193241	0.0947056	0.0095214	0.00896915067136	9.065705795999998e-05	0.770529	-0.1170719999999998	0.0137058531839999	0.593714939841	-0.00574653	0.000128	1.6384000000000132e-08	3.30226070409e-05	0.00841773	-0.00033441	1.1183004810000017e-07	7.08581783529e-05	0.0047736	0.00013025	1.696506250000004e-08	2.278725696e-05	0.0	0.0	0.0	0.0	0.0	0.0	0.0	0.0	0.0	0.0	0.0	0.0	0.0	0.0	0.0	0.0	0.0	0.0	0.0	0.0	0.0	0.0	0.0	0.0	0.0	0.0	0.0	0.0	0.0	0.0	0.0	0.0	0.0	0.0	0.0	0.0	0.0	0.0	0.0	0.0	0.0	0.0	0.0	0.0	0.0	0.0	0.0	0.0
5494.228352799258	-4.055262115959522	16.445150829136498	30186545.192703243	4554.907696774131	-1.6883765772772676	2.850615466698501	20747184.12613222	3493.614223006811	4.378588241185753	19.172034985850143	12205340.339195482	3546.085314201797	6239.526654629848	0.81791	28.583683	0.1956483	0.121025	0.0710651266	-0.0530082893	0.0285630305	0.0508078698	-0.0715508862	0.0361146136	-0.0140719963	0.0639336501	-0.0518589955	-0.089103657	0.0763681603	-0.019769002	-0.055163708	-0.0395320909	-0.0134612338	0.0911999772	0.0236164289	-0.0700732175	-0.0029714858	-0.0154225772	-0.0515959094	-0.0215704053	-0.0546941306	-0.0268818721	0.0338706085	-0.0779624613	0.1116616493	-0.0038702996	-0.0436759809	-0.0259981253	0.0194870332	-0.0459612172	-0.0504990035	-0.0582072863	-0.0567857884	0.0209792007	0.0009355823	-0.0517991997	0.0591984772	-0.0608973468	0.1278749891	0.1058394077	-0.0506541958	0.0306819415	0.0191367574	0.0503916423	0.0569489843	0.0022391932	0.0676230599	0.0136750403	0.0319058829	0.0398110289	0.0802942077	0.0667626678	0.0066597161	-0.0853455881	0.0597324783	0.0373233632	0.0239062883	-0.0288253406	-0.0354153035	-0.0018418357	0.0072677172	0.0733967132	0.0173802639	-0.0654529758	0.0836258851	-0.0129481006	0.0103200677	0.0006300797	-0.0768795371	-0.0584110621	0.012645472	0.1231516044	0.0062205493	0.0089170855	0.0441583413	-0.0235458794	0.0598445792	0.0244465393	-0.0044916709	0.0496881196	0.0401900244	0.0592349087	-0.0034842445	-0.086539619	0.026813075	0.0125138567	0.0616630713	0.0270577457	-0.0333127095	0.0039418382	-0.0399541519	-0.0517403133	-0.0474012618	-0.0885753089	0.0750699348	0.0218899642	-0.040757279	-0.0857772541	-0.0936991036	0.0	0.0641288	0.0122589	0.00411250298944	0.00015028062921	0.128285	0.0335794	0.016457041225	0.00112757610436	0.867874	0.097345	0.009476049025	0.7532052798760001	-0.00665134	-0.00090481	8.186811361000012e-07	4.42403237956e-05	0.00849721	7.947999999999983e-05	6.317070399999972e-09	7.22025777841e-05	0.00483861	6.50099999999999e-05	4.226300099999986e-09	2.34121467321e-05	0.0	0.0	0.0	0.0	0.0	0.0	0.0	0.0	0.0	0.0	0.0	0.0	0.0	0.0	0.0	0.0	0.0	0.0	0.0	0.0	0.0	0.0	0.0	0.0	0.0	0.0	0.0	0.0	0.0	0.0	0.0	0.0	0.0	0.0	0.0	0.0	0.0	0.0	0.0	0.0	0.0	0.0	0.0	0.0	0.0	0.0	0.0	0.0
5500.081491479631	5.853138680373377	34.259232411682994	30250896.4129168	4556.292571437416	1.3848746632847906	1.917877833008162	20759801.99653578	3491.516514423077	-2.0977085837339478	4.400381302271083	12190687.570489071	3558.061736405902	6328.909182785806	0.944272	32.999672	0.1250226	0.0695164	0.0638612064	-0.0689565688	0.020563879	0.0332104722	-0.0422531239	0.0303642643	-0.090063702	0.0004124891	-0.0679007441	-0.0218856666	-0.0481593318	-0.0168692079	0.0666941755	-0.0107433348	0.0152843018	-0.010764825	0.0325405849	-0.0401968018	0.0151781988	-0.0044306158	-0.0424163097	-0.0831767686	-0.083044303	0.0200196346	0.0535578763	-0.0646397286	0.0053760548	0.0042671387	-0.0701093912	-0.0641560967	-0.0463738154	-0.0022051079	0.0233114821	0.0940487897	-0.034659997	0.0405521174	0.087317221	0.111156163	0.0588477029	0.0146228191	-0.108459357	-0.0313859839	-0.1138234311	-0.0465286164	-0.040580814	0.0609058368	-0.0008759838	-0.0955508168	0.0367171218	0.0481127908	-0.0902161167	0.0167879672	0.0374631057	-0.063853477	-0.0061023432	0.0511863575	0.0609242265	0.0459626302	-0.0958449518	-0.0327954276	0.0519019471	0.0253253636	0.0055940121	0.0402402144	0.0080744228	-0.1249036522	-0.0257537632	-0.044941734	0.0155363159	-0.0812229125	0.0085890476	-0.009951848	-0.0044929559	0.1029938229	0.0229037578	0.013302283	0.0484504181	-0.0083704898	0.0463813115	-0.0831722411	0.0678504117	0.0387651685	-0.0075179476	-0.0195238628	0.0703441892	0.05150199	0.0521029018	-0.0456372917	-0.0102210974	-0.0288501329	-0.0644831935	-0.0971719114	-0.0502868097	0.0476076897	0.0212724268	0.0242465816	0.0742048901	0.019193663	-0.0444653919	-0.0880902796	-0.0920255275	0.0	0.0552948	-0.008834	0.00305751490704	7.803955600000003e-05	0.0809558999999999	-0.0473291000000001	0.0065538577448099	0.00224004370681	0.8358759999999998	-0.0319980000000001	0.001023872004	0.6986886873759998	-0.00602611	0.00062523	3.909125529000001e-07	3.63140017321e-05	0.0084331	-6.410999999999917e-05	4.110092099999893e-09	7.111717561000002e-05	0.00479072	-4.7890000000000085e-05	2.2934521000000083e-09	2.29509981184e-05	0.0	0.0	0.0	0.0	0.0	0.0	0.0	0.0	0.0	0.0	0.0	0.0	0.0	0.0	0.0	0.0	0.0	0.0	0.0	0.0	0.0	0.0	0.0	0.0	0.0	0.0	0.0	0.0	0.0	0.0	0.0	0.0	0.0	0.0	0.0	0.0	0.0	0.0	0.0	0.0	0.0	0.0	0.0	0.0	0.0	0.0	0.0	0.0
5488.112489997188	-11.969001482442764	143.25699648671707	30119378.70286314	4556.613064998645	0.3204935612293411	0.1027161227894654	20762722.62411635	3492.2752080829327	0.7586936598559078	0.5756160695055519	12195986.128990691	3551.224968788777	6257.419043672778	1.059091	37.012287	0.1099559999999999	0.0645895	0.0660842299	-0.0495360339	0.005443175	0.0646457113	-0.0591989563	0.038426769	0.0662996133	0.0881721633	-0.0142994943	-0.0351024184	0.0070389967	-0.047207364	0.0256982477	0.0477717215	0.0663150351	0.0578392243	0.0106006115	-0.0419682555	-0.0013941019	-0.0006537497	-0.0202245805	0.0196636442	-0.0065030841	-0.1113164114	0.0163496533	0.0003517868	0.0755012859	-0.0149209289	-0.0213431011	-0.0615171115	-0.0666097952	-0.0474207497	0.0321921968	0.0060708594	-0.03448629	0.0487747782	0.0181898062	0.0526586598	0.088516126	-0.015865478	0.1145562288	-0.0411678068	0.0371544268	0.0081578518	-0.0582555222	0.0770717799	-0.0840965144	-0.0393784689	0.0400928774	-0.0024159229	0.1112953829	0.011101117	-0.0353026044	0.0570091934	0.0235875875	0.0128448352	0.0521092809	-4.43776e-05	-0.0377240748	-0.0399574163	0.0464606321	0.0011572001	0.0376709712	0.0666469946	0.0726714584	-0.0621616678	0.0484059659	0.03727124	0.0083111604	0.0068016141	-0.0392688268	0.0547206275	0.007784457	0.1044429007	0.0137771689	-0.0026242312	0.0625895546	-0.0322568532	0.0656301637	0.0227035502	-0.081102447	0.1033295364	0.0547621515	0.0766492121	-0.0457031706	-0.0844518122	0.041092867	0.0619723356	-0.007168185	-0.030243685	-0.0472441908	-0.0401531816	-0.0421546836	-0.0174403749	-0.0246702396	-0.0452410393	0.073324435	0.0164814186	-0.0480904081	-0.0901106781	-0.0898743702	0.0	0.0582337	0.0029389	0.00339116381569	8.637133210000007e-06	0.0889039999999999	0.0079481	0.0079039212159999	6.317229361e-05	0.789084	-0.0467919999999998	0.0021894912639999	0.6226535590560001	-0.00609468	-6.856999999999957e-05	4.701844899999941e-09	3.71451243024e-05	0.0075753	-0.0008578	7.35820840000001e-07	5.738517009e-05	0.00467155	-0.00011917	1.4201488900000011e-08	2.18233794025e-05	0.0	0.0	0.0	0.0	0.0	0.0	0.0	0.0	0.0	0.0	0.0	0.0	0.0	0.0	0.0	0.0	0.0	0.0	0.0	0.0	0.0	0.0	0.0	0.0	0.0	0.0	0.0	0.0	0.0	0.0	0.0	0.0	0.0	0.0	0.0	0.0	0.0	0.0	0.0	0.0	0.0	0.0	0.0	0.0	0.0	0.0	0.0	0.0
5489.184262052671	1.071772055483052	1.1486953389143666	30131143.86276673	4539.766856946443	-16.8462080522022	283.79472573808226	20609483.115429383	3484.9360146233976	-7.339193459535181	53.86376063648398	12144779.02601921	3558.284241976231	6377.30876848059	1.177351	41.145138	0.0956626	0.0531502	0.040150011	-0.091816476	-0.011440408	0.0234912813	-0.0205687503	0.0121009937	-0.0381200021	-0.0112483639	-0.051702639	-0.0574418656	0.0704135926	0.0272791085	0.0023477077	-0.0540395334	-0.0101862258	0.0722116275	-0.0029215785	-0.0138735111	-0.0155608715	-0.0080512388	-0.0393858323	-0.0612266542	-0.1101631077	-0.0311268942	0.0274425742	-0.0844127802	0.0194429649	-0.0603720054	-0.0193081478	-0.0542379292	0.0347510859	-0.0909611848	-0.0512463747	0.0378592258	0.0220116995	0.0052830469	0.0198592015	-0.0446765633	0.0842619074	-0.0611242643	0.0148075863	0.073499269	-0.1035562603	-0.0160866825	-0.0010635173	-0.0181152312	0.0211089242	-0.1250129298	0.0160019142	0.0092457513	-0.0405731894	0.0241983497	0.1000657731	0.0232726769	-0.049750253	0.0166580958	0.0615536296	0.0473472686	-0.0570225098	0.023933284	-0.0173710056	0.1021796393	-0.1005041251	0.0592009667	0.0391506207	-0.0217092163	0.0877468242	0.0167296669	0.0476725483	-0.0658842595	-0.0064785855	-0.0569638744	-0.0205233729	0.0816850519	0.0270113612	-0.0030464076	0.0429235149	0.0079470426	0.0653636809	-0.1031059025	0.1516806043	0.0192667967	-3.30949e-05	0.0070410737	0.084196805	-0.0206348777	0.0926343812	-0.0612136631	0.1234968883	0.0763446115	-0.0291111992	-0.1505799612	-0.0247844502	-0.0145459618	-0.1071239986	-0.0211123503	0.0724287524	0.013755484	-0.0516255532	-0.091831738	-0.0872567955	0.0	0.0497255	-0.0085082	0.00247262535025	7.238946724000001e-05	0.0907034	0.0017994000000001	0.00822710677156	3.237840360000373e-06	0.817243	0.028159	0.000792929281	0.6678861210490001	-0.00669228	-0.0005976	3.5712576000000026e-07	4.47866115984e-05	0.0080929799999999	0.0005176799999999	2.679925823998971e-07	6.54963252803984e-05	0.00464291	-2.863999999999992e-05	8.202495999999952e-10	2.15566132681e-05	0.0	0.0	0.0	0.0	0.0	0.0	0.0	0.0	0.0	0.0	0.0	0.0	0.0	0.0	0.0	0.0	0.0	0.0	0.0	0.0	0.0	0.0	0.0	0.0	0.0	0.0	0.0	0.0	0.0	0.0	0.0	0.0	0.0	0.0	0.0	0.0	0.0	0.0	0.0	0.0	0.0	0.0	0.0	0.0	0.0	0.0	0.0	0.0
5506.0999028380775	16.91564078540614	286.1389031808956	30317136.140033487	4601.750749505878	61.983892559434935	3842.002936819573	21176109.96057791	3491.2635315254406	6.327516902043044	40.0374701456404	12188921.046559492	3550.577514481294	6196.872199137627	1.556129	54.382378	0.2959989999999999	0.186005	0.0883055368	-0.0125334631	0.0260207685	0.0135892732	-0.0707493877	0.0362779823	-0.0048102981	0.1151275798	-0.0252370578	-0.0378962675	-0.0980703007	-0.0379931671	0.0491310883	-0.0371921069	0.0777549705	0.0074127951	-0.0182402919	-0.0930549229	-0.0410994842	0.0227582754	-0.0375753443	0.0256794505	0.0050442366	-0.0318106466	-0.046549252	-0.0101686496	0.0384782269	0.0786519818	-0.06624066	-0.0175023855	-0.0802938848	-0.0113318038	0.0500636888	-0.0221244554	0.0038049495	-0.1063070002	-0.0456305584	0.0637386049	-0.02257046	0.0088757691	0.0367455265	0.010266574	0.0260760366	0.0259415657	0.0748108838	-0.0484228776	-0.0146251198	0.0007945894	0.1161306492	0.0075021392	0.0267994097	-0.0063234206	-0.0616854043	-0.0584013394	0.0717391797	-0.0407640602	0.0772209208	-0.0283099329	0.0309469121	-0.0337771037	0.0274389722	-0.0595686858	0.0591853492	0.0580343655	-0.0926521407	-0.0492618813	0.0322614105	0.03926321	-0.0602656584	0.0591982665	0.0020688429	0.0504681793	0.0494187586	0.1000189301	-0.0114716408	-0.0107612091	0.0031421507	-0.0430553709	0.0124489393	0.0811145834	-0.1713003644	0.0758023542	0.011362655	0.0265013194	0.0160281638	0.0470566994	-0.0286726532	0.0955853154	-0.0387419268	-0.0268776315	-0.0742743502	0.0411861556	-0.1325065438	0.0869608957	0.0820915334	-0.0529599272	0.0715180283	0.0110181235	-0.0550642208	-0.093247742	-0.0841863878	0.0	0.0418925	-0.007833	0.00175498155625	6.1355889e-05	0.0903414	-0.000362	0.00816156855396	1.310440000000009e-07	0.942935	0.1256919999999999	0.0157984788639999	0.8891264142249999	-0.0069253	-0.0002330199999999	5.429832039999981e-08	4.795978009e-05	0.00544463	-0.0026483499999999	7.013757722499475e-06	2.96439958369e-05	0.00428204	-0.00036087	1.302271569000001e-07	1.83358665616e-05	0.0	0.0	0.0	0.0	0.0	0.0	0.0	0.0	0.0	0.0	0.0	0.0	0.0	1.0	0.0	0.0	0.0	0.0	0.0	0.0	0.0	0.0	0.0	0.0	0.0	0.0	0.0	0.0	0.0	0.0	0.0	0.0	0.0	0.0	0.0	0.0	0.0	0.0	0.0	0.0	0.0	0.0	0.0	0.0	0.0	0.0	0.0	0.0
5379.880087129911	-126.2198157081666	15931.441877403542	28943109.751896936	4378.616658333956	-223.13409117192168	49788.822643119456	19172283.84063962	3427.545920347556	-63.717611177884464	4059.9339742160673	11748071.036091177	3491.371993343017	6257.296295820587	3.443681	120.347069	2.4280157	1.6575	-0.0455757202	-0.1474468634	0.004514647	-0.0691516266	0.1653640441	-0.2047563944	0.275613699	-0.3896899811	-0.0722738541	0.0044069386	-0.0004558972	0.0378304918	0.2029752332	-0.2479057071	-0.1836646112	-0.1567951981	0.0036471718	0.5082293825	-0.1685193452	-0.0265898057	-0.1856475323	0.0832503939	0.0993092791	-0.1181337736	0.4440175826	-0.1498838324	-0.3123086189	0.0124519859	0.0701457733	0.224324837	-0.170492476	0.0507132082	-0.0889711871	-0.0722914568	0.0982926515	0.0407544136	0.147341181	-0.0058522212	-0.0032601074	0.0195755004	0.0458659075	-0.0348631939	-0.0830195242	-0.0996420993	0.1783049335	-0.0253008645	-0.0718824164	-0.093244814	-0.2701957386	-0.4484656253	-0.0370800279	0.1264591779	0.0659133704	-0.0871393184	-0.0526516543	0.2100386939	0.2228374302	0.3159465597	0.3243553395	0.2032423386	0.1691806717	0.0701736277	0.2152785555	-0.126459252	-0.0993018148	0.1882118629	-0.0437779721	-0.079857001	-0.007957707	-0.1494481403	-0.0868814998	-0.1527464735	-0.1852055281	-0.1247918699	0.1833578827	-0.0184484903	-0.1180816505	0.1678461697	-0.2621971422	-0.6860629472	-0.0982011324	0.0763567806	-0.116034176	-0.0319153732	-0.0245865442	-0.0713378577	-0.001981593	0.0899369717	0.039032448	-0.1493915103	-0.0932821089	0.0047734218	-0.0213720678	-0.1134133847	0.003122135	-0.1361830898	0.070592452	0.0082716108	-0.0583999846	-0.0943539865	-0.0806790814	0.0	0.0104039	-0.0314886	0.00010824113521	0.00099153192996	0.221798	0.1314565999999999	0.0491943528039999	0.0172808376835599	0.140481	-0.802454	0.643932422116	0.0197349113609999	0.0183992	0.0253245	0.00064133030025	0.00033853056064	0.00336464	-0.00207999	4.3263584001e-06	1.13208023296e-05	0.0024342	-0.00184784	3.4145126656e-06	5.925329640000001e-06	0.0	0.0	0.0	0.0	0.0	0.0	0.0	0.0	0.0	0.0	0.0	0.0	0.0	0.0	1.0	0.0	0.0	0.0	0.0	0.0	0.0	0.0	0.0	0.0	0.0	0.0	0.0	0.0	0.0	0.0	0.0	0.0	0.0	0.0	0.0	0.0	0.0	0.0	0.0	0.0	0.0	0.0	0.0	0.0	0.0	0.0	0.0	0.0
5550.609024140976	170.72893701106477	29148.369932928123	30809260.538875237	4615.208516390129	236.5918580561729	55975.70729847226	21300149.649759974	3492.617795347556	65.07187499999964	4234.348916015578	12198379.064378422	3578.177967595597	6852.114401738228	3.571155	124.801918	1.3124067999999995	0.9845600000000002	-0.21458593	-0.1960419787	-0.1360248749	-0.0962708655	0.1561831212	0.1471535678	-0.1031207468	0.0079201703	0.2998216442	0.019125212	-0.0541193826	0.027873231	0.1010097461	-0.0884083849	-0.0914793538	-0.0411371702	0.1621959731	0.1800488952	0.2124052734	-0.016968941	0.1921643517	0.2308960847	0.021174131	0.0900267419	0.1075720182	-0.3025778765	-0.074295206	-0.0307209326	-0.0526110041	0.1213233915	0.273374401	-0.1474949022	0.0929492975	0.0147358953	-0.12182474	-0.1782414559	-0.089955352	-0.0244303325	-0.1216691619	0.2007096084	-0.1184501586	0.0646335654	0.0172922514	0.0426632764	-0.1971908747	0.1035312771	0.0135346944	0.0580307042	-0.2281158867	-0.0187744146	0.031831453	0.0070274519	0.0382755578	-0.2912626784	-0.1754660718	-0.1427022044	-0.107158623	0.339456509	0.0597364712	-0.1154602931	-0.0426186383	-0.0434806073	-0.3961592608	-0.2022821381	0.0325429981	-0.0297804886	-0.0116295751	0.0241689679	-0.2389199361	0.2560068155	0.0589926493	0.2440636836	-0.1797254296	-0.1271867275	0.1385654137	-0.0133584716	-0.1572223264	-0.0014051068	0.0852534818	0.0834037207	0.0631870331	-0.1087767197	0.2434373015	-0.0040432528	0.060020559	0.167241391	-0.0487601953	0.394364072	0.4593988531	-0.1267503497	-0.084210443	-0.0869335743	0.1955190905	0.1333853477	-0.0961727755	0.0662103461	0.0696522155	0.0055182272	-0.0616266108	-0.0951467965	-0.0767530781	0.0	-0.0220144	-0.0324183	0.00048463380736	0.00105094617489	0.260181	0.038383	0.0676941527609999	0.001473254689	-0.163612	-0.304093	0.092472552649	0.026768886544	0.0355536	0.0171543999999999	0.0002942734393599	0.00126405847296	0.00461975	0.0012551099999999	1.5753011120999996e-06	2.13420900625e-05	0.00277494	0.0003407399999999	1.1610374759999997e-07	7.7002920036e-06	0.0	0.0	0.0	0.0	0.0	0.0	0.0	0.0	0.0	0.0	0.0	0.0	0.0	0.0	0.0	1.0	0.0	0.0	0.0	0.0	0.0	0.0	0.0	0.0	0.0	0.0	0.0	0.0	0.0	0.0	0.0	0.0	0.0	0.0	0.0	0.0	0.0	0.0	0.0	0.0	0.0	0.0	0.0	0.0	0.0	0.0	0.0	0.0
5529.568353046516	-21.040671094459867	442.709840105239	30576126.17101356	4535.783407841002	-79.42510854912689	6308.34786804059	20573331.12284573	3505.111508288261	12.493712940705336	156.092863044748	12285806.685534809	3557.7262503042007	6559.366578799412	2.249822	78.625015	0.5358194799999997	0.285514	-0.1561116194	-0.1646729509	-0.0696093843	-0.0148613036	0.103280929	0.0952922031	0.1125949534	-0.0224849513	0.1474407684	-0.053476185	-0.0672633023	-0.0037300301	0.0485511645	-0.1436063845	-0.0987561152	0.0335068865	0.0341865336	0.0639497566	0.2441970962	0.0105812243	0.050151752	0.1583713993	-0.1003060535	0.0237130574	-0.1190190271	-0.0735668294	0.0627749696	0.0838191583	0.0223251569	0.1759367378	-0.0763167493	0.0365190964	-0.0399345313	-0.0542555606	0.0156147349	0.0891158324	-0.1389282896	0.0188126538	-0.0276998425	-0.107759966	0.0257623783	-0.1286010819	0.0464055326	0.1098518033	-0.0991479204	-0.0038023184	0.0074587239	0.1282204256	-0.1612402206	0.1452905251	0.1727752633	0.0554289615	-0.033594947	-0.1559975655	-0.0023075992	-0.2142876261	0.0683285363	-0.1334904994	0.0673012425	-0.0714145456	-0.0444112181	-0.0214793522	0.1145987939	-0.081704544	0.0992973103	0.036571817	0.1857962054	-0.1267875822	-0.0567721174	-0.1088336736	-0.0641979508	-0.0358973676	-0.187943524	-0.0819272704	0.1585413433	-0.011228558	-0.1228941324	-0.0450112338	0.0695710034	0.0919853038	-0.1364357965	-0.0600886759	0.1446281247	0.0459167189	-0.1295342473	0.1374460879	-0.0949290543	0.2223607074	0.1847782231	-0.1104312473	-0.0558417942	0.0594482355	-0.1476860658	-0.0071463298	0.0432450268	0.0699653111	0.0686975141	0.00276026	-0.0647380696	-0.0956235384	-0.0724287524	0.0	-0.00203016	0.01998424	4.1215496256e-06	0.0003993698483776	0.284144	0.023963	0.080737812736	0.000574225369	0.00934474	0.17295674	0.0299140339114276	8.732416566760002e-05	0.0325078	-0.0030457999999999	9.276897639999966e-06	0.00105675706084	0.00679003	0.00217028	4.710115278400001e-06	4.61045074009e-05	0.00393717	0.00116223	1.3507785729000005e-06	1.55013076089e-05	0.0	0.0	0.0	0.0	0.0	0.0	0.0	0.0	0.0	0.0	0.0	0.0	0.0	0.0	0.0	0.0	1.0	0.0	0.0	0.0	0.0	0.0	0.0	0.0	0.0	0.0	0.0	0.0	0.0	0.0	0.0	0.0	0.0	0.0	0.0	0.0	0.0	0.0	0.0	0.0	0.0	0.0	0.0	0.0	0.0	0.0	0.0	0.0
5509.838310305507	-19.73004274100913	389.27458656204703	30358318.20571024	4570.904271322004	35.120863481001834	1233.4750516511683	20893165.857589744	3485.287784329928	-19.823723958333176	392.9800315761928	12147230.93959942	3555.799735629466	6558.556968088941	1.95142	68.196701	1.25539933	0.862108	-0.1144421462	-0.1972453797	-0.0229120721	-0.0726956056	0.1218561418	0.0227402601	-0.040796305	-0.0296570533	0.1753296166	-0.0575876146	0.0301554564	-0.0545909978	0.0933590117	-0.1112334875	-0.083674913	0.1538179783	0.0372642203	0.0891824489	0.1210320723	-0.0399859464	0.1129364904	0.0379809932	-0.1191421494	-0.0164761593	-0.1128085969	-0.0899738924	0.1166534025	0.0377568117	0.0285471125	0.0036274836	-0.0333254677	0.0110011953	-0.0427926528	0.0106868407	0.0402335604	-0.025862493	-0.1053622961	-0.0452290016	-0.0656209951	0.0184655293	-0.0772875206	0.0861071303	0.0278531798	-0.1290235609	0.1518774568	-0.0073372289	-0.1191387581	-0.0684024354	-0.1718860424	0.084667539	0.0130090356	0.0642613377	0.0300171041	-0.0299318551	-0.0960142146	-0.1601485042	0.1173832598	-0.075514124	-0.0963869062	-0.0214600698	0.016466323	-0.0210216903	-0.0058197373	-0.0285734446	-0.0499721254	0.0514415094	0.0523560882	0.1791066603	0.0960601415	-0.0178595161	0.11174979	-0.0809550004	-0.1659543157	-0.0816900774	0.1726202942	-0.0052342164	-0.0937669879	-0.0666739422	0.0699856775	0.0878631658	0.0100716737	0.0800288049	-0.1481143881	-0.072214927	0.0624539447	0.0865104705	-0.0346206652	-0.090399747	-0.0575623326	0.0724855775	0.1347640978	0.0894927616	0.0020081244	-0.0478030649	-0.0143295611	0.0405220675	0.0677285461	0.0	-0.0677285461	-0.0957826285	-0.0677285461	0.0	-0.00559703	-0.00356687	3.13267448209e-05	1.2722561596900002e-05	0.0738588	-0.2102852	0.00545512233744	0.04421986533904	0.29987	0.29052526	0.0844049266980676	0.0899220169	0.0182021	-0.0143057	0.00020465305249	0.0003313164444099	0.00693585	0.00014582	2.1263472400000144e-08	4.810601522250001e-05	0.00336825	-0.00056892	3.236699664000001e-07	1.13451080625e-05	0.0	0.0	0.0	0.0	0.0	0.0	0.0	0.0	0.0	0.0	0.0	0.0	0.0	0.0	0.0	0.0	0.0	1.0	0.0	0.0	0.0	0.0	0.0	0.0	0.0	0.0	0.0	0.0	0.0	0.0	0.0	0.0	0.0	0.0	0.0	0.0	0.0	0.0	0.0	0.0	0.0	0.0	0.0	0.0	0.0	0.0	0.0	0.0
5515.8382323284895	5.999922022982901	35.99906428187522	30424471.405216675	4579.107291481711	8.203020159707194	67.28953974056263	20968223.586900976	3500.3413745743187	15.053590244390762	226.6105792460167	12252389.73855683	3574.696274994607	6479.006153161237	1.150755	40.215683	0.13267351	0.0690543	-0.1059342707	-0.1908342482	0.0122281617	-0.032319368	0.1144951556	0.0334011378	-0.066698769	0.0043034338	0.1227351341	0.0122548273	-0.055446388	-0.1212681192	0.2596298195	-0.0856690692	0.0118365824	0.1132272222	0.0547828758	0.0507144755	0.2163284927	0.0056389553	0.0634516869	0.0173534147	-0.1658746123	0.014889874	-0.0908317997	-0.0202803547	0.0984221526	0.1704557298	-0.0002907667	0.0689295991	-0.1391737061	0.0698684986	0.0503399476	0.0189789048	0.1031360019	0.0139648427	-0.0039666575	0.0512496246	0.0176068771	0.0934676543	-0.0027116487	0.0177178962	0.0424290265	-0.0362017331	0.0892761252	-0.0986584557	0.0784459644	-0.0098813861	-0.1463077964	0.1851695708	0.0151142766	0.0432975807	-0.0232236149	-0.1298436083	-0.0551815021	-0.0955064647	0.1576521531	-0.1017152482	-0.1168894533	-0.1150165777	0.0082285622	-0.0813222903	0.0751796713	-0.0007980134	-0.0388229333	0.0936614984	-0.1042070027	-0.0206837399	-0.0672387797	0.0126508852	-0.0090846701	0.0109756747	-0.1636576187	-0.0645749115	0.1754991185	0.0057725488	-0.0792609749	-0.103550582	0.1048105721	0.1795907663	-0.0903600487	0.0991895256	-0.1290557133	-0.048239433	-0.0179500614	0.0400454915	-0.0392289861	-0.10183488	-0.0830116081	0.10682026	0.1560226967	0.0991619534	-0.0549207536	-0.0498930941	-0.00199312	0.077344536	0.0667455128	-0.00276026	-0.070592452	-0.0956235384	-0.0626768518	0.0	-0.0085603399999999	-0.0029633099999999	7.32794209155983e-05	8.78120615609941e-06	0.118863	0.0450041999999999	0.0141284127689999	0.0020253780176399	0.346443	0.0465729999999999	0.0021690443289999	0.120022752249	0.018861	0.0006589	4.341492100000006e-07	0.000355737321	0.00694929	1.343999999999998e-05	1.8063359999999947e-10	4.829263150410001e-05	0.00345857	9.031999999999964e-05	8.157702399999934e-09	1.19617064449e-05	0.0	0.0	0.0	0.0	0.0	0.0	0.0	0.0	0.0	0.0	0.0	0.0	0.0	0.0	0.0	0.0	0.0	0.0	0.0	0.0	0.0	0.0	0.0	0.0	0.0	0.0	0.0	0.0	0.0	0.0	0.0	0.0	0.0	0.0	0.0	0.0	0.0	0.0	0.0	0.0	0.0	0.0	0.0	0.0	0.0	0.0	0.0	0.0
5468.175286623204	-47.66294570528589	2271.756393305031	29900940.96523676	4533.101231333171	-46.0060601485402	2116.5575703910986	20549006.77351431	3479.2059197215544	-21.13545485276427	446.7074518332367	12104873.831825508	3535.5898663700577	6390.001534773805	1.068013	37.324097	0.21436576	0.137589	-0.1028836899	-0.1769653165	0.0088387021	-0.0433776122	0.1082922084	0.006129756	0.0961134789	-0.0276775949	0.1038462183	0.0482503388	-0.0107156944	-0.0387687259	0.1032892694	-0.0563633983	-0.0423539843	0.1025139518	0.0274905748	0.1382432861	0.0973912259	-0.0234706771	0.0598086322	0.0772010172	-0.1011310407	-0.0334600119	-0.0733073583	0.0135971233	0.070430303	0.0732900352	0.0292948243	-0.0077719923	-0.0975676467	0.0098053171	0.0260348343	0.0469803974	0.0862058277	-0.0216482448	-0.0512284946	-0.0037799791	-0.0547405932	-0.044134113	-0.0176218449	0.1782527256	-0.0249204238	-0.1303249022	0.0377111839	0.0481303885	-0.0435057184	0.1083514325	-0.1680664175	0.0179339417	0.0743853714	0.0574695303	-0.0594992288	-0.0577907016	-0.0878328412	-0.0465428342	0.1191048198	-0.1560610484	-0.0784566252	-0.0047327751	0.0540900245	-0.071899136	0.0516200625	0.0202908912	0.0520944635	0.0657439469	0.0695594356	-0.0004092064	0.0288838644	0.0356381327	-0.0140960875	-0.017717651	-0.1573026459	-0.0712992533	0.1728272389	0.0070553742	-0.0719336711	-0.0739907978	0.0527314114	0.1255769609	-0.0108119618	0.090884018	-0.1638441286	-0.0447612895	0.0102626106	0.0097678589	-0.014181654	-0.0863652789	-0.0684796663	0.092622121	0.1071584697	0.0461052786	-0.0230343167	-0.025357659	-0.0372329423	0.0117280001	0.0657486183	-0.0055182272	-0.073324435	-0.0951467965	-0.057299886	0.0	-0.0101721	-0.00161176	0.0001034716184099	2.5977702976003194e-06	0.17667	0.057807	0.0312122889	0.003341649249	0.384048	0.037605	0.001414136025	0.147492866304	0.0166882	-0.0021727999999999	4.721059839999996e-06	0.00027849601924	0.00678416	-0.00016513	2.7267916900000104e-08	4.60248269056e-05	0.00344966	-8.909999999999994e-06	7.93880999999999e-11	1.1900154115599998e-05	0.0	0.0	0.0	0.0	0.0	0.0	0.0	0.0	0.0	0.0	0.0	0.0	0.0	0.0	0.0	0.0	0.0	0.0	0.0	0.0	0.0	0.0	0.0	0.0	0.0	0.0	0.0	0.0	0.0	0.0	0.0	0.0	0.0	0.0	0.0	0.0	0.0	0.0	0.0	0.0	0.0	0.0	0.0	0.0	0.0	0.0	0.0	0.0
5513.601238620341	45.42595199713742	2063.5171148462327	30399798.61851576	4547.7416193473855	14.640388014214295	214.3409612067496	20681953.83634438	3492.862735126202	13.65681540464766	186.5086069966216	12200090.086433291	3558.8411232318467	6472.897393014797	1.059704	37.033703	0.1898111	0.101209	-0.1137128161	-0.2274085225	-0.0075502913	-0.0350013608	0.112278229	0.0510692652	0.0224825354	-0.00394723	0.1588434366	-0.0525297917	-0.0185107418	-0.0728479098	0.1589190097	-0.1346638893	-0.1050115128	0.167925698	0.1105153616	0.0871489634	0.1758510832	-0.0256601677	0.0485486313	0.0910212958	-0.1033546253	-0.0723126676	-0.1097740452	0.0239106432	0.1519288701	0.0863995607	0.0685690751	-0.0195056493	-0.0544131658	-0.0081917466	-0.0002858423	-0.0730416154	0.1463242868	0.026628628	-0.1582341859	-0.0329319241	-0.0261058943	0.0379611852	-0.1199671734	-0.0636422651	-0.1156629929	-0.0373635745	0.1261180612	-0.1135642255	0.0488716022	0.0613483239	-0.1637978235	0.1122409299	0.1110963476	0.0740784704	-0.0043905609	-0.0689949659	-0.0788741742	-0.0758809277	0.1249382824	-0.1522697531	-0.1251246703	-0.0603396324	0.0358843829	-0.1239591908	-0.0414600591	-0.0627839352	-0.0417037936	0.0683054556	0.0124662322	0.0538378052	-0.0314350188	0.0111349876	-0.0463508185	-0.1341223857	-0.1821316397	-0.0485786295	0.187209641	0.0032415298	-0.0763473332	-0.116575844	0.1288770966	0.1675965327	-0.0652433737	0.0883808973	-0.1494348752	-0.1064373928	0.0217769972	0.0264517064	-0.0345518982	-0.1022635105	-0.0642124644	0.1026241853	0.160044141	0.0552457138	-0.0087308744	-0.0461857374	0.0092385446	0.0773998308	0.0647380696	-0.0082716108	-0.0759193896	-0.0943539865	-0.0516255532	0.0	0.0050565	0.0152286	2.556819225e-05	0.00023191025796	0.180578	0.0039079999999999	0.032608414084	1.527246399999996e-05	0.358957	-0.0250909999999999	0.0006295582809999	0.128850127849	0.0181714	0.0014832	2.199882240000001e-06	0.00033019977796	0.00739278	0.0006086199999999	3.704183043999998e-07	5.46531961284e-05	0.00426951	0.00081985	6.721540225e-07	1.82287156401e-05	0.0	0.0	0.0	0.0	0.0	0.0	0.0	0.0	0.0	0.0	0.0	0.0	0.0	0.0	0.0	0.0	0.0	0.0	0.0	0.0	0.0	0.0	0.0	0.0	0.0	0.0	0.0	0.0	0.0	0.0	0.0	0.0	0.0	0.0	0.0	0.0	0.0	0.0	0.0	0.0	0.0	0.0	0.0	0.0	0.0	0.0	0.0	0.0
5365.398648738788	-148.20258988155274	21964.00764759972	28787502.65988801	4455.627411326724	-92.11420802066186	8485.027319273766	19852615.62856608	3444.144127103365	-48.71860802283709	2373.5027676828463	11862128.7682606	3507.7826728629284	6063.428774009101	2.869786	100.291016	1.3774269	0.90323	0.0027517624	-0.0116336734	0.0703244418	-0.0188398383	0.0847237146	-0.1044769103	0.1626221021	-0.207479873	-0.1823691125	0.0683790491	0.0925842478	0.0604814288	-0.2314888127	-0.0793832054	0.0421795698	0.0762322493	-0.1150688886	0.2169864841	-0.1883599951	0.0695017325	-0.1806489417	-0.028116366	-0.1535030065	0.0310577517	-0.3083590794	0.1891816102	0.0416205227	0.0097241714	0.1805112365	-0.0896099778	-0.0955880401	-0.1509365645	-0.0084736904	0.0439575403	-0.232191581	-0.1427348363	0.1910953835	-0.033805882	-0.0746309966	-0.2004185895	0.0281990384	0.0765898852	0.0882558976	-0.1130875578	0.1265880752	0.0540613821	0.042966443	0.0077173123	-0.0913153547	-0.1981339011	-0.06535803	0.0177437915	0.0868709767	0.0564387688	0.0862526618	-0.0084202818	0.1221297474	-0.3754668434	0.0393650697	0.1512585278	-0.077723644	0.0622715778	0.0069528988	0.3477193407	0.0711346289	0.0110323636	0.0521093012	-0.0331951801	0.0555845648	0.1123749652	0.2342998087	0.1946529681	-0.0479447676	-0.0654638717	0.0806823841	0.0089217989	0.0031426148	0.0103289977	-0.1293758653	0.0191381566	0.134571585	0.0921214021	-0.1027196255	0.0970968666	0.0205409717	-0.1095935489	0.0406372494	7.109e-06	-0.1762550379	0.0590508094	0.0245384785	-0.1104708277	-0.0371816293	0.2006881746	0.0540029893	-0.2085780127	0.0637140765	-0.0110181235	-0.0783724666	-0.093247742	-0.0456833015	0.0	0.0494339	0.0443774	0.00244371046921	0.00196935363076	0.150791	-0.0297869999999999	0.022737925681	0.0008872653689999	0.591372	0.2324149999999999	0.0540167322249999	0.349720842384	0.00249283	-0.01567857	0.0002458175572448	6.214201408900001e-06	0.00350082	-0.00389196	1.51473526416e-05	1.22557406724e-05	0.00242309	-0.0018464199999999	3.409266816399998e-06	5.8713651481e-06	0.0	0.0	0.0	0.0	0.0	0.0	0.0	0.0	0.0	0.0	0.0	0.0	0.0	0.0	0.0	0.0	0.0	0.0	1.0	0.0	0.0	0.0	0.0	0.0	0.0	0.0	0.0	0.0	0.0	0.0	0.0	0.0	0.0	0.0	0.0	0.0	0.0	0.0	0.0	0.0	0.0	0.0	0.0	0.0	0.0	0.0	0.0	0.0
5484.699257330599	119.30060859181047	14232.635210376366	30081925.94336282	4586.544592423873	130.9171810971493	17139.308306423784	21036391.29829267	3490.105008388421	45.96088128505608	2112.402608499018	12180832.96957794	3551.3161632167	6108.630035988595	3.012858	105.291008	2.0741231	1.27086	-0.1676975115	0.1406404876	0.0694127938	-0.019526233	-0.1523714696	0.1460676281	-0.1114667946	0.0479656764	0.0429318031	0.1318214501	-0.0392740925	0.0529666063	-0.0579639436	-0.1536568468	-0.0290324607	-0.2309388956	-0.0863600284	-0.0651651075	-0.0474715469	0.0597098418	0.001922535	0.0070558339	0.1231589123	0.1421284399	-0.1019132635	0.0156887852	-0.1053057306	0.0654243406	0.311129871	0.0615859032	-0.0405300579	0.107181121	-0.0113266882	0.1390752947	-0.0035674324	-0.1275525057	0.0174675151	-0.0583783383	-0.0934541945	0.0926177118	0.0870788908	0.1048959847	-0.1363715124	-0.0391452282	-0.1988805674	0.0551845854	0.0747156516	-0.0236907561	0.0883692276	0.0215173925	-0.0585207525	-0.0850439315	-0.0273103825	-0.1109818116	0.0337061145	-0.0809453555	-0.1394016877	-0.1152053607	0.1371953231	0.2169415945	-0.0250463954	-0.151502861	0.0709180662	0.0042668729	-0.03824766	0.1129105341	-0.0986423028	-0.115134489	-0.1086459684	0.1316025298	0.0725188137	0.007018392	0.0319631166	-0.1156038031	-0.1860313947	0.0538656815	-0.1629594441	-0.1638281041	-0.2235746729	0.1312729176	-0.0876720553	-0.0754614794	-0.0826099821	0.0158502804	0.0219879397	-0.1157164438	0.0797502548	-0.1448497279	0.1222460642	-0.0978071304	-0.1297052351	-0.023434598	-0.0288023061	0.064281256	-0.0090535016	-0.1296945604	0.0626768518	-0.013755484	-0.0806790814	-0.091831738	-0.0395039689	0.0	0.101673	0.0522391	0.010337398929	0.00272892356881	0.106221	-0.04457	0.0112829008409999	0.0019864849	0.946401	0.355029	0.126045590841	0.8956748528010001	-0.0170049	-0.01949773	0.0003801614751529	0.00028916662401	-0.0083471499999999	-0.0118479699999999	0.0001403743931208	6.967491312249833e-05	0.00132309	-0.0011	1.21e-06	1.7505671481e-06	0.0	0.0	0.0	0.0	0.0	0.0	0.0	0.0	0.0	0.0	0.0	0.0	0.0	0.0	0.0	0.0	0.0	0.0	0.0	1.0	0.0	0.0	0.0	0.0	0.0	0.0	0.0	0.0	0.0	0.0	0.0	0.0	0.0	0.0	0.0	0.0	0.0	0.0	0.0	0.0	0.0	0.0	0.0	0.0	0.0	0.0	0.0	0.0
5464.760528151535	-19.93872917906356	397.5529212760405	29863607.630043045	4501.243696659946	-85.30089576392675	7276.242818128296	20261194.8167209	3485.9379444611377	-4.16706392728338	17.364421774066383	12151763.352633942	3531.7179582840445	6027.016313660133	1.57986	55.2117	0.2196341	0.124741	-0.129739112	0.1093594797	0.0681799692	-0.0550467621	-0.0770218584	0.0809885132	0.0892805308	0.0110781538	-0.0073031354	0.1023770818	0.0429721267	0.0367415971	-0.011874129	-0.0615774254	-0.075492475	-0.1672483278	-0.0238072278	-0.0386659975	-0.0670971514	0.0258708836	0.0096591823	0.0660516265	0.0718395886	0.026328941	-0.036109252	0.0027637006	0.0081811241	-0.0449369915	0.1621526895	0.0597438013	-0.0254778946	0.0230633352	-0.0086231148	0.1256372255	0.0833422314	0.0693220447	0.0463673041	-0.0442282346	-0.0166048643	0.0852455664	0.0849508859	-0.0241972456	0.0148250574	0.0968683775	-0.0214607977	0.0263095494	0.0987628291	-0.0502082089	0.0311963547	-0.0649895297	0.0792425644	-0.0587556168	-0.0120346156	3.67104e-05	-0.0288346839	-0.0781391057	-0.1011352795	-0.0642203169	-0.0508503456	0.1225762044	0.0353363647	-0.0472956915	0.0855543059	-0.0974578257	0.1135291689	0.0122938028	-0.1573778854	-0.1087531757	0.078779326	0.0209140759	0.0567749555	-0.0508753654	0.0241755854	-0.1207314679	-0.133947497	0.0411704889	-0.1281088664	-0.119856894	-0.2079269203	0.0299511126	0.0008018618	-0.0642715673	-0.0875426176	-0.0413818016	0.016447036	-0.1131421552	0.0971829598	-0.0916825855	0.0445228427	-0.0525106873	-0.0095498001	-0.1663839895	0.0239125776	0.0379809266	-0.0183779458	-0.0051111686	0.0616266108	-0.0164814186	-0.0828349236	-0.0901106781	-0.0331196242	0.0	0.0826539	-0.0190190999999999	0.00683166718521	0.0003617261648099	0.107058	0.000837	0.011461415364	7.005690000000074e-07	0.8915429999999999	-0.0548580000000001	0.003009400164	0.7948489208489997	-0.0158653	0.0011396	1.2986881600000023e-06	0.0002517077440899	-0.00660089	0.0017462599999999	3.049423987599653e-06	4.35717487921e-05	0.00133563	1.2539999999999904e-05	1.572515999999976e-10	1.7839074969e-06	0.0	0.0	0.0	0.0	0.0	0.0	0.0	0.0	0.0	0.0	0.0	0.0	0.0	0.0	0.0	0.0	0.0	0.0	0.0	0.0	1.0	0.0	0.0	0.0	0.0	0.0	0.0	0.0	0.0	0.0	0.0	0.0	0.0	0.0	0.0	0.0	0.0	0.0	0.0	0.0	0.0	0.0	0.0	0.0	0.0	0.0	0.0	0.0
5499.885088514535	35.124560362999546	1233.734740693999	30248735.986864533	4565.820050727808	64.57635406786176	4170.105504697845	20846712.735628083	3499.965719651442	14.02777519030451	196.77847678972276	12249760.038735235	3551.322060129296	6081.37342022804	1.013174	35.407619	0.1116945999999998	0.0709812	-0.1259629414	0.1322962054	0.0543467149	-0.0644455062	-0.1089763112	0.1111651552	-0.123650016	-0.0037170647	0.0172666317	0.033917964	0.0390006053	0.0134258052	-0.1271271701	-0.1188882862	-0.0302904763	-0.1653318832	-0.063078077	-0.0852693884	-0.0244374801	0.0850961325	-0.0156393249	-0.0878219353	0.0435022116	0.1477738393	-0.024812608	-0.0790686524	-0.0746452229	-0.0407318207	0.2001808809	0.1295489877	-0.0344892915	-0.0446186352	0.0199169631	0.1182186022	0.0810476881	-0.0355427746	-0.0160836741	-0.0551012913	-0.0527362288	0.0660707258	0.0367313942	0.0547439548	0.0640505272	-0.011010703	-0.0751785105	0.0633166813	0.1332162683	0.0798260503	0.0774722306	0.0316311761	-0.0670366916	-0.0853505283	0.1090284458	-0.0623384538	0.0407780807	-0.1400596876	-0.0815948854	-0.020262481	0.0821192495	0.1334879305	0.0188271778	-0.059634832	0.0728122428	-0.0554679878	0.1495011476	0.113609307	-0.0610790307	-0.0051967021	0.0309142789	0.0880875797	0.0343595012	0.0069561007	0.0459699331	-0.1099658149	-0.159548627	0.0366155492	-0.1332995664	-0.132813413	-0.1856815096	0.1063355335	-0.068634865	-0.0616547552	-0.0665964591	0.0045598949	0.0018769617	-0.1194236944	0.0620837798	-0.0905499635	0.0865717307	-0.0544920789	-0.0511306306	-0.0657092526	0.0011789694	-0.0157155546	0.0127874176	-0.0456039738	0.0605635717	-0.019193663	-0.0848359644	-0.0880902796	-0.0265634	0.0	0.0750268	-0.0076270999999999	0.00562902071824	5.817265440999996e-05	0.172204	0.065146	0.0296542176159999	0.0042440013159999	0.888283	-0.0032599999999998	1.0627599999998816e-05	0.789046688089	-0.0157737	9.159999999999724e-05	8.390559999999495e-09	0.00024880961169	-0.00608927	0.00051162	2.617550244e-07	3.70792091329e-05	0.00122562	-0.00011001	1.2102200100000002e-08	1.5021443844e-06	0.0	0.0	0.0	0.0	0.0	0.0	0.0	0.0	0.0	0.0	0.0	0.0	0.0	0.0	0.0	0.0	0.0	0.0	0.0	0.0	0.0	0.0	0.0	0.0	0.0	0.0	0.0	0.0	0.0	0.0	0.0	0.0	0.0	0.0	0.0	0.0	0.0	0.0	0.0	0.0	0.0	0.0	0.0	0.0	0.0	0.0	0.0	0.0
5501.914557062163	2.029468547628312	4.11874258581257	30271063.793212537	4556.675154325494	-9.14489640231386	83.629130209053	20763288.462047264	3501.601418519632	1.6356988681895928	2.6755107873967146	12261212.494178696	3560.7374324546126	6192.161405732452	1.045783	36.547195	0.2358971000000001	0.138282	-0.1099749249	0.1064921916	0.0329985668	-0.1140650081	-0.061084264	0.0790507016	0.0750133982	0.0321307607	0.0041973935	0.0744986558	-0.0727795348	0.0050478272	-0.0184513063	-0.0036566112	-0.0367508871	-0.1686585605	-0.178820418	-0.0595210607	-0.0047059205	0.089366387	0.0369607401	0.064381243	0.1490612043	0.017410325	-0.0478834897	-0.0627802571	-0.0890627122	0.0044078213	0.1246760706	-0.0133656379	-0.0456182386	0.0376501874	0.0081969285	0.1592669809	0.0073427181	-0.0867115079	0.0794691417	-0.1593399955	0.035561718	-0.0628745413	0.0658172161	0.0487874954	-0.0184213542	0.1420973998	0.0471360027	0.0763866464	0.088776768	0.0086161723	0.0428361404	-0.0032533356	0.0380008765	-0.1176285404	-0.0967568146	-0.0800744995	0.0398032385	-0.0281837607	-0.0953757822	0.0240107247	0.0241723152	0.1860594731	-0.0049854194	0.0069725286	0.027538352	0.0420278455	0.0332001503	0.0746047467	0.0491440249	-0.0793565301	-0.0590411584	-0.0403941956	0.0626407987	0.0086252624	0.0442183091	-0.1051063801	-0.1341092313	0.0338684009	-0.1091164044	-0.0928898506	-0.152619284	0.0196952353	0.017417249	-0.0841018489	-0.0567018819	-0.067403546	0.0669278838	-0.0423891469	0.0404418443	-0.0605150518	0.0376708312	0.0235222182	-0.0335094717	-0.1329518661	0.0052938196	-0.0138570065	0.0804899818	0.0489811832	0.0594879552	-0.0218899642	-0.0866784641	-0.0857772541	-0.0198693207	0.0	0.0711982	-0.0038286	0.00506918368324	1.465817796000001e-05	0.182221	0.0100169999999999	0.033204492841	0.0001003402889999	0.806098	-0.082185	0.006754374225	0.6497939856039999	-0.0143012	0.0014725	2.1682562500000046e-06	0.00020452432144	-0.00476444	0.00132483	1.7551745289e-06	2.26998885136e-05	0.00122562	0.0	0.0	1.5021443844e-06	0.0	0.0	0.0	0.0	0.0	0.0	0.0	0.0	0.0	0.0	0.0	0.0	0.0	0.0	0.0	0.0	0.0	0.0	0.0	0.0	0.0	0.0	0.0	0.0	0.0	0.0	0.0	0.0	0.0	0.0	0.0	0.0	0.0	0.0	0.0	0.0	0.0	0.0	0.0	0.0	0.0	0.0	0.0	0.0	0.0	0.0	0.0	0.0
5529.590223916494	27.67566685433121	765.9425358319272	30576368.044432867	4576.681401960017	20.00624763452288	400.2499444138523	20946012.655046705	3510.502814503205	8.901395983573366	79.23485045637605	12323630.010634923	3570.446544443511	6197.143806913901	1.308283	45.720863	0.7468767499999999	0.414273	-0.0670386416	0.1294429837	-0.0060157175	-0.0710518834	-0.0303065456	0.0265557678	-0.02158939	0.0431113729	0.0665311949	-0.0040059948	0.0299639011	0.007154306	-0.1108690985	-0.046356826	-0.0067556325	-0.1016186256	-0.0175394349	-0.0580685855	0.0604945646	0.0929878268	-0.017310991	-0.0273535414	0.0719214813	0.0475868082	-0.0116142063	0.0016085042	0.0403612307	-0.0334108208	0.0808105401	0.100224776	0.0123957173	-0.0401387758	0.0180053812	0.0240426588	-0.0317109602	0.0365723359	-0.0033265738	0.1026834131	0.0865316805	0.0147296092	0.0505740284	-0.0578483955	-0.0016583487	0.0989546898	-0.0353590361	-0.0239472929	-0.1028541173	-0.0948387633	-0.0049352762	0.0576544734	0.0504231677	-0.0969908918	0.0831369557	0.0406773595	0.0429753849	-0.0331899694	-0.0712245739	0.0401019878	0.0570760192	0.0684622924	0.0514490546	-0.0158637558	0.0356485997	-0.0128530606	0.004113779	-0.0814507868	-0.129018101	0.0211458677	0.0971384739	0.0276694096	0.063946853	-0.0609036608	0.0534770974	-0.1019523741	-0.0986225931	0.0315983793	-0.013655333	-0.0265445891	-0.0500771204	0.0060192309	-0.0442719871	0.0398983266	0.0659955474	-0.0057522066	-0.0121488814	-0.0110143633	-0.0233239407	0.0741439971	-0.1028858681	0.0491395241	-0.0186227004	-0.0288452765	0.0959675628	-0.0311082741	0.1157114598	0.0049135683	0.0583999846	-0.0245680825	-0.0883589795	-0.0831792851	-0.0130721264	0.0	0.0851882999999999	0.0139900999999998	0.0072570464568899	0.0001957228980099	0.0673413	-0.1148796999999999	0.00453485068569	0.0131973454720899	0.594971	-0.2111269999999999	0.0445746101289999	0.353990490841	-0.00886658	0.0054346199999999	2.9535094544399996e-05	7.861624089640002e-05	-0.00244105	0.00232339	5.3981410921e-06	5.958725102500001e-06	0.000846031	-0.0003795889999999	1.4408780892099997e-07	7.157684529610001e-07	0.0	0.0	0.0	0.0	0.0	0.0	0.0	0.0	0.0	0.0	0.0	0.0	0.0	0.0	0.0	0.0	0.0	0.0	0.0	0.0	0.0	1.0	0.0	0.0	0.0	0.0	0.0	0.0	0.0	0.0	0.0	0.0	0.0	0.0	0.0	0.0	0.0	0.0	0.0	0.0	0.0	0.0	0.0	0.0	0.0	0.0	0.0	0.0
5530.548185599042	0.9579616825476478	0.9176905852295204	30586963.233232856	4582.409454783755	5.728052823737926	32.81058915153203	20998476.41129155	3501.757753029848	-8.745061473357055	76.47610017279386	12262307.36090465	3579.6448153100127	6292.188067375307	1.011693	35.35585	0.2414943500000001	0.122096	-0.0573789713	0.0959477043	-0.0280543122	-0.0445072667	0.0099614433	0.0265587898	-0.0074273234	0.046026563	0.0686886189	0.0813029083	0.0384333788	0.0291422291	0.0474966242	0.0418088363	0.0473117395	-0.0727484331	-0.1299954013	-0.0162973403	0.0461699369	0.0759168869	0.056786688	-0.0497086892	0.0499073536	0.0510568344	0.0419697562	0.0281272598	-0.0108545827	0.0001324112	0.0489637587	-0.0302601469	-0.0970514242	-0.0187264239	0.0255264844	0.0414204254	-0.0552709935	0.1842303284	0.1151265688	0.0891354965	0.1039797576	0.1138135034	-0.0237247154	-0.0446865956	0.0647637241	0.0377396111	-0.0323275864	-0.0315019768	-0.0156530448	0.02600302	-0.0345391336	0.0593339764	-7.17801e-05	-0.1069691983	0.0003242198	-0.0115082957	-0.0275292345	0.0093866174	-0.0540548354	0.0579909131	-0.0206335097	0.0184503625	0.0811786743	0.0778066174	0.0977614208	0.0989223368	0.0432274277	-0.0605788405	-0.1378841118	0.0246322944	-0.0046445211	-0.0643652532	-0.0088059911	0.0584152407	0.042361966	-0.0997754842	-0.0537321548	0.0305185526	0.022418096	0.0052032926	-0.0278137437	-0.0216553559	0.044392714	0.0318386389	0.0759839689	0.0212326528	0.0074180549	-0.0170792301	-0.0213165497	0.0465489022	-0.0590624695	0.1088462746	-0.0165711882	-0.0279489013	0.0786469803	-0.0462710485	-0.0513322639	0.026874667	0.057299886	-0.0272257935	-0.0898743702	-0.080305003	-0.0062070923	0.0	0.0668153	-0.0183729999999999	0.0044642843140899	0.0003375671289999	0.0952682	0.0279268999999999	0.00907602993124	0.0007799117436099	0.557545	-0.037426	0.001400705476	0.3108564270249999	-0.00701513	0.00185145	3.427867102500004e-06	4.921204891689999e-05	-0.00160932	0.00083173	6.917747929000003e-07	2.5899108624e-06	0.00131822	0.0004721889999999	2.2296245172099998e-07	1.7377039683999998e-06	0.0	0.0	0.0	0.0	0.0	0.0	0.0	0.0	0.0	0.0	0.0	0.0	0.0	0.0	0.0	0.0	0.0	0.0	0.0	0.0	0.0	0.0	0.0	0.0	0.0	0.0	0.0	0.0	0.0	0.0	0.0	0.0	0.0	0.0	0.0	0.0	0.0	0.0	0.0	0.0	0.0	0.0	0.0	0.0	0.0	0.0	0.0	0.0
5515.631169701337	-14.917015897704914	222.51736329238116	30422187.20018094	4561.162172527404	-21.247282256350445	451.4470032810245	20804200.364094917	3501.6613388922274	-0.0964141376207408	0.0092956859331511	12261632.132292507	3559.244691153195	6236.50642115372	0.848865	29.665476	0.17646265	0.10956	-0.0354227611	0.116093422	-0.0026949572	-0.0621389786	-0.0132344933	0.0177006478	0.0134749985	0.0479532347	0.0492955545	0.0201274478	0.0676954306	0.0259554491	-0.0397159372	0.0133150663	0.0591025638	-0.0436828682	-0.1457786159	-0.0395539672	0.0222983099	0.0771362201	0.014265991	-0.0297952793	0.0342677672	0.0137543111	-0.0091985632	0.0256623041	-0.0205263609	-0.0466192191	0.0574063554	-0.0324664591	0.0088349843	-0.0093847921	-0.0515094342	-0.0526322062	-0.0719189591	0.0460386817	-0.0079665258	0.0156853269	0.0568821365	-0.0403833657	-0.029727013	0.147639251	-0.0024917076	0.1155175278	-0.0332904152	0.0297813028	-0.0358571272	-0.0648434086	0.0028533774	0.0312279801	0.0066396993	-0.0808440575	0.0298480025	0.0304450582	0.013496817	-0.0409423521	-0.0385589891	0.0050980141	0.0597517079	0.0617399993	-0.009529979	0.0469332657	0.0010423431	0.1134640668	-0.0479758653	-0.0049723113	0.0208821282	0.008930347	-0.0450397612	-0.1049071602	0.0190777279	0.0215720456	0.0624936303	-0.0704363542	-0.0801270885	0.0216927646	-0.0042218827	-0.0094479419	-0.0201278894	0.0031426552	0.0242870294	0.0113766516	0.0568132611	0.0054131135	0.0395598843	0.0360429351	-0.0534969484	0.0180328009	-0.0433319045	0.1040622153	-0.0425922212	0.0464386533	0.0250983272	-0.0293049203	0.0109712408	-0.0097313357	0.0561878877	-0.0298608894	-0.0912218041	-0.0771639557	0.0006901546	0.0	0.0667837	-3.1599999999992745e-05	0.00446006258569	9.985599999995412e-10	0.092571	-0.0026971999999999	0.008569390041	7.274887839999983e-06	0.627477	0.069932	0.0048904846239999	0.3937273855289999	-0.00822933	-0.0012142	1.4742816400000008e-06	6.77218722489e-05	-0.000825433	0.000783887	6.144788287690001e-07	6.81339637489e-07	0.00139617	7.795000000000002e-05	6.0762025000000035e-09	1.9492906689e-06	0.0	0.0	0.0	0.0	0.0	0.0	0.0	0.0	0.0	0.0	0.0	0.0	0.0	0.0	0.0	0.0	0.0	0.0	0.0	0.0	0.0	0.0	0.0	0.0	0.0	0.0	0.0	0.0	0.0	0.0	0.0	0.0	0.0	0.0	0.0	0.0	0.0	0.0	0.0	0.0	0.0	0.0	0.0	0.0	0.0	0.0	0.0	0.0
5490.826746777447	-24.804422923890343	615.2593965872168	30149178.3631266	4542.888576160778	-18.273596366626407	333.9243241703818	20637836.6154121	3493.25735952524	-8.403979366987187	70.62686920074636	12202846.979877254	3566.282289784448	6193.695629858084	0.845109	29.534195	0.1555097499999999	0.075182	-0.0485177078	0.1101330124	0.0114895182	-0.046054048	0.0018358433	0.0034132137	-0.0171129879	0.0074450841	0.0280551894	0.0906617857	0.0129492804	0.0085836124	0.038046653	0.069774438	0.0349138311	-0.0912951675	-0.047258999	-0.0244789183	-0.0128711145	0.0360177971	0.029247411	0.0001928308	0.0562012666	0.0039252272	-0.0271821008	0.0339369003	-0.0664197796	-0.019645807	0.0225017291	-0.0983958024	0.0068271858	0.0441143008	0.0242181105	-0.0265730158	-0.0404257046	0.0066363809	0.0330295372	0.0797941652	0.0679784708	0.0593428444	-0.0437558788	-0.0156964094	0.0364082973	-0.0502519973	0.0551942979	-0.1913588155	-0.0829600039	-0.001011286	-0.0053213349	0.0161325205	-0.012988186	-0.0786612638	-0.0404046282	0.0027240609	-0.0079005237	0.0641493662	-0.0513818296	0.0132078296	-0.0273532864	0.0477019806	0.026715808	0.0024337647	-0.0034355908	0.0184016326	-0.0717889637	-0.0323428994	-0.122542768	0.0841612684	0.0078078783	-0.0262346393	0.0589268421	0.0049841957	0.0501979131	-0.0777127867	-0.0707024281	0.0311984452	-0.00169873	-0.0061955085	-0.0078751005	-0.0371407755	0.0364562465	0.0240581081	0.0545882728	-0.0093818469	0.0079333231	0.068434186	-0.03577746	0.02870032	-0.1153164215	0.0376888972	-0.0204575109	-0.014782144	0.0666694269	-0.0202888584	0.0198782666	0.0296162033	0.0550642208	-0.0324711814	-0.0923987632	-0.0737665775	0.0075838198	0.0	0.0385844	-0.0281993	0.0014887559233599	0.00079520052049	0.0323477	-0.0602233	0.00104637369529	0.00362684586289	0.606176	-0.0213009999999999	0.0004537326009999	0.367449342976	-0.0081157399999999	0.0001135900000001	1.2902688100022908e-08	6.586523574759836e-05	-0.0003445	0.0004809329999999	2.3129655048899997e-07	1.1868025000000003e-07	0.00171737	0.0003212	1.0316944e-07	2.9493597169e-06	0.0	0.0	0.0	0.0	0.0	0.0	0.0	0.0	0.0	0.0	0.0	0.0	0.0	0.0	0.0	0.0	0.0	0.0	0.0	0.0	0.0	0.0	0.0	0.0	0.0	0.0	0.0	0.0	0.0	0.0	0.0	0.0	0.0	0.0	0.0	0.0	0.0	0.0	0.0	0.0	0.0	0.0	0.0	0.0	0.0	0.0	0.0	0.0
5493.054554041411	2.227807263964678	4.963125205373784	30173648.33367509	4571.176102414656	28.28752625387824	800.1841415638507	20895650.959286846	3496.6742620693108	3.416902544070581	11.675222995676007	12226730.89501796	3555.569943823699	6088.215759684633	0.782958	27.362196	0.1255394500000001	0.0628924	-0.0424271911	0.1169452152	0.0249164052	-0.0170224638	-0.0065723782	0.0093913372	0.0339791076	0.0379614233	0.0731173633	0.0497283751	0.077503738	0.0732151031	-0.0899271675	-0.0010827107	0.0178182921	0.0062896626	-0.0773305474	-0.027222615	0.0166749792	0.0526744569	0.0103649587	-0.0266905169	0.0413979924	-0.0232520003	-0.0148245654	0.0872372234	0.0080397337	-0.1189740356	0.0530017799	0.0041005067	0.0028698966	-0.0517115174	0.034456431	-0.1108199308	-0.0671210256	-0.0055187716	-0.0268400065	0.0697317464	-0.0020055178	0.0262502419	-0.0182283542	-0.0222783766	-0.0436332091	-0.029262513	-0.0666554084	-0.105218446	-0.0243849687	0.0597529826	-0.0214465839	0.0246088101	0.0525662071	-0.0563751668	0.0384328841	0.0915090249	-0.00644604	-0.0156911735	-0.0733279836	-0.0439234929	0.0569478686	0.0830881888	0.029404326	-0.0166314969	-0.0359034557	0.0308586098	-0.1032502168	-0.1058192374	-0.0125565597	-0.032845775	0.023145648	0.032687202	-0.0119739715	0.0253179729	0.0532255228	-0.0725556123	-0.068222753	0.0338477822	0.0042832782	-0.0177805931	0.0059340002	-0.0170711158	-0.0029784609	0.0475284773	0.0948220725	0.0236020877	-0.0336323901	-0.0131136209	-0.0397621268	0.0356816262	-0.0835763761	0.0469266687	0.0185707795	0.0197889391	0.0651504061	-0.0447054555	-0.0122262631	-0.0195521111	0.0539291185	-0.0350545013	-0.0934030479	-0.0701241541	0.0144381275	0.0	0.0286251	-0.0099592999999999	0.00081939635001	9.918765648999996e-05	0.0682937	0.035946	0.00466402945969	0.0012921149159999	0.557541	-0.048635	0.002365363225	0.3108519666809999	-0.0082968699999999	-0.00018113	3.2808076900000574e-08	6.883805179689835e-05	-0.000258227	8.627300000000005e-05	7.443030529000008e-09	6.668118352899999e-08	0.00206995	0.00035258	1.243126564000001e-07	4.284693002500001e-06	0.0	0.0	0.0	0.0	0.0	0.0	0.0	0.0	0.0	0.0	0.0	0.0	0.0	0.0	0.0	0.0	0.0	0.0	0.0	0.0	0.0	0.0	0.0	0.0	0.0	0.0	0.0	0.0	0.0	0.0	0.0	0.0	0.0	0.0	0.0	0.0	0.0	0.0	0.0	0.0	0.0	0.0	0.0	0.0	0.0	0.0	0.0	0.0
5494.154879056532	1.1003250151206885	1.2107151389003434	30185737.835060697	4550.670434103058	-20.50566831159813	420.48243290527967	20708601.39981972	3498.955700245393	2.281438176082247	5.204960151285491	12242690.992279729	3562.572779646316	6140.355323042383	0.8372849999999998	29.260777	0.14029522	0.0776571	-0.0454877651	0.1081306222	0.0304363994	-0.0494933278	-0.0073202974	0.0070809781	-0.1112259848	-0.0469542264	0.0134418437	0.0607523403	-0.0175758664	0.0345777042	-0.0523742982	2.9389e-05	0.0204246192	-0.0703109936	-0.1142045658	-0.029827257	0.0095652201	0.0456763254	0.0473641722	-0.0687568661	0.0158428879	0.056844152	-0.0223016671	-0.0319616431	-0.1376570838	-0.0070938433	0.0131560804	-0.036695219	0.0129504735	0.0281238462	0.0276952092	-0.0799336597	-0.1069755132	0.1302119544	-0.0490197637	-0.0565457692	-0.0062447043	0.0351915877	-0.1416448561	0.0506519238	-0.0061965766	0.0565613548	-0.0079586986	-0.1270092157	-0.0369728638	0.0470744904	0.0062403281	0.0591552949	-0.1117233677	-0.0752000037	0.008212708	-0.0314624628	-0.0097096296	-0.0084401603	-0.0488872484	0.0085518087	0.0112038591	0.0957694795	-0.0451561237	0.0684723372	0.0316870904	0.0213563824	0.0849455756	-0.0477089591	-0.0644105515	0.0421497581	-0.0615288222	0.005481494	-0.1094504916	-0.0188582605	0.0547581677	-0.0658029877	-0.0744041125	0.0351171487	-0.0151660687	-0.0162262981	0.0048450666	-0.0345837476	0.0870310077	-0.0104863971	0.0701930849	-0.0037136747	0.0257019111	0.0131186804	-0.0410586998	-0.007703413	-0.0257719752	0.107751932	-0.0091586495	0.040373462	0.0329945609	-0.0733725237	-0.0167372913	0.0210798002	0.0527828167	-0.0376087033	-0.0942327815	-0.0662487853	0.0212175063	0.0	0.0322425	0.0036173999999999	0.00103957880625	1.3085582759999998e-05	0.110148	0.0418543	0.012132581904	0.0017517824284899	0.598251	0.04071	0.0016573041	0.357904259001	-0.00912895	-0.00083208	6.923571264001656e-07	8.333772810250001e-05	-9.18266e-05	0.0001664003999999	2.7689093120159992e-08	8.43212446756e-09	0.00215374	8.378999999999982e-05	7.020764099999971e-09	4.6385959876e-06	0.0	0.0	0.0	0.0	0.0	0.0	0.0	0.0	0.0	0.0	0.0	0.0	0.0	0.0	0.0	0.0	0.0	0.0	0.0	0.0	0.0	0.0	0.0	0.0	0.0	0.0	0.0	0.0	0.0	0.0	0.0	0.0	0.0	0.0	0.0	0.0	0.0	0.0	0.0	0.0	0.0	0.0	0.0	0.0	0.0	0.0	0.0	0.0
5494.638429923264	0.4835508667320027	0.2338214407172711	30191051.475589592	4584.879134328742	34.20870022568397	1170.2351711307106	21021116.676403075	3501.9499059745594	2.994205729166424	8.965267948573038	12263653.143955223	3571.340171517982	6136.39191628048	0.8792959999999999	30.72896	0.11987153	0.0680275	-0.0247451125	0.1094689821	0.0233346161	-0.0298059932	0.0036327374	0.0102522982	0.052174898	0.0664108652	0.0484822922	0.0651394433	-0.0045009219	-0.0111832575	-0.0228669589	0.0666089829	0.0588119447	-0.1025474353	-0.0257486102	-0.0327198257	0.0303790939	0.0463836656	0.0244803475	0.0473747087	0.082776275	-0.0246306702	0.0323283913	0.0250260142	-0.0224291306	-0.0548954919	-0.0042687273	-0.0334829858	-0.0333876518	-0.0079528814	0.0547617174	0.0532388847	-0.0222554845	-0.0295722212	-0.0129329731	-0.0169295913	0.0879203335	-0.0452005337	0.0729197533	-0.1032511081	0.0718344655	-0.0037110811	0.0254368611	0.008412747	-0.0749320606	-0.077121075	-0.00526118	0.0218861828	0.0801474947	-0.0804322299	-0.0357038376	0.0130992838	0.0137512953	0.0721443898	-0.085737224	0.0120203135	-0.0363240243	0.0442888072	0.0892241163	0.0264310533	0.0176759446	-0.0225451319	0.0286074606	-0.0477567178	0.0328712382	0.0271878384	-0.0165888591	-0.0836115174	0.0252569481	0.0554899873	0.0576330796	-0.0544847752	-0.0648033834	0.0343705135	-0.0008171031	-0.010159122	0.0184058994	-0.0328410872	-0.0020637968	0.0328748757	0.0763433506	-0.0051807406	-0.0101418707	0.0535554754	-0.0360582084	0.0274563188	-0.0961666758	0.0235924054	-0.0104361333	0.0112856021	0.0330349884	-0.0057913124	0.0638857392	0.0319801966	0.0516255532	-0.0401316657	-0.0948864133	-0.0621533448	0.0278867734	0.0	0.028151	-0.0040915	0.0007924788009999	1.6740372250000012e-05	0.0904703	-0.0196776999999999	0.00818487518209	0.0003872118772899	0.58537	-0.012881	0.000165920161	0.3426580368999999	-0.0080985099999999	0.00103044	1.0618065936002048e-06	6.55858642200984e-05	0.0005312	0.0006230266	3.8816214430756004e-07	2.821734400000001e-07	0.0021647	1.0959999999999965e-05	1.2012159999999919e-10	4.685926089999999e-06	0.0	0.0	0.0	0.0	0.0	0.0	0.0	0.0	0.0	0.0	0.0	0.0	0.0	0.0	0.0	0.0	0.0	0.0	0.0	0.0	0.0	0.0	0.0	0.0	0.0	0.0	0.0	0.0	0.0	0.0	0.0	0.0	0.0	0.0	0.0	0.0	0.0	0.0	0.0	0.0	0.0	0.0	0.0	0.0	0.0	0.0	0.0	0.0
5486.108666579818	-8.529763343445666	72.75686269518938	30097388.30152219	4549.286618830484	-35.59251549825785	1266.8271594937255	20696008.7402701	3496.826049053486	-5.123856921073639	26.25390974763423	12227792.417339012	3558.2143491033767	6116.279488578084	0.7852179999999999	27.441181	0.0756113	0.034301	-0.0255258984	0.0988026811	0.0250633975	-0.0215736582	0.0005240025	0.0020162733	-0.0071680919	0.0217471561	0.047920648	0.0301587583	0.0919297675	0.0602663049	-0.0731618481	0.0108474459	0.0116913097	0.0189298719	-0.0733790443	-0.0169575293	0.0185545629	0.0453700257	0.0331000106	-0.0135786955	0.0360588616	0.058533325	0.0123391251	0.0317152775	0.014976585	-0.0879862837	0.044756212	-0.0605247096	0.0724400573	-0.017374094	-0.057903493	-0.1235915861	-0.0799130093	-0.0339548196	0.0456408005	-0.0114649874	0.0069630698	0.017641018	0.0249361841	-0.0270347759	0.0211181625	-0.0519087193	0.0393954719	-0.0196073303	-0.102692039	-0.0402992257	-0.0211787743	0.020482223	0.0045591792	-0.0657449193	0.0631462774	0.0721654982	-0.0495545058	0.0091793695	-0.0855607469	0.0076397849	0.0542486847	0.0377777394	-0.042299423	0.0194163355	-0.0326507374	0.0652558404	-0.0877661359	-0.0322659542	0.0290309231	0.0394729624	0.0850974313	0.0448764594	0.0446578002	-0.0243772464	0.0519588291	-0.0518969148	-0.0513049119	0.0313942327	0.001540008	-0.00488543	0.0177618942	-0.0351159937	0.0420335502	0.0273956422	0.083664892	0.0127636616	-0.0369776413	-0.0273555533	-0.027247284	0.0216129719	-0.0615988443	0.0567704145	0.0389152949	0.0162588366	0.0523905125	-0.0646179955	-0.0151599213	0.0089253523	0.0504575686	-0.0426212929	-0.095362722	-0.0578514371	0.0344113177	0.0	0.0221564	-0.0059945999999999	0.00049090606096	3.593522915999999e-05	0.115012	0.0245417	0.013227760144	0.00060229503889	0.565858	-0.0195119999999999	0.0003807181439999	0.3201952761639999	-0.00833878	-0.00024027	5.772967290004788e-08	6.953525188840001e-05	0.00042754	-0.00010366	1.0745395599999998e-08	1.827904516e-07	0.00233203	0.00016733	2.7999328900000085e-08	5.4383639209e-06	0.0	0.0	0.0	0.0	0.0	0.0	0.0	0.0	0.0	0.0	0.0	0.0	0.0	0.0	0.0	0.0	0.0	0.0	0.0	0.0	0.0	0.0	0.0	0.0	0.0	0.0	0.0	0.0	0.0	0.0	0.0	0.0	0.0	0.0	0.0	0.0	0.0	0.0	0.0	0.0	0.0	0.0	0.0	0.0	0.0	0.0	0.0	0.0
5493.550921791316	7.442255211497468	55.38716263306122	30179101.730314218	4577.962238877584	28.675620047099983	822.2911850856424	20957738.260589063	3504.145285707132	7.319236653646385	53.57122519208073	12279034.18334352	3572.346252093191	6118.615459196674	0.824558	28.816023	0.1621893	0.0900742	-0.0116211911	0.0985477963	0.0272398402	-0.0416233888	-0.0028388092	0.0005251708	-0.0929039961	-0.0156780223	0.0063052687	0.0392952634	-0.0557981891	0.0315371414	-0.041996287	0.042547486	0.0589843907	-0.0255651618	-0.0914894754	-0.0390891882	0.0136684094	0.0688270207	0.0210771522	-0.0208558822	0.063561309	0.0386256557	-0.0345504674	-0.0364709713	-0.1292846	0.0037351767	-0.0353956054	-0.0781269266	0.0438567599	0.0200239278	0.0454857733	-0.0248614746	-0.1009432688	0.0646013249	-0.079872318	-0.0114614264	0.0519114229	0.0028189165	-0.0284327327	-0.0188102544	-0.099244817	-0.0225454761	0.0478027528	-0.0929835354	-0.0014066228	0.0712105676	0.0289441342	0.0527316877	-0.0817730776	-0.0834753598	-0.0286740569	-0.0562555527	0.0216479241	0.0412250426	-0.0418043433	0.0222008375	0.0278174417	0.063970405	-0.0675570641	0.0411697028	-0.0152703362	0.0351473969	-0.0038769796	-0.0470222425	-0.0095252083	0.0146022827	-0.0790799395	0.0212428134	-0.0703859568	-0.0363803344	0.0613038058	-0.0354066202	-0.0624385515	0.027247737	-0.016080128	-0.0060550741	0.0262191321	-0.0281376087	0.0454152975	-0.0141417648	0.0690817695	-0.0188295854	0.0283503392	0.0172123086	-0.045838465	-0.0094963753	0.0036169145	0.0870529786	-0.0132976388	0.0689920011	-0.0289451437	-0.0573634799	0.0783739339	0.0441599431	0.0492791053	-0.0450755168	-0.0956608172	-0.0533573527	0.040757279	0.0	0.0160076	-0.0061487999999999	0.00025624325776	3.780774143999999e-05	0.17881	0.063798	0.0319730161	0.0040701848039999	0.61516	0.049302	0.002430687204	0.3784218256	-0.0089038699999999	-0.0005650899999999	3.193267080998871e-07	7.927890097689823e-05	0.00067356	0.00024602	6.05258404e-08	4.536830736e-07	0.00237973	4.769999999999991e-05	2.2752899999999916e-09	5.6631148729e-06	0.0	0.0	0.0	0.0	0.0	0.0	0.0	0.0	0.0	0.0	0.0	0.0	0.0	0.0	0.0	0.0	0.0	0.0	0.0	0.0	0.0	0.0	0.0	0.0	0.0	0.0	0.0	0.0	0.0	0.0	0.0	0.0	0.0	0.0	0.0	0.0	0.0	0.0	0.0	0.0	0.0	0.0	0.0	0.0	0.0	0.0	0.0	0.0
5491.23160282474	-2.3193189665762475	5.379240468720313	30153624.51586116	4561.552488555179	-16.40975032240567	269.27990564369304	20807761.105843943	3494.664002403846	-9.48128330328609	89.89473307717161	12212676.489697268	3559.361561805241	6138.363336774937	0.80564	28.154871	0.1632424499999999	0.100585	-0.0076823693	0.0911745975	0.033429418	-0.0472107391	0.0068750457	-0.000701044	0.0361521205	0.0305062414	0.019498531	0.0207602016	-0.0070815	0.0024643188	-0.0116877104	0.043719159	0.0325715558	-0.0821103689	0.0099029901	-0.0262899596	-0.0254567748	0.0341604237	0.0288724094	0.0307444816	0.0865854227	-0.0265646789	0.010471788	0.0738348438	-0.0020611438	-0.027545257	-0.0058077365	-0.0727044346	0.0303665412	-0.0102307785	-0.0017343151	0.0040247568	-0.0109844288	0.0106588729	-0.0212860885	0.0764502757	0.0094907884	-0.010224421	-0.0889947986	-0.1552187397	0.0444278924	-0.0003647037	-0.0559819021	-0.0142812974	-0.0434192829	0.0776504866	0.0155688286	-0.0219891153	0.0576448324	-0.0657019233	-0.0370686642	0.0265120463	0.0145201716	0.0596356959	-0.0803009775	0.0178768207	-0.0319958724	0.004232989	0.0797981973	-0.0259968696	-0.0054418506	-0.0372274939	0.0009126105	-0.0179881097	-0.0153529324	0.0397068882	0.0710221859	-0.0500918316	0.0154612078	0.0303118809	0.0600482809	-0.0289967808	-0.0555264671	0.0245479168	-0.0168199407	0.002510296	0.0311873958	-0.045563411	0.0161707956	0.0184127697	0.0471533982	-0.0143843265	-0.0286095215	0.046374634	-0.0132802144	0.0253387316	-0.083746879	0.0002366182	0.0349924401	-0.0173445054	0.0469698683	-0.0329604381	0.0414995878	0.0658104098	0.0480904081	-0.0474922989	-0.0957801421	-0.0486860206	0.0468917239	0.0	0.00453455	-0.01147305	2.05621437025e-05	0.0001316308763025	0.0865970999999999	-0.0922129000000001	0.0074990577284099	0.00850321892641	0.632778	0.0176179999999999	0.0003103939239999	0.4004079972839999	-0.0087262	0.0001776699999999	3.156662889996471e-08	7.614656643999999e-05	0.00133466	0.0006611	4.370532100000001e-07	1.7813173156000005e-06	0.00237973	0.0	0.0	5.6631148729e-06	0.0	0.0	0.0	0.0	0.0	0.0	0.0	0.0	0.0	0.0	0.0	0.0	0.0	0.0	0.0	0.0	0.0	0.0	0.0	0.0	0.0	0.0	0.0	0.0	0.0	0.0	0.0	0.0	0.0	0.0	0.0	0.0	0.0	0.0	0.0	0.0	0.0	0.0	0.0	0.0	0.0	0.0	0.0	0.0	0.0	0.0	0.0	0.0
5494.160415397258	2.928812572517927	8.577943084939077	30185798.670118164	4571.344424544339	9.791935989160264	95.88201041581202	20897189.84781261	3496.0035181290064	1.339515725160254	1.7943023779516014	12222040.59877039	3562.2281247499814	6131.942485245668	0.7536239999999998	26.337067	0.1200788599999999	0.0897271999999999	0.0063059861	0.0894144987	0.0308601946	-0.0307256015	0.0132647947	-0.0073779052	0.004144904	0.0426928319	0.0126877317	0.0223993319	0.0932464567	0.0455733166	-0.0760296285	0.0268015926	0.0656412623	0.0061121732	-0.0510329621	-0.0246096013	0.0028538826	0.0394378689	-0.0074454154	-0.0290565785	0.0224160135	0.0386414817	-0.0255936232	0.034405505	-0.0239308024	-0.0841537443	0.0245169681	-0.0496743144	0.0854730751	0.0051590283	-0.0954319952	-0.1749798857	-0.0687886315	-0.0405258512	-0.0215056088	-0.0464620103	-0.058747306	0.0555339109	0.0140306753	-0.0056912244	0.0222909098	0.0298163486	0.0384788878	-0.0628958031	-0.0080009676	-0.0470186136	0.0117474292	0.0079464123	0.0135415945	-0.0494624096	0.056598046	0.078699451	-0.0066458414	0.0036131156	-0.059036779	0.0018712912	0.05829019	0.0367188069	-0.0621401082	0.0339579483	-0.0596006501	0.0583416892	-0.1046876114	0.0205942103	0.0135979292	-0.005884525	0.0366497549	0.0624036621	-0.0140883311	-0.0110714037	0.0637446465	-0.0218087553	-0.0486624599	0.0221838861	-0.016794574	0.0149666622	0.0356684085	-0.0104365726	-0.0041944751	0.0239075701	0.064793988	0.0133720687	-0.0510994695	-0.0456677054	-0.0223146418	0.0131112266	-0.0195267518	0.0286307463	0.053595894	0.033740152	0.0205703541	-0.0745734632	0.0404066041	0.0319698459	0.0468917239	-0.0498696316	-0.0957204735	-0.0438529584	0.0527828167	0.0	0.00697151	0.00243696	4.8601951680100005e-05	5.938774041600001e-06	0.174549	0.0879519000000001	0.030467353401	0.00773553671361	0.619542	-0.0132359999999999	0.0001751916959999	0.383832289764	-0.0086941299999999	3.207000000009924e-05	1.0284849000063652e-09	7.558789645689828e-05	0.00115477	-0.00017989	3.2360412100000014e-08	1.3334937529e-06	0.00226261	-0.00011712	1.3717094400000017e-08	5.1194040121e-06	0.0	0.0	0.0	0.0	0.0	0.0	0.0	0.0	0.0	0.0	0.0	0.0	0.0	0.0	0.0	0.0	0.0	0.0	0.0	0.0	0.0	0.0	0.0	0.0	0.0	0.0	0.0	0.0	0.0	0.0	0.0	0.0	0.0	0.0	0.0	0.0	0.0	0.0	0.0	0.0	0.0	0.0	0.0	0.0	0.0	0.0	0.0	0.0
5487.188460259828	-6.971955137429177	48.60815843832509	30109237.198408622	4556.976432727284	-14.367991817054644	206.4391888549492	20766034.208431885	3498.4303759765626	2.426857847556221	5.889639012245213	12239015.095555512	3565.691462862824	6136.53250763914	0.830439	29.021528	0.0992207419	0.0468326	0.0010756187	0.0855659196	0.032346125	-0.0429458183	0.0100890151	-0.0160152695	-0.1006161934	-0.0302174833	-0.0426438927	0.0327861473	-0.0497814276	0.0204776268	-0.0516894113	0.0362060072	0.031245099	-0.0134252558	-0.0775108444	-0.0330663779	-0.0046273845	0.0420340778	0.0306275364	-0.0524992023	0.0180133598	0.0993125576	-0.0191711611	-0.030720241	-0.1286677014	-0.0130031356	-0.0499239815	-0.0917488013	0.0503075353	0.0416497821	-0.0224745447	-0.0758552734	-0.0705237491	0.0019276611	-0.0080376315	-0.0201542716	0.0252634265	-0.0158439798	-0.0662719252	-0.0574333848	-0.0690722435	-0.1100746504	-0.0771078775	-0.053151068	0.0706193222	0.1075407136	0.0324481435	0.043084479	-0.1162825718	-0.0622281318	0.0009559147	-0.0479109825	-0.0081941371	0.0262188824	-0.0544402265	0.029755568	0.0227878836	0.0412695165	-0.0728274416	0.0627165215	-0.0302436922	0.0233830422	-0.0100543373	-0.0588350155	-0.0137219849	-0.0018158006	-0.0499172038	0.0245762819	-0.0497191598	-0.0756623972	0.0637421091	-0.0179410902	-0.0530696753	0.0249139255	-0.0189668436	0.020618274	0.047262459	-0.0364241134	0.0839215466	-0.0225635196	0.0451257707	-0.0191414579	0.0307969669	0.04810873	-0.0281734174	-0.0205429537	0.0148476377	0.0800164223	-0.0073152749	0.0541846243	0.000521252	-0.0607527038	0.0200250079	0.0478576136	0.0456833015	-0.0522055402	-0.0954819229	-0.0388742211	0.0583999846	0.0	3.27681e-05	-0.0069387419	1.07374837761e-09	4.814613915481561e-05	0.138468	-0.036081	0.019173387024	0.001301838561	0.641816	0.022274	0.000496131076	0.411927777856	-0.0084242199999999	0.0002699099999999	7.285140809999997e-08	7.096748260839833e-05	0.00144628	0.00029151	8.497808010000003e-08	2.0917258384000005e-06	0.00237973	0.00011712	1.3717094400000017e-08	5.6631148729e-06	0.0	0.0	0.0	0.0	0.0	0.0	0.0	0.0	0.0	0.0	0.0	0.0	0.0	0.0	0.0	0.0	0.0	0.0	0.0	0.0	0.0	0.0	0.0	0.0	0.0	0.0	0.0	0.0	0.0	0.0	0.0	0.0	0.0	0.0	0.0	0.0	0.0	0.0	0.0	0.0	0.0	0.0	0.0	0.0	0.0	0.0	0.0	0.0
5492.809128872799	5.620668612970803	31.59191565683513	30170952.12622836	4584.238271393844	27.261838666559925	743.2078474815418	21015240.52891202	3501.943332707332	3.5129567307694742	12.340864992258552	12263607.105493337	3569.993639209073	6101.0514137829	0.827384	28.914766	0.0779057140999999	0.0608281	0.0130883638	0.0885449095	0.0402222432	-0.0411842482	0.0190722763	-0.0142006615	0.0322033254	0.0556675867	0.0019752168	0.0130621935	-0.0282220623	-0.0258573867	-0.0389346843	0.0279221244	0.0396115366	-0.092911334	0.0414800336	-0.050599457	-0.0059047405	0.0477665844	0.0046110105	0.0460728449	0.0769469325	-0.0145085661	-0.0097643936	0.0348886895	-0.0383787489	-0.0535037617	0.0068015919	-0.0271852403	0.0559446355	-0.0149031927	0.006156624	0.0429385021	-0.0082953841	-0.0222921064	-0.0301977487	0.0284646153	0.037369258	-0.0599045484	0.0039220356	-0.1255140299	0.0318637329	-0.0242591166	0.1046904191	0.0323280876	-0.0292130758	-0.0320228644	0.0347180934	-0.000449969	0.0620432605	-0.0723968394	-0.0329499282	0.0019137842	0.0324527365	0.0596642909	-0.0675369266	0.0196360683	-0.0162113953	0.0175453348	0.0503613888	-0.0159338527	-0.044377966	-0.044642643	0.0069482122	-0.0116620597	0.0077018952	0.0277863164	0.0388781797	-0.0700655453	0.0101009978	0.042487331	0.0665539128	-0.0148844046	-0.0550173062	0.0238073633	-0.0211255273	0.0180685266	0.051776706	-0.0396294449	-0.0076909563	0.0192537833	0.0327758585	-0.017725368	-0.017774236	0.0887845238	-0.018367693	0.0131315534	-0.0815002061	-0.0334756197	0.0131855705	0.0074436203	0.021647946	-0.0125158985	0.0788760226	0.0630055182	0.0444653919	-0.0544980844	-0.0950649363	-0.0337663475	0.0637140765	0.0	-0.000127446	-0.0001602141	1.6242482916e-08	2.5668557838810002e-08	0.0788119999999999	-0.0596560000000001	0.0062113313439999	0.003558838336	0.639217	-0.002599	6.7548010000000935e-06	0.408598373089	-0.0084045	1.9719999999900237e-05	3.8887839999606517e-10	7.063562025e-05	0.0016652	0.0002189199999999	4.792596639999993e-08	2.77289104e-06	0.00230856	-7.117000000000017e-05	5.065168900000025e-09	5.3294492736e-06	0.0	0.0	0.0	0.0	0.0	0.0	0.0	0.0	0.0	0.0	0.0	0.0	0.0	0.0	0.0	0.0	0.0	0.0	0.0	0.0	0.0	0.0	0.0	0.0	0.0	0.0	0.0	0.0	0.0	0.0	0.0	0.0	0.0	0.0	0.0	0.0	0.0	0.0	0.0	0.0	0.0	0.0	0.0	0.0	0.0	0.0	0.0	0.0
5488.188294151493	-4.620834721305982	21.352113521626936	30120210.75206148	4564.355926769202	-19.88234462464243	395.30762777304767	20833345.026233137	3494.9694571314103	-6.973875575921738	48.63494054843776	12214811.506281424	3561.356604843801	6117.117348230033	0.757158	26.460577	0.094573704	0.0490823	0.008968703	0.0885136749	0.0427350418	-0.0252861958	0.0160140051	-0.0175975909	-0.0012533697	0.0355855926	-0.0071640403	0.0174606066	0.0974438225	0.0272495872	-0.0661617831	0.0073548326	0.043498661	0.0146519054	-0.0685816174	-0.0227966763	-0.0138160908	0.0468060768	0.014680319	-0.0135302821	0.017023599	0.0485588095	0.0342555965	0.0322290469	-0.0066960851	-0.0757276696	-0.0248542927	-0.0338370678	0.0332859101	0.0030886874	-0.0378753542	-0.1322310603	-0.0750307965	0.0025600712	0.0183196986	-0.0447837116	0.0400418659	0.050195696	0.0323687616	0.0252809607	-0.0308621297	-0.0168041386	-0.0703025713	0.0719744975	-0.0580380229	0.0221119107	0.0137702825	-0.0064971617	0.0094907911	-0.0643889763	0.0523145982	0.0709996326	-0.0216191855	0.0125066014	-0.0553305325	0.023336684	0.0395293398	-0.0018345157	-0.0618737585	0.0473918411	-0.0261506269	0.0524831993	-0.1080977392	-0.0077419031	0.0076809836	0.0235225311	0.0187985799	0.0199144519	-0.0064281865	0.0007992842	0.063308443	-0.0171779231	-0.0470112527	0.0240415471	-0.01520364	0.028870503	0.0479728617	-0.0300401676	0.0378146333	0.0146119002	0.0419118495	0.0199068816	-0.0518677466	-0.0067689093	-0.0182737439	0.0082929262	-0.040728521	0.0203605002	0.052013663	0.0301942468	0.0653167796	-0.0757299779	-0.0440824205	0.0281727828	0.0432382481	-0.0567453599	-0.0944702927	-0.0285463055	0.0686975141	0.0	-0.00323715	-0.003109704	1.04791401225e-05	9.670258967616e-06	0.10954	0.0307280000000001	0.0119990116	0.000944209984	0.615065	-0.024152	0.000583319104	0.378304954225	-0.0079363	0.0004682	2.192112400000002e-07	6.298485769e-05	0.00151265	-0.00015255	2.32715025e-08	2.2881100225e-06	0.00219763	-0.0001109299999999	1.2305464899999993e-08	4.829577616899999e-06	0.0	0.0	0.0	0.0	0.0	0.0	0.0	0.0	0.0	0.0	0.0	0.0	0.0	0.0	0.0	0.0	0.0	0.0	0.0	0.0	0.0	0.0	0.0	0.0	0.0	0.0	0.0	0.0	0.0	0.0	0.0	0.0	0.0	0.0	0.0	0.0	0.0	0.0	0.0	0.0	0.0	0.0	0.0	0.0	0.0	0.0	0.0	0.0
5493.081445419519	4.893151268025576	23.942929331780302	30173943.766012188	4569.7683926084965	5.412465839294782	29.29478646153297	20882783.16208364	3502.507617938702	7.538160807291661	56.82386835658806	12267559.61371864	3563.7305109258223	6108.115149789815	0.912091	31.875048	0.18163316	0.10261	0.0237207006	0.082363347	0.0332033029	-0.0555308288	0.0182908642	-0.0293287115	-0.0987537792	-0.0085357895	-0.0426254256	0.0111023682	-0.0748771893	0.0014511942	-0.077500863	0.0004773943	0.0318191865	-0.0400575404	-0.0373291828	-0.0511970431	-0.0209968172	0.0510324074	-0.0075703387	-0.0219892811	0.0008180798	0.0511449728	-0.0512503009	-0.0609812048	-0.1614995822	0.027882707	-0.0611686255	-0.0658414877	0.0640626245	-0.0006806777	0.0171439745	0.0621273398	-0.0027312988	-0.0185961593	-0.0717085765	-0.0234088916	0.003918634	-0.1272044836	0.0690587047	-0.0143115068	-0.0049962247	0.0665248368	0.0693564763	-0.0010263328	-0.0679759841	-0.022815229	0.0709683818	0.0277305155	-0.0868600351	-0.054333967	-0.0168049799	-0.0841528355	0.0405630702	0.025650196	-0.0217426792	0.0045485988	0.0379073838	0.0559254658	-0.0567326461	0.0265962228	-0.063084203	-0.0032601003	0.0098650329	-0.0224786793	0.0509019378	-0.0085287828	-0.027216743	0.0119669559	-0.0580041545	-0.0468045006	0.0696387422	-0.0019617923	-0.0549118273	0.0195540125	-0.0322012039	0.0308187021	0.0497350603	-0.0332891382	0.041152857	-0.0340677516	0.0200963267	-0.0443841358	0.0477051598	0.0834076611	-0.0308255418	-0.0215978082	0.0229237957	0.0454833058	-0.0186537068	0.0671489747	-0.0493122269	-0.0499712314	0.1343326306	0.0725868897	0.0420021249	-0.0589455001	-0.0936991036	-0.0232314356	0.073324435	0.0	-0.00629281	-0.00305566	3.9599457696100006e-05	9.337058035600005e-06	0.175308	0.065768	0.0307328948639999	0.0043254298239999	0.667507	0.0524419999999999	0.0027501633639999	0.4455655950489999	-0.00887884	-0.00094254	8.883816516000007e-07	7.883379974560001e-05	0.00159536	8.271000000000016e-05	6.8409441000000275e-09	2.5451735296e-06	0.00237973	0.0001821	3.316041000000005e-08	5.6631148729e-06	0.0	0.0	0.0	0.0	0.0	0.0	0.0	0.0	0.0	0.0	0.0	0.0	0.0	0.0	0.0	0.0	0.0	0.0	0.0	0.0	0.0	0.0	0.0	0.0	0.0	0.0	0.0	0.0	0.0	0.0	0.0	0.0	0.0	0.0	0.0	0.0	0.0	0.0	0.0	0.0	0.0	0.0	0.0	0.0	0.0	0.0	0.0	0.0
5498.851563853017	5.770118433498283	33.29426673659668	30237368.52128877	4553.391325517135	-16.377067091361823	268.2083265149664	20733372.56329469	3499.4518214142627	-3.0557965244393017	9.337892398775317	12246163.0503996	3554.790878302863	6153.874369196715	0.938656	32.803398	0.33317609	0.233058	0.0353753146	0.0592867822	0.0248805087	-0.0454718733	0.0151182738	-0.0291568963	0.0391052827	0.0512289407	-0.0207503958	-0.0095216056	-0.0372370684	-0.02734634	0.0206325341	0.037485567	0.0284475073	-0.0644780874	0.0910662613	-0.0372015499	-0.0324968286	0.0268304683	-0.0241229767	0.0684647931	0.0600946912	-0.0170995803	0.0174654643	-0.0164630314	0.0014019711	-0.0201753242	-0.0104208597	-0.0218520741	-0.0027561344	0.0195650888	-0.0488353148	-0.0300600148	0.0093371874	0.0271170002	0.044601009	0.0948902112	0.0923000344	0.0130696162	-0.030368956	-0.1016649412	0.1089810883	-0.045142802	0.007161333	-0.0289803443	-0.0366293852	-0.0609829301	0.0475830981	-0.0307145149	0.0746368359	-0.0335931148	-0.0334338871	-0.0101088035	0.0279715917	0.0280845732	-0.0145101773	0.0608761681	-0.0299653585	-0.027431315	0.0382509392	0.0217247858	0.006451883	-0.0210991227	-0.0175720443	0.0217717232	-0.0983057578	0.0415792563	0.1593041646	-0.0833188306	0.0057512563	0.0245899074	0.0598205319	0.0077846693	-0.036882787	0.0042167715	-0.019243663	0.0519571335	0.0510563865	-0.0180922557	0.0051184348	0.0217616409	-0.0169440125	0.0194992227	-0.0339946602	0.0985000002	0.0045067381	0.043585202	-0.0851577907	-0.0516124697	0.0217070069	9.73931e-05	0.082202615	-0.0432854436	-0.0614360495	0.0484788987	0.040757279	-0.0610966773	-0.0927528101	-0.0178393932	0.077570827	0.0	-0.0120357	-0.00574289	0.0001448580744899	3.29807855521e-05	-0.0367477	-0.2120556999999999	0.00135039345529	0.0449676199024899	0.68311	0.015603	0.000243453609	0.4666392721	-0.00705115	0.00182769	3.340450736100003e-06	4.97187163225e-05	0.00176316	0.0001677999999999	2.815683999999995e-08	3.1087331856e-06	0.00237973	0.0	0.0	5.6631148729e-06	0.0	0.0	0.0	0.0	0.0	0.0	0.0	0.0	0.0	0.0	0.0	0.0	0.0	0.0	0.0	0.0	0.0	0.0	0.0	0.0	0.0	0.0	0.0	0.0	0.0	0.0	0.0	0.0	0.0	0.0	0.0	0.0	0.0	0.0	0.0	0.0	0.0	0.0	0.0	0.0	0.0	0.0	0.0	0.0	0.0	0.0	0.0	0.0
5488.26453332165	-10.587030531367418	112.08521547210589	30121047.587716304	4582.975475922726	29.58415040559157	875.221955220664	21003664.21290914	3491.4338946063704	-8.017926807892309	64.28715029671815	12190110.640406208	3568.1433064953912	6199.994023536704	0.906382	31.675539	0.2991689999999999	0.215089	0.0507308405	0.0394555701	0.0230804856	-0.0105866076	0.0424317588	-0.0405202363	-0.0543481746	0.0346347475	-0.050713599	-0.0238617447	0.0800767056	0.0096370312	-0.0247373622	-0.0071572087	0.0571205776	0.0562984396	-0.0889765561	-0.0248617192	-0.0389250163	0.0264220853	0.0064849835	-0.0325732969	-0.0473659207	0.0893885112	0.0785582511	0.0492634006	0.010647102	-0.0631340215	-0.0380051885	0.0361906715	0.0649102892	0.002093303	-0.0393612786	-0.0413266218	0.0342238945	0.0093814546	0.0710468189	-0.0410802126	0.0085044079	-0.0967399327	-0.0114036096	0.1014211978	0.0158105072	0.0727339523	0.0073709102	0.0663102822	-0.0068317448	0.0334568997	0.0530182917	-0.0081255359	-0.0417958226	-0.02469235	0.074887264	0.0388324382	-0.0354140229	-0.0016013294	0.0107376621	0.0310813179	0.062381679	-0.0678680361	-0.0309184917	0.0632786898	-0.0300913862	0.0459898414	-0.1135202184	0.089077881	0.0193349665	0.0273108533	-0.0279635863	-0.0340637077	-0.0270919108	0.0539058126	0.0658598373	0.0202895865	-0.0144309985	0.0126840819	-0.0152636552	0.0855089907	0.0444270945	0.0028261661	0.0293290815	0.015694345	0.0087465651	0.0469618728	-0.0269449721	-0.0333386747	-0.0044933755	-0.0054776627	0.0392920322	0.0456038584	0.0389643179	0.047514171	0.0328617374	-0.0470902075	-0.0862699165	0.019077172	0.0395039689	-0.0631971047	-0.0916331806	-0.0123880901	0.0814146528	0.0	-0.0190815	-0.0070458	0.00036410364225	4.964329764000002e-05	0.174036	0.2107837	0.030288529296	0.0444297681856899	0.700962	0.0178519999999999	0.0003186939039999	0.4913477254439999	-0.00645375	0.0005973999999999	3.568867599999996e-07	4.16508890625e-05	0.00235553	0.00059237	3.509022169000003e-07	5.548521580900001e-06	0.00229975	-7.99799999999999e-05	6.396800399999983e-09	5.288850062500001e-06	0.0	0.0	0.0	0.0	0.0	0.0	0.0	0.0	0.0	0.0	0.0	0.0	0.0	0.0	0.0	0.0	0.0	0.0	0.0	0.0	0.0	0.0	0.0	0.0	0.0	0.0	0.0	0.0	0.0	0.0	0.0	0.0	0.0	0.0	0.0	0.0	0.0	0.0	0.0	0.0	0.0	0.0	0.0	0.0	0.0	0.0	0.0	0.0
5483.830203674521	-4.434329647128834	19.66327941940573	30072393.702732936	4550.995015048525	-31.98046087420153	1022.7498777263346	20711555.62699652	3489.654166291066	-1.77972831530451	3.1674328762966293	12177686.200312594	3556.3638383524976	6173.316316675526	0.928082	32.433876	0.1604786999999999	0.100825	0.0542960143	0.0294875146	0.0184097697	-0.010318226	0.0456523987	-0.0442764571	-0.0171710259	0.0130503947	-0.0892220466	0.0311749544	-0.0802071095	-0.0371761167	0.0342362251	0.0304813929	0.0323589629	-0.0123723193	0.0314778704	-0.0193325284	-0.051163098	-0.0129637701	0.0012531144	0.0435428993	-0.01430488	0.0016161335	0.0179742244	0.0317656656	-0.0754377046	0.0377649962	-0.0766643144	-0.0649655002	0.0283856377	0.0228890405	0.0205056092	0.0036655899	-0.02532494	-0.0468462133	0.0132209128	0.0066725767	0.0023379073	-0.0100818544	-0.0622569738	0.0260659747	-0.1045029943	-0.0595402789	-0.0528836872	0.0272801037	-0.040718605	-0.0067736906	0.0585676173	-0.0155250352	-0.0483427995	-0.0078709976	-0.0714296346	-0.0572695546	-0.0026022821	0.0625888887	0.0160132713	0.0075919831	0.0009840932	-0.040952951	0.0008945302	0.0178490107	-0.0558282381	0.0057207617	-0.0639471007	-0.0549215276	-0.0310176268	-0.0240319576	-0.0420001299	-0.0368424992	0.0057192863	0.000800012	0.057935756	0.0245208569	-0.0089751203	0.0131327206	-0.0042339958	0.0817047202	0.0554008253	-0.0316460992	0.0166600555	0.0095245822	-0.0201235005	-0.0156436954	0.0366594872	0.1303059498	0.0001514948	0.0059874143	-0.0423700068	-0.0258213513	-0.0594148224	0.0062696499	-0.0089238647	0.0275722631	0.0444582807	0.0634818711	0.038242455	-0.0652450377	-0.0903423075	-0.006895635	0.0848359644	0.0	-0.0246632	-0.0055816999999999	0.00060827343424	3.115537488999998e-05	0.090245	-0.0837909999999999	0.008144160025	0.0070209316809999	0.69443	-0.0065319999999999	4.2667023999999765e-05	0.4822330249	-0.00544366	0.00101009	1.0202818081e-06	2.96334341956e-05	0.00248561	0.0001300799999999	1.6920806399999965e-08	6.178257072100001e-06	0.00245106	0.0001513099999999	2.2894716099999995e-08	6.0076951236e-06	0.0	0.0	0.0	0.0	0.0	0.0	0.0	0.0	0.0	0.0	0.0	0.0	0.0	0.0	0.0	0.0	0.0	0.0	0.0	0.0	0.0	0.0	0.0	0.0	0.0	0.0	0.0	0.0	0.0	0.0	0.0	0.0	0.0	0.0	0.0	0.0	0.0	0.0	0.0	0.0	0.0	0.0	0.0	0.0	0.0	0.0	0.0	0.0
5480.292961115609	-3.537242558912112	12.512084920579108	30033610.939653285	4564.901082454116	13.906067405590877	193.3787106888369	20838321.89259076	3490.6394126852965	0.9852463942306712	0.9707104573445392	12184563.509391952	3554.199760990674	6169.167901947341	0.8997319999999999	31.443113	0.1000157999999999	0.0639385	0.0677414247	0.0221734402	0.0223488517	0.0162267691	0.0572802032	-0.0489653833	0.0737716379	0.0628714687	-0.0246669114	0.0115668567	0.0373986067	0.0090379635	-0.0007177101	0.0423319667	0.0633969592	0.0095458282	-0.0216456955	-0.0098875888	-0.0360395943	0.0108819901	-0.0161723458	0.0746810981	-0.0117609516	-0.0138788524	0.0477237386	0.0903719806	0.067682831	-0.0605284594	-0.0534735091	-0.0277515521	-0.0105093274	-0.0328694494	-0.0295994538	-0.0207737599	0.1024394813	0.0171794845	-0.0365766924	0.081087773	-0.0498729002	0.041881655	0.0854404687	-0.0230722153	0.0071448179	-0.0228960958	-0.0512043155	0.0509591648	-0.0118477719	0.1117093868	0.0326239339	-0.043959151	0.0744349231	-0.0187086595	-0.0086182142	0.0494763028	-0.0322616272	0.0469288823	-0.0215258824	-0.0474981098	-0.0183393474	-0.0681925295	0.0199326404	-0.0052873818	-0.0087013932	0.0233716022	-0.0451380838	-0.0214691119	0.0404033001	-0.078554121	-0.0047615368	0.0293721573	-0.0619773462	0.012597072	0.0581355548	0.0279445868	0.0080310104	0.0075352464	-0.0008917229	0.0923822863	0.0468184267	0.0011657806	-0.0272344407	0.0450461698	0.0095550519	0.0459848943	-0.0678807188	-0.046323859	0.0123429117	0.0166200747	-0.0193304291	-0.0269346767	0.0599366598	0.0005069337	0.0347963125	-0.0028799725	-0.0697761217	0.0329872484	0.0369729991	-0.067238775	-0.0888826032	-0.0013802733	0.0878170061	0.0	-0.0248285	-0.0001653	0.00061645441225	2.7324090000000056e-08	0.148601	0.058356	0.022082257201	0.003405422736	0.67001	-0.0244199999999999	0.0005963363999999	0.4489134000999999	-0.00551903	-7.536999999999995e-05	5.680636899999992e-09	3.0459692140900004e-05	0.00262644	0.0001408299999999	1.9833088899999937e-08	6.8981870736e-06	0.00232577	-0.00012529	1.569758410000003e-08	5.4092060929e-06	0.0	0.0	0.0	0.0	0.0	0.0	0.0	0.0	0.0	0.0	0.0	0.0	0.0	0.0	0.0	0.0	0.0	0.0	0.0	0.0	0.0	0.0	0.0	0.0	0.0	0.0	0.0	0.0	0.0	0.0	0.0	0.0	0.0	0.0	0.0	0.0	0.0	0.0	0.0	0.0	0.0	0.0	0.0	0.0	0.0	0.0	0.0	0.0
5474.339919913715	-5.953041201893939	35.43869955144683	29968397.558760896	4545.385060492885	-19.516021961230763	380.87511319124144	20660525.348151907	3493.683381285056	3.0439685997594097	9.26574483632126	12205823.568667382	3559.966778834842	6128.750430460767	0.96913	33.868385	0.0961838	0.0608166	0.0544493637	0.0349283994	0.0430086408	-0.0068747757	0.0311969405	-0.0521788569	-0.0982297308	-0.0321621728	-0.0532266505	-0.012037647	0.0669783412	0.0365293633	0.0295235715	-0.0082813309	0.0799889414	0.0157269072	0.0359451257	-0.040032231	-0.0488811816	0.0085322211	0.0067641956	-0.0606304169	-0.0796917425	0.0796054155	0.1099212086	-0.0054003568	0.0027020345	-0.0230171506	-0.0441540059	-0.0201791883	0.0024431822	0.0032360711	0.0637913509	-0.0215950178	0.1019237758	0.038313216	0.0065304148	-0.0493298465	-0.0252540062	-0.0785109206	-0.0421009172	0.0357922311	0.0529219428	-0.0304323732	-0.0012038865	-0.0788388416	-0.0571853577	0.0858459888	0.0590931318	-0.0085322173	-0.0780355113	-0.0217136692	0.0880201781	0.03000798	-0.0523737099	0.0302270442	-0.0124434304	0.0403729311	-0.0111809241	-0.0721347265	-0.0325768947	0.0938922949	0.0096580876	-0.0188577223	0.0908734447	0.0978037461	0.0470299013	0.062971493	-0.0587681495	-0.0285504983	-0.0754241716	0.0220669463	0.0677124414	0.0340860062	-0.0164278627	0.0114404811	-0.0229215959	0.0812337816	0.0557123473	-0.0048669826	0.0597062464	-0.0204243856	-0.0085308499	0.0105370475	0.0172435551	0.0314847487	-0.0135733774	-0.0176163792	0.0542972745	0.0511276545	-0.012859188	0.0648272551	0.0061151023	-0.0241840833	-0.0544498017	0.0209630012	0.0356958649	-0.0691766606	-0.0872567955	0.0041396735	0.0903423075	0.0	-0.0248242	4.299999999998749e-06	0.00061624090564	1.848999999998924e-11	0.16498	0.0163789999999999	0.0272184003999999	0.0002682716409999	0.718716	0.048706	0.002372274436	0.516552688656	-0.00599211	-0.0004730799999999	2.2380468639999986e-07	3.5905382252100005e-05	0.00268726	6.082000000000006e-05	3.699072400000007e-09	7.2213663076e-06	0.00241376	8.799000000000003e-05	7.742240100000005e-09	5.8262373376000005e-06	0.0	0.0	0.0	0.0	0.0	0.0	0.0	0.0	0.0	0.0	0.0	0.0	0.0	0.0	0.0	0.0	0.0	0.0	0.0	0.0	0.0	0.0	0.0	0.0	0.0	0.0	0.0	0.0	0.0	0.0	0.0	0.0	0.0	0.0	0.0	0.0	0.0	0.0	0.0	0.0	0.0	0.0	0.0	0.0	0.0	0.0	0.0	0.0
5455.067905866556	-19.272014047158336	371.41052543386826	29757765.857615337	4549.3685495476975	3.983489054812708	15.86818504981264	20696754.19961372	3492.534584710537	-1.1487965745191104	1.319733569626842	12197797.8253992	3555.441380621363	6041.826880775939	1.258145	43.96867	0.3542345499999999	0.230225	0.0332648277	0.09819478	0.0584180473	-0.0725382906	0.043921061	-0.0874398743	0.0243414234	0.0379125434	-0.0473973159	0.0495927895	-0.051206036	0.0258733431	0.0348257778	0.0290566586	0.0842733207	-0.113141301	0.0093451483	-0.0164842723	-0.0487525909	0.0120361322	0.0136789501	0.084707123	0.0700464781	0.0292530338	-0.0144480469	0.0275142821	-0.0718816929	0.0193560411	-0.0599688399	-0.0903213021	-0.0215639354	0.0292315326	0.0610798608	-0.0183751212	0.145124881	-0.0865272582	0.0136318058	0.0187310879	-0.0069180944	0.0337176938	0.115223589	0.0257190874	0.0910830469	0.0874743583	0.0826770125	0.0117286207	0.0395971639	0.0538875135	0.057655785	-0.0458706176	0.0148792087	-0.0553726608	-0.0817419492	-0.061209162	0.010034553	0.0804618501	-0.0618050472	-0.0192656051	-0.0197479321	-0.0158778065	0.0128445711	0.0007497703	0.006023089	-0.0510278374	-0.1187663937	0.0942065807	-0.0090939887	0.0424706345	0.0504506188	-0.0092157364	-0.0156252537	0.0609802423	0.0712330818	-0.0205420754	-0.0768199411	-0.0001213179	-0.0782695425	0.0652999481	-0.0240989121	0.0182112711	-0.0707926909	-0.0301215534	-0.0331978841	-0.0133018666	-0.0624968302	0.0131936457	-0.0139244165	-0.0100484906	-0.0298565157	-0.0662385027	0.0854244688	-0.0117465302	-0.0020372475	-0.010219486	0.0632810445	0.0982285218	0.0344113177	-0.0710570848	-0.0854679228	0.0096458687	0.0923987632	0.0	-0.0427295	-0.0179052999999999	0.0018258101702499	0.0003205997680899	0.164203	-0.0007769999999999	0.0269626252089999	6.037289999999999e-07	0.72009	0.0013739999999999	1.8878759999999624e-06	0.5185296081	-0.0086870899999999	-0.0026949799999999	7.262917200399465e-06	7.546553266809828e-05	-0.000891455	-0.0035787149999999	1.2807201051224998e-05	7.94692017025e-07	0.00200389	-0.00040987	1.679934169000001e-07	4.0155751321e-06	0.0	0.0	0.0	0.0	0.0	0.0	0.0	0.0	0.0	0.0	0.0	0.0	0.0	0.0	0.0	0.0	0.0	0.0	0.0	0.0	0.0	0.0	0.0	0.0	0.0	0.0	0.0	0.0	0.0	0.0	0.0	0.0	0.0	0.0	0.0	0.0	0.0	0.0	0.0	0.0	0.0	0.0	0.0	0.0	0.0	0.0	0.0	0.0
5490.372852344526	35.30494647796968	1246.4392458123036	30144194.05776177	4539.291580930281	-10.076968617416242	101.5452965163918	20605168.05670453	3501.088077674279	8.553492963741974	73.16224188078345	12257617.727632975	3567.4760302461373	6140.238153485824	1.655651	57.860394	0.9490936	0.56506	-0.0393278335	0.0565202453	-0.0494691271	0.0712487691	0.0782620492	0.0189769459	0.0505931215	0.0296299375	0.1008159378	0.1278229311	0.0344492877	0.1344795953	0.00124716	-0.0294994671	0.0079207398	0.0637477378	0.0261788014	0.0198742227	0.0389634764	0.0459997748	0.0640970599	0.0807085775	0.0567932033	-0.0302542422	-0.0319165416	0.0146519496	0.0096829703	-0.1398470487	0.006883157	0.0452163941	0.0254880401	-0.0383928349	-0.0022414177	-0.0312526374	0.0373476036	0.187311463	-0.1094889475	0.0995959558	-0.1694907683	0.0747873357	0.256451535	-0.1785236515	0.0267970872	-0.00467864	0.0340711601	-0.1092196621	0.1327445281	-0.133469042	-0.0761185732	0.0134222314	0.0994410682	-0.0845739375	0.001719391	0.033889222	-0.0921288138	0.0167590104	-0.0844911256	-0.009118752	-0.0174455009	0.0344716602	0.0381301529	0.0142948298	-0.0111564218	-0.089687895	-0.0531610826	-0.1041633358	-0.0550851183	0.0122089428	0.1433707804	0.0123667421	-0.1428559057	-0.072806547	0.0107105016	-0.0846821809	0.0230381657	0.0503835836	0.038178211	0.0658235248	0.027175559	-0.0070661979	-0.0362519873	0.0201003094	0.0542035796	0.0096089911	-0.0493377059	-0.1481610025	0.062100108	0.031705665	0.1059841649	-0.0102967587	0.0974241719	-0.0310197843	-0.1320465539	0.0575375154	0.1261994685	0.0266658977	0.0331196242	-0.0728784856	-0.0835193281	0.0151200214	0.0939757006	0.0	-0.0750736999999999	-0.0323441999999999	0.0056360604316899	0.0010461472736399	0.301268	0.137065	0.0907624078239999	0.0187868142249999	0.347829	-0.372261	0.138578252121	0.120985013241	-0.00212293	0.0065641599999999	4.30881965055987e-05	4.5068317849e-06	-0.000405604	0.000485851	2.36051194201e-07	1.64514604816e-07	0.000905433	-0.001098457	1.2066077808489998e-06	8.19808917489e-07	0.0	0.0	0.0	0.0	0.0	0.0	0.0	0.0	0.0	0.0	0.0	0.0	0.0	0.0	0.0	0.0	0.0	0.0	0.0	0.0	0.0	0.0	1.0	0.0	0.0	0.0	0.0	0.0	0.0	0.0	0.0	0.0	0.0	0.0	0.0	0.0	0.0	0.0	0.0	0.0	0.0	0.0	0.0	0.0	0.0	0.0	0.0	0.0
5508.820985424429	18.448133079902615	340.33361413379725	30347108.64945257	4555.442982869856	16.151401939574498	260.86778461369084	20752060.77017821	3503.3658080428686	2.2777303685898005	5.188055631996228	12273571.984963862	3552.9659770232583	6163.100140261582	1.536774	53.705978	0.46582165	0.346526	-0.0315943986	0.05855032	-0.0260373492	0.07647558	0.0887116083	-0.012005451	-0.0694195002	-0.0443622726	0.044750993	0.0515527923	-0.0108363649	-0.0204813263	-0.0141940802	-0.0103430352	0.0044654339	0.0101004356	-0.0044686801	0.0051077085	0.0528531061	0.0550073273	0.0654264477	-0.0049572921	-0.0179349902	0.0310280242	0.075876494	0.0552836959	-0.020857906	0.0142822141	-0.0070434595	0.0156810209	-0.0341838936	-0.0736395316	-0.0049675615	-0.0204836481	0.0377284632	0.081368374	0.0940177653	0.1459748714	0.1426523932	-0.0756306963	-0.1953442671	0.1106738634	0.0033387147	0.0862538353	0.0146261552	0.1266954469	0.0812971313	0.0692962065	-0.0405556002	0.0578425911	-0.0320194136	-0.0475911071	0.0050866802	-0.0062120534	-0.035186765	-0.0365618573	0.0379232858	0.0134842376	0.0860398314	-0.0675427445	0.0492913888	0.0443360465	0.0298482277	0.0783698024	0.0505102555	0.0532468777	0.0071248172	0.0271586056	0.0899019239	-0.0939497405	-0.0483638225	0.1397631913	0.0192810129	-0.0856075284	-0.0013453142	0.0328314747	0.0459271072	0.0775358363	0.061449164	0.0181128975	0.0549829651	0.0677572155	-0.019798832	0.0421539877	-0.0206312963	0.1146437408	0.076625708	-0.0416745014	-0.015438111	-0.1173975604	-0.022582444	0.0714046923	-0.050198867	0.0007947115	-0.2973920729	-0.1177365157	0.0318210527	-0.07463935	-0.0814146528	0.0205439468	0.0950649363	0.0	-0.0915162	-0.0164425000000001	0.00837521486244	0.00027035580625	-0.039009	-0.340277	0.001521702081	0.115788436729	0.37498	0.0271509999999999	0.0007371768009999	0.1406100004	-0.00132416	0.0007987699999999	6.380335128999998e-07	1.7533997056e-06	0.000403658	0.000809262	6.54904984644e-07	1.62939780964e-07	0.000874442	-3.099099999999996e-05	9.604420809999975e-10	7.64648811364e-07	0.0	0.0	0.0	0.0	0.0	0.0	0.0	0.0	0.0	0.0	0.0	0.0	0.0	0.0	0.0	0.0	0.0	0.0	0.0	0.0	0.0	0.0	0.0	1.0	0.0	0.0	0.0	0.0	0.0	0.0	0.0	0.0	0.0	0.0	0.0	0.0	0.0	0.0	0.0	0.0	0.0	0.0	0.0	0.0	0.0	0.0	0.0	0.0
5468.669410223487	-40.15157520094181	1612.148991116885	29906345.1183141	4524.837265124162	-30.605717745694164	936.7099587290988	20474152.2758563	3490.408097330729	-12.957710712139487	167.90226689949444	12182948.68591192	3544.616660448472	6119.431569603992	1.134368	39.643009	0.3687816000000001	0.222044	0.0063332379	0.0608982633	-0.0170023029	0.0507387168	0.1067783724	-0.0523374253	0.0368838937	-0.0138059426	-0.0316185811	0.031603355	-0.032913239	-0.0510765743	0.0109462862	0.0908527678	-0.0494488981	-0.019651994	0.0271824163	0.0256809747	-0.0210513585	0.0127801715	0.0690290011	0.0134167727	0.016014108	-0.0188773597	0.0140105	0.0821555433	-0.0728787926	0.0281473575	-0.0393048938	-0.0334348809	0.0100541188	-0.0695490415	-0.0886762206	-0.0412470097	0.0465932395	-0.03667131	-0.0096333763	0.0250053799	-0.0332407406	0.013061137	-0.0703019466	-0.0549369697	-0.0425721051	-0.0338673765	-0.0312164282	0.0656058278	-0.0277240818	0.0148092232	-0.0049863544	-0.0163856354	-0.044036	-0.0219791403	-0.0831359103	-0.0051679655	-0.0227275966	0.007608391	0.0073392304	-0.0224591264	0.0966124653	-0.0139055496	0.0427546306	-0.0485746587	-0.1065774829	0.0437914733	-0.0190051438	0.0196499746	0.1030482838	-0.0375976755	0.0674235137	-0.070755915	-0.0531886351	-0.000557757	0.0287471694	-0.0618384162	0.0097066488	0.0166202466	0.0266468288	0.120715526	0.0297946587	0.0071503041	0.0072657849	0.0684520473	0.005240491	0.0454369768	-0.0419023355	0.0077480462	0.0555022168	-0.0069280019	-0.0013632537	-0.0807642999	0.0385530426	0.0341779178	-0.0570451944	0.0148300279	-0.1163706069	-0.0689053189	0.0305158728	-0.0763382156	-0.0791578303	0.0258996273	0.0956608172	0.0	-0.0884617	0.0030545	0.00782547236689	9.329970250000013e-06	0.143318	0.182327	0.020540049124	0.033243134929	0.461127	0.086147	0.007421305609	0.212638110129	-0.00278969	-0.00146553	2.1477781809e-06	7.7823702961e-06	0.000596152	0.0001924939999999	3.7053940035999995e-08	3.55397207104e-07	0.00116148	0.000287038	8.239081344400007e-08	1.3490357904000002e-06	0.0	0.0	0.0	0.0	0.0	0.0	0.0	0.0	0.0	0.0	0.0	0.0	0.0	0.0	0.0	0.0	0.0	0.0	0.0	0.0	0.0	0.0	0.0	0.0	0.0	0.0	0.0	0.0	0.0	0.0	0.0	0.0	0.0	0.0	0.0	0.0	0.0	0.0	0.0	0.0	0.0	0.0	0.0	0.0	0.0	0.0	0.0	0.0
5485.552516164596	16.883105941109534	285.039266218728	30091286.407599736	4518.597328806608	-6.239936317553656	38.936805247125086	20417721.81989821	3495.4495641776844	5.041466846955245	25.41638796894886	12218167.655709963	3568.1514136115475	6225.455426717054	1.103202	38.553837	0.2813224	0.132653	-0.0153346772	0.0284972787	-0.0414082998	0.0681948896	0.0734432433	0.0237631478	0.0303271251	-0.0431003314	0.05926165	0.0803337621	0.0538532387	0.0818486107	0.1262910243	-0.0067489767	0.0767921032	0.0456325658	0.0231030793	0.0302669157	0.0302105462	0.0460925845	0.0565130443	0.0208364904	-0.0548028812	0.0326144109	0.0751348615	0.085937803	0.0526642416	-0.0818842332	0.0468555835	-0.071099529	-0.0635821898	0.021338093	0.023573724	0.0350051643	0.0355310984	-0.0143071614	0.0026344396	0.0413004752	0.0556331603	-0.0054477589	-0.1074095557	0.1151021139	-0.0458674514	-0.0394057066	-0.0062107532	-0.1030196019	0.0064836959	-0.0094381144	-0.0770514621	0.0171626505	0.0177589432	-0.0675243534	0.0503993205	0.0235904837	-0.1066491953	0.0502458899	-0.0275060567	-0.0385675139	-0.0657943231	-0.0292586953	0.0473695531	0.0432175758	-4.37504e-05	0.001397133	-0.0443151718	-0.0132648129	-0.0053811297	0.1276769197	-0.0399652383	-0.1505013972	-0.0075179478	0.0055052825	0.01700627	-0.0609798731	0.0309737063	0.0297535431	0.0542995622	0.0406364266	0.0752565648	-0.0107526861	0.020733656	0.0310247894	0.0527748566	0.0097108481	-0.0147266756	-0.004745746	0.0389513656	-0.0611753486	0.0813382228	-0.051787352	-0.0161146982	0.0466785174	-0.0875636849	0.0532750678	-0.0895347441	-0.0428057344	0.0292043556	-0.0779736709	-0.0767530781	0.0311692719	0.0957602511	0.0	-0.0640132	0.0244484999999999	0.00409768977424	0.0005977291522499	0.171397	0.0280789999999999	0.0293769316089999	0.0007884302409999	0.382894	-0.078233	0.006120402289	0.146607815236	-0.00160345	0.00118624	1.4071653376000002e-06	2.5710519025e-06	0.00142267	0.000826518	6.831320043240001e-07	2.0239899289e-06	0.00215996	0.0009984799999999	9.969623103999997e-07	4.665427201599999e-06	0.0	0.0	0.0	0.0	0.0	0.0	0.0	0.0	0.0	0.0	0.0	0.0	0.0	0.0	0.0	0.0	0.0	0.0	0.0	0.0	0.0	0.0	0.0	0.0	0.0	0.0	0.0	0.0	0.0	0.0	0.0	0.0	0.0	0.0	0.0	0.0	0.0	0.0	0.0	0.0	0.0	0.0	0.0	0.0	0.0	0.0	0.0	0.0
5449.001891032956	-36.55062513164012	1335.948197513682	29691621.608480733	4486.892921520763	-31.704407285845264	1005.1694413467584	20132208.089193124	3490.949903720953	-4.4996604567313625	20.246944225871893	12186731.23028933	3554.5534274555243	6135.474324003643	1.027045	35.892345	0.2776806	0.137867	0.0152317117	0.0058070799	-0.0195309876	0.1025633159	0.0947363655	-0.0205518134	-0.0418036296	-0.0948364682	-0.0206966736	0.1037881309	0.0203875486	0.0967548812	0.1153187555	0.0817391973	0.0960153111	0.1475172665	0.1236113559	0.0420163035	0.008485072	0.0080761456	0.0856540063	-0.029334656	-0.0469008251	0.0791357017	0.1460076527	0.110849642	0.1003596952	-0.0554863626	-0.0083932887	-0.0715292707	-0.0652348068	0.0267154831	0.1111276149	-0.0416539514	0.1194142568	0.0150387662	-0.0043366514	0.0785088381	-0.0444491879	-0.0287950771	0.0235016969	0.0434366288	-0.002273359	-0.0909642503	0.1143389118	-0.005011513	0.1218392986	-0.1538180358	-0.0573038093	0.0056287022	-0.0520442814	-0.0426877031	0.0337824184	0.0348319349	-0.1483770545	0.1191877199	-0.0581103544	-0.0385731843	-0.0927591011	-0.1254176723	-0.0027045621	0.0217182179	0.0906267397	-0.0193433738	0.0588240689	0.0801923902	0.0612737811	0.1457274954	-0.0503246743	-0.0345903796	-0.0079479208	0.0522312113	0.0081587269	-0.0277920765	0.0532343754	0.0191861647	0.0455243198	0.0614608543	0.0324141748	-0.0014276023	0.0023087722	0.0227845256	0.0278636574	-0.0141520406	-0.0078959668	-0.0469976298	0.0285896973	-0.0265992029	0.0605224563	-0.0697319245	-0.0123052263	0.0596326051	-0.1302930279	0.1472656031	0.0684782527	-0.0249759048	0.0278867734	-0.0795443577	-0.0742048901	0.0363353752	0.095362722	0.0	-0.0514965	0.0125167	0.00265188951225	0.00015666777889	0.280001	0.108604	0.078400560001	0.011794828816	0.446598	0.0637039999999999	0.0040581996159999	0.1994497736039999	-0.000781632	0.000821818	6.753848251239999e-07	6.10948583424e-07	0.002337	0.00091433	8.359993489000001e-07	5.4615690000000006e-06	0.00228093	0.00012097	1.4633740900000049e-08	5.2026416649e-06	0.0	0.0	0.0	0.0	0.0	0.0	0.0	0.0	0.0	0.0	0.0	0.0	0.0	0.0	0.0	0.0	0.0	0.0	0.0	0.0	0.0	0.0	0.0	0.0	0.0	0.0	0.0	0.0	0.0	0.0	0.0	0.0	0.0	0.0	0.0	0.0	0.0	0.0	0.0	0.0	0.0	0.0	0.0	0.0	0.0	0.0	0.0	0.0
5448.878820727097	-0.1230703058590734	0.0151463001842458	29690280.40296832	4526.459998792439	39.56707727167668	1565.553603822833	20488840.12066805	3492.950008263221	2.000104542268218	4.000418180001959	12200699.760226035	3557.8179369551685	6032.832215706431	1.027353	35.903114	0.21461825	0.113779	-0.0017433309	-0.0093532489	-0.0326322363	0.1361208055	0.1031040229	0.0175024629	-0.014996815	-0.0772758725	0.0274320329	0.0984334051	-0.0995635514	0.0298837405	0.1118296244	0.0233140655	0.0443941	0.0844897785	0.1738711402	0.0474472384	0.0214805199	0.0300814762	0.0739787305	-0.0014453192	-0.0602521976	0.0609232548	0.0485926004	0.0855544554	0.0358297912	0.0432836249	-0.0248852759	-0.064556102	-0.0674455872	0.0023212195	0.0263681787	-0.0415429855	0.0617955338	0.0575430322	-0.0274924424	0.0559252028	-0.0400850463	-0.0531559227	0.1617110228	0.0352683086	-0.015624402	-0.0389985761	0.0337796288	0.1911637931	0.0844375446	-0.0689286161	-0.0630131482	0.0262869306	-0.0333313213	-0.0423967166	-0.0640697363	-0.0415780325	-0.1033573689	0.1034598357	0.0009483257	-0.0653947779	-0.0113570227	-0.1204278673	-0.0825498607	-0.0420812872	0.0413078671	0.0216401261	-0.0062052556	-0.0202019514	0.0466729177	-0.0153999493	-0.0010834776	0.0678594929	-0.055591245	0.006864173	-9.85506e-05	-0.046084509	0.0653385568	0.0238101518	0.0607975882	0.038753433	0.0791898565	0.003353226	-0.0005284934	0.0416819293	0.0229202731	-0.0060047543	-0.047346194	-0.0592952337	0.0788851905	-0.0918478578	0.0982796429	-0.1179091134	-0.0211219116	0.0255308103	-0.1013898253	0.1284236164	-0.0116790859	-0.0078656654	0.0265634	-0.0810489711	-0.0715180283	0.0413807762	0.0944702927	0.0	-0.0587361	-0.0072395999999999	0.00344992944321	5.2411808159999984e-05	0.206221	-0.07378	0.042527100841	0.0054434884	0.393287	-0.053311	0.0028420627209999	0.154674664369	0.000262381	0.0010440129999999	1.0899631441689997e-06	6.8843789161e-08	0.00284804	0.0005110399999999	2.611618816e-07	8.1113318416e-06	0.00233163	5.069999999999988e-05	2.5704899999999875e-09	5.4364984569e-06	0.0	0.0	0.0	0.0	0.0	0.0	0.0	0.0	0.0	0.0	0.0	0.0	0.0	0.0	0.0	0.0	0.0	0.0	0.0	0.0	0.0	0.0	0.0	0.0	0.0	0.0	0.0	0.0	0.0	0.0	0.0	0.0	0.0	0.0	0.0	0.0	0.0	0.0	0.0	0.0	0.0	0.0	0.0	0.0	0.0	0.0	0.0	0.0
5431.393094117486	-17.485726609611447	305.7506350660738	29500030.94282712	4541.499081990365	15.03908319792572	226.1740234341317	20625213.91171933	3487.035511192909	-5.914497070312336	34.98127559473321	12159416.656320391	3539.1897785808333	5927.778600192729	1.380722	48.252388	0.65652175	0.317323	0.0308343953	0.042924057	0.0302664042	0.0683444884	0.0397287842	-0.1052197693	0.0749894991	-0.0255723967	-0.0371772186	0.0027204785	-0.0300837459	0.0778254795	-0.0920300114	0.060422849	-0.0051584936	0.0733221989	-0.0110556857	0.0343435204	-0.0367630859	-0.0241243016	-0.0294817507	0.0299955595	0.0218553027	-0.0207524317	0.0102081953	0.0464983499	0.0059146028	-0.0968638784	-0.036118872	-0.0180458594	0.046251139	0.0272465614	0.0205226416	0.0548109232	0.0656634901	0.0664971486	-0.0796650047	-0.0851395709	-0.0680029581	-0.1247607527	-0.0502552031	-0.0430424161	-0.0075888992	0.0679350652	-0.0849172507	0.0201428773	-0.0267139701	-0.0353596756	-0.0030983058	-0.0588332744	0.0251380769	0.0145918647	-0.0229775772	0.0464954513	-0.0041958346	0.0825934907	-0.0589163131	-0.0879812725	-0.0135748476	0.0134755007	-0.0683720239	0.0003074975	-0.0253843964	-0.0625125079	0.0566603352	-0.0021674351	0.1743909637	-0.1540784283	-0.0334137182	0.02747673	-0.0768604211	-0.0374083811	0.0233786537	0.0147537488	0.0042039014	-0.0045001748	0.0227092687	0.0496518351	0.0064773217	-0.0492338269	0.0377411995	-0.0664474728	-0.0057814552	-0.0234669729	0.0172666279	0.0123504853	-0.0387752547	-0.001738333	-0.0385945537	-0.0072775346	0.0418999264	0.0764297394	-0.0501607698	0.2142931637	-0.0313577741	-0.0907165344	0.02523451	-0.0824862614	-0.0686975141	0.0462887143	0.0930875949	0.0	0.0636991	0.1224352	0.0040575753408099	0.0149903781990399	0.130136	-0.0760849999999999	0.016935378496	0.0057889272249999	0.56817	0.1748829999999999	0.0305840636889999	0.3228171488999999	-0.0029583	-0.003220681	1.0372786103761e-05	8.751538890000001e-06	0.00200957	-0.00083847	7.030319409e-07	4.0383715849e-06	0.00393485	0.00160322	2.570314368400001e-06	1.5483044522500003e-05	0.0	0.0	0.0	0.0	0.0	0.0	0.0	0.0	0.0	0.0	0.0	0.0	0.0	0.0	0.0	0.0	0.0	0.0	0.0	0.0	0.0	0.0	0.0	0.0	1.0	0.0	0.0	0.0	0.0	0.0	0.0	0.0	0.0	0.0	0.0	0.0	0.0	0.0	0.0	0.0	0.0	0.0	0.0	0.0	0.0	0.0	0.0	0.0
5449.092771093663	17.699676976177216	313.27856506101784	29692612.02798521	4516.305545569607	-25.19353642075839	634.7142773840795	20397015.780942783	3486.9237899389022	-0.1117212540066248	0.0124816385968127	12158637.516841875	3527.622950809397	5897.590819230639	1.109361	38.76907	0.2700489	0.130112	0.0627361947	0.0050053589	0.0660996075	0.0873316656	-0.0164334319	-0.0938610607	-0.0805332521	-0.0487223355	-0.0753220686	-0.053096367	-0.0350537516	0.0719458954	-0.0524292889	0.0052898045	0.0228613385	0.0361923593	0.1542694673	0.0030214348	-0.0445146368	-0.0705343772	-0.045183646	-0.0573975313	-0.0314975758	0.0295279102	0.0384619908	0.0345072547	0.0086144289	-0.0003922807	-0.050630424	0.0562458946	0.0549686858	0.0267529929	0.0183728378	0.0092518721	0.0114134414	-0.0908773929	0.0061518102	0.0359773473	-0.1160076664	-0.0847614347	-0.1325572935	-0.0933914698	0.1260982159	0.0617453746	0.1207500811	0.0217897507	-0.0238477708	0.0650205632	0.051216188	-0.0332089301	-0.0660579933	0.0744923255	0.0421728486	0.0232473502	0.010185979	0.0884942465	0.001033383	-0.017439078	0.0389296807	-0.0773634873	-0.0276161806	-0.0756460881	0.0765642562	-0.1203921774	0.0599285545	0.0474748755	0.0271636635	0.0155906224	0.1804499281	0.0641246951	-0.0118603808	0.095586165	0.0261009623	0.0865467938	0.015552051	-0.0082311515	0.0113124726	0.0401126733	0.0027450771	-0.003035973	-0.0294843712	-0.0381245826	0.0003712197	0.0128615983	-0.054179715	-0.0440562845	-0.0316364341	0.0505706865	-0.0461978428	-0.0015303864	0.0180840747	0.0789843825	0.0198500777	0.1278690938	-0.0558254292	-0.0621209449	0.0239003795	-0.0838550348	-0.0657486183	0.051042886	0.0912218041	0.0	0.0376797	-0.0260193999999999	0.00141975979209	0.0006770091763599	0.126274	-0.003862	0.015945123076	1.4915044000000031e-05	0.661187	0.093017	0.008652162289	0.437168248969	-0.00241313	0.00054517	2.972103289000002e-07	5.823196396899999e-06	0.00355257	0.001543	2.3808490000000004e-06	1.26207536049e-05	0.00478969	0.0008548399999999	7.307514255999998e-07	2.29411302961e-05	0.0	0.0	0.0	0.0	0.0	0.0	0.0	0.0	0.0	0.0	0.0	0.0	0.0	0.0	0.0	0.0	0.0	0.0	0.0	0.0	0.0	0.0	0.0	0.0	0.0	0.0	0.0	0.0	0.0	0.0	0.0	0.0	0.0	0.0	0.0	0.0	0.0	0.0	0.0	0.0	0.0	0.0	0.0	0.0	0.0	0.0	0.0	0.0
5459.3833541172135	10.290583023550424	105.8960989645842	29804866.607212115	4539.0740123548	22.7684667851936	518.4030797484639	20603192.889634702	3486.2084994741585	-0.7152904647437026	0.5116404489532621	12153649.701805864	3536.5170198246424	6049.97328318404	1.109186	38.76297	0.292129718	0.136855	0.0510502981	-0.0439670139	0.0129293923	0.0980842208	0.0368347078	-0.0143710839	0.0366064688	0.0162440508	-0.0521086599	-0.0083063804	-0.0938247924	-0.0341258575	-0.0016667138	0.0302892744	-0.0511454783	0.0293867554	0.092399588	-0.0095537737	-0.0574035133	-0.0720588436	-0.0083600605	0.0333068277	-0.0140831344	-0.1043433427	-0.0399632291	-0.0017013614	-0.074637764	0.0475537453	-0.0720696054	0.0594953275	-0.0096747066	0.0116762261	0.0348661509	0.0882074344	0.009685562	0.0388362512	-0.0222149544	0.0213682102	-0.0153212703	0.0357692073	-0.0720761964	0.0547506632	0.0276089948	0.0068568565	-0.0288972634	0.0575117437	0.0441660883	0.0951663543	0.0437682772	-0.0396163092	0.0154295324	0.0530831336	-0.120275214	-0.0188923643	0.0341068847	0.0364736611	0.0455794379	-0.0261682193	0.005888734	-0.0341902761	0.0029272406	0.0206078478	-0.0311635978	-0.0924988295	0.0492156501	0.0189432457	0.0018650166	-0.0646246642	0.0543879881	0.0464356496	-0.014998128	-0.0184972497	0.0115751772	0.0533988133	0.0594357911	0.0028920489	0.0335867685	0.0445663621	0.016627821	-0.0176244083	0.0299032668	-0.0161781935	-0.0038462342	0.0020048141	0.0032359918	-0.0422415536	0.0046761205	-0.0468518129	0.0522755434	-0.0063717993	-0.0402169771	0.023179094	0.005639058	0.0806398132	-0.0742650669	0.0207353587	0.0225612856	-0.0851541541	-0.0626768518	0.0556274983	0.0888826032	0.0	-0.000900018	-0.038579718	8.10032400324e-07	0.0014883946409595	0.210601	0.084327	0.044352781201	0.007111042929	0.606598	-0.054589	0.002979958921	0.3679611336039999	-0.00111489	0.0012982399999999	1.685427097599999e-06	1.2429797121000002e-06	0.00408409	0.00053152	2.8251351040000017e-07	1.6679791128100002e-05	0.00432677	-0.00046292	2.1429492640000035e-07	1.87209386329e-05	0.0	0.0	0.0	0.0	0.0	0.0	0.0	0.0	0.0	0.0	0.0	0.0	0.0	0.0	0.0	0.0	0.0	0.0	0.0	0.0	0.0	0.0	0.0	0.0	0.0	0.0	0.0	0.0	0.0	0.0	0.0	0.0	0.0	0.0	0.0	0.0	0.0	0.0	0.0	0.0	0.0	0.0	0.0	0.0	0.0	0.0	0.0	0.0
5482.600939538881	23.217585421667536	539.0562728124289	30058913.06223262	4560.040588086872	20.96657573207176	439.59729792870047	20793970.164999668	3495.8686619841747	9.660162510016107	93.3187397199207	12221097.701843023	3540.124636881213	6109.8027403166	1.150376	40.202423	0.4030723180000001	0.242936	0.0533584349	-0.0725404098	-0.0029841819	0.0543089083	-0.1066049159	-0.0154875482	0.04822924	0.0533711498	-0.013095991	-0.0690046242	0.0358615449	0.0010483944	-0.0442463048	-0.0050890318	-0.0327792999	0.0469265823	0.163377037	-0.0137785613	0.0066630907	-0.0701975948	-0.0625071411	-0.007722146	0.0092598881	-0.0409488135	0.0337357789	0.0188217177	0.1028782854	-0.0154091077	0.0114667806	0.1240814513	-0.0257935894	0.0799826167	0.0429341766	0.0007588214	-0.0545279067	-0.0967972396	0.0046429116	-0.0368647418	0.0158747436	0.050643229	-0.0262042939	-0.0257976833	-0.0141277126	0.0163098166	-0.0724285788	-0.1449332842	0.104682265	-0.0299590916	0.0188588222	-0.0238009072	0.0665807549	0.0855866275	0.0421360198	0.0940545896	0.0200036929	-0.0229557552	0.0172803362	0.017918766	0.0013614065	-0.007511911	0.0073792959	-0.0443709979	0.0537648343	-0.0955819244	0.0652312068	-0.0670661694	-0.0570981434	-0.0580317416	-0.0775637003	0.0658474592	0.0419830121	-0.0203504608	-0.0368724453	0.1023768132	0.0269334379	-0.0458061344	0.0477340741	-0.0484555083	-0.0774503056	-0.0070122006	-0.0327873956	-0.0130318358	0.0241392419	0.0077120022	0.0249479419	0.032772683	-0.0325624994	0.0362094189	-0.0308171521	0.0151786426	-0.0105239897	-0.0291969448	-0.0042024768	0.057833123	0.0108290068	-0.0907046577	0.0212175063	-0.0863825404	-0.0594879552	0.0600273217	0.0860821319	0.0	0.0238875	0.0247875179999999	0.0005706126562499	0.0006144210486003	0.14796	-0.062641	0.0218921616	0.003923894881	0.573992	-0.032606	0.001063151236	0.3294668160639999	-0.000287034	0.000827856	6.853455567360002e-07	8.238851715599998e-08	0.00351713	-0.00056696	3.214436416000005e-07	1.23702034369e-05	0.00859271	0.00426594	1.81982440836e-05	7.38346651441e-05	0.0	0.0	0.0	0.0	0.0	0.0	0.0	0.0	0.0	0.0	0.0	0.0	0.0	0.0	0.0	0.0	0.0	0.0	0.0	0.0	0.0	0.0	0.0	0.0	0.0	0.0	0.0	0.0	0.0	0.0	0.0	0.0	0.0	0.0	0.0	0.0	0.0	0.0	0.0	0.0	0.0	0.0	0.0	0.0	0.0	0.0	0.0	0.0
5479.609325752956	-2.9916137859254377	8.94975304413913	30026118.36287876	4542.049837504847	-17.990750582024702	323.6671065046221	20630216.72637781	3499.084198342348	3.215536358173267	10.339674070734198	12243590.22708911	3551.506877827786	6170.326459715546	0.907757	31.723564	0.1910174999999998	0.0976406	0.0548971423	-0.1098469175	-0.0103266058	0.0652740194	-0.1195056821	0.0011318947	-0.0937180423	-0.0581167237	-0.050756223	-0.0400464576	0.034230505	-0.0463206558	0.0101206021	0.0188431641	-0.0218367035	0.0326090889	0.0569210329	-0.0015327147	0.0217583345	-0.05124451	-0.014355201	-0.0888435867	-0.0312935948	0.0376290787	0.0534335626	-0.0671515611	0.095470395	0.0811178115	-0.043890996	0.0610037776	-0.0549562595	0.0248601907	0.0355347429	0.0869343869	0.0249491264	-0.0609442092	0.0147383809	-0.0647780189	-0.0449118485	-0.0108509836	0.1078272129	0.0048728397	0.0684090053	0.0098553406	0.0335978226	-0.0679807588	-0.065289705	0.0434627814	0.011428268	0.0277139135	-0.0901309201	0.068592888	0.0603826182	0.0032820022	0.008558849	-0.0053997151	0.0182526989	0.0558648924	-0.0548916799	-0.0702740252	0.0322202058	-0.0165540063	0.1094130855	-0.0202469984	0.0874160315	0.0403686426	0.0363328075	-0.0549313785	-0.0692012751	0.0740573807	0.0922008905	0.0304551056	-0.0563750145	0.1094455125	0.0430795892	-0.0511656048	0.0547059401	-0.0618351275	-0.1009129946	0.003688535	-0.0196561057	-0.004830184	0.0248978675	0.0308991788	0.0233254916	-0.0388148905	0.001866463	0.0206472664	0.0161503918	0.0539676791	0.0254079871	-0.0385362771	-0.0111265281	0.0010311346	-0.0004159942	-0.0602668458	0.0198693207	-0.0875391733	-0.0561878877	0.0642277404	0.0828349236	0.0	0.0202481	-0.0036393999999999	0.00040998555361	1.3245232359999984e-05	0.222794	0.0748339999999999	0.0496371664359999	0.0056001275559999	0.557941	-0.0160509999999999	0.0002576346009999	0.311298159481	0.000641198	0.000928232	8.616146458239999e-07	4.111348752040001e-07	0.00406842	0.0005512899999999	3.039206640999998e-07	1.65520412964e-05	0.00904305	0.00045034	2.028061156000004e-07	8.17767533025e-05	0.0	0.0	0.0	0.0	0.0	0.0	0.0	0.0	0.0	0.0	0.0	0.0	0.0	0.0	0.0	0.0	0.0	0.0	0.0	0.0	0.0	0.0	0.0	0.0	0.0	0.0	0.0	0.0	0.0	0.0	0.0	0.0	0.0	0.0	0.0	0.0	0.0	0.0	0.0	0.0	0.0	0.0	0.0	0.0	0.0	0.0	0.0	0.0
5482.669510968486	3.0601852155305096	9.364733553351511	30059664.96650342	4567.459778927159	25.40994142231193	645.6651230853237	20861688.83211733	3499.082130909455	-0.0020674328929999	4.274278767058068e-06	12243575.758849852	3561.059892467253	6221.569151477432	0.974365	34.051331	0.2626877	0.167327	0.0277011694	-0.1243781421	-0.043533098	0.0480636384	-0.067395256	0.038336603	0.0573113461	0.0201203795	0.0077160128	-0.0106743887	-0.0657366559	-0.0619109117	0.0363981592	0.07147556	-0.0309830348	0.0471333436	-0.0256015812	0.0093448426	0.0406658926	-0.0557731459	0.0090353325	0.0289869774	0.0318918044	-0.0892129877	0.0254224526	-0.0043463771	0.0041571844	0.1120022594	-0.0257861716	0.0013781914	-0.0284674335	0.0443786713	0.0327379994	0.0129297423	-0.0537145887	-0.0866565582	-0.0335397352	-0.1489771106	0.0318956549	-0.1156520343	0.0657164971	0.0748669554	-0.0300181556	0.0044192839	0.0295234333	0.0231675514	0.0742882189	-0.0578324384	-0.0073638866	0.0218627812	0.0324590184	0.0566264377	-0.0945730047	-0.0135660702	0.0263681897	0.0466127799	0.0240564945	0.0160973581	-0.0254301841	0.0092794292	-0.0315827139	-0.0091881229	4.8018e-05	0.0092042699	0.0638293828	0.0503563508	0.1348699427	-0.0076340321	-0.1322730579	0.0028062635	0.0461744007	-0.0760663049	-0.0664020365	0.0705493652	0.0663424899	-0.0463793641	0.052789512	-0.0829466178	-0.0738895994	0.0262065383	1.37083e-05	-0.0288085821	-0.0311097315	-0.0193184967	0.0864498817	0.0313089835	-0.0165484372	-0.0387240896	0.0196407139	0.0240211458	-0.0654629152	-0.0220148194	-0.0427774862	0.0583602613	0.0693763168	-0.0410600037	0.0185170088	-0.088623092	-0.0527828167	0.0682148009	0.0791578303	0.0	0.014219	-0.0060291	0.000202179961	3.635004681000001e-05	0.229862	0.007068	0.052836539044	4.9956624000000265e-05	0.490149	-0.067792	0.004595755264	0.240246042201	0.00321799	0.002576792	6.639857011264e-06	1.03554596401e-05	0.00397026	-9.815999999999991e-05	9.635385599999984e-09	1.5762964467599998e-05	0.00808203	-0.0009610199999999	9.235594403999998e-07	6.53192089209e-05	0.0	0.0	0.0	0.0	0.0	0.0	0.0	0.0	0.0	0.0	0.0	0.0	0.0	0.0	0.0	0.0	0.0	0.0	0.0	0.0	0.0	0.0	0.0	0.0	0.0	0.0	0.0	0.0	0.0	0.0	0.0	0.0	0.0	0.0	0.0	0.0	0.0	0.0	0.0	0.0	0.0	0.0	0.0	0.0	0.0	0.0	0.0	0.0
5478.183933383236	-4.485577585250212	20.12040627329912	30010499.207978223	4551.586027957606	-15.87375096955293	251.9759698433826	20716935.3698989	3491.293351111779	-7.788779797675943	60.6650907366849	12189129.263517316	3546.369050047268	6190.952947984546	0.877209	30.656002	0.1801030999999999	0.113158	0.0236751954	-0.1239799753	-0.0585311277	0.0518843142	-0.0773909424	0.0486980611	0.0434313549	-0.0375192575	0.043942542	-0.0373679037	0.0709466497	-0.027112225	0.0148385086	-0.0381406346	-0.0456705426	0.0571440259	0.067882334	0.030602355	0.0222335724	-0.07287482	-0.0133050837	-0.0199263926	-0.0161060223	-0.040300168	0.002811823	0.0265092195	0.1070347148	0.0117858774	0.0189494681	0.0340340848	-0.0172290816	0.0470430035	0.0580686168	-0.0405739724	-0.0214136909	-0.0714260116	-0.0218142999	-0.0642161509	-0.0700691357	0.0721703206	0.0116857905	0.0062636368	-0.0174993664	-0.0113502023	0.0613218893	0.0503740817	-0.0907499622	-0.0937706894	-0.0499020208	-0.004040117	0.0190048405	0.0847850169	0.0217218644	0.0791685995	-0.0173267111	-0.0141361976	0.0313143714	-0.0123942861	-0.0356974441	-0.0213372394	-0.02850296	-0.094356042	0.0465001027	-0.0384001751	-0.1044711915	-0.0305529918	0.0136938674	0.0024893812	-0.003133484	0.0900816103	0.0836670764	-0.0475523651	-0.0798822197	0.0518459631	0.0678629252	-0.0636470226	0.0627557114	-0.1053315797	-0.0711819292	0.012914477	-0.0281248392	-0.0007587162	-0.0177548222	-0.0186165578	-0.0049171466	-0.036747346	0.0338615228	-0.027913496	-0.0092344398	-0.0171237816	0.0329623983	-0.0471191073	0.019154224	0.0305970154	-0.0394992824	-0.0396979261	0.0171608514	-0.0896333961	-0.0492791053	0.0719752588	0.0750699348	0.0	0.0175901	0.0033711	0.00030941161801	1.136431521e-05	0.143288	-0.086574	0.020531450944	0.007495057476	0.419074	-0.071075	0.005051655625	0.175623017476	0.00325067	3.268000000000021e-05	1.0679824000000134e-09	1.0566855448900002e-05	0.00378035	-0.0001899099999999	3.60658080999999e-08	1.42910461225e-05	0.0082410999999999	0.0001590699999999	2.5303264899968225e-08	6.791572920999836e-05	0.0	0.0	0.0	0.0	0.0	0.0	0.0	0.0	0.0	0.0	0.0	0.0	0.0	0.0	0.0	0.0	0.0	0.0	0.0	0.0	0.0	0.0	0.0	0.0	0.0	0.0	0.0	0.0	0.0	0.0	0.0	0.0	0.0	0.0	0.0	0.0	0.0	0.0	0.0	0.0	0.0	0.0	0.0	0.0	0.0	0.0	0.0	0.0
5490.755841281537	12.571907898301106	158.05286820336573	30148399.70856732	4557.228161131937	5.642133174330411	31.83366675687976	20768328.51261397	3493.276253130008	1.982902018229197	3.931900413897423	12202978.980682028	3544.466482569017	6195.10773190552	0.875665	30.602072	0.2369717	0.125913	0.0264758708	-0.1260232911	-0.0427887094	0.043482745	-0.0998244064	0.0427648481	-0.0975528339	-0.0803233916	-0.0189761617	-0.083680552	-0.0760014917	-0.0624831814	-0.0064440663	-0.028843329	-0.0590525231	0.009469198	0.0121866143	0.0180317297	0.0196008896	-0.0660360791	-0.0399971101	-0.0857888444	-0.0792136937	-0.0274275913	-0.0830862044	-0.0583352303	-0.0110343178	0.1221888751	-0.0555733165	0.0265977303	-0.0243514677	0.0168066184	-0.0601718168	0.0047129891	-0.0645428759	0.0252136646	-0.0359684171	-0.0342903534	-0.0058483238	0.0329774806	0.0992356471	0.0112125324	-0.0357259957	-0.0358482653	-0.0243744738	0.0138629355	-0.1026255049	-0.0538575789	0.0039297288	0.0419947561	-0.1122772185	0.1050318952	-0.0188083232	-0.0427400859	0.0713493678	-0.048518125	0.1048985582	-0.0088799979	0.0069138583	-0.0140837929	-0.0526167458	-0.0391475236	0.0390249023	-0.0094631705	0.0242525941	-0.0336498973	-0.0046917943	-0.0563662656	0.0064468978	0.0997733988	0.0054460984	-0.0658350609	-0.0737202265	0.0754237107	0.0547441295	-0.0535821961	0.0541143157	-0.090802085	-0.0708999493	0.0135992261	0.0031826961	-0.0283426257	-0.0214528509	0.0059699752	0.0443753789	-0.0440914481	0.0054036837	-0.0401516302	0.04679386	0.0396917793	-0.0199158119	0.0113225021	0.01339652	-0.0201894398	0.0014309826	-0.0193352567	0.0158011302	-0.0905692465	-0.0456833015	0.0754966221	0.070592452	0.0	0.0221823	0.0045921999999999	0.0004920544332899	2.1088300839999974e-05	0.229402	0.086114	0.052625277604	0.0074156209959999	0.489386	0.0703119999999999	0.0049437773439999	0.2394986569959999	0.00284135	-0.00040932	1.675428624000003e-07	8.0732698225e-06	0.00472934	0.00094899	9.005820201000005e-07	2.23666568356e-05	0.00840186	0.0001607600000001	2.5843777600032152e-08	7.059125145960001e-05	0.0	0.0	0.0	0.0	0.0	0.0	0.0	0.0	0.0	0.0	0.0	0.0	0.0	0.0	0.0	0.0	0.0	0.0	0.0	0.0	0.0	0.0	0.0	0.0	0.0	0.0	0.0	0.0	0.0	0.0	0.0	0.0	0.0	0.0	0.0	0.0	0.0	0.0	0.0	0.0	0.0	0.0	0.0	0.0	0.0	0.0	0.0	0.0
5505.031711755592	14.27587047405541	203.80047779200703	30305374.147434708	4578.468213679117	21.240052547180312	451.1398322069809	20962371.183670044	3494.214889448117	0.93863631810882	0.8810381376728819	12209537.693640916	3547.031973089708	6263.238756311633	0.889646	31.090666	0.1031707	0.0755158999999999	0.0251908519	-0.126946424	-0.0590649673	0.0205534876	-0.0806422734	0.0674283447	0.047652901	0.0588963324	0.0278152743	-0.081184623	-0.0478433103	-0.0964713343	0.0239928459	0.0700712796	-0.1122741386	-0.0121475889	0.1235500058	0.0098510284	0.0089922044	-0.0751178493	-0.0365523429	0.0171913535	0.0524105209	-0.1337350364	-0.066204962	-0.018889337	0.0203059715	0.0571630356	-0.0037537975	0.0708422148	-0.0081086385	-0.0424398711	0.0436931368	0.0748464532	0.0212116896	-0.0596082218	0.0124041888	0.0501931843	-0.061735895	-0.0268076695	-0.0066905777	-0.0432091267	-0.0589393682	-0.0074395152	0.0172654549	-0.0169548916	0.0605626242	-0.0485596656	-0.0093309159	-0.014013538	0.0668496359	0.0887055739	-0.0973581469	-0.0102241067	0.1128613891	-0.0326812433	0.0547202516	0.0294052516	-0.0320403465	-0.0031080557	0.0494895273	-0.036689272	-0.0361684883	-0.0551769523	0.0715174872	0.0190760667	0.0253623408	-0.0126210533	0.0350294613	0.0044586767	0.0837178792	0.0510244101	-0.0728910237	0.0700999723	0.0586284355	-0.056438752	0.0536114844	-0.0947849103	-0.0591408008	0.0181799514	-0.0121900889	-0.0105340195	-0.0387817035	-0.0215283685	0.0333927047	0.0517226858	0.0234047527	-0.0283719576	-0.0256459788	-0.0340455894	-0.0459462741	-0.0842400655	0.0184277248	0.0184390458	0.0356146007	0.0162618117	0.0144381275	-0.0914298658	-0.0420021249	0.0787671932	0.0657486183	0.0	0.0129706	-0.0092116999999999	0.00016823646436	8.485541688999997e-05	0.155447	-0.0739549999999999	0.024163769809	0.0054693420249999	0.491751	0.002365	5.593225000000028e-06	0.241819046001	0.00292663	8.528000000000008e-05	7.272678400000013e-09	8.5651631569e-06	0.00481861	8.92699999999998e-05	7.969132899999965e-09	2.32190023321e-05	0.00822363	-0.00017823	3.176593290000051e-08	6.762809037689998e-05	0.0	0.0	0.0	0.0	0.0	0.0	0.0	0.0	0.0	0.0	0.0	0.0	0.0	0.0	0.0	0.0	0.0	0.0	0.0	0.0	0.0	0.0	0.0	0.0	0.0	0.0	0.0	0.0	0.0	0.0	0.0	0.0	0.0	0.0	0.0	0.0	0.0	0.0	0.0	0.0	0.0	0.0	0.0	0.0	0.0	0.0	0.0	0.0
5516.202445956574	11.170734200981316	124.78530258897364	30428489.424777288	4580.915135433799	2.44692175468208	5.9874260735364295	20984783.478046466	3498.6867000951524	4.471810647035454	19.99709046293965	12240808.625422709	3553.8186502878875	6302.860233454164	0.866932	30.296867	0.1950371799999999	0.105741	0.0351606429	-0.1054031366	-0.0470520954	0.0287149113	-0.0839590067	0.0571664292	0.0131538682	0.011201129	0.0199540159	-0.1183132877	0.0602301992	-0.0635061484	-0.0428398433	-0.0373166453	-0.0541368421	0.0553023336	0.0025099409	-0.0097820837	0.0164011435	-0.0568497006	-0.0738845511	-0.0473897174	-0.0013340964	-0.0625532892	-0.0004729319	-0.0474941902	0.1062383172	0.0422895317	0.0029846838	0.1063901958	0.0262507839	-0.0243930702	-0.029183603	-0.0510617971	-0.0588088954	-0.0290635989	0.0444326054	0.00646328	-0.0600574729	0.0293940471	0.0494641864	0.0334204444	-0.0157325683	0.0075706629	-0.0052750408	0.0956937593	-0.1080794975	0.0395928045	0.0011740898	0.0023581285	0.0253258582	0.0915951388	0.0582919377	0.0832753924	0.0806070353	-0.0888922836	0.0740788109	0.057287643	0.0432120746	-0.033561431	-0.0074227244	-0.0111841689	0.0371454498	0.0127305176	-0.0640500868	-0.0234539073	-0.0267787816	-0.0121865611	-0.0186155332	0.0695989061	0.0734007455	-0.0477902714	-0.0521749515	0.0704995177	0.0560100242	-0.0509582812	0.052874762	-0.0667961831	-0.0565407454	0.0114099629	-0.0429560517	0.0026748126	0.0040342635	0.0219277965	-0.00838286	-0.0527799187	0.0038724313	-0.0007907818	0.0108298493	-0.0004302484	-0.0183573596	-0.0245035642	0.0433389387	-0.0476728799	-0.0070713269	0.0139648834	0.0130721264	-0.0922145392	-0.038242455	0.0817761076	0.0605635717	0.0	-0.00412058	-0.01709118	1.6979179536400003e-05	0.0002921084337924	0.223301	0.067854	0.049863336601	0.004604165316	0.497322	0.0055709999999999	3.103604099999992e-05	0.2473291716839999	0.00164743	-0.0012791999999999	1.6363526399999996e-06	2.7140256049000004e-06	0.00490164	8.302999999999956e-05	6.893980899999927e-09	2.40260746896e-05	0.00749544	-0.0007281899999999	5.302606760999989e-07	5.61816207936e-05	0.0	0.0	0.0	0.0	0.0	0.0	0.0	0.0	0.0	0.0	0.0	0.0	0.0	0.0	0.0	0.0	0.0	0.0	0.0	0.0	0.0	0.0	0.0	0.0	0.0	0.0	0.0	0.0	0.0	0.0	0.0	0.0	0.0	0.0	0.0	0.0	0.0	0.0	0.0	0.0	0.0	0.0	0.0	0.0	0.0	0.0	0.0	0.0
5499.432480777912	-16.76996517866155	281.2317320935209	30243757.6106351	4571.830365778726	-9.084769655072703	82.53303968572983	20901632.893456444	3493.7665176782853	-4.920182416867192	24.20819501524908	12206404.480049852	3559.63165904419	6346.20176740961	0.825076	28.83412	0.072781394	0.0412347	0.0330361756	-0.1086081884	-0.0500556893	0.0114244545	-0.0822202489	0.0472085949	-0.0131137204	-0.0192441191	-0.0107187992	-0.0321065563	-0.0247688634	-0.0510947459	0.0675135052	0.0161098426	-0.0050151693	0.0270227934	-0.0498721373	0.0030710868	-0.0096034636	-0.0607970031	0.0090794019	-0.0223279306	-0.0076753487	-0.0627447929	-0.0158752023	-0.0523394918	0.0147701851	0.0744820057	-0.0530727541	-0.0377679981	-0.0302275626	0.0272926814	0.009220759	0.0348749856	-0.044501228	-0.0617638356	-0.0371136296	-0.0956335783	0.0469886456	0.0148816177	0.0540970617	-0.0926197944	-0.0360322018	-0.0553871123	0.0150401779	-0.1064556835	-0.025527483	0.0302311397	0.0037148538	0.0120742603	-0.0516822109	0.0642654086	-0.0369674264	-0.0028843345	0.0262642081	-0.0247770398	0.0533067092	0.0392869984	-0.0601658257	-0.0024781328	0.0064842741	0.0198563578	-0.0141396496	0.0237757437	0.0109262286	-0.0309472268	-0.0303169123	-0.0300216099	-0.116372579	0.0144820836	0.0063812057	-0.0787047054	-0.0538902076	0.0724781338	0.0475600374	-0.0532155333	0.0491138063	-0.0708933758	-0.062394476	0.0016340375	0.0254493583	-0.035128969	-0.0178706112	-0.0057208413	0.0856547326	0.0351681839	-0.0076815778	-0.025385286	0.0380106655	0.0490173916	-0.0533054631	-0.0128393854	-0.0195182658	-0.0289571421	0.0219629836	-0.0025080317	0.0117034106	-0.0929226147	-0.0344113177	0.08451337	0.0550642208	0.0	-0.000162186	0.003958394	2.6304298596000004e-08	1.5668883059236004e-05	0.227897	0.0045959999999999	0.0519370426089999	2.11232159999999e-05	0.533398	0.036076	0.001301477776	0.284513426404	0.00183743	0.0001899999999999	3.6099999999999946e-08	3.3761490049e-06	0.00490164	0.0	0.0	2.40260746896e-05	0.00786846	0.00037302	1.391439204000006e-07	6.191266277160001e-05	0.0	0.0	0.0	0.0	0.0	0.0	0.0	0.0	0.0	0.0	0.0	0.0	0.0	0.0	0.0	0.0	0.0	0.0	0.0	0.0	0.0	0.0	0.0	0.0	0.0	0.0	0.0	0.0	0.0	0.0	0.0	0.0	0.0	0.0	0.0	0.0	0.0	0.0	0.0	0.0	0.0	0.0	0.0	0.0	0.0	0.0	0.0	0.0
5496.666115527081	-2.7663652508308587	7.65277670100448	30213338.38558357	4585.860448225833	14.030082447106906	196.8432134726173	21030116.05060204	3495.175063726964	1.408546048678545	1.9840019712479424	12216248.726098783	3553.9297470308666	6258.46356486456	0.839349	29.33292	0.0626880339999999	0.0311463	0.0302235271	-0.1001208335	-0.0355266481	0.0247800988	-0.0779335171	0.0439582091	0.0768401515	0.034338364	0.0320828855	-0.0674861831	0.0614326206	-0.0325807973	0.0270243094	-0.0225564942	0.0212609507	0.0411125926	0.060088003	0.0073672351	0.0085842673	-0.0615302307	-0.0480475928	-0.0113943971	0.0140355934	-0.0675303094	0.021264968	-0.0133938049	0.1238863674	0.0294475601	-0.0169819542	0.0565718397	0.0032138719	0.0270930456	0.0554105758	0.0543964846	-0.0364546895	-0.0614672483	0.0067558709	-0.0015827676	0.0244241273	0.0832942548	0.0082867053	0.0361578632	-0.0717753932	0.0198461671	-0.1068505392	-0.005949851	0.0093403641	-0.004267597	-0.0101327523	-0.0232957256	0.0723734115	0.0701341021	0.029130204	0.0736088271	0.0311697903	-0.0237344946	0.0445703098	0.0370692241	-0.0315546246	-0.0353993992	0.0312507929	-0.0633344709	0.0567947759	-0.0233177148	-0.0487417941	-0.0549239971	-0.0497439291	-0.0295121952	-0.0677125168	0.045882559	0.0752283256	-0.0075591326	-0.0540404099	0.0694149025	0.0482785102	-0.0521117723	0.0455362802	-0.0718209316	-0.0747102086	0.0202894786	-0.0469126446	-0.0081525293	-0.0110906013	0.0089211747	-0.0045554301	-0.003895438	-0.0052399349	0.0225223093	-0.0389468281	-0.0151305418	-0.0160365782	-0.0544010992	0.0501707661	0.0105201557	0.0432545252	-0.0203690097	0.0103322643	-0.0935535044	-0.0305158728	0.0869698875	0.0492791053	0.0	-0.00213772	-0.001975534	4.569846798400001e-06	3.902734585156001e-06	0.209357	-0.01854	0.0438303534489999	0.0003437316	0.540681	0.0072829999999999	5.304208899999896e-05	0.292335943761	0.00228249	0.0004450599999999	1.980784036e-07	5.2097606001e-06	0.00473671	-0.0001649299999999	2.7201904899999926e-08	2.24364216241e-05	0.00778066	-8.780000000000072e-05	7.708840000000127e-09	6.05386700356e-05	0.0	0.0	0.0	0.0	0.0	0.0	0.0	0.0	0.0	0.0	0.0	0.0	0.0	0.0	0.0	0.0	0.0	0.0	0.0	0.0	0.0	0.0	0.0	0.0	0.0	0.0	0.0	0.0	0.0	0.0	0.0	0.0	0.0	0.0	0.0	0.0	0.0	0.0	0.0	0.0	0.0	0.0	0.0	0.0	0.0	0.0	0.0	0.0
5499.14689902207	2.4807834949888274	6.154286749008982	30240616.61702405	4556.770038330954	-29.090409894879485	846.2519478521023	20764153.18223068	3491.456214693509	-3.718849033454717	13.82983813362708	12190266.499121929	3546.8026011269803	6268.066454862844	0.801104	27.996344	0.14920348	0.0697439	0.0286085862	-0.0933923633	-0.0603737829	0.0188197782	-0.0926357177	0.0444889425	-0.1316302713	-0.0896291836	-0.0017943471	-0.082208362	0.006039039	-0.067773618	0.0004719034	-0.0240711011	-0.0393702371	0.0022769084	0.0167962967	0.0172525692	0.0041249961	-0.0654209105	-0.0133175357	-0.1305653524	-0.0751247864	0.0609404479	0.0202065648	-0.0695932732	0.0217920573	0.0792020068	-0.0372988809	0.0654921879	-0.0559827594	0.0066669677	0.0287911108	0.0514869367	-0.0129261657	0.0737315447	-0.0245207976	-0.0278729527	-0.0508678205	0.0303772871	0.0339901982	-0.0611959527	0.0147801783	-0.0764185839	-0.0116311042	0.062877933	-0.0459512546	-0.0131666804	-0.0060721931	0.0338311406	-0.1205809957	0.0852549391	0.0621335132	-0.0021685536	0.0282943649	-0.0444747869	0.0417084557	0.0292893911	-0.0203225575	-0.0426037093	0.0233344291	-0.005313403	0.0746599453	-0.0395673769	0.1326926177	-0.0137441586	-0.0314625079	-0.0101332518	-0.0185664611	0.0772791499	0.0034626409	-0.0063026945	-0.0527306359	0.0514467859	0.0475825734	-0.0611475117	0.0517466142	-0.0711571916	-0.0797683517	0.0118765651	-0.026610967	-0.0168216766	0.0023920202	0.0147058689	0.01546038	-0.0391296493	-0.0080193955	0.0091787264	0.0276132324	0.0321224912	0.0052108123	-0.0203572561	0.0212139299	-0.0401821373	0.0227876283	0.0061784931	0.0089589723	-0.094106684	-0.0265634	0.0891374998	0.0432382481	0.0	-0.0187717	-0.01663398	0.0003523767208899	0.0002766892906404	0.256657	0.0473	0.065872815649	0.00223729	0.499471	-0.0412099999999999	0.0016982640999999	0.249471279841	0.00194067	-0.0003418199999999	1.1684091239999989e-07	3.7662000489e-06	0.00430687	-0.0004298399999999	1.8476242559999995e-07	1.85491291969e-05	0.00767113	-0.00010953	1.1996820900000009e-08	5.88462354769e-05	0.0	0.0	0.0	0.0	0.0	0.0	0.0	0.0	0.0	0.0	0.0	0.0	0.0	0.0	0.0	0.0	0.0	0.0	0.0	0.0	0.0	0.0	0.0	0.0	0.0	0.0	0.0	0.0	0.0	0.0	0.0	0.0	0.0	0.0	0.0	0.0	0.0	0.0	0.0	0.0	0.0	0.0	0.0	0.0	0.0	0.0	0.0	0.0
5506.860999881428	7.714100859358041	59.50735206834847	30325518.072015084	4589.377250999925	32.60721266897144	1063.2303180395318	21062383.55199563	3495.792928185096	4.336713491587034	18.807083908113	12220568.19674893	3554.030278228941	6300.398279738267	0.847659	29.623316	0.091718	0.0543127	0.0297841226	-0.070262329	-0.0566458459	0.0023347822	-0.0815308059	0.0403776528	0.0667373121	0.035255336	0.0268928766	-0.0455270534	-0.1179041526	-0.0587358466	0.0123371834	0.0516699459	-0.0385842178	-0.0104154924	-0.0464125726	0.0115026441	-0.008771449	-0.0286924558	0.0035432859	0.0162247716	0.0746253887	-0.0957700167	-0.0258263512	-0.0418345981	-0.0535108414	0.0983290246	-0.0793160679	-0.0184552129	0.0154631805	-0.0180928474	-0.0210998591	0.0688147282	-0.0723163005	-0.0368048294	0.0071981776	-0.1474896901	-0.0308297266	0.0146997693	0.1108473934	0.0185147861	-0.1296213488	0.0018255595	-0.064132583	-0.0874575343	0.0037842927	0.0414128734	0.015793515	-0.0093515323	0.0234525687	0.0380333443	-0.1485800694	-0.0275925822	0.1000311355	-0.0062384579	0.0401589762	0.0355092192	0.0267432608	0.0364831582	-9.71509e-05	0.0158991395	-0.0316323509	0.042276269	0.0026314664	-0.0018794864	0.0980358499	-0.0600790691	-0.1028979857	0.0101195805	0.012120137	-0.0383303529	-0.0371236523	0.0520302467	0.0317416752	-0.0545788184	0.0470973107	-0.0575617814	-0.062256956	0.0074406809	-0.0021039416	-0.0386473395	0.0049554447	-0.0032601229	0.0617943525	0.0187098525	-0.0265762473	-0.0002234215	0.0456885338	0.0580317523	-0.0393634006	-0.0129164276	-0.0097685262	-0.0145515266	0.0445387061	0.0194575539	0.0075838198	-0.0945816942	-0.0225612856	0.0910090062	0.0369729991	0.0	-0.0175107	0.0012609999999999	0.00030662461449	1.5901209999999955e-06	0.258577	0.0019199999999999	0.066862064929	3.6863999999999127e-06	0.532634	0.033163	0.001099784569	0.2836989779560001	0.0012765	-0.00066417	4.411217888999999e-07	1.6294522500000002e-06	0.00459139	0.0002845199999999	8.095163039999994e-08	2.10808621321e-05	0.00751234	-0.0001587899999999	2.5214264099999937e-08	5.6435252275600005e-05	0.0	0.0	0.0	0.0	0.0	0.0	0.0	0.0	0.0	0.0	0.0	0.0	0.0	0.0	0.0	0.0	0.0	0.0	0.0	0.0	0.0	0.0	0.0	0.0	0.0	0.0	0.0	0.0	0.0	0.0	0.0	0.0	0.0	0.0	0.0	0.0	0.0	0.0	0.0	0.0	0.0	0.0	0.0	0.0	0.0	0.0	0.0	0.0
5499.62504274356	-7.235957137868354	52.35907570106798	30245875.610772103	4560.99275791588	-28.38449308404506	805.679447638202	20802654.937761106	3492.6818813852165	-3.11104679987966	9.67861219104147	12198826.724556576	3553.7321666889898	6299.342175221875	0.877374	30.661766	0.2001269	0.0960869	0.0233354159	-0.065495887	-0.0726304897	0.0012962832	-0.0773033847	0.0389787113	0.0452411094	-0.0007895037	0.0372863686	-0.0583808853	0.085618629	-0.05658021	0.0024052488	-0.0077152719	-0.0398302828	0.0093508393	0.0249504327	0.0251364184	0.0105200822	-0.0438030902	-0.0138468146	-0.0390755029	0.0094589161	-0.0486927615	-0.0295103862	-0.0102464886	0.1191521739	-0.0228978376	0.0157822401	0.0816149712	0.0165516907	0.0381361419	0.0498358474	-0.0185339388	-0.1145426874	-0.0827020977	0.0239395052	-0.0236216149	-0.0121063019	0.0706587848	-0.0374918749	-0.0201031994	-0.1115609985	-0.054861041	-0.0380763414	-0.0462900383	-0.0120908991	-0.0095745045	-0.036111031	-0.0169319744	0.0418492469	0.0597301327	0.0432704277	0.0993638138	0.014375952	-0.0724211927	0.021810504	0.0305584329	-0.0377181288	0.0001034167	0.0190121015	-0.0351042517	0.010673448	-0.0453834364	-0.0212736596	-0.1078957008	-0.0682231127	-0.0286471511	-0.0701726053	0.0381535443	0.0877450018	-0.0389426129	-0.0413062648	0.0305609767	0.0324372398	-0.0699709164	0.0559128537	-0.0754090095	-0.0665834208	0.0073753068	-0.0305802821	-0.007727852	0.0069769121	-0.0057773371	0.0249000995	0.0446392375	-0.0182376075	0.0349436083	-0.0291343003	0.0015305965	-0.0068667489	-0.0527289799	-0.0053933528	0.0116521764	0.0316728796	-0.0470774367	0.0062070923	-0.0949781404	-0.0185170088	0.0925781899	0.0305158728	0.0	-0.0281906	-0.0106798999999999	0.00079470992836	0.0001140602640099	0.197463	-0.061114	0.038991636369	0.003734920996	0.48761	-0.045024	0.002027160576	0.2377635121	0.00185821	0.0005817099999999	3.383865240999998e-07	3.4529444041e-06	0.00379824	-0.0007931499999999	6.290869224999998e-07	1.44266270976e-05	0.00722102	-0.00029132	8.486734240000019e-08	5.21431298404e-05	0.0	0.0	0.0	0.0	0.0	0.0	0.0	0.0	0.0	0.0	0.0	0.0	0.0	0.0	0.0	0.0	0.0	0.0	0.0	0.0	0.0	0.0	0.0	0.0	0.0	0.0	0.0	0.0	0.0	0.0	0.0	0.0	0.0	0.0	0.0	0.0	0.0	0.0	0.0	0.0	0.0	0.0	0.0	0.0	0.0	0.0	0.0	0.0
5499.063592100772	-0.5614506427873494	0.3152268242863277	30239700.38996825	4559.652131358973	-1.3406265569074094	1.7972795650854154	20790427.559006423	3492.955346554488	0.2734651692717307	0.0747831988048163	12200737.053023584	3550.05723589014	6266.731935652014	0.847411	29.614641	0.0628882999999999	0.0278541	0.0220787676	-0.0425686755	-0.0630162983	0.0157772155	-0.0604575309	0.0259511839	-0.1046889596	-0.0585211016	0.0212656798	-0.0388923674	0.0061766702	-0.0040711156	-0.0336113768	0.0002733116	0.0115071866	0.0303509068	0.0208572762	0.0091223686	0.0219135608	-0.0426888101	-0.022135368	-0.1303388753	-0.0380781227	0.0457189299	0.013438053	-0.004880732	0.0204426009	0.0002779103	0.0054683604	0.0864070222	-0.0204363179	0.0352812826	0.0067012735	0.0700934188	-0.0266767394	0.0106657748	0.0987202545	0.0458167057	-0.0315818643	0.0529112171	0.0234907275	0.0253501719	-0.0659046138	-0.003826624	-0.0518500872	0.0260627029	0.0311070228	0.0142278358	-0.0178663798	0.0395422261	-0.0959259086	0.0553585353	0.0474813291	0.0175661722	0.0403780346	-0.0212408626	0.0121252171	0.0244298492	0.0265373691	-0.0356785371	-0.0225292894	-0.0069121966	0.0689215069	-0.0257538343	0.0543123854	0.0082049991	-0.0533414638	-0.0145263755	0.004747728	0.0786003371	0.0220942671	0.0637363177	-0.0333538277	0.0203220219	0.0281742635	-0.0655545274	0.0513599771	-0.053096727	-0.0531462365	0.0078603018	-0.0570559325	0.0023726037	0.0176336305	0.0291823372	-0.0165020993	-0.0399648775	-0.0316416362	0.0330970102	0.0029668748	0.0103790356	0.0093679942	-0.0055152786	0.0192906975	-0.0150126125	0.0039736982	0.0030922138	0.0048290757	-0.0952956932	-0.0144381275	0.0938398382	0.0239003795	0.0	-0.0308674	-0.0026768	0.00095279638276	7.16525824e-06	0.21147	0.0140069999999999	0.0447195609	0.0001961960489999	0.470974	-0.0166359999999999	0.0002767564959999	0.221816508676	0.00172919	-0.0001290199999999	1.6646160399999967e-08	2.9900980561e-06	0.00402276	0.00022452	5.040923040000009e-08	1.61825980176e-05	0.00698319	-0.0002378299999999	5.656310889999983e-08	4.8764942576100006e-05	0.0	0.0	0.0	0.0	0.0	0.0	0.0	0.0	0.0	0.0	0.0	0.0	0.0	0.0	0.0	0.0	0.0	0.0	0.0	0.0	0.0	0.0	0.0	0.0	0.0	0.0	0.0	0.0	0.0	0.0	0.0	0.0	0.0	0.0	0.0	0.0	0.0	0.0	0.0	0.0	0.0	0.0	0.0	0.0	0.0	0.0	0.0	0.0
5505.846617866064	6.783025765291313	46.009438532605806	30314346.97946717	4534.977393191397	-24.674738167575924	608.8427036384281	20566019.95675704	3502.3372397085336	9.381893154045429	88.01991915392448	12266366.14064919	3556.541662385941	6294.575286208845	0.977724	34.168747	0.3196456	0.152449	0.0067745395	-0.0045966854	-0.1033928161	-0.0114533149	-0.0144181337	0.0688557628	-0.0161863778	-0.0842667417	0.0064734045	-0.002820186	-0.1231487487	-0.1048853932	-0.0522602535	0.0593296313	-0.075944031	-0.0490722656	-0.0612442767	0.016679474	0.0298198859	0.0146664093	0.0098112554	-0.0744044159	0.027082335	-0.0423642141	-0.0871153454	-0.0692360664	-0.0413530175	0.0249474502	-0.0136634393	-0.0218788779	-0.0208641964	-0.0169780255	-0.0614751307	-0.0181402468	-0.0559839749	0.0613972744	-0.0085428989	-0.1146579717	-0.0292958782	-0.0390171952	-0.0022116683	0.0086867953	0.0327861968	0.0939264918	0.0669025372	0.0374999448	-0.0501724453	0.0461254241	-0.0302475284	0.0354779279	-0.0554493007	-0.002052041	-0.0921519123	-0.039655913	0.101665938	-0.0427668507	0.0163947274	0.0209752508	-0.0026056453	0.0628602226	-0.0478965254	-0.0108503921	-0.0216279187	0.0197391726	0.0608172384	-0.0149650576	0.0431461565	-0.071243667	-0.0024128464	0.0035631805	-0.051536698	-0.0261715178	-0.0128914527	-0.0419780832	0.0249991208	-0.0539795414	0.0595306238	-0.0532900609	-0.0049653692	-0.0061009468	0.0246071372	-0.0307035032	0.0207092701	-0.0414004622	0.0303912726	0.0023347474	0.0087841526	-0.0188355834	0.0659263036	-0.0023691098	-0.0136948322	0.0443879056	-0.0405114028	0.0188743922	0.0272428808	0.0497837805	0.0034500563	-0.0955340889	-0.0103322643	0.0947897599	0.0171608514	0.0	-0.0607754	-0.029908	0.00369364924516	0.000894488464	0.255771	0.044301	0.065418804441	0.001962578601	0.396438	-0.0745359999999999	0.0055556152959999	0.157163087844	0.000851298	-0.000877892	7.70694363664e-07	7.24708284804e-07	0.00363352	-0.00038924	1.5150777760000028e-07	1.32024675904e-05	0.00483231	-0.00215088	4.6262847744e-06	2.3351219936100003e-05	0.0	0.0	0.0	0.0	0.0	0.0	0.0	0.0	0.0	0.0	0.0	0.0	0.0	0.0	0.0	0.0	0.0	0.0	0.0	0.0	0.0	0.0	0.0	0.0	0.0	0.0	0.0	0.0	0.0	0.0	0.0	0.0	0.0	0.0	0.0	0.0	0.0	0.0	0.0	0.0	0.0	0.0	0.0	0.0	0.0	0.0	0.0	0.0
5523.40400080689	17.557382940825846	308.26169573080244	30507991.756129555	4580.662645476857	45.68525228545968	2087.142276386099	20982470.271667037	3506.9807510767228	4.643511368189138	21.56219782650176	12298913.988422656	3563.8851977321774	6318.448352964636	0.937634	32.767685	0.2485862	0.119797	0.0149382417	-0.0236011383	-0.0997381526	-0.0202502797	-0.0341727769	0.0536513765	0.0584897806	0.0419937806	0.0689370961	-0.0301619446	-0.0223217407	-0.0573547304	0.0042948795	0.0883103589	-0.0535622839	-0.0536926367	0.0806613262	0.0049955348	0.0590654758	0.0053308523	-0.0262017529	0.0263384593	0.0798713478	-0.0880932647	-0.0731833897	-0.0108589244	0.0482691964	0.0206820049	-0.0317252053	0.0047653578	-0.0153898279	-0.0264251702	0.000241013	0.1393770151	0.0226409187	0.0006489911	-0.0436497082	0.0481043531	0.0824049153	0.0497634738	-0.0323184863	-0.0400671327	0.0100139346	0.0480937983	0.0160438265	-0.0260936394	-0.0024969491	-0.0514343095	-0.0386626808	0.011266524	0.0927419721	-0.0037175202	-0.0683132222	-0.0111943836	0.0930494521	-0.0019424641	0.0060202208	0.0173510255	-0.0643223798	-0.0013460261	0.0700293501	-0.0109567973	-0.0249262708	-0.0320637245	0.0466384534	0.0093261256	-0.0204544255	0.0038560589	0.0225410683	-0.0280535769	0.062000004	0.0044674987	-0.0247463294	-0.0141119424	0.0226083934	-0.0685727445	0.0553977673	-0.0619206529	-0.0346362028	-0.0010939218	-0.0334834175	-0.0140041739	0.0119971435	-0.0206462835	0.0124214881	0.0374631668	-0.011724779	0.0271559144	-0.008206573	-0.0289226749	0.0032052175	-0.0438694151	-0.0063434455	0.0301512904	0.0547432217	0.0271853259	0.0020703204	-0.0956931295	-0.0062070923	0.0954247996	0.0103322643	0.0	-0.0299978	0.0307776	0.00089986800484	0.0009472606617599	0.192614	-0.063157	0.037100152996	0.003988806649	0.45103	0.0545919999999999	0.0029802864639999	0.2034280608999999	0.0014012	0.000549902	3.02392209604e-07	1.96336144e-06	0.00359162	-4.19000000000001e-05	1.755610000000008e-09	1.2899734224399998e-05	0.0062417	0.00140939	1.9863801721e-06	3.895881889e-05	0.0	0.0	0.0	0.0	0.0	0.0	0.0	0.0	0.0	0.0	0.0	0.0	0.0	0.0	0.0	0.0	0.0	0.0	0.0	0.0	0.0	0.0	0.0	0.0	0.0	0.0	0.0	0.0	0.0	0.0	0.0	0.0	0.0	0.0	0.0	0.0	0.0	0.0	0.0	0.0	0.0	0.0	0.0	0.0	0.0	0.0	0.0	0.0
5516.947677935165	-6.456322871724296	41.684105023950266	30436711.681074213	4575.098955583344	-5.563689893512674	30.954645231175068	20931530.45337981	3496.641278545673	-10.339472531049978	106.90469222033704	12226500.230829516	3553.0123132647363	6353.62170948814	0.830893	29.03739	0.1275166	0.0677703	0.0106712978	-0.0369583046	-0.1087684021	-0.0247536356	-0.060472828	0.0720502934	0.0564555544	-0.0002953346	0.0714019335	-0.0502841374	0.0800486958	-0.0589163628	-0.0384040904	0.004201671	-0.055132779	0.0211133049	-0.0743516883	0.0206807534	0.0172782515	-0.0106981794	0.005100033	-0.0233391214	0.0499702866	-0.0580338627	-0.0178591722	0.0081271973	0.0631165268	-0.0025525574	0.0599640583	0.0952667977	0.0183793734	0.0068297373	-0.0317701812	0.0370755902	-0.0426258922	-0.0928978085	0.0250249496	-0.0475203532	0.0496431102	-0.0423191063	-0.0437175246	-0.0076760768	0.0285174457	0.0188653465	0.0563928009	0.0529458722	-0.0498079028	-0.0113154639	-0.0416460835	-0.0066381646	0.0570598185	0.026323873	0.0169467231	0.0839989341	0.0523659173	-0.0901998053	0.0025957239	0.0187271285	0.0271839188	0.0265828462	0.0134178663	-0.0275648172	0.0018491481	0.0124619758	-0.0084359956	-0.0198346964	0.0352927427	-0.0365780373	-0.0717644465	-0.00419091	0.1201723548	-0.0459235091	-0.0245084157	-0.010973308	0.0219956277	-0.071019375	0.0605074495	-0.0736116292	-0.0472814911	-8.10694e-05	-0.0296361595	-0.0134749783	0.0093673114	-0.0107296544	0.0010965934	0.0370376574	0.0065585056	0.0430792375	-0.0207753931	0.0210160646	0.0295366123	-0.0445394927	0.0344167014	0.0021291836	-0.0675436355	-0.0389529005	0.0006901546	-0.0957726828	-0.0020703204	0.0957428477	0.0034500563	0.0	-0.0484449	-0.0184470999999999	0.0023469083360099	0.0003402954984099	0.135214	-0.0574	0.018282825796	0.00329476	0.474711	0.023681	0.000560789761	0.2253505335209999	0.00130748	-9.372000000000004e-05	8.783438400000009e-09	1.7095039504e-06	0.00384086	0.00024924	6.21205776000002e-08	1.47522055396e-05	0.00602489	-0.00021681	4.7006576100000196e-08	3.62992995121e-05	0.0	0.0	0.0	0.0	0.0	0.0	0.0	0.0	0.0	0.0	0.0	0.0	0.0	0.0	0.0	0.0	0.0	0.0	0.0	0.0	0.0	0.0	0.0	0.0	0.0	0.0	0.0	0.0	0.0	0.0	0.0	0.0	0.0	0.0	0.0	0.0	0.0	0.0	0.0	0.0	0.0	0.0	0.0	0.0	0.0	0.0	0.0	0.0
5518.5022509534165	1.554573018251176	2.416697269074572	30453867.093777925	4581.674983010908	6.576027427564441	43.2441367280798	20991745.64994801	3496.717059420072	0.0757808743992427	0.0057427409247138	12227030.193639357	3556.870832985582	6357.775212046984	1.06162	37.100681	0.2782488499999999	0.131568	0.0128836173	-0.0114146428	-0.0769395306	-0.0249670457	0.0275498549	0.0369730962	-0.021736069	-0.02782434	0.0402858424	-0.0759032319	0.069812579	-0.0608300892	-0.0340157543	-0.0280521015	-0.0053977741	-0.0022483906	-0.0527820889	0.0195071991	0.0188258882	0.0231848485	0.0132060573	-0.0427245317	0.0220678631	-0.0385242683	-0.0215922807	-0.0596282088	0.0815023265	0.0101072107	0.001742388	0.0112842867	0.0472272097	-0.0082290039	-0.0878943841	-0.075226079	-0.0613047103	0.0320847718	0.1040066372	-0.0421522865	0.0546185313	0.0319061174	-0.0140147739	-0.0262220154	0.0175632002	0.0074925325	0.0696855923	-0.0122002921	-0.0206765649	-0.0621313132	-0.0433219015	0.0112737762	-0.0006074919	0.002216959	0.0513318606	0.058008703	0.0425053942	-0.0938333176	0.0166104752	0.0470744814	0.0204007362	-0.01969973	0.0185205567	0.0141138873	-0.0262991904	0.0727982572	0.0158902106	-0.0044849021	-0.0205600135	0.0127130036	0.0397021519	-0.0389770752	-0.00487415	-0.0447449739	-0.0092815835	-0.02137326	0.0203073395	-0.0479126711	0.0299096447	-0.0018480913	0.0179729782	0.0139039611	-0.0282620797	0.0272579795	-0.0072514322	0.0120603048	-0.0400910381	-0.0180825668	-0.0061494931	0.0014144551	0.0007117928	-0.0810755067	-0.0149188114	-0.029248495	0.0467058212	-0.0520498459	-0.0259351671	0.0459353229	-0.0006901546	-0.0957726828	0.0020703204	0.0957428477	-0.0034500563	0.0	-0.07829	-0.0298451	0.0061293241	0.00089072999401	0.201873	0.066659	0.040752708129	0.0044434222809999	0.50096	0.0262489999999999	0.0006890100009999	0.2509609215999999	0.000885535	-0.0004219449999999	1.7803758302499998e-07	7.84172236225e-07	0.00498636	0.0011454999999999	1.3121702499999985e-06	2.4863786049599995e-05	0.00448242	-0.0015424699999999	2.3792137008999998e-06	2.00920890564e-05	0.0	0.0	0.0	0.0	0.0	0.0	0.0	0.0	0.0	0.0	0.0	0.0	0.0	0.0	0.0	0.0	0.0	0.0	0.0	0.0	0.0	0.0	0.0	0.0	0.0	0.0	0.0	0.0	0.0	0.0	0.0	0.0	0.0	0.0	0.0	0.0	0.0	0.0	0.0	0.0	0.0	0.0	0.0	0.0	0.0	0.0	0.0	0.0
5524.628070835968	6.125819882551696	37.52566923346567	30521515.321068756	4574.914867127341	-6.760115883567778	45.69916675926536	20929846.04146277	3501.00994516226	4.292885742187991	18.42886799548094	12257070.63612505	3566.863885375475	6410.733651662123	0.990971	34.631691	0.38044685	0.186783	0.0256817866	-0.0176735501	-0.046183578	-0.0310836981	0.0532077228	0.0277181273	-0.0101312429	-0.0004253984	-0.0108064805	-0.0472987323	0.0387147239	-0.0419611471	0.0248780745	0.0105284916	0.0256609719	0.0035243563	-0.0103275941	-0.0018677294	0.0139569586	0.0077294618	-0.0098323478	-0.024362758	0.0396744759	-0.0273702481	-0.0019760608	-0.0393220998	-0.0201696003	-0.0291330341	-0.0030845697	0.0346936021	0.0528444046	-0.067636174	-0.0627216622	-0.1114813322	0.0363008357	0.0941819398	0.0269303879	-0.0362433179	0.0300639192	0.0152741907	-0.0487579216	0.0390585981	-0.0778007402	0.0121539198	0.0370268344	-0.0023770267	0.1154065647	-0.1053797667	-0.0149499331	0.0012641702	0.0023824773	-0.010423019	0.0451023823	0.0180204966	0.0300010089	-0.0425956524	-0.0027875939	0.0583825064	0.008141252	-0.0049186075	0.0397978848	0.0414510773	-0.0791010902	0.0126675756	-0.0358445791	0.0524224913	-0.0167490149	0.1099499332	0.0243297987	-0.0818098795	-0.0721877801	-0.0463751468	0.008222508	-0.0056476532	0.0167958496	-0.0230807327	-0.0010781329	0.0452492403	0.0497793198	0.0002862149	0.006309194	0.0008745079	0.0112679631	0.0151001772	-0.0254721043	-0.0859389667	0.0165322878	-0.0342968663	0.1040787536	-0.01647483	0.0121485511	-0.0063878007	-0.0153598523	-0.0702007848	0.0459555423	0.1124133744	-0.0020703204	-0.0956931295	0.0062070923	0.0954247996	-0.0103322643	0.0	-0.0980353	-0.0197453	0.00961092004609	0.00038987687209	0.329349	0.127476	0.108470763801	0.016250130576	0.576933	0.075973	0.005771896729	0.332851686489	-0.000596296	-0.0014818309999999	2.1958231125609994e-06	3.55568919616e-07	0.00611526	0.0011289	1.2744152100000008e-06	3.73964048676e-05	0.0039481	-0.0005343199999999	2.854978623999996e-07	1.5587493610000003e-05	0.0	0.0	0.0	0.0	0.0	0.0	0.0	0.0	0.0	0.0	0.0	0.0	0.0	0.0	0.0	0.0	0.0	0.0	0.0	0.0	0.0	0.0	0.0	0.0	0.0	0.0	0.0	0.0	0.0	0.0	0.0	0.0	0.0	0.0	0.0	0.0	0.0	0.0	0.0	0.0	0.0	0.0	0.0	0.0	0.0	0.0	0.0	0.0
5504.838108097962	-19.78996273800658	391.6426251716889	30303242.596367545	4565.0912247069145	-9.82364242042604	96.503950404394	20840057.88989608	3493.609571564504	-7.400373597755788	54.76552938636095	12205307.83852712	3566.038701233718	6372.197951837763	1.094362	38.244904	0.3050515999999998	0.175558	0.0344046128	-0.0103682021	-0.0315387674	-0.0336450718	-0.0038377525	0.0031862685	-0.0238009742	0.0170941243	-0.010881446	0.0353300523	0.0055661125	0.0090118274	0.0723752578	0.0583270757	0.1086421499	0.0211632864	-0.0265903279	0.0145791975	-0.0047713673	-0.0004061201	0.0022382328	-0.0393466613	-0.0351423861	0.021245689	0.012364466	-0.0344403268	0.0060782201	0.0638092337	0.0025450868	-0.0484826989	0.0230363463	0.0774827246	-0.022668942	0.0919536007	-0.0329954304	0.056831019	0.0526903701	0.0354249395	0.0479160851	-0.0257730439	-0.0483150981	0.021774004	-0.0390165862	-0.0744327068	-0.0829893759	0.0023246054	0.0851820241	0.0409271289	-0.0119849547	0.0088442367	-0.0458176969	-0.0180031608	0.0031896276	-0.0281201132	0.0075484312	0.0316500194	0.0200975133	0.0115747299	-0.1102990464	-0.0300377092	-0.0313688811	0.0498090967	0.0140173675	0.0311511323	0.0645261596	0.020680989	-0.1049759147	0.0119212032	-0.1003239464	-0.1029141426	0.0610136802	-0.0031764428	0.0070565124	0.0162652438	0.0024651502	-0.038735998	0.015487837	-0.0003529179	0.0074254501	-0.0182382001	0.0041064513	-0.023592866	-0.0109377844	-0.0230048601	0.0697289463	0.1255463879	-0.0244030864	0.015610777	-0.0360699553	-3.4021e-05	-0.0684207752	0.022397714	-0.0244566862	0.02441903	0.0382712143	-0.0217521773	-0.0034500563	-0.0955340889	0.0103322643	0.0947897599	-0.0171608514	0.0	-0.0780542	0.0199811	0.00609245813764	0.00039924435721	0.177356	-0.151993	0.031455150736	0.0231018720489999	0.622941	0.0460079999999999	0.0021167360639999	0.3880554894809999	-0.000383216	0.0002130799999999	4.5403086399999974e-08	1.46854502656e-07	0.00587174	-0.0002435199999999	5.930199039999984e-08	3.44773306276e-05	0.00523289	0.0012847899999999	1.650685344099998e-06	2.7383137752099995e-05	0.0	0.0	0.0	0.0	0.0	0.0	0.0	0.0	0.0	0.0	0.0	0.0	0.0	0.0	0.0	0.0	0.0	0.0	0.0	0.0	0.0	0.0	0.0	0.0	0.0	0.0	0.0	0.0	0.0	0.0	0.0	0.0	0.0	0.0	0.0	0.0	0.0	0.0	0.0	0.0	0.0	0.0	0.0	0.0	0.0	0.0	0.0	0.0
5467.539463157567	-37.2986449403943	1391.188914389601	29893987.78118534	4559.259213242234	-5.832011464680363	34.012357724163195	20786844.573534194	3484.4500251652644	-9.159546399239844	83.89729023982758	12141391.977874212	3547.530970898571	6196.27835373474	1.098162	38.377701	0.1696446999999999	0.107279	0.0147274496	-0.0309005381	-0.0022846408	0.027706031	0.0104001186	-0.0046945045	0.1020764737	0.0157704139	-0.00130992	-0.0087198528	0.0465092076	-0.0161615394	0.0269434099	0.012391371	0.0043026015	0.0704447487	-0.0203079993	0.0254960482	-0.0339946792	-0.0505878248	-0.0213448539	0.018290995	0.0155289469	-0.0463826284	0.0678584358	0.0509808782	0.1030246776	-0.0312421807	-0.0303056862	0.0754991736	-0.0384766782	0.0144283967	0.0389235057	0.0383357969	0.0830491525	0.0337182566	0.0286574869	-0.0036015257	0.0110570487	0.1022850505	0.0575974952	0.0642522513	-0.1043205335	0.0490702916	-0.122032787	-0.0059764104	0.0474800116	0.0232596634	-0.0064694813	-0.0540327362	0.0671625362	0.0443120685	-0.0011349879	0.081777853	-0.0106300118	0.0011689643	9.07267e-05	-0.0399781184	-0.0212249308	-0.0563842157	0.0701517728	-0.0278497959	0.0584210952	-0.0281594998	-0.0427471679	-0.0478881942	-0.047609545	-0.0526703657	-0.0795010832	-0.0095951306	-0.0307200022	0.0105772565	-0.0133369922	0.014455793	0.0248339237	-0.0283250488	0.0068834756	0.0040273786	-0.0256937597	0.0117071079	-0.049752059	0.0047786914	-0.0075493046	0.0408045756	-0.0504540212	-0.0763000193	-0.0152377862	0.0452523037	-0.0245463231	0.0212905781	0.0296472631	-0.0212764507	0.071722118	0.011744594	-0.055328304	-0.0276579551	-0.0048290757	-0.0952956932	0.0144381275	0.0938398382	-0.0239003795	0.0	-0.0741177999999999	0.0039364000000001	0.0054934482768399	1.5495244960000817e-05	0.206129	0.0287729999999999	0.042489164641	0.0008278855289999	0.637909	0.0149679999999999	0.0002240410239999	0.4069278922809999	0.00162471	0.002007926	4.031766821476e-06	2.6396825841e-06	0.00589672	2.4979999999999968e-05	6.240003999999984e-10	3.47713067584e-05	0.00563933	0.00040644	1.651934736000001e-07	3.18020428489e-05	0.0	0.0	0.0	0.0	0.0	0.0	0.0	0.0	0.0	0.0	0.0	0.0	0.0	0.0	0.0	0.0	0.0	0.0	0.0	0.0	0.0	0.0	0.0	0.0	0.0	0.0	0.0	0.0	0.0	0.0	0.0	0.0	0.0	0.0	0.0	0.0	0.0	0.0	0.0	0.0	0.0	0.0	0.0	0.0	0.0	0.0	0.0	0.0
5492.042340197656	24.50287704008861	600.3909832417014	30162529.066523746	4550.707661103974	-8.551552138260377	73.12904397338562	20708940.2168304	3485.6131802133414	1.1631550480769874	1.352929665866979	12149499.242076963	3534.395339180595	6258.791020274276	1.310491	45.798	0.8857855000000001	0.412276	-0.0304260032	-0.0376452071	0.0743012474	-0.0086502155	0.0561605375	-0.0660534294	-0.0899266815	-0.0240091512	-0.1146891414	-0.1182843906	-0.0418732543	0.0313270332	-0.1150962686	-0.1374828342	-0.0959442996	0.0229144548	0.008193337	-0.0289781704	-0.0888206596	-0.0328852321	-0.0679123523	-0.0602783376	-0.1575927486	0.0641147393	-0.050909693	-0.1225733814	-0.0750130703	0.0052914598	0.0368616227	0.1109067242	0.1102838365	-0.0548652511	-0.114126665	-0.0452265079	0.0303850479	0.0458341652	-0.0975352454	0.046395499	0.0202654857	-0.0288228281	0.0542562533	-0.0815158517	0.0793148984	-0.1231529535	-0.033648532	0.0332906177	0.1482057631	0.0415725458	0.0850955254	-0.0363856469	-0.1017730697	0.0854513277	0.0998345441	-0.0620200181	-0.0011629163	-0.0979193943	0.0636220936	-0.0621104142	0.0950451372	0.0285666895	-0.0430078188	-0.0264471276	-0.1238838279	-0.0458563895	0.0780478325	-0.0998970252	0.0851615088	-0.0249499394	0.1820582805	-0.0539721187	-0.0607517165	-0.0763899413	-0.0189443479	0.0427106144	9.10106e-05	0.0769916618	-0.0894799104	0.1052128065	0.0884679366	0.0314813218	0.044051457	-0.0905456775	-0.0753570289	-0.0329274338	0.0031405729	-0.0993332651	0.048575784	-0.0762512512	0.1442322555	0.0318518252	-0.0471922444	0.0094853144	-0.0090725267	-0.0958729062	0.0467753383	-0.0052179044	-0.0062070923	-0.0949781404	0.0185170088	0.0925781899	-0.0305158728	0.0	-0.15278	-0.0786622000000001	0.0233417284	0.00618774170884	0.341115	0.134986	0.116359443225	0.0182212201959999	0.859705	0.2217960000000001	0.049193465616	0.7390926870250001	-3.7016e-05	-0.0016617259999999	2.7613332990759995e-06	1.3701842559999999e-09	0.0108323	0.0049355799999999	2.4359949936399996e-05	0.0001173387232899	0.00322981	-0.0024095199999999	5.805786630399998e-06	1.04316726361e-05	0.0	0.0	0.0	0.0	0.0	0.0	0.0	0.0	0.0	0.0	0.0	0.0	0.0	0.0	0.0	0.0	0.0	0.0	0.0	0.0	0.0	0.0	0.0	0.0	0.0	1.0	0.0	0.0	0.0	0.0	0.0	0.0	0.0	0.0	0.0	0.0	0.0	0.0	0.0	0.0	0.0	0.0	0.0	0.0	0.0	0.0	0.0	0.0
5510.422298212288	18.379958014632397	337.82285661964954	30364753.9046352	4565.525697114936	14.818036010961803	219.57419122216083	20844024.89101682	3491.8903971354166	6.27721692207524	39.40345228678776	12193298.545606537	3549.468655591901	6332.024164623483	1.090289	38.102558	0.227237245	0.136615	-0.028617989	-0.0195813729	0.0805490854	-0.0356401701	0.0701313958	-0.0512501192	0.0689783647	0.056495499	-0.0721618531	-0.0512208949	-0.1203533237	-0.0055169036	-0.0088972361	-0.0891594478	-0.0684984563	-0.0525433083	-0.0327800092	-0.0329274215	-0.0496507774	-0.0098898852	-0.033478671	0.1296370776	-0.0330061014	-0.0445949462	-0.0361006832	-0.0427023117	-0.0831460832	0.0643176316	-0.0360451825	-0.0679574004	0.0756352933	-0.0494495647	-0.0279997404	-0.0256249324	0.0364495925	-0.0091217385	-0.0177719403	0.1149636796	0.0336393561	-0.0324269411	-0.0946366751	0.0610686891	0.0509104056	0.0942687888	-0.0020909337	0.0603726706	0.0786902505	-0.1543012654	0.082282757	-0.0549328711	0.0408938312	0.0471943639	-0.0710483579	-0.0977628718	0.0301201589	-0.0351642482	0.0819915119	-0.0070673652	0.075615062	-0.0208355313	-0.0332303962	-0.015821687	-0.1010546347	0.0494535855	-0.105166063	-0.0385731606	0.0002097567	0.0282580589	0.103913061	-0.0971012658	-0.0384633075	0.0609896738	-0.0165118641	0.0432350664	-0.0165355554	0.0907790428	-0.0858504299	0.0989819228	0.1157722177	0.0167230326	-0.0209611411	-0.0269813857	-0.1121230482	-0.0467273134	-0.0007874	0.0274386501	0.0459617888	-0.0191568724	-0.0447281518	-0.1533527642	-0.0804317403	-0.0633084945	-0.0281293395	-0.0379873771	0.080441042	0.074337027	-0.0075838198	-0.0945816942	0.0225612856	0.0910090062	-0.0369729991	0.0	-0.167327	-0.014547	0.027998324929	0.000211615209	0.219053	-0.122062	0.047984216809	0.014899131844	0.86592	0.0062149999999999	3.862622499999964e-05	0.7498174464	5.75189e-05	9.45349e-05	8.936847318009999e-09	3.3084238572100003e-09	0.0118541	0.0010217999999999	1.0440752399999996e-06	0.00014051968681	0.00380174	0.00057193	3.271039249e-07	1.44532270276e-05	0.0	0.0	0.0	0.0	0.0	0.0	0.0	0.0	0.0	0.0	0.0	0.0	0.0	0.0	0.0	0.0	0.0	0.0	0.0	0.0	0.0	0.0	0.0	0.0	0.0	0.0	0.0	0.0	0.0	0.0	0.0	0.0	0.0	0.0	0.0	0.0	0.0	0.0	0.0	0.0	0.0	0.0	0.0	0.0	0.0	0.0	0.0	0.0
5500.934029597755	-9.4882686145329	90.02724130153005	30260275.1979866	4549.577238311038	-15.948458803897664	254.35333821962092	20698653.04735789	3494.57229291867	2.681895783253367	7.192564992232191	12212035.510434853	3557.6063559326285	6371.037625631909	0.883293	30.868624	0.149463155	0.0799131	-0.0343981632	-0.0300679408	0.0687651291	-0.014777674	0.0517771994	-0.0372155266	0.0210071517	0.0196236666	-0.0710516083	-0.0705670397	0.0868883511	0.0048019048	0.0113114673	-0.0655809688	-0.076444159	0.0145045434	-0.0702205306	-0.0266110693	-0.0114677706	-0.0023219919	-0.0239084849	0.0442114422	-0.0779474776	0.0366634391	0.0231111631	-0.019032584	-0.0128156999	0.0059850376	0.0167170004	0.0166106964	0.0113339115	-0.0577251158	-0.0794841412	-0.0572639599	0.0185048121	-0.0176121076	0.03464485	0.0356603581	0.0700881781	0.0136017143	-0.0538391357	0.1156655963	0.0792212384	0.0503281977	-0.0233048293	0.0749952313	-0.0010357131	0.0114406946	0.045607882	-0.0169923412	0.0178834422	0.0456721375	0.0745921835	-0.0131461998	-0.0360094135	-0.050708453	0.0414173475	0.0087734769	0.0346105732	-0.0451471235	-0.0042915023	0.0182246764	-0.0489033899	0.0871311291	-0.0667954484	0.0685457305	-0.0182302187	0.0387112622	0.0455472104	-0.067786957	0.0225415078	0.0208644291	-0.0195055621	0.0351102028	-0.0028944515	0.0716500478	-0.068063765	0.0823044822	0.0726395546	0.0381908409	-0.0139930252	-0.0183354186	-0.0725107578	-0.0003782559	-0.0417312271	-0.0857176345	0.0413159512	-0.0072888883	-0.0022697555	-0.0469117031	-0.0225095923	-0.0578387837	0.0522931142	-0.0893503153	-0.0234517331	0.0355503024	-0.0089589723	-0.094106684	0.0265634	0.0891374998	-0.0432382481	0.0	-0.166704	0.000623	0.0277902236159999	3.881290000000155e-07	0.240684	0.021631	0.057928787856	0.000467900161	0.81823	-0.04769	0.0022743361	0.6695003329	0.000872492	0.0008149731	6.6418115372361e-07	7.61242290064e-07	0.0111842	-0.0006698999999999	4.487660099999991e-07	0.00012508632964	0.00390725	0.00010551	1.1132360100000014e-08	1.52666025625e-05	0.0	0.0	0.0	0.0	0.0	0.0	0.0	0.0	0.0	0.0	0.0	0.0	0.0	0.0	0.0	0.0	0.0	0.0	0.0	0.0	0.0	0.0	0.0	0.0	0.0	0.0	0.0	0.0	0.0	0.0	0.0	0.0	0.0	0.0	0.0	0.0	0.0	0.0	0.0	0.0	0.0	0.0	0.0	0.0	0.0	0.0	0.0	0.0
5488.615839407908	-12.318190189846971	151.73780955324222	30124903.83259938	4559.397992001766	9.820753690728452	96.44720305395651	20788110.04946974	3485.7143942808493	-8.857898637820654	78.46236827790499	12150204.838496707	3555.473472327089	6360.929187527376	0.725063	25.338923	0.1020405999999999	0.0518704	-0.0353433612	-0.0198931149	0.0683177812	-0.0224135376	0.0690050141	-0.0483012629	0.0116332767	0.0360757463	-0.0871650375	0.0091689173	-0.0271898342	0.0442872256	0.0322003636	-0.0378951956	-0.0009279544	0.0560154651	-0.1084887346	-0.00771385	-0.0671793516	-0.0129724763	-0.0081225336	0.096778249	-0.06311799	-0.0016910751	0.0040234886	-0.0045920764	-0.0753387277	0.0297497576	-0.0409807145	-0.0730732583	0.0398568279	-0.0196868055	-0.0944394366	0.0119089538	0.0913035643	0.0556906833	-0.034112288	-0.0737255314	0.0397531004	-0.0643818485	0.0563116515	0.0458409408	0.0404938189	-0.0482279668	0.0041375668	0.0064738729	-0.0670151135	0.0903346609	0.0532865852	-0.0541810558	0.0060327805	0.0186835365	-0.03296041	-0.0708677103	-0.0366939961	0.0190764254	0.0417064503	-0.0392270901	0.0154962545	-0.0010977416	-0.0264402118	0.0514589543	-0.0666676909	0.0647585897	-0.0203093266	0.059945593	0.0486694389	0.0408420456	-0.0367691299	-0.0758289974	-0.0321908676	-0.0491494191	-0.0118193196	0.0264145924	-0.0080242394	0.0773112608	-0.0783953981	0.1013095999	0.0803499225	0.0270715648	0.0147507902	-0.0441880464	-0.0880971339	-0.0190540057	0.0162131501	-0.0347733125	0.027894719	-0.0244365927	0.0311860014	-0.0110557524	-0.0462801684	-0.026786492	0.0150646972	-0.0707718446	-0.0075823196	0.0232963568	-0.0103322643	-0.0935535044	0.0305158728	0.0869698875	-0.0492791053	0.0	-0.172305	-0.005601	0.029689013025	3.1371201000000256e-05	0.26818	0.0274959999999999	0.0719205123999999	0.0007560300159999	0.85395	0.0357199999999999	0.0012759183999999	0.7292306024999999	0.0005958	-0.000276692	7.655846286400002e-08	3.5497764e-07	0.0110372	-0.0001469999999999	2.1608999999999876e-08	0.00012181978384	0.00366647	-0.00024078	5.797500840000016e-08	1.34430022609e-05	0.0	0.0	0.0	0.0	0.0	0.0	0.0	0.0	0.0	0.0	0.0	0.0	0.0	0.0	0.0	0.0	0.0	0.0	0.0	0.0	0.0	0.0	0.0	0.0	0.0	0.0	0.0	0.0	0.0	0.0	0.0	0.0	0.0	0.0	0.0	0.0	0.0	0.0	0.0	0.0	0.0	0.0	0.0	0.0	0.0	0.0	0.0	0.0
5482.819852716554	-5.795986691354301	33.593461726356175	30061313.537342776	4530.164276269064	-29.233715732701967	854.6101355404265	20522388.36998442	3484.9956778345354	-0.7187164463139197	0.5165533302021095	12145194.874525392	3548.116794434708	6302.09645585132	0.731985	25.580822	0.10539615	0.0642164	-0.0424817207	-0.010718533	0.0774486118	-0.0143682398	0.0529989357	-0.0582639756	0.0328394678	0.0092861874	-0.0613686226	-0.0032544832	0.1085724318	0.0478256817	0.0338670104	-0.0381194329	-0.0262381738	0.0087826451	0.0197410007	-0.0024932646	-0.0538148056	-0.0118882913	-0.0023812339	0.0456819125	-0.0866795756	-0.0016746119	-0.0090332193	0.0085948928	0.0090714079	-0.0120578086	0.0605938409	-0.0134415865	0.06423258	-0.0373180321	-0.0822397977	-0.0877912724	0.0899408817	-0.0087307478	-0.0351216592	0.0568929179	-0.0020018942	-0.0541273092	-0.0699555996	0.1155648894	0.0725021102	0.0535636586	0.0223116529	-0.0492216671	0.0535773287	0.036867625	0.0346795176	-0.0471228828	0.0224442065	0.0282236831	0.0572852064	0.0268000941	-0.0850378207	-0.0143252973	0.0330508744	-0.0378109984	0.001117913	-0.0254265544	-0.0290287019	-0.0408667723	-0.0973064648	0.0469864273	-0.0389551849	0.0750548413	-0.0139962001	0.0707605582	0.0457417694	-0.0747310147	-0.0383816299	0.0488585752	-0.01680011	0.0226120408	-0.0161544259	0.078817021	-0.0710598132	0.0852921091	0.077764026	0.0257370948	-0.0130309882	-0.0173071816	-0.080540673	-0.0245460486	-0.0198200921	-0.0172876051	0.0315352587	-0.0003595635	-0.0330770198	-0.0823265798	-0.0404262133	-0.0392794773	0.0180317265	-0.0326340771	-0.0111683237	-0.0012999432	-0.0117034106	-0.0929226147	0.0344113177	0.08451337	-0.0550642208	0.0	-0.183246	-0.0109409999999999	0.0335790965159999	0.0001197054809999	0.210421	-0.0577589999999999	0.0442769972409999	0.0033361020809999	0.8555	0.00155	2.402500000000159e-06	0.73188025	0.000596043	2.430000000000314e-07	5.904900000001526e-14	3.55267257849e-07	0.0114991	0.0004618999999999	2.133516099999995e-07	0.00013222930081	0.00390725	0.00024078	5.797500840000016e-08	1.52666025625e-05	0.0	0.0	0.0	0.0	0.0	0.0	0.0	0.0	0.0	0.0	0.0	0.0	0.0	0.0	0.0	0.0	0.0	0.0	0.0	0.0	0.0	0.0	0.0	0.0	0.0	0.0	0.0	0.0	0.0	0.0	0.0	0.0	0.0	0.0	0.0	0.0	0.0	0.0	0.0	0.0	0.0	0.0	0.0	0.0	0.0	0.0	0.0	0.0
5478.806365916993	-4.0134867995611785	16.10807629025183	30017319.195212565	4556.774457794628	26.61018152556335	708.1017608234329	20764193.459209524	3484.5739660957533	-0.4217117387820508	0.1778407906265806	12142255.725192288	3550.01098547848	6274.19145107542	0.74933	26.187008	0.1557846999999998	0.0675959	-0.0381208604	-0.0113477734	0.0833348664	-0.009665156	0.052465303	-0.0598776052	-0.0079395183	0.0273209164	-0.0775046103	0.0106550742	-0.0570742392	0.0666412262	0.0717296018	-0.031091633	0.0183459575	0.0101644142	-0.0702247591	-0.004796264	-0.0568196725	-0.018742427	-0.0097926886	0.084392684	-0.0856143346	0.0438907439	-0.0133285906	-0.0027564514	-0.0825892851	0.0820824594	-0.0418675731	-0.0367938254	-0.0317352059	-0.0455857517	0.0204409035	-0.0740057926	0.0468216074	0.0076656528	-0.0810723582	0.0172716416	0.0090798142	0.0703580147	-0.0415987134	0.0135292606	0.0698077013	0.0039096669	-0.0454092705	0.0092628208	-0.0867635074	0.1062635016	0.0596014596	-0.0360249347	-0.0298461416	0.0334193539	-0.0260912357	-0.0970373535	-0.0482907315	0.0355736084	0.0434886155	-0.0547738146	0.0093205705	-0.0344370627	0.0188514585	0.0085436652	-0.0211084496	0.0202141166	-0.0704998115	0.0285420489	-0.0367550871	0.0779195433	-0.0150503511	0.0088672163	-0.0263212084	-0.0122818546	-0.0126867448	0.0248422169	-0.0080830738	0.0736027993	-0.0779758805	0.0857153137	0.0543825415	0.0304176669	-0.0348319301	-0.0384500966	-0.0754603177	-0.0130481437	-0.0348670184	-0.0645237288	0.0047764533	0.0330668883	-0.029872206	-0.0233600904	-0.0130091928	-0.02591614	0.0405229889	-0.0641133573	-0.0092786728	0.0195636097	-0.0130721264	-0.0922145392	0.038242455	0.0817761076	-0.0605635717	0.0	-0.161422	0.0218239999999999	0.026057062084	0.0004762869759999	0.247211	0.0367899999999999	0.0611132785209999	0.0013535040999999	0.883065	0.0275649999999999	0.0007598292249999	0.779803794225	0.000980197	0.0003841539999999	1.4757429571599997e-07	9.607861588089998e-07	0.0106767	-0.0008223999999999	6.763417599999987e-07	0.00011399192289	0.00409281	0.0001855599999999	3.443251359999983e-08	1.6751093696099998e-05	0.0	0.0	0.0	0.0	0.0	0.0	0.0	0.0	0.0	0.0	0.0	0.0	0.0	0.0	0.0	0.0	0.0	0.0	0.0	0.0	0.0	0.0	0.0	0.0	0.0	0.0	0.0	0.0	0.0	0.0	0.0	0.0	0.0	0.0	0.0	0.0	0.0	0.0	0.0	0.0	0.0	0.0	0.0	0.0	0.0	0.0	0.0	0.0
5478.184386562227	-0.6219793547661538	0.3868583177553211	30010504.17317416	4558.102319452752	1.3278616581246752	1.7632165831176116	20776296.75460056	3481.0407994040465	-3.5331666917068105	12.483266871386448	12117645.047115562	3547.255394939525	6275.916378050332	0.798716	27.912893	0.1051346	0.0524084	-0.0404433645	-0.0073577775	0.0777475378	-0.0245618427	0.0526141123	-0.0634935772	0.1109858476	0.052323377	-0.0576066345	0.00913382	0.0413610663	0.0365814737	0.0015923771	-0.0547920435	-0.0385935771	0.0142670571	-0.0040524001	-0.0048081546	-0.0772471767	-0.0165681796	-0.0262860179	0.1260304752	-0.0621906787	-0.032251491	0.0023583129	-0.0042953883	0.0509857372	-0.0985489346	0.0476555716	0.0398247669	0.0738528601	-0.0066867257	-0.0856952052	0.0024951212	0.0187620458	0.055396621	0.0063013806	0.0220168073	-0.0149841132	-0.0114817373	-0.0554356042	0.0173081696	0.0536023503	-0.02472827	-0.0041595664	0.0098749688	0.0291271302	0.0258322573	0.0480671034	-0.0834176371	0.0942843666	0.0304640245	0.0258257176	0.0139736704	-0.0823375665	-0.0501541654	0.0350890063	-0.0398464799	-0.0045311828	0.0008390081	-0.0452738904	0.019767904	-0.0796258358	-0.0026204566	0.0295397875	-0.0384896234	-0.0474158978	-0.0693645425	-0.0287906281	-0.0739432186	-0.0919408669	0.0287282187	-0.00833767	0.0219238474	-0.0159347121	0.0726229084	-0.0811634287	0.0830911869	0.0481528712	0.0276391853	0.0160989336	-0.0676731255	-0.0646612922	-0.0338789323	0.0442093006	0.0027399539	-0.0112267001	-0.0063921472	0.04106357	0.048564273	-0.0401492509	-0.0160093572	-0.0020661819	-0.0386716362	-0.0227664078	-0.0615039291	-0.0144381275	-0.0914298658	0.0420021249	0.0787671932	-0.0657486183	0.0	-0.160756	0.0006659999999999	0.025842491536	4.435559999999999e-07	0.271556	0.024345	0.073742661136	0.000592679025	0.913311	0.0302459999999999	0.0009148205159999	0.834136982721	0.0007660349999999	-0.000214162	4.58653622440428e-08	5.868096212248468e-07	0.0100713	-0.0006054	3.665091600000009e-07	0.00010143108369	0.0042708	0.00017799	3.168044010000009e-08	1.823973264e-05	0.0	0.0	0.0	0.0	0.0	0.0	0.0	0.0	0.0	0.0	0.0	0.0	0.0	0.0	0.0	0.0	0.0	0.0	0.0	0.0	0.0	0.0	0.0	0.0	0.0	0.0	0.0	0.0	0.0	0.0	0.0	0.0	0.0	0.0	0.0	0.0	0.0	0.0	0.0	0.0	0.0	0.0	0.0	0.0	0.0	0.0	0.0	0.0
5486.87348932589	8.689102763662959	75.50050683749527	30105780.687867265	4540.278840379852	-17.823479072900227	317.6764062621123	20614131.94840101	3487.08236716246	6.041567758413294	36.50054097949903	12159743.435375344	3546.910661989018	6250.1280535887945	0.956537	33.42831	0.35219175	0.156727	0.0120527572	0.0299398155	0.0497147482	-0.0413598507	0.0508839339	-0.0631809588	-0.1239022532	-0.0406213776	-0.0790101844	-0.0170901519	-0.0072493891	0.0128208876	0.0208004803	-0.0352904951	-0.0263714634	-0.0854972268	0.0011134275	-0.01482655	-0.0500238458	-0.011069465	-0.0358399863	-0.0406837796	-0.071762188	0.1204252342	0.0307148374	-0.0165686649	-0.0770202556	0.0106778878	0.0161245392	-0.0340702579	0.0397711199	-0.0027084023	-0.0083663139	0.0631756909	0.0783536661	-0.0187481291	-0.009347436	0.14287964	-0.0242330678	-0.023386323	-0.133662169	-0.0552016532	-0.0055712673	0.0312281259	0.0145906656	0.0161101785	0.0360067184	-0.0253532775	0.0516069071	-0.0089394817	-0.1211081487	0.0137406849	0.0700915464	-0.0709161424	-0.0242096364	0.0108748949	-0.0092350619	-0.0195109175	0.006524952	-0.0204799531	0.0416948282	-0.0436670963	0.0116439888	-0.0195491096	0.0081561316	0.0124246827	-0.0090970818	-0.0266387232	0.0965718304	-0.0262559803	0.0039658996	0.0461275979	0.0263230406	0.0060987144	-0.0261791877	0.0188225131	-0.0630545422	0.0842946123	0.0613234758	0.0084299319	-0.0325328549	-0.0060871037	-0.0507757014	-0.0122796965	-0.0276678527	0.0112560764	0.0059137759	0.0268241287	-0.0419431227	-0.0540222702	0.0178249295	-0.0081807054	-0.0197944821	0.0029355417	0.0303313847	0.0151313786	-0.0158011302	-0.0905692465	0.0456833015	0.0754966221	-0.070592452	0.0	-0.160068	0.000688	0.0256217646239999	4.733440000000302e-07	0.214348	-0.057208	0.045945065104	0.003272755264	0.826358	-0.0869529999999999	0.0075608242089999	0.6828675441640001	-0.00129939	-0.0020654249999999	4.265980430624588e-06	1.6884143721000003e-06	0.00877145	-0.00129985	1.6896100225e-06	7.69383351025e-05	0.00348922	-0.00078158	6.108672964000001e-07	1.21746562084e-05	0.0	0.0	0.0	0.0	0.0	0.0	0.0	0.0	0.0	0.0	0.0	0.0	0.0	0.0	0.0	0.0	0.0	0.0	0.0	0.0	0.0	0.0	0.0	0.0	0.0	0.0	0.0	0.0	0.0	0.0	0.0	0.0	0.0	0.0	0.0	0.0	0.0	0.0	0.0	0.0	0.0	0.0	0.0	0.0	0.0	0.0	0.0	0.0
5489.73160247395	2.858113148060511	8.168810767116364	30137153.067201205	4560.047604209499	19.76876382964656	390.8040233523421	20794034.15265679	3493.915598833133	6.833231670673285	46.693055065092416	12207446.211769491	3550.972055843463	6247.506204596011	0.809446	28.287899	0.1589974999999998	0.0788061	0.0174913805	0.0246993323	0.0396233789	-0.0474367696	0.0342602155	-0.0530472398	0.0790023404	0.0624775001	-0.0229350269	0.0091016796	-0.0702063683	0.0225730825	0.0009645381	-0.0190053924	0.0293809332	0.0021174647	-0.0480712248	-0.0164608279	-0.0230227862	-0.0051797444	-0.0285657183	0.0949548227	0.0406405378	-0.0213007778	-0.0399643251	-0.0224006782	-0.030539482	0.0146522885	-0.0096153807	-0.0192428352	-0.0078405975	0.0265869376	0.0115489706	-0.0274938128	0.0501280595	0.0628459545	0.0067079012	-0.03089146	-0.0312193661	0.0392077231	0.0768020682	0.0109797824	0.1077606342	0.0069517146	0.0242166831	0.0385129769	0.0474897361	0.0686568762	0.0337532591	-0.0372903761	0.0805437207	-0.0068876885	-0.0682581514	-0.0560933532	0.0182492849	0.0154215763	-0.0094716849	-0.0108422212	-0.0067452618	0.0017320652	-0.0355001246	0.0387829631	0.0178157014	0.0053905556	-0.0119341794	0.0234538576	-0.0060468223	0.0266548088	0.0719607639	0.0171058373	-0.0553036715	0.0096222534	0.0229234584	0.0118732409	-0.0267192422	0.0066756391	-0.0588712707	0.0679246379	0.0491527044	0.0083127765	-0.0116515747	-0.0224620141	-0.0310282716	0.0079417882	-0.0341842254	-0.0634152579	-0.0035189128	0.046155503	0.0260148681	0.0299764701	0.074864255	-0.0191644158	0.0129165223	-0.0552599232	-0.0156265091	0.0134274033	-0.0171608514	-0.0896333961	0.0492791053	0.0719752588	-0.0750699348	0.0	-0.134834	0.0252339999999999	0.018180207556	0.0006367547559999	0.274447	0.0600989999999999	0.0753211558089999	0.0036118898009999	0.838487	0.0121289999999999	0.0001471126409999	0.703060449169	-0.00151782	-0.0002184299999999	4.771166489999997e-08	2.3037775524e-06	0.00838049	-0.0003909599999999	1.528497215999994e-07	7.023261264010002e-05	0.00411054	0.00062132	3.8603854240000034e-07	1.6896539091600003e-05	0.0	0.0	0.0	0.0	0.0	0.0	0.0	0.0	0.0	0.0	0.0	0.0	0.0	0.0	0.0	0.0	0.0	0.0	0.0	0.0	0.0	0.0	0.0	0.0	0.0	0.0	0.0	0.0	0.0	0.0	0.0	0.0	0.0	0.0	0.0	0.0	0.0	0.0	0.0	0.0	0.0	0.0	0.0	0.0	0.0	0.0	0.0	0.0
5484.6018371671535	-5.129765306796799	26.31449210281605	30080857.31225732	4552.769417137621	-7.278187071878165	52.97200705325445	20727709.36562363	3492.0393960336537	-1.8762027994794157	3.520136944774395	12194339.143451083	3562.085234035699	6265.019837751289	0.805216	28.140059	0.1313189999999999	0.071734	0.0106457383	0.0338944273	0.0412138259	-0.0493798476	0.0372239412	-0.0558625038	-0.026440959	-0.0041540764	-0.0405346238	0.0123839651	0.0894179224	0.0466678975	0.0125835495	0.0019997663	0.0148832677	-0.006431654	-0.036662047	-0.01359066	-0.0147508017	0.0166412532	-0.0017817393	-0.0259405889	-0.0009474598	0.0667886558	0.0363041645	-0.0125263564	0.0056025154	-0.0743845491	0.0112793647	-0.0016810081	0.0168217097	0.020340543	-0.015774218	0.0793208471	0.0341094939	0.0228411748	0.0315947339	0.0005066693	0.0651844069	-0.0700739788	-0.0556397454	0.0632397516	-0.0338744521	0.0411912283	0.0189258668	-0.035461172	0.0554531344	0.0253072478	0.0243483178	-0.0113748798	-0.0154601433	-0.0253941743	0.0616246076	0.0116251901	-0.0358597656	-0.0048276438	-0.0406880509	0.0295696863	-0.0285894901	0.0041822466	-0.0513492518	0.0481611429	-0.0372603444	0.0401249014	0.0229681081	0.0793107113	0.0302161192	-0.0061414797	-0.0472352168	-0.0862856743	0.0373378773	0.0524871361	0.0287406013	0.0041356191	-0.0399068795	0.0174714877	-0.0491681233	0.0591673099	0.0514585546	-0.0165633825	0.0181615088	-0.0361086065	-0.0427741428	-0.0329038811	0.0575219499	0.112587207	-0.0165578816	-0.0126274	-0.0046092647	0.0058118849	-0.0296276827	0.0276034269	-0.069381709	0.0249195769	0.0143026579	-0.0573545036	-0.0185170088	-0.088623092	0.0527828167	0.0682148009	-0.0791578303	0.0	-0.148461	-0.013627	0.022040668521	0.000185695129	0.212254	-0.062193	0.0450517605159999	0.0038679692489999	0.8327799999999999	-0.0057070000000001	3.2569849000001466e-05	0.6935225283999997	-0.00113848	0.0003793399999999	1.4389883559999996e-07	1.2961367104000002e-06	0.0088220899999999	0.0004415999999998	1.9501055999991145e-07	7.782927196809825e-05	0.00393564	-0.0001749	3.059001000000014e-08	1.5489262209599997e-05	0.0	0.0	0.0	0.0	0.0	0.0	0.0	0.0	0.0	0.0	0.0	0.0	0.0	0.0	0.0	0.0	0.0	0.0	0.0	0.0	0.0	0.0	0.0	0.0	0.0	0.0	0.0	0.0	0.0	0.0	0.0	0.0	0.0	0.0	0.0	0.0	0.0	0.0	0.0	0.0	0.0	0.0	0.0	0.0	0.0	0.0	0.0	0.0
5478.049954968283	-6.551882198870771	42.92716034787969	30009031.309128005	4548.610174735767	-4.159242401853589	17.299297357376815	20689854.521709744	3491.022632461939	-1.016763571714819	1.0338081607662752	12187239.020361483	3549.767135891725	6228.255200586965	0.985114	34.426983	0.25945595	0.138837	-0.0327655876	0.0270507829	0.0578590349	-0.0141296315	0.0621793099	-0.0526000762	-0.0109102729	0.0334375444	-0.0319021417	0.0094211742	-0.072917472	0.04037611	0.0001820865	-0.0411267658	-0.0220744791	-0.0083721235	0.0245591306	-0.0081438757	-0.0150658401	-0.010378439	-0.0296936047	0.0717876518	-0.0208194408	0.016198268	-0.0155318708	0.0209552711	-0.0665262938	0.0849434856	-0.0014429194	-0.0474853524	-0.0524664994	-0.018068717	-0.0015869728	-0.0857133775	0.0595572637	0.0076737344	0.0388303283	0.1254227897	0.0066252483	0.072363613	0.0666607611	-0.0686891908	0.0539383344	-0.0319673792	-0.0413987368	0.0499847784	-0.0187388715	0.052073856	0.0359085844	-0.0157109571	0.0069144453	0.0137282671	-0.0426686184	-0.0892351182	-0.0007965115	0.0484782745	0.0283631096	-0.0282510328	0.0417688766	-0.0298841918	0.0092760131	-0.0145703543	-0.0071595277	-0.0033695545	-0.0795631664	0.0165304332	-0.0693763977	0.0863137089	0.090920414	0.0744694699	-0.0147997455	-0.0452832054	-0.0013262572	-0.0155707782	-0.0221447527	0.0494223831	-0.0656025977	0.0859572073	0.0551971609	0.0304483042	-0.0248463071	0.0135937655	-0.0541338528	-0.0035779284	-0.0706452358	-0.0810317552	0.0207444338	0.0336962369	-0.0427695425	-0.0735408383	0.0126732934	-0.0317956197	0.0388813837	-0.0302957185	-0.0026215491	0.0472257299	-0.0198693207	-0.0875391733	0.0561878877	0.0642277404	-0.0828349236	0.0	-0.180864	-0.0324029999999999	0.032711786496	0.0010499544089999	0.223651	0.0113969999999999	0.0500197698009999	0.0001298916089999	0.834596	0.0018160000000001	3.297856000000548e-06	0.696550483216	0.000713029	0.001851509	3.4280855770810004e-06	5.08410354841e-07	0.0105265	0.00170441	2.9050134481003368e-06	0.0001108072022499	0.00321476	-0.0007208799999999	5.196679743999996e-07	1.03346818576e-05	0.0	0.0	0.0	0.0	0.0	0.0	0.0	0.0	0.0	0.0	0.0	0.0	0.0	0.0	0.0	0.0	0.0	0.0	0.0	0.0	0.0	0.0	0.0	0.0	0.0	0.0	0.0	0.0	0.0	0.0	0.0	0.0	0.0	0.0	0.0	0.0	0.0	0.0	0.0	0.0	0.0	0.0	0.0	0.0	0.0	0.0	0.0	0.0
5491.556518723123	13.5065637548405	182.42726446357108	30157192.99833043	4571.895245565752	23.28507082998476	542.1945235574073	20902226.136426724	3495.522683919271	4.50005145733212	20.250463118636933	12218678.833794184	3555.960954743616	6252.145827783415	0.880484	30.770449	0.33779097	0.153157	-0.0082187702	0.0261605466	0.0233714246	-0.0310324887	0.038655316	-0.0344334121	0.0730081104	0.0502551735	0.0138366368	0.008537536	-0.0143486201	0.0363839199	-0.0463050234	-0.0027892364	-0.0145539619	0.0016518751	-0.0170338509	-0.00737169	-0.0050939285	0.0255670879	-0.0060774915	0.0764957134	0.0529274693	-0.0287183889	-0.0455953261	-0.0200007772	-0.0568493655	-0.0954037525	0.0128302459	-0.0423676455	0.0013552376	-0.0131893374	-0.045617916	-0.0164490749	0.0001933943	0.1138174871	-0.007473464	-0.0154830228	-0.0062933545	-0.0060098103	-0.0444079892	0.0598041517	-0.057357447	-0.012233142	-0.0682367629	0.0563069904	-0.0063700758	-0.0092894198	0.0086549977	-0.0247561035	0.0804470326	-0.0298616717	-0.031888865	-0.0085615682	0.0008509039	-0.0286622424	-0.0192970305	0.0007629878	0.0188642084	0.0693106281	-0.0711204577	0.0747119148	-0.0540830546	-0.0007944403	0.0199076828	0.0066494472	0.0041644754	-0.0774146578	-0.0062448733	0.0044308932	-0.1090051123	-0.0289958747	0.0145217047	-0.0136067645	-0.0268436722	0.0093669508	-0.042827927	0.0517802447	0.0337622881	0.0008767354	0.0252378391	-0.0222035074	-0.0194910084	0.0118043558	0.0100092843	-0.0339349996	-0.027008826	0.0156680514	0.0445021947	0.0486423515	0.0409609621	-0.0067353166	0.0083820866	-0.0246173017	-0.0405296817	0.0108254506	-0.0212175063	-0.0863825404	0.0594879552	0.0600273217	-0.0860821319	0.0	-0.122827	0.0580369999999999	0.015086471929	0.0033682933689999	0.280207	0.0565559999999999	0.0785159628489999	0.0031985811359999	0.809837	-0.0247589999999999	0.0006130080809999	0.655835966569	-8.28304e-05	-0.0007958594	6.3339218456836e-07	6.860875164160001e-09	0.00851139	-0.0020151099999999	4.060668312099995e-06	7.244375973210001e-05	0.00437257	0.00115781	1.3405239961e-06	1.91193684049e-05	0.0	0.0	0.0	0.0	0.0	0.0	0.0	0.0	0.0	0.0	0.0	0.0	0.0	0.0	0.0	0.0	0.0	0.0	0.0	0.0	0.0	0.0	0.0	0.0	0.0	0.0	0.0	0.0	0.0	0.0	0.0	0.0	0.0	0.0	0.0	0.0	0.0	0.0	0.0	0.0	0.0	0.0	0.0	0.0	0.0	0.0	0.0	0.0
5492.897424348416	1.3409056252930895	1.7980278959426514	30171922.114413463	4565.114782744047	-6.780462821704532	45.97467607651738	20840272.97962823	3492.142145808293	-3.3805381109777954	11.428037919773322	12195056.766530553	3554.54289696196	6274.692398183111	0.925754	32.352524	0.20903912	0.136204	0.0009098675	0.0264085848	0.0125496573	-0.0320418332	0.0004568319	-0.0241951227	0.0006995136	0.0057262521	-0.0154494813	0.0032273006	0.0879126908	0.0216417646	-0.0138881112	0.0093164761	0.013452139	-0.0229279957	0.0412193726	-0.0012824678	0.0055430284	-0.00155654	-0.0044013934	-0.0332223642	0.0021334785	0.0189792944	0.0095267992	0.0407628563	0.040665926	-0.0631808961	0.0443118949	-0.0179964402	0.0362964583	-0.0066154453	-0.0045248811	-0.0565055312	-0.0176550511	-0.0696436904	-0.0216036734	-0.0523625022	0.0077531594	0.021784136	-0.0510863504	0.0138776002	0.0562355865	0.0135213874	-0.0125007634	0.0170912974	-0.0026531732	-0.0622262747	-0.0038689909	0.0003856133	0.0117558618	-0.0037324792	0.074653526	0.0490776315	-0.0234734868	-0.0105192494	-0.0326029632	0.0191598057	-0.020882788	0.0096220793	-0.0045666185	-0.0233445152	-0.0196110257	0.0070254461	-0.0256698496	0.0425234954	-0.028767237	0.0818076496	0.0228034601	-0.0109384477	0.0687700556	0.0170535781	0.0147271987	-0.0080894656	-0.0282508103	-0.0101507803	-0.0167192729	0.0113853663	-0.0021892829	-0.012723896	-0.0191803814	-0.004991213	-0.014782105	0.0034096427	0.0032321823	0.0741283912	-0.0249160435	0.0606559119	-0.0804813035	0.0109539912	0.0021843832	0.0031575883	0.02573161	0.0146124079	-0.0355041495	-0.0669637199	-0.0225612856	-0.0851541541	0.0626768518	0.0556274983	-0.0888826032	0.0	-0.129354	-0.0065269999999999	0.016732457316	4.2601728999999887e-05	0.150194	-0.130013	0.0225582376359999	0.0169033801689999	0.790439	-0.019398	0.000376282404	0.624793812721	0.000185552	0.0002683824	7.202911262976e-08	3.4429544704e-08	0.00816997	-0.00034142	1.1656761640000019e-07	6.67484098009e-05	0.00482479	0.0004522199999999	2.0450292839999973e-07	2.32785985441e-05	0.0	0.0	0.0	0.0	0.0	0.0	0.0	0.0	0.0	0.0	0.0	0.0	0.0	0.0	0.0	0.0	0.0	0.0	0.0	0.0	0.0	0.0	0.0	0.0	0.0	0.0	0.0	0.0	0.0	0.0	0.0	0.0	0.0	0.0	0.0	0.0	0.0	0.0	0.0	0.0	0.0	0.0	0.0	0.0	0.0	0.0	0.0	0.0
5480.558659903599	-12.33876444481757	152.24510802469425	30036523.22464433	4546.873502995979	-18.241279748068337	332.74428684728804	20674058.65224693	3493.442444035457	1.3002982271636938	1.6907754795650451	12204140.109788427	3563.8187373625747	6267.604853321872	0.905623	31.648994	0.2466483999999999	0.131113	-0.0287148939	0.0227031467	0.0381670355	-0.0053278488	0.056927398	-0.0305400894	-0.0775196564	-0.0193086442	-0.059425059	0.0411838388	-0.0333086198	0.029381512	0.0502252984	0.0114296451	0.0157183679	-0.0042811653	-0.0031564655	-0.0117408346	0.0122330327	0.0042467629	-0.0111784508	0.0035646035	-0.0234239808	0.0906444927	-0.0095277808	-0.0024046544	-0.0626021995	0.0314393987	0.0147612499	0.005559338	-0.0384437482	-0.0630874825	-0.0278463109	-0.0144969724	0.0361692553	0.0326550301	0.0132818108	0.0597809266	-0.0591913354	0.0482440578	-0.0746312453	0.0458598466	0.0280222469	-0.0857635482	-0.030441515	-0.005081905	-0.030941616	-0.0071911887	0.0178003895	0.02495495	-0.0596161809	-0.0062105884	0.0199468301	-0.078070063	-0.0251141562	0.0310075277	-0.0208539466	-0.0256776729	-0.0066640104	-0.0268535128	0.0525507701	-0.0069107014	-0.0156589226	-0.0021590541	-0.0344659302	0.051356488	-0.0823048902	0.0266248641	-0.0383265951	0.0164201145	-0.0333994858	-0.012156578	0.0045456041	-0.0272390197	-0.0156630896	0.028040537	-0.0427350308	0.0476242728	0.0254514871	0.019398547	-0.0126130188	0.0052162754	-0.021700626	0.0167628741	-0.0245363111	-0.0594593845	-0.017339139	0.0098474661	-0.0125054615	-0.0005184687	0.0120101555	-0.0010241646	0.02707868	-0.0294471709	-0.0424280738	0.0303521195	-0.0239003795	-0.0838550348	0.0657486183	0.051042886	-0.0912218041	0.0	-0.136527	-0.007173	0.018639621729	5.145192900000018e-05	0.26369	0.1134959999999999	0.0695324161	0.0128813420159999	0.8098459999999998	0.0194069999999998	0.0003766316489999	0.6558505437159997	0.00115792	0.000972368	9.45499527424e-07	1.3407787264e-06	0.00885575	0.00068578	4.702942084000006e-07	7.842430806250001e-05	0.00435149	-0.0004732999999999	2.2401288999999945e-07	1.8935465220100003e-05	0.0	0.0	0.0	0.0	0.0	0.0	0.0	0.0	0.0	0.0	0.0	0.0	0.0	0.0	0.0	0.0	0.0	0.0	0.0	0.0	0.0	0.0	0.0	0.0	0.0	0.0	0.0	0.0	0.0	0.0	0.0	0.0	0.0	0.0	0.0	0.0	0.0	0.0	0.0	0.0	0.0	0.0	0.0	0.0	0.0	0.0	0.0	0.0
5482.4884913256365	1.9298314220377504	3.724249317484247	30057680.057518054	4574.059970253392	27.186467257412914	739.1040019383845	20922024.611474454	3492.071043544672	-1.3714004907847084	1.880739306124539	12194560.173163176	3548.571656917013	6203.00918201632	1.000056	34.949162	0.1555264	0.0785575	-0.0053583112	0.0275304736	0.0268927998	-0.0315363437	-0.0088441601	-0.0416025239	0.0744464609	0.0558468177	-0.0099583667	0.0103986733	-0.1023255562	0.0057033416	-0.0809494742	0.0051688147	-0.0321571144	-0.0128495501	-0.0642889868	-0.0186964282	-0.0143313148	-0.0038387873	-0.0051838988	0.1038159011	0.0419277466	-0.0422267936	-0.0531841839	-0.0370918987	-0.0368152906	0.0207434299	0.0111328045	-0.009063722	-0.0311486411	-0.0020165647	-0.0335495862	0.1096115401	-0.0178396031	-0.0003787891	-0.0455560176	-0.0377975351	-0.033909907	-0.1228517732	-0.0109474821	0.0545591705	0.0309896231	0.0176963465	-0.0412923865	0.0150835669	-0.1281744691	-0.0695488904	0.0277734515	-0.0294522437	0.0718297182	-0.0073235002	-0.0842213696	-0.0451460511	0.0147106536	0.0037386199	-0.0066248788	-0.0062265279	-0.0125536714	0.0751475516	-0.0447008655	0.0423195185	-0.030513267	-0.009513533	0.0844384683	0.0223736515	0.0787525283	-0.0113276157	-0.0251887748	-0.0103369301	0.0443786684	-0.0006465329	0.0091892078	-0.004418569	-0.031127721	0.0050900141	-0.0341252982	0.017171623	-0.0079033711	-0.0070699467	0.0189703055	-0.0496699639	-0.0140080821	-0.0110795735	0.0528693651	0.060883818	-0.0218161585	0.0337525202	0.0118622811	0.1040827679	0.0082241676	0.0152319389	-0.0161134654	0.0066301916	0.0135445286	-0.0792952293	-0.02523451	-0.0824862614	0.0686975141	0.0462887143	-0.0930875949	0.0	-0.138574	-0.0020469999999999	0.019202753476	4.190208999999973e-06	0.245936	-0.0177539999999999	0.0604845160959999	0.0003152045159999	0.848133	0.0382870000000001	0.001465894369	0.7193295856890001	0.000194832	-0.000963088	9.27538495744e-07	3.7959508224000006e-08	0.00845504	-0.00040071	1.6056850410000025e-07	7.148770140160001e-05	0.00493646	0.0005849699999999	3.421899008999997e-07	2.43686373316e-05	0.0	0.0	0.0	0.0	0.0	0.0	0.0	0.0	0.0	0.0	0.0	0.0	0.0	0.0	0.0	0.0	0.0	0.0	0.0	0.0	0.0	0.0	0.0	0.0	0.0	0.0	0.0	0.0	0.0	0.0	0.0	0.0	0.0	0.0	0.0	0.0	0.0	0.0	0.0	0.0	0.0	0.0	0.0	0.0	0.0	0.0	0.0	0.0
5493.151980417954	10.663489092317832	113.70999962198138	30174718.67996969	4570.456144269003	-3.6038259843890046	12.987561725757375	20889069.36668628	3494.558892853566	2.487849308893601	6.189394183762369	12211941.85562194	3556.5092084110734	6256.287029226356	1.012929	35.399036	0.4844511999999999	0.252118	-0.0301148198	0.0062076181	-0.0101998453	-0.0282974906	-0.0926866387	-0.0064626267	0.0555220395	0.0394862345	0.038190863	0.0020166058	0.0704833537	0.0125519201	0.0195222481	-0.0223100527	-0.0294030359	-0.0697743221	0.0267229272	0.0058007406	0.0384524831	-0.0172887339	-0.0243686019	0.0066096248	0.0465410684	-0.0336658138	0.0212124945	-0.0051176603	0.0515324818	-0.0264615959	0.0766261978	0.0518039336	-0.0208372009	0.0380186829	0.0530457401	0.035935035	-0.0250804974	-0.088959442	0.0663304623	0.0195659244	0.0561092779	-0.0191186952	-0.0534127876	-0.0406902278	-0.0346408953	0.1057825751	-0.0123503753	-0.0627478276	0.0313505311	-0.059470814	-0.0269200793	0.0098003447	0.0643652716	0.0220204337	0.0359699727	0.0472249442	-0.0174641727	-0.0083879656	-0.0102713607	0.0573705559	-0.037732639	0.0587705314	0.0180490192	-0.0370813432	0.0259687415	-0.020570105	-0.0215481814	-0.0236126663	-0.0895627469	-0.0147338958	-0.0598816077	0.0222348557	0.0647118474	0.0336856604	-0.0370320075	0.0098104517	-0.0422902261	-0.027774196	0.0186646927	-0.0807066399	-0.086603836	-0.0032971481	-0.0234134136	-0.0014540551	0.0154888226	0.0083662952	0.008010897	0.0744582315	-0.0666938734	0.096147331	-0.100929615	0.0192503055	0.0057543593	-0.0018197542	0.0365536774	-0.0030549242	0.028148395	-0.100003645	-0.0265634	-0.0810489711	0.0715180283	0.0413807762	-0.0944702927	0.0	-0.0790542	0.0595198	0.00624956653764	0.0035426065920399	0.191496	-0.0544399999999999	0.036670718016	0.0029637135999999	0.757233	-0.0908999999999999	0.0082628099999999	0.5734018162890001	0.00243249	0.002237658	5.007113324964e-06	5.917007600099999e-06	0.0085410999999999	8.605999999990004e-05	7.406323599982794e-09	7.29503892099983e-05	0.0082045699999999	0.0032681099999999	1.068054297209935e-05	6.731496888489838e-05	0.0	0.0	0.0	0.0	0.0	0.0	0.0	0.0	0.0	0.0	0.0	0.0	0.0	0.0	0.0	0.0	0.0	0.0	0.0	0.0	0.0	0.0	0.0	0.0	0.0	0.0	0.0	0.0	0.0	0.0	0.0	0.0	0.0	0.0	0.0	0.0	0.0	0.0	0.0	0.0	0.0	0.0	0.0	0.0	0.0	0.0	0.0	0.0
5487.699704886303	-5.452275531651139	29.727308473041717	30114848.05100922	4565.2497770501095	-5.20636721889332	27.10625961796696	20841505.52685608	3494.385196564503	-0.1736962890627182	0.0301704008341593	12210727.90196914	3561.758420208609	6278.527435015905	0.912044	31.873396	0.1570342999999999	0.0801434	-0.038246454	-0.0107607468	-0.0158338784	-0.0011428308	-0.0477889549	0.0121848266	-0.1241924147	-0.0333113175	0.0225098814	-0.010466144	0.041756661	0.0171861588	0.0325362596	0.0132438723	-0.0068564844	-0.0043366382	-0.0038739632	0.0056196805	0.0453372415	-0.0021933217	-0.0173959858	-0.0871457074	-0.0051709162	0.0607060412	0.0463580798	0.0233987843	0.0115923239	0.005602985	0.0792982114	0.0032059569	-0.0698520819	0.0187333818	0.0403321041	0.0413217632	-0.0623772122	-0.034700948	0.046305249	-0.0027139411	0.0014889269	0.0328097522	-0.0856246502	-0.0200770835	0.0962065803	0.0077939034	0.0232457451	-0.1408580012	-0.0935291911	0.0911860169	-0.0286002031	0.0542690863	-0.0689480789	0.0117443197	0.0739109474	-0.0122996958	0.0002821501	0.0335557116	-0.0265754484	0.0211727717	-0.0348528748	0.0195053135	0.0629414104	-0.0290978626	0.0748000818	0.0150534592	0.0478657455	0.0681594248	-0.0717315323	0.0338791885	-0.0484178603	0.0229317777	0.0542838483	0.0751520909	-0.0327224803	-0.0169140592	-0.0142961794	-0.0206215413	0.0151597095	-0.0648571774	-0.0685636036	0.0107704683	-0.0237979854	-0.001453224	0.0032841568	0.0314099987	0.0008357579	0.0072072518	-0.0444062787	0.0536435447	-0.0597020936	0.0739504784	0.0186888885	-0.0011053158	0.0668924376	-0.0255818125	-0.0846044824	-0.0466474827	-0.0278867734	-0.0795443577	0.0742048901	0.0363353752	-0.095362722	0.0	-0.0834514999999999	-0.0043972999999998	0.0069641528522499	1.933624728999908e-05	0.167408	-0.024088	0.028025438464	0.0005802317439999	0.736496	-0.020737	0.000430023169	0.542426358016	0.00300359	0.0005711	3.261552100000002e-07	9.0215528881e-06	0.00815336	-0.0003877399999999	1.5034230759992274e-07	6.64772792896e-05	0.00700717	-0.0011973999999999	1.433766759999762e-06	4.91004314089e-05	0.0	0.0	0.0	0.0	0.0	0.0	0.0	0.0	0.0	0.0	0.0	0.0	0.0	0.0	0.0	0.0	0.0	0.0	0.0	0.0	0.0	0.0	0.0	0.0	0.0	0.0	0.0	0.0	0.0	0.0	0.0	0.0	0.0	0.0	0.0	0.0	0.0	0.0	0.0	0.0	0.0	0.0	0.0	0.0	0.0	0.0	0.0	0.0
5477.3800738600685	-10.319631026234674	106.49478451762532	30001692.47351933	4559.028052882144	-6.221724167965476	38.7098516222457	20784736.786966357	3495.757136042668	1.3719394781651315	1.8822179317480137	12220317.954193238	3555.0166525551303	6244.971451019309	0.8282699999999998	28.945721	0.3378799999999999	0.168666	-0.0445596386	0.0127717277	0.01150585	-0.0101294538	-0.0452563777	-0.007073744	0.0408701098	0.0193859392	-0.0036295269	0.0538613037	-0.0791746511	0.016796215	-0.0292586419	0.0349776841	-0.0010921642	0.0259589794	-0.1042524423	-0.0069629912	0.0164437792	0.0072601068	0.0268795054	0.0382367242	0.0454796659	-0.0457632843	-0.0270214065	-0.0444614683	-0.0304609556	0.0198628329	0.0491422235	-0.0541023735	-0.0172362857	0.0123852193	0.0128059865	0.0452327848	-0.0458215292	-0.0617592038	-0.0211668264	-0.0919784488	-0.0117038174	-0.0402507676	0.0853402403	-0.0923362274	-0.0364474137	0.0125479608	0.0017769326	0.0295361026	-0.1275970789	0.0169581154	-0.0046621479	0.0117762985	0.0229615883	-0.026589555	-0.0777110067	-0.025795221	-0.0017026316	0.0238249345	-0.012683609	-0.0063090026	-0.0154593228	0.1125372048	-0.0404234536	0.0006252635	0.0041898225	0.0309597585	0.041208252	0.029559122	0.1080471628	-0.0046465595	-0.0580260831	0.037176698	0.0349547989	-0.0281270771	-0.0284526067	-0.011474223	-0.0307891929	0.009947539	-0.0011933089	-0.0457182753	-0.0466624196	-0.0024409769	0.0228817983	-0.0215835577	0.0078184434	-0.0012423792	0.0357544058	0.0146480406	-0.0400447878	0.0137847595	0.0090782675	0.0774618411	-0.0088788412	0.0284861208	0.0074528859	0.0037536503	0.0169632193	-0.0278913856	-0.0292043556	-0.0779736709	0.0767530781	0.0311692719	-0.0957602511	0.0	-0.124103	-0.0406515000000001	0.015401554609	0.00165254445225	0.287276	0.1198679999999999	0.0825275001759999	0.0143683374239999	0.789162	0.0526659999999999	0.0027737075559999	0.6227766622440001	0.00247299	-0.0005306	2.8153636e-07	6.1156795401e-06	0.00992227	0.00176891	3.129042588100001e-06	9.84514419529e-05	0.00681279	-0.00019438	3.7783584400000036e-08	4.64141075841e-05	0.0	0.0	0.0	0.0	0.0	0.0	0.0	0.0	0.0	0.0	0.0	0.0	0.0	0.0	0.0	0.0	0.0	0.0	0.0	0.0	0.0	0.0	0.0	0.0	0.0	0.0	0.0	0.0	0.0	0.0	0.0	0.0	0.0	0.0	0.0	0.0	0.0	0.0	0.0	0.0	0.0	0.0	0.0	0.0	0.0	0.0	0.0	0.0
5478.751303291015	1.3712294309461868	1.8802701522930032	30016715.84331299	4558.722067289946	-0.3059855921983399	0.0936271826329687	20781946.88679632	3489.213478690905	-6.543657351763159	42.81945153728403	12174610.699878288	3549.705862737366	6223.802389123079	0.7598399999999998	26.554308	0.223526	0.134561	-0.0582152458	0.0139036758	0.0196384664	0.0081228322	-0.0247108929	-0.0118907618	0.0178977141	0.0136799738	0.0045277889	0.0336398815	0.051690915	0.0222162619	-0.0244436908	0.0028838084	-0.0237431069	0.005877305	0.0450605544	0.0084598451	0.0163910812	0.0061358541	-0.0166394101	0.0036077337	-0.0257584384	-0.0001868019	-0.0163443934	0.0528223862	0.030376687	-0.0414325043	0.0821881419	0.0342675143	0.0221465151	0.022211551	0.0331215796	-0.1003747654	-0.0352060199	-0.0746459378	-0.0028949743	-0.042106278	-0.0182825741	0.0759469906	-0.0278987705	-0.024520595	0.0310668388	-0.0013002552	0.0565211176	-0.0437289357	-0.0370601538	-0.0755369677	-0.0223674183	0.0060279193	0.0286292588	0.00598181	0.0605836833	0.0506011562	-0.0525823482	0.0071969219	-0.0009193125	-0.0303251279	-0.0098041626	0.0442717646	-0.0113200809	-0.059592648	0.0100491619	-0.018736239	-0.0467716926	0.0043521745	-0.0689008706	0.0405840565	0.0272396301	0.0022044426	0.0472271951	-0.0076398408	-0.0316032829	-0.0195244246	-0.0298635944	0.0290485559	-0.0018699888	-0.0377246652	-0.0269135254	0.0016445414	-0.0090275028	0.0078602266	-0.0080033536	0.0012174491	-0.0011227858	0.0427369887	-0.0201097535	0.0272797064	-0.067021257	-0.0053509091	-0.0145808179	-0.0157459251	0.04005921	0.0022225887	-0.0404761256	-0.0402754587	-0.0305158728	-0.0763382156	0.0791578303	0.0258996273	-0.0956608172	0.0	-0.153695	-0.0295919999999999	0.023622153025	0.0008756864639999	0.163024	-0.1242519999999999	0.026576824576	0.0154385595039999	0.807192	0.0180299999999999	0.0003250808999999	0.651558924864	0.00261857	0.00014558	2.1193536400000052e-08	6.856908844900001e-06	0.0106367	0.00071443	5.104102249000004e-07	0.00011313938689	0.00663976	-0.00017303	2.9939380900000084e-08	4.40864128576e-05	0.0	0.0	0.0	0.0	0.0	0.0	0.0	0.0	0.0	0.0	0.0	0.0	0.0	0.0	0.0	0.0	0.0	0.0	0.0	0.0	0.0	0.0	0.0	0.0	0.0	0.0	0.0	0.0	0.0	0.0	0.0	0.0	0.0	0.0	0.0	0.0	0.0	0.0	0.0	0.0	0.0	0.0	0.0	0.0	0.0	0.0	0.0	0.0
5476.983678504193	-1.7676247868212158	3.1244973869847485	29997350.214601327	4555.188628329044	-3.533438960901549	12.485190890417018	20749743.43965824	3489.0434584084537	-0.1700202824513326	0.0289068964448309	12173424.254662825	3549.1532700128178	6204.23679314737	0.766858	26.799536	0.1806755	0.105048	-0.0432646993	0.031733512	0.0301227494	-0.0019689831	-0.0591487264	-0.0241758812	-0.0746229381	-0.02188392	-0.0168209408	0.029992199	-0.067213444	0.0331151504	0.0105639487	-0.0236637708	-0.0145695977	-0.0448609049	-0.0217390309	-0.0028587551	0.0175592031	-0.0057146685	0.0029613274	-0.0134075384	-0.0195219072	0.0489325971	-0.0351922101	0.0213836556	-0.0654237292	0.0634615812	0.0403866543	-0.0595941956	-0.024527808	0.0223917577	-0.0129457663	-0.0600324113	-0.0261864056	-0.0099392856	0.0159140563	0.0063565307	-0.0342909115	0.0676066566	0.0108309848	0.0030304298	0.0113460783	0.057540565	0.0003893862	0.0857545642	-0.0878631766	0.050312087	0.0116699141	0.0320705785	-0.069346074	0.0031467767	-0.0221247152	-0.0774453913	-0.0005574166	0.0359084572	0.0034478344	-0.0271647065	0.007526257	0.0333397652	0.0147087035	-0.062852057	0.0329436078	-0.000833858	-0.0618212407	-0.0007747533	-0.0472532256	0.0055778791	0.0110736897	0.0719076747	-0.0060361855	-0.0042596428	-0.0225601408	-0.0053987618	-0.0434373615	0.0224024483	-0.0052537268	-0.0365635486	-0.0342167705	-0.0041862221	-0.0040409944	0.0042470781	0.0137581057	0.0186629407	-0.0295408542	-0.0131158024	-0.0246827834	0.0375081707	-0.03202728	0.01754053	0.0341099874	0.0173327712	0.0333198963	-0.0262349313	-0.0211943572	-0.0010384644	-0.0318210527	-0.07463935	0.0814146528	0.0205439468	-0.0950649363	0.0	-0.152095	0.0015999999999999	0.023132889025	2.559999999999969e-06	0.248327	0.0853029999999999	0.0616662989289999	0.0072766018089999	0.825509	0.018317	0.000335512489	0.6814651090810001	0.00164547	-0.0009731	9.469236100000004e-07	2.7075715209e-06	0.0108053	0.0001685999999999	2.8425959999999884e-08	0.00011675450809	0.00700717	0.00036741	1.3499010810000022e-07	4.91004314089e-05	0.0	0.0	0.0	0.0	0.0	0.0	0.0	0.0	0.0	0.0	0.0	0.0	0.0	0.0	0.0	0.0	0.0	0.0	0.0	0.0	0.0	0.0	0.0	0.0	0.0	0.0	0.0	0.0	0.0	0.0	0.0	0.0	0.0	0.0	0.0	0.0	0.0	0.0	0.0	0.0	0.0	0.0	0.0	0.0	0.0	0.0	0.0	0.0
5485.586759320562	8.603080816368674	74.0129995329707	30091662.094033062	4582.843803369257	27.65517504021318	764.8087065048301	21002457.32608	3493.259482296675	4.216023888221116	17.7748574260511	12202861.810655631	3552.858542501083	6241.7282580711135	0.847284	29.610231	0.0647819999999999	0.0309524	-0.0507538224	0.0139167994	0.0233377072	-0.0060294465	-0.032650659	-0.0194582283	0.0768351886	0.0470509907	0.0327672115	0.00375403	-0.0309666692	0.0023271851	-0.0462683232	0.0145849985	-0.0295308623	-0.0257297994	-0.0147470682	-0.0228903867	0.0181119349	0.0100943472	-0.0055074867	0.0753269729	0.0038195355	-0.0517253262	-0.0125199471	0.0110144651	-0.0212871799	-0.0254337356	0.0357183016	0.0049136752	0.007949764	-0.0175273875	-0.0158180346	0.0655532058	-0.0231114809	0.0343975031	-0.0039829766	-0.0690416964	0.0429366255	-0.0636510658	-0.0281253341	-0.057980496	0.0104476035	-0.021563461	0.0004873925	0.0099289681	0.0593918398	-0.0048280213	0.0020634778	-0.0080995637	0.1013985417	-0.009340353	-0.0337495674	0.0106012293	-0.0215867717	-0.0149318155	0.0001131818	-0.0115544797	-0.0051870136	0.0768836843	-0.0353257247	0.0367503282	-0.0370863444	-0.0228901661	0.10696039	-0.0104660443	0.0060810056	-0.0333687342	-0.0589369665	-0.0314948823	-0.007223269	-0.0144227997	-0.0255638536	-0.0067314964	-0.038843149	0.0419572839	-0.0073150402	-0.0311101942	-0.0147337764	-0.0066327482	0.0331520473	-0.027908412	3.77131e-05	-0.0132261183	0.0621722706	0.0579868659	-0.0232946354	-0.0098934443	0.0185356556	0.0589290662	-0.0253504284	0.0170329326	-0.0139461915	-0.0126525587	-0.0026380281	-0.0463650268	-0.0331196242	-0.0728784856	0.0835193281	0.0151200214	-0.0939757006	0.0	-0.156405	-0.0043099999999999	0.0244625240249999	1.857609999999983e-05	0.241721	-0.006606	0.0584290418409999	4.363923600000001e-05	0.844852	0.019343	0.000374151649	0.7137749019040001	0.00171519	6.97199999999999e-05	4.860878399999986e-09	2.9418767360999995e-06	0.0110905	0.0002851999999999	8.133903999999964e-08	0.00012299919025	0.00667163	-0.00033554	1.1258709160000033e-07	4.451064685689999e-05	0.0	0.0	0.0	0.0	0.0	0.0	0.0	0.0	0.0	0.0	0.0	0.0	0.0	0.0	0.0	0.0	0.0	0.0	0.0	0.0	0.0	0.0	0.0	0.0	0.0	0.0	0.0	0.0	0.0	0.0	0.0	0.0	0.0	0.0	0.0	0.0	0.0	0.0	0.0	0.0	0.0	0.0	0.0	0.0	0.0	0.0	0.0	0.0
5475.029740376881	-10.557018943681214	111.450648977244	29975950.658011336	4545.10496196108	-37.738841408177	1424.2201508315345	20657979.115243237	3488.264368739984	-4.99511355669074	24.95115944423561	12167988.30622096	3552.913435524645	6221.343073838546	0.866484	30.281199	0.0858424999999999	0.0490278	-0.0463800362	0.0372847387	0.0274210536	-0.0083294751	-0.0425573024	-0.020349075	-0.0909590537	-0.0306961253	-0.0058928674	0.0486517261	0.0739702397	0.0749631784	0.0272005146	0.0098368014	0.006820744	-0.0562969813	0.0240294801	-0.0019281495	0.0293162162	-0.0078095056	0.0135612736	-0.0782980689	-0.0306290271	0.0541571132	0.0254666672	0.0452350085	-0.024071453	-0.0749223676	0.0746000248	0.0021045207	0.0133146064	-0.0048594263	0.037716486	0.0623858526	0.0014577441	-0.0974410204	0.0753901175	0.0034207287	0.0082504848	0.0085099212	-0.0375061492	-0.0452341688	0.1134309123	0.0783829144	0.0826814787	0.0057155541	-0.0964658801	-0.0125555285	-0.0099809507	0.0348465834	-0.055988906	-0.0070952597	0.075939943	0.0194919883	-0.0486924585	0.0421413926	-0.0397127615	-0.0040316877	-0.0206138044	0.0380533444	0.0348484098	-0.0310451781	0.0159255295	-0.017941397	0.0349708647	0.0610242106	-0.0335363272	0.0148368159	0.0448556734	0.0203786741	0.048711468	0.0994336761	-0.0158723422	-0.0163465883	-0.0448776367	0.0271621937	-0.0045173119	-0.0318329255	-0.0269513616	-0.0095557667	-0.0053982607	0.0230960572	0.0106179069	0.0082448728	-0.0261723584	0.0313417948	-0.0167699655	0.033846899	-0.0698064674	-0.0269331853	0.0273831983	-0.007373828	0.0258648772	0.0241307237	-0.0010336868	-0.0180521541	-0.0344113177	-0.0710570848	0.0854679228	0.0096458687	-0.0923987632	0.0	-0.1644	-0.007995	0.0270273599999999	6.392002500000003e-05	0.197714	-0.0440069999999999	0.039090825796	0.0019366160489999	0.838767	-0.006085	3.7027225000000087e-05	0.7035300802890001	0.00196541	0.00025022	6.26100484e-08	3.862836468099999e-06	0.010885	-0.0002054999999999	4.2230249999999625e-08	0.000118483225	0.00657224	-9.938999999999956e-05	9.878372099999913e-09	4.31943386176e-05	0.0	0.0	0.0	0.0	0.0	0.0	0.0	0.0	0.0	0.0	0.0	0.0	0.0	0.0	0.0	0.0	0.0	0.0	0.0	0.0	0.0	0.0	0.0	0.0	0.0	0.0	0.0	0.0	0.0	0.0	0.0	0.0	0.0	0.0	0.0	0.0	0.0	0.0	0.0	0.0	0.0	0.0	0.0	0.0	0.0	0.0	0.0	0.0
5482.948032549434	7.918292172553265	62.69935092991831	30062719.12763771	4554.009899376682	8.904937415602035	79.29791037578904	20739006.163620826	3493.705146859976	5.440778119992046	29.602066550984187	12205975.653195888	3547.68449721517	6229.037016062196	0.8923529999999998	31.185255	0.1140205	0.0657516	-0.0349068139	0.0117756124	0.0152487314	0.0095362661	-0.0310598878	-0.0203590292	0.0087464879	0.0320955579	0.021291108	0.0285822369	-0.0950973477	0.0079645055	-0.0090631327	-0.0270822328	-0.0027670477	-0.0222414416	0.0190605717	-0.0160852698	0.0135305972	-0.0094466105	-0.0081627457	0.0263255431	0.0403406542	-0.0095055727	0.0065701633	0.0149538633	-0.0740192012	0.0678015047	0.0188779864	-0.0485486907	-0.0615226754	0.0043281861	0.0305441606	-0.0279553054	0.0098524474	0.0306389027	0.0297369819	-0.0151578134	0.0642983708	0.0650352153	0.0395280526	0.0188269992	0.0585684404	-0.0283237511	-0.104367038	-0.0437825314	-0.0154045709	0.037917803	0.0127543455	0.0140303067	0.031030709	0.0022212912	-0.0637284744	-0.0620271987	0.0147133181	0.0548405183	-0.0019416811	-0.0109292114	0.0379341214	0.033998782	0.019677548	0.0023845186	0.038955166	-0.0102576033	-0.0268315003	0.0364654175	-0.0287207848	0.0761542507	0.0271483874	0.0668732049	-0.0114576507	-0.0389126958	-0.0143119615	-0.0114573354	-0.0265352565	0.0269302534	-0.0034035865	-0.0216310005	-0.0167312293	0.0020906197	-0.0067649593	0.0092195831	0.0123356702	0.0195758433	-0.0102936824	-0.0172955926	-0.0090841009	0.0324060387	-0.0025128358	0.0398641598	0.0151267102	-0.0066067764	0.0220413585	-0.0458885843	-0.0502117556	0.0163081338	-0.0356958649	-0.0691766606	0.0872567955	0.0041396735	-0.0903423075	0.0	-0.170774	-0.006374	0.029163759076	4.062787600000024e-05	0.238112	0.0403979999999999	0.056697324544	0.0016319984039999	0.8384009999999998	-0.0003660000000001	1.3395600000014605e-07	0.7029162368009997	0.00108637	-0.00087904	7.727113215999999e-07	1.1801997768999998e-06	0.0104264	-0.0004586	2.1031396000000003e-07	0.00010870981696	0.00657225	9.999999999940612e-09	9.999999999881223e-17	4.31944700625e-05	0.0	0.0	0.0	0.0	0.0	0.0	0.0	0.0	0.0	0.0	0.0	0.0	0.0	0.0	0.0	0.0	0.0	0.0	0.0	0.0	0.0	0.0	0.0	0.0	0.0	0.0	0.0	0.0	0.0	0.0	0.0	0.0	0.0	0.0	0.0	0.0	0.0	0.0	0.0	0.0	0.0	0.0	0.0	0.0	0.0	0.0	0.0	0.0
5436.4112173884205	-46.53681516101369	2165.6751653303536	29554566.924546648	4548.618353811748	-5.391545564933949	29.068763578758936	20689928.9286331	3479.566826672676	-14.138320187299996	199.8920977186146	12107385.301280957	3542.23875383371	6085.3127414787	1.759257	61.481144	0.8846535	0.450456	0.0601088225	0.1428606045	-0.0126397332	-0.1425855653	-0.0038738949	-0.056785939	0.0678211118	-0.0002879004	0.0346504189	0.0982970976	0.0646615442	0.0707853248	-0.0475285658	0.0643472288	0.0468527469	-0.0772898946	-0.0053873144	0.0104724699	-0.0432903692	0.025161025	0.0102873552	0.017107291	0.1009990761	-0.0281736787	-0.1703804072	-0.0473724198	-0.0233760045	-0.2714867691	-0.019105733	0.0405532052	0.083877296	0.1104108239	0.1413824522	0.0286105279	0.0300354459	0.03929525	0.0717883698	-0.042588005	-0.0414441483	0.020215426	-0.0176986586	-0.0655787479	-0.0482773491	0.0050511251	0.1463104954	-0.0901853418	-0.0837947009	0.0098493596	-0.0265067346	-0.0468551851	0.0366600454	-0.0711884602	-0.0033774168	0.0822968638	0.0223462942	-0.050637571	-0.1379107649	-0.0390369015	-0.0900023009	0.1679632278	-0.0966982123	0.097330396	-0.0653226518	-0.1493265893	-0.0403960023	-0.1004607805	-0.0320648044	-0.1048331982	-0.0194704482	-0.0458621053	-0.1258927529	0.0627275262	0.0811406906	-0.0731136891	-0.1128950354	-0.0901682016	-0.0138997288	-0.0353806824	0.000514576	-0.1006524997	0.0663607926	-0.0179640889	0.0776899279	-0.0250106425	0.0292236286	0.110871578	-0.048486945	0.035128253	0.0195915096	0.118598875	0.2745410161	0.0669924051	-0.0766025023	0.0411302507	0.0538308924	-0.0792048714	-0.0369729991	-0.067238775	0.0888826032	-0.0013802733	-0.0878170061	0.0	-0.124651	0.046123	0.0155378718009999	0.002127331129	0.169282	-0.06883	0.0286563955239999	0.0047375689	0.761221	-0.0771799999999998	0.0059567523999999	0.5794574108410001	-0.00585834	-0.00694471	4.82289969841e-05	3.43201475556e-05	0.00530223	-0.00512417	2.6257118188900008e-05	2.81136429729e-05	0.00479072	-0.00178153	3.1738491409e-06	2.29509981184e-05	0.0	0.0	0.0	0.0	0.0	0.0	0.0	0.0	0.0	0.0	0.0	0.0	0.0	0.0	0.0	0.0	0.0	0.0	0.0	0.0	0.0	0.0	0.0	0.0	0.0	0.0	1.0	0.0	0.0	0.0	0.0	0.0	0.0	0.0	0.0	0.0	0.0	0.0	0.0	0.0	0.0	0.0	0.0	0.0	0.0	0.0	0.0	0.0
5505.82485883269	69.41364144426916	4818.253618553561	30314107.37614001	4546.373766301352	-2.244587510396741	5.03817309182904	20669514.422913138	3498.4910658303284	18.92423915765221	358.1268276960172	12239439.737694629	3555.047086603399	6276.485027913256	1.783102	62.314438	0.8306085	0.413231	-0.0019542194	0.097786386	-0.0774293442	-0.0535916608	-0.0838682225	0.0690606566	-0.1006427394	-0.0903734636	0.0857356836	0.0243326654	0.0727164687	-0.0515827995	-0.0352939875	-0.0499278507	-0.0076020518	-0.0285637079	-0.0201467234	0.0131926334	0.0629495625	0.0742895878	0.1150899882	-0.1466485043	0.0475247356	0.0026624123	0.0082453929	-0.1267178852	0.0122014305	-0.1420521774	-0.0221953209	-0.0155456188	0.1154422342	0.0061470724	0.0789613487	0.0028882425	-0.0793733168	0.0115095741	-0.0441091513	-0.0263869961	0.0275000881	0.040755277	0.1538500866	-0.0823338458	0.016178198	-0.1551400188	0.0975337362	0.0034871834	-0.0413919446	-0.0374882293	-0.0835341628	0.079589117	-0.0909746484	-0.0884750457	0.0657850745	0.0705579774	0.000878255	-0.0755216636	-0.0570803441	0.1000252248	-0.0133679471	0.0943518303	0.0168779523	0.0168329206	-0.0104387099	-0.0623637177	-0.0233673943	-0.122839951	0.0462995944	0.0578715673	0.121813525	0.0351716815	0.0159996523	0.0032093193	0.0192766877	-0.0731146738	-0.0743983691	-0.0627048052	0.0488784505	-0.0926475579	0.0235935	-0.0645910337	0.0815753995	0.0864126321	0.1233459273	0.0077485727	-0.0203162591	0.0825443392	-0.000331821	-0.0691473825	0.0314367376	-0.0661412417	0.008021325	0.0873369798	-0.0782229495	0.0497393541	0.1164972882	0.0637328234	-0.038242455	-0.0652450377	0.0903423075	-0.006895635	-0.0848359644	0.0	-0.17311	-0.048459	0.0299670721	0.002348274681	0.247028	0.077746	0.0610228327839999	0.006044440516	0.55484	-0.206381	0.042593117161	0.3078474256	-0.00105599	0.00480235	2.3062565522500005e-05	1.1151148800999998e-06	0.00931171	0.00400948	1.6075929870400007e-05	8.670794312410001e-05	0.00593934	0.00114862	1.319327904400001e-06	3.5275759635600005e-05	0.0	0.0	0.0	0.0	0.0	0.0	0.0	0.0	0.0	0.0	0.0	0.0	0.0	0.0	0.0	0.0	0.0	0.0	0.0	0.0	0.0	0.0	0.0	0.0	0.0	0.0	0.0	1.0	0.0	0.0	0.0	0.0	0.0	0.0	0.0	0.0	0.0	0.0	0.0	0.0	0.0	0.0	0.0	0.0	0.0	0.0	0.0	0.0
5507.462066889587	1.6372080568971796	2.6804502215690387	30332138.41822772	4584.443333602978	38.06956730162619	1449.2919545330462	21017120.679016784	3495.2038098457533	-3.28725598457504	10.806051908124417	12216449.67236027	3558.517217360148	6351.989757199646	1.306255	45.649967	0.2882186149999999	0.158795	-0.006995824	0.0145505833	-0.0425794302	-0.0145593627	-0.0397885876	0.0471987243	-0.0348586738	-0.0170202036	0.0862573673	-0.0027574617	-0.0730406838	-0.0226210432	0.0184030459	-0.0310587788	0.0302878583	-0.0454595786	0.0381925961	0.0121833861	0.0686821397	0.0237055492	0.0049530064	-0.0415391773	0.0560353008	0.0112928998	0.0147104795	0.0357667162	-0.0380891202	0.0905051001	-0.0553762619	-0.0877519188	-0.0509887446	-0.0522088359	0.0413413122	-0.0717274341	-0.0757067827	-0.0295473791	0.0552687994	0.0613033164	-0.0070604053	0.0889263189	0.051199807	-0.0473910367	-0.053584237	0.0166850386	-0.0332958088	0.0051526267	0.0826067468	-0.0550187054	-0.0435458406	0.0687260373	-0.0303428078	-0.0236324096	-0.0610051554	-0.0470756433	0.0657207158	0.0292848511	0.0145626864	0.0372999234	0.0748765529	-0.0255570744	0.0281344121	-0.0127547078	0.0774452846	0.0888438725	-0.1271793136	-0.048214861	-0.0695376928	0.0306736726	0.0167381359	0.0936190147	-0.0032746443	0.0215767324	-0.0044942772	-0.0298382495	-0.030573778	-0.0134447258	0.0331634336	-0.0559642882	0.0157311329	-0.0270094525	0.0199122208	0.0758628038	0.0584011822	0.0167111218	-0.0365992633	-0.0145955979	0.0443741548	-0.0317753914	0.0079061782	-0.0659736419	-0.0159509901	0.0034327772	-0.0028913312	-0.0290084891	0.0369048477	0.1105835294	-0.0395039689	-0.0631971047	0.0916331806	-0.0123880901	-0.0814146528	0.0	-0.182192	-0.0090819999999999	0.0331939248639999	8.248272399999961e-05	0.225493	-0.021535	0.050847093049	0.0004637562249999	0.697789	0.142949	0.0204344166009999	0.4869094885209999	-6.66177e-05	0.0009893723	9.7885754800729e-07	4.437917953289999e-09	0.0105472	0.0012354899999999	1.526435540099997e-06	0.0001112434278399	0.00587115	-6.819000000000009e-05	4.649876100000012e-09	3.44704023225e-05	0.0	0.0	0.0	0.0	0.0	0.0	0.0	0.0	0.0	0.0	0.0	0.0	0.0	0.0	0.0	0.0	0.0	0.0	0.0	0.0	0.0	0.0	0.0	0.0	0.0	0.0	0.0	0.0	0.0	0.0	0.0	0.0	0.0	0.0	0.0	0.0	0.0	0.0	0.0	0.0	0.0	0.0	0.0	0.0	0.0	0.0	0.0	0.0
5479.545855106369	-27.91621178321748	779.3148803254503	30025422.778213397	4565.679243607955	-18.764089995022918	352.09107334131903	20845426.95551251	3489.3127971003605	-5.8910127453928	34.70403116638041	12175303.79600834	3557.8020854969104	6247.334338578187	0.880994	30.788275	0.1501968149999999	0.0742890999999999	-0.0103706421	0.0471515838	-0.0108835892	-0.0211997314	-0.0561396372	0.0159045626	0.0628141862	-0.0009998694	0.0490644669	0.0065912651	0.0647051039	-0.0054616459	-0.0512139516	0.0319920962	0.0015167561	0.0018854398	-0.0737183669	-0.0012891855	0.0192860936	0.0078069758	0.0253918708	-0.0059208873	0.0418696078	-0.039168646	0.0060825164	0.0563477967	0.0685290358	-0.1015888109	0.0245878008	-0.0366316845	0.0024576744	-0.0249921699	0.0247360971	0.0179522529	-0.0626793957	0.0368529242	0.0112659479	-0.0349832671	-0.0172133154	-0.0072374293	0.0400992367	0.0097249994	-0.0646483122	-0.0006847161	-0.0581551721	0.0082529543	-0.0432570671	0.0332431911	-0.0341779945	0.0031336988	0.0616300406	-0.0362568849	0.0085386051	0.0829720886	-0.0018230025	-0.0231649941	-0.0579808087	-0.0030284487	0.0005358806	0.0303729577	0.0131842786	0.0068699016	0.0235118323	0.0282134851	-0.0045880694	-0.0736325296	0.063664728	-0.0331524616	-0.0674766891	0.0136635201	-0.0350488498	0.0070720788	0.0049937783	-0.0221919838	-0.050017483	-0.006640131	0.0224664727	-0.0451876134	0.0078286985	-0.0355695877	0.0488342705	0.06154669	0.0661982171	0.0382249147	-0.0463139946	-0.0376946533	0.0197809282	-0.033994743	0.0338350671	-0.0199770666	0.0581005924	0.0318839534	0.0099071214	-0.025748309	-0.0167150017	0.03555739	-0.040757279	-0.0610966773	0.0927528101	-0.0178393932	-0.077570827	0.0	-0.174156	0.0080359999999999	0.030330312336	6.45772959999998e-05	0.247635	0.0221419999999999	0.061323093225	0.0004902681639999	0.748992	0.051203	0.002621747209	0.560989016064	-0.000326844	-0.0002602263	6.771772721169e-08	1.06827000336e-07	0.0112918	0.0007445999999999	5.544291599999996e-07	0.0001275047472399	0.00624264	0.0003714899999999	1.3800482009999966e-07	3.89705541696e-05	0.0	0.0	0.0	0.0	0.0	0.0	0.0	0.0	0.0	0.0	0.0	0.0	0.0	0.0	0.0	0.0	0.0	0.0	0.0	0.0	0.0	0.0	0.0	0.0	0.0	0.0	0.0	0.0	0.0	0.0	0.0	0.0	0.0	0.0	0.0	0.0	0.0	0.0	0.0	0.0	0.0	0.0	0.0	0.0	0.0	0.0	0.0	0.0
5491.888471658714	12.342616552344223	152.34018335820164	30160838.98513788	4542.407161365856	-23.272082242098804	541.5898118830105	20633462.81962781	3493.438877203526	4.12608010316535	17.024537017736986	12204115.188757032	3553.338643675142	6291.023106854114	0.821038	28.693007	0.1257389499999999	0.0649166	-0.0169471458	0.0221103159	-0.0145099212	-0.009398504	-0.0442897185	0.0180675048	-0.092658085	-0.0535413435	0.0342254196	0.0238102899	-0.0025332103	-0.002082281	0.0416199905	-0.0190101361	0.0058593818	-0.0664478001	0.0267227243	-0.0102650438	0.0525455118	0.0320742933	0.0013508639	-0.0991675513	-0.0410516124	0.0463815991	0.0242110265	-0.008217814	-0.0499064348	0.0016058687	0.0133801888	-0.0285801346	-0.0608534255	0.0025006481	0.0666273113	0.0551475758	-0.004557854	0.0817633253	0.0129116397	0.0702390704	-0.0168018067	0.0219672453	-0.0097092197	-0.0712754136	-0.069315645	-0.0144498177	-0.0013183232	0.067847288	0.0929578049	0.0347982522	-0.0265779589	0.0643343571	-0.0796846349	-0.02590325	0.046913351	-0.0318362793	0.0103669612	0.008318189	-0.0045550574	0.0120047838	-0.0285294303	0.0251074021	0.0458245753	-0.0101821292	0.0557932751	-0.0229439871	0.0561853561	-0.0773966814	-0.056989073	-0.0328741962	0.0475371655	-0.0099347237	-0.035249644	0.030078449	-0.0044569423	-0.0179171293	-0.0417878387	0.0137103143	0.0254768089	-0.052919221	0.0132865855	-0.0346919441	0.048146501	0.0404591784	0.0409932057	-0.0075109038	0.0230925806	0.073928919	0.0288454159	-0.0616376717	0.0082433557	-0.0511813249	-0.0474098985	0.0427244872	-0.0398212985	0.0014910285	0.028929639	0.0441283727	-0.0420021249	-0.0589455001	0.0936991036	-0.0232314356	-0.073324435	0.0	-0.183473	-0.0093169999999999	0.033662341729	8.680648899999984e-05	0.195806	-0.0518289999999999	0.038339989636	0.0026862452409999	0.7737039999999998	0.0247119999999998	0.0006106829439999	0.5986178796159998	0.000283365	0.000610209	3.72355023681e-07	8.0295723225e-08	0.0113962	0.0001044	1.0899360000000213e-08	0.00012987337444	0.00615963	-8.300999999999968e-05	6.890660099999947e-09	3.79410417369e-05	0.0	0.0	0.0	0.0	0.0	0.0	0.0	0.0	0.0	0.0	0.0	0.0	0.0	0.0	0.0	0.0	0.0	0.0	0.0	0.0	0.0	0.0	0.0	0.0	0.0	0.0	0.0	0.0	0.0	0.0	0.0	0.0	0.0	0.0	0.0	0.0	0.0	0.0	0.0	0.0	0.0	0.0	0.0	0.0	0.0	0.0	0.0	0.0
5480.451652715041	-11.436818943672732	130.8008275503515	30035350.317747023	4556.047679919375	13.640518553518632	186.06374640888603	20757570.46169872	3487.7422463441508	-5.696630859375091	32.451603147984585	12164345.976933744	3547.598428633049	6257.84284609221	0.817721	28.577089	0.1681856999999999	0.0828524	-0.0061682362	0.0338322244	-0.0256201221	-0.0002806366	-0.044238516	0.0297761891	0.0911736578	0.0091733808	0.0748158157	0.0262978304	0.0069163225	-0.038373297	-0.0148604901	0.0623746945	0.0247267297	-0.0143828968	-0.0161019619	0.0209282157	0.0158438979	0.0045194723	0.0006333831	0.0145928287	0.0569192129	-0.0560583081	0.0075376877	0.0393673347	0.0448803704	-0.0281744674	0.0298807024	-0.0372868387	0.0008284365	0.0094694496	0.0707201728	0.0302919894	0.0165358304	0.0376283109	0.0234683007	0.0016492818	0.0015224315	-0.0429283606	0.0324348202	-0.0376094475	-0.0070558575	-0.0767556732	-0.0722985822	0.0249067386	-0.0095474894	0.0768109244	-0.045179127	-0.0093287059	0.0849216317	-0.0324723003	-0.0516396293	0.0476871069	0.0364435657	0.0407967754	-0.0493357374	-0.0107037166	-0.0395231577	0.0098930089	0.0423829309	0.0188616034	0.0553502744	-0.0090216167	0.0973479612	0.0112604727	0.01244564	0.0288372531	0.0041768586	0.0085707438	0.0008441663	0.0491738231	-0.0019057986	-0.0272736861	-0.0308571209	-0.0176698354	0.0430504038	-0.0622167101	-0.0093934509	-0.028891017	0.0188246506	0.0790706447	0.0645302166	0.033487642	-0.0587914625	-0.0256933978	0.0305456654	-0.014663344	-0.0093417981	-0.0433055397	0.0441796083	-0.0026395845	0.0269997735	0.0139690446	-0.008774097	0.0498105644	-0.0432382481	-0.0567453599	0.0944702927	-0.0285463055	-0.0686975141	0.0	-0.164731	0.018742	0.0271363023609999	0.000351262564	0.208378	0.012572	0.043421390884	0.000158055184	0.718788	-0.0549159999999998	0.0030157670559999	0.516656188944	0.0007704689999999	0.0004871039999999	2.3727030681590259e-07	5.936224799608459e-07	0.0105381	-0.0008581	7.363356100000009e-07	0.00011105155161	0.00645354	0.0002939099999999	8.63830880999998e-08	4.16481785316e-05	0.0	0.0	0.0	0.0	0.0	0.0	0.0	0.0	0.0	0.0	0.0	0.0	0.0	0.0	0.0	0.0	0.0	0.0	0.0	0.0	0.0	0.0	0.0	0.0	0.0	0.0	0.0	0.0	0.0	0.0	0.0	0.0	0.0	0.0	0.0	0.0	0.0	0.0	0.0	0.0	0.0	0.0	0.0	0.0	0.0	0.0	0.0	0.0
5496.460526734235	16.00887401919408	256.28404736242726	30211078.321947586	4549.433261967161	-6.614417952213444	43.750524846563486	20697343.005093165	3489.8321021133816	2.0898557692307804	4.367497136187177	12178928.100941105	3550.2424340581088	6298.836538418119	0.85926	30.028736	0.235299725	0.115968	-0.0033419167	0.0197074961	-0.0194136287	-0.0027640973	-0.0493435476	0.0200044122	-0.0410755016	-0.0439199783	0.0452839762	-0.0423576581	0.0865617547	0.020061981	-0.0654063477	-0.0430651966	-0.0221808186	0.0304984394	0.0132919761	0.0043877921	0.0347353333	0.0237107319	0.0032775453	-0.0531007308	-0.0340471649	0.0370124858	0.0316457125	0.0200227123	0.0515074337	-0.0622854448	0.0327721445	0.0060242331	0.0028646975	0.0121488699	-0.0375883225	-0.0993160883	0.0075831603	0.0341369914	-0.0461655646	-0.0488784375	0.0740774434	-0.08008749	0.0187525471	-0.0850888855	0.0431072347	-0.0985626265	0.0024817058	-0.0359782389	0.1004896074	-0.0444514642	-0.0333022348	0.0301940917	-0.0117871441	-0.0133141322	0.1064108695	0.078803463	-0.0159462547	-0.0335524658	-0.0104069828	0.009840927	0.0387484653	0.0305920277	-0.0092104112	0.0264320724	-0.0122009953	-0.0085745711	0.0316381682	-0.0353700826	0.025780469	0.0409553847	0.0457079096	-0.0284599289	-0.05378505	-0.0615711575	0.0080181149	-0.0149768805	-0.0315771428	0.0033250882	0.0225657976	-0.0350283665	0.017596949	-0.0244343586	0.0580189415	0.0443552691	0.0684363109	0.0182792769	-0.0013384622	-0.0333972853	0.0323299545	-0.0628581773	0.1039547676	0.0206727728	0.0167250428	0.0467775607	-0.0292127286	-0.047026362	-0.0106490452	0.0142132768	-0.0444653919	-0.0544980844	0.0950649363	-0.0337663475	-0.0637140765	0.0	-0.180307	-0.015576	0.032510614249	0.000242611776	0.271568	0.0631899999999999	0.0737491786239999	0.0039929760999999	0.785177	0.066389	0.004407499321	0.616502921329	-8.43155e-05	-0.0008547844999999	7.306565414400791e-07	7.1091035402500015e-09	0.0107658	0.0002277	5.184729000000037e-08	0.00011590244964	0.00573313	-0.0007204099999999	5.189905680999992e-07	3.286877959690001e-05	0.0	0.0	0.0	0.0	0.0	0.0	0.0	0.0	0.0	0.0	0.0	0.0	0.0	0.0	0.0	0.0	0.0	0.0	0.0	0.0	0.0	0.0	0.0	0.0	0.0	0.0	0.0	0.0	0.0	0.0	0.0	0.0	0.0	0.0	0.0	0.0	0.0	0.0	0.0	0.0	0.0	0.0	0.0	0.0	0.0	0.0	0.0	0.0
5494.663500505608	-1.7970262286271463	3.229303266373905	30191326.98378854	4557.560048409056	8.126786441895092	66.04465787216989	20771353.59485436	3491.6410278946314	1.8089257812498545	3.272212482070396	12191557.06767708	3555.069402077491	6277.340995083773	0.909813	31.795441	0.306720275	0.152301	0.0014870683	0.0311326479	-0.050221111	-0.0153617762	-0.0357695252	0.0577275645	-0.0642414858	-0.0620266839	0.0390032159	0.0412528706	-0.052301451	-0.0397291912	0.0417944107	0.0329681019	0.0599629313	-0.049141251	-0.0401604308	0.0124522364	0.0528252626	0.0166357895	0.0461107817	-0.1047024774	0.0392325599	0.040432765	0.0403667439	0.0039183155	-0.0075990862	-0.0029182216	-0.0316515697	-0.0462808884	-0.044312932	-0.0367481324	0.0624637052	0.0489641387	0.024966146	0.0667639152	0.0744239964	0.1218920904	0.0011145556	-0.049671615	0.0006691401	0.002999728	-0.1014368925	0.0249507977	-0.0341208426	-0.007800978	0.0237948081	-0.0949243649	-0.049897289	0.0646406531	-0.0970773708	-0.0436550043	-0.0184293822	-0.0243423847	0.0233221684	0.02783633	-0.0289809573	0.0311697912	-0.0184504262	-0.0027057842	0.0650869015	-0.0001297351	0.075833086	0.0318263214	0.0015520902	-0.0694974177	0.0001791018	-0.0236697563	-0.0027037945	-0.0804788473	-0.0312809417	0.0676843621	0.0075982496	-0.0389878086	-0.021601698	-0.0253457724	0.0512131553	-0.0579233449	-0.0059025225	-0.032186945	0.0517551952	0.0719041506	0.0577458445	0.0215724722	0.0125583974	0.0709291523	0.0365787049	-0.0554655111	-0.0023178061	-0.033384832	-0.021894103	0.0099638965	-0.0418911385	0.0206378368	0.0167377896	0.0512849317	-0.0456833015	-0.0522055402	0.0954819229	-0.0388742211	-0.0583999846	0.0	-0.158616	0.0216909999999999	0.025159035456	0.0004704994809999	0.184289	-0.0872789999999999	0.033962435521	0.0076176238409999	0.708326	-0.076851	0.005906076201	0.501725722276	0.00123183	0.0013161454999999	1.7322389771702495e-06	1.5174051489e-06	0.00980198	-0.00096382	9.289489924000012e-07	9.60788119204e-05	0.00587115	0.0001380199999999	1.9049520399999998e-08	3.44704023225e-05	0.0	0.0	0.0	0.0	0.0	0.0	0.0	0.0	0.0	0.0	0.0	0.0	0.0	0.0	0.0	0.0	0.0	0.0	0.0	0.0	0.0	0.0	0.0	0.0	0.0	0.0	0.0	0.0	0.0	0.0	0.0	0.0	0.0	0.0	0.0	0.0	0.0	0.0	0.0	0.0	0.0	0.0	0.0	0.0	0.0	0.0	0.0	0.0
5510.02836667811	15.364866172501934	236.07911249889423	30360412.60159744	4554.223039398923	-3.337009010133442	11.13562913371178	20740947.49259197	3501.06345289964	9.42242500500879	88.7820929750149	12257445.301229551	3559.318788097526	6355.156242196053	0.7999009999999999	27.954323	0.4001815	0.178559	0.0043474508	-0.0051759432	-0.0987650771	-0.0088509829	-0.0154310706	0.1082939417	-0.0303337711	-0.0402044975	0.1027198567	-0.0066294525	-0.0306105658	-0.0932973487	-0.0013597683	0.0292529761	0.0399236757	-0.0051671742	-0.0750492034	0.0122422178	0.0955385363	0.0577618292	0.0337214824	-0.0723565789	0.0826328739	0.0263414	-0.0299736381	0.0109653198	-0.0030245275	0.1067771752	-0.0367372191	-0.0467856242	-0.0734294248	-0.0199205711	0.0552502063	-0.0088450084	-0.0564703431	-0.0206780044	-0.0036650357	-0.0119070803	0.0293204353	-0.0559560659	-0.0050140045	0.0025328333	0.0627017291	0.0034696354	0.0593960424	-0.0374439926	0.0157347334	0.0379008389	-0.0692480761	0.0813924773	-0.0249445116	-0.0657158375	-0.0593045432	-0.0262243046	0.0863536616	0.0243815441	-0.0338200508	0.0317957604	0.0168261621	-0.0188377425	0.0015622964	-0.0029441108	0.0494402177	0.0752828244	0.0555192124	-0.031134929	0.0903545025	-0.0103744735	-0.0460216315	0.0762829394	0.014529419	-0.0493313669	0.0057638087	-0.0640319461	0.0204225616	-0.0571636905	0.0670301353	-0.0808671544	-0.0403516297	-0.0174180675	0.0089897954	0.0846491519	0.0549397671	0.0228410837	-0.0181710078	-0.0021885868	0.0274707912	-0.0410645275	0.0058647589	-0.0193481234	-0.0170226989	0.0049676113	0.009029285	0.0120967489	0.0120961504	0.1097540525	-0.0468917239	-0.0498696316	0.0957204735	-0.0438529584	-0.0527828167	0.0	-0.130643	0.0279729999999999	0.017067593449	0.0007824887289999	0.270344	0.0860549999999999	0.0730858783359999	0.0074054630249999	0.646194	-0.0621319999999999	0.0038603854239999	0.4175666856360001	0.00257835	0.00134652	1.8131161104000003e-06	6.6478887225e-06	0.0077421399999999	-0.0020598400000001	4.242940825600412e-06	5.994073177959845e-05	0.00479708	-0.00107407	1.1536263649000015e-06	2.30119765264e-05	0.0	0.0	0.0	0.0	0.0	0.0	0.0	0.0	0.0	0.0	0.0	0.0	0.0	0.0	0.0	0.0	0.0	0.0	0.0	0.0	0.0	0.0	0.0	0.0	0.0	0.0	0.0	0.0	0.0	0.0	0.0	0.0	0.0	0.0	0.0	0.0	0.0	0.0	0.0	0.0	0.0	0.0	0.0	0.0	0.0	0.0	0.0	0.0
5510.715457453083	0.6870907749735125	0.4720937330537019	30367984.853012346	4580.398871316864	26.17583191794074	685.1741765962853	20980053.8203608	3495.8349588090946	-5.22849409054561	27.33715045487036	12220862.059231784	3563.1029400113835	6363.976032447997	0.753719	26.340385	0.1199379999999999	0.0560227	0.0119985398	0.0069811367	-0.0748113074	-0.0048473388	-0.0013261895	0.0917341089	0.0761629218	0.0039976678	0.1242859842	0.0229930724	-0.030306357	-0.0696336084	0.0495502465	0.0470298281	0.1035047574	0.0117117365	-0.1165045255	0.0264129074	0.0628149374	0.0532752919	0.0354235505	0.0115926576	0.1260549463	-0.0639136889	-0.0179406795	0.0457958939	-0.0152719685	0.0240724621	-0.0611878244	-0.0740389098	-0.0847656491	-0.0489289579	-0.0066910986	-0.014306256	-0.060086144	0.0040787545	-0.0138053842	0.029952967	-0.0071691566	-0.0153684106	0.0916235719	0.0734378233	-0.0526689982	0.0318089367	-0.0018606729	0.0746680318	0.0264380531	-0.0333662223	-0.0692897526	0.0400645875	0.0597253965	-0.0743167312	-0.1217126159	-0.0024307626	0.0721487824	0.0351139088	-0.0314210736	0.0250206138	0.0036086881	0.0036932258	0.0246978326	0.0449912348	0.0543351172	0.127142375	-0.0467801362	-0.0202975748	0.0629650619	-0.0471422593	-0.0471731918	0.0329523601	-0.0117802601	0.0529429977	0.0133022071	-0.0624822447	0.0243191658	-0.048784305	0.0495290232	-0.0464714355	-0.0340731896	-0.0090793822	-0.0093946544	0.0859034258	0.0598850403	0.0352585805	-0.0462488379	-0.0700579219	0.0378960455	-0.0141864632	0.0362255658	0.0010317626	0.0217296773	-0.0080343103	0.0192177537	-0.0201831134	0.0437569403	0.1100334568	-0.0480904081	-0.0474922989	0.0957801421	-0.0486860206	-0.0468917239	0.0	-0.144742	-0.014099	0.020950246564	0.000198781801	0.300299	0.029955	0.0901794894009999	0.000897302025	0.677968	0.0317739999999999	0.0010095870759999	0.459640609024	0.00232265	-0.0002557	6.53824900000001e-08	5.3947030225e-06	0.00794595	0.0002038100000001	4.153851610004084e-08	6.313812140250001e-05	0.00437439	-0.0004226899999999	1.786668360999999e-07	1.91352878721e-05	0.0	0.0	0.0	0.0	0.0	0.0	0.0	0.0	0.0	0.0	0.0	0.0	0.0	0.0	0.0	0.0	0.0	0.0	0.0	0.0	0.0	0.0	0.0	0.0	0.0	0.0	0.0	0.0	0.0	0.0	0.0	0.0	0.0	0.0	0.0	0.0	0.0	0.0	0.0	0.0	0.0	0.0	0.0	0.0	0.0	0.0	0.0	0.0
5506.516270634166	-4.199186818917042	17.633169940166624	30321721.438758805	4573.697037838292	-6.701833478571643	44.914571974503694	20918704.59393077	3492.9249789663463	-2.909979842748271	8.467982685201251	12200524.908687051	3564.470846701082	6405.649277875262	0.879936	30.751329	0.1236879999999999	0.0636455	-0.0015454854	-0.0073366474	-0.0763617548	-0.0049850367	0.0123602699	0.0889409264	0.0097897739	-0.0159434475	0.0891856477	-0.0095875719	0.1241995366	-0.0375647393	-0.0164794483	0.0079973219	0.0846496433	0.0439881995	-0.0635759176	0.0286105031	0.0528722761	0.0605688309	0.0492595747	-0.0707267171	-0.0036565597	0.0110370957	0.0314381819	-0.0155398657	0.0517671055	-0.0385427632	0.0151429774	-0.0058118671	0.0135696308	-0.0259778436	-0.0564973464	-0.0386758596	-0.0064649413	-0.0367213616	-0.0894381595	-0.0729538824	0.0207222081	-0.0874001432	0.0349680514	0.0361284717	-0.0984449225	0.0620766973	-0.0163111798	-0.0283589704	0.0991551502	0.025233914	-0.0763989992	0.0432380498	-0.0093341348	-0.0614314755	0.0451309443	0.0785577955	0.0041675662	-0.039279374	-0.0041734936	0.0267252395	0.0125917407	0.0192018872	-0.0318732064	0.0164122831	-0.0569627463	0.0929898296	-0.0353869713	0.0230715629	0.1111329487	-0.0034176312	-0.0976829023	-0.0559511458	0.0119722813	-0.029297403	0.0173805004	-0.0631442136	0.0206862361	-0.0320572786	0.050257191	-0.0449067962	-0.019075904	-0.0050160888	0.0612639267	0.0568634157	0.033441733	0.0095531865	0.0817432952	0.063191163	0.0202185805	-0.0989343318	0.0646769958	0.0424182096	-0.0831459279	0.0556536916	-0.0257752574	-0.0028130341	-0.0551889582	0.0064774829	-0.0492791053	-0.0450755168	0.0956608172	-0.0533573527	-0.040757279	0.0	-0.144703	3.900000000001125e-05	0.020938958209	1.521000000000877e-09	0.258507	-0.0417919999999999	0.066825869049	0.0017465712639999	0.719324	0.0413559999999999	0.0017103187359999	0.5174270169759999	0.00291473	0.00059208	3.5055872640000005e-07	8.495650972899999e-06	0.0080454199999999	9.94699999999002e-05	9.894280899980144e-09	6.472878297639839e-05	0.00425592	-0.0001184699999999	1.4035140899999968e-08	1.81128550464e-05	0.0	0.0	0.0	0.0	0.0	0.0	0.0	0.0	0.0	0.0	0.0	0.0	0.0	0.0	0.0	0.0	0.0	0.0	0.0	0.0	0.0	0.0	0.0	0.0	0.0	0.0	0.0	0.0	0.0	0.0	0.0	0.0	0.0	0.0	0.0	0.0	0.0	0.0	0.0	0.0	0.0	0.0	0.0	0.0	0.0	0.0	0.0	0.0
5486.948693004533	-19.56757762963298	382.89009429171296	30106605.959664155	4580.543011496512	6.845973658219918	46.86735532904101	20981374.28016953	3485.49470302484	-7.430275941506352	55.2090005669281	12148673.324814215	3556.905044639236	6291.705112254484	0.913919	31.938921	0.152054	0.0807688	0.012448891	0.0060655041	-0.0521132635	0.0205734129	0.0002465059	0.0782550644	-0.0461097531	-0.0411661056	0.0705651999	0.0427971073	-0.03433941	-0.0711331617	0.0757558327	0.0398059426	0.0883062315	-0.0338860136	-0.0014497314	0.0443766721	0.0330108967	0.0414231452	0.042679519	-0.0626544065	0.0311164983	-0.0124567476	-0.0438982187	0.0187303179	-0.0470170484	0.0630775	-0.0569797561	-0.0238422401	-0.058475968	-0.0502633528	0.0285788017	-0.0111675642	-0.0252749344	-0.0444601217	0.0179066025	0.057159015	-0.0633312516	0.1005975671	0.0515284402	-0.0008316706	-0.0934936708	0.0052483154	0.0821930961	-0.043712046	0.0665065001	0.0061399201	-0.0608923241	0.0477193745	-0.0655855242	-0.05529516	-0.0752315425	-0.0163331756	0.0497504996	0.0465933827	0.0122547779	-0.0037301508	0.0049921781	-0.0268792913	0.0409949142	0.0006693507	0.0224824823	0.0390915213	-0.1007914943	-0.04365636	-0.0375769356	-0.0238764342	-0.0516933072	0.0574461327	0.0189282745	0.0313916842	0.0135207815	-0.0554457867	0.0209966945	-0.0371607274	0.0512293165	-0.0454875386	-0.0232104104	-0.0092894632	-0.0142451181	0.1088242055	0.0457525922	0.024883159	-0.0416319288	0.0141971439	0.0493724927	-0.0308245154	-0.0524166559	-0.0745414914	-0.0138577938	-0.0204296165	0.0131178401	0.0238509841	0.0124270085	0.0935251274	-0.0504575686	-0.0426212929	0.095362722	-0.0578514371	-0.0344113177	0.0	-0.169437	-0.024734	0.028708896969	0.000611770756	0.185761	-0.0727459999999999	0.034507149121	0.0052919805159999	0.70949	-0.009834	9.670755600000018e-05	0.5033760600999999	0.00269551	-0.00021922	4.80574084e-08	7.265774160099999e-06	0.0083383899999999	0.00029297	8.583142090000003e-08	6.952874779209835e-05	0.00463853	0.00038261	1.463904121000002e-07	2.15159605609e-05	0.0	0.0	0.0	0.0	0.0	0.0	0.0	0.0	0.0	0.0	0.0	0.0	0.0	0.0	0.0	0.0	0.0	0.0	0.0	0.0	0.0	0.0	0.0	0.0	0.0	0.0	0.0	0.0	0.0	0.0	0.0	0.0	0.0	0.0	0.0	0.0	0.0	0.0	0.0	0.0	0.0	0.0	0.0	0.0	0.0	0.0	0.0	0.0
5494.432028271807	7.483335267274015	56.00030672242705	30188783.313299045	4583.383395473353	2.8403839768407124	8.06778113589346	21007403.34990084	3486.7727862079328	1.2780831830928037	1.633496622904633	12157584.46264023	3555.363223209494	6303.639305414758	0.8195179999999999	28.639881	0.1908560000000001	0.124531	0.0077063025	-0.0103262556	-0.0443315412	0.0276162604	0.0026827102	0.0735025193	0.0522712821	0.0251126674	0.0996640154	-0.0171288486	0.0833390487	-0.0436396696	-0.0240950371	0.0040883092	0.0464644153	0.0276283432	-0.0401295795	0.0370696812	0.0224223215	0.0318563045	0.0314228257	-0.009627047	0.018151389	-0.0655568442	0.0244512649	0.0358333828	0.056758458	-0.0420968792	0.0212881404	0.0655374783	-0.009778381	-0.084398725	-0.0582621325	-0.0943478546	-0.0283406336	0.0359567564	0.0346032403	-0.0060077904	0.0478758681	-0.0179450319	-0.0315064529	0.0990308322	-0.1202236089	-0.0264698094	-0.0003936186	-0.0890341445	0.0447934923	0.1119905719	-0.0627760294	0.0055343814	0.0542311037	-0.0333481892	0.0107128008	0.0963635108	0.0130750584	-0.0382003666	0.0275801728	0.0017778511	0.0471168378	-0.0201861124	0.0336605888	0.0173608388	0.0006895436	0.0378137894	-0.0302619739	-0.056545943	0.0060305355	-0.0326018131	-0.0633337171	-0.0263637188	-0.0697269318	-0.0106709214	0.0193172736	-0.0468269654	0.0265344612	-0.0196250374	0.0419815634	-0.0320163176	-0.0211751509	-0.0019338011	0.0244301041	0.0857772244	0.0533167283	0.0403664608	-0.0104149572	-0.0539017299	0.0308251498	-0.0750677289	0.0611050016	0.0172431844	-0.0116963905	0.0245291057	0.0335304186	-0.0269062999	-0.0734697079	0.0500252644	-0.0516255532	-0.0401316657	0.0948864133	-0.0621533448	-0.0278867734	0.0	-0.163521	0.005916	0.026739117441	3.4999056000000056e-05	0.301426	0.115665	0.090857633476	0.013378392225	0.7485819999999999	0.0390919999999999	0.0015281844639999	0.5603750107239998	0.00248374	-0.00021177	4.48465329e-08	6.168964387599999e-06	0.00846	0.0001216100000001	1.4788992100024332e-08	7.157160000000001e-05	0.00436825	-0.00027028	7.305127840000019e-08	1.90816080625e-05	0.0	0.0	0.0	0.0	0.0	0.0	0.0	0.0	0.0	0.0	0.0	0.0	0.0	0.0	0.0	0.0	0.0	0.0	0.0	0.0	0.0	0.0	0.0	0.0	0.0	0.0	0.0	0.0	0.0	0.0	0.0	0.0	0.0	0.0	0.0	0.0	0.0	0.0	0.0	0.0	0.0	0.0	0.0	0.0	0.0	0.0	0.0	0.0
5486.539623672634	-7.89240459917346	62.29005035705438	30102117.042129844	4543.6062175622965	-39.77717791105624	1582.2238825678205	20644357.46027076	3488.8194357221555	2.046649514222736	4.188774234068161	12171861.05507266	3551.824239037016	6283.579370805033	0.901687	31.511448	0.10157	0.0669706	0.0159600622	0.0020561857	-0.0356231647	0.015725202	0.0068322063	0.0563592558	-0.1198520677	-0.0885873295	0.0254924057	-0.0111718934	-0.0401515251	-0.0632505903	0.0463126887	0.0015979673	0.0457348997	-0.0397455077	0.0089778782	0.0137638238	0.0338413867	0.0318858975	0.0286410184	-0.1274903846	-0.0045152262	0.0595159207	0.0072362244	-0.0101802131	-0.0585876433	0.0596206492	-0.0788503005	-0.0057690304	-0.0103004171	-0.0005023649	0.0651058614	0.0322245547	0.0054834326	0.0123645578	-0.00896958	0.0658799712	-0.0460589548	-0.0662576995	0.049427711	-0.0077438	-0.0436937509	-0.0025556467	-0.02872613	-0.0813879544	0.0097809431	-0.0433090327	-0.034849148	0.059748583	-0.1400334159	-0.0341940838	0.0128702924	-0.0300231318	0.0362527705	0.0236539426	-0.00869478	0.007390269	-0.0106656001	-0.0139711839	0.0648182712	0.000385272	0.0345711258	-0.0222161935	0.0219210176	-0.0899506229	0.0382291153	-0.0293961984	0.0247048052	-0.045477348	-0.011618525	0.0075399974	0.0205931908	-0.0358053404	0.0194697721	-0.0193117382	0.0404347623	-0.0341782527	-0.016604255	-0.0107001871	0.0309091813	0.0587647312	0.0351765009	0.0002024765	0.0390007825	0.0730895421	0.0344673412	-0.0731254694	0.0018715855	-0.0297166279	-0.0725417811	0.0132696259	-0.0671529499	0.027909069	0.0885753258	0.0521264126	-0.0527828167	-0.0376087033	0.0942327815	-0.0662487853	-0.0212175063	0.0	-0.163763	-0.0002419999999999	0.0268183201689999	5.856399999999624e-08	0.240048	-0.061378	0.057623042304	0.003767258884	0.769439	0.0208570000000001	0.000435014449	0.592036374721	0.00245135	-3.238999999999976e-05	1.0491120999999847e-09	6.009116822500001e-06	0.00877602	0.00031602	9.986864040000012e-08	7.701852704040001e-05	0.0044017	3.344999999999997e-05	1.118902499999998e-09	1.937496289e-05	0.0	0.0	0.0	0.0	0.0	0.0	0.0	0.0	0.0	0.0	0.0	0.0	0.0	0.0	0.0	0.0	0.0	0.0	0.0	0.0	0.0	0.0	0.0	0.0	0.0	0.0	0.0	0.0	0.0	0.0	0.0	0.0	0.0	0.0	0.0	0.0	0.0	0.0	0.0	0.0	0.0	0.0	0.0	0.0	0.0	0.0	0.0	0.0
5501.268572846784	14.72894917415033	216.94194377470367	30263955.91059169	4578.504837620201	34.898620057904736	1217.913681945991	20962706.548111584	3497.9268220402646	9.107386318109093	82.94448554728069	12235492.052348703	3566.1406888626634	6298.9149926388345	0.928377	32.444191	0.2182051	0.111961	0.0425402544	0.0038495085	-0.0413718974	0.026375401	-0.0440904311	0.0751502784	0.0430678992	0.0126476909	0.0843078492	-0.0128177049	-0.0127592572	-0.0774090732	0.0184942468	0.0638335963	0.0679409611	-0.040213954	0.0171926032	0.0077106723	0.0607471896	0.0399231614	0.023339066	0.0012262	0.1132433364	-0.0585614661	0.0204539836	0.0529298035	0.0416945668	-0.0083159461	-0.008452646	-0.0557408801	-0.148378033	0.0128890153	-0.009627224	-0.0425944785	0.0128926785	0.0001253239	0.0738944127	-0.0669487041	0.058641589	-0.1120658195	-0.0691157212	-0.0333495164	-0.0264956165	0.0254914857	-0.0614409103	-0.0628699887	0.0019456462	0.1938156359	-0.0417485691	0.0347256863	0.0726914881	-0.0517269497	-0.0561660362	0.0433206723	0.0745657375	0.0609388518	-0.0382580943	0.0440659511	-0.0546928245	-0.0121815769	0.0650533794	0.048669549	0.0654518854	0.0233876368	0.0230018228	0.0833774918	0.0457880467	0.0611386055	-0.0562722493	-0.0484027865	0.0154140602	0.0343285355	0.0325770478	-0.0072778338	0.0092684654	-0.038445126	0.0702437739	-0.0670002939	-0.018687383	-0.032342244	0.0290351826	0.0847225448	0.0683585168	0.0487225007	-0.0189367516	0.0161123127	0.0255448393	-0.0526298856	0.0014327828	-0.0202912564	0.0011805899	0.0374812585	0.0441699786	-0.003129426	-0.1221653507	0.0512211201	-0.0539291185	-0.0350545013	0.0934030479	-0.0701241541	-0.0144381275	0.0	-0.12557	0.038193	0.0157678248999999	0.001458705249	0.213686	-0.026362	0.0456617065959999	0.000694955044	0.7556659999999998	-0.0137730000000001	0.000189695529	0.5710311035559997	0.000963308	-0.001488042	2.2142689937640006e-06	9.27962302864e-07	0.00888706	0.0001110399999999	1.2329881599999944e-08	7.89798354436e-05	0.00560016	0.00119846	1.4363063716000005e-06	3.13617920256e-05	0.0	0.0	0.0	0.0	0.0	0.0	0.0	0.0	0.0	0.0	0.0	0.0	0.0	0.0	0.0	0.0	0.0	0.0	0.0	0.0	0.0	0.0	0.0	0.0	0.0	0.0	0.0	0.0	0.0	0.0	0.0	0.0	0.0	0.0	0.0	0.0	0.0	0.0	0.0	0.0	0.0	0.0	0.0	0.0	0.0	0.0	0.0	0.0
5477.563904417866	-23.70466842891801	561.9113053249423	30003706.326981496	4541.022271407278	-37.4825662129233	1404.9427699061796	20620883.269416917	3487.5984167167467	-10.328405323517927	106.67595652687346	12163342.716285158	3554.23889892801	6259.512000663038	1.206684	42.17025	0.6311309	0.335538	0.0439957548	0.0243537812	0.0380776113	0.0022852096	0.0335235848	-0.0327614745	-0.0454279848	-0.0080973803	-0.0001972191	0.0149783898	0.0493368341	0.0507949056	-0.0152846984	0.0117295228	0.0889443743	0.0701556511	-0.0614639176	-0.0229669482	-0.0152019758	0.0316438949	0.0171218135	-0.0174959608	-0.0085595529	0.0908804983	0.0505545176	-0.0180570646	0.0329908473	-0.0675933268	-0.0040060351	-0.0153298937	0.0247582211	0.0418022835	-0.0304374163	-0.0047337382	0.0604530334	0.0167700698	-0.0379169727	-0.0231027408	-0.077845875	0.0714455826	0.107511865	-0.025274684	0.0052360665	0.0922091742	0.1101610792	-0.0568391106	0.110373169	0.0070106858	0.014461749	0.0067743787	-0.0404797638	-0.0520046872	0.05347591	0.0064546833	-0.0583176744	0.0095529923	-0.0615921722	0.0017088077	0.0049877659	-0.0277810232	-0.0831913585	0.0003888257	-0.010208743	0.0469280076	0.0042074133	0.0665815323	0.1174022399	-0.0284311378	0.0329247224	0.0291424571	-0.029187804	0.0264739065	0.0365375133	0.0050283539	0.0124394125	-0.0083840525	-0.0320016912	0.0343633653	-0.0128954862	0.0111060608	-0.0175952819	-0.0035750928	0.0296109055	-0.0160615562	-0.0404830008	-0.1287643051	-0.0205082862	0.0192797302	0.0764669967	0.0157714418	0.1159816568	0.0167538784	-0.1216380183	0.0254880138	0.2296193868	0.0408277256	-0.0550642208	-0.0324711814	0.0923987632	-0.0737665775	-0.0075838198	0.0	-0.144038	-0.018468	0.020746945444	0.000341067024	0.447624	0.233938	0.200367245376	0.054726987844	0.948778	0.1931120000000001	0.037292244544	0.900179693284	-0.00040017	-0.001363478	1.859072256484e-06	1.601360289e-07	0.00951638	0.0006293199999999	3.96043662399999e-07	9.05614883044e-05	0.0038807	-0.00171946	2.9565426915999995e-06	1.505983249e-05	0.0	0.0	0.0	0.0	0.0	0.0	0.0	0.0	0.0	0.0	0.0	0.0	0.0	0.0	0.0	0.0	0.0	0.0	0.0	0.0	0.0	0.0	0.0	0.0	0.0	0.0	0.0	0.0	1.0	0.0	0.0	0.0	0.0	0.0	0.0	0.0	0.0	0.0	0.0	0.0	0.0	0.0	0.0	0.0	0.0	0.0	0.0	0.0
5487.540929678267	9.977025260401206	99.54103304668376	30113105.454894222	4515.879062488319	-25.14320891895932	632.1809547424353	20393163.707020376	3490.517723232172	2.9193065154254327	8.522350531005383	12183713.976197906	3535.080257748317	6262.200092322947	1.158833	40.497974	0.6031390000000001	0.282166	-0.003217129	0.0349225711	0.0405461365	-0.0393466412	0.1007318145	-0.0569571461	0.0212248423	0.0646943881	-0.0257434903	-0.0501669818	-0.0792666918	0.053073605	-0.1027697775	-0.0955200825	-0.0260733823	0.0625130895	0.0175483152	-0.0418167659	-0.0434546058	0.0557640089	-0.0204368204	0.0831513097	0.0082225464	0.0585159169	-0.0700071742	-0.1034342347	-0.0433187417	0.0122875336	0.0455202675	0.053732123	0.0906472291	0.0030263212	-0.0128747464	-0.0572668776	0.0336200808	0.0470663489	-0.0915950577	0.0540561934	-0.0397208034	-0.0453506356	0.0921156217	0.0055403775	0.1220917869	-0.0895893511	0.1045852353	0.0975686418	-0.051302108	-0.1659325581	0.0596541442	-0.054326239	0.0418909347	-0.037986774	0.0237530675	-0.1284373408	-0.0079655861	-0.0950788772	-0.0018441975	-0.0126522165	0.1375937502	0.0169743494	-0.0434214064	-0.0644809905	-0.0021226817	-0.0386050579	-0.029871721	0.0010490354	0.0842493307	0.1147766746	0.2601384745	-0.0474238483	-0.017275595	-0.0482283768	0.0428202496	-0.0289189997	0.0176982044	0.0274067577	-0.0999751806	0.1088933518	-0.0054040718	0.0498944677	-0.031323339	-0.100979393	-0.0277115575	-0.0094704771	-0.0137065458	-0.09327693	-0.0115614912	0.1197222592	0.068509852	0.1270295072	0.1240356487	-0.0685530295	-0.0685329919	0.0306214873	0.1507441496	-0.0556165194	-0.0561878877	-0.0298608894	0.0912218041	-0.0771639557	-0.0006901546	0.0	-0.142783	0.001255	0.0203869850889999	1.5750250000000153e-06	0.367261	-0.080363	0.134880642121	0.006458211769	1.16833	0.219552	0.048203080704	1.3649949889000002	0.00167214	0.00207231	4.2944687361e-06	2.7960521796e-06	0.00801245	-0.0015039299999999	2.261805444899997e-06	6.419935500250001e-05	0.00141756	-0.00246314	6.0670586596e-06	2.0094763536e-06	0.0	0.0	0.0	0.0	0.0	0.0	0.0	0.0	0.0	0.0	0.0	0.0	0.0	0.0	0.0	0.0	0.0	0.0	0.0	0.0	0.0	0.0	0.0	0.0	0.0	0.0	0.0	0.0	0.0	1.0	0.0	0.0	0.0	0.0	0.0	0.0	0.0	0.0	0.0	0.0	0.0	0.0	0.0	0.0	0.0	0.0	0.0	0.0
5495.667515262566	8.126585584298482	66.0413932589279	30202361.438312225	4529.267919038472	13.388856550153832	179.26147972059718	20514267.882431094	3489.328375776242	-1.189347455930147	1.4145473709275125	12175412.513997266	3550.478592503947	6384.750497846176	1.295762	45.283287	0.6776229	0.391064	-0.0082046615	0.0238781726	0.0108789054	-0.0124841759	0.0791149256	0.0083710516	-0.0094411406	-0.0216642531	-0.0270813888	-0.0266969048	0.0183984726	-0.0141250231	0.023824378	-0.0030459185	-0.0278366512	-0.1091183597	-0.0077354221	-0.0055257233	-0.0199742961	0.0544195054	0.0060177063	0.0319609079	4.13507e-05	0.0114981002	-0.012256989	-0.0172658674	-0.0374762643	0.0175406797	0.0230115262	0.0204293257	-0.0002607981	0.0046206939	-0.05368074	-0.0272784894	-0.0357604971	0.0042863381	-0.0144813837	0.0081784871	0.0675828277	-0.0632436894	-0.0567972418	-0.1069950438	0.0814118988	-0.1230374407	-0.0160090603	0.0280905091	-0.0958602872	-0.0505099534	0.0112107454	-0.0102550073	-0.0186444226	-0.0408873128	0.0202990168	-0.0299277918	0.0184655886	-0.0249425442	0.0095557092	0.0390326965	-0.0085726965	-0.0013093263	0.0263854786	0.0548867495	-0.0421510555	0.0354201052	0.0549485308	0.0421722685	-0.078251658	0.0690535681	0.0243047664	-0.0868118072	0.1193022019	-0.1021243307	0.0452427828	-0.0325230959	0.0172060292	0.0183873905	-0.0339590049	0.0349291223	-0.0050610593	0.0103900115	-0.0111324465	-0.0024330238	-0.04718589	0.0281319563	0.0497896755	0.1621613643	-0.0220200048	0.0359923373	-0.1159353212	0.0015647736	-0.040108652	0.0428968285	0.0439450482	0.0439473385	-0.2552186064	-0.1109921506	-0.057299886	-0.0272257935	0.0898743702	-0.080305003	0.0062070923	0.0	-0.116183	0.0266	0.013498489489	0.00070756	0.0437306	-0.3235304	0.00191236537636	0.10467191972416	1.02886	-0.1394699999999999	0.0194518808999999	1.0585528996000002	0.00407546	0.00240332	5.7759470224000026e-06	1.6609374211600004e-05	0.00818635	0.0001738999999999	3.0241209999999795e-08	6.70163263225e-05	0.00260079	0.00118323	1.4000332328999998e-06	6.7641086241e-06	0.0	0.0	0.0	0.0	0.0	0.0	0.0	0.0	0.0	0.0	0.0	0.0	0.0	0.0	0.0	0.0	0.0	0.0	0.0	0.0	0.0	0.0	0.0	0.0	0.0	0.0	0.0	0.0	0.0	0.0	1.0	0.0	0.0	0.0	0.0	0.0	0.0	0.0	0.0	0.0	0.0	0.0	0.0	0.0	0.0	0.0	0.0	0.0
5468.751949965849	-26.91556529671652	724.4476552418108	29907247.89025528	4522.540980434874	-6.726938603598683	45.2517029765862	20453376.91971283	3475.934313151042	-13.39406262520015	179.4009136077835	12082119.349340804	3545.7191037587627	6303.675819188783	0.910255	31.810871	0.2779343999999999	0.189917	-0.0055452996	0.0230349877	0.0360415293	0.0202595658	0.0838791571	-0.0005018355	0.0314023231	0.0210249466	-0.0456234905	0.0581273804	0.0269282363	0.0234909728	0.0757241014	0.0134061068	0.0623037453	-0.0058947699	-0.0209293733	0.020316182	-0.0580821153	0.0156394402	0.0073941229	0.0726200691	-0.0313208058	0.0034951482	0.0006500101	0.073860141	-0.0139526307	0.0427335124	0.0159222816	0.0286913528	-0.0373986076	0.0733138733	-0.0862888236	-0.0521742981	-0.01649306	0.0495197953	-0.0949258702	0.0011167078	0.0038009527	0.0260873774	-0.04318285	0.0195129151	0.0539246106	-0.1073443892	0.0397918728	-0.0597931495	-0.0722849552	0.0733090542	0.0133592122	-0.0398354884	0.0065493845	-0.0215927244	-0.004414418	0.0083372717	-0.0474437074	0.0251439611	0.0111916524	-0.0403835248	0.0005464051	-0.0362080584	-0.0065049541	0.028893883	0.0083732596	0.0313998358	-0.0326548106	0.0884040701	-0.0874837721	0.0336677521	-0.0854346779	-0.031900944	0.0699132549	-0.0769061636	0.0371809939	-0.0198073861	0.0396051747	0.0393338579	-0.0419399971	0.046847811	-0.0036462536	0.0340221025	-0.0310630865	-0.0066140924	-0.0243349393	0.0165376176	-0.0158088028	-0.0168449283	-0.0206147038	0.0556340282	-0.0736585755	0.0071346146	0.0237662129	0.0051918173	0.0178544788	0.0334147969	-0.1037292244	-0.0424166012	-0.0583999846	-0.0245680825	0.0883589795	-0.0831792851	0.0130721264	0.0	-0.130764	-0.0145809999999999	0.0170992236959999	0.0002126055609999	0.225875	0.1821443999999999	0.051019515625	0.0331765824513599	1.0385	0.0096399999999998	9.292959999999753e-05	1.07848225	0.00373924	-0.00033622	1.1304388840000025e-07	1.39819157776e-05	0.00908857	0.00090222	8.140009284000009e-07	8.260210464490001e-05	0.00279373	0.0001929399999999	3.722584359999998e-08	7.8049273129e-06	0.0	0.0	0.0	0.0	0.0	0.0	0.0	0.0	0.0	0.0	0.0	0.0	0.0	0.0	0.0	0.0	0.0	0.0	0.0	0.0	0.0	0.0	0.0	0.0	0.0	0.0	0.0	0.0	0.0	0.0	0.0	0.0	0.0	0.0	0.0	0.0	0.0	0.0	0.0	0.0	0.0	0.0	0.0	0.0	0.0	0.0	0.0	0.0
5438.439677699017	-30.312272266832224	918.833849978566	29576626.12797099	4490.254717740146	-32.286262694728066	1042.4027587929893	20162387.430187635	3467.755216846955	-8.17909630408667	66.89761635152422	12025326.243969273	3536.5194232057947	6276.792865461344	0.906835	31.691343	0.2037395	0.115651	-0.0184039874	0.0237263299	0.0578681633	0.0279244617	0.0946430179	-0.0289820645	-0.0399052698	-0.0345418051	-0.07721052	0.1157694907	0.0277071383	0.098337632	0.1502164025	0.049534618	0.0674159867	-0.0055496201	0.0154868558	0.0122934863	-0.0628522188	-0.0010668493	0.0349121484	0.0342650606	-0.0941535497	0.072091456	0.0696932568	0.1016809621	0.0041837848	-0.0480945993	6.1195e-06	-0.0760478251	-0.0295540141	0.1117072099	0.0275633547	0.0687902644	0.0452870523	-0.0951350963	-0.0056409032	0.0988434494	-0.0979545143	0.0170528523	-0.0691099699	0.0764538079	-0.048267072	0.092278743	0.0212516675	-0.0578056764	-0.039927527	0.035200107	0.0205424462	-0.0305131133	-0.0609403759	-0.0250155359	0.0080684481	-0.0107376276	-0.1390311219	0.1041059533	-0.021351977	-0.0791594367	-0.0950365906	-0.0444674755	0.0090035644	0.0038229556	0.0264133474	-0.0173590031	0.0058651659	0.043082878	-0.0380165091	-0.0926395345	-0.056163526	-0.0316529241	0.0068390065	0.0866801736	0.0357093464	-0.016622181	0.0363046724	0.0560828029	-0.0514196269	0.0533438856	-0.0103181185	0.0103843843	-0.0138679789	-0.0404634411	-0.0127529555	-0.0325377898	0.0248344086	0.0068443259	-0.0393805579	0.0033207175	-0.0409288933	0.0143804891	-0.0072718102	0.0466379296	-0.0301621696	0.0962982016	-0.0045664497	-0.0949380736	-0.0594879552	-0.0218899642	0.0866784641	-0.0857772541	0.0198693207	0.0	-0.136279	-0.005515	0.018571965841	3.041522500000022e-05	0.32267	0.096795	0.1041159289	0.009369272025	1.08724	0.04874	0.0023755876	1.1820908176	0.00392368	0.0001844399999999	3.4018113599999885e-08	1.5395264742399997e-05	0.00989756	0.0008089899999999	6.544648200999984e-07	9.79616939536e-05	0.00285409	6.036000000000019e-05	3.6433296000000227e-09	8.145829728100001e-06	0.0	0.0	0.0	0.0	0.0	0.0	0.0	0.0	0.0	0.0	0.0	0.0	0.0	0.0	0.0	0.0	0.0	0.0	0.0	0.0	0.0	0.0	0.0	0.0	0.0	0.0	0.0	0.0	0.0	0.0	0.0	0.0	0.0	0.0	0.0	0.0	0.0	0.0	0.0	0.0	0.0	0.0	0.0	0.0	0.0	0.0	0.0	0.0
5403.365503858559	-35.07417384045766	1230.1976705906443	29196358.768288665	4473.782864803333	-16.471852936812866	271.3219391719906	20014733.121407915	3474.1989892578126	6.443772410857491	41.52220288292816	12070058.616960008	3532.9926118768008	6086.002912494088	0.938863	32.810631	0.0959284999999998	0.0503094	-0.0203973297	0.0398644646	0.0901577553	0.0691648667	0.0938458616	-0.0532224466	0.0700735557	-0.0068131701	-0.0730551918	0.153523796	-0.0099662374	0.109653869	0.0371610657	0.0339108155	0.0345078515	0.0970180498	0.148091255	0.0117171507	-0.0514501401	-0.0113334044	0.0163744523	0.1375939132	-0.0155154159	0.0443925817	0.0788879498	0.131085914	0.0300798621	-0.0047478776	-0.0015152628	-0.0991483667	-0.0161602275	0.1060702495	-0.0121763345	0.0121960221	0.0037486317	-0.0814959898	-0.1242250812	-0.0898979294	-0.1285283284	0.0112880913	0.0440480578	0.0498026114	-0.007756114	-0.0712001913	-0.0361120233	-0.0129334289	0.0133746841	-0.020467734	0.0307127035	-0.0661248504	0.0701962089	-0.0181961541	-0.0332581227	-8.44996e-05	-0.163801808	0.1353794635	-0.049163126	-0.1071001703	-0.0226522676	-0.0428565413	-0.057721829	-0.0469276304	0.0507959773	-0.0453695296	0.0262092574	0.0973382751	0.0256879173	-0.0406769789	-0.038247763	0.1516643369	-0.0158279636	-0.0261088803	0.0309544748	-0.010869387	0.0426895021	0.0650212682	-0.0539148821	0.0579865503	-0.0025938105	0.0369020281	-0.0342423457	-0.0415014097	-0.0003356397	-0.0400072798	-0.0434856883	-0.087697357	-0.0380676768	0.0460619417	-0.0279763158	0.0064886229	0.0515499612	0.0291063628	-0.0290032906	0.1166408234	0.0171395979	-0.0759789842	-0.0605635717	-0.019193663	0.0848359644	-0.0880902796	0.0265634	0.0	-0.14795	-0.0116709999999999	0.0218892025	0.0001362122409999	0.348058	0.0253879999999999	0.1211443713639999	0.0006445505439999	1.11963	0.0323899999999999	0.0010491120999999	1.2535713369	0.00391023	-1.344999999999992e-05	1.8090249999999787e-10	1.5289898652899998e-05	0.0104137	0.00051614	2.664004996e-07	0.00010844514769	0.00285409	0.0	0.0	8.145829728100001e-06	0.0	0.0	0.0	0.0	0.0	0.0	0.0	0.0	0.0	0.0	0.0	0.0	0.0	0.0	0.0	0.0	0.0	0.0	0.0	0.0	0.0	0.0	0.0	0.0	0.0	0.0	0.0	0.0	0.0	0.0	0.0	0.0	0.0	0.0	0.0	0.0	0.0	0.0	0.0	0.0	0.0	0.0	0.0	0.0	0.0	0.0	0.0	0.0
5394.7306157213525	-8.634888137206872	74.56129314207595	29103118.41620128	4496.38071600444	22.597851201107005	510.6628789073733	20217439.5432566	3479.5536393229168	5.354650065104124	28.6722773197196	12107293.528925356	3540.023304178855	5935.620765191243	0.8987889999999998	31.410189	0.1669859999999999	0.0865246999999999	0.0035915773	0.0426418543	0.1008468383	0.0845287058	0.0844916766	-0.0782707314	-0.0470279244	-0.047096022	-0.0891178985	0.1268528577	0.0270292369	0.1479085381	0.0112458947	0.0212455716	0.0212198791	0.0459149452	0.1501778715	-0.0135671394	-0.0444734463	0.0195028323	0.0412278961	0.0246694383	-0.0223365472	0.1117982721	0.1337189205	0.0471053485	0.0439641776	-0.0534042221	-0.0080434008	0.000388142	-0.0083039215	0.0974180678	0.0622621878	0.0542608726	0.1288373045	-0.1311024232	-0.0451915962	-0.0305167722	-0.0018884782	-0.1012677067	-0.0401607278	0.0672858616	-0.0193349403	0.0425893305	0.0456848726	0.0063952056	-0.0096095919	0.0320088749	0.0407006891	-0.0252199105	-0.0471885059	-0.0387305811	0.0658533621	0.021743133	-0.1620004352	0.1328914532	-0.089312932	-0.0681760683	-0.0829198496	-0.0601358068	-0.0141280943	-0.0461412113	0.0321759016	-0.1081309312	0.007085604	0.1132684198	0.0915715218	-0.0561759241	-0.0423015702	-0.0016426736	0.0092490294	0.0331926822	0.0458146459	-0.0009152208	0.0337133759	0.0554340559	-0.0447339071	0.0522355407	0.0012422259	-0.0061831618	0.0136481095	-0.053271754	-0.018568222	-0.0385160937	0.0479009159	0.0331040379	-0.0352245936	-0.0347581624	-0.0084488132	0.0291771083	4.50679e-05	0.07689453	-0.0652394604	0.158780645	-0.0265563877	-0.161294137	-0.0616266108	-0.0164814186	0.0828349236	-0.0901106781	0.0331196242	0.0	-0.13695	0.011	0.0187553024999999	0.000121	0.284252	-0.0638059999999999	0.080799199504	0.0040712056359999	1.1195	-0.0001299999999999	1.6899999999990503e-08	1.2532802499999998	0.00299944	-0.0009107899999999	8.295384240999998e-07	8.996640313599999e-06	0.0099537	-0.00046	2.116000000000003e-07	9.907614369e-05	0.0033243	0.00047021	2.2109744410000003e-07	1.105097049e-05	0.0	0.0	0.0	0.0	0.0	0.0	0.0	0.0	0.0	0.0	0.0	0.0	0.0	0.0	0.0	0.0	0.0	0.0	0.0	0.0	0.0	0.0	0.0	0.0	0.0	0.0	0.0	0.0	0.0	0.0	0.0	0.0	0.0	0.0	0.0	0.0	0.0	0.0	0.0	0.0	0.0	0.0	0.0	0.0	0.0	0.0	0.0	0.0
5410.360974668984	15.630358947631976	244.30812083181897	29272005.876221124	4514.003347369472	17.622631365032248	310.5571362278184	20376226.2200628	3478.6237785456733	-0.929860777243448	0.8646410650557892	12100823.392663378	3530.098270766216	5916.288318244927	0.786632	27.490591	0.0732284999999998	0.0358441	0.0055270981	0.0315339142	0.0994495683	0.1040404785	0.061354771	-0.0502374991	0.0216378319	0.0235896107	-0.0570038312	0.0976448934	-0.0879760765	0.0581590708	-0.0498046371	-0.0086065562	0.0062414521	0.0654517813	0.1219068553	0.0054946825	-0.0328434663	0.003802416	0.0154181232	0.1164982803	-0.003665434	0.0484825367	0.066617655	0.0845093223	0.0203855872	0.0220793833	-0.0367118646	-0.0869862779	0.0083298957	0.0953142816	0.0163739345	0.001841142	0.0315038501	-0.0928927767	-0.048228158	-0.0365609597	-0.0690451539	0.0111265386	0.0763860463	-0.0036230755	0.0232372902	-0.0064677663	-0.0192853527	0.0872559714	-0.0586075733	-0.0041861601	0.0385568632	-0.0447116522	0.0342714849	-0.0250954283	-0.0510863603	-0.0396883698	-0.0965740398	0.1408866388	-0.028812838	-0.0424736807	0.0221798086	-0.0666493399	-0.0991230455	-0.0344959078	0.0523903253	-0.0689927754	-0.018482943	0.0779228965	0.0621899641	0.035040223	0.0687138406	0.1388646231	0.0356304272	-0.0575435398	0.0386801805	0.0116016871	0.0494111316	0.0534403774	-0.0358042661	0.0360722869	-0.0083464508	0.0214130972	-0.0291461035	-0.0320975686	0.0090185711	-0.025846884	-0.0514763816	-0.0843690095	-0.0222889175	0.0329518823	-0.0318670518	0.0100652127	0.0543128412	0.0234842333	-0.0146468319	0.1464925558	0.0154621226	-0.0653213864	-0.0626768518	-0.013755484	0.0806790814	-0.091831738	0.0395039689	0.0	-0.132776	0.0041739999999999	0.017629466176	1.742227599999986e-05	0.299574	0.015322	0.089744581476	0.000234763684	1.10324	-0.0162599999999999	0.0002643875999999	1.2171384976	0.00342536	0.00042592	1.8140784640000017e-07	1.1733091129600002e-05	0.00987469	-7.900999999999915e-05	6.242580099999865e-09	9.75095025961e-05	0.00356882	0.0002445199999999	5.979003039999991e-08	1.27364761924e-05	0.0	0.0	0.0	0.0	0.0	0.0	0.0	0.0	0.0	0.0	0.0	0.0	0.0	0.0	0.0	0.0	0.0	0.0	0.0	0.0	0.0	0.0	0.0	0.0	0.0	0.0	0.0	0.0	0.0	0.0	0.0	0.0	0.0	0.0	0.0	0.0	0.0	0.0	0.0	0.0	0.0	0.0	0.0	0.0	0.0	0.0	0.0	0.0
5421.325892069436	10.964917400451668	120.22941359872776	29390774.428022467	4504.093118585468	-9.910228784004175	98.21263455130487	20286854.820888966	3473.3471072465945	-5.276671299078771	27.84325999852165	12064140.127418287	3530.813308660106	5992.699399869935	0.796825	27.846798	0.1631854999999999	0.078835	-0.0051105547	0.0262064816	0.0898139704	0.0804684218	0.0840542991	-0.0546872654	-0.0062898877	0.0056845934	-0.0704198502	0.0785181853	0.0494708677	0.1087515646	-0.0185412586	-0.020271143	-0.0050628539	0.0594040226	0.110284862	-0.0025849805	-0.0776181224	0.0233800971	-0.0012168969	0.0506942984	-0.0724573951	0.0621306508	0.0452441043	0.0556959958	0.0531438964	-0.0734449086	0.0204261635	0.0304550042	0.0704711546	0.0631188659	-0.0532373593	0.0275413488	0.0356839231	-0.1013819131	-0.0790644358	-0.0547184134	-0.0934871229	-0.0100404951	0.0325316514	0.015457687	-0.0245371389	0.0024953756	0.0316514091	-0.0645607451	-0.0217726719	-0.0698632337	0.0454649966	-0.0531019508	-0.0098171209	-0.0229909159	0.0704583873	0.0375747098	-0.1333646345	0.0442866531	-0.0259399865	-0.0920299142	-3.23622e-05	-0.0213188273	-0.0628903391	-0.022825224	-0.0414685474	-0.0727113623	-0.0001915064	0.0420131878	0.0377645864	-0.1206066645	-0.001967472	0.0194143284	0.0026785182	-0.0493331606	0.0413830278	0.0022141775	0.0438800405	0.0710514318	-0.050533507	0.0600965058	0.0022594027	0.0042189792	0.0286739295	-0.0663009916	-0.0002750262	-0.0537490554	0.0354157835	-0.0203264077	-0.0235519381	-0.0485692299	0.0546899984	0.0533293396	-0.0011882563	0.0644195777	-0.030377875	0.0871491652	-0.0039484353	-0.1246687332	-0.0637140765	-0.0110181235	0.0783724666	-0.093247742	0.0456833015	0.0	-0.14429	-0.0115139999999999	0.0208196041	0.0001325721959999	0.346523	0.046949	0.120078189529	0.002204208601	1.1453	0.0420599999999999	0.0017690435999999	1.31171209	0.00328181	-0.00014355	2.0606602500000028e-08	1.07702768761e-05	0.0106436	0.0007689099999999	5.912225880999991e-07	0.00011328622096	0.00322803	-0.00034079	1.1613782410000009e-07	1.04201776809e-05	0.0	0.0	0.0	0.0	0.0	0.0	0.0	0.0	0.0	0.0	0.0	0.0	0.0	0.0	0.0	0.0	0.0	0.0	0.0	0.0	0.0	0.0	0.0	0.0	0.0	0.0	0.0	0.0	0.0	0.0	0.0	0.0	0.0	0.0	0.0	0.0	0.0	0.0	0.0	0.0	0.0	0.0	0.0	0.0	0.0	0.0	0.0	0.0
5438.665144678499	17.339252609062896	300.64968104089445	29579078.5559408	4535.36026738363	31.26714879816245	977.6345939664316	20569492.75496212	3476.1226205679086	2.7755133213140653	7.703474196791833	12083428.473223904	3532.003118489769	6026.69045583854	0.877842	30.678133	0.2152880000000001	0.110873	0.0145710873	0.0194418025	0.0938509824	0.0864794864	0.0489423498	-0.0312923622	-0.0053161348	0.0371485593	-0.0403106667	0.0483070864	-0.1092928759	0.072930069	-0.0305753192	-0.0263478526	0.020233204	0.0383580185	0.1001580356	-0.0180852286	-0.0666842179	-0.0068273094	0.0055341941	0.0783509604	-0.0093683534	-0.0154130003	0.0058252714	0.0321177898	-0.0546245515	0.0349184207	-0.0611296388	-0.0126119971	0.0051800274	0.0543913393	0.0724332341	-0.0410261346	0.013230531	0.0046921668	-0.0319776996	0.0576181181	-0.0467237431	0.146729455	-0.0408982755	-0.0261459599	0.0148808883	0.1033679999	-0.1473248792	-0.0764293901	-0.0419497784	-0.0800880205	0.0624023229	-0.0463932987	-0.0039139557	0.0010047179	-0.0553406925	-0.0625404028	-0.0344858973	0.0618903315	0.0147287642	-0.0501007694	0.0369325238	-0.0402884392	-0.0319412566	-0.0187164671	0.027693721	-0.0844867761	-0.089774111	-0.0338211409	-0.016777573	0.0218929418	0.0896461117	0.1373893136	0.0140681124	-0.0057725577	0.0385125532	0.0296077138	0.0457136413	0.059632163	-0.025478601	0.0284900462	0.0029183086	0.0100470522	-0.0336286604	-0.0285530765	-0.0067676708	-0.0268925083	-0.039993388	-0.0303472707	-0.0120664655	0.0238390451	-0.0641279491	-0.0449453006	0.0263512381	0.0112993349	-0.0320826582	0.1102614944	0.0160780661	-0.028918469	-0.0647380696	-0.0082716108	0.0759193896	-0.0943539865	0.0516255532	0.0	-0.133418	0.0108719999999999	0.017800362724	0.0001182003839999	0.25499	-0.091533	0.0650199001	0.008378290089	1.11052	-0.03478	0.0012096484	1.2332546703999998	0.00296886	-0.00031295	9.793770250000013e-08	8.814129699599999e-06	0.0110434	0.0003998	1.598400400000004e-07	0.00012195668356	0.00407734	0.0008493099999999	7.213274760999997e-07	1.6624701475599997e-05	0.0	0.0	0.0	0.0	0.0	0.0	0.0	0.0	0.0	0.0	0.0	0.0	0.0	0.0	0.0	0.0	0.0	0.0	0.0	0.0	0.0	0.0	0.0	0.0	0.0	0.0	0.0	0.0	0.0	0.0	0.0	0.0	0.0	0.0	0.0	0.0	0.0	0.0	0.0	0.0	0.0	0.0	0.0	0.0	0.0	0.0	0.0	0.0
5444.447516108229	5.782371429730119	33.43581935135914	29642008.755657066	4521.274565883801	-14.085701499829156	198.40698674228932	20441923.700107757	3479.582396459335	3.4597758914264887	11.970049218895957	12107493.65374969	3529.783529883158	6071.861730562834	0.807112	28.206316	0.239703	0.121451	0.0066571108	0.0060921228	0.0871952153	0.0798198561	0.0204512067	-0.0229419712	0.0456460764	0.035163702	-0.0445760186	0.0199045903	0.0389685531	0.0595621971	-0.0360465306	-0.0017348967	-0.0301129558	0.0252033657	0.1029716761	-0.0226979447	-0.0615329005	0.0070110132	-0.0159550203	0.0639928584	-0.0423727896	-0.017580013	0.0213275404	-0.0166631362	0.0170920493	-0.0573880968	0.0156456994	0.0200043076	0.0474973978	0.0244777019	-0.0139099802	-0.0149383569	-0.0708022871	0.0397529959	-0.0277705519	-0.0022746083	-0.0362103463	-0.0038679771	-0.020220084	-0.0067047894	-0.0578591172	0.0270697073	0.003418985	-0.0036989232	0.0270272695	0.0177470096	0.0482353914	-0.0583028646	0.0502018159	-0.0009408912	0.0408729739	0.0447890624	-0.0659510707	-0.0197670732	0.0097834566	-0.0040675648	0.022796058	-0.00737647	-0.0645892292	-0.0218650171	-0.006718752	-0.0623476483	0.041725711	-0.0476800836	-0.0402840983	-0.0963427227	0.0155544027	-0.0034049186	-0.0644501681	-0.023135993	0.0285409328	0.0422145695	0.0408740168	0.0748783264	-0.0128488388	0.0177220739	0.0059592075	-0.0001721845	0.0337165184	-0.0505617305	0.0135840583	-0.0372061693	-0.0141738281	-0.0556594755	0.000506768	-0.0280895017	0.0386732431	0.0181101866	0.0436299522	0.0429147123	0.0020650235	0.0213769845	-0.0202448901	-0.075725861	-0.0657486183	-0.0055182272	0.073324435	-0.0951467965	0.057299886	0.0	-0.142735	-0.0093169999999999	0.020373280225	8.680648899999984e-05	0.332979	0.077989	0.110875014441	0.006082284121	1.12495	0.0144299999999999	0.0002082248999999	1.2655125024999998	0.0023637	-0.00060516	3.662186256e-07	5.58707769e-06	0.0126166	0.0015732	2.474958240000001e-06	0.00015917859556	0.00465832	0.00058098	3.3753776040000005e-07	2.16999452224e-05	0.0	0.0	0.0	0.0	0.0	0.0	0.0	0.0	0.0	0.0	0.0	0.0	0.0	0.0	0.0	0.0	0.0	0.0	0.0	0.0	0.0	0.0	0.0	0.0	0.0	0.0	0.0	0.0	0.0	0.0	0.0	0.0	0.0	0.0	0.0	0.0	0.0	0.0	0.0	0.0	0.0	0.0	0.0	0.0	0.0	0.0	0.0	0.0
5458.50864879836	14.061132690130762	197.715452529464	29795316.669006497	4529.507100228488	8.232534344686428	67.7746217364416	20516434.571020283	3483.193869566306	3.6114731069710615	13.042738002375213	12132639.532984298	3541.118064835104	6116.978618242721	0.8085839999999999	28.257761	0.1868140000000001	0.113409	-0.0043259416	0.0115900081	0.0772377732	0.0762796927	0.0410159883	-0.017426494	-0.0513719885	0.0092483038	-0.0486764982	0.0477754195	-0.0883172976	0.0423997054	-0.0115514515	-0.0480196569	-0.0313752023	-0.0284511109	0.0859228921	-0.0338443077	-0.0291942844	0.0019546586	-0.0007734038	0.0224673569	-0.0741036089	0.0528350944	-0.0068583472	0.0087483413	-0.0406076345	0.1101103572	-0.0476038775	-0.0174031959	0.0110241318	-0.0195332217	0.0558071086	-0.0026949389	-0.0070755884	-0.0525317207	-0.0058294296	0.0874605103	-0.0296219783	0.1296228704	-0.0630046645	-0.0449216092	0.0336161449	0.0557718443	-0.0291552768	0.0803342933	-0.0349768647	-0.0393965123	0.0588516143	-0.0023159267	-0.0441255894	0.0046781913	-0.0077551692	-0.0971214581	-0.0252732315	0.0117008018	0.0313701546	-0.0664301758	0.0349281645	-0.0629437552	0.0729593151	-0.0680176725	0.0089639011	-0.0645124374	-0.0605869751	-0.1077917628	0.0001874016	-0.0371534384	0.0864861613	0.0596984768	0.0125377452	-0.0159208368	0.0264013726	0.0303116933	0.043910067	0.0869597539	-0.0168495778	0.0283563361	0.0064906084	0.0053313356	-0.0252625081	-0.0293842218	-0.0020023499	-0.0458450925	-0.0231505862	0.0008086128	-0.0023504024	-0.0187113586	-0.0537864254	-0.0600217965	-0.0164179686	-0.000545627	-0.0255602662	0.0559451003	0.0231257482	-0.0041623431	-0.0667455128	-0.00276026	0.070592452	-0.0956235384	0.0626768518	0.0	-0.16143	-0.0186949999999999	0.0260596448999999	0.0003495030249999	0.247168	-0.085811	0.0610920202239999	0.007363527721	1.12955	0.0046000000000001	2.1160000000001468e-05	1.2758832025000002	0.00371679	0.00135309	1.830852548100001e-06	1.3814527904100002e-05	0.0125202	-9.639999999999996e-05	9.292959999999991e-09	0.00015675540804	0.00455365	-0.0001046699999999	1.095580889999988e-08	2.07357283225e-05	0.0	0.0	0.0	0.0	0.0	0.0	0.0	0.0	0.0	0.0	0.0	0.0	0.0	0.0	0.0	0.0	0.0	0.0	0.0	0.0	0.0	0.0	0.0	0.0	0.0	0.0	0.0	0.0	0.0	0.0	0.0	0.0	0.0	0.0	0.0	0.0	0.0	0.0	0.0	0.0	0.0	0.0	0.0	0.0	0.0	0.0	0.0	0.0
5460.035510479515	1.526861681155424	2.3313065933807677	29811987.775697306	4534.676400362589	5.169300134101832	26.72166387642521	20563290.05600541	3482.706812024239	-0.4870575420673049	0.2372250492846444	12129246.738520036	3530.547925523404	6151.221075714373	0.7877699999999999	27.530365	0.1185014999999999	0.0846122	0.0008322462	-0.0016968014	0.0656716737	0.0716182817	0.0374290421	0.008953231	0.0922979301	0.0821248734	-0.0181576836	0.029634035	-0.048437389	-0.0058124108	-0.084366165	-0.0043608451	-0.0330192062	0.0369402605	0.0987567851	-0.008019462	-0.0393995049	0.0239317807	-0.0116302415	0.1338740278	0.0095527651	-0.0272298281	0.0477295065	-0.0015065308	0.0183769723	0.0064144661	-0.0233778861	0.046279654	0.0117580977	-0.0056139056	0.0297515082	0.0476262513	-0.0204666821	0.1006694809	0.0146517636	-0.0209570624	-0.0273140406	-0.0762716794	0.0493346128	0.0232688544	0.0024167227	-0.0746454714	-0.1079328193	0.0231206029	0.0949028462	0.0277008449	0.0422218536	-0.0730181934	0.1125749271	-0.0180617258	-0.0351125048	-0.0096384719	-0.0439618172	-0.0147052154	0.0344283604	0.0311917561	0.0574917422	-0.0421462499	-0.0697189923	0.0393941945	0.019433517	-0.0257568648	0.1490863558	0.0101446764	-0.0442514371	-0.0336430058	0.028819121	0.045408357	-0.0058955212	-0.0055278722	0.0286724071	0.0289283465	0.057827891	0.0765638334	-0.0213458977	0.0300864002	0.0001109915	0.0107154393	0.0036276673	-0.0398426095	0.0105285255	-0.0235851739	-0.0330516136	-0.0539339672	0.0077394319	-0.0018230967	0.0168140739	0.0134715432	0.0170833692	-0.022525005	0.0423033079	0.0044534408	-0.018578815	0.0112059453	-0.0677285461	-0.0	0.0677285461	-0.0957826285	0.0677285461	0.0	-0.163218	-0.001788	0.026640115524	3.196944000000042e-06	0.329624	0.0824559999999999	0.1086519813759999	0.0067989919359999	1.11671	-0.0128399999999999	0.0001648655999999	1.2470412241000002	0.00351402	-0.00020277	4.111567290000005e-08	1.23483365604e-05	0.0123756	-0.0001445999999999	2.090915999999998e-08	0.00015315547536	0.00447267	-8.098000000000046e-05	6.557760400000075e-09	2.00047769289e-05	0.0	0.0	0.0	0.0	0.0	0.0	0.0	0.0	0.0	0.0	0.0	0.0	0.0	0.0	0.0	0.0	0.0	0.0	0.0	0.0	0.0	0.0	0.0	0.0	0.0	0.0	0.0	0.0	0.0	0.0	0.0	0.0	0.0	0.0	0.0	0.0	0.0	0.0	0.0	0.0	0.0	0.0	0.0	0.0	0.0	0.0	0.0	0.0
5480.905620100024	20.87010962050863	435.5614755720469	30040326.41644403	4530.08536963942	-4.591030723169752	21.07756310108857	20521673.45622112	3484.496732146434	1.7899201221953265	3.203814043839732	12141717.476339178	3534.129404671276	6218.42369319963	0.8274369999999999	28.916618	0.134675	0.0938961	0.0137683789	-0.0116143609	0.0562277463	0.0528526059	0.0397059607	0.0090517311	-0.0204876313	0.0359931831	-0.0323762336	-0.031291663	0.0239635075	0.0303756397	-0.0851404472	-0.0540319323	-0.0746408233	0.036749402	0.1100806624	-0.0321023357	-0.0214051139	0.0253482674	-0.0245506093	0.0223099056	-0.0500710145	0.0511720978	0.0111832112	-0.0432044566	0.0263738936	0.0115489639	-0.0085668592	0.0655372985	0.0441621064	-0.0445237084	-0.0212883838	0.0099077772	-0.0609931813	-0.0527023599	-0.019094477	-0.0224218997	0.0500670656	0.0688720062	0.0451450965	-0.0324791782	-0.0087818984	0.0194565657	0.1524330726	0.0138340181	0.0521760964	-0.0024130316	0.0405644817	-0.019932693	0.0074457194	0.003655549	0.0884166011	-0.0159513829	-0.0135003474	-0.1066108866	0.0130803494	-0.0196742073	0.0813562125	-0.0260989698	0.032817745	-0.0419434743	-0.0185559233	-0.0260504162	-0.0028129778	-0.1051954883	0.0325379178	-0.0609453175	0.0614773836	-0.0372907912	0.0189040552	-0.0133018298	0.0350997503	0.0384745871	0.0545902498	0.072271424	-0.014003187	0.0261556514	0.0098734714	0.0038465701	-0.0176251892	-0.036037289	-0.0110904024	-0.044821181	0.0432389656	0.0749920763	0.0009153501	-0.0271429007	-0.0313544849	-0.0379409166	-0.0640174381	-0.018692186	-0.0445834605	0.0192038424	0.0276677267	-0.028107447	-0.0686975141	0.00276026	0.0647380696	-0.0956235384	0.0724287524	0.0	-0.154373	0.0088449999999999	0.023831023129	7.823402499999986e-05	0.24034	-0.0892839999999999	0.0577633156	0.0079716326559999	1.11586	-0.00085	7.225000000000296e-07	1.2451435396	0.00333916	-0.00017486	3.0576019600000074e-08	1.11499895056e-05	0.0118376	-0.000538	2.894440000000003e-07	0.00014012877376	0.00447373	1.0600000000006438e-06	1.123600000001365e-12	2.0014260112900005e-05	0.0	0.0	0.0	0.0	0.0	0.0	0.0	0.0	0.0	0.0	0.0	0.0	0.0	0.0	0.0	0.0	0.0	0.0	0.0	0.0	0.0	0.0	0.0	0.0	0.0	0.0	0.0	0.0	0.0	0.0	0.0	0.0	0.0	0.0	0.0	0.0	0.0	0.0	0.0	0.0	0.0	0.0	0.0	0.0	0.0	0.0	0.0	0.0
5487.97473844583	7.069118345805691	49.97243418700659	30117866.729819573	4534.446490894665	4.3611212552450525	19.019378602950184	20561204.978786934	3485.990705378606	1.493973232171811	2.231956018445888	12152131.197986033	3539.20916071813	6259.430160937932	0.866266	30.273577	0.2642900000000001	0.141736	0.0452234368	-0.0310922929	0.0313212286	0.0578556956	0.0465391794	0.047896744	-0.0728574255	-0.0163176649	-0.0362424283	-0.0516671069	-0.0586522195	-0.0557263261	-0.0151559382	-0.0475968532	-0.0432903542	-0.0624790265	0.0805396814	-0.0139640074	-0.0222355608	-0.0012267274	-0.0100029313	-0.0179129033	-0.043358274	0.0416378498	0.0327552138	-0.0263024677	0.0411843099	0.0979725253	-0.0442534139	0.1108386488	-0.0580307092	-0.0661408975	0.0568723874	-0.0027901509	-0.0232951445	0.0531169944	-0.0119156459	0.0172491149	0.0499703775	-0.0163824517	0.0060956625	-0.0407682435	-0.0273048981	0.0635143605	0.0264014066	0.0510619459	-0.1003251853	0.0546663842	0.0345992324	-0.0070129375	-0.0486007281	0.0205805136	0.0143528635	-0.0555763816	0.0423250228	-0.0629429356	0.0485568017	0.0085199243	0.0698079454	-0.1023935621	0.12310061	-0.0110271515	0.0698650531	-0.0364582042	-0.008062963	-0.043263379	0.0407399523	-0.0044451961	0.0603488028	-0.004509852	0.014517043	-0.0104234138	0.0502421608	0.0323374809	0.0835867449	0.0245181776	-0.005079005	0.0276081055	-0.0027738556	0.0121622423	-0.0284191116	0.0139353042	0.0080199519	0.029756353	-0.0245599743	-0.053702571	0.0276904686	-0.0075450983	-0.0210770397	-0.01309314	-0.030931102	-0.0356886156	0.065992228	-0.0457858471	-0.0329447493	0.0540441769	-0.0696522155	0.0055182272	0.0616266108	-0.0951467965	0.0767530781	0.0	-0.127265	0.027108	0.0161963802249999	0.000734843664	0.239891	-0.000449	0.057547691881	2.0160100000000445e-07	1.01299	-0.10287	0.0105822369	1.0261487401	0.00290128	-0.0004378799999999	1.917388943999999e-07	8.4174256384e-06	0.00999461	-0.00184299	3.3966121401000035e-06	9.98922290521e-05	0.00407734	-0.00039639	1.5712503210000067e-07	1.6624701475599997e-05	0.0	0.0	0.0	0.0	0.0	0.0	0.0	0.0	0.0	0.0	0.0	0.0	0.0	0.0	0.0	0.0	0.0	0.0	0.0	0.0	0.0	0.0	0.0	0.0	0.0	0.0	0.0	0.0	0.0	0.0	0.0	0.0	0.0	0.0	0.0	0.0	0.0	0.0	0.0	0.0	0.0	0.0	0.0	0.0	0.0	0.0	0.0	0.0
5504.455884422232	16.48114597640233	271.6281726954828	30299034.58355053	4564.348422839881	29.901931945216347	894.1255340563499	20833276.52508091	3493.992977263622	8.002271885015944	64.03635532171663	12207986.925167508	3548.545591562429	6358.064640010619	0.835855	29.210791	0.3377894999999999	0.160603	0.0430390361	-0.0394560218	0.008944121	0.0243470297	0.0736591267	0.0688487085	0.056169621	0.0544925335	-0.0197221073	-0.041230407	-0.1192438891	-0.0558847332	-0.0904694165	-0.0511165243	0.0071252835	0.0411173248	-0.0691783248	-0.0416612839	-0.0211871748	0.0523211177	0.0272120405	0.0673087562	0.0529891357	-0.0408559833	-0.0126645486	-0.0193957576	-0.0432911144	0.1053496429	-0.0587004887	0.0380819849	-0.0016863568	-0.0504280782	-0.0279210432	0.0074779921	-0.0370130492	0.0617468038	-0.0273769248	-0.0339601351	0.0177483084	-0.0315231661	0.0143450126	0.0384707523	0.0348460277	0.0069243872	0.0012690716	0.1081122343	-0.0416989217	-0.0233976847	0.0461512662	-0.01504463	0.0387599973	-0.0440766492	-0.0864439988	-0.0669049525	0.0655170378	-0.0601036874	0.0558648471	0.0455528573	0.1196507406	-0.0378680696	-0.0179688706	0.0741350867	0.0266842844	0.0315543429	0.0181645315	-0.0254080372	0.0935335555	0.0571077787	-0.0145228165	0.0049456143	0.0358163238	-0.0516746629	0.0591139341	0.0126277324	0.0929631087	0.0141473351	-0.0290384298	0.0416144881	-0.0233071632	0.022064845	-0.0253665861	-0.0142991146	0.0052446675	0.0099385275	0.0631132313	0.0159934165	0.0040705562	-0.0167838801	0.0326303633	0.0847495539	-0.0971873663	-0.0363422609	0.0239861601	-0.0162946319	0.0160144551	0.0669873591	-0.070592452	0.0082716108	0.0583999846	-0.0943539865	0.0806790814	0.0	-0.136364	-0.009099	0.018595140496	8.279180100000043e-05	0.338178	0.0982869999999999	0.1143643596839999	0.0096603343689999	1.04627	0.0332799999999999	0.0011075583999999	1.0946809129	0.00415634	0.0012550599999999	1.5751756035999993e-06	1.72751621956e-05	0.00798069	-0.0020139199999999	4.055873766399996e-06	6.36914128761e-05	0.00340385	-0.0006734899999999	4.535887800999996e-07	1.15861948225e-05	0.0	0.0	0.0	0.0	0.0	0.0	0.0	0.0	0.0	0.0	0.0	0.0	0.0	0.0	0.0	0.0	0.0	0.0	0.0	0.0	0.0	0.0	0.0	0.0	0.0	0.0	0.0	0.0	0.0	0.0	0.0	0.0	0.0	0.0	0.0	0.0	0.0	0.0	0.0	0.0	0.0	0.0	0.0	0.0	0.0	0.0	0.0	0.0
5494.635193029947	-9.82069139228497	96.44597942250012	30191015.904483244	4546.770309667268	-17.578113172613484	308.9900627092077	20673120.24887178	3484.47739483173	-9.515582431891744	90.5463090181268	12141582.715093322	3549.599899730744	6369.591587266658	0.8719179999999999	30.4711	0.2554945	0.138716	0.024296955	-0.0453043388	0.0071544021	0.0418739161	0.0841745641	0.0882713446	0.0803751779	0.0524929557	-0.008967629	-0.0065517997	0.0566046123	-0.0757656065	-0.0005754334	-0.0153139195	-0.0027772854	-0.0132383531	0.0895731645	-0.0282459494	-0.0391413234	0.0266514615	-0.0207706126	0.0390180087	-0.016024678	-0.0290627315	0.0336580984	0.0042820512	0.1304151933	-0.0080068881	0.0015285362	0.1635518974	0.0627331734	-0.0647836666	-0.0126440948	-0.0099268737	-0.0690251312	0.0870129528	-0.0250009109	0.0321349191	0.1016301707	0.0096822293	-0.0438955669	0.0081580917	-0.0610331938	0.024385398	0.0728558178	-0.0180570509	0.1320848188	0.0138328471	0.0294802072	-0.035560041	0.0828396112	-0.0198831214	0.0247047826	0.0555294846	-0.0075505944	-0.0932451788	0.0652527301	0.0372248083	0.0435619678	-0.1125766604	0.0300580436	0.0042276547	-0.0276090241	0.0425575445	0.0285094181	-0.0795336541	-0.0966528639	-0.0414569199	-0.0471895037	-0.0310272703	-0.0152020061	0.0136652248	0.0416662506	0.0093779904	0.1043697876	0.0315761402	-0.0075421136	0.0256222066	-0.0048146897	0.0252081902	-0.0342587498	0.0181042007	-0.0057401347	-0.0069180688	0.0286730934	0.0379952842	0.0145717112	-0.0091973454	-0.0715227869	-0.0413771028	-0.1032586259	-0.0994648646	0.0535261189	-0.0397975685	-0.0210488626	0.0565135543	-0.0715180283	0.0110181235	0.0550642208	-0.093247742	0.0841863878	0.0	-0.137974	-0.00161	0.019036824676	2.592100000000001e-06	0.229613	-0.1085649999999999	0.052722129769	0.0117863592249999	1.01968	-0.0265900000000001	0.0007070281	1.0397473024	0.00504516	0.00088882	7.900009924000005e-07	2.54536394256e-05	0.00920747	0.00122678	1.5049891684000006e-06	8.477750380090001e-05	0.00366284	0.00025899	6.70758201000001e-08	1.34163968656e-05	0.0	0.0	0.0	0.0	0.0	0.0	0.0	0.0	0.0	0.0	0.0	0.0	0.0	0.0	0.0	0.0	0.0	0.0	0.0	0.0	0.0	0.0	0.0	0.0	0.0	0.0	0.0	0.0	0.0	0.0	0.0	0.0	0.0	0.0	0.0	0.0	0.0	0.0	0.0	0.0	0.0	0.0	0.0	0.0	0.0	0.0	0.0	0.0
5498.030544530937	3.3953515009898183	11.528411815273811	30228339.86859515	4547.366927845056	0.596618177788514	0.3559532500676869	20678545.976458985	3490.135503054888	5.658108223157797	32.01418866496588	12181045.829684196	3552.294630203003	6346.688211307398	0.8591269999999999	30.024111	0.2596739999999999	0.119467	0.0455371264	-0.0560947776	0.0160854166	0.0507381989	0.0250645587	0.0792480927	-0.122052661	-0.0060779864	-0.0420764555	-0.0466534906	0.0417308641	-0.0286176785	0.0226345346	-0.0046852049	0.0054906711	-0.024342043	0.029622279	-0.0221981731	0.0020044353	0.0329052829	-0.0234097033	-0.097211005	-0.0612124952	0.0543934745	0.0566460639	-0.0009089696	-0.0085457353	0.0622879445	-0.0567412266	0.1044380519	-0.0448877408	-0.088802828	0.0121299825	0.0255429302	-0.0011126441	-0.0208408458	0.0031409052	-0.0263634057	0.0764855129	-0.0318444101	0.1035402363	-0.0438911417	-0.0458786801	0.0253307418	0.0578161108	0.0421152094	-0.0563192956	0.0214864154	0.0265095089	0.0237043395	-0.0824586412	-0.0004430506	0.085346146	-0.0068196173	0.0545451866	-0.0119516425	0.0376320095	0.0226185627	0.0437734427	-0.1284718895	0.1287352667	0.0074320896	0.0268577008	-0.0039824584	0.0521952015	0.0220413724	0.0291738746	0.0063250098	-0.0443142074	-0.0172712887	0.0274641969	0.0071088444	0.040176654	0.0425818798	0.101878354	0.0160022852	0.0026010177	0.0046587456	-0.0235822155	0.0235491031	-0.044173598	0.005713813	0.01790598	0.0282833894	-0.00484712	-0.0503471914	0.0240116057	-0.0021909076	-0.0079589738	0.026829447	-0.0549374983	-0.0623944689	0.0574056537	-0.0707133591	0.0368507944	0.075561885	-0.0724287524	0.013755484	0.0516255532	-0.091831738	0.0872567955	0.0	-0.108206	0.029768	0.011708538436	0.000886133824	0.298852	0.069239	0.089312517904	0.0047940391209999	0.996815	-0.0228649999999999	0.0005228082249999	0.993640144225	0.0039592	-0.0010859599999999	1.179309121599999e-06	1.5675264640000003e-05	0.0096288	0.0004213299999999	1.775189688999994e-07	9.271378944e-05	0.00491159	0.00124875	1.5593765625000007e-06	2.41237163281e-05	0.0	0.0	0.0	0.0	0.0	0.0	0.0	0.0	0.0	0.0	0.0	0.0	0.0	0.0	0.0	0.0	0.0	0.0	0.0	0.0	0.0	0.0	0.0	0.0	0.0	0.0	0.0	0.0	0.0	0.0	0.0	0.0	0.0	0.0	0.0	0.0	0.0	0.0	0.0	0.0	0.0	0.0	0.0	0.0	0.0	0.0	0.0	0.0
5489.5290268504	-8.50151768053638	72.27580287247268	30134928.936633103	4543.545733730189	-3.821194114867467	14.601524463497764	20643807.8344978	3481.5030739182694	-8.632429136618612	74.51883279874195	12120863.653702358	3544.647739648928	6365.354866135109	0.8847319999999999	30.918913	0.2695029999999999	0.130749	0.0160462907	-0.0537343644	0.0168958417	0.0406383082	0.0046920255	0.0825071175	0.0719058024	0.0567503097	-0.0326846168	0.0128205428	-0.0803719628	-0.0485537396	-0.0094678885	-0.0069817827	0.0248998454	0.0568253297	-0.0839061554	-0.0219998749	-0.0469662215	0.0008774673	0.0137641247	0.0514147493	-0.0023403204	-0.0912421478	-0.0105510515	-0.0030163959	-0.0092820451	0.0908889021	-0.0812104746	0.0263951199	0.0007594708	-0.0419694517	-0.0522736433	0.0613664195	-0.0770294472	0.0383305436	-0.0277025178	-0.0027729787	0.0381305241	-0.1043009649	-0.0295388541	0.0801051032	-0.0729158499	0.0298954565	0.0161783577	-0.0854882116	0.0002881625	-0.1268841109	0.0441365182	-0.0370686432	0.039575197	-0.0086774755	-0.0847027093	-0.0195807174	0.0282993648	-0.0148925088	0.0841108923	0.0357702429	0.015530534	-0.0292824107	-0.0274543169	0.0705082982	-0.0144278011	0.0613626415	0.0254183565	-0.0493429772	0.0311954256	0.0338074167	-0.0605273747	-0.0392878953	0.0617647819	-0.0003498846	0.0220181188	0.0538128374	0.0862265053	0.0513452663	0.0055766998	-0.0099547628	-0.0246483506	0.0029584417	0.0101258984	-0.0428114823	0.0044161584	-0.0305363227	0.0614259279	0.0580845661	0.0130478114	-0.0368916499	0.0043834423	0.038864696	-0.0962304721	-0.0518070631	0.0569208769	-0.0802667695	-0.0007790694	0.0513158089	-0.073324435	0.0164814186	0.0480904081	-0.0901106781	0.0898743702	0.0	-0.123403	-0.015197	0.0152283004089999	0.000230948809	0.306661	0.007809	0.094040968921	6.098048100000016e-05	1.07324	0.0764249999999999	0.0058407806249999	1.1518440976	0.00475527	0.0007960699999999	6.337274448999991e-07	2.26125927729e-05	0.0115139	0.0018851	3.5536020100000026e-06	0.00013256989321	0.00563186	0.0007202699999999	5.187888728999992e-07	3.17178470596e-05	0.0	0.0	0.0	0.0	0.0	0.0	0.0	0.0	0.0	0.0	0.0	0.0	0.0	0.0	0.0	0.0	0.0	0.0	0.0	0.0	0.0	0.0	0.0	0.0	0.0	0.0	0.0	0.0	0.0	0.0	0.0	0.0	0.0	0.0	0.0	0.0	0.0	0.0	0.0	0.0	0.0	0.0	0.0	0.0	0.0	0.0	0.0	0.0
5489.323767965195	-0.2052588852056942	0.0421312099558843	30132675.429547604	4539.693884817607	-3.851848912581772	14.836740045357384	20608820.567850374	3485.9590712640224	4.455997345753076	19.85591234535846	12151910.646527926	3549.5109421047973	6338.882311520063	0.8460809999999999	29.568167	0.094485	0.0494522	0.0107945004	-0.0389099919	0.0329756204	0.0552429078	0.0401610623	0.0697305048	0.0058010096	0.0403164542	-0.0171480502	0.0015856455	0.1255008054	-0.0093072053	0.0285365538	-0.0255764285	0.0350388561	0.0094744436	0.0404336642	-0.0221371447	-0.0215349276	0.0283635792	-0.0228395582	0.0277613136	-0.0288442085	0.0018821918	0.0260080495	0.0415781853	0.085543769	0.0403373451	-0.0153418548	0.0463336612	0.0123054421	-0.0599240425	-0.026991	-0.0252709734	-0.0697431384	-0.0035181018	0.0068046289	0.0048879909	-0.0152493501	0.0454931079	-0.0220103004	0.0586462516	-0.0660734447	0.0975442267	0.0654495406	0.0463949608	0.0708065509	-0.1364743939	0.0329614389	-0.0154626734	0.0340930163	-0.0038595781	0.0582606169	0.0473230233	-0.0178699007	-0.0353181015	0.0401194566	-0.021159396	0.0503345825	-0.1094512577	0.0225403743	-0.034134821	-0.0186285561	0.0696194901	-0.0670933951	-0.0211157044	-0.0395034952	-0.0310278274	-0.0652273433	0.0097702498	-0.0013691717	-0.0025420222	0.0252632785	0.0373982979	0.0950934385	0.0584418725	-0.0079531596	0.0092120584	-0.0221326081	0.0250768939	-0.0616995662	-0.0106613481	0.0122411493	-0.0289027408	-0.0076783764	-0.0273405992	-0.005329373	0.0194047595	-0.0640819907	-0.0565752106	-0.0763434429	-0.0745107723	0.0287241373	-0.0282478987	0.0839466988	0.0746907033	-0.0742048901	0.019193663	0.0444653919	-0.0880902796	0.0920255275	0.0	-0.137039	-0.0136359999999999	0.018779687521	0.0001859404959999	0.327283	0.0206219999999999	0.107114162089	0.0004252668839999	1.07805	0.0048099999999999	2.3136099999999817e-05	1.1621918025	0.00549472	0.00073945	5.467863025e-07	3.01919478784e-05	0.0115112	-2.7000000000013125e-06	7.290000000007087e-12	0.0001325077254399	0.00526567	-0.0003661899999999	1.3409511609999984e-07	2.77272805489e-05	0.0	0.0	0.0	0.0	0.0	0.0	0.0	0.0	0.0	0.0	0.0	0.0	0.0	0.0	0.0	0.0	0.0	0.0	0.0	0.0	0.0	0.0	0.0	0.0	0.0	0.0	0.0	0.0	0.0	0.0	0.0	0.0	0.0	0.0	0.0	0.0	0.0	0.0	0.0	0.0	0.0	0.0	0.0	0.0	0.0	0.0	0.0	0.0
5480.59266412456	-8.731103840635114	76.23217427595324	30036895.95005594	4535.52489730616	-4.168987511447085	17.38045687060176	20570986.09408405	3482.002134790665	-3.956936473357473	15.657346254186676	12124338.866686748	3543.690274063173	6312.850679008477	0.820856	28.686621	0.1856274999999999	0.0817923	0.0262958538	-0.063549032	0.0238710294	0.0612243419	0.0172005198	0.0792130672	-0.0802209305	-0.0171762855	-0.0509301474	-0.0151145882	-0.0179960656	-0.0257523363	0.0360272321	-0.0237181811	0.0089036349	0.00389342	-0.0052702795	-0.0124498242	-0.022632748	-0.0072464648	0.0016214397	-0.0236492782	-0.0745221927	0.0395722495	0.0067281581	-0.015364569	-0.018699231	0.0491901565	-0.0511361973	0.0591496803	-0.0163579595	-0.0647144709	0.0300804945	-0.010231832	-0.0202072379	0.0146285759	-0.0257206678	0.0414649783	-0.014098322	0.0130122475	0.0140894952	-0.0122759026	-0.0291902157	0.0452156218	0.0417247136	0.0724771926	-0.1019279085	0.0790312986	0.032623089	0.0070551005	-0.0812502165	0.0122545258	0.0253486407	-0.0402672959	0.0092007637	-0.0047339284	0.0344388692	-0.0217051984	0.0123782222	-0.0761046243	0.0881653493	0.0175705487	0.0194231863	-0.0453716926	-0.0018866553	-0.0597131233	0.0351945891	-0.0212321756	-0.0469864928	-0.0191454469	-0.003326238	-0.0034296021	0.0288069148	0.0527803617	0.1054962074	0.0333436788	0.0019535508	-0.0001007589	-0.0261477664	0.0188070498	-0.0087168501	-0.0344885021	0.0276688029	-0.0077611575	0.0269521074	-0.0513719775	0.0086647273	-0.0206206078	0.0423854945	0.049525952	-0.0882151288	-0.048981575	0.0687119717	-0.0996929423	0.0534141574	0.063415311	-0.0750699348	0.0218899642	0.040757279	-0.0857772541	0.0936991036	0.0	-0.116139	0.0208999999999999	0.013488267321	0.0004368099999999	0.372077	0.044794	0.1384412939289999	0.002006502436	1.05118	-0.0268699999999999	0.0007219968999999	1.1049793924	0.00483057	-0.0006641499999999	4.410952224999995e-07	2.3334406524900003e-05	0.0105402	-0.0009709999999999	9.428409999999992e-07	0.00011109581604	0.00549179	0.0002261199999999	5.1130254399999904e-08	3.01597574041e-05	0.0	0.0	0.0	0.0	0.0	0.0	0.0	0.0	0.0	0.0	0.0	0.0	0.0	0.0	0.0	0.0	0.0	0.0	0.0	0.0	0.0	0.0	0.0	0.0	0.0	0.0	0.0	0.0	0.0	0.0	0.0	0.0	0.0	0.0	0.0	0.0	0.0	0.0	0.0	0.0	0.0	0.0	0.0	0.0	0.0	0.0	0.0	0.0
5501.340031518228	20.747367393668355	430.45325376785286	30264742.142384976	4571.282245106674	35.75734780051425	1278.5879217269414	20896621.364427514	3489.083205003005	7.08107021233991	50.14155535208757	12173701.61143404	3552.1699488964978	6322.978072861925	0.841526	29.408985	0.2684465	0.143753	0.0175167101	-0.0422765045	0.0303464011	0.0539724613	0.0413072307	0.0640643623	0.0513195952	0.0597989401	-0.0114830769	-0.0284126223	-0.1044019161	-0.0511912628	-0.0751613496	-0.0313332595	-0.018373671	0.0140259527	-0.02409406	-0.0385615994	-0.0209629555	0.0101854927	-0.0046033833	0.0762567523	0.0060824766	-0.0556583369	0.0043330014	0.0169663873	-0.0235033279	0.0787739194	-0.0735200542	0.0260937062	0.047947355	-0.0226831338	-0.0030141109	0.0561066871	-0.0355627876	-0.0092575492	-0.0465079379	-0.0037162764	-0.0079099428	-0.1151797694	-0.029308727	0.0597943351	0.0113438477	0.0110539552	-0.0431138956	-0.0256206648	0.0164680894	-0.0700912606	0.0561549354	-0.0138579138	0.0561140786	-0.0112054117	-0.0759431634	-0.0394578646	0.0331734728	0.0095562867	0.0520420037	0.0170748439	0.0726840463	-0.0381517932	-0.0470555454	0.0440928646	-0.0453653465	0.0177931008	0.028720036	-0.0088831829	0.0957417783	0.0351550578	-0.0270294359	-0.0209283666	0.0666803834	0.0110822865	0.0325766045	0.0427787039	0.0912706483	0.0685779662	-0.0050910408	0.020828531	-0.0049689718	0.0096900863	-0.0302995487	-0.0267456972	-0.0048958295	-0.0344495837	0.0523164604	0.0719998119	0.0086687733	-0.0338838474	-0.0407265183	-0.0116958942	-0.1136338273	-0.0707936105	0.0016722563	-0.012649499	0.017367641	0.080792955	-0.0759193896	0.0245680825	0.0369729991	-0.0831792851	0.0948864133	0.0	-0.152683	-0.036544	0.023312098489	0.001335463936	0.262495	-0.109582	0.0689036250249999	0.012008214724	1.09371	0.0425299999999999	0.0018088008999999	1.1962015641	0.00486031	2.973999999999945e-05	8.844675999999674e-10	2.36226132961e-05	0.0120048	0.0014646	2.14505316e-06	0.00014411522304	0.00539032	-0.00010147	1.029616090000004e-08	2.9055549702399995e-05	0.0	0.0	0.0	0.0	0.0	0.0	0.0	0.0	0.0	0.0	0.0	0.0	0.0	0.0	0.0	0.0	0.0	0.0	0.0	0.0	0.0	0.0	0.0	0.0	0.0	0.0	0.0	0.0	0.0	0.0	0.0	0.0	0.0	0.0	0.0	0.0	0.0	0.0	0.0	0.0	0.0	0.0	0.0	0.0	0.0	0.0	0.0	0.0
5485.009421246995	-16.330610271233127	266.6888318309049	30085328.351168294	4538.842027290016	-32.44021781665833	1052.3677319922367	20601086.94869414	3481.9793579727566	-7.103847030248289	50.46464262916744	12124180.24934837	3548.4229290055555	6360.795421683982	0.974329	34.050102	0.2192539999999999	0.141878	0.022778964	-0.0752226686	0.0037995766	0.0711500381	0.0404296465	0.0962526602	0.0551051221	0.0496409995	0.0032807597	-0.0200898736	0.0984694173	-0.0457032007	0.0448075832	0.0123743004	0.0211585108	0.0555490828	0.0334395683	-0.0106183449	-0.0154714809	-0.0016146388	0.0220908483	0.0270876707	-0.0395331419	-0.0728371834	0.0434771009	0.0302672826	0.0792647626	-0.015771104	-0.0394464393	0.1045220904	0.0342363057	-0.0382272576	-0.0039771169	-0.0138724049	-0.0793236253	0.000960424	0.0307980816	0.000391942	0.0125747939	0.0411900197	0.0327282268	0.0325393765	-0.027861407	-0.0620477703	-0.0648980054	0.0607613698	0.0039839645	-0.0147009582	0.0002153311	-0.0135355005	0.062613164	0.0073881971	0.010578081	0.1080956648	-0.0299397378	-0.0433163384	0.0726059959	0.0361543272	0.0341641679	-0.0909909987	0.0045157648	0.0062882769	-0.0434118305	0.0169681372	-0.0383632995	-0.0440855274	-0.0775005265	-0.0332476131	-0.0571074244	0.0236079159	-0.0071158188	-0.0100280269	0.0199018484	0.0379408238	0.1141976209	0.0270419877	0.0242080375	-0.0075098299	-0.0067685539	0.0249217701	-0.0040809364	0.0238340493	0.0050122732	0.0039687411	0.0194155014	-0.0255103455	0.0358425607	-0.0399589548	-0.0211465035	-0.022760054	-0.124181569	-0.0750584556	0.1166041484	-0.1322533151	-0.0090456887	0.0234851121	-0.0767530781	0.0272257935	0.0331196242	-0.080305003	0.0955812949	0.0	-0.141327	0.011356	0.019973320929	0.000128958736	0.23586	-0.0266349999999999	0.0556299395999999	0.0007094232249999	0.963612	-0.1300979999999999	0.0169254896039999	0.928548086544	0.00528668	0.00042637	1.817913769000005e-07	2.79489854224e-05	0.011458	-0.0005468	2.989902400000001e-07	0.0001312857639999	0.00534019	-5.012999999999979e-05	2.513016899999979e-09	2.85176292361e-05	0.0	0.0	0.0	0.0	0.0	0.0	0.0	0.0	0.0	0.0	0.0	0.0	0.0	0.0	0.0	0.0	0.0	0.0	0.0	0.0	0.0	0.0	0.0	0.0	0.0	0.0	0.0	0.0	0.0	0.0	0.0	0.0	0.0	0.0	0.0	0.0	0.0	0.0	0.0	0.0	0.0	0.0	0.0	0.0	0.0	0.0	0.0	0.0
5498.947913188413	13.938491941417851	194.2815576009704	30238428.1519592	4575.653867292633	36.81184000261692	1355.111564378267	20936608.313270025	3489.9122395833333	7.932881610576715	62.93061064742621	12179487.439993557	3561.3007143648288	6520.22880263824	1.832957	64.056755	1.9582757	1.00149	-0.0765871992	-0.0433105744	-0.1456428375	-0.131595647	-0.1126317352	-0.0534800737	-0.1342476426	-0.013938324	0.0461553096	-0.1246300635	-0.032859991	0.0263207118	0.0618594821	0.0400744838	-0.0814151012	-0.0091410924	-0.0598914087	-0.0053025301	0.0901694282	-0.1463804161	-0.0518022192	-0.1327991968	0.0271268168	-0.0077411756	-0.0125128273	0.0004421613	-0.0905371982	0.0334543019	0.0503426122	0.0336649937	-0.0366337304	0.0157440224	0.0605321563	0.0728025428	0.0851580839	-0.1363265467	0.0328976876	0.0031803279	0.0671088536	0.0268849307	-0.0530827917	-0.0834303132	0.0772967672	-0.1152065735	-0.072250178	-0.0271377324	0.0942189547	-0.0170366355	-0.0313701345	0.1144357953	-0.0956517633	0.1457757919	0.0093241028	-0.0102726056	0.0760391244	0.0428994233	-0.0292993482	0.0178241905	-0.063613798	0.0821525807	0.0852131787	-0.0322412269	-0.0530181928	-0.0184417678	0.0080896413	0.0347463358	-0.09818193	0.061579371	-0.0569942665	-0.01050404	0.0184729008	-0.0485417232	-0.1458729521	-0.0124257606	-0.158370665	-0.1135434603	0.0423679126	-0.008495447	0.0431292272	0.0064777665	-0.0022672235	-0.0031014944	-0.0553070187	0.0052912365	0.0808852428	0.0555049406	-0.0094498338	-0.0103398585	0.0041554765	-0.0215003055	-0.056858381	-0.0205165496	-0.0224365979	-0.1074649065	-0.0540768883	-0.0669189907	-0.077570827	0.0298608894	0.0292043556	-0.0771639557	0.0957801421	0.0	0.111364	0.252691	0.012401940496	0.063852741481	0.0646018	-0.1712581999999999	0.00417339256324	0.0293293710672399	0.892657	-0.0709549999999999	0.0050346120249999	0.796836519649	0.0131349	0.00784822	6.159455716839999e-05	0.00017252559801	0.0187165	0.0072585	5.2685822250000016e-05	0.00035030737225	0.0195009	0.01416071	0.0002005257077041	0.00038028510081	0.0	0.0	0.0	0.0	0.0	0.0	0.0	0.0	0.0	0.0	0.0	0.0	0.0	0.0	0.0	0.0	0.0	0.0	0.0	0.0	0.0	0.0	0.0	0.0	0.0	0.0	0.0	0.0	0.0	0.0	0.0	1.0	0.0	0.0	0.0	0.0	0.0	0.0	0.0	0.0	0.0	0.0	0.0	0.0	0.0	0.0	0.0	0.0
5485.735806291982	-13.212106896430669	174.55976864271085	30093297.336433943	4548.897264836508	-26.75660245612471	715.9157749950989	20692466.326037064	3490.867599784656	0.9553602013224918	0.912713114270952	12186156.599226285	3547.345448092204	6414.639340737527	1.314154	45.926018	0.7829891	0.382068	-0.0669874168	-0.0012966022	-0.1531177314	-0.1699537789	-0.129730193	-0.1180939289	0.0428274856	0.02257353	0.0833090882	-0.081128065	-0.0246694729	-0.0726595782	0.0208769879	0.0904747412	-0.1520817618	-0.0255311079	-0.0440926698	0.0240628685	0.1079072748	-0.1526452476	-0.0276147279	-0.0601749376	0.1026458614	-0.1452418165	-0.0709479718	0.0046328925	-0.0368609965	-0.0776531384	0.0275461512	-0.0402677609	-0.0197528162	-0.0044665961	-0.0214522332	0.0526848869	0.1413128154	0.0127668474	0.0166156741	-0.0360204545	0.0589823126	0.0771596811	-0.0228517995	-0.0380577017	0.0848589793	-0.0846035239	-0.0309061128	-0.0376927655	0.0222289725	-0.0138761508	-0.0636121678	0.0725321735	0.0622916617	0.1341093586	-0.1013604174	0.0669544576	0.0875037174	0.0371851319	-0.0106347299	0.0384644025	-0.0787821319	0.1337947012	-0.004093803	0.0071874023	-0.0929837196	-0.0140198009	0.0408486151	0.1161501721	-0.0673508175	0.1088344397	0.0751182017	0.0122290426	-0.0351763986	-0.0131139537	-0.1593825891	-0.0448816993	-0.2169820026	-0.1608586939	0.0403541287	0.0069810408	0.119149698	-0.0168459994	-0.0507733906	0.0675705107	-0.0733588383	-0.0141171312	-0.0321506233	-0.0388142908	-0.01638658	0.0795494004	-0.0197574009	-0.0399975671	-0.0452921667	-0.0893748696	-0.0380906144	0.0414598428	-0.0586434167	0.0619718267	-0.0783724666	0.0324711814	0.02523451	-0.0737665775	0.0954819229	0.0	0.0324417	-0.0789223	0.0010524638988899	0.00622872943729	0.030378	-0.0342238	0.0009228228839999	0.0011712684864399	0.722869	-0.169788	0.028827964944	0.522539591161	0.0137564	0.0006215	3.8626225000000077e-07	0.00018923854096	0.0237295	0.005013	2.5130169e-05	0.00056308917025	0.0238675	0.0043665999999999	1.9067195559999982e-05	0.0005696575562499	0.0	0.0	0.0	0.0	0.0	0.0	0.0	0.0	0.0	0.0	0.0	0.0	0.0	0.0	0.0	0.0	0.0	0.0	0.0	0.0	0.0	0.0	0.0	0.0	0.0	0.0	0.0	0.0	0.0	0.0	0.0	0.0	1.0	0.0	0.0	0.0	0.0	0.0	0.0	0.0	0.0	0.0	0.0	0.0	0.0	0.0	0.0	0.0
5513.664732351204	27.92892605922225	780.0249108215037	30400498.78077348	4577.289738997318	28.3924741608098	806.132588972252	20951581.354730133	3497.5525563401443	6.6849565554884975	44.68864414876864	12232873.884361478	3559.8630876423617	6554.340068186205	1.217015	42.531292	0.6870596999999998	0.398754	-0.0508664559	-0.0141527979	-0.1762839492	-0.2216109673	-0.0812621463	-0.1807036337	-0.0890304335	-0.021221488	0.0900923403	-0.1613785944	0.1085434709	-0.0215499669	0.032859689	0.0398276071	-0.0293718519	0.0495486372	-0.1722312647	0.0325863897	0.1728088509	-0.1201403566	-0.0215072543	-0.1383119644	0.0352178255	-0.0260365022	-0.0482471991	-0.0461592307	-0.0249385737	-0.0773020708	0.0639107065	-0.0648751704	9.81917e-05	-0.0335758444	-0.1221020618	-0.080731022	0.1662223787	0.0588882485	0.1252123957	-0.1196058313	-0.0494574143	-0.0035460508	0.0219003323	0.0270110274	0.0450174634	0.0859520186	-0.0139711625	0.1465729016	-0.002921494	-0.1188750288	-0.1149397955	0.1528900339	-0.037194963	0.1318251144	0.0330685883	0.0698830625	0.0624466814	-0.0186333106	-0.0282379142	0.0327255404	-0.0754592055	0.1321316749	-0.0820643314	0.027466987	-0.0690052041	0.055507929	-0.0443608229	0.214259007	-0.014611222	0.0320292848	0.0420975769	-0.0001777638	-0.1287561181	-0.0438190835	-0.1609885695	-0.0567790138	-0.2051552091	-0.2044732737	0.0195824626	0.051630291	0.1832176698	-0.0230949023	-0.0592342939	0.0453696933	-0.109852082	-0.0258641187	0.0220672268	-0.1075831411	-0.0316995898	0.0703143747	0.0288622413	0.0933538362	-0.0993776575	-0.0353059228	0.0126225369	0.0189942855	0.0137419093	-0.0449701425	-0.0791578303	0.0350545013	0.0212175063	-0.0701241541	0.0946881851	0.0	0.02846	-0.0039816999999999	0.0008099715999999	1.585393488999998e-05	0.269268	0.23889	0.072505255824	0.0570684321	0.579076	-0.1437929999999999	0.0206764268489999	0.335329013776	0.0187913	0.0050349	2.535021801e-05	0.00035311295569	0.0237916	6.209999999999896e-05	3.856409999999871e-09	0.00056604023056	0.0229566	-0.0009108999999999	8.297388099999986e-07	0.00052700548356	0.0	0.0	0.0	0.0	0.0	0.0	0.0	0.0	0.0	0.0	0.0	0.0	0.0	0.0	0.0	0.0	0.0	0.0	0.0	0.0	0.0	0.0	0.0	0.0	0.0	0.0	0.0	0.0	0.0	0.0	0.0	0.0	0.0	1.0	0.0	0.0	0.0	0.0	0.0	0.0	0.0	0.0	0.0	0.0	0.0	0.0	0.0	0.0
5473.586228306767	-40.07850404443707	1606.2864864399585	29960146.198709503	4546.209512226889	-31.080226770428453	965.9804961012576	20668020.92906225	3482.491092998798	-15.061463341346098	226.8476779827124	12127744.212815965	3543.7607681225663	6486.1107308503215	0.975069	34.075951	0.2998142730000001	0.160226	-0.0505700782	0.0004197238	-0.1574188256	-0.1908027282	-0.0819983671	-0.1632527674	0.0198158065	-0.0378451507	0.0824267355	-0.0795755942	-0.0417282484	-0.0397851941	0.0909240531	0.078095571	-0.0517219609	0.0121594872	-0.143358564	0.0765924956	0.1159342501	-0.1333425264	0.02274152	-0.0685367286	0.0504610104	-0.1206643243	-0.1529513462	-0.0237968546	-0.0955125993	-0.1106469926	0.0210376552	-0.0801935756	0.0161239395	0.0033828956	-0.0448260764	-0.0673276192	0.2584441978	-0.0531854173	0.0508188383	0.0014650523	0.0231374444	0.0123605615	-0.009056726	0.0438750078	-0.0405092342	0.0343886376	-0.021636383	0.0151511218	0.0079858635	0.0294101682	-0.1214488141	0.0898789481	-0.0228816095	0.1336436648	-0.1162065474	0.0244663844	0.072931676	0.0190107842	-0.007477619	-0.0248225465	-0.1182059682	0.1524227933	-0.0264559111	-0.000835469	-0.1177356256	-0.0448706801	-0.1257842516	0.0986805476	-0.0076829068	0.054317673	0.0669031266	-0.0454633847	-0.114610789	0.0136766951	-0.153985411	-0.0540652664	-0.2010562351	-0.1964975399	0.0228017046	0.0499087335	0.1909607682	-0.0115504269	-0.0211549479	0.0214270264	-0.1120345785	-0.0255429587	0.0054968695	-0.0531042083	-0.0300492039	0.0528021658	-0.0092755075	0.0743268295	-0.1217539472	-0.0549543509	-0.000359391	0.0850528064	-0.0088697926	-0.0468547882	-0.0799267552	0.0376087033	0.0171608514	-0.0662487853	0.0934030479	0.0	0.000838727	-0.027621273	7.034629805290001e-07	0.0007629347221405	0.166104	-0.103164	0.027590538816	0.010642810896	0.5802	0.001124	1.2633760000000312e-06	0.3366320400000001	0.0208767	0.0020854	4.348893160000005e-06	0.00043583660289	0.024576	0.0007844	6.152833600000016e-07	0.000603979776	0.0224683	-0.0004883	2.3843689000000053e-07	0.00050482450489	0.0	0.0	0.0	0.0	0.0	0.0	0.0	0.0	0.0	0.0	0.0	0.0	0.0	0.0	0.0	0.0	0.0	0.0	0.0	0.0	0.0	0.0	0.0	0.0	0.0	0.0	0.0	0.0	0.0	0.0	0.0	0.0	0.0	0.0	0.0	0.0	0.0	0.0	0.0	0.0	0.0	0.0	0.0	0.0	0.0	0.0	0.0	0.0
5511.594731139636	38.008502832868544	1444.646287596176	30377676.480326194	4585.729524895335	39.520012668445816	1561.8314013141178	21028915.2754968	3499.86909755609	17.37800455729166	301.9950423932497	12249083.70002808	3558.9904383455223	6457.422901124472	1.034782	36.162754	0.2004963269999997	0.0998449	-0.0317316212	0.0023630983	-0.1625440653	-0.1906681553	-0.0728848691	-0.1735143189	0.0211826937	-0.0188288453	0.1241438819	-0.1627203196	0.0820999604	-0.0316093518	-0.0037220644	-0.0073688295	-0.0300848841	0.0241911657	-0.0943089905	0.0450577928	0.193989516	-0.1301807129	-0.0704282501	-0.0985155026	0.0826569962	-0.0433934122	-0.0605475219	0.0223012573	-0.0167636601	-0.0209596579	0.0922824296	-0.0628223126	0.001160592	-0.0372862503	-0.0932013607	-0.1428726766	0.1785169602	-0.0656742506	-0.0068850852	-0.1164749442	0.0314492184	0.0233618369	-0.0453779098	0.091396903	0.0656205887	0.0306806879	-0.0940929145	0.0967541373	0.0184091194	-0.0442118823	-0.1260977018	0.1330116443	0.0546257577	0.1528223993	0.0249374369	0.0935543698	0.103547636	-0.0106987515	0.0054133589	-0.015122776	-0.0347875507	0.1156707165	-0.0467054174	-0.0577970024	-0.0318072968	0.0072913506	-0.1234827696	0.1335685237	-0.0307070554	0.0710337564	0.030162475	0.0721357288	-0.1286623537	-0.0792207091	-0.1531853519	-0.0566443021	-0.1894793005	-0.1906880416	0.033559201	0.0415496643	0.1923367047	0.0034653124	-0.067242425	0.0446391623	-0.1037269967	-0.0271109725	-0.033425593	-0.111171035	-0.0421941242	0.1061519925	-0.0245528676	0.0540211508	-0.0893765775	-0.0453931361	-0.0066454756	0.101380542	0.0268457156	-0.0398993205	-0.0806790814	0.0401316657	0.0130721264	-0.0621533448	0.0916331806	0.0	-0.0196506	-0.020489327	0.00038614608036	0.0004198125209129	0.23551	0.069406	0.0554649601	0.004817192836	0.598976	0.0187759999999999	0.0003525381759999	0.3587722485759999	0.0201513	-0.0007254	5.262051600000015e-07	0.00040607489169	0.0247645	0.0001884999999999	3.553224999999913e-08	0.0006132804602499	0.0215457	-0.0009225999999999	8.511907599999984e-07	0.00046421718849	0.0	0.0	0.0	0.0	0.0	0.0	0.0	0.0	0.0	0.0	0.0	0.0	0.0	0.0	0.0	0.0	0.0	0.0	0.0	0.0	0.0	0.0	0.0	0.0	0.0	0.0	0.0	0.0	0.0	0.0	0.0	0.0	0.0	0.0	0.0	0.0	0.0	0.0	0.0	0.0	0.0	0.0	0.0	0.0	0.0	0.0	0.0	0.0
5420.392570810358	-91.20216032927785	8317.834048727298	29380655.62169612	4510.947413394326	-74.78211150100924	5592.364200549378	20348646.56640896	3459.8129240534854	-40.05617350260445	1604.497035670751	11970305.469447527	3513.2966566551554	6321.033499085869	1.921571	67.153557	0.8652081000000001	0.443573	-0.0073375656	-0.0452519934	-0.0992973511	-0.1318694921	-0.0800456767	-0.0968057913	-0.057135077	-0.0952666587	-0.0010005187	-0.0892447497	-0.0981708858	-0.0472260321	0.0559524113	0.0886824985	-0.0770701192	0.0775117548	-0.1249918737	0.0730822721	-0.0189962476	-0.1319113682	0.1183203532	-0.0863708935	-0.1635049833	-0.1472813181	-0.2532237139	-0.1156277151	-0.1203532629	-0.2320137174	-0.0759178293	0.0428106475	0.1335052091	0.0467406797	0.1204855737	0.0401233382	0.1157543128	0.0657923752	0.151958854	0.1434245682	0.072196851	-0.0315642256	0.1236546004	0.1599421348	-0.0852932078	-0.0089700126	0.0724892184	-0.0176630844	-0.1473060962	0.0909624002	-0.0686219326	0.0364572958	-0.1437947358	0.1390442251	-0.1401049972	0.0626700471	0.0253103125	-0.0946939	0.0666221568	-0.1085227047	-0.0771905765	0.116380009	-0.0466215486	0.1165614491	-0.0939937007	-0.1157150105	-0.0621419094	-0.1219741195	-0.0073487016	-0.0689488632	0.0959444435	-0.1175989606	-0.1282315407	0.1999277463	-0.1223737946	-0.0158231952	-0.0930524352	-0.1366156505	0.0285330718	-0.0027749469	0.088142229	-0.0568721922	0.0173662998	-0.0085592194	-0.1070829501	0.0070424493	-0.0268881973	-0.0345537693	-0.0027671444	-0.1490012715	0.0557452227	0.1432328482	-0.2028554381	0.0865519115	0.0783628609	-0.0977138576	0.0681225599	-0.0220887705	-0.0814146528	0.0426212929	0.0089589723	-0.0578514371	0.0893877684	0.0	-0.0521417	-0.0324910999999999	0.00271875687889	0.0010556715792099	0.278343	0.042833	0.077474825649	0.001834665889	0.688685	0.089709	0.008047704681	0.474287029225	0.0155944	-0.0045569	2.0765337610000007e-05	0.00024318531136	0.0211365	-0.0036279999999999	1.3162383999999994e-05	0.00044675163225	0.0157271	-0.0058186	3.385610596e-05	0.00024734167441	0.0	0.0	0.0	0.0	0.0	0.0	0.0	0.0	0.0	0.0	0.0	0.0	0.0	0.0	0.0	0.0	0.0	0.0	0.0	0.0	0.0	0.0	0.0	0.0	0.0	0.0	0.0	0.0	0.0	0.0	0.0	0.0	0.0	0.0	1.0	0.0	0.0	0.0	0.0	0.0	0.0	0.0	0.0	0.0	0.0	0.0	0.0	0.0
5461.727980465613	41.33540965525481	1708.6160913677322	29830472.53260098	4499.161864723315	-11.785548671010474	138.89915747675676	20242457.48498058	3472.6898962089344	12.87697215544904	165.81641189220986	12059575.11523162	3527.145822222948	6198.377596630609	2.72966	95.394012	3.7489588	1.99545	0.1955278859	0.1168678892	-0.0612600868	-0.1404325113	0.0232521637	0.0977660088	0.0795412292	-0.0019345827	-0.0833868615	-0.0081962046	0.0695883715	-0.1516058602	-0.1379740581	0.0437231994	0.0898385925	-0.1780326455	0.1163372816	-0.0145540717	-0.20443658	0.0916041017	0.0184460445	0.0270595447	0.1390322166	0.0284905284	-0.1813052068	-0.0926183544	0.1411429495	0.0124065954	0.0444358852	0.0930538806	0.0013641152	0.0474362903	-0.0321367253	0.0495103129	0.0872624663	0.091549303	0.2200659947	0.1207637147	-0.2577650247	-0.0482458772	-0.0536017622	-0.0448460158	-0.090791325	-0.2703025274	-0.1812588849	0.0251724018	-0.0193244879	0.0596119377	0.0669847649	-0.2012278034	0.0413495123	-0.1144221498	-0.03694078	-0.0008891092	0.10796266	-0.2039908586	-0.0928683231	-0.0071561329	-0.1235247169	-0.0482618921	-0.0596706207	-0.0369732274	-0.0103516827	-0.0845224521	0.1009164182	0.1813454095	-0.1241996163	0.0118467739	0.058651037	-0.0221656049	0.0125461572	0.1255060758	0.1911475601	-0.0172381836	-0.0320808731	-0.2003934687	-0.1017828109	-0.0725049388	-0.0734698853	0.0658565081	-0.0395122761	-0.0725867988	-0.1147855206	0.0371036145	-0.0458216221	0.1413603223	0.0692712957	-0.0630810639	0.110003827	-0.1827972954	0.0529865969	0.0770171186	-0.0178671246	0.0578380355	-0.1823535956	0.1107497526	-0.0821333167	0.0450755168	0.0048290757	-0.0533573527	0.0866784641	0.0	-0.0269882	0.0251535	0.00072836293924	0.0006326985622499	0.0744152	-0.2039278	0.00553762199104	0.0415865476128399	1.22477	0.5360849999999999	0.2873871272249999	1.5000615529	-0.0122426	-0.027837	0.000774898569	0.0001498812547599	0.00123918	-0.01989732	0.0003959033431824	1.5355670724000002e-06	0.00378557	-0.01194153	0.0001426001387409	1.43305402249e-05	0.0	0.0	0.0	0.0	0.0	0.0	0.0	0.0	0.0	0.0	0.0	0.0	0.0	0.0	0.0	0.0	0.0	0.0	0.0	0.0	0.0	0.0	0.0	0.0	0.0	0.0	0.0	0.0	0.0	0.0	0.0	0.0	0.0	0.0	0.0	1.0	0.0	0.0	0.0	0.0	0.0	0.0	0.0	0.0	0.0	0.0	0.0	0.0
5518.112657210035	56.384676744422	3179.2317715729623	30449567.29766159	4553.7392329713375	54.57736824802214	2978.689124880216	20736541.001902387	3506.171749674479	33.481853465544646	1121.034511488204	12293240.338215398	3564.6265160418275	6311.345616768836	1.721655	60.167034	0.4217103800000001	0.207056	0.1957928945	0.0327213589	-0.0524814443	-0.1292815567	-0.005165413	0.0759648254	-0.0012107385	0.0396666709	-0.0052943809	-0.1118450003	0.1300778443	-0.0925503115	0.0117255446	-0.0194605885	0.0033969446	-0.0725088345	0.0435265015	-0.1030478509	-0.0064049682	0.0708816236	-0.0178954115	-0.0258307678	0.1487520237	0.1204499666	0.0006875656	-0.1262372275	0.0790422537	0.0481594947	-0.0138379713	0.1122395466	-0.0291423465	0.1012502932	-0.1263628118	-0.0436024727	0.0646857239	-0.0198529674	0.0150462415	-0.0847448732	0.0580838598	0.1097727064	-0.0666467794	0.0215010932	0.1328980585	-0.0255694254	0.208132106	0.0260220296	0.0918125685	0.0528701743	0.0620637683	-0.001119292	0.0202245314	-0.063569849	0.0984970026	-0.0118257879	0.0672701564	-0.1836893384	-0.0777728477	0.1104716094	-0.0441876551	-0.0593695217	-0.0308113408	-0.0676321243	0.0645056849	-0.0515731008	-0.0659312535	0.1433622742	-0.0379658755	-0.0064666155	0.0136521409	0.0513018838	0.0106128527	-0.1965918576	0.1455536008	0.016545268	0.0149167117	-0.2016613878	-0.1025871555	-0.0796077103	-0.075579664	-0.0003191119	-0.0706692923	-0.0470222568	-0.103676861	0.0241532544	-0.0105425468	-0.0321045643	0.0729664839	0.0201158713	0.0767593852	-0.1080165865	0.2094791441	-0.0658324305	-0.1539488742	0.0463054331	-0.1002739287	0.078808454	-0.0828349236	0.0474922989	0.0006901546	-0.0486860206	0.0835193281	0.0	-0.00554662	0.02144158	3.0764993424400005e-05	0.0004597413528964	0.220761	0.1463458	0.048735419121	0.02141709317764	1.23232	0.0075500000000001	5.700250000000253e-05	1.5186125824000003	-0.0107434	0.0014991999999999	2.247600639999997e-06	0.00011542064356	0.00293167	0.0016924899999999	2.8645224001e-06	8.5946889889e-06	0.00552134	0.0017357699999999	3.012897492899999e-06	3.04851953956e-05	0.0	0.0	0.0	0.0	0.0	0.0	0.0	0.0	0.0	0.0	0.0	0.0	0.0	0.0	0.0	0.0	0.0	0.0	0.0	0.0	0.0	0.0	0.0	0.0	0.0	0.0	0.0	0.0	0.0	0.0	0.0	0.0	0.0	0.0	0.0	0.0	1.0	0.0	0.0	0.0	0.0	0.0	0.0	0.0	0.0	0.0	0.0	0.0
5487.994960953703	-30.117696256331328	907.075627788634	30118088.69145324	4532.978196030028	-20.76103694130961	431.0206548784224	20547891.32568365	3489.9705178285258	-16.201231845953316	262.4799133263319	12179894.215312308	3543.6273993488207	6350.947233668274	1.744386	60.961445	1.26174338	0.656082	0.1249931093	-0.0799665904	0.043529166	-0.0107903196	-0.0690017194	0.0166924734	-0.0740923204	-0.0156678213	-0.0807244718	-0.0734821554	-0.0629004842	-0.0334572655	0.0359585944	-0.0065327268	-0.0093428356	-0.0074568712	-0.0628866472	-0.0572418873	-0.0427101124	-0.0019639826	-0.005857555	-0.0416695707	6.71211e-05	0.0130522456	-0.0254154038	-0.0894507877	-0.0013643371	0.0772721357	-0.0786091813	0.0502664096	0.035261366	0.0227760871	0.0659275667	0.0319636754	-0.007591625	0.0092329178	-0.0369038631	-0.0079843572	0.028383316	-0.0427335045	0.0003709754	0.0276175329	-0.1024123779	0.0235589391	0.0127599057	-0.0467197343	-0.1408557651	0.0225733287	0.0747417509	-0.0050765223	-0.0742093454	0.0093792127	0.00732538	-0.0587450218	0.0764576699	-0.0503870997	0.0005134393	0.0131403529	-0.0316019578	-0.0319902157	0.0704585	0.0056758745	0.0198189846	-0.0657586256	-0.0171827276	-0.0785315848	0.1164805879	-0.0128829702	-0.1480455681	-0.0777856221	0.024325126	-0.0079397053	0.0560028504	0.1402482758	0.0491992909	-0.0349663078	-0.0077264104	-0.0314668411	-0.045034187	-0.002248598	-0.0369827705	-0.0507564285	0.0599222449	0.0202998649	0.0883111848	0.0402178742	-0.0155054014	0.0126909836	0.1029118035	0.1483976055	0.0289905257	0.0270578266	-0.0559621441	-0.1582904176	-0.0010067716	-0.1015033829	-0.0835193281	0.0498696316	-0.0034500563	-0.0438529584	0.0799267552	0.0	-0.0539475	-0.04840088	0.00291033275625	0.0023426451847744	0.302849	0.0820879999999999	0.0917175168009999	0.0067384397439999	1.15209	-0.08023	0.0064368529	1.3273113681000002	-0.00194835	0.00879505	7.735290450250001e-05	3.7960677225e-06	0.0107083	0.00777663	6.047597415690001e-05	0.00011466768889	0.00997015	0.00444881	1.979191041610001e-05	9.94038910225e-05	0.0	0.0	0.0	0.0	0.0	0.0	0.0	0.0	0.0	0.0	0.0	0.0	0.0	0.0	0.0	0.0	0.0	0.0	0.0	0.0	0.0	0.0	0.0	0.0	0.0	0.0	0.0	0.0	0.0	0.0	0.0	0.0	0.0	0.0	0.0	0.0	0.0	1.0	0.0	0.0	0.0	0.0	0.0	0.0	0.0	0.0	0.0	0.0
5504.713085477626	16.718124523922597	279.4956875973822	30301866.153428607	4538.616251968311	5.638055938283287	31.78767476321144	20599037.48263088	3498.301868865184	8.331351036658361	69.41141009602835	12238115.96570564	3552.455220168936	6325.22073276618	1.161005	40.573895	0.6931444999999998	0.335442	0.0323254544	-0.0480292658	0.0432818633	0.0114625743	-0.0633772823	-0.0149028642	0.0905182972	0.0530876384	-0.021440768	-0.026927539	-0.0549194643	-0.060694762	-0.0072834623	-0.0208573295	-0.0143037736	-0.0548576402	-0.0267560174	-0.051453033	0.0104537384	-0.0050425783	-0.0406800221	0.0718231556	0.0700366946	-0.0368475937	0.0391324223	-0.0558636366	0.0334535075	0.0628929568	-0.0117961336	-0.0024180802	-0.022299052	-0.0125255935	-0.0014098343	-0.0275152012	-0.0637318572	-0.0173791154	0.0421491538	-0.0311173775	0.0671667206	-0.0598329282	-0.092760757	-0.0193179578	0.0491635968	-0.0165346133	-0.0775099841	-0.0380807825	0.0243001255	-0.0171887604	0.0523878916	-0.0134340082	0.090027962	0.0166878754	-0.0491962556	-0.0331186483	0.0318536862	-0.0233579326	0.0345831843	0.1068793319	0.00435558	0.0020433508	-0.0357437256	0.0349289946	0.0089503813	0.0479916579	0.0566759023	0.0048482636	0.0179408054	0.0671804423	-0.0107570196	0.0037882056	0.1107136046	-0.0089222712	-0.0093381652	0.089537284	0.01913645	0.0358435633	0.0219847622	-0.0221490792	-0.0585666189	-0.0429885415	-0.0002018706	-0.0192905502	-0.0092086149	-0.0002967895	0.0496944496	0.117713285	-0.0082549369	0.0562926096	-0.06926835	-0.0257760684	0.0779935222	-0.1245292473	-0.0470602223	-0.0582494001	-0.0207625385	0.0113361194	-0.0841863878	0.0522055402	-0.0075838198	-0.0388742211	0.0759193896	0.0	-0.102281	-0.0483334999999999	0.010461402961	0.0023361272222499	0.157556	-0.1452929999999999	0.024823893136	0.0211100558489999	1.16614	0.0140499999999998	0.0001974024999999	1.3598824995999998	0.00215216	0.00410051	1.68141822601e-05	4.631792665600001e-06	0.014541	0.0038326999999999	1.4689589289999996e-05	0.000211440681	0.0117463	0.0017761499999999	3.154708822499996e-06	0.0001379755636899	0.0	0.0	0.0	0.0	0.0	0.0	0.0	0.0	0.0	0.0	0.0	0.0	0.0	0.0	0.0	0.0	0.0	0.0	0.0	0.0	0.0	0.0	0.0	0.0	0.0	0.0	0.0	0.0	0.0	0.0	0.0	0.0	0.0	0.0	0.0	0.0	0.0	0.0	1.0	0.0	0.0	0.0	0.0	0.0	0.0	0.0	0.0	0.0
5477.069118624022	-27.64396685360407	764.1889034031605	29998286.13018492	4517.425248141494	-21.191003826817	449.0586431881725	20407130.87254624	3485.4031589292867	-12.898709935897386	166.37671801041796	12148035.18027425	3539.041801560584	6287.143576498368	0.917828	32.07552	0.2612895	0.132422	0.005680577	-0.0337256851	0.0483309121	0.050514255	-0.1129067272	-0.0182204015	0.0566629334	0.0638193263	-0.03905404	0.0093598609	0.092638031	0.0003225564	-0.0083135842	0.0184133767	-0.0270728691	0.0342003766	-0.0448145116	-0.0322377	-0.0179319288	-0.0304689392	-0.0390400668	0.0261780432	-0.0357408516	-0.0428290235	0.0165854615	-0.0347614734	0.0497515268	-0.0120878803	0.0423794098	0.0353623429	0.0215753405	-0.0222106982	-0.0016602222	-0.033753254	-0.0838775835	0.0122788556	0.0637007636	0.032112069	0.0040725503	0.0834774379	-0.0766405161	0.0041993672	0.0569170073	0.0453327296	-0.0286677159	0.0321872644	-0.0028961465	0.0146836035	0.0502746476	-0.0225310461	0.0612788247	0.0473809716	0.0367473146	0.0523774907	-0.0145440629	-0.0662287033	0.0362559061	0.0400789263	0.0367110294	-0.0018828979	-0.019221791	-0.0301446208	-0.0086254993	0.0728702754	-0.0209665948	-0.0529226489	-0.0577301845	-0.0267024965	-0.0995247933	-0.0088952833	0.0240333155	0.0802675109	-0.0236247828	0.0974735553	-0.0108820242	0.0583670114	0.0444047776	-0.0328875413	-0.0591245805	0.0312449738	-0.0452744765	0.0009883335	0.0428805063	0.0599997196	-0.0287169319	0.0108529334	-0.0122092089	0.1029475049	0.0007400584	0.0106997066	0.1316982581	-0.0297376624	0.0162968936	-0.1426539982	-0.0344290978	-0.0670139935	-0.0848359644	0.0544980844	-0.0117034106	-0.0337663475	0.0715180283	0.0	-0.11209	-0.0098089999999999	0.0125641680999999	9.621648099999996e-05	0.220813	0.063257	0.048758380969	0.004001448049	1.17252	0.00638	4.070440000000067e-05	1.3748031504	0.00257773	0.0004255699999999	1.8110982489999973e-07	6.644691952899999e-06	0.0160299	0.0014888999999999	2.216823209999999e-06	0.00025695769401	0.0134687	0.0017224	2.9666617600000022e-06	0.00018140587969	0.0	0.0	0.0	0.0	0.0	0.0	0.0	0.0	0.0	0.0	0.0	0.0	0.0	0.0	0.0	0.0	0.0	0.0	0.0	0.0	0.0	0.0	0.0	0.0	0.0	0.0	0.0	0.0	0.0	0.0	0.0	0.0	0.0	0.0	0.0	0.0	0.0	0.0	0.0	0.0	0.0	0.0	0.0	0.0	0.0	0.0	0.0	0.0
5498.050108310135	20.98098968611339	440.2019282087964	30228554.99348909	4533.5844863088505	16.159238167356307	261.1209781493448	20553388.294500284	3488.0184153395435	2.615256410256734	6.839566091388939	12166272.46574778	3547.133800414315	6376.018135812648	1.089001	38.057552	0.6697519999999999	0.360227	-0.0558445748	-0.0071828724	-0.0247254974	-0.0138429369	-0.1237509396	-0.0926898428	-0.0143669694	0.0083130814	-0.0415323833	-0.0216524298	0.0162460414	0.0440382269	0.0046169089	-0.0587258432	-0.077431258	0.0105881637	-0.0659961126	-0.0393416701	-0.0171534356	-0.0553330201	-0.0718206167	-0.0271866705	-0.0316521473	-0.0012314445	0.0200915401	-0.0822803628	-0.0315831231	-0.0206362672	0.1273753336	0.0188530055	0.0091542565	-0.0419375914	-0.0945934316	-0.012785365	-0.021501162	0.0412307308	-0.0256665974	-0.035924097	0.095744718	0.0602353313	-0.069687201	-0.0137653709	0.0908995125	-0.0264339924	0.0864509936	-0.1323249341	0.0543645427	0.0433223405	0.0422343976	0.0020973796	-0.0128448663	0.0683049467	0.0954713563	-0.0118105099	-0.0239104493	-0.0503641373	0.0129537166	0.0445926285	-0.0063377979	0.1255403399	0.0879813835	-0.0298200995	-0.0300658623	0.0140454711	0.0497398572	-0.0793618157	-0.0376479295	-0.0161736967	-0.0016146307	-0.1365517076	0.0242450415	-0.0345600211	-0.0902905871	0.0372550238	-0.1055593535	0.0265689751	0.049489028	0.0065739235	-0.0635909879	-0.0266413588	0.0690040973	-0.0576918952	-0.0198515822	0.0183274164	0.0596086628	0.0825306272	0.0011272444	0.0730671402	0.1008257447	0.0194232753	0.2446335281	-0.0209200171	-0.0804713362	-0.1087495826	-0.0443337991	-0.0943411988	-0.0854679228	0.0567453599	-0.0158011302	-0.0285463055	0.0667455128	0.0	-0.0727359999999999	0.0393540000000001	0.0052905256959999	0.001548737316	0.246471	0.0256579999999999	0.060747953841	0.0006583329639999	1.23979	0.0672699999999999	0.0045252528999999	1.5370792441	0.00424743	0.0016697	2.7878980900000005e-06	1.80406616049e-05	0.0195297	0.0034998	1.2248600040000006e-05	0.00038140918209	0.0190486	0.0055798999999999	3.1135284009999986e-05	0.0003628491619599	0.0	0.0	0.0	0.0	0.0	0.0	0.0	0.0	0.0	0.0	0.0	0.0	0.0	0.0	0.0	0.0	0.0	0.0	0.0	0.0	0.0	0.0	0.0	0.0	0.0	0.0	0.0	0.0	0.0	0.0	0.0	0.0	0.0	0.0	0.0	0.0	0.0	0.0	0.0	1.0	0.0	0.0	0.0	0.0	0.0	0.0	0.0	0.0
5496.461121978627	-1.5889863315087496	2.5248775617216337	30211084.865422543	4517.745907578172	-15.83857873067882	250.86057620791144	20410028.08543932	3485.95251953125	-2.0658958082935897	4.267925490725024	12151864.968426269	3542.3418378529623	6404.107800391882	0.926203	32.36821	0.3046719999999998	0.147383	-0.063567078	-0.0133217082	-0.0180527438	0.0244088837	-0.1306390759	-0.0298893642	-0.0367721205	0.0193590955	-0.0203826753	0.0107904502	0.0565362787	0.0293891616	0.0600932723	0.0129972709	-0.0891477855	-0.0764546707	-0.0189178291	-0.0422197075	-0.0100243894	-0.0702209612	-0.0500907697	-0.0228005731	-0.0458169352	-0.040271538	-0.010351262	-0.0027084863	-0.0336036439	-0.0227758575	0.0843673892	0.0263491801	0.0228644122	-0.033931426	0.0998397218	0.0165619915	-0.0792413327	-0.0286525359	0.0423299322	0.0861209839	0.014869116	0.0648717669	-0.0570617844	-0.0159044304	0.0503454698	0.05133599	0.0715780417	-0.0003770054	-0.0435928505	0.0417130782	0.0490824693	0.0088264808	-0.0051279043	0.0783816552	0.036883672	0.0078187939	-0.0050896032	0.0094707864	0.0136517166	0.0137804645	0.009671827	0.055757547	0.1156885761	-0.046196864	0.0016130558	0.0283468649	0.0023399078	-0.0512961009	-0.0850958613	0.046905952	-0.0175003101	-0.0687625325	0.0514361347	0.119838842	-0.0789592783	0.0540513477	-0.0866974637	0.0624273619	0.0651551674	-0.0222692804	-0.0666885144	0.0176888904	-0.067332436	-0.0007771485	0.0156337755	0.0415002377	-0.0324169796	0.0696577376	-0.032618865	0.0985056697	-0.0013988833	-0.0702370215	0.1098626399	0.0049042927	-0.0269166111	-0.0843803477	0.0376611743	-0.007248984	-0.0860821319	0.0589455001	-0.0198693207	-0.0232314356	0.0616266108	0.0	-0.110038	-0.0373020000000001	0.012108361444	0.001391439204	0.215258	-0.0312129999999999	0.046336006564	0.0009742513689999	1.16795	-0.0718399999999999	0.0051609855999999	1.3641072025	0.00548697	0.00123954	1.5364594116e-06	3.01068397809e-05	0.0190483	-0.0004813999999999	2.317459599999999e-07	0.00036283773289	0.0174832	-0.0015653999999999	2.450477159999994e-06	0.00030566228224	0.0	0.0	0.0	0.0	0.0	0.0	0.0	0.0	0.0	0.0	0.0	0.0	0.0	0.0	0.0	0.0	0.0	0.0	0.0	0.0	0.0	0.0	0.0	0.0	0.0	0.0	0.0	0.0	0.0	0.0	0.0	0.0	0.0	0.0	0.0	0.0	0.0	0.0	0.0	0.0	0.0	0.0	0.0	0.0	0.0	0.0	0.0	0.0
5495.420302704521	-1.0408192741051607	1.0833047613487936	30199644.30337705	4547.995086195367	30.24917861719496	915.0128070149648	20684259.3040572	3490.696219826723	4.743700295472991	22.502692493270537	12184960.099112572	3557.223218958762	6410.872004564429	0.906459	31.678219	0.1425019999999999	0.0744144999999999	-0.0667393847	-0.0095071921	-0.042524391	-0.0097565826	-0.1032660212	-0.065570474	-0.0618746349	0.0506644601	-0.0256143375	0.0235122009	-0.0010884672	0.0559620961	0.0041319345	0.0032945939	-0.0311044738	0.0035399204	-0.0791322734	-0.0261249205	0.0095809823	-0.0503233562	-0.0239521442	-0.0248018024	-0.0381849271	0.0072059111	0.0258522766	-0.0535559145	-0.0348152054	0.0582339247	0.0746245526	-0.064441321	-0.0202836562	-0.0357336296	-0.0577256314	0.1078275034	-0.0245888015	0.0264708827	0.0379279659	-0.0146465023	0.0348488538	-0.001939412	-0.0005332276	-0.0241024653	0.0274988135	0.0207970292	-0.0298371905	0.0713932115	-0.0294093797	0.0575182813	0.034205859	0.0170318889	-0.0283342614	0.0409777846	0.0293867748	-0.0689810839	-0.0201449913	0.0218095762	-0.0039526172	0.0390751762	-0.0375415047	0.068397158	0.0612975294	-0.0069451181	-0.0184380437	0.0448023596	0.0662862464	-0.0232216426	-0.0039968798	0.0421116857	-0.0404921461	-0.0498474175	0.0988771131	-0.0269536395	-0.0887949709	0.023237618	-0.0787554013	0.0388605251	0.0566203721	0.0069716855	-0.0560768307	-0.0215671273	0.0660418202	-0.0482723927	-0.0354886893	0.0180802086	-0.0166169396	0.0269266213	0.0127725035	0.100595351	0.048792412	0.0022509721	0.2276755212	-0.093991841	0.0023429574	-0.1085171205	-0.0029670429	0.0431663205	-0.0866784641	0.0610966773	-0.0239003795	-0.0178393932	0.0561878877	0.0	-0.121142	-0.011104	0.014675384164	0.000123298816	0.266186	0.0509279999999999	0.070854986596	0.0025936611839999	1.21062	0.0426699999999999	0.0018207288999999	1.4656007844	0.00558437	9.740000000000008e-05	9.486760000000017e-09	3.11851882969e-05	0.0196879	0.0006396	4.090881600000008e-07	0.00038761340641	0.0175022	1.8999999999998185e-05	3.6099999999993103e-10	0.0003063270048399	0.0	0.0	0.0	0.0	0.0	0.0	0.0	0.0	0.0	0.0	0.0	0.0	0.0	0.0	0.0	0.0	0.0	0.0	0.0	0.0	0.0	0.0	0.0	0.0	0.0	0.0	0.0	0.0	0.0	0.0	0.0	0.0	0.0	0.0	0.0	0.0	0.0	0.0	0.0	0.0	0.0	0.0	0.0	0.0	0.0	0.0	0.0	0.0
5485.0063936366205	-10.413909067900931	108.44950207450924	30085295.138234604	4528.473384400874	-19.5217017944924	381.0968409530879	20507071.19322711	3486.6633067908656	-4.032913035857291	16.26438755478767	12156821.014921814	3540.295611807659	6367.828233244308	0.976424	34.123283	0.1651044999999999	0.0972224	-0.0708549622	-0.0052445153	-0.016531762	0.0351729022	-0.1163079674	-0.0199823609	0.0142107139	0.0133347006	-0.0229630902	0.0191659954	-0.117563711	0.0313065814	-0.0073797638	-0.0230259716	-0.092795994	0.00746115	-0.12984843	-0.0437087484	-0.0116726375	-0.0621313567	-0.0250849179	-0.0003624603	-0.0575260282	-0.0562353664	-0.0186679144	-0.0029511621	-0.0915563053	0.0676688041	0.0638615245	0.0011112869	0.0035255974	-0.0184780447	-0.0013346877	0.0331926797	-0.0872545687	-0.0027761568	-0.0016430769	0.0183663701	0.0450598539	-0.0787372979	0.0209520885	0.0211706204	0.0199709003	-0.0795070523	-0.059292126	-0.0662299252	0.0396374336	-0.0290384331	0.0597102979	0.0180876771	0.0015092497	0.0626944919	-0.0621543142	-0.0513858247	0.018682068	0.0102642234	0.0427408727	-0.0164395365	0.0724260832	0.0908178374	-0.0157873728	0.0139534131	-0.0076476606	0.0200302673	0.0387425035	-0.0915459588	0.0288403102	0.0118998495	-0.0871236216	-0.0744438703	0.051983428	0.037197789	-0.0664454613	0.0460240652	-0.0689345927	0.0836714573	0.0588802074	-0.0271773729	-0.0495175498	0.0338655376	-0.0531148564	-0.0359554824	0.0271744979	0.0409927085	0.0171578387	0.108493653	-0.0392632039	0.0557630701	0.0540719426	0.0126596935	0.0389903209	0.062935293	-0.0268308076	-0.0876541548	0.0165494552	-0.0511243327	-0.0872567955	0.0631971047	-0.0278867734	-0.0123880901	0.0504575686	0.0	-0.134327	-0.013185	0.018043742929	0.000173844225	0.242145	-0.0240409999999999	0.058634201025	0.0005779696809999	1.21366	0.0030399999999999	9.241599999999585e-06	1.4729705956	0.00625794	0.00067357	4.536965449000001e-07	3.91618130436e-05	0.019483	-0.0002049	4.198401000000037e-08	0.000379587289	0.0158839	-0.0016182999999999	2.6188948899999982e-06	0.00025229827921	0.0	0.0	0.0	0.0	0.0	0.0	0.0	0.0	0.0	0.0	0.0	0.0	0.0	0.0	0.0	0.0	0.0	0.0	0.0	0.0	0.0	0.0	0.0	0.0	0.0	0.0	0.0	0.0	0.0	0.0	0.0	0.0	0.0	0.0	0.0	0.0	0.0	0.0	0.0	0.0	0.0	0.0	0.0	0.0	0.0	0.0	0.0	0.0
5489.776395485579	4.7700018489586	22.752917639068464	30137644.87243064	4537.450398714348	8.977014313473774	80.58678598431301	20588456.120793	3484.403619791666	-2.259686999199402	5.106185334350801	12141068.585617268	3550.7374163670715	6392.700459669839	1.1108	38.819363	0.1738199999999999	0.0972925	-0.0604963098	-0.0232942217	-0.0239360404	-0.0026066084	-0.0394655949	-0.0366424098	0.0977312938	0.0316988508	0.0105359869	0.0205364551	0.0102545507	-0.0048415133	0.0273470534	-0.0336496286	-0.0154119366	-0.0300615075	-0.0685941633	-0.0029613728	-0.0182590501	-0.0383627579	-0.0106865414	0.0815722549	-0.0358679102	-0.0416310975	-0.0131415966	0.0044879707	0.0636550271	0.0375153431	0.0666154688	-0.0513325989	-0.0055564913	-0.012893918	-0.0228556068	0.07780621	-0.0467356265	0.087997079	-0.0108315317	-0.008024558	0.091611339	-0.0130622255	-0.013697116	-0.0235890164	0.0985626428	-0.0901260015	-0.0008959311	0.0372804274	0.1003392489	0.045715252	0.014015558	-0.0307978148	0.0742139841	0.0283591927	-0.0300262793	0.0047170943	-0.0680437134	0.0084355489	0.0412140319	0.0414870909	-0.0338882648	0.0306617267	-0.0449665273	0.035288926	-0.0173759248	0.0901013902	0.0783313047	-0.0463397438	-0.0619093147	0.0121656615	0.0253751172	-0.0424777242	0.1372509621	-0.0266069791	-0.0743046498	0.0156364723	-0.0194022857	0.0561168326	0.0426632256	0.0098942648	-0.0403265113	-0.0583042154	0.1055373546	-0.0567571777	-0.051941219	-0.0383247236	0.00828134	0.0659708309	0.0251171255	0.0560107904	-0.0213295252	-0.0321500682	0.1505677198	-0.1735783913	0.0254018952	-0.020328511	-0.005969124	0.10622838	-0.0878170061	0.0652450377	-0.0318210527	-0.006895635	0.0444653919	0.0	-0.14361	-0.0092829999999999	0.0206238320999999	8.617408899999973e-05	0.201346	-0.040799	0.040540211716	0.001664558401	1.21073	-0.0029299999999998	8.58489999999928e-06	1.4658671329	0.00585968	-0.00039826	1.5861102760000008e-07	3.43358497024e-05	0.019065	-0.000418	1.7472400000000145e-07	0.0003634742249999	0.014284	-0.0015998999999999	2.5596800099999987e-06	0.000204032656	0.0	0.0	0.0	0.0	0.0	0.0	0.0	0.0	0.0	0.0	0.0	0.0	0.0	0.0	0.0	0.0	0.0	0.0	0.0	0.0	0.0	0.0	0.0	0.0	0.0	0.0	0.0	0.0	0.0	0.0	0.0	0.0	0.0	0.0	0.0	0.0	0.0	0.0	0.0	0.0	0.0	0.0	0.0	0.0	0.0	0.0	0.0	0.0
5482.748353790613	-7.028041694966305	49.39337006618485	30060529.510993674	4527.368252877413	-10.082145836934616	101.64966467721798	20497063.297162283	3481.6441104517226	-2.7595093399436337	7.614891797236149	12121845.711843168	3537.6572626724137	6330.929650800358	1.536393	53.692654	0.3413790999999999	0.16771	-0.041623645	-0.0127515586	0.0268697456	0.0817397577	-0.0896199341	0.0313044154	-0.0092021504	0.0573452683	-0.017802475	-0.0217257386	0.0977347018	0.0555812593	0.0535329372	0.0373612391	-0.0627486432	-0.0027386299	-0.0351624021	-0.0472378255	-0.0293384822	-0.0788192748	-0.0541181171	0.0415171694	-0.0313640075	-0.0265101523	0.0279930022	0.032478989	-0.007753456	-0.0329180229	0.0375845681	0.0567023682	0.0329585515	0.0245960682	0.0947783895	-0.020818235	-0.200726558	-0.0217350552	0.0610711738	0.0460909991	-0.024955009	-0.004078664	0.0011248734	0.0389990548	0.046683103	-0.0648683837	0.1123344205	-0.0148095284	-0.0024882824	0.0958333142	0.0653504111	-0.0070118659	0.0442911429	0.073378844	0.051260607	0.0581751686	-0.0143401365	-0.0319493287	-0.013104709	0.0047805331	0.1033985075	0.0128098647	-0.0046604831	-0.0597211695	0.0322391329	0.0413672281	0.0224566099	-0.0146331514	-0.0740274393	0.0406291118	-0.09956798	-0.0284933096	-0.0145372332	0.159041737	-0.0286207401	0.0691745509	-0.0102114838	0.0810424686	0.0397671373	-0.0435308327	-0.0600819706	0.0881176697	-0.187203851	-0.0163632778	0.074786704	0.0571587865	-0.0449413534	-0.0083931273	-0.0757331837	0.0973733165	-0.0404046475	-0.0250433447	-0.0165312942	0.1270620197	0.0119775831	-0.0667264842	0.0834652322	-0.1366518162	-0.0883589795	0.067238775	-0.0356958649	-0.0013802733	0.038242455	0.0	-0.0805029	0.0631070999999999	0.00648071690841	0.0039825060704099	0.315551	0.114205	0.099572433601	0.013042782025	1.2189	0.00817	6.674890000000018e-05	1.4857172100000002	0.00589122	3.154000000000004e-05	9.947716000000022e-10	3.47064730884e-05	0.0172928	-0.0017721999999999	3.1406928399999934e-06	0.00029904093184	0.0129698	-0.0013141999999999	1.7271216399999992e-06	0.00016821571204	0.0	0.0	0.0	0.0	0.0	0.0	0.0	0.0	0.0	0.0	0.0	0.0	0.0	0.0	0.0	0.0	0.0	0.0	0.0	0.0	0.0	0.0	0.0	0.0	0.0	0.0	0.0	0.0	0.0	0.0	0.0	0.0	0.0	0.0	0.0	0.0	0.0	0.0	0.0	0.0	1.0	0.0	0.0	0.0	0.0	0.0	0.0	0.0
5420.367366058479	-62.38098773213369	3891.387630436614	29380382.383031733	4457.435791161643	-69.93246171577084	4890.549201627755	19868733.83232882	3448.025463115985	-33.61864733573748	1130.2134486846887	11888879.594296204	3521.6209091959563	6369.519548181583	2.867918	100.225746	2.802131	1.46959	0.0870884288	-0.0936591591	-0.0625227773	-0.1209690987	0.2395573179	0.0123730362	0.0303070844	-0.2768550641	-0.0411921737	0.0275495845	0.0082074533	-0.1000279388	0.0926932371	-0.0023974538	0.2012497495	-0.0317951897	-0.0550047688	0.3031294612	-0.089054233	0.086539307	0.0715860088	-0.0357943318	-0.0757682773	0.1512447026	-0.1565273241	-0.0539275531	0.1316482447	-0.0324196004	-0.1795027898	-0.1025445512	-0.156585741	0.1783483188	-0.4013701871	0.1397360833	-0.0939586175	0.0992998753	0.0403412502	-0.0790516963	-0.1050788884	0.0532051927	-0.132301632	-0.2016500655	-0.04370222	0.2280091892	-0.078479952	-0.0546042536	-0.0739789234	-0.1308428573	-0.2348078933	-0.1872627741	-0.1820607985	-0.0551048847	-0.0304475378	-0.0701268795	0.0248151616	-0.0676155389	-0.0288306913	-0.0192477991	-0.229030008	-0.1374543909	-0.1364156206	0.1910966285	0.0271132289	0.1218492079	-0.0164379032	0.0862644142	-0.1804207631	-0.3319441702	0.1352637496	-0.060615601	0.0561124741	-0.2131369402	-0.0300885877	-0.101596417	0.2122510459	-0.2040317684	-0.0953223791	0.0108112601	-0.0514568832	-0.2223242642	0.0968304866	-0.0542424042	-0.094017253	-0.0956673194	0.0232709188	-0.1125103143	-0.1187106144	-0.0193911229	-0.0707345418	-0.1225896901	0.0566313862	0.3881007888	0.1556260235	-0.1133991648	0.1095273249	-0.0102568121	-0.0888826032	0.0691766606	-0.0395039689	0.0041396735	0.0318210527	0.0	0.0989826	0.1794855	0.00979755510276	0.03221504471025	0.386289	0.0707379999999999	0.149219191521	0.0050038646439999	0.17204	-1.04686	1.0959158596000005	0.0295977615999999	0.0173341	0.01144288	0.0001309395026944	0.00030047102281	0.0058872	-0.0114056	0.00013008771136	3.465912384e-05	0.00571733	-0.00725247	5.2598321100900006e-05	3.26878623289e-05	0.0	0.0	0.0	0.0	0.0	0.0	0.0	0.0	0.0	0.0	0.0	0.0	0.0	0.0	0.0	0.0	0.0	0.0	0.0	0.0	0.0	0.0	0.0	0.0	0.0	0.0	0.0	0.0	0.0	0.0	0.0	0.0	0.0	0.0	0.0	0.0	0.0	0.0	0.0	0.0	0.0	1.0	0.0	0.0	0.0	0.0	0.0	0.0
5399.304804406497	-21.062561651981923	443.63150334353946	29152492.37088708	4428.274410558089	-29.16138060355388	850.3861187053285	19609614.255203582	3443.687041766827	-4.338421349158125	18.821899802831005	11858980.44163276	3527.323577003357	6359.9723153818895	2.548417	89.060066	0.5512206199999999	0.254997	0.1234565526	-0.0896617866	-0.0689638424	-0.106228887	0.2108005994	0.1044808207	0.2608455844	-0.4568205004	0.0399697576	-0.0324627177	0.0001542404	-0.0044642823	-0.0782848173	-0.0937702419	0.2158685317	-0.0773030971	0.1348987642	0.5095347666	-0.1446846749	0.2068976096	-0.1919718665	-0.1557434365	0.1076312494	-0.0287834684	-0.035855594	-0.1469573389	0.1649619688	-0.0226623338	-0.0522541758	-0.2253216805	0.1639101208	-0.0339557727	0.2370447145	0.021236402	-0.0277146584	-0.0674476884	-0.2285259374	0.0785517405	0.1566957408	0.0300693494	0.0264609363	0.0590298529	0.1882377488	0.0986578673	-0.1413901464	0.0234464925	0.1087285765	0.1467262351	-0.3644966971	-0.4136893201	-0.061319169	-0.1251710872	0.1369866481	-0.0263020763	0.2282077475	0.1016651161	0.0212720949	0.0151506358	-0.2098542294	-0.023412788	-0.0444273928	-0.1301560544	-0.0493554452	0.0656332525	0.0507256876	-0.2241200992	0.1769966731	0.1232794521	0.0065539967	0.1679024143	-0.0600385685	0.1347601705	0.0211330107	-0.0861188621	0.1932422075	-0.2205816353	-0.0281814177	-0.0333617407	0.071455537	0.1786201849	0.5333764442	-0.0476256033	0.0948154254	0.0851864984	-0.1887996174	-0.0478941756	0.0194664738	-0.0092794448	-0.089832414	-0.119003343	0.0031718462	-0.1134018781	0.2311616094	0.1180315362	0.1721124188	-0.2326040232	-0.0893877684	0.0710570848	-0.0432382481	0.0096458687	0.02523451	0.0	-0.00361412	-0.10259672	1.30618633744e-05	0.0105260869547584	0.191319	-0.19497	0.036602959761	0.0380133009	0.0810045999999999	-0.0910354000000001	0.00828744405316	0.0065617452211599	0.0159064	-0.0014277	2.0383272900000014e-06	0.00025301356096	0.00738751	0.0015003099999999	2.2509300960999984e-06	5.45753040001e-05	0.00604169	0.00032436	1.0520940960000006e-07	3.65020180561e-05	0.0	0.0	0.0	0.0	0.0	0.0	0.0	0.0	0.0	0.0	0.0	0.0	0.0	0.0	0.0	0.0	0.0	0.0	0.0	0.0	0.0	0.0	0.0	0.0	0.0	0.0	0.0	0.0	0.0	0.0	0.0	0.0	0.0	0.0	0.0	0.0	0.0	0.0	0.0	0.0	0.0	0.0	1.0	0.0	0.0	0.0	0.0	0.0
5513.967141160779	114.66233675428155	13147.45146995227	30403833.63380077	4571.804971320777	143.53056076268876	20601.02187285189	20901400.69579337	3508.4863221153846	64.79928034855766	4198.946733690971	12309476.27247074	3554.2086779943943	6242.682031111449	3.27681	114.515388	2.57949548	1.40597	0.0545082109	-0.0272527946	0.0163127555	0.0896517723	-0.1186167574	0.0456268701	-0.0734343274	-0.1104575104	0.0477247361	-0.1643698403	0.0258080573	-0.0053783747	-0.1202352107	-0.0138383652	0.047815596	-0.0547332595	0.0749584888	-0.0180292587	0.1015990104	-0.0125162671	-0.122721885	-0.2129691964	0.0685489048	0.0195576973	0.1185192582	0.0853900691	0.0420721872	0.0630265016	-0.0405170525	-0.0650841512	-0.0572244642	-0.036803662	0.0577897993	-0.1681415881	-0.0011499363	-0.0028020824	0.0695581408	-0.0743847158	-0.2385294713	-0.0639231901	0.0526615629	-0.1281171352	0.028188697	-0.0074773482	-0.0543950909	0.0254736626	0.0115831852	0.1045284951	-0.0269751018	0.1173510163	-0.0439533381	0.0437997716	0.1031175692	0.1001928376	0.1644063285	0.101878986	-0.0152623667	0.0249537444	0.1023974701	-0.0225075872	-0.0235313817	-0.0603257499	0.1405063354	0.0701060252	0.0754740999	0.0836236091	0.1602156756	0.0969329556	0.0625186646	0.0929335882	-0.1855690375	0.1027632646	-0.0090639601	0.0825058233	-0.0316723453	-0.0165889416	0.0666507743	-0.0718936605	0.013778098	0.0073820258	-0.1188886035	0.1256018118	0.1459480304	0.1012309901	-0.0627584007	-0.0878418414	0.0825591751	-0.125083138	0.0749480079	-0.0865434499	-0.0486038262	0.2448993204	-0.1063178891	-0.0126621322	0.0288204896	-0.0242052263	-0.0898743702	0.0728784856	-0.0468917239	0.0151200214	0.0185170088	0.0	-0.0520287	-0.04841458	0.0027069856236899	0.0023439715565764	0.244228	0.052909	0.059647315984	0.002799362281	0.830053	0.7490484000000002	0.5610735055425603	0.6889879828090001	-0.00105137	-0.01695777	0.0002875659633729	1.1053788769e-06	0.0170437	0.0096561899999999	9.324200531609998e-05	0.0002904877096899	0.0140102	0.00796851	6.349715162010003e-05	0.00019628570404	0.0	0.0	0.0	0.0	0.0	0.0	0.0	0.0	0.0	0.0	0.0	0.0	0.0	0.0	0.0	0.0	0.0	0.0	0.0	0.0	0.0	0.0	0.0	0.0	0.0	0.0	0.0	0.0	0.0	0.0	0.0	0.0	0.0	0.0	0.0	0.0	0.0	0.0	0.0	0.0	0.0	0.0	0.0	1.0	0.0	0.0	0.0	0.0
5461.423249195701	-52.54389196507782	2760.860582837769	29827143.906855326	4524.835609545548	-46.96936177522912	2206.1209455723542	20474137.293411437	3482.2971966396235	-26.189125475761102	685.8702931851592	12126393.76572418	3546.354247183301	6236.719692746608	1.859807	64.995064	0.6645494399999998	0.395254	-0.0254284998	-0.0130668556	0.0300835025	0.0115929385	-0.0524561787	-0.0720970255	0.030643107	-0.019222536	-0.0077520147	-0.0006858695	-0.111806417	0.0446993446	0.0385377423	-0.0146461186	0.0137052702	0.0971365566	-0.0971283506	-0.0090301692	-0.0248727543	-0.0542666091	0.0486657754	0.0446172906	-0.0159155074	-0.0046905603	-0.0099103952	-0.0039968414	-0.0554443315	-0.0034607371	-0.0438380663	-0.1857416596	0.0010450665	0.0385386315	-0.1341911785	0.0184197679	0.0358493171	0.0129298335	-0.0262692393	0.0188770908	0.031545957	0.0279652686	0.0409329713	0.0240578991	-0.0146645407	-0.0162893169	-0.0478052821	-0.0748387888	0.0345080148	-0.1009577527	0.0264827167	-0.0058391068	-0.0243379764	0.030180744	-0.0943751974	-0.0437205483	-0.0446451039	0.0617596613	0.0019138792	0.0085257835	-0.0741138657	0.0624912255	-0.0993911089	0.0670892584	-0.0012250734	0.0478674915	-0.0504707558	-0.0343187057	0.0349821634	-2.2753e-05	-0.0068472506	-0.0364145179	0.0175927761	-0.0799069042	-0.0600480639	0.019588414	-0.0594080199	0.0199519207	0.025438889	0.0074087316	-0.0101353904	-0.0758295668	0.1737555617	-0.0587901805	-0.0362367202	-0.0132347063	0.0406338168	0.0268454999	0.064262026	-0.0902701565	0.0796120684	0.0210336627	0.1867761055	-0.0147116714	-0.0830684995	0.0271985329	-0.0978355521	0.0419658237	-0.0903423075	0.07463935	-0.0504575686	0.0205439468	0.0117034106	0.0	-0.0608585	-0.0088298	0.00370375702225	7.79653680400001e-05	0.240788	-0.0034399999999999	0.057978860944	1.1833599999999991e-05	1.16813	0.3380769999999998	0.1142960579289999	1.3645276968999998	-3.28172e-05	0.0010185528	1.03744980638784e-06	1.07696861584e-09	0.0209374	0.0038937	1.516089969e-05	0.0004383747187599	0.015382	0.0013717999999999	1.8818352399999984e-06	0.000236605924	0.0	0.0	0.0	0.0	0.0	0.0	0.0	0.0	0.0	0.0	0.0	0.0	0.0	0.0	0.0	0.0	0.0	0.0	0.0	0.0	0.0	0.0	0.0	0.0	0.0	0.0	0.0	0.0	0.0	0.0	0.0	0.0	0.0	0.0	0.0	0.0	0.0	0.0	0.0	0.0	0.0	0.0	0.0	0.0	1.0	0.0	0.0	0.0
5463.396902177009	1.9736529813080776	3.895306090626264	29848705.71071734	4499.130166888807	-25.70544265674107	660.7697821790034	20242172.258608907	3486.597235576923	4.300038937299632	18.49033486229295	12156360.283132644	3542.62427352564	6221.020271268541	1.332668	46.57304	0.43801486	0.238961	-0.0626847912	0.0135126016	0.0353536847	0.0797376165	-0.0524144274	-0.0265704442	0.0109430946	0.0068914341	-0.0010609075	0.0471525261	0.1076160206	0.0730646818	0.0294438666	0.0441375697	-0.0709856248	0.0317834848	0.0307110684	-0.0204727733	0.0145428005	-0.0682865408	-0.0280460515	0.0122118143	-0.0359428903	-0.0333573582	0.0666832996	0.100502314	-0.0028789956	-0.021072836	0.0673835667	-0.0515230851	-0.0024728586	0.0157956231	0.0706934394	0.0018509465	-0.0489776572	-0.0242924807	-0.0087099534	-0.0156579005	-0.0874543618	0.0886583932	0.0105433347	-0.0020161367	0.0136314319	0.0526814602	-0.02026306	-0.0012878401	0.0408045945	-0.0505625968	0.0258008861	0.0170507208	0.0523512983	0.0613241927	0.0374620453	0.0929905192	-0.0861481193	0.0800449056	-0.0020419053	-0.0249311366	0.018611383	0.0152592291	-0.0331399039	-0.0788417364	0.010685586	0.0093620171	0.0031584968	0.0086144773	-0.0895348213	0.0035070576	-0.0633385994	0.0511116619	-0.0484485058	0.0560954092	-0.052312208	0.0232223726	-0.0492764297	0.0913705946	0.0457113921	-0.0206310426	-0.0158527185	0.025911057	-0.0517348641	0.0237355819	0.0387684705	0.0242547061	-0.0580244237	-0.0394947963	-0.0160884087	-0.009693343	-0.025341331	-0.1116883473	0.0339206434	0.1266419294	-0.0369590388	0.0829110406	0.0945613716	-0.0137961717	-0.0907914833	0.0763382156	-0.0539291185	0.0258996273	0.0048290757	0.0	-0.12033	-0.0594715	0.0144793089	0.00353685931225	0.288499	0.047711	0.083231673001	0.002276339521	1.13522	-0.0329099999999999	0.0010830680999999	1.2887244483999998	0.00389243	0.0039252472	1.540756558110784e-05	1.51510113049e-05	0.0216725	0.0007351	5.403720100000035e-07	0.00046969725625	0.0140839	-0.0012981	1.68506361e-06	0.00019835623921	0.0	0.0	0.0	0.0	0.0	0.0	0.0	0.0	0.0	0.0	0.0	0.0	0.0	0.0	0.0	0.0	0.0	0.0	0.0	0.0	0.0	0.0	0.0	0.0	0.0	0.0	0.0	0.0	0.0	0.0	0.0	0.0	0.0	0.0	0.0	0.0	0.0	0.0	0.0	0.0	0.0	0.0	0.0	0.0	0.0	0.0	0.0	0.0
5458.850178443452	-4.5467237335569735	20.672696709290264	29799045.270692103	4510.838999223481	11.708832334673389	137.09675464149308	20347668.476915494	3487.328537284656	0.7313017077326549	0.5348021877326974	12161460.326959938	3546.64762878418	6204.580383962626	1.005981	35.15625	0.13611	0.0622486	-0.0802947852	0.0096886207	-0.0020359692	0.0459143892	-0.0371180528	-0.0523070069	-0.1103098894	-0.0396143346	-0.0312543412	0.0456724398	-0.0218580848	0.1089470218	-0.018685693	-0.0092052102	-0.0981306297	0.056130392	0.0292583277	-0.0156460286	0.0160124378	-0.0593153127	0.010005713	-0.0620697314	-0.0884945692	0.0664225601	0.0715639125	-0.0102677516	-0.0902061586	-0.0343371994	0.039616799	-0.0654773372	0.0298189396	0.0130175425	-0.015996127	0.0315718743	0.0515730544	0.0416849655	0.0079492377	0.0443540243	0.0269714086	0.0016052155	0.0655393508	-0.050391213	-0.0685108303	0.0354544184	-0.097093571	-0.0437075409	-0.0093909703	0.0454698752	0.0155971506	0.0451750728	-0.1002969964	0.049617693	0.0546503161	-0.0274094655	-0.0805748528	0.0827765531	-0.0248368868	-0.0108269906	-0.0318818411	0.0392193743	0.025825189	-0.0132360555	-0.0118890833	-0.0523017429	-0.0028550918	-0.0445582808	0.0125163954	-0.0400586199	0.0428620776	-0.0140321267	-0.0199281193	-0.0147595008	-0.0681962572	-0.0132616012	-0.0533260313	0.0653357514	0.0366300822	0.010646592	-0.011257712	-0.0310575736	0.0920332052	-0.0298747116	-0.0241284663	-0.0093533868	-0.0211850994	-0.0386244497	0.0178237619	-0.0629689945	0.0502825155	-0.0292602379	0.0777388439	0.0372920074	0.0145747281	0.0572364472	0.0047048955	0.0852876386	-0.0912218041	0.0779736709	-0.057299886	0.0311692719	-0.0020703204	0.0	-0.128723	-0.0083929999999999	0.016569610729	7.044244899999995e-05	0.315787	0.0272879999999999	0.0997214293689999	0.0007446349439999	1.13945	0.0042300000000001	1.7892900000001507e-05	1.2983463025000002	0.00444991	0.0005574799999999	3.107839503999995e-07	1.98016990081e-05	0.0222454	0.0005728999999999	3.2821440999999736e-07	0.0004948578211599	0.0148775	0.0007936	6.298009600000003e-07	0.00022134000625	0.0	0.0	0.0	0.0	0.0	0.0	0.0	0.0	0.0	0.0	0.0	0.0	0.0	0.0	0.0	0.0	0.0	0.0	0.0	0.0	0.0	0.0	0.0	0.0	0.0	0.0	0.0	0.0	0.0	0.0	0.0	0.0	0.0	0.0	0.0	0.0	0.0	0.0	0.0	0.0	0.0	0.0	0.0	0.0	0.0	0.0	0.0	0.0
5469.900270443412	11.050091999960388	122.10453320758852	29919808.96859692	4521.528449537652	10.689450314171154	114.26434801913378	20444219.519978363	3492.083390299479	4.754853014823311	22.60862719257433	12194646.404805504	3549.8954311215894	6249.175094360846	0.894451	31.258583	0.1757569999999999	0.131961	-0.0765979871	0.0130005796	4.0848e-05	0.0505086109	-0.0456350872	-0.0397916129	0.0328996554	0.0262315047	-0.0104806262	0.0764180386	-0.0959279451	0.037626967	-0.0486893748	0.0409168394	-0.1059768537	0.0410636241	-0.000382563	-0.0178939339	0.0310150026	-0.0353057704	-0.0148746866	0.0586941798	-0.0017552584	-0.059546869	0.0308624544	0.0385791609	-0.0812500931	-0.0187737129	0.0492550003	-0.1050529526	0.0194311979	0.0346737829	0.0213881815	0.0264544681	-0.0435122512	-0.0422507983	0.0324180576	-0.0576449639	-0.0470263574	-0.0730272216	-0.0725000918	-0.0623766457	0.0395999025	-0.0085115627	-0.0306429527	-0.0002148311	0.0320028809	0.0302901426	0.0280630363	0.0189174398	0.0449396407	0.0338938839	-0.0575901428	-0.024496848	-0.034443951	0.1117951739	0.0153216736	0.0012441729	0.0392467389	0.0853689817	-0.0730497641	-0.0215704478	-0.0394752267	0.0016499832	0.0425813378	0.0093646216	0.0426844229	0.05312635	0.0138856866	0.0188549798	0.0228639529	0.043096162	-0.0617939152	0.0035699755	-0.062883971	0.0826945373	0.0449921311	-0.0148985818	-0.0052503585	0.0022461626	-0.0062137759	8.24166e-05	-0.0039309078	-0.0068810913	-0.0133504752	0.0578880622	-0.0164689093	-0.0220924717	-0.0291715762	-0.0779183162	0.0176736668	0.0773707742	-0.0333952255	0.0956901675	0.0187345975	0.0306069152	-0.0916331806	0.0795443577	-0.0605635717	0.0363353752	-0.0089589723	0.0	-0.143302	-0.014579	0.020535463204	0.000212547241	0.186063	-0.1297239999999999	0.034619439969	0.0168283161759999	1.15216	0.0127099999999999	0.0001615440999999	1.3274726656000002	0.00438643	-6.347999999999944e-05	4.029710399999929e-09	1.92407681449e-05	0.0219679	-0.0002774999999999	7.700625e-08	0.0004825886304099	0.0148436	-3.38999999999999e-05	1.1492099999999934e-09	0.00022033246096	0.0	0.0	0.0	0.0	0.0	0.0	0.0	0.0	0.0	0.0	0.0	0.0	0.0	0.0	0.0	0.0	0.0	0.0	0.0	0.0	0.0	0.0	0.0	0.0	0.0	0.0	0.0	0.0	0.0	0.0	0.0	0.0	0.0	0.0	0.0	0.0	0.0	0.0	0.0	0.0	0.0	0.0	0.0	0.0	0.0	0.0	0.0	0.0
5461.040868319561	-8.859402123851396	78.48900599210263	29822967.365456466	4525.512629166745	3.984179629092978	15.873687316879458	20480264.5567477	3490.449429211739	-1.6339610877403177	2.669828836249521	12183237.217884554	3551.364880560523	6178.988429144976	0.872446	30.489565	0.0828460000000001	0.0380915	-0.0785739969	0.022541492	0.0177070743	0.0598287996	-0.0326161283	-0.0430119704	-0.012526453	0.0196103277	0.0010961791	0.0553637412	0.0609596279	0.106998974	-0.026327823	0.0158569855	-0.0750763585	0.0567145317	0.0353178447	-0.0125247674	0.0321444249	-0.0284330077	-0.0065952955	-0.0071141985	-0.0441998689	0.0154969681	0.0321364059	0.0518979143	-0.0235542299	-0.0294228091	0.0665564463	0.0074976903	0.0243171718	0.0201130471	-0.0208428416	-0.0464358582	-0.02827931	-0.0215158032	0.0200360179	-0.0273271257	-0.0340731055	0.0633608783	-0.0123863298	-0.0166402244	0.0819719793	0.0485359749	-0.067918046	0.0298349561	-0.0320884509	-0.0289414779	0.0090750082	0.0306089186	0.010928211	0.0246384802	0.0453934255	0.0408369503	-0.0868181401	0.0618598046	-0.0149918636	-0.0206264002	0.0113756864	0.032532821	-0.0451734582	-0.0524984959	-0.0488783219	0.0178622385	-0.0665191327	-0.0043588306	-0.0469114954	-0.0494924616	0.0108923927	0.063298855	0.0228550837	-0.0034955838	-0.0608103911	-0.0175778627	-0.0512586261	0.0731129385	0.030989005	-0.0005695135	-0.0091546841	-0.0242149098	0.0530956669	0.0068488299	-0.0136922381	0.0045213153	-0.0619286045	-0.0347678627	0.0122480922	-0.0295285952	-0.0092760459	-0.0644583619	0.0790443816	0.0383208553	0.0406874438	0.0832709735	-0.0466720188	0.0743024698	-0.0920255275	0.0810489711	-0.0637140765	0.0413807762	-0.0158011302	0.0	-0.157616	-0.0143139999999999	0.024842803456	0.0002048905959999	0.195748	0.009685	0.038317279504	9.379922499999998e-05	1.13357	-0.0185900000000001	0.0003455881	1.2849809449	0.00429439	-9.203999999999984e-05	8.471361599999968e-09	1.84417854721e-05	0.0224918	0.0005239	2.744712100000008e-07	0.0005058810672399	0.0146544	-0.0001892	3.579664000000018e-08	0.00021475143936	0.0	0.0	0.0	0.0	0.0	0.0	0.0	0.0	0.0	0.0	0.0	0.0	0.0	0.0	0.0	0.0	0.0	0.0	0.0	0.0	0.0	0.0	0.0	0.0	0.0	0.0	0.0	0.0	0.0	0.0	0.0	0.0	0.0	0.0	0.0	0.0	0.0	0.0	0.0	0.0	0.0	0.0	0.0	0.0	0.0	0.0	0.0	0.0
5479.950670268586	18.909801949024768	357.5806097513409	30029859.348577123	4552.567016218268	27.05438705152301	731.9398587336158	20725866.437158503	3493.27645307492	2.827023863181239	7.992063922996176	12202980.377607694	3550.514673073724	6184.865275394815	0.954464	33.355843	0.4278469999999997	0.210352	-0.0481556076	0.0043730422	0.0492988213	0.0780041535	-0.0363124003	-0.0066847914	-0.0822965764	-0.0077027572	-0.0213567078	0.0118662981	-0.1128366254	0.0425408002	-0.0635580649	-0.0398707728	-0.04695538	0.0256615898	-0.0243171921	-0.0244101575	0.0220735833	-0.0054461416	-0.020781827	-0.0254399199	-0.0147417839	0.0222885293	-0.0069985231	-0.0178507486	-0.1056706392	0.0786415986	0.0181431523	-0.0152889736	-0.0078920565	-0.024047743	0.0359227822	-0.0715655103	-0.0356333811	-0.0179922624	-0.0847209237	-0.0753428722	-0.0272485341	-0.0183071725	0.0703591959	-0.0744175554	-0.0077600095	0.0011447607	0.0020820859	-0.0507174157	-0.0741934706	0.0849610349	0.0343368052	0.0441646569	-0.0615978873	0.0168649274	-0.0157234187	-0.0745985516	0.0370754571	0.0502469393	0.0114416152	-0.0476218544	0.071626447	0.0580582907	0.0372819115	-0.0343227308	0.0193363301	-0.0525410894	-0.0368404664	-0.0773453746	0.1218808335	0.0134911625	-0.0226397927	0.0478480353	-0.0129725757	-0.0667747567	-0.0178352646	0.0184590971	-0.0087140319	0.0968702396	0.0167377036	-0.0112200445	-0.0040754653	0.0066802301	0.0283113275	0.0003531628	0.0190355883	0.0094031495	0.016752283	0.0130663988	0.0023088685	-0.0726766297	0.0454546761	0.0264225502	-0.0640816375	0.1042456142	0.0022987932	-0.0010077862	-0.0077511063	0.010955029	-0.0923987632	0.0824862614	-0.0667455128	0.0462887143	-0.0225612856	0.0	-0.190957	-0.0333409999999999	0.0364645758489999	0.0011116222809999	0.24529	0.049542	0.0601671841	0.002454409764	1.11556	-0.0180099999999998	0.0003243600999999	1.2444741136000002	0.00276611	-0.00152828	2.335639758400001e-06	7.6513645321e-06	0.019727	-0.0027647999999999	7.644119039999988e-06	0.000389154529	0.0124084	-0.0022459999999999	5.044515999999999e-06	0.00015396839056	0.0	0.0	0.0	0.0	0.0	0.0	0.0	0.0	0.0	0.0	0.0	0.0	0.0	0.0	0.0	0.0	0.0	0.0	0.0	0.0	0.0	0.0	0.0	0.0	0.0	0.0	0.0	0.0	0.0	0.0	0.0	0.0	0.0	0.0	0.0	0.0	0.0	0.0	0.0	0.0	0.0	0.0	0.0	0.0	0.0	0.0	0.0	0.0
5481.454497487687	1.5038272191013675	2.2614963049101524	30046343.40802799	4535.049892735823	-17.51712348244473	306.84961509921663	20566677.5296032	3489.978061648638	-3.298391426282251	10.87938600097226	12179946.870788785	3544.527527524042	6258.010962338988	0.962286	33.629223	0.3735209999999999	0.191151	-0.0774384916	0.0056319917	0.0059322032	0.0381949164	-0.0152531675	-0.0205154661	0.0708895383	0.0720581757	0.0249531041	0.0448139707	-0.0897954037	0.015800102	-0.0418154586	0.0333906397	-0.1105062329	-0.0128317212	0.0663402941	-0.012818443	0.0234545694	-0.0128197336	0.0158410294	0.0848790685	0.0139694382	-0.110357087	-0.0081975585	0.0087236171	-0.0482438826	-0.0219862715	0.0115006822	-0.0063651515	0.0269467722	0.0030315515	0.0143345274	0.0958922906	-0.03175385	0.0324855118	-0.0047002596	-0.0025481482	0.0571669358	0.0112234275	-0.0548211263	-0.0695320125	0.0217628255	-0.0533905687	0.0371908148	-0.0278723634	0.0421083422	-0.0476317604	0.0095639337	-0.0025288964	0.0899482471	0.0132290444	-0.0800058315	-0.0262343931	-0.0399047866	0.0279510351	0.0416398465	0.0471657784	0.0035025242	0.0461635835	-0.033051777	0.0498855878	-0.0582887458	-0.0299814575	0.1178471149	-0.0064583519	-0.0658218399	0.015587822	0.0648392147	-0.0081340832	0.0791999473	-0.0120929079	-0.0496941846	-0.0159445344	-0.0286052586	0.0857082865	0.0269972953	-0.0016281269	-0.0049711271	-0.0243300339	0.0459256238	0.0039059459	-0.0358245309	-0.0284614665	0.0044927434	0.0916609182	0.0041283547	-0.0227080034	-0.0530655623	-0.0606653339	-0.0286890609	-0.0435138643	0.013250544	0.0693808543	-0.0534127264	0.1008856146	-0.0927528101	0.0838550348	-0.0696522155	0.051042886	-0.0292043556	0.0	-0.194186	-0.003229	0.0377082025959999	1.0426441000000062e-05	0.115645	-0.129645	0.0133737660249999	0.016807826025	1.12572	0.0101599999999999	0.0001032255999999	1.2672455184000002	0.00473015	0.00196404	3.8574531216e-06	2.23743190225e-05	0.0209516	0.0012245999999999	1.4996451599999982e-06	0.00043896954256	0.0138295	0.0014210999999999	2.0195252099999992e-06	0.00019125507025	0.0	0.0	0.0	0.0	0.0	0.0	0.0	0.0	0.0	0.0	0.0	0.0	0.0	0.0	0.0	0.0	0.0	0.0	0.0	0.0	0.0	0.0	0.0	0.0	0.0	0.0	0.0	0.0	0.0	0.0	0.0	0.0	0.0	0.0	0.0	0.0	0.0	0.0	0.0	0.0	0.0	0.0	0.0	0.0	0.0	0.0	0.0	0.0
5487.80433408674	6.349836599052651	40.320424834668536	30115996.40922121	4549.325311761153	14.275419025329938	203.787588348752	20696360.79223071	3493.084638296274	3.1065766476363024	9.650818467639208	12201640.290301412	3550.174868243734	6284.167237066336	1.277278	44.637302	0.9059295	0.450716	0.0412356196	-0.0337061734	0.0618629209	0.0522224105	0.0210481968	0.0119583553	-0.0080510171	0.0500738156	0.0044121502	-0.0341230062	0.0790152438	-0.0263655593	-0.0511730428	0.0087321832	-0.026429878	0.0224670815	0.1102742578	-0.020927649	0.0283088586	0.0014094553	-0.0216132466	0.0190142942	-0.0025159936	0.0513625993	0.0429407831	0.0302557734	0.0310089398	0.0161344096	0.0001145918	0.0407079573	-0.0157206333	-0.0065177284	-0.0041473845	-0.108420434	-0.0102045563	-0.038196311	-0.0118279282	-0.0271411023	0.0048404074	0.0325195009	-0.0679032858	-0.0615642995	-0.0365932815	-0.0478415475	-0.085585404	0.0185934965	-0.0516863917	-0.052119107	0.0083220028	0.0182101613	0.0366570313	0.0102400232	0.0612992822	0.0481930513	-0.0107280588	-0.0281863028	-0.0068013945	0.0261875861	0.0594063479	-0.0656507104	-0.0183073049	-0.0257299939	0.0174941073	-0.0052003204	-0.0581899515	-0.0268420951	-0.0305391114	0.0002557096	-0.0162716619	0.0672905616	-0.0130366789	-0.0802078783	0.038016852	0.0513189074	0.0584800429	0.0192799261	-0.0055023665	0.0052416035	0.0264667598	0.0117765796	-0.0321116587	0.0579676304	0.0312700216	0.0272848386	-0.0174539001	-0.0227882383	0.0299090183	-0.0050160103	-0.0616120648	-0.0066169169	-0.0297406354	-0.0560104432	0.0221983005	-0.0682603039	-0.1334785572	-0.0226884845	-0.0930875949	0.0851541541	-0.0724287524	0.0556274983	-0.0356958649	0.0	-0.147447	0.046739	0.021740617809	0.002184534121	0.093516	-0.0221289999999999	0.008745242256	0.0004896926409999	1.0511	-0.0746200000000001	0.0055681444	1.1048112099999998	-0.0010211	-0.0057512499999999	3.3076876562499994e-05	1.04264521e-06	0.0152992	-0.0056524	3.194962576e-05	0.00023406552064	0.00998432	-0.00384518	1.4785409232400002e-05	9.96866458624e-05	0.0	0.0	0.0	0.0	0.0	0.0	0.0	0.0	0.0	0.0	0.0	0.0	0.0	0.0	0.0	0.0	0.0	0.0	0.0	0.0	0.0	0.0	0.0	0.0	0.0	0.0	0.0	0.0	0.0	0.0	0.0	0.0	0.0	0.0	0.0	0.0	0.0	0.0	0.0	0.0	0.0	0.0	0.0	0.0	0.0	1.0	0.0	0.0
5486.447650821879	-1.3566832648612035	1.8405894811544543	30101107.82520891	4551.009238065145	1.6839263039919388	2.8356077972759515	20711685.08495429	3493.0763392678286	-0.0082990284454353	6.887387313814585e-05	12201582.311952734	3559.633859206965	6286.186446379888	1.063469	37.165268	0.6108945500000001	0.264442	-0.0214305714	-0.0122156788	0.0593255111	0.0488705298	0.0050446904	-0.0089572635	-0.0661164945	-0.0005472276	-0.0443780742	0.026497934	-0.0305104469	0.02535546	0.0117090904	-0.0139533402	0.0015488583	0.0380811927	-0.0684677615	-0.0197402449	0.0199367733	0.0014048189	0.0032779679	-0.029702484	-0.0404916129	0.0689423787	0.017082356	-0.0447661975	-0.0594582688	0.0533784117	-0.0042621619	-0.0418785209	-0.0221740881	-0.0364359679	0.0115796765	-0.0045067386	0.035828658	0.0333488851	-0.0060591899	-0.0074699979	0.0235117874	-0.037855882	0.0408369046	0.0193973515	-0.0665943014	-0.0268840594	0.0164601276	0.0299933028	-0.0527617398	0.0099221629	0.0195004028	0.0412228181	-0.0648013035	-0.0070956958	0.0242451545	-0.0624805945	-0.0178118599	0.0274759272	-0.0040956374	-0.0129473739	-0.0031268989	-0.0014986382	0.0704514628	0.0120328639	0.0303736547	0.002450009	-0.0180912152	-0.0608296407	0.0546652776	-0.0325724312	-0.07683758	-0.0483111584	-0.0037993618	-0.043319838	-0.001624408	0.0196579643	0.0217559368	0.0740699323	-0.0007045093	0.0125478123	-0.0002128166	-0.0062867439	0.0554859035	-0.0036016941	0.0100725886	0.0124235039	0.0311334091	-0.0308949948	0.0203737498	-0.0454400392	0.0479195904	0.0763366656	0.0128575884	-0.0237179904	0.019779244	-0.0633171509	-0.0286197354	-0.0130432997	-0.0934030479	0.0863825404	-0.0750699348	0.0600273217	-0.0420021249	0.0	-0.172696	-0.0252489999999999	0.0298239084159999	0.0006375120009999	0.251931	0.158415	0.063469228761	0.025095312225	1.13724	0.0861400000000001	0.0074200996	1.2933148176	0.000937231	0.001958331	3.835060305561e-06	8.784019473609999e-07	0.0182293	0.0029300999999999	8.585486009999998e-06	0.00033230737849	0.0119177	0.00193338	3.737958224400001e-06	0.00014203157329	0.0	0.0	0.0	0.0	0.0	0.0	0.0	0.0	0.0	0.0	0.0	0.0	0.0	0.0	0.0	0.0	0.0	0.0	0.0	0.0	0.0	0.0	0.0	0.0	0.0	0.0	0.0	0.0	0.0	0.0	0.0	0.0	0.0	0.0	0.0	0.0	0.0	0.0	0.0	0.0	0.0	0.0	0.0	0.0	0.0	0.0	1.0	0.0
5479.963117224147	-6.48453359773157	42.04917598010954	30029995.76613699	4526.327488219339	-24.681749845805825	609.1887754509359	20487640.53060999	3488.772775315505	-4.303563952323657	18.520662691739613	12171535.477782652	3542.7258819204008	6255.632491307218	0.948618	33.151546	0.2843684500000001	0.153887	-0.0552907265	0.003387805	0.0420403142	0.0539244224	-0.0200817255	-0.0068164912	0.0740614438	0.0359003242	0.0061107996	0.0166932127	-0.0629265542	0.0117786776	-0.0189090393	0.0124428549	-0.0562193463	-0.0315262594	-0.0027229052	-0.0134837803	0.0101873805	-0.0157412143	0.0188739581	0.0800372262	-0.0351710312	-0.0652239559	0.0375424159	0.0198809206	-0.0234278952	0.0074168464	0.0561911597	-0.020887431	0.0019446481	0.014530631	0.0535608058	0.0128171423	-0.021458801	-0.0222280032	-0.0502689058	-0.0521501873	0.0238708593	-0.1200155773	-0.0389651749	0.0034608655	0.0061284409	-0.0549102956	0.0398013324	-0.1006215872	0.096196699	0.0667729744	0.0173078214	-0.0047903189	0.065212785	0.0104001149	-0.0505601904	-0.0054784324	-0.0412947278	0.0196830008	0.0405266676	-7.07978e-05	0.0248190493	0.0312035864	-0.0279429799	0.0295208064	-0.0119587071	-0.0109300983	0.1163108469	-0.001397416	0.0203422314	0.0615403652	-0.0151036153	-0.0502010882	0.039018586	0.0314256891	-0.0264876891	0.0082830591	-0.0040705774	0.0919023693	0.0177436603	-0.0025982208	-0.0146410368	0.0011768665	-0.0121819354	0.0015389923	0.0062845757	-0.012742508	0.0297513805	0.0749739392	-0.0006545374	-0.0186299731	-0.0332622908	-0.0062038977	-0.070148644	0.0134263053	-0.0441547501	0.0427570894	0.0014245026	0.0022666462	-0.0936991036	0.0875391733	-0.077570827	0.0642277404	-0.0480904081	0.0	-0.177536	-0.00484	0.031519031296	2.3425600000000107e-05	0.22168	-0.030251	0.0491420223999999	0.000915123001	1.1151	-0.02214	0.0004901796	1.24344801	0.00336958	0.002432349	5.9163216578010015e-06	1.13540693764e-05	0.0192354	0.0010060999999999	1.0122372099999986e-06	0.00037000061316	0.013022	0.0011043	1.2194784900000015e-06	0.000169572484	0.0	0.0	0.0	0.0	0.0	0.0	0.0	0.0	0.0	0.0	0.0	0.0	0.0	0.0	0.0	0.0	0.0	0.0	0.0	0.0	0.0	0.0	0.0	0.0	0.0	0.0	0.0	0.0	0.0	0.0	0.0	0.0	0.0	0.0	0.0	0.0	0.0	0.0	0.0	0.0	0.0	0.0	0.0	0.0	0.0	0.0	0.0	0.0
5483.178242689471	3.215125465323581	10.337031757772174	30065243.64110319	4535.278506630345	8.951018411005862	80.1207305941659	20568751.13270317	3485.742634339944	-3.030140975561153	9.181754331774696	12150401.712855171	3545.97213947082	6317.313964743746	0.8203169999999999	28.667801	0.1940174999999998	0.122196	-0.0570154796	-0.0284864142	0.0196266881	0.0516152757	-0.003631746	0.0169895464	0.0225263899	0.0446134371	0.0320016149	0.0184555005	0.0926096706	-0.0075221913	0.0623025062	0.0029670868	0.0027015192	0.0014696208	0.0197568468	0.0112364167	0.0198298623	-0.003968482	0.052735017	0.0421287482	-0.0257881557	-0.0537945382	0.0201609162	0.0609914334	0.0494663678	-0.0739585329	-0.0113430027	-0.0267043351	0.0330732216	-0.058255248	-0.0039089823	-0.0195132209	0.0263273885	0.0244105252	0.047023398	0.0372138874	0.006079703	0.031139632	0.0211175114	0.1084702421	-0.0578914885	0.0071817602	-0.0018286453	-0.000366906	-0.0185241568	-0.037626268	-0.0203950612	0.0093670893	0.0651548601	-0.0044101281	-0.0027700973	0.0696253783	-0.0706059804	-0.0001585487	0.0313790686	0.0032485768	0.0232090624	-0.017298658	0.0152295024	0.0232498208	-0.0530475412	0.0324077318	-0.0624321784	0.0289500719	-0.0285662567	-0.006995527	-0.0176010796	-0.0065301688	-0.081589715	0.0472743596	-0.0346183503	-0.0061605248	0.0176155193	0.0675913695	0.0210248049	-0.0015406964	-0.0093958732	0.0001753606	0.0128610403	0.0363114063	0.014337298	0.0095369776	-0.0149932208	-0.0425912656	0.0303934415	-0.0152286076	-0.0130297675	0.0112055942	-0.0652459607	-0.0652756792	0.0706259001	-0.0006823546	-0.0085229194	0.0436660445	-0.0939757006	0.088623092	-0.0799267552	0.0682148009	-0.0539291185	0.0	-0.17402	0.0035159999999999	0.0302829604	1.236225599999994e-05	0.240766	0.019086	0.057968266756	0.000364275396	1.0078	-0.1072999999999999	0.0115132899999999	1.01566084	0.00356159	0.0001920099999999	3.686784009999994e-08	1.26849233281e-05	0.0182688	-0.0009665999999999	9.343155599999962e-07	0.00033374905344	0.0131457	0.0001236999999999	1.5301689999999792e-08	0.00017280942849	0.0	0.0	0.0	0.0	0.0	0.0	0.0	0.0	0.0	0.0	0.0	0.0	0.0	0.0	0.0	0.0	0.0	0.0	0.0	0.0	0.0	0.0	0.0	0.0	0.0	0.0	0.0	0.0	0.0	0.0	0.0	0.0	0.0	0.0	0.0	0.0	0.0	0.0	0.0	0.0	0.0	0.0	0.0	0.0	0.0	0.0	0.0	0.0
5483.299263935879	0.1210212464084179	0.014646142082247	30066570.81787975	4541.037069110779	5.758562480434193	33.16104184106441	20621017.663038217	3490.902573367388	5.159939027444125	26.624970766941026	12186400.77674305	3556.0248398112685	6369.5723725856205	0.887304	31.008787	0.3397434999999999	0.170865	-0.0772407299	-0.000883615	0.0260932079	0.0439535292	-0.0052625059	-0.0198567784	-0.1058391731	0.0057017104	-0.0092136543	0.0571038711	0.1191846087	0.0677485996	0.102853743	0.0409752577	0.0201128601	-0.0297532507	0.0394232024	-0.0147422224	0.0202276485	0.0032090407	0.0030931705	-0.0387168319	-0.048454862	0.023216534	0.0705500738	0.0501971456	-0.0065621718	-0.0336808209	0.0747838474	0.0142659027	-0.0280319359	-0.0135315112	-0.0115374224	0.0262721664	0.0096202681	-0.0236264153	-0.0533284196	-0.0210548341	-0.013800142	-0.0407124122	0.0319187966	0.0241225827	-0.06203579	0.1043140918	0.0576181614	-0.0404592716	0.0245946834	0.0074638091	-0.0024489447	0.0457908021	-0.0382393523	-0.0155637864	0.0774015306	0.0133706492	-0.0858227935	0.071656061	-0.0341955396	-0.0166050993	-0.0362817094	0.0122433983	0.086444369	-0.0127628963	-0.0328755859	0.0216837166	0.0733113925	0.1220601555	-0.0309486187	0.0132274526	-0.0352078153	-0.0875530121	-0.0131360225	0.0462417454	-0.0387962907	-0.0109376587	-0.0114787649	0.0903862808	0.0124771923	0.0067194158	-0.0124652434	0.0113755393	0.0055746767	0.0032871649	0.0135334726	-0.0021992665	0.037416196	0.0034710105	-0.0169091805	-0.0368505893	0.0252528903	0.0106707206	-0.0697842177	0.0731490105	-0.0341528838	0.0323860441	0.094862964	-0.0227978424	-0.0942327815	0.0896333961	-0.0821333167	0.0719752588	-0.0594879552	0.0	-0.182104	-0.0080839999999999	0.0331618668159999	6.535105599999967e-05	0.369096	0.1283299999999999	0.1362318572159999	0.0164685888999999	1.08104	0.0732399999999999	0.0053640975999999	1.1686474816	0.00386278	0.00030119	9.071541610000013e-08	1.49210693284e-05	0.0198182	0.0015493999999999	2.400640359999998e-06	0.00039276105124	0.0138969	0.0007512	5.643014400000007e-07	0.00019312382961	0.0	0.0	0.0	0.0	0.0	0.0	0.0	0.0	0.0	0.0	0.0	0.0	0.0	0.0	0.0	0.0	0.0	0.0	0.0	0.0	0.0	0.0	0.0	0.0	0.0	0.0	0.0	0.0	0.0	0.0	0.0	0.0	0.0	0.0	0.0	0.0	0.0	0.0	0.0	0.0	0.0	0.0	0.0	0.0	0.0	0.0	0.0	0.0
5465.295101121222	-18.00416281465732	324.1498786566894	29869450.542339627	4558.426056054221	17.388986943441523	302.37686691917975	20779248.10851404	3486.222503380409	-4.680069986979106	21.90305508302261	12153747.343075965	3558.695569510658	6243.874334782618	0.8411999999999998	29.397589	0.1316244999999999	0.109454	-0.077739594	0.0046774694	0.0327737702	0.0625035442	0.0035619716	-0.0214216984	-0.0007123629	0.0402068775	0.0224762115	0.0836715113	-0.0694190112	0.0592506977	0.070549375	0.011631075	0.0312349727	0.0628313113	-0.0389684786	0.0127987714	0.0128649688	0.0077839443	0.042287869	0.029599337	-0.0470108374	0.0252058246	0.0261293736	0.0582604041	-0.0822293727	0.0199835237	-0.020348547	-0.0586220081	-0.028225582	-0.0074481442	0.015876915	0.0274458262	0.0083132994	-0.0151094191	-0.028730474	0.1106719511	-0.046494573	0.0470238587	0.1397541731	0.0598839809	-0.0663154625	-0.031067964	0.0055721641	0.0260119313	-0.0088239668	-0.0012937951	-0.0074510949	0.030654656	-0.0275377894	-0.0164348815	-0.0688039792	-0.0554135709	-0.071601548	0.1245893382	0.0155566857	-0.0473578589	-0.0039457705	-0.0154553621	0.0244976699	0.023809683	0.0356859369	0.0412532199	-0.0959370704	-0.0040331613	-0.0270674101	0.0276206429	-0.0485610259	0.0574728035	0.0315969232	0.040572182	-0.0403806246	-0.0207664352	-0.0036847098	0.0863941875	0.0148282508	0.008370967	-0.0139601592	-0.0020132711	0.0049835399	0.0141694786	0.0048363725	-0.0045891203	-0.0182499175	-0.0364445436	0.0013483933	-0.0139589322	-0.0187475912	-0.0019031524	-0.0431156578	-0.0108206089	0.0349195532	0.0434463945	0.0478584876	0.0506330534	-0.0944702927	0.0905692465	-0.0841863878	0.0754966221	-0.0647380696	0.0	-0.19016	-0.008056	0.0361608256	6.489913600000012e-05	0.260348	-0.1087479999999999	0.067781081104	0.0118261275039999	1.07908	-0.0019599999999999	3.84159999999985e-06	1.1644136464	0.00394119	7.840999999999968e-05	6.1481280999999505e-09	1.5532978616099997e-05	0.0197459	-7.230000000000084e-05	5.227290000000121e-09	0.00038990056681	0.0137904	-0.0001065	1.1342250000000147e-08	0.0001901751321599	0.0	0.0	0.0	0.0	0.0	0.0	0.0	0.0	0.0	0.0	0.0	0.0	0.0	0.0	0.0	0.0	0.0	0.0	0.0	0.0	0.0	0.0	0.0	0.0	0.0	0.0	0.0	0.0	0.0	0.0	0.0	0.0	0.0	0.0	0.0	0.0	0.0	0.0	0.0	0.0	0.0	0.0	0.0	0.0	0.0	0.0	0.0	0.0
5469.988632607969	4.693531486746906	22.02923781708462	29920775.640860397	4565.294679632598	6.868623578377083	47.1779898614376	20841915.5118817	3485.803176457332	-0.4193269230768237	0.1758350684170764	12150823.785000026	3548.2787790651028	6225.206481322661	0.770788	26.936882	0.1818085	0.095736	-0.0875963304	0.0164245542	0.0304249616	0.0610732315	-0.0084433918	-0.0329102356	0.0509308336	0.0439178257	0.0354210157	0.0421218973	0.028287156	0.03530804	-0.0230517161	-0.0159972746	-0.017655718	0.0261320185	-0.0422485268	-0.0170506772	-0.0028042258	-0.0229744834	0.0169199871	0.0448044391	-0.0584427082	-0.0187171157	0.0560254251	0.0394922429	0.02029799	-0.0640964279	0.0590561935	-0.033389507	-0.0019063427	-0.018071188	0.0046255434	-0.0086444935	-0.017958495	0.0691664597	-0.0348576898	-0.0459041266	0.0011680171	-0.000618825	0.0663719446	-0.0049197599	-0.0681594044	0.0509278157	-0.0453405845	-0.0444302516	-0.0326390015	-0.0090146122	0.0097566216	0.0017035601	0.0555054811	0.0073660107	0.0141357629	0.0380043847	-0.1004880071	0.0179086648	0.0005494828	-0.0375404305	0.0343388913	0.0462010476	-0.0120958227	-0.0143122402	-0.0078628716	0.0133981524	0.0109291673	-0.0609175447	0.0118760266	-0.0488326848	-0.0251600857	0.0215228526	-0.0466834463	-0.0102409466	-0.0374936338	-0.0194059374	-0.0217233125	0.0949820813	0.0111292795	0.0066396261	-0.0127197996	0.0157926997	0.0203611919	-0.0045003341	0.0127446969	0.0049772222	0.0041757241	-0.0354221408	-0.0164605606	-0.0096992476	0.0399127294	0.0481032861	0.0058079817	0.0535227832	0.0256714642	0.0353459085	0.0084024687	-0.0368372752	-0.0946881851	0.0914298658	-0.0860821319	0.0787671932	-0.0696522155	0.0	-0.186972	0.0031879999999999	0.034958528784	1.0163343999999976e-05	0.307763	0.0474149999999999	0.094718064169	0.0022481822249999	1.15009	0.07101	0.0050424201	1.3227070081	0.00367928	-0.0002619099999999	6.859684809999987e-08	1.35371013184e-05	0.0203412	0.0005953	3.5438209e-07	0.00041376441744	0.0141371	0.0003467	1.2020089000000008e-07	0.0001998575964099	0.0	0.0	0.0	0.0	0.0	0.0	0.0	0.0	0.0	0.0	0.0	0.0	0.0	0.0	0.0	0.0	0.0	0.0	0.0	0.0	0.0	0.0	0.0	0.0	0.0	0.0	0.0	0.0	0.0	0.0	0.0	0.0	0.0	0.0	0.0	0.0	0.0	0.0	0.0	0.0	0.0	0.0	0.0	0.0	0.0	0.0	0.0	0.0
5467.079313647761	-2.9093189602072016	8.464136812221113	29888956.22171528	4506.666478627036	-58.628201005562005	3437.265953148581	20310042.749580607	3484.183744991987	-1.61943146534486	2.6225582709490007	12139536.368866388	3535.507125231187	6206.518602635772	0.794432	27.763201	0.1563290000000001	0.113322	-0.0866651515	0.017676456	0.0331414023	0.0564909618	-0.0020584905	-0.0271696361	-0.0715801052	-0.0156777762	-0.0029329174	0.0492768916	-0.0486600403	0.0673187962	0.020080325	-0.055064773	-0.0817502748	-0.0368455283	0.0183395	-0.0121332064	-0.0005619163	-0.0339064972	0.0218532733	-0.0136275473	-0.1046814377	0.0255702199	0.0082648332	0.0090492403	-0.0894138272	0.0355167861	0.0583490588	0.0205257292	0.0009187992	-0.0143432954	0.020851918	0.0558944477	-0.0192775975	-0.0268335897	-0.0381603526	0.0740416091	-0.1121908321	0.0856779757	-0.0339003027	-0.1126623899	-0.0010820467	0.0644816741	0.0517118838	0.0105557363	0.0110098416	-0.0458733691	0.0155611994	0.0326307045	-0.073188116	0.0322904536	0.0066487043	-0.0684479043	-0.0746945947	0.029322386	0.0293629444	-0.0756493402	0.030694275	0.0397817152	0.0762675121	-0.075003464	0.0094203	-0.0876325191	0.0233702622	-0.1046627835	-0.0001584783	-0.0543007365	0.1100356294	0.0037080503	0.0172944907	0.0289504112	-0.0392747486	-0.0265794893	-0.019910899	0.0942476323	0.0105488524	0.007477281	-0.0170596894	-0.0047670512	0.0094619151	0.0068627016	-0.0092390704	-0.0209190108	-0.0169055834	0.0143963656	-0.0141418866	0.0017212446	-0.0485687808	-0.027956101	-0.0189819522	-0.0128849441	0.013005468	0.0805992622	0.0109559369	0.0406107771	-0.0948864133	0.0922145392	-0.0878170061	0.0817761076	-0.0742048901	0.0	-0.200358	-0.013386	0.040143328164	0.000179184996	0.196891	-0.110872	0.038766065881	0.012292600384	1.14635	-0.00374	1.3987600000000572e-05	1.3141183225	0.0038503	0.00017102	2.9247840400000014e-08	1.482481009e-05	0.0205841	0.0002429	5.9000410000000374e-08	0.00042370517281	0.0139844	-0.0001527	2.3317290000000125e-08	0.0001955634433599	0.0	0.0	0.0	0.0	0.0	0.0	0.0	0.0	0.0	0.0	0.0	0.0	0.0	0.0	0.0	0.0	0.0	0.0	0.0	0.0	0.0	0.0	0.0	0.0	0.0	0.0	0.0	0.0	0.0	0.0	0.0	0.0	0.0	0.0	0.0	0.0	0.0	0.0	0.0	0.0	0.0	0.0	0.0	0.0	0.0	0.0	0.0	0.0
5488.324882601554	21.245568953792827	451.3742001703656	30121710.016983364	4565.916815798819	59.25033717178303	3510.602454969974	20847596.368794423	3493.806804261819	9.623059269831629	92.60326971069244	12206685.985506184	3546.8079837884384	6257.169805110353	0.78529	27.443697	0.1384794999999998	0.0962487	-0.0893542271	0.0206471783	0.0243641031	0.0529970366	-0.0079389394	-0.0210092777	0.0543196878	0.0759796061	0.039414713	0.0364881508	-0.0670518752	0.0064372807	-0.0542384229	-0.0253583794	-0.0446218429	0.0027719508	-0.0250055907	-0.0119317032	0.0380858109	-0.0119638518	-0.0005887945	0.0752538586	0.015463715	-0.047582572	0.0125148124	0.0398942272	-0.0278587256	0.013404405	0.0840548217	-0.0203303709	-0.0333192839	0.0028128615	0.0302466338	0.0669365856	-0.0522787797	0.0630422964	-0.01559285	-0.0498782063	0.005475495	0.0093917043	0.05444081	-0.025974493	0.1007884187	-0.0223545952	0.0238802013	0.0042394106	-0.0055234169	-0.0634160569	0.0040530622	0.0085510086	0.0909749785	0.0064086125	-0.0535351318	-0.0215079269	-0.0465398658	0.043178472	0.0155390004	0.0061943179	0.045530914	0.0550152342	-0.0066485049	0.0192641695	0.0260891967	0.0272355997	0.1105627278	0.0288009665	-0.049405487	0.0208233885	0.0581386104	0.0566965067	0.0259125093	-0.0072163663	-0.0393327629	-0.0260401486	-0.0211401417	0.0918218415	0.0101902467	0.0055718333	-0.0127965498	0.0237064137	-0.0129273565	0.015114316	0.0075838743	0.0121009078	-0.0428268306	-0.057536511	-0.0127422242	0.0298902276	-0.0061723592	0.0188370243	0.0196796502	0.0036407627	0.0424478807	0.0455874628	0.0141607532	0.0227181711	-0.0950649363	0.0929226147	-0.0893877684	0.08451337	-0.0783724666	0.0	-0.202602	-0.0022439999999999	0.041047570404	5.035535999999982e-06	0.290832	0.0939409999999999	0.0845832522239999	0.0088249114809999	1.13362	-0.0127299999999999	0.0001620528999999	1.2850943044	0.00366591	-0.00018439	3.39996721e-08	1.34388961281e-05	0.0207846	0.0002004999999999	4.0200249999999725e-08	0.00043199959716	0.0141908	0.0002064	4.260096000000029e-08	0.00020137880464	0.0	0.0	0.0	0.0	0.0	0.0	0.0	0.0	0.0	0.0	0.0	0.0	0.0	0.0	0.0	0.0	0.0	0.0	0.0	0.0	0.0	0.0	0.0	0.0	0.0	0.0	0.0	0.0	0.0	0.0	0.0	0.0	0.0	0.0	0.0	0.0	0.0	0.0	0.0	0.0	0.0	0.0	0.0	0.0	0.0	0.0	0.0	0.0
5475.050430095555	-13.274452505998852	176.2110893340192	29976177.212089527	4541.548615597081	-24.36820020173764	593.8091810719661	20625663.827831764	3487.345661683694	-6.461142578124964	41.7463634148593	12161579.76406408	3554.72132090051	6299.722522467403	0.8530299999999998	29.81102	0.160466	0.098323	-0.091851834	0.0084346613	0.0199375601	0.0396971794	-0.0014014489	-0.0197538506	-0.0643430029	0.0056785806	0.0025447562	0.067920982	0.0395341787	0.0849840251	0.0338038592	-0.0013864179	-0.0549477719	0.0079075296	-0.0033077786	-0.0059598242	0.0169375622	0.0147989352	0.0354826325	-0.0033896755	-0.0884267684	0.0185187334	0.0407390138	0.0341658728	-0.0148205541	-0.0575656388	0.0364338587	0.05288551	0.0370267109	0.013959561	0.0015973644	0.0932104449	-0.0030010748	-0.0147180305	0.0317428038	0.0109951209	0.0312080691	-0.0665700486	0.0545576796	-0.0104490585	-0.0541001495	0.04499837	0.044569903	-0.1040793136	0.0054034532	-0.0431985322	-0.0010757434	0.0401509129	-0.0375936824	-0.0084980041	0.0455904485	0.0066463442	-0.0931403308	0.0253503047	0.0116324736	-0.0262882374	0.0120693608	0.0261460633	0.0062954768	0.012243301	-0.034884382	-0.0125548434	0.0765810502	0.0096496762	-0.0132471664	-0.0750464761	-0.0278170306	-0.0655594794	0.0259370222	0.0746579283	-0.0365436762	-0.0281107373	-0.0168143295	0.0966625036	0.0077850165	0.0109105448	-0.0100853426	-0.0067369064	0.0267930609	-0.0158294059	-0.0157208894	-0.0310083434	0.0551708328	0.0780275238	-0.0112407134	-0.0336256331	-0.0129240504	0.020135525	-0.0938032923	0.0102697534	-0.0135167519	0.0477589105	-0.0149043642	0.0044321219	-0.0952237168	0.0935535044	-0.0907914833	0.0869698875	-0.0821333167	0.0	-0.205239	-0.002637	0.042123047121	6.953769000000002e-06	0.200373	-0.0904589999999999	0.040149339129	0.0081828306809999	1.12623	-0.00739	5.4612100000000114e-05	1.2683940129000002	0.00394791	0.0002819999999999	7.952399999999983e-08	1.5585993368099997e-05	0.0203915	-0.0003931	1.545276100000003e-07	0.00041581327225	0.0136663	-0.0005245	2.751002500000007e-07	0.0001867677556899	0.0	0.0	0.0	0.0	0.0	0.0	0.0	0.0	0.0	0.0	0.0	0.0	0.0	0.0	0.0	0.0	0.0	0.0	0.0	0.0	0.0	0.0	0.0	0.0	0.0	0.0	0.0	0.0	0.0	0.0	0.0	0.0	0.0	0.0	0.0	0.0	0.0	0.0	0.0	0.0	0.0	0.0	0.0	0.0	0.0	0.0	0.0	0.0
5485.288794323601	10.238364228045612	104.824102066124	30088393.157132063	4542.420760670347	0.8721450732655285	0.760637028821334	20633586.36696897	3490.505126827925	3.159465144231035	9.982219997610835	12183626.040412027	3547.281339602729	6291.033729225937	0.8810329999999998	30.789652	0.1168274999999999	0.052529	-0.0903921878	0.0147916089	0.0117093069	0.0487948981	0.0016413444	-0.0169397343	0.0138447235	0.0431272869	0.0370965224	0.027980876	-0.0597495438	0.0100367864	-0.0368866199	-0.0081867772	-0.0688885958	0.0163510517	-0.0090271667	-0.0102788161	0.0158864833	-0.0139989265	0.0154643772	0.0698603239	0.0122606449	-0.0205062813	0.0347682503	0.0575568916	-0.0475213032	0.0563384396	0.038565054	0.004385653	-0.0186899831	-0.0550225143	0.0363311322	0.0088400569	0.043266586	0.0276569928	-0.0168853921	-0.0293411119	0.0020807326	-0.0213905525	-0.0070709196	-0.0567608785	0.0072073477	-0.0292517698	-0.0342887148	0.0082336392	-0.0766854147	-0.0169871326	0.0028222422	0.0113520897	0.0457248809	0.0110535946	-0.0471945168	-0.0256932673	-0.0357298538	0.0527838827	0.0076259967	-0.008011135	0.0770197144	0.0254913071	0.0345120594	0.0003202781	-0.017928329	-0.0095122316	0.0452285532	0.043515299	0.0252781789	0.0740209601	0.0204351853	0.0428400771	0.064400964	-0.0618508014	-0.0440838346	-0.0320541623	-0.0172232442	0.0856310328	0.0153866896	0.0002650845	-0.0112046055	0.0193355831	-0.0254301	0.0387455114	0.0009153266	0.0041091862	-0.0420576692	-0.0346692867	0.0021257539	0.0401367677	-0.0600671586	-0.0146134793	0.0032631174	-0.0339524654	0.0423512847	0.0612461721	0.0107579864	0.0278031408	-0.095362722	0.094106684	-0.0920255275	0.0891374998	-0.0854679228	0.0	-0.216053	-0.0108139999999999	0.0466788988089999	0.0001169425959999	0.173639	-0.026734	0.0301505023209999	0.000714706756	1.09041	-0.0358199999999999	0.0012830723999999	1.1889939681	0.00383352	-0.0001143899999999	1.3085072099999956e-08	1.46958755904e-05	0.0206821	0.0002905999999999	8.444835999999912e-08	0.0004277492604099	0.0141305	0.0004642	2.154816400000013e-07	0.00019967103025	0.0	0.0	0.0	0.0	0.0	0.0	0.0	0.0	0.0	0.0	0.0	0.0	0.0	0.0	0.0	0.0	0.0	0.0	0.0	0.0	0.0	0.0	0.0	0.0	0.0	0.0	0.0	0.0	0.0	0.0	0.0	0.0	0.0	0.0	0.0	0.0	0.0	0.0	0.0	0.0	0.0	0.0	0.0	0.0	0.0	0.0	0.0	0.0
5463.920910617053	-21.367883706548128	456.5864540965649	29854431.717478283	4524.7294108559645	-17.691349814382193	312.9838582548408	20473176.241464965	3482.309646434295	-8.195480393630078	67.16589888237502	12126480.473649343	3536.751996693683	6261.934723707695	1.141109	39.87859	0.1921134999999997	0.110155	-0.092713387	0.0176026444	0.0284543956	0.0480688679	-0.0109979475	-0.0113677303	-0.0170436554	0.0165977338	0.0023448135	0.0478417198	0.0429703149	0.0569314474	-0.0471695113	-0.0622538064	-0.1036449509	0.0225109306	0.0269871625	0.0120026818	-0.0147307109	0.0118448139	0.0199270253	0.0347729769	-0.1013985571	-0.0013339087	0.0016461034	-0.0113712219	0.0225598061	-0.0856302981	0.0829528469	0.0846272603	0.0763663594	-0.0608832943	-0.041393335	-0.0063899588	-0.0872826493	0.0595498768	-0.0299165857	0.0551520399	0.0048137167	0.0318410787	0.0456796755	-0.0159879484	-0.0736149902	0.1108236589	0.0664618916	0.0148016223	0.0498748108	0.0395903122	-0.0048888149	-0.0031486258	0.0062588977	0.0027826957	0.0457404892	0.0294452007	-0.0832940987	-0.0718825793	0.0370372714	-0.0566072425	0.0995807044	0.0499234729	0.0050806014	-0.0055008966	-0.0507531921	0.0073888554	0.0480063269	-0.0461180455	-0.049905748	-0.0739927836	0.0190726595	0.0147995748	-0.0476209163	-0.0026174269	-0.0284934209	-0.0344200067	-0.0149554397	0.0947949029	-0.0016492552	0.0161979392	-0.0145702834	0.0133323288	0.0168020141	0.0004050147	0.0058354488	0.0084079117	-0.0113692625	-0.0244295465	-0.0220694201	-0.0107894661	0.029074669	0.0578208803	-0.0805547603	0.0310805002	0.0598629579	-0.0049532876	-0.0657243178	0.0077355913	-0.0954819229	0.0945816942	-0.0930875949	0.0910090062	-0.0883589795	0.0	-0.221495	-0.005442	0.049060035025	2.9615364000000023e-05	0.273284	0.099645	0.074684144656	0.009929126025	1.12787	0.0374599999999998	0.0014032515999999	1.2720907369	0.00419285	0.0003593299999999	1.291180488999998e-07	1.75799911225e-05	0.0205158	-0.0001662999999999	2.765568999999924e-08	0.00042089804964	0.0136648	-0.0004657	2.168764900000011e-07	0.0001867267590399	0.0	0.0	0.0	0.0	0.0	0.0	0.0	0.0	0.0	0.0	0.0	0.0	0.0	0.0	0.0	0.0	0.0	0.0	0.0	0.0	0.0	0.0	0.0	0.0	0.0	0.0	0.0	0.0	0.0	0.0	0.0	0.0	0.0	0.0	0.0	0.0	0.0	0.0	0.0	0.0	0.0	0.0	0.0	0.0	0.0	0.0	0.0	0.0
5498.9897377663	35.06882714924723	1229.8226376237794	30238888.136059083	4589.092994835959	64.36358397999447	4142.670942749801	21059774.51525247	3492.198616160857	9.888969726562207	97.79172225286383	12195451.174715804	3557.029424579434	6302.722227163833	2.304953	80.551697	2.5417765	1.25079	0.1686224499	0.1075417264	-0.0638260585	-0.1685958071	0.1010021399	0.1215439583	-0.1050807389	-0.0499949828	0.0140799481	-0.059265887	-0.0731337934	-0.0689912521	-0.0444899009	0.0258793511	0.1763538739	-0.1102027942	0.0602181978	-0.0208936828	-0.0330347798	0.0911262608	0.0318254047	-0.0393846507	0.1242647947	0.115923776	-0.1540260716	-0.0320528358	-0.0345687401	-0.0079289759	-0.1417341389	0.1550567175	0.0277990638	0.0395746754	0.0286806178	-0.003113847	0.0857514452	-0.1150546013	0.0256715297	0.109536912	-0.1261247924	-0.0594429355	-0.0254762223	0.004543231	-0.0112578587	-0.0255218276	0.1105032747	0.0365469122	-0.0062369165	0.1223148336	0.0129981487	0.0049605985	-0.1055615868	-0.1101920961	-0.026785797	-0.0701281274	0.1810498485	-0.120186122	-0.1197743414	-0.066209369	0.0055271659	-0.0854751696	0.0436870565	0.0012766145	0.0180836965	-0.1547063655	-0.1204238064	0.0260430512	0.0806624862	-0.0562193372	0.0530533203	-0.062838894	0.0407954967	0.0259396786	0.2145797937	-0.0729169032	0.026561281	-0.2060753882	-0.1038405891	-0.02017822	0.0319343041	-0.0049729103	-0.0949711971	-0.0223688752	-0.0101309871	-0.0788614272	0.0453028425	0.1224136638	-0.0046607704	-0.0012320192	-0.04497889	-0.0302597171	-0.0588280469	0.0049210333	-0.0617229481	-0.0021635567	0.0251788866	0.0683216621	-0.0955812949	0.0949781404	-0.0939757006	0.0925781899	-0.0907914833	0.0	-0.0991758	0.1223192	0.0098358393056399	0.01496198668864	0.0925052	-0.1807788	0.0085572120270399	0.03268097452944	0.949752	-0.1781179999999999	0.0317260219239999	0.902028861504	-0.0117212	-0.01591405	0.0002532569874025	0.0001373865294399	0.00393282	-0.01658298	0.0002749952256804	1.54670731524e-05	0.00495062	-0.0087141799999999	7.593693307239997e-05	2.4508638384400003e-05	0.0	0.0	0.0	0.0	0.0	0.0	0.0	0.0	0.0	0.0	0.0	0.0	0.0	0.0	0.0	0.0	0.0	0.0	0.0	0.0	0.0	0.0	0.0	0.0	0.0	0.0	0.0	0.0	0.0	0.0	0.0	0.0	0.0	0.0	0.0	0.0	0.0	0.0	0.0	0.0	0.0	0.0	0.0	0.0	0.0	0.0	0.0	1.0
5520.651068471548	21.661330705247565	469.21324792210095	30477588.21981604	4562.648073844362	-26.44492099159652	699.3338462517822	20817757.44575567	3505.921654897837	13.723038736980016	188.32179217665407	12291486.650281588	3560.1201138307056	6258.715855775729	1.230101	42.988586	0.2607744	0.157687	0.1783055596	0.1001169948	-0.04812932	-0.1411839859	0.1132916085	0.1041227408	0.0669820101	0.0421630232	0.0409524152	-0.0182956412	-0.0544980353	-0.1220934872	-0.034226374	0.0361584047	0.1571063566	-0.0347784055	0.0320561131	-0.0585302718	-0.0008224739	0.1205698297	0.0447605836	0.0151417231	0.1943916943	0.0121313809	-0.044170367	-0.0091468419	0.1140120593	-0.0034086024	-0.1257948515	0.072566181	-0.0930888992	0.0692480513	-0.0033180446	0.0236616597	0.0801264311	-0.0199580224	0.0432085443	0.073435552	0.0167249842	0.0024999958	-0.0360842789	0.0476682647	0.0920219676	-0.0571595069	0.0110540862	0.0798574231	0.0569911476	-0.0217206411	0.0046704151	-0.0052239703	0.0777082506	-0.157987092	-0.075487548	0.0189421963	0.1151830218	-0.0717339236	-0.0796563735	0.0502451268	-0.0546546176	-0.1039937105	-0.016272027	0.0553692339	0.0969964933	-0.0766588767	0.004265114	0.0391514026	-0.015831795	0.0275163669	0.1086940909	0.0635314283	-0.0164830097	-0.0148495181	0.2113238888	-0.0669941827	0.0511197056	-0.1982176448	-0.0924385617	0.005602896	0.024999375	-0.0124612646	-0.1069462465	0.0336141091	0.0246416712	-0.0169413083	-0.0003843172	0.0068289947	0.0023632701	0.0343538668	-0.0374023858	0.0452172421	0.0311003373	-0.0952745493	-0.019423373	-0.0058142117	0.0282741185	0.0340390566	-0.0956608172	0.0952956932	-0.0946881851	0.0938398382	-0.0927528101	0.0	-0.0884002	0.0107755999999999	0.00781459536004	0.0001161135553599	0.191617	0.0991118	0.036717074689	0.00982314889924	0.942121	-0.007631	5.823216100000083e-05	0.8875919786409999	-0.00937223	0.0023489699999999	5.517660060899995e-06	8.783869517290001e-05	0.00403249	9.966999999999962e-05	9.934108899999924e-09	1.6260975600099998e-05	0.0053671	0.0004164799999999	1.7345559039999957e-07	2.880576241e-05	0.0	0.0	0.0	0.0	0.0	0.0	0.0	0.0	0.0	0.0	0.0	0.0	0.0	0.0	0.0	0.0	0.0	0.0	0.0	0.0	0.0	0.0	0.0	0.0	0.0	0.0	0.0	0.0	0.0	0.0	0.0	0.0	0.0	0.0	0.0	0.0	0.0	0.0	0.0	0.0	0.0	0.0	0.0	0.0	0.0	0.0	0.0	0.0
5501.98740845176	-18.66366001978804	348.3322053342345	30271865.44276171	4536.532571454938	-26.115502389424364	682.0194650520297	20580127.771871552	3499.578211388221	-6.343443509616009	40.23927555968947	12247047.65762318	3555.4888689536474	6306.997835986607	1.001647	35.004757	0.187914	0.12088	0.194643711	0.0390432022	-0.0237715152	-0.0995166404	0.1215274944	0.0780190502	-0.0025963053	0.0059078494	0.0092647589	-0.087351964	0.0632335097	-0.1232105418	-0.0137941791	0.0099549214	0.0940787157	-0.0202812228	0.0493748363	-0.0332312089	-0.0021620547	0.1136434984	0.0251382638	-0.0273660739	0.148008448	0.070005268	0.0095362564	-0.0112568373	0.0805977576	0.0053582871	-0.1054362518	0.1075124623	-0.0205519164	0.0105171313	0.0229802128	-0.1111709195	-0.0039878853	-0.0965681584	0.0491132171	-0.0814759482	0.0667768077	0.0189283809	-0.0908822162	0.0547577842	-0.0808221255	-0.0619592479	-0.0026993848	0.0835763495	-0.050696134	-0.0687688306	4.15319e-05	0.0097339809	0.0081573205	-0.1143353403	0.0193629438	0.0474047689	0.0964423759	-0.1112417145	-0.0540808885	0.0646355111	0.0337220261	-0.1245010497	0.0012756776	0.0395913776	0.0432150163	0.0222785496	-0.0982630973	0.0515718873	0.0582861767	-0.0139338517	-0.0303670146	0.0541757111	-0.0118572426	-0.1033955243	0.1924003433	-0.0269950054	0.0872565988	-0.1731326284	-0.0730126844	0.0321791749	0.0358988587	-0.0005089025	-0.0906486794	0.0497251936	0.0564071617	0.0037149163	0.0244626155	-0.0336821145	-0.0014396549	0.0347711444	-0.0146876285	0.103868931	-0.0256799844	-0.0650466222	-0.0297226108	-0.0463388803	-0.0493337113	-0.0435909248	-0.0957204735	0.0955340889	-0.0952237168	0.0947897599	-0.0942327815	0.0	-0.0909907	-0.0025904999999999	0.0082793074864899	6.710690249999977e-06	0.196735	0.0051179999999999	0.038704660225	2.6193923999999836e-05	0.941039	-0.001082	1.1707240000000592e-06	0.8855543995209999	-0.00745169	0.00192054	3.6884738916e-06	5.552768385610001e-05	0.00537296	0.00134047	1.796859820900002e-06	2.886869916160001e-05	0.00568856	0.00032146	1.0333653159999998e-07	3.235971487359999e-05	0.0	0.0	0.0	0.0	0.0	0.0	0.0	0.0	0.0	0.0	0.0	0.0	0.0	0.0	0.0	0.0	0.0	0.0	0.0	0.0	0.0	0.0	0.0	0.0	0.0	0.0	0.0	0.0	0.0	0.0	0.0	0.0	0.0	0.0	0.0	0.0	0.0	0.0	0.0	0.0	0.0	0.0	0.0	0.0	0.0	0.0	0.0	0.0
5504.206415139794	2.219006688034824	4.923990681543279	30296288.26046607	4588.727099039908	52.194527584970274	2724.2687098182228	21056416.38946321	3497.52082419371	-2.057387194511193	4.232842068138639	12232651.915668648	3571.60584533775	6356.390654430262	0.916165	32.017433	0.2038587000000001	0.0994904	0.1795002826	0.0188711187	-0.0054607873	-0.0862236953	0.124371724	0.0810041487	-0.0222742837	0.0187847679	-0.0227319126	-0.0028241825	0.0118650394	-0.0983140099	0.0768293631	0.0060099625	0.2080871825	0.0211878927	-0.0507639885	-0.0235373844	-0.0265401159	0.1191450799	0.0431875485	0.0064108543	0.1096912769	0.0560726102	-0.0145577733	-0.0130334517	0.0338661357	0.0586871433	-0.1515923863	0.0052985351	-0.0665228393	-0.0133092328	-0.0049466504	-0.1167606773	0.0663127732	0.0215218912	-0.0909417932	-0.0673685396	0.0864729608	-0.0646428775	0.0707357849	0.0906883633	-0.0180206733	-0.1093191154	0.0273236522	-0.051412637	-0.0334350501	-0.0230325156	0.0096292575	-0.0060117188	-0.0204478852	-0.1344941095	-0.0091104739	-0.0102243638	0.0559334447	-0.0389229232	-0.0287016207	0.025357815	-0.0408116623	-0.1085374018	0.0227369893	0.0642426781	0.0620894227	0.0172391997	-0.1069428333	0.0574752774	0.0316153402	0.0777762843	-0.0810094727	0.002492948	-0.0555457996	-0.0825706904	0.1730246753	-0.0113309868	0.0923084253	-0.1503753164	-0.0836248442	0.031629984	0.0592436579	0.0153977217	-0.0382228339	0.0230831552	0.0324233339	0.0153222881	0.0516463688	-0.047416027	0.0064782529	0.0018043929	0.0604012966	0.1454317504	-0.0481030646	-0.0901186601	-0.074676911	-0.0608019012	-0.0445377122	-0.0771757173	-0.0957602511	0.0956931295	-0.0955812949	0.0954247996	-0.0952237168	0.0	-0.0924379	-0.0014472	0.00854476535641	2.094387840000028e-06	0.22537	0.0286349999999999	0.0507916368999999	0.0008199632249999	0.999028	0.057989	0.003362724121	0.998056944784	-0.00706067	0.00039102	1.528966404000005e-07	4.98530608489e-05	0.00675484	0.0013818799999999	1.9095923343999984e-06	4.56278634256e-05	0.00623141	0.00054285	2.946861225000001e-07	3.88304705881e-05	0.0	0.0	0.0	0.0	0.0	0.0	0.0	0.0	0.0	0.0	0.0	0.0	0.0	0.0	0.0	0.0	0.0	0.0	0.0	0.0	0.0	0.0	0.0	0.0	0.0	0.0	0.0	0.0	0.0	0.0	0.0	0.0	0.0	0.0	0.0	0.0	0.0	0.0	0.0	0.0	0.0	0.0	0.0	0.0	0.0	0.0	0.0	0.0
5483.072309280969	-21.134105858825023	446.6504304520222	30064081.94880374	4529.044702995337	-59.68239604457176	3561.988397621115	20512245.92173012	3487.968215895433	-9.552608298276937	91.2523253003094	12165922.275096769	3545.6910562798184	6225.857119575697	0.977451	34.159176	0.3459325999999998	0.171275	0.1817342668	0.0251316327	0.0201246809	-0.0843212556	0.0976027364	0.0733122579	0.0369816861	-0.0065999877	-0.0237488662	0.0062781126	0.1003788272	-0.0804184602	0.0379664247	-0.0023573997	0.1943589805	-0.0229072597	0.084114493	-0.0306857135	-0.0602403215	0.0708349764	0.0314260496	-0.0014149904	0.0504542054	0.014261357	-0.0341421498	-0.0329408935	0.1163604675	3.57e-06	-0.0768273259	-0.0026325127	-0.0136889492	0.0561377648	0.0068599159	-0.0614849105	0.0683491921	-0.0003028229	0.0195009415	0.0255193933	0.01628849	0.0105273226	-0.0322527173	0.1356354779	-0.0215629576	3.01846e-05	0.0350689488	0.0796618423	-0.0032453273	-0.039706791	0.0177361805	-0.0376695525	0.0196691329	-0.0890130554	0.0031566606	0.0361276473	0.0245402466	-0.0951692957	-0.0196810112	0.0081197568	-0.058077678	-0.1040671818	-0.0331037309	-0.0168342139	0.0579290232	0.0038057262	-0.1104045628	0.053523783	0.0581861686	-0.0114270116	-0.0044122974	-0.0214477216	-0.0297700315	0.0216571927	0.15705125	0.0100931746	0.0777361615	-0.1355938566	-0.0807473621	0.0005989092	0.0486093661	-0.023551747	-0.0690002216	0.034879886	0.017867779	-0.0500955162	0.0553941787	-0.0266315916	0.0177437727	0.022070456	0.0070041395	0.0329596173	0.0144592073	-0.0715184385	-0.1062863236	-0.0067926292	0.01102297	-0.0890827661	-0.0957801421	0.0957726828	-0.0957602511	0.0957428477	-0.0957204735	0.0	-0.104688	-0.0122501	0.010959577344	0.00015006495001	0.203769	-0.0216009999999999	0.041521805361	0.0004666032009999	1.05798	0.0589519999999998	0.0034753383039999	1.1193216804	-0.00897413	-0.00191346	3.6613291716000018e-06	8.05350092569e-05	0.0087101799999999	0.0019553399999999	3.823354515599613e-06	7.586723563239827e-05	0.0074252	0.00119379	1.4251345641000002e-06	5.513359504e-05	0.0	0.0	0.0	0.0	0.0	0.0	0.0	0.0	0.0	0.0	0.0	0.0	0.0	0.0	0.0	0.0	0.0	0.0	0.0	0.0	0.0	0.0	0.0	0.0	0.0	0.0	0.0	0.0	0.0	0.0	0.0	0.0	0.0	0.0	0.0	0.0	0.0	0.0	0.0	0.0	0.0	0.0	0.0	0.0	0.0	0.0	0.0	0.0
