global_signal	global_signal_derivative1	global_signal_derivative1_power2	global_signal_power2	csf	csf_derivative1	csf_power2	csf_derivative1_power2	white_matter	white_matter_derivative1	white_matter_derivative1_power2	white_matter_power2	csf_wm	tcompcor	std_dvars	dvars	framewise_displacement	rmsd	t_comp_cor_00	t_comp_cor_01	t_comp_cor_02	t_comp_cor_03	t_comp_cor_04	t_comp_cor_05	t_comp_cor_06	t_comp_cor_07	c_comp_cor_00	c_comp_cor_01	c_comp_cor_02	c_comp_cor_03	c_comp_cor_04	c_comp_cor_05	c_comp_cor_06	c_comp_cor_07	c_comp_cor_08	c_comp_cor_09	c_comp_cor_10	c_comp_cor_11	w_comp_cor_00	w_comp_cor_01	w_comp_cor_02	w_comp_cor_03	w_comp_cor_04	w_comp_cor_05	w_comp_cor_06	w_comp_cor_07	w_comp_cor_08	w_comp_cor_09	w_comp_cor_10	w_comp_cor_11	w_comp_cor_12	w_comp_cor_13	w_comp_cor_14	w_comp_cor_15	w_comp_cor_16	w_comp_cor_17	w_comp_cor_18	w_comp_cor_19	w_comp_cor_20	w_comp_cor_21	w_comp_cor_22	w_comp_cor_23	w_comp_cor_24	w_comp_cor_25	w_comp_cor_26	w_comp_cor_27	w_comp_cor_28	w_comp_cor_29	w_comp_cor_30	w_comp_cor_31	w_comp_cor_32	w_comp_cor_33	w_comp_cor_34	w_comp_cor_35	w_comp_cor_36	w_comp_cor_37	w_comp_cor_38	w_comp_cor_39	w_comp_cor_40	w_comp_cor_41	w_comp_cor_42	w_comp_cor_43	w_comp_cor_44	w_comp_cor_45	w_comp_cor_46	w_comp_cor_47	w_comp_cor_48	w_comp_cor_49	w_comp_cor_50	w_comp_cor_51	w_comp_cor_52	w_comp_cor_53	w_comp_cor_54	w_comp_cor_55	w_comp_cor_56	w_comp_cor_57	w_comp_cor_58	w_comp_cor_59	w_comp_cor_60	w_comp_cor_61	w_comp_cor_62	w_comp_cor_63	w_comp_cor_64	w_comp_cor_65	w_comp_cor_66	w_comp_cor_67	w_comp_cor_68	w_comp_cor_69	w_comp_cor_70	w_comp_cor_71	w_comp_cor_72	w_comp_cor_73	w_comp_cor_74	w_comp_cor_75	w_comp_cor_76	a_comp_cor_00	a_comp_cor_01	a_comp_cor_02	a_comp_cor_03	a_comp_cor_04	a_comp_cor_05	a_comp_cor_06	a_comp_cor_07	a_comp_cor_08	a_comp_cor_09	a_comp_cor_10	a_comp_cor_11	a_comp_cor_12	a_comp_cor_13	a_comp_cor_14	a_comp_cor_15	a_comp_cor_16	a_comp_cor_17	a_comp_cor_18	a_comp_cor_19	a_comp_cor_20	a_comp_cor_21	a_comp_cor_22	a_comp_cor_23	a_comp_cor_24	a_comp_cor_25	a_comp_cor_26	a_comp_cor_27	a_comp_cor_28	a_comp_cor_29	a_comp_cor_30	a_comp_cor_31	a_comp_cor_32	a_comp_cor_33	a_comp_cor_34	a_comp_cor_35	a_comp_cor_36	a_comp_cor_37	a_comp_cor_38	a_comp_cor_39	a_comp_cor_40	a_comp_cor_41	a_comp_cor_42	a_comp_cor_43	a_comp_cor_44	a_comp_cor_45	a_comp_cor_46	a_comp_cor_47	a_comp_cor_48	a_comp_cor_49	a_comp_cor_50	a_comp_cor_51	a_comp_cor_52	a_comp_cor_53	a_comp_cor_54	a_comp_cor_55	a_comp_cor_56	a_comp_cor_57	a_comp_cor_58	a_comp_cor_59	a_comp_cor_60	a_comp_cor_61	a_comp_cor_62	a_comp_cor_63	a_comp_cor_64	a_comp_cor_65	a_comp_cor_66	a_comp_cor_67	a_comp_cor_68	a_comp_cor_69	a_comp_cor_70	a_comp_cor_71	edge_comp_00	edge_comp_01	edge_comp_02	edge_comp_03	edge_comp_04	edge_comp_05	edge_comp_06	edge_comp_07	edge_comp_08	edge_comp_09	edge_comp_10	edge_comp_11	edge_comp_12	edge_comp_13	edge_comp_14	edge_comp_15	edge_comp_16	edge_comp_17	edge_comp_18	edge_comp_19	edge_comp_20	edge_comp_21	edge_comp_22	edge_comp_23	cosine00	cosine01	cosine02	cosine03	cosine04	non_steady_state_outlier00	trans_x	trans_x_derivative1	trans_x_power2	trans_x_derivative1_power2	trans_y	trans_y_derivative1	trans_y_derivative1_power2	trans_y_power2	trans_z	trans_z_derivative1	trans_z_power2	trans_z_derivative1_power2	rot_x	rot_x_derivative1	rot_x_derivative1_power2	rot_x_power2	rot_y	rot_y_derivative1	rot_y_derivative1_power2	rot_y_power2	rot_z	rot_z_derivative1	rot_z_power2	rot_z_derivative1_power2	motion_outlier00	motion_outlier01	motion_outlier02	motion_outlier03	motion_outlier04	motion_outlier05	motion_outlier06	motion_outlier07	motion_outlier08
8406.941668089496	n/a	n/a	70676668.21065938	6232.796051177219	n/a	38847746.61557034	n/a	5313.062771706069	n/a	n/a	28228636.016088974	5141.219921463496	9002.933594892254	n/a	n/a	n/a	n/a	0.0	0.0	0.0	0.0	0.0	0.0	0.0	0.0	0.0	0.0	0.0	0.0	0.0	0.0	0.0	0.0	0.0	0.0	0.0	0.0	0.0	0.0	0.0	0.0	0.0	0.0	0.0	0.0	0.0	0.0	0.0	0.0	0.0	0.0	0.0	0.0	0.0	0.0	0.0	0.0	0.0	0.0	0.0	0.0	0.0	0.0	0.0	0.0	0.0	0.0	0.0	0.0	0.0	0.0	0.0	0.0	0.0	0.0	0.0	0.0	0.0	0.0	0.0	0.0	0.0	0.0	0.0	0.0	0.0	0.0	0.0	0.0	0.0	0.0	0.0	0.0	0.0	0.0	0.0	0.0	0.0	0.0	0.0	0.0	0.0	0.0	0.0	0.0	0.0	0.0	0.0	0.0	0.0	0.0	0.0	0.0	0.0	0.0	0.0	0.0	0.0	0.0	0.0	0.0	0.0	0.0	0.0	0.0	0.0	0.0	0.0	0.0	0.0	0.0	0.0	0.0	0.0	0.0	0.0	0.0	0.0	0.0	0.0	0.0	0.0	0.0	0.0	0.0	0.0	0.0	0.0	0.0	0.0	0.0	0.0	0.0	0.0	0.0	0.0	0.0	0.0	0.0	0.0	0.0	0.0	0.0	0.0	0.0	0.0	0.0	0.0	0.0	0.0	0.0	0.0	0.0	0.0	0.0	0.0	0.0	0.0	0.0	0.0	0.0	0.0	0.0	0.0	0.0	0.0	0.0	0.0	0.0	0.0	0.0	0.0	0.0	0.0	0.0	0.0	0.0	0.0	0.0	0.0	0.0	0.0	0.0	0.0	0.0	0.0	0.0	0.0	0.0	0.0	0.0	0.0	0.0	0.0	0.0	1.0	0.0003985401232284	n/a	1.5883422982290825e-07	n/a	-0.0351859718933837	n/a	n/a	0.0012380526180819	-0.1463850001175188	n/a	0.0214285682594059	n/a	0.0030708694611044	n/a	n/a	9.430239247143628e-06	-0.0003217939387614	n/a	n/a	1.0355133902357566e-07	-0.0008420082418053	n/a	7.089778792680525e-07	n/a	0.0	0.0	0.0	0.0	0.0	0.0	0.0	0.0	0.0
8354.587395580233	-52.35427250926296	2740.9698499741667	69799130.5503881	6078.348312302015	-154.44773887520387	36946318.205664754	23854.10404366316	5310.73899447843	-2.323777227638857	5.399940603692931	28203948.667473767	5133.442297030695	8827.59913790428	1.48029	28.090382	0.0768877210868423	0.0380395207830077	-0.1298397584	0.0122504765	-0.0632033321	0.2136841887	0.149542827	-0.1520175835	0.0367375874	-0.0984444588	-0.0721884066	0.0257334221	-0.0326365417	0.2257469315	-0.0170655855	0.0046548363	-0.0854056368	0.070186825	-0.0265542927	0.0543376545	-0.054477109	0.0849816077	0.0758849086	-0.0244281748	0.0117683173	-0.075914672	0.1711926108	-0.1117019904	0.020527723	-0.1110808022	0.0817318221	-0.0540085929	0.1377262107	-0.0438772828	0.0144094266	-0.0991067729	0.0762102507	-0.0646097332	0.0067006833	-0.003790498	0.0406806209	-0.0461941189	0.0085586623	-0.0460636783	0.0281662412	-0.1337895187	0.1610412728	-0.0449084748	0.0094002459	-0.0745131284	0.0401918575	-0.0982417071	0.0461155765	-0.1469072865	0.0507349853	-0.0195584629	0.1374767639	0.0025753063	-0.0114409772	-0.0092277373	0.0454162778	-0.0479371845	-0.0034579779	0.0564824039	0.0033316627	-0.0333092669	0.0563807944	0.0124116259	0.0059682938	0.0437190917	-0.0555791107	0.0564102909	0.0696784721	-0.0203187774	-0.0589786341	-0.0315990236	0.0894750845	0.0740733254	-0.0820306471	-0.0014378884	0.1139224729	0.0585726201	-0.009032219	-0.0146077125	-0.03089496	-0.0248285883	0.057986691	0.0105879216	-0.1170919945	-0.038359838	0.0285246813	0.0379593811	0.0456438039	0.0200671499	-0.0653779547	-0.0903435165	0.0820614096	0.0008580578	0.0162392035	-0.0620640224	0.0313464657	0.1962862485	-0.04540004	0.0631640012	-0.0272951371	0.0486547667	-0.1223449183	0.1190254282	-0.076622162	-0.1018378201	0.0670877707	-0.0381197123	0.0822873028	-0.13502951	0.0759228999	-0.0365664424	0.02044839	-0.0474209853	0.0583166434	-0.0070948614	0.0943033437	-0.0079733488	0.0667402366	-0.0892542146	0.0180431181	-0.0427351564	0.0525957831	-9.64493e-05	0.1395027348	-0.0046223149	0.0302134503	-0.0327009159	0.0222521104	-0.0490472107	0.0651675126	-0.067377462	0.1131815611	-0.0613379593	0.0535807182	0.0694436325	-0.0262056112	-0.0577594337	0.040618252	0.0580171972	-0.0811648651	0.0355569192	0.0098926157	0.0219956972	-0.0895580899	0.0421957205	0.0214919865	-0.0764543511	-0.0726787649	0.027397425	0.0574133565	0.0503530721	-0.0621673485	-0.0929282666	0.0025486268	0.0153743978	0.0719920996	-0.0248712074	-0.051175214	0.0105384374	0.0494037389	0.0483010396	-0.1064329546	-0.0734363193	0.0574160718	0.0988359819	-0.0407700169	-0.1921562851	0.1731993923	0.1168125179	-0.0561099196	0.0360511124	-0.1899857976	0.0074184141	-0.0153749708	0.0056904991	-0.1713025208	0.2391371113	-0.0469667163	0.071358228	-0.1726247288	0.0185389464	0.0032667341	-0.1407869341	0.0604152065	-0.03246063	0.0178980371	-0.073170017	0.0129471105	-0.0221522975	0.0086688323	0.0957801421	0.0957726828	0.0957602511	0.0957428477	0.0957204735	0.0	0.0195477407525856	0.0191492006293572	0.0003821141685302	0.0003666918847433	-0.0283388529548176	0.006847118938566	4.68830377588705e-05	0.0008030905867947	-0.1235444943092147	0.022840505808304	0.0152632420741195	0.0005216887055791	0.0029229020322759	-0.0001479674288284	2.1894359994117144e-08	8.543356290282587e-06	-0.0004032473644284	-8.145342566700001e-05	6.634660552889497e-09	1.6260843691845086e-07	-0.0005104111820885	0.0003315970597167	2.605195748009799e-07	1.09956610012827e-07	0.0	0.0	0.0	0.0	0.0	0.0	0.0	0.0	0.0
8329.041832694746	-25.545562885487016	652.5757831363717	69372937.85077904	6055.556303565182	-22.79200873683294	36669762.14564801	519.4756622598691	5307.553152609315	-3.185841869115393	10.14958841500866	28170120.467773072	5130.350669619504	8616.814207387733	1.297458	24.620926	0.1272980518549547	0.0673063566733745	-0.1915203566	-0.0174828616	-0.0596601011	0.0954367646	0.0279765415	-0.1628065703	-0.0086209528	0.0188429908	-0.0779401939	0.0922343638	-0.1101825736	0.1805220506	-0.0024926734	-0.032408787	-0.0381937137	-0.0337304858	-0.1029652588	0.0067503963	-0.0186123366	0.0045005809	0.0509301773	-0.0310093055	0.0796593868	-0.0925864731	0.1643915926	-0.0458650571	0.0775919776	-0.0306412005	0.0820812635	-0.0557160309	0.1219878033	-0.0091882642	0.1619726695	-0.0578661619	-0.0522960239	-0.0190942549	0.0386482606	0.0742296373	0.0011167793	-0.0203448902	0.042002906	-0.0273504431	-0.1241525394	0.0171237988	0.0739902304	0.0909447904	-0.0243333416	0.0656411502	-0.1518648224	-0.0205609558	-0.0210917647	-0.1304585465	0.029596564	-0.0299052486	0.1007350025	0.0311735565	0.0621448541	-0.0266694317	0.0066189581	-0.0390304384	0.0240857067	0.0411238025	-0.0081694136	0.0076709699	0.1447140655	0.0443310096	-0.036253569	0.0049937375	-0.0349175359	0.060904235	-0.0465747353	0.1571665704	-0.0324600738	-0.0479874205	-0.0657389273	0.0035910464	-0.014806318	-0.0118139794	-0.070950626	0.064169073	0.0334050173	-0.1120050486	-0.0297714012	0.0546949127	0.1338059901	0.0185262537	-0.0064170002	-0.0790461846	0.0502393413	0.0224030013	-0.068464955	-0.0835129075	0.0042498019	0.0079311723	-0.0654645396	0.0139033069	-0.0349686164	-0.0393649592	0.0334316424	0.2475136269	-0.0190794452	0.048197733	0.0038043996	-0.0038781296	-0.0651499257	0.0864074689	-0.0774775687	-0.0327468051	-0.0392184726	0.0479989115	0.028466827	-0.1231871215	0.02455918	-0.1110070706	0.0271360831	-0.1314780115	0.0068355258	0.0123589953	0.0712857273	-0.0658037878	0.138998531	-0.070023504	-0.057353167	0.1439263657	-0.0405080281	-0.12418008	0.0271092011	0.0623438049	0.0062526393	-0.0401806954	0.1030245384	-0.0021893349	-0.0260659666	0.0231405337	0.0386379043	0.0781138841	-0.1280883202	0.0680986078	0.009078886	-0.0031005474	-0.0091060381	0.1419867375	0.0142982449	0.0645999004	-0.0030726444	-0.0658887863	-0.09026756	-0.0865739705	0.0002022912	-0.0447755421	-0.0189541657	0.027830924	-0.0549851613	-0.104251516	0.0165621731	0.0338460298	-0.014839972	-0.0300154369	0.007121439	-0.0983382908	-0.0538841016	0.0291742105	0.0154249236	0.070268218	-0.0213631003	0.0198130251	0.0458779042	0.0163508757	-0.0789337636	-0.209718355	0.068415153	0.1387232413	-0.0959950696	-0.0676431359	-0.1126249666	-0.0813678692	-0.0139444266	0.0673820201	-0.1811081246	0.2050127894	0.0095126185	0.1296798274	-0.058110961	-0.0304188132	-0.0206750181	-0.0812100471	0.1184608918	0.0099524534	-0.084285222	-0.0002460993	-0.0107275223	0.0095142548	-0.0636130281	0.0957602511	0.0956931295	0.0955812949	0.0954247996	0.0952237168	0.0	0.000189667231794	-0.0193580735207915	3.5973658816398934e-08	0.0003747350104363	-0.0202372109475845	0.0081016420072331	6.5636603213364e-05	0.000409544706937	-0.1018980987516897	0.0216463955575249	0.0103832225292091	0.0004685664406328	0.0025096906624722	-0.0004132113698036	1.707436361350501e-07	6.29854722130015e-06	0.0007443560900644	0.0011476034544928	1.3169936887638082e-06	5.540659888159611e-07	-0.0005134351731801	-3.023991091599958e-06	2.636156770584792e-07	9.144522122075904e-12	0.0	0.0	0.0	0.0	0.0	0.0	0.0	0.0	0.0
8318.451088876922	-10.59074381782375	112.16385461477198	69196628.51803765	6020.876596631102	-34.67970693408006	36250954.99186012	1202.6820730336806	5301.9598937787205	-5.593258830594095	31.284544346018823	28110778.71523806	5124.625622724887	8544.327253905618	0.985795	18.70672	0.056999759501493	0.0420085395706651	-0.186889041	-0.0367077593	-0.0470303812	0.0490709461	0.0219789025	-0.0866490308	0.0160624208	0.0343213197	-0.0516765126	0.0494057792	-0.1084191967	0.0622020303	0.0005399203	0.0424580507	-0.0151695088	0.0049511348	-0.0551834737	0.0515429359	0.0753401838	0.0609342956	0.0811975191	-0.0335886609	0.1260466763	-0.0522442049	0.0855467799	0.0163246106	-0.0293969298	-0.0040605982	0.072367443	0.0423249634	0.0953360507	0.013733793	0.069182275	-0.0802309093	-0.0280235707	-0.0399845646	0.0368693626	0.0011469949	-0.0694470903	0.0059541446	0.1211475226	0.0802310234	0.0155807455	-0.0539180813	-0.1040682581	0.1344716329	0.0654349949	0.124194174	-0.0467693165	0.0118537867	-0.1277800382	-0.0629360553	0.083923856	-0.0004137382	-0.1372257027	-0.0752443627	-0.0956907871	-0.084079046	-0.1023566141	0.0469082138	-0.0121301085	0.0946326755	0.0244415252	0.0524891336	0.1086336713	0.0780344641	-0.0652933769	-0.032513937	-0.0276745775	-0.0332465106	0.0327941792	-0.0422726783	0.051415359	-0.0652420153	-0.0026432686	-0.1009894607	-0.0906041077	-0.0543483119	-0.0018406669	-0.100370913	-0.0390279808	0.0116655585	0.0628723684	-0.0513212099	-0.0640856224	-0.0014923266	0.0809700293	-0.0311333872	0.0430783303	0.0084301901	-0.0204587406	-0.0720542353	0.0021491901	0.0245227083	-0.207497248	0.037734489	0.0946819067	-0.0453440152	0.0447561578	0.1816717647	0.0114925823	-0.018170882	0.0010858431	-0.0986836536	-0.0309967748	-0.0270768059	-0.0346836357	-0.0961330117	-0.0034785789	-0.0449253973	-0.0435983934	-0.0808686928	0.0058816034	-0.0487102163	0.0231159301	0.0217817322	-0.0462647621	0.0359784171	0.0493672071	-0.0374343509	-0.0065916557	-0.190336736	-0.0460147174	0.080573887	-0.1486399376	0.0011961409	-0.0650629886	-0.0460992617	-0.0016743152	-0.0624925402	0.0419895425	0.0881905501	-0.0644417215	0.0405716044	-0.0551375754	0.0218961975	-0.1308193859	-0.1067024911	0.0369922879	-0.1137951277	-0.0972605312	-0.0514967994	-0.0212990157	-0.108967332	-0.0570521626	-0.0079937609	0.0287223346	-0.0303961187	-0.0015289271	-0.1449424245	-0.0349954719	-0.0379801466	-0.0279069529	0.0282979843	0.0311400497	-0.0609859004	0.0855612532	0.1013685405	0.0133341055	-0.0522737205	-0.0332711088	-0.0299522285	-0.0579972058	-0.0627076914	0.0301844984	0.1378092678	0.0046454674	-0.0547667019	0.0043407912	-0.1780112789	0.0050112205	0.1291551109	-0.0634490891	-0.0683308962	-0.099876375	-0.0812582704	-0.0313168511	0.0887593378	-0.1563007081	0.1460304108	-0.0044903922	0.1171036352	-0.0364299906	-0.0306494955	-0.0130220521	-0.0455142952	0.0499219655	0.0498269665	-0.0609957584	0.0374403749	0.0325522014	0.021903244	0.0534569974	0.0957204735	0.0955340889	0.0952237168	0.0947897599	0.0942327815	0.0	0.0003553787289689	0.0001657114971749	1.262940410035509e-07	2.7460300295946888e-08	-0.0203314462798402	-9.42353322557002e-05	8.880297845342208e-09	0.00041336770783	-0.0869742924224823	0.0149238063292074	0.0075645275423914	0.0002227199953516	0.001790219301397	-0.0007194713610752	5.176390394074009e-07	3.204885147094363e-06	0.0008610413974334	0.0001166853073689	1.3615460955798002e-08	7.413922880940623e-07	-0.0005132717147672	1.634584128999434e-07	2.63447853180062e-07	2.6718652747768385e-14	0.0	0.0	0.0	0.0	0.0	0.0	0.0	0.0	0.0
8308.941843915825	-9.509244961096556	90.42573973014024	69038514.56557532	6026.066840176559	5.190243545456724	36313481.5622755	26.938628061155185	5294.55472106111	-7.405172717610185	54.83658297763821	28032309.69431049	5118.324646616169	8531.861798166106	1.111467	21.091501	0.131762071015626	0.0674099697589192	-0.131743803	-0.0766687184	-0.0285258178	-0.0346088724	-0.0723279995	-0.0641524986	0.0647753348	0.0332762728	-0.0763472876	0.0563178126	-0.1165672993	-0.0034608783	-0.0013200562	0.1185721685	-0.0149625038	0.0070961952	-0.042316107	-0.0253851761	-0.0407661071	0.237299197	0.0756445528	0.0302260105	0.2553029345	0.0663495836	0.0483154952	-0.0646038211	-0.054228802	-0.0637794529	0.1027973529	-0.0299790545	0.0503489268	-0.0322058876	0.0855734276	-0.0400479024	-0.0107445153	0.04167881	-0.1966184822	-0.1087706252	0.0172985215	-0.0703390793	0.029661468	0.0512113985	0.0227621846	0.0685183003	-0.0406886584	-0.0798432495	0.0250656099	0.0258185793	-0.0149665314	-0.0367600011	-0.0111407896	0.0747749245	-0.0045663102	-0.0252205655	0.0576323311	0.0556664813	-0.020072322	-0.0225698169	-0.0670021657	-0.0208397211	0.0423351923	0.0551380261	-0.0533507946	-0.0739775709	-0.0459576527	0.0262215523	0.0184977646	-0.0763533404	0.1917293579	-0.0499003493	-0.0340777693	-0.0321332311	0.0488184663	-0.0738813586	-0.0315593499	-0.0274966258	-0.1277507276	0.0150342831	-0.0142510199	-0.1144014054	0.0362301532	0.0421448861	0.0804453227	-0.0776966377	-0.0148127604	-0.0116571173	-0.0437342892	-0.0430383259	0.0897714936	-0.0426736946	0.1074328356	0.019701261	-0.0255096897	-0.0582509013	-0.0720282979	-0.0533454048	0.0250039989	-0.040231334	0.0095808008	0.1504762692	0.0894594025	-0.1622391294	-0.0865477227	-0.1122381321	-0.1075157723	0.0722974235	0.0304525241	-0.0453402672	0.0937872675	-0.0840981011	-0.0654708456	0.0210960248	-0.1420312261	0.0468271747	-0.0358652675	0.035361678	-0.0324565578	-0.0901626357	0.0414158645	0.0097979832	-0.0087775162	-0.0652051153	-0.0163705843	0.0565756329	0.0391294428	-0.1039052306	-0.0048959351	0.0364223306	0.0605841967	-0.1057740597	0.0233618498	0.0319012003	-0.0432887666	-0.0641959839	0.0859139964	0.0567702062	-0.0239702506	-0.0062169103	-0.0687205014	-0.0085205131	-0.0148169366	-0.0614986202	0.0143693117	0.0059728139	0.0235669735	0.1048900248	0.077038011	-0.0573538964	0.0316813186	-0.0108571374	-0.0275679831	-0.0299583863	0.0112376522	-0.1138700696	0.0208233476	-0.1240558152	-0.0595202317	0.1073578402	0.0534021866	0.0156772522	0.1099720638	-0.1207905423	0.0890653507	0.0743105051	0.0798735864	-0.0039175492	-0.0320580072	-0.0337470169	0.0071542886	-0.1165683858	-0.047170192	0.1262729487	-0.0685450574	-0.0685587828	-0.1276375671	-0.0954437757	-0.0944300932	0.0987038067	-0.0633535868	0.0684286215	-0.0982443299	0.0497910026	0.027245874	0.0014585164	0.022485303	0.0654850183	0.0764421648	0.0544309825	0.0348317638	0.1033722561	-0.0047561534	-0.0401142591	-0.0473578146	0.0956608172	0.0952956932	0.0946881851	0.0938398382	0.0927528101	0.0	-0.0113919537017181	-0.011747332430687	0.000129776609142	0.000137999819237	-0.0604160404564311	-0.0400845941765908	0.0016067746903019	0.0036500979444331	-0.0618580572688642	0.025116235153618	0.003826419249078	0.0006308252682918	0.0008656767434122	-0.0009245425579848	8.547789415250774e-07	7.493962240847519e-07	0.000690278583237	-0.0001707628141963	2.915993871227421e-08	4.7648452247568e-07	-0.0005122989018538	9.728129134000231e-07	2.624501648406094e-07	9.46364964477841e-13	0.0	0.0	0.0	0.0	0.0	0.0	0.0	0.0	0.0
8301.531427407768	-7.410416508057096	54.91427282288513	68915424.04023886	6008.781001911828	-17.285838264730955	36105449.12893651	298.80020451443687	5298.564294751656	4.009573690545949	16.07668117991826	28074783.58561712	5122.281638449099	8317.935535488381	1.498349	28.433086	0.1461828599389065	0.0747575985898918	-0.1266880508	-0.1313947596	0.0109047457	-0.1224516132	0.0413105156	0.0857714136	0.1111090606	0.0248179292	-0.0317180834	-0.0319452679	-0.1488350947	-0.1519854974	0.0034034857	0.1319039662	-0.0566671935	0.0206188689	-0.1606180802	0.0372496406	-0.0356098357	0.1480199125	0.0773476975	0.04601156	0.1892884805	-0.0578682816	-0.0229200641	-0.0647949752	-0.0227082494	0.0436308855	0.0195312915	-0.0143130355	0.0935263177	0.107374419	0.0410632617	0.032607573	-0.0989817953	0.0305751263	-0.0951964587	-0.035332194	0.0808037962	-0.0780915773	0.0082451158	0.0236639138	0.0723886343	0.1798369378	-0.1466343142	0.1571038919	0.00912086	-0.0326492824	-0.0921599139	-0.0111444818	0.02649166	-0.0190723671	0.0225060809	0.0226215141	0.0027123844	0.0009541931	0.0620218646	-0.0165934098	0.0419422994	0.0445950767	0.0816441354	0.0911467045	-0.155383632	0.0203105471	-0.1465390136	-0.0454351783	-0.0155410391	-0.0098112952	-0.0159852796	-0.0216891717	-0.0165312422	0.0424612733	-0.0013505034	0.0414163098	0.150811122	-0.1625140405	0.0492945484	0.0428068081	0.0270510212	0.0051539256	-0.0013471928	0.0132779802	-0.0332356838	0.0506995891	-0.1033100455	0.0020293958	0.0595721217	-0.0267395374	0.0076430101	-0.073515904	0.0111321247	-0.0160219799	-0.0434941131	0.014617014	0.0834564037	-0.1094491166	0.0693686369	-0.0558182323	0.0071091487	0.006576203	0.1527493368	-0.1460222241	-0.1035336806	-0.1226895668	-0.1059618428	-0.0695262135	-0.0811062766	0.0078419804	-0.0627480169	-0.1060392709	-0.1152305739	0.0474081208	-0.1265425321	0.0414513384	-0.0331726415	-0.0289674322	0.0059274728	-0.0793761325	-0.0100854446	-0.044007018	0.0233869135	0.0150409396	0.0600888221	0.1011193208	-0.1851754549	0.0131296319	0.0694057325	-0.0798393354	0.1760469761	-0.1101541756	0.0382712078	-0.0476418067	0.0715484104	-0.0457617384	-0.1480930776	0.1260684058	-0.0159953997	-0.0155337955	-0.0932700216	0.0242996141	-0.0450096227	-0.0552643841	0.054031973	-0.0067379423	0.1095863527	-0.0384845653	-0.0951414567	0.1084518552	0.0444178588	-0.0169573305	-0.0899098584	0.0121458988	0.0167729307	-0.0375296557	0.1292516773	0.1248425973	0.0138240383	-0.08397166	-0.0349193918	0.060044117	-0.0710498782	-0.0333566104	-0.0112080358	-0.0533537601	0.1068136908	0.0103210967	-0.0684940222	0.047229978	0.0279183231	-0.0992591908	-0.0922397925	0.0962495765	-0.1020831877	0.0168194992	-0.011480285	-0.0174090564	0.0589485943	0.078660935	-0.2696604701	-0.3623765518	-0.0159439138	-0.0327021266	-0.0229230567	-0.0285040699	-0.070582619	-0.0435104004	-0.222764572	-0.1716820956	0.1554742019	0.0390249838	-0.228539535	0.0777155479	0.1636589922	0.0955812949	0.0949781404	0.0939757006	0.0925781899	0.0907914833	0.0	-0.015621824530001	-0.0042298708282829	0.0002440414016461	1.7891807223958672e-05	0.0057426499839863	0.0661586904404174	0.0043769723207909	3.2978028838577856e-05	-0.030297184213083	0.0315608730557812	0.0009179193712414	0.0009960887080431	0.0011439111416095	0.0002782343981973	7.741438034021373e-08	1.3085326998983496e-06	0.0009159896166601	0.000225711033423	5.094547060892376e-08	8.39036977829117e-07	-0.0008930219825219	-0.0003807230806681	7.974882612673447e-07	1.449500641534086e-07	0.0	0.0	0.0	0.0	0.0	0.0	0.0	0.0	0.0
8309.375440783926	7.844013376157818	61.52854584534277	69045720.21590306	6049.612426150497	40.83142423866957	36597810.50663451	1667.2052053582129	5301.786200007839	3.221905256183163	10.380673479820697	28108936.91059357	5125.804527816473	8306.166472418834	1.223467	23.216837	0.1364185786999615	0.0716652898741839	-0.089649638	-0.1263674881	0.0043068673	-0.1633479096	-0.0004995524	-0.0058189194	0.0982852037	0.0332425114	-0.0382038622	-0.0675404833	-0.1081331646	-0.1380812274	-0.0008530361	0.0848456624	0.0988690908	0.0159376356	-0.1316969306	0.0158185764	-0.0403386343	0.0390018761	0.0802374974	-0.0008263198	0.1274054564	-0.0108914361	-0.1506199953	0.0545968422	0.0107108111	-0.0012239322	0.0888599374	0.0539496908	0.06675237	0.1429345368	0.0217144607	-0.0278165724	0.0748810854	-0.0491495308	0.0473668105	0.0528025089	-0.065234895	-0.01581872	-0.0794075426	-0.0845793452	0.0788145961	-0.0182366584	-0.0492758867	-0.0337931618	0.0161877407	-0.0774102532	-0.0545818918	-0.0357820093	0.0217120391	0.075940857	0.0971578384	-0.0623028787	0.0366373832	0.0114666667	-0.0870296017	-0.131587938	-0.0383091182	-0.0030298778	0.0074129008	-0.0265849732	0.0332195594	-0.0602317467	-0.0807968837	-0.0039245066	-0.1114858251	-0.0265184295	0.0171840597	0.0506051035	0.0692608097	-0.140835868	-0.0062585588	0.2091763753	-0.0146597522	0.0076436032	0.1088007709	-0.0247129201	-0.0067538929	-0.0744609693	-0.0651227253	-0.0407424246	-0.0584582939	0.0858519525	-0.0329070451	-0.0557791271	0.0155073773	-0.1527486327	-0.0708306709	0.0130752439	0.0263933753	-0.0091909637	-0.0130048505	-0.0291671105	0.1840368939	0.1474832436	-0.024563582	-0.0524038857	0.0363663444	-0.0185473791	0.0988050566	-0.1688529192	0.0094722527	-0.1169115468	-0.0525307499	-0.1411612793	0.0336034799	0.0464594113	-0.0601190592	-0.0132365949	-0.0986773966	-0.0856851679	-0.062218075	0.0489815141	-0.0331629936	-0.1749906214	-0.0661486568	0.0245811749	-0.0101299908	-0.0238403866	-0.0530814026	0.0078229935	0.0592187775	0.0970294534	0.045042711	-0.0417448112	0.0816435836	-0.0078375052	-0.0205988452	0.0253941323	-0.0673942323	-0.0587682011	-0.043705599	-0.0055877817	-0.0346426449	-0.0688975076	0.1161173547	0.1281144239	0.0426388758	-0.0974327562	-0.0091539754	-0.033645131	-0.0477205832	-0.0689634262	-0.1280919918	-0.0830331598	0.1090311431	0.0921209478	-0.0609795049	-0.0010607264	0.0417888153	0.0734162952	-0.0399167976	0.0466264434	-0.0317639522	0.0005661154	0.0250307919	0.0111454903	-0.0315900676	0.1171869533	-0.0193905412	0.1138298257	0.036303551	-0.1264295502	-0.0599141812	-0.1368249464	0.0950444684	0.0337041249	-0.0170667822	-0.0563241429	-0.1103794886	0.0987749219	-0.0679185652	-0.0624137255	0.0195928189	-0.0789545639	0.0343730634	0.0469160075	-0.0946704716	-0.1549713582	0.0060364451	-0.0491162089	0.0855373043	-0.0237008956	0.0271945754	0.0825977251	-0.0559907871	0.0208071664	0.0967683554	0.0146491272	0.0360222347	0.0740007701	-0.0027749422	0.0954819229	0.0945816942	0.0930875949	0.0910090062	0.0883589795	0.0	-0.0157858054483313	-0.0001639809183302	0.0002491916536525	2.6889741576447963e-08	-0.0563013173969579	-0.0620439673809442	0.0038494538883676	0.0031698383406329	-0.043300693063415	-0.0130035088503319	0.001874950019772	0.0001690912424206	0.0003637186065648	-0.0007801925350447	6.087003917394755e-07	1.3229122476143976e-07	0.0008529065775779	-6.308303908220006e-05	3.97946981984638e-09	7.274496300756462e-07	-0.0005121551256417	0.0003808668568802	2.623028727210655e-07	1.4505956266980277e-07	0.0	0.0	0.0	0.0	0.0	0.0	0.0	0.0	0.0
8332.591686704745	23.216245920819347	538.994074655961	69432084.21734104	6025.427208288392	-24.185217862105677	36305773.04238204	584.9247630375154	5306.612947978671	4.8267479708320025	23.29749597393085	28160140.97965489	5125.73543108718	8412.742309864856	1.177346	22.341631	0.0548276939620785	0.0245295969379674	-0.0743480177	-0.0311492028	-0.0493933887	-0.1042259882	-0.0105463302	-0.0755458314	-0.0474109399	0.0636364879	0.0540349038	-0.1444633387	-0.0956696076	-0.0693828805	0.0768721151	0.054117979	0.0156782669	-0.0705064398	0.0756940052	0.0732846002	0.0625333975	0.0524638355	0.0336574099	-0.0611459034	-0.0080082992	0.0418094194	0.011850867	0.0259794235	0.118381316	0.0002016936	0.0686376866	0.0692910443	0.1202272472	0.0078137368	-0.0514976698	-0.2051379322	0.0642261908	0.0354821871	0.0674186478	-0.0064556132	-0.0328383245	0.0242377609	0.0126164725	-0.0259212278	0.0298030323	0.0316897787	0.0573136839	0.0546860758	0.1409593576	-0.1034869462	0.2531291182	-0.0175234517	-0.0552783271	-0.0292072161	-0.0685552684	0.0895875202	0.0505897089	0.0044192718	-0.0332400168	0.0667200927	0.0822827656	-0.0292601091	-0.0013837405	-0.1064622763	-0.0507180741	-0.0396712845	-0.1365789068	-0.0356986845	0.0405961266	-0.0202209895	0.0284456102	-0.0664487438	0.0208898817	0.0252134832	-0.0433487745	0.1299327408	-0.0484528207	-0.0225180989	0.1218570174	-0.0199376482	0.0258384342	-0.0226666625	0.1237627007	0.0893456693	-0.0382959571	-0.2152147596	0.0808254183	0.1079434714	0.111754469	0.0341103724	-0.0473697856	0.0275058295	-0.0692639523	0.0453457079	-0.1496065166	0.0461166539	-0.0279932797	-0.0616558912	-0.1075227886	-0.0045572683	0.0814228131	-0.0581853534	-0.0936140216	-0.0877454008	0.0191386064	-0.129442123	0.0057406851	-0.0368307808	0.0468353589	-0.0127632497	-0.0405591656	-0.0169238397	-0.0396927513	-0.1043356035	0.0069591106	0.1269595934	0.0292398419	-0.134368333	0.1380741766	-0.0037173028	0.1238882976	0.0458902362	0.0988906281	-0.0401381102	0.1889751983	-0.1280221836	0.0301911375	0.1467368545	-0.1273532007	-0.0299648886	0.0065986945	-0.0275053269	0.0275064633	0.0493495841	-0.0427985756	0.1149669946	0.0986022707	-0.1299069768	0.1497246353	-0.0097334897	-0.0835200118	-0.0328131909	0.0362782403	-0.0622398682	0.0015737831	0.0582407289	-0.0232324031	-0.0108024102	-0.0062651424	0.0024918715	-0.0617320201	-0.0079501609	0.0878932392	-0.0598267798	-0.020915409	0.0066569632	0.1025076665	0.0644840722	-0.1084117962	-0.086522391	0.1561983413	0.0314073518	0.1395982571	-0.0908456033	0.062168976	0.07273697	0.0151357276	-0.1087818224	0.0408675624	0.0148676228	-0.0063969537	-0.0450398878	-0.0374069418	0.0478082028	0.0019773138	-0.1230438668	-0.0292619775	-0.0285624404	-0.0304056059	0.0223038345	-0.0676105823	-0.0890143025	0.0687448162	0.0455101979	0.0269995298	0.1353240976	0.0873056023	0.127321537	-0.1307875198	0.101342554	0.013540146	0.0162763415	0.010996505	0.1724932169	-0.0538937263	0.095362722	0.094106684	0.0920255275	0.0891374998	0.0854679228	0.0	-0.0094940647687025	0.0062917406796288	9.013726583231804e-05	3.958600077969587e-05	-0.0686683412550905	-0.0123670238581325	0.0001529432791076	0.0047153410907255	-0.0571715967183621	-0.0138709036549471	0.003268591471327	0.0001924019682048	0.000389688255814	2.596964924920001e-05	6.744226821264745e-10	1.518569367193575e-07	0.0005748730088621	-0.0002780335687157	7.730266533284345e-08	3.3047897631816413e-07	-0.0006541124230641	-0.0001419572974224	4.278630620067882e-07	2.0151874291471743e-08	0.0	0.0	0.0	0.0	0.0	0.0	0.0	0.0	0.0
8357.901019697805	25.3093329930598	640.5623365535852	69854509.45506561	6085.061901642908	59.63469335451646	37027978.34682601	3556.296651487209	5310.516984261521	3.904036282850029	15.241499297809474	28201590.640130084	5131.774063719858	8600.686024926252	1.240455	23.539219	0.0765848071964466	0.0386537535700716	-0.0105267431	0.083206165	0.0193631798	-0.0113481022	-0.0250983497	-0.0368291198	0.059078256	0.0288978456	0.1329014089	-0.0203565348	0.0820018499	-0.066842232	0.0917675075	0.0637667109	-0.0055003674	0.0836625904	-0.0114520976	-0.0063536202	0.0450520003	0.0010792304	-0.0708687663	-0.047385308	-0.0772346354	-0.0016765918	-0.0839766888	0.0110873899	0.1296495614	-0.0067725937	-0.0489073026	-0.0790951142	0.1199679862	-0.1070272129	-0.0016779718	-0.0068217233	0.105322898	0.1058192642	-0.0664975539	0.1256187783	0.0594684804	-0.0265144011	0.0720460927	0.0081364384	-0.0794694587	-0.0784167151	0.0837507304	-0.0349734371	0.0226162299	-0.0368835258	0.127504362	-0.0999649044	0.0059359933	0.0252121246	0.0117623495	0.1106378874	-0.0432675591	-0.0656109117	-0.0092535592	-0.0006988852	-0.0137886154	-0.0914930861	-0.1198670333	-0.0452262858	0.0170520265	0.0927648762	-0.0104004197	-0.007704579	-0.0012535001	0.056301362	-0.0069219028	0.1623358909	-0.0692945148	0.0162881488	0.0379896494	-0.0399797214	-0.0231898045	0.0663108948	-0.0537126451	-0.084700205	-0.0656871198	-0.0966019648	0.0621330871	-0.0853402163	0.0473316773	0.1196452666	-0.134195433	-0.0268422101	-0.0186136487	0.0034236773	-0.0719716665	-0.0741406292	0.0185596432	0.0118420131	0.0690962929	0.1110276015	0.0557366181	-0.0543726649	0.021598764	0.1153520473	0.0341796437	-0.1611717736	0.0152253588	-0.0111506403	0.0679457475	-0.0518483218	-0.0040440139	0.0985306487	0.0206162153	-0.0502681385	-0.0203045706	-0.1097211705	0.0452857658	-0.1441357574	0.0464275263	0.0824326315	-0.0222931065	-0.0059192456	0.1223947647	0.034044111	0.0021207267	0.1035227825	0.0456062837	0.0454131317	-0.1778949859	-0.1082651371	0.1130912547	0.0242951798	-0.0277887435	-0.0731743774	-0.0434740534	0.0140264087	0.1004313426	-0.0196495883	0.0092681219	0.0058016573	0.113728033	-0.0341623639	-0.0151101553	-0.0252881883	-0.018459961	0.0212913381	-0.0007123663	0.1157045427	0.0325775271	-0.1020426084	-0.046807849	-0.0372721615	-0.1321405212	0.0900845506	0.0232499081	0.0693817073	0.0980769572	-0.1025012624	0.0590567653	-0.1071993568	-0.0177097314	-0.0299117947	0.1937427746	0.0050233196	-0.1251333104	-0.006527207	0.0724954804	0.03257423	-0.0344379452	0.093802015	0.1054665393	0.0682390577	0.024731993	-0.0225695329	0.0585423184	0.0024310792	0.0066711943	-0.04538253	-0.0396571398	-0.1163660587	-0.0649369398	-0.0673053667	-0.017303365	-0.052156036	-0.0139433627	-0.1098552201	-0.054157007	-0.0147987008	-0.0916330579	0.0874024804	0.0471964104	0.1764593705	-0.0994421078	0.0424445718	0.0890021675	-0.0428172107	0.0078680022	-0.0730408992	-0.0672760206	0.0952237168	0.0935535044	0.0907914833	0.0869698875	0.0821333167	0.0	-0.0012125017736082	0.0082815629950943	1.4701605510030308e-06	6.858428564171527e-05	-0.0586511490502772	0.0100171922048133	0.0001003441396681	0.0034399572849178	-0.0519644380987927	0.0052071586195693	0.0027003028269232	2.711450088935589e-05	0.0002279644536757	-0.0001617238021383	2.6154588178068007e-08	5.1967792139660366e-08	-7.910280008749382e-05	-0.0006539758089495	4.276843586912757e-07	6.257252981682012e-09	-0.0008999906795156	-0.0002458782564514	8.099832232149513e-07	6.045611699562957e-08	0.0	0.0	0.0	0.0	0.0	0.0	0.0	0.0	0.0
8366.041571223059	8.140551525253613	66.26857913530893	69990651.57143238	6094.349047608636	9.287145965728088	37141090.31408829	86.25108018873948	5311.624218040756	1.1072337792347753	1.2259666418785231	28213351.83367708	5132.790748316101	8680.023949933815	1.203016	22.828768	0.1125472679588383	0.0551248991304058	0.0578275441	0.0556215424	0.0918542106	0.0832594166	-0.0012296505	-0.0400077235	0.080787198	-0.0124678906	0.060182627	0.0044695243	0.1556709909	0.0816440895	0.0307047843	0.0563916889	0.0227987016	-0.0047487073	0.0206462106	-0.0384040944	-0.1655616704	-0.0570051999	-0.1369525413	0.0375138295	-0.1161341332	-0.0470145494	-0.0402048652	-0.0035151738	0.1236673887	-0.1089507748	0.056902184	-0.1010757414	-0.0206420565	-0.0985968832	0.0686742216	0.02486492	0.1448086604	-0.0122710575	0.0384210673	0.0037310047	-0.0333376176	0.1764157954	-0.0639894781	0.0661554169	0.0318934386	0.0808866995	0.0045999873	-0.1280089017	-0.0622699053	0.107836079	-0.0391322371	0.0988962982	-0.0943743373	0.1624894815	0.0810253013	-0.0773449257	0.0786864665	0.0621137208	0.1084083415	0.0099533616	0.0059458945	0.032940308	-0.0472855113	-0.0614803355	-0.0007098317	0.0700329604	-0.1515808718	-0.0335913413	0.0533859382	-0.0756394678	-0.0293448434	-0.038472847	-0.030397985	-0.0572910342	-0.1084294114	-0.0233178134	-0.0606633349	-0.0594210745	-0.0424208014	0.1110801707	0.0230424807	0.0032776452	0.0264910447	-0.0639449578	-0.0252617145	0.0569498436	-0.00174443	0.1077653208	0.1229420164	-0.0257130966	-0.01056163	-0.0292391048	0.0177549977	-0.0221307268	-0.0343679922	0.010501558	0.0728614487	-0.0408356263	0.079565177	0.1014203708	-0.0616145135	-0.0854939741	-0.0997341779	-0.0518720834	0.106160826	0.1401946661	0.0131745312	0.052590083	-0.0479624786	0.1496750486	-0.0618094374	-0.056044565	0.0048889409	-0.0041210157	0.0787946402	0.1093441227	0.013750204	-0.0282331625	-0.1077947883	-0.0273776304	0.1425828241	-0.0256465766	-0.0027670686	0.0412299772	-0.141665155	-0.0169199862	0.0240980194	-0.0385833678	-0.0341742101	0.0780345751	-0.0471726236	0.0338703821	-0.0784571955	0.0214129574	0.0168093181	0.0870153617	0.0367675118	0.216123934	0.0571845696	0.0877720178	-0.0466375523	0.0247724531	-0.0796673615	-0.0442337622	-0.1175140919	0.0344069588	-0.0531796736	-0.0539233634	0.1218871423	0.0152945114	-0.0182246738	0.0379475621	-0.1169722069	-0.0468194057	0.0063733898	-0.0226985302	-0.0289936093	-0.1149194561	-0.012406948	-0.1427997718	-0.1554011552	0.0976210288	0.0089617455	-0.0679215146	-0.1034672104	-0.0234845938	0.0354709497	-0.0141915534	0.0723675932	0.0227444321	0.0404455056	0.0487446047	-0.0134927446	-0.0686995134	-0.0799850873	-0.045977803	-0.1131767712	-0.0303134644	-0.0015149753	-0.1406424356	0.0489196686	-0.0217385495	0.0746634806	-0.1255376525	0.0595987971	-0.067763036	-0.074368673	0.1228202518	-0.0399262704	0.0738215066	0.0157741439	-0.0883863386	0.016416444	-0.0316628462	-0.1343344401	0.0950649363	0.0929226147	0.0893877684	0.08451337	0.0783724666	0.0	-0.0059198278464123	-0.0047073260728041	3.5044361731158494e-05	2.215891875570128e-05	-0.0682266438228822	-0.0095754947726049	9.169010014018564e-05	0.0046548749273344	-0.0726724165783423	-0.0207079784795495	0.0052812801313361	0.0004288203727094	-0.0006918030871039	-0.0009197675407796	8.45972329071753e-07	4.785915113264863e-07	0.0003618765553861	0.0004409793554735	1.9446279195390619e-07	1.309546413381091e-07	-0.00109037315594	-0.0001903824764244	1.1889136191945555e-06	3.6245487329487245e-08	0.0	0.0	0.0	0.0	0.0	0.0	0.0	0.0	0.0
8359.177063762774	-6.864507460284585	47.12146267230273	69875841.18333763	6046.485261072567	-47.86378653606971	36559984.012367785	2290.942061570448	5311.892726152162	0.2685081114059358	0.0720966058907824	28216204.33414825	5132.755094962868	8642.11330501463	1.220567	23.161808	0.0831063306329092	0.0427379968438395	0.0877453525	-0.0176592522	0.0921883589	0.098177252	0.0391839613	0.0325958864	-0.0789236349	0.0315158345	-0.0243682578	-0.0535535765	0.126238522	-0.0058516184	0.0151837751	-0.0774111144	-0.1071416585	-0.0619918815	0.0772085941	0.0317099732	-0.0836956476	0.0197779507	-0.0172195877	0.095175728	-0.1295898923	0.0434504332	0.0221561752	-0.0308705756	0.0974542384	0.0522361198	-0.0440701098	0.0047981479	-0.0046809594	-0.0411205945	-0.0027359018	0.0033382324	-0.0173563174	-0.0129591697	0.0435759112	0.0451640505	-0.0206510172	0.0647273207	-0.023953906	0.0577628191	-0.0513942294	-0.0644921529	0.0691688059	-0.0730132617	-0.132822625	0.0784582065	0.0138450966	-0.0520873139	0.0708939626	-0.0389013027	0.0708287844	0.1290529053	-0.0661900702	-0.1195036149	0.1141797875	0.0092908472	0.0670085224	0.0682108878	-0.0089874394	0.0878854716	-0.02120705	-0.0026483146	-0.0816997257	-0.0035148811	-0.0099553824	0.0729157613	-0.1179502207	-0.0632064766	0.0448752944	0.0082629124	0.1698980714	-0.0030783512	0.005303897	0.0586897433	-0.0666678541	-0.0290575989	-0.0437176154	-0.0101852676	-0.020019351	0.08629143	-0.0177256469	-0.0888413763	-0.0939479482	-0.0441262615	0.1353007623	0.107417907	-0.0233545362	0.0656050803	0.1284300517	-0.0448475883	-0.0156161129	0.0819114531	0.0178977682	0.1045770611	0.0493589605	-0.0146205573	-0.1024909526	-0.0856659104	-0.1113873974	0.0787193107	-0.0211425305	0.0430331127	1.76964e-05	0.0345818907	-0.0357770135	0.0524120307	-0.0447767169	0.0033667991	0.0622114257	0.0214407529	0.1032020245	-0.0848707267	0.0842084789	-0.0294003568	-0.0198147291	0.0179343236	0.0363390864	0.0290886855	0.0292051123	0.1058275098	-0.1728303664	-0.0712171102	0.0420350884	0.121654048	0.0178212701	0.0258545759	-0.0053064949	-0.0447986769	0.1281482381	-0.0778756817	0.03779141	-0.0129551798	-0.1018767503	-0.0003429543	0.0872604677	-0.1102903844	0.0217342264	0.0388371727	0.045209655	-0.0053751306	0.0423873283	0.1094576688	-0.0097803674	-0.0190448754	-0.0220220338	-0.0129577513	0.0316861213	-0.0375621725	-0.0430202561	-0.0233387047	-0.0829945667	0.121899655	0.1420924947	-0.0412247971	0.0906275884	0.0496004958	-0.0757143579	0.0978959341	0.0456148795	-0.0970323211	-0.0062888499	-0.1920181932	-0.0244501236	-0.0226086731	-0.0282384219	-0.0637622811	-0.0076566788	0.0667090961	0.0019901701	-0.050471375	-0.0312597296	0.0835512389	-0.0679108837	0.0424294444	-0.0075423455	-0.1240299066	0.072435994	-0.0277972449	0.0503881166	0.0107913256	-0.009307315	0.0436046413	-0.0379999904	0.0898995032	-0.0221477444	-0.0197669654	-0.1485037693	0.0290243665	0.0153382508	-0.0369012927	0.0574400777	0.0948864133	0.0922145392	0.0878170061	0.0817761076	0.0742048901	0.0	0.0005956878999597	0.006515515746372	3.548440741583975e-07	4.245194544122149e-05	-0.041289770681189	0.0269368731416932	0.0007255951346516	0.0017048451629051	-0.0726967854739513	-2.4368895609000463e-05	0.0052848226182456	5.93843073202362e-10	-0.0008890501182801	-0.0001972470311761	3.89063913078248e-08	7.904101128138598e-07	-0.0001271514889868	-0.0004890280443729	2.3914842818318303e-07	1.6167501151560323e-08	-0.0007840567745044	0.0003063163814356	6.147450256462434e-07	9.382972553580004e-08	0.0	0.0	0.0	0.0	0.0	0.0	0.0	0.0	0.0
8363.485233000656	4.308169237881884	18.560322182231776	69947885.24262004	6086.021244789237	39.53598371667067	37039654.592025936	1563.0940084448484	5309.920369612381	-1.972356539780776	3.890190320015996	28195254.33162449	5132.3419197626845	8709.412201818548	1.181443	22.419394	0.0334340025820388	0.0199743979607795	0.0918274368	-0.0698860091	-0.0056173198	0.1133632898	-0.018843814	0.0955742664	0.0988156294	-0.0206203035	-0.0557810416	-0.0745392736	0.1413139398	-0.0083861351	-0.060905918	-0.0536949543	-0.0278878748	0.083036298	-0.0217310531	0.0162713319	-0.0277802816	-0.0389814568	0.073359694	0.0565924109	-0.0936710242	-0.1064622873	-0.0106807151	-0.0156462073	-0.0297780558	0.0082858811	-0.1393851914	-0.0853382591	-0.0566921221	-0.0109077285	-0.0161343391	0.0419702564	0.061803339	0.0964698387	0.0369957326	0.1039741429	-0.0377751493	-0.0030351278	-0.0266518767	0.1645683172	-0.0928136811	-0.1067004691	0.1487479488	-0.0423940393	0.0264336181	0.0337457221	-0.0587120617	-0.0158721957	0.0542398027	0.0073078733	-0.0627062159	-0.0449057999	-0.0049604337	0.1118224259	0.0395689164	0.0403508061	0.1009479822	0.0884684563	-0.038486709	-0.0120018475	0.0464920038	-0.0916439724	-0.0275809748	0.0381004243	-0.0390759608	-0.1284471485	0.079388836	-0.0317167892	-0.0763423722	0.0169306809	0.0559619665	0.0339667734	-0.1115950475	-0.0665985849	0.0708730411	-0.027962004	-0.0264403902	0.0804363863	-0.0823390944	0.1008231514	-0.0019261731	0.1135953631	0.0255911349	-0.1015137364	0.0163844302	-0.0702251075	-0.0482303821	-0.0053315827	0.0677636808	0.062884698	0.0070062458	-0.0797491338	-0.0480542795	0.065260912	0.0990148687	-0.092102984	-0.048928848	-0.0853460929	0.0570936803	0.0637188799	0.0365836386	0.1221566439	0.0334989758	0.0390295954	-0.0855950322	0.0077377269	-0.071457164	-0.0801674763	0.0333365447	-0.0193464824	0.0619790083	-0.0037979297	-0.0179146494	0.0664569608	0.0280501443	0.0110596762	-0.0529707552	-0.0090592015	0.0194822085	0.0090078393	-0.058479465	-0.0922239223	0.0815841925	-0.0997267811	-0.1001844166	0.1731471068	-0.0192553559	-0.0249883325	0.031406411	-0.088226709	-0.0875383438	-0.0308781734	0.0540712259	-0.0072594584	-0.0233929517	0.1132139962	0.0736645958	0.0075028607	0.0664882185	0.009564006	0.1065317166	0.0602859654	-0.0615829794	0.0779771148	0.1271856495	-0.0124159783	0.02689685	0.0009371567	0.0557452427	-0.0605095197	0.0283456999	0.0466205456	0.0105480068	0.0933983472	-0.0500263889	0.0019852677	-0.0967728195	0.0125378114	0.0359822349	0.0545440271	-0.0068138104	-0.0576578291	0.0086675778	-0.0650012175	-0.069740988	0.075244479	-0.0325600853	0.0645658112	-0.045791902	0.0414832326	-0.050420353	0.0268909141	-0.0279694649	0.0724144653	0.0588582309	-0.1274863731	0.0985696104	-0.0127179752	-0.0518847464	-0.1004356395	0.0498974108	0.0018707311	-0.0934241184	0.0456451012	0.0009817091	-0.0757228367	-0.0070288969	0.0085825752	-0.0224706349	-0.0476867954	0.0344836794	0.0946881851	0.0914298658	0.0860821319	0.0787671932	0.0696522155	0.0	0.006677284062647	0.0060815961626873	4.458612245327962e-05	3.698581188601289e-05	-0.0455765925483717	-0.0042868218671827	1.83768417209558e-05	0.0020772257883202	-0.0725578613359374	0.0001389241380138	0.0052646432416451	1.9299916122902522e-08	-0.0009569230895968	-6.78729713167e-05	4.606740235357581e-09	9.157017994034852e-07	0.0002123508056213	0.000339502294608	1.1526180804416509e-07	4.509286464801513e-08	-0.0007328988321461	5.1157942358299926e-05	5.371406981611173e-07	2.617135066335138e-09	0.0	0.0	0.0	0.0	0.0	0.0	0.0	0.0	0.0
8349.021412472792	-14.4638205278643	209.2021042622687	69706158.54592916	6079.873252602952	-6.147992186285592	36964858.7677168	37.79780792262869	5305.337861999347	-4.582507613034068	20.99937602351519	28146609.829963807	5130.763416713943	8717.773522619585	1.108483	21.03488	0.0122552651109278	0.006422865233894	0.08873967	-8.45632e-05	-0.0747459445	0.0490862328	0.024552331	-0.0121149574	0.069617738	-0.0172900071	-0.0163240585	-0.0078861233	0.0348066908	0.0932144924	-0.1094479204	0.0702098336	-0.0449080763	0.069030678	-0.0685611813	-0.0321511967	0.0350686398	-0.0344429977	0.0746448909	0.0053980545	-0.0021655942	-0.0959569067	0.0151689437	-0.044604715	-0.0727474467	-0.044205846	0.0826234313	0.1123544282	-0.0215411199	0.0302603425	-0.0592468902	0.1150445573	0.0047905031	-0.0967767296	0.086650145	-0.0499092032	-0.1205193362	-0.0215548876	-0.1671331457	-0.0164755996	0.0003820455	-0.0082269832	0.0708056344	-0.0313628673	-0.0518692629	0.0732119066	-0.0167327621	0.0842283126	-0.0267194869	0.0345238185	0.0498365339	0.0002668257	0.0754188864	0.0125701959	-0.0230104945	0.0866625065	0.1051662084	0.0259146868	-0.0203198428	0.0301326895	-0.0657158831	-0.0574214163	0.111932966	0.0862901359	0.0848201616	0.0272551528	-0.0156069891	-0.0784395886	-0.0070926722	0.0179495659	0.0651390758	0.0076458018	0.0468701428	0.1069866122	-0.0512064192	0.0038826592	0.0064857471	0.1183968795	-0.0207752388	-0.0030738447	0.0834567213	0.0461274811	-0.1103441221	0.0365348785	-0.0620569437	0.0177737362	-0.0849845336	-0.0417723921	-0.0800441301	-0.0217512634	-0.0201911757	0.0371720711	-0.0838190564	-0.0430655364	-0.0582381276	-0.0723541865	0.0225860009	0.0732264868	0.0036110726	0.0314311123	0.0484800983	0.0872332204	-0.104705153	-0.0736984987	-0.0172595167	-0.0551486701	0.0034777854	-0.0108001539	0.0232172608	0.0109085964	0.1749236212	-0.085529486	-0.044314796	0.1582845978	-0.1618024939	0.0017405377	0.010371746	-0.1152676297	0.0434216921	0.1178852533	0.0427620292	-0.0302993852	0.0672465266	0.0208131815	-0.0198756482	-0.0109388876	-0.0641866467	0.0158645469	-0.0368409943	-0.0397138932	-0.0230150468	0.0857693156	-0.0812578256	-0.0322748726	0.004746948	0.0516641006	-0.0747279379	0.0468200986	0.066709717	-0.1371323955	-0.0745553245	0.1019888814	0.1183185668	0.0582423791	0.0074621917	-0.0524775603	0.0251071071	0.0202583234	0.0654416306	0.0249135047	0.0468492144	0.089951704	-0.066826791	0.0574494191	0.0525156688	0.0342008075	0.0456277303	0.0761983895	-0.0071979575	0.0675098425	-0.0043981455	0.0118349428	0.0411072337	0.086843348	0.0354979856	0.0290225347	-0.0770261184	0.073505141	-0.0220137137	0.0624142323	0.0134798718	-0.0189266297	0.0120077529	0.0229436782	0.0810190788	-0.1043236767	0.0894440648	0.0637989571	0.0445797055	-0.1447341455	0.1098755283	0.0419983569	-0.0577296141	-0.0386060078	0.1101938795	-0.0878601439	-0.0526935338	0.0301495606	-0.0532191908	-0.0143478762	-0.0019346826	0.0944702927	0.0905692465	0.0841863878	0.0754966221	0.0647380696	0.0	0.0077668470912044	0.0010895630285574	6.032391373815025e-05	1.1871475931991745e-06	-0.0498597502076307	-0.0042831576592589	1.834543953406901e-05	0.0024859946907673	-0.0725663415107789	-8.48017484149366e-06	0.0052658739202589	7.191336534230202e-11	-0.0010539281469548	-9.700505735800011e-05	9.409981153028897e-09	1.1107645389435787e-06	0.0001938750079246	-1.8475797696699983e-05	3.4135510052938436e-10	3.758751869776372e-08	-0.0007108984022354	2.2000429910700023e-05	5.053765383008446e-07	4.840189162556242e-10	0.0	0.0	0.0	0.0	0.0	0.0	0.0	0.0	0.0
8328.053247468923	-20.968165003869217	439.66394362948574	69356470.89267766	6054.190433483219	-25.68281911973281	36653221.804879725	659.6071979369133	5306.125524438045	0.7876624386981348	0.620412117335893	28154968.081092924	5129.9627803784	8557.462696326878	1.062257	20.157671	0.0658359157223261	0.0338964806868044	0.0480914276	-0.0111357884	-0.0740929336	-0.0588825482	0.0036960519	-0.0637737102	-0.0367330851	0.0225155296	-0.0442125527	0.0262325833	-0.0386856551	0.1499029593	-0.0482155424	-0.0089992397	-0.0054866058	-0.0503246739	-0.0902192993	-0.1020037442	0.0197156611	-0.0488775171	0.0521579863	-0.0452410393	-0.0384536948	-0.0055395553	0.0035128702	-0.0014477825	0.0669740846	-0.0434600672	0.00751351	0.1020113798	-0.0731989008	-0.0288447065	-0.0711603465	0.1243008668	-0.0380952562	-0.0291911871	-0.0448145385	-0.0271351182	-0.1036767017	-0.0307845597	-0.1027322432	0.0384531983	0.0715792332	0.0610043979	-0.055397479	-0.1115502697	-0.1022088285	0.0670621385	0.0265006358	-0.0160755936	0.0853449111	-0.0315311958	-0.0103863612	-0.0337902679	-0.1456465265	-0.0114577367	-0.0404473712	-0.0430688077	-0.0088726065	-0.0250850385	0.0687917543	0.1395625779	0.05866847	0.0826078943	0.036085408	0.0512807475	0.0962481395	-0.0567127386	0.1155795169	0.0600690633	0.0618193157	-0.0239603543	0.028463537	-0.0343933563	-0.0541120141	0.0501385845	0.0346845535	0.0625704078	-0.0522308323	-0.1254431186	0.0080619467	-0.0571657033	0.0264171375	0.0451500347	0.0224706683	-0.035734988	-0.0607008448	-0.069596786	0.1375704605	-0.0248229051	-0.0388934735	0.026619398	0.0166686273	0.0171543688	0.004179111	-0.0082155295	-0.1451571776	-0.0420650382	0.0507022189	0.106888625	-0.055805449	0.0671932574	0.0477796229	0.0262769281	-0.0535709138	0.0239931366	0.094864514	-0.0444369353	-0.028175134	0.0140629006	0.0527477017	0.0304415015	0.0206229693	-0.0582888431	-0.0609105687	0.0659387971	-0.1103904028	0.024307681	-0.1402435346	-0.0176757066	-0.0527060789	0.102513802	0.0026785396	0.0118406653	0.0201833078	-0.0332402117	0.1198040514	0.0360397356	-0.0601038078	-0.0382723414	-0.0773384308	0.0141417102	-0.0851059602	-0.0015363932	0.0145187863	-0.0257574924	-0.0125597325	-0.0902248569	-0.013531748	0.0801080681	-0.1090536659	-0.0690215145	0.0521686155	-0.1044229827	-0.0561489034	0.0032450214	0.1331492544	0.0149898946	0.0221672009	0.1102725545	-0.1077590121	0.062143876	-0.11813663	-0.0796853335	-0.0619348005	-0.023904405	-0.0469847305	0.015744051	-0.0773260991	-0.0597878301	0.0530447754	-0.025080326	0.0704843913	0.0643996513	-0.0271828954	0.0445970166	0.0230767633	-0.1960877871	0.017385271	0.0704576348	-0.0286331262	0.047349252	0.0553800001	-0.0264713595	0.0510766887	0.0018168828	0.0066723868	-0.0496255159	0.0840992168	0.0130708713	0.0851906872	-0.0786390331	0.1132444745	0.0352121629	-0.0349727601	-0.1094009119	0.0911570801	-0.0778580179	-0.0577583799	-0.013033722	-0.0070727035	0.0030775916	0.1265970276	0.0942327815	0.0896333961	0.0821333167	0.0719752588	0.0594879552	0.0	0.0093567933984957	0.0015899463072913	8.754958270213272e-05	2.5279292600692414e-06	-0.0253722607154429	0.0244874894921878	0.00059963714163	0.0006437516138124	-0.0655606330561369	0.007005708454642	0.0042981966067214	4.907995095144246e-05	-0.0011440251941073	-9.009704715249992e-05	8.117477905599795e-09	1.3087936447522454e-06	-0.0001052454267871	-0.0002991204347117	8.94730344621164e-08	1.1076599859598828e-08	-0.0004450604547355	0.0002658379474999	1.9807880836937005e-07	7.066981433095959e-08	0.0	0.0	0.0	0.0	0.0	0.0	0.0	0.0	0.0
8320.642817348527	-7.410430120395176	54.91447456926007	69233096.89389364	6016.843296183875	-37.34713729934356	36202403.25083284	1394.8086644560187	5304.340359669812	-1.7851647682336989	3.186813249742876	28136026.65122207	5125.16947375773	8503.391723999195	1.032286	19.588947	0.0247042398937651	0.0121475029679745	0.0568386055	0.0349795307	-0.0753902036	-0.1226552579	0.0065544729	-0.0364768622	-0.1132949852	0.0496086428	0.0163429733	0.0294807563	-0.0708128174	0.0788908373	-0.036238125	-0.0349114743	-0.0432749931	-0.1542038427	0.0027259701	-0.049999722	0.0249096913	0.0076370133	-0.0020344788	-0.0809164836	-0.0152169638	0.052419862	0.0249358035	-0.041457959	0.0068132145	-0.0347637437	-0.0339784433	0.2166606938	0.0235509095	0.0078094456	-0.125351548	0.1129895233	-0.0514692136	0.0158344747	0.0774448647	-0.097805971	-0.0593030215	-0.0041088092	0.0105710492	-0.0741942057	0.0438670775	0.0108473947	-0.0246607622	-0.0068622545	-0.0099804414	-0.1107230587	0.0193954118	0.0337937286	-0.0980783094	-0.0102230218	-0.052782389	-0.0983003585	-0.072636568	-0.0499651635	-0.0602275019	0.0626448761	-0.0273254224	0.0022958899	-0.0275728425	0.0706617304	0.1099547339	-0.0162925212	0.0929708921	-0.0644188376	0.0614582558	0.0272733371	0.046245181	0.0370888331	0.0278874734	-0.062724836	-0.0200280312	-0.0603196092	0.0841816579	0.0082875232	0.0163800711	-0.0708351793	-0.0752740201	0.0412905427	0.0079103165	-0.0221858504	-0.0628136022	0.0275676842	0.0704697224	-0.003066355	-0.0057807797	0.0302366274	-0.0243867961	-0.0296406176	0.0894925924	0.0701495409	0.0308256954	-0.063168948	-0.0018326652	-0.0339730467	-0.0180816149	0.0103908571	0.0736671433	0.0557796685	-0.0870010313	0.088663776	-0.0514636454	-0.009323699	0.0012924979	-0.0462432397	0.1706061163	-0.0421296319	0.0206311559	0.0079097736	0.036532064	-0.009824762	-0.0570303074	0.0551574704	0.0813016908	0.0596051884	-0.0335036403	-0.0914037274	-0.1284271559	-0.0796710358	-0.0581811161	0.0838951956	0.0587928796	-0.0677550166	0.0223009144	0.0799654346	0.0074311619	0.0216247431	0.0437898875	0.1445729028	-0.0855177545	0.0497558565	0.0580275809	-0.0028665759	-0.0457231246	-0.1305126508	-0.0783441014	-0.0176836812	-0.0238134393	-0.028525304	0.0273032434	0.0229722598	-0.0420152201	-0.1152254703	0.0432046948	0.0229330703	0.0414955198	-0.0148436484	0.0118920023	-0.013269534	-0.0201035292	0.0830647015	0.0772713787	0.0124781135	0.0127592877	-0.0520352169	-0.0183174645	-0.110856548	-0.0093240638	-0.0770499252	-0.0137132365	-0.0197769858	0.0976124688	-0.003893241	0.0309233817	0.0365731677	-0.1239940739	0.0130805291	-0.1468781071	0.0858866699	0.0075161694	-0.0032875708	0.1109058888	-0.0627708308	0.0365313378	-0.0070491455	-0.0211021267	-0.0200194103	0.1271198422	-0.0078046949	0.1142886808	-0.0252469279	0.0836813707	0.1516233067	0.0907485468	-0.052725485	0.0885220629	-0.0977126092	-0.0425677947	0.0895080985	-0.0213058687	-0.0261648893	0.0810477915	0.0939757006	0.088623092	0.0799267552	0.0682148009	0.0539291185	0.0	0.0177466349061319	0.0083898415076361	0.0003149430504915	7.038944052325525e-05	-0.026945595842065	-0.0015733351266221	2.4753834206629804e-06	0.0007260651352839	-0.060249514693325	0.0053111183628118	0.0036300040207811	2.8207978263797703e-05	-0.0012030561383956	-5.903094428829996e-05	3.4846523835683742e-09	1.447344072131333e-06	-0.000234232629829	-0.0001289872030419	1.6637698548572338e-08	5.4864924876609343e-08	-0.0004456412053392	-5.807506036999881e-07	1.9859608389617507e-07	3.372712636979006e-13	0.0	0.0	0.0	0.0	0.0	0.0	0.0	0.0	0.0
8323.261805563945	2.6189882154176303	6.859099272496424	69276687.08395958	6019.630461583683	2.7871653998081456	36235950.89402619	7.7682909658877	5302.11988635433	-2.2204733154812857	4.930501744764453	28112475.28927406	5124.483903996307	8506.446222172393	1.007387	19.116455	0.0407580302653014	0.0208583536956446	0.0360207489	0.0848632098	-0.0317257541	-0.0949911646	0.0302406959	0.0381203793	-0.064576355	0.0103714921	0.0319497735	0.0387480472	-0.069716023	-0.112570552	-0.0040349321	-0.0850194067	-0.0271376651	-0.0305341632	0.0676979406	-0.1242824675	0.0332818697	0.0171432795	-0.0520331032	-0.0759872121	0.0080739731	0.078579684	-0.0630027091	-0.0725878423	-0.0231868526	0.1048812513	-0.0401995897	0.1041637692	0.0710107368	-0.0577887325	-0.0957063219	0.1430259839	-0.0415417613	0.1532107732	-0.0340011255	-0.0067222279	0.0376081788	-0.0161093275	0.013943342	-0.0093187207	-0.0331683332	0.0442367522	0.0078260377	-0.0912240615	0.0580808203	-0.0772075235	0.0257184215	0.0772669382	0.023361641	0.0594132467	-0.1497286993	0.0603526741	0.0136956848	0.0322077523	0.0108461938	-0.034925999	-0.0282992322	-0.0233122573	0.0819278904	-0.0662556286	0.0491810965	-0.0893693759	0.1044204266	0.0005072592	-0.011245549	0.0296173451	-0.0442038549	-0.1758591618	0.0064556995	0.0083101985	0.0458142855	-0.0632731744	-0.0052478986	0.0074081735	-0.1033230334	0.0196683029	-0.0102726861	0.0008787922	-0.0235927164	-0.0947725579	-0.2029500589	-0.1232524665	-0.0679079144	-0.0530497382	-0.0308792531	-0.0597421018	0.0103080261	0.1035899927	-0.0868822155	-0.0204323361	0.1114942819	-0.0083369951	0.1401121615	0.0194597632	0.03260042	0.0614809173	0.0598976666	-0.0742905286	0.0612734508	0.0735183725	-0.1115892431	-0.0583663163	0.0189269645	0.0168844297	0.1334448513	-0.0276337468	0.0215873686	0.0318752781	-0.0694360632	-0.0118782655	-0.0092953846	0.0774699285	0.0924746485	0.1225337897	0.0734755341	-0.0394679652	-0.1363473009	-0.0135019406	-0.0386991298	0.1475823373	0.0246613606	-0.0614971653	0.0110403686	-0.0650192147	0.0081539318	0.0247879869	0.0405214058	0.0689582604	-0.0091544574	0.0427842923	-0.0767457874	-0.0653477972	0.0611888582	0.030357922	-0.0167705921	-0.0981409427	-0.0449514836	0.0117498488	0.0186127826	0.0450562473	0.0031560856	0.0835005755	-0.0171344421	0.046234872	-0.0205762995	-0.054781088	-0.026091965	-0.1525162426	0.0254209895	0.0736267103	0.0243393548	0.0414838316	0.0948547181	-0.0502520238	-0.0891718047	0.0059861796	0.0182694462	0.115096819	-0.0814410827	-0.0839739286	-0.0998398842	-0.0925185264	-0.1528486954	0.0107814398	-0.0153854902	-0.0600503081	0.00618075	0.0806341026	-0.0015851198	-0.0625873957	0.0912869433	-0.0761727533	-0.0338653064	0.0232295548	-0.0057796466	-0.0217705449	0.1433975088	-0.0882195334	0.0025768706	-0.0014879537	0.0317373093	0.1628118374	0.0697964431	-0.0224690876	0.0418437543	-0.042725451	-0.0462558686	0.0560004477	-0.0129481952	-0.064579638	0.0746485198	0.0936991036	0.0875391733	0.077570827	0.0642277404	0.0480904081	0.0	0.0138321904869656	-0.0039144444191663	0.0001913294936677	1.5322875110742192e-05	-0.0442283982007438	-0.0172828023586788	0.0002986952573691	0.0019561512074035	-0.0528174364257409	0.007432078267584	0.0027896815905871	5.523578737549581e-05	-0.0012830181734363	-7.996203504069999e-05	6.393927047850133e-09	1.6461356333678196e-06	-7.221476237595503e-05	0.000162017867453	2.624978937403245e-08	5.21497190501565e-09	-0.0004450470034355	5.94201903700005e-07	1.98066835266918e-07	3.5307590236071e-13	0.0	0.0	0.0	0.0	0.0	0.0	0.0	0.0	0.0
8322.735495614916	-0.5263099490293826	0.2770021624473112	69267926.12996845	6029.347409831944	9.71694824826045	36353030.18844717	94.41908325937185	5301.640094749083	-0.4797916052475557	0.2301999844660263	28107387.694251064	5126.052395996996	8456.826382717843	0.942368	17.882627	0.0274322801949698	0.0147478994473934	0.0638629243	0.0805014736	0.0197957434	-0.1061720966	0.0913796361	0.0629925096	0.0083670353	-0.0319186398	0.0560382208	0.0795251148	-0.0403204996	-0.110381691	0.012267082	-0.0335492218	0.0220028198	-0.0179519903	0.0417335204	-0.1434673939	0.0215866606	-0.0479315103	-0.0519242774	-0.0514438107	0.0007225864	0.0791449421	-0.0765017236	-0.0835474053	-0.0303120053	0.0397260774	0.0117186469	-0.0530128425	-0.0502476726	-0.0611627352	-0.0803891406	0.0309139204	-0.0149775235	-0.0610589153	0.1035608885	0.0860874294	0.0669417312	0.2037996884	0.0238236897	0.0072566936	0.0896263325	0.0155746514	-0.0104633264	0.0412005493	0.0551498859	-0.1240054799	0.065651046	-0.0015858234	-0.0629335184	-0.0363129527	0.0140768328	0.0016259526	-0.0202535601	0.0043021592	-0.0020948355	0.0742432423	4.86139e-05	0.020183064	0.1390076982	0.0345420776	0.0834396529	-0.0528280177	0.0373756824	0.0033236731	0.1034518574	-0.0435852712	-0.0451039935	0.0698529773	-0.0140949106	0.0995788567	0.0161531137	0.0302532286	0.073511321	0.0869600496	-0.0238116583	0.0189409295	0.0303986623	0.0290968914	0.0085294742	-0.0132359189	-0.0423048298	-0.0299272699	-0.0878286934	0.0100395203	-0.0525153399	-0.0182055036	-0.0282775016	-0.0850211195	0.0491923896	-0.0140203921	0.100086047	0.046226416	-0.0163166325	-0.0175223803	0.0167295538	0.0742852249	0.039213239	-0.0775060033	0.0512305985	0.0113117293	-0.0761407356	-0.0007731913	-0.0229523119	0.0414121184	0.0725421174	0.0352580699	0.0371430309	0.060811746	-0.0347792356	0.0374323831	0.1117534068	-0.0239723952	0.0955246842	0.0501789184	0.0170671794	0.092046949	0.0680564099	0.0337850842	-0.0978121484	0.0739935354	0.052838174	-0.0169603365	-0.0971325801	0.0478216218	0.0506680859	0.0216229411	0.0782611998	0.1262475621	-0.0748704396	0.0030219156	-0.1142744721	0.1590481081	0.1001629556	-0.0600357426	-0.079905545	-0.0318769303	-0.0222757021	0.0104637894	0.1150198428	-0.0890280235	0.0083812171	-0.0376847374	0.0531002731	-0.0199902276	-0.0805687693	-0.0040626119	0.0101257419	0.0655412358	-0.0747494169	0.0175251795	-0.0353923103	0.011929487	-0.0503883639	-0.094708418	0.0582289391	-0.038821514	0.0168077598	0.0750537441	0.022851909	0.0537899565	0.0012676058	0.0437961266	-0.0292536175	-0.0457106005	-0.0285516142	0.0969532311	0.0101152452	0.0884953773	-0.0081252474	-0.0813251819	0.0696394605	-0.0350294319	-0.0595827152	0.0732063875	0.0505392251	-0.0435853495	0.1342234607	-0.076736523	-0.013432213	-0.0302130671	0.0498665558	0.0934481077	0.0503083807	-0.0792585961	0.0716075895	-0.0368127741	-0.0426914505	-0.0122303657	-0.0675376346	-0.017814997	0.1167006494	0.0934030479	0.0863825404	0.0750699348	0.0600273217	0.0420021249	0.0	0.0139234504132161	9.125992625050144e-05	0.0001938624714092	8.328374139246961e-09	-0.0368738162404014	0.0073545819603424	5.408987581139389e-05	0.0013596783241308	-0.0600511972924806	-0.0072337608667397	0.0036061462962604	5.232729627717469e-05	-0.0010820311505161	0.0002009870229201	4.0395783382324984e-08	1.1707914106871951e-06	-0.0001262594596085	-5.4044697232544974e-05	2.920829298957454e-09	1.5941451140630443e-08	-0.0004450688321155	-2.18286800000053e-08	1.9808626532065515e-07	4.764912705426314e-16	0.0	0.0	0.0	0.0	0.0	0.0	0.0	0.0	0.0
8338.73483669208	15.99934107716399	255.97891490342695	69534498.67666209	6049.083483036477	19.736073204533568	36591410.98474472	389.5125855347079	5300.78314638552	-0.8569483635628785	0.7343604978130954	28098301.96500477	5127.109160538442	8581.860045445617	1.23764	23.485792	0.102659079525657	0.0568390442662644	-0.0207273075	0.1053732628	0.0443240536	-0.0325587299	-0.0721516662	0.0086217382	0.0533529112	-0.0519282578	0.0413891213	0.1053566566	-0.0073803909	-0.1207975925	0.0725802809	-0.0299075898	0.0674109075	0.0845984432	-0.0573070957	-0.0346129027	0.0254923378	0.026144116	-0.1015388887	-0.0468934695	0.0742011054	-0.0160678535	-0.0754561785	-0.0268211104	-0.0660516034	0.0846259216	-0.0361826306	-0.0547312638	0.0372269564	-0.0421402799	-0.043269082	0.0389837953	0.0669432927	-0.1136957698	-0.0539283133	-0.0453082614	0.06761067	-0.0256951784	0.2364501312	-0.0604957118	-0.0519912774	0.0014213239	-0.064316635	0.0154234641	-0.0489965822	-0.061128543	-0.102915659	-0.0009008957	0.0805126509	0.1236911199	-0.0179513781	0.1276317313	0.1562218696	-0.0915683888	-0.1153004328	0.0137980545	0.0345459974	0.0763696426	-0.0668474169	0.0041121114	-0.0766408698	0.0004776436	-0.0483673118	-0.0052745204	0.0013311169	-0.0235634751	-0.0485923482	0.0430530067	-0.0158290545	-0.0189913221	-0.1467290103	-0.0103508285	-0.0366362827	0.0978005548	0.0945634165	-0.0539879997	0.0764248411	0.1433102786	-0.0090699971	0.0144710246	0.110310831	0.0618377487	-0.0123364954	-0.0212004801	0.0519684157	0.0756473426	0.0442381176	-0.0296673129	-0.1225110284	0.0851616092	0.0148300073	0.0183215714	-0.1190362093	0.1328087857	-0.0765324365	0.1070844876	-0.0117229633	-0.0074876692	0.1327957997	0.0026981453	-0.0160156151	-0.0360531354	0.0068474252	0.0325939098	0.0196533791	-0.0040882203	0.0462629375	0.1040069766	-0.0444925828	-0.0359786695	0.0045317956	0.043719324	-0.0401886584	0.0321310576	0.0874975104	0.10061651	0.0854764737	-0.0728056506	-0.0802543033	-0.0468286015	-0.085802256	0.0090878984	-0.0205260017	0.0282940445	-0.0882897874	-0.0371573135	0.0462825758	-0.0069845783	-0.0744354357	0.001201411	0.0169533162	-0.1530912739	-0.1145095145	0.0298555493	0.0481094753	0.005799125	0.0650125	0.0380663633	-0.0867657374	0.0711123373	-0.0265765237	0.0867165299	0.1768537268	0.0884436794	0.0028464176	0.0650630947	-0.0184970781	0.1074519202	0.1248983392	0.0602735669	0.0027080493	0.1066373682	-0.2141130465	0.0811002473	-0.0141519791	-0.0780739621	0.0587945527	-0.0859589641	-0.0339593138	-0.0453662032	-0.0367479796	0.0920757504	-0.0188781045	-0.0108454885	0.0878168277	0.0250420229	0.1282505888	0.0167323155	0.0020514366	-0.0680286401	-0.0133179755	-0.0635875243	-0.0626384149	-0.0224717161	0.0901308934	-0.0292254036	0.0595219834	-0.0526952225	-0.0869998167	-0.0075373105	0.0721024724	0.0151922722	0.0057905538	-0.0011576425	-0.0628740316	0.053020259	-0.0589760838	0.0264742664	0.0350576594	-0.0645758518	-0.0362119219	0.0930875949	0.0851541541	0.0724287524	0.0556274983	0.0356958649	0.0	0.0110269889603245	-0.0028964614528916	0.0001215944855311	8.389488948086921e-06	-0.0516522395865024	-0.014778423346101	0.0002184017965965	0.0026679538543014	-0.0527595479736362	0.0072916493188443	0.0027835699023824	5.3168149789004e-05	-0.0001718914832117	0.0009101396673044	8.283542140009639e-07	2.9546682000718146e-08	0.0003615519732975	0.000487811432906	2.3795999407380494e-07	1.3071982939531616e-07	-0.0006009686400615	-0.000155899807946	3.6116330633736884e-07	2.4304750117599693e-08	0.0	0.0	0.0	0.0	0.0	0.0	0.0	0.0	0.0
8339.097566248754	0.3627295566748216	0.1315727312855126	69540548.2194159	6043.139166836715	-5.944316199762397	36519530.98975594	35.33489508275767	5300.771946772518	-0.0111996130017359	0.0001254313313886	28098183.231690515	5124.062187538332	8591.162615012763	1.048431	19.895308	0.0348926001657	0.0155111043372685	-0.0144033232	0.0620414693	0.0959499541	0.0099565763	-0.0312731501	-0.0489656515	0.0372271808	-0.0463352661	0.0188230472	0.099914836	0.0414257896	-0.0030778156	0.1058082876	0.0480351348	0.1422520938	-0.0133267403	-0.0054774953	0.0107716298	-0.0183040482	-0.0036998004	-0.1024132394	0.0580214432	0.0627797579	-0.0510335991	0.0094386119	0.0655042681	-0.0096317204	0.0156530447	0.0645697051	0.0245879029	0.0222541087	-0.0015876846	-0.045622513	0.0820397771	0.1030049425	0.0058889177	0.0925518834	-0.0601945565	0.050010215	-0.0480683204	-0.0018173314	-0.0951343024	-0.0363687821	-0.0269166483	-0.1079897274	0.0205537866	-0.0899811363	-0.0545287709	-0.0398275833	0.1204401912	0.0207457674	-0.0547558914	0.057728386	-0.0012091822	-0.0402462596	0.0332108516	0.0065799022	-0.0490107461	-0.0357600806	0.0219720826	-0.1084642769	-0.0207361721	-0.1343832309	-0.1541196409	-0.0558543994	-0.0713841298	-0.0110587226	0.0228281787	0.0200000635	-0.1282819157	0.0732499932	0.0193175661	-0.1464008302	-0.0676927013	0.0855295211	0.0191961747	0.1138164105	-0.062114597	-0.0191025711	-0.0769074099	-0.0409563088	0.133880238	-0.0139536672	-0.0532956974	0.0060110242	0.0460365535	-0.055003663	0.1124957956	-0.0397747547	0.1328251134	0.0585441292	-0.0113156435	0.1036432537	-0.0638032864	-0.0116787752	0.0607161866	-0.0216074703	0.0822461561	-0.0847532857	0.0737235083	-0.0090249871	-0.0308923057	0.0794272358	-0.0276947854	0.0516835065	-0.019848313	-0.0098539914	0.0902371863	0.0650183043	0.0544405887	0.0481550205	-0.0871291762	0.0847070823	0.0366044784	-0.0532184245	0.0144487304	0.0083259467	-0.0873171888	-0.0318350673	-0.0674157024	-0.0510790295	0.0357759847	-0.0075763597	-0.0420099128	-0.0603365092	0.1061511072	0.0471116573	-0.0947031223	0.0631408426	0.0845092692	-0.0916135925	0.0116358327	0.1408075673	-0.1350190656	-0.0687251377	0.0199295277	-0.0107718091	0.0375851162	0.0560421642	-0.0125664975	-0.027306645	-0.0859677834	-0.0387550786	0.0181824635	0.0067373542	0.1438498668	0.0010802148	0.0164996377	-0.0120188506	-0.1085829875	0.0553276736	0.0785064691	-0.0131884242	0.0085518136	0.0349843897	0.1464370012	-0.0709417048	0.0030209783	0.1042570848	0.0792702487	0.0798717781	0.0280869997	-0.0284738459	0.0015557186	-0.0661002159	0.0484762085	-0.0511062098	0.0048012318	0.0568985479	0.0145622838	0.0137995882	-0.0494876981	-0.0691139055	-0.0210041747	-0.0619056024	-0.0946805488	0.0802090019	-0.0447060027	0.0382806275	-0.0093171042	0.0497065191	-0.0921117017	0.0733335919	-0.0479315776	0.0056525242	0.0846452599	-0.0243664068	0.067442239	-0.001022607	0.055844847	0.0666304189	-0.0791667069	-0.166821261	0.0927528101	0.0838550348	0.0696522155	0.051042886	0.0292043556	0.0	0.0047865899918235	-0.006240398968501	2.291144374982489e-05	3.894257928606835e-05	-0.0444949194672403	0.007157320119262	5.122723128959397e-05	0.0019797978583962	-0.0482905722147393	0.0044689757588969	0.0023319793648269	1.997174433360816e-05	-0.0001079011865661	6.399029664560001e-05	4.094758064791888e-09	1.1642666062372318e-08	0.0002560415800281	-0.0001055103932693	1.113244308786344e-08	6.555729070328595e-08	-0.0007719860565273	-0.0001710174164657	5.959624714725717e-07	2.9246956734636876e-08	0.0	0.0	0.0	0.0	0.0	0.0	0.0	0.0	0.0
8342.313526757738	3.2159605089836987	10.34240199534269	69594194.97872514	6039.254264717672	-3.884902119042636	36472592.073910594	15.09246447454196	5308.596193928817	7.824247156298952	61.21884356285224	28181193.550195523	5130.432024733571	8519.303051465424	1.151142	21.844376	0.0802143357306391	0.0457282350687814	0.0798016773	-0.0298915098	0.0906072385	0.0062056487	0.0117659672	-0.0411178666	-0.1040950406	0.0232036333	-0.0797545451	0.0433495053	0.0918789664	0.0107837858	0.1501652444	-0.0596531877	0.0608470673	-0.1118025627	-0.0002669074	-0.0273164748	-0.0339404931	-0.0460121893	-0.0595739974	0.1063958605	-0.0870300835	-0.0007608734	-0.0049271704	0.0439823705	0.0683023691	0.0477525633	-0.0287277088	0.0832259827	-0.0727312571	-0.0886140508	0.0060572788	-0.0069170766	0.0286237506	-0.062942369	-0.0781472351	0.0010081703	0.0073944922	0.0421335992	-0.007088846	-0.1779651888	-0.1553600992	-0.0379069088	0.1146116249	-0.032777537	-0.0621106885	-0.0021961967	-0.0906047812	-0.004749568	-0.059644823	0.099256167	0.0233426593	-0.0232251864	-0.0386707305	-0.0050952506	-0.0267619087	-0.0390463348	0.0224671224	-0.0473814994	-0.0485495859	0.0011120186	-0.0234639061	-0.0354470647	0.0408240239	-0.0336111363	-0.0188748654	0.1474308984	0.0341969169	0.0700247971	0.0065864889	0.0097914759	0.1175508719	-0.00998643	0.0456058978	0.0321896126	0.0028439072	-0.012620761	0.044814323	-0.0389530144	-0.0990087335	0.1093929454	0.0201093622	-0.0163488136	0.1257028326	0.0307708394	-0.0660667882	0.1775737407	-0.0041098373	-0.0036206879	-0.0459857761	0.0018639424	0.0341017435	0.0410410975	0.0353234299	-0.0317076839	0.0417788655	0.0089521367	-0.1354101161	-0.0102647805	-0.0783799103	0.1185165095	0.0777174233	-0.0462771513	0.0674808254	0.0062387985	0.0672407667	0.0658131367	0.0123866222	0.0849405189	0.084838414	0.009420019	-0.0057611203	0.0303532599	0.0019599488	-0.0517106188	-0.0109755516	0.0273220798	0.0946339023	0.0330913812	-0.060408851	0.0876805503	-0.1128134545	0.0811665775	0.1565640448	-0.0369379653	0.0767279137	0.0285584359	-0.082587919	0.0700735459	-0.0034240543	0.0095776173	0.0642562155	-0.0539980709	-0.0513823139	-0.0340315533	-0.0649189924	0.0464617025	0.0618379689	0.0303274375	0.0349219701	0.0088599017	-0.0131837639	-0.0113935991	0.0512601855	0.0217555469	-0.0066830468	0.0642847479	0.0276184122	-0.0113460305	0.0849189778	-0.0161569234	0.0016759066	0.0482150356	0.0342152779	0.0242299324	0.0244427319	0.0389976649	0.0879329868	-0.0019539869	0.0043925155	-0.0205855319	0.0480957623	0.1049321913	0.0443526057	-0.0406068704	-0.1306988786	-0.0394343001	-0.0639851856	0.0760353635	-0.0074084978	-0.0363160269	-0.0389360713	0.0599116496	0.0374780195	-0.0627791796	0.0463409791	-0.0854924539	0.1217171494	-0.0124312844	0.0961505793	-0.0042397147	0.0440026381	0.0755927657	0.0024799178	0.0439693914	0.0517600168	0.0392029761	-0.0638121235	-0.0347883828	-0.0024331458	0.0005419597	-0.0062793144	0.0923987632	0.0824862614	0.0667455128	0.0462887143	0.0225612856	0.0	0.005765523087831	0.0009789330960075	3.324125647631231e-05	9.583100064588294e-07	-0.0399188269137908	0.0045760925534495	2.094062305773601e-05	0.0015935127421731	-0.059354272123187	-0.0110636999084477	0.0035229296192733	0.0001224054556641	-0.0009149846835059	-0.0008070834969398	6.513837710325761e-07	8.371969710503919e-07	6.422826958241146e-05	-0.0001918133104456	3.67923460641341e-08	4.125270613550921e-09	-0.0004989706604581	0.0002730153960691	2.4897171999799256e-07	7.453740649082211e-08	0.0	0.0	0.0	0.0	0.0	0.0	0.0	0.0	0.0
8348.21507717864	5.901550420901913	34.828297370447544	69692694.97483277	6044.461209121629	5.206944403956186	36535511.3085761	27.11227002589064	5303.558639521797	-5.037554407020252	25.376954403689165	28127734.24284629	5125.527738484409	8595.123405377519	1.070788	20.319557	0.2091823049276666	0.0958063433888495	0.0469101548	-0.0591561063	0.0511074644	0.0720458552	-0.0197395765	0.0322998585	-0.0853603744	0.0187300098	-0.0810390813	-0.041195158	0.0650103371	-0.0470907139	0.060926204	-0.0994549578	-0.0389011189	-0.0054088215	0.0513073103	0.0512038176	-0.0369928113	-0.0036549025	-0.0301133446	0.0864437763	-0.0747553569	0.0167372723	-0.0517747188	0.0565113302	-0.0128813149	0.067790262	-0.0751227366	0.0973354933	-0.1456298734	0.0102801322	0.0159319206	-0.0095788096	-0.0730114015	-0.047281751	0.0160025324	0.0407782203	0.0723097882	0.0849484796	0.0821885937	0.0666512347	-0.0922045338	0.1580596076	0.0110156124	-0.0553746306	0.0675889958	-0.017333417	-0.0574434599	-0.023812908	0.0319384108	0.0886290526	-0.0019304317	0.0174652425	-0.011724638	0.0636831328	0.0334287978	-0.0645187026	0.0014217111	0.0450916313	-0.075535281	-0.0534196238	-0.082930243	0.1541577987	-0.0192568007	0.0547178045	-0.1213854415	-0.0379013412	-0.0371442806	-0.0011170929	0.0863031181	-0.1405095731	0.0888059326	-0.0661527646	-0.0213810783	-0.0165185713	-0.0585295759	0.0545910699	0.0604966825	0.010566507	-0.00458847	-0.0024018687	0.0947392856	-0.1849870163	0.2553591374	0.0678390788	-0.0471725015	-0.0313730495	-0.0236369622	0.0297601968	-0.0397854286	0.0571441751	-0.000243143	-0.1381588812	0.073631523	-0.019927147	-0.1048354066	-0.0375348916	-0.1008170364	-0.0740020919	-0.0050551506	0.1003864745	0.0222490703	-0.0012492657	0.1323784952	-0.0775263264	0.0179917884	0.0637910026	-0.0436212106	0.0386415931	0.0633006955	0.1553152705	-0.0205521664	-0.0154034547	-0.0209239205	-0.1779557806	-0.0153778955	0.0089602392	0.0220119369	-0.0649397551	-0.0578092206	0.0710789148	-0.0154745598	0.0092268463	-0.0807937272	-0.0451875014	-0.0926729246	0.0613887237	-0.0210216062	-0.0635914228	0.0849590033	0.0597595281	-0.0364473187	-0.0560689998	-0.0388570896	0.0511874755	0.003173845	-0.0330709186	0.0780448329	-0.111461903	-0.065598476	0.1633724854	0.0306189733	0.0455412176	-0.0150672333	-0.0283914823	0.1307497353	-0.0125265778	0.1730859275	0.016697755	0.0229156218	-0.0520516635	0.0727432566	0.1411748096	-0.0273795421	-0.0801575288	-0.0683124183	0.1280449005	0.0681685149	-0.0671322923	0.0865561395	-0.0215365297	0.0055605315	0.0084838934	0.0087421631	-0.0282331659	0.0290097416	0.0048906909	-0.0202912688	0.0232485551	0.0128159904	-0.0163957199	-0.0016834687	0.1255988013	0.0878357124	-0.0679707341	-0.0015152059	-0.0227224785	0.0026670849	-0.0719302338	0.0079206915	0.1233296662	-0.1713039572	-0.0742338256	-0.0393063021	0.0531340169	0.0366510511	0.0683047655	0.0533506205	-0.0578006648	-0.0201721412	-0.0207816639	0.0267804004	0.0920255275	0.0810489711	0.0637140765	0.0413807762	0.0158011302	0.0	0.0029601546158204	-0.0028053684720106	8.762515349562819e-06	7.87009226375109e-06	0.0284717578296351	0.0683905847434259	0.0046772720815477	0.0008106409939093	-0.0188285843644138	0.0405256877587732	0.0003545155891678	0.0016423313683215	0.0002049924766686	0.0011199771601745	1.2543488393125378e-06	4.202191549072651e-08	-0.0003150048622726	-0.000379233131855	1.4381776829656053e-07	9.922806325537973e-08	-4.8967673418473214e-05	0.0004500029870396	2.397833040018248e-09	2.0250268834458653e-07	0.0	0.0	0.0	0.0	0.0	0.0	0.0	0.0	0.0
8341.255032647907	-6.960044530733285	48.44221986979031	69576535.51967403	6051.491682062102	7.0304729404733735	36620551.57806681	49.42754976672832	5305.292150853315	1.7335113315184572	3.005061536502894	28146124.8059058	5128.896905969951	8541.42477146156	1.067308	20.253534	0.0704439961507368	0.0452246426883737	0.0943097185	-0.0723056685	0.0260940787	-0.0061534374	-0.1194458806	0.0711280167	-0.0522107674	-0.0196420762	-0.046077537	-0.0756002669	0.0684767541	-0.0733717235	-0.0486079515	-0.057458527	0.0203791407	0.0477482264	0.0857927914	0.0632330262	-0.0294759054	-0.0505178725	0.0387368961	0.0904476854	-0.0438725582	0.0063544272	-0.0879823301	0.0118512998	-0.0715480158	0.0037935864	-0.1101207719	-0.0063814929	-0.0620479664	-0.0415652393	-0.1044528356	-0.0419914988	-0.1322447615	0.0235318728	0.0069080577	-0.0891242048	-0.0029509911	0.0349102262	-0.0056642457	0.0638657571	0.0565003453	0.0825368534	-0.1037076794	0.0013261283	-0.0432257941	-0.0034984706	0.0566088526	-0.0111522488	0.0069439525	0.0032792242	0.0387211427	-0.0288708688	-0.0589082248	0.0291932214	0.1048008729	-0.0151976784	-0.0090657626	-0.0272668368	0.0306218242	-0.0349493084	0.0954521941	0.1839573419	0.0256381809	-0.0446713845	-0.0273641731	-0.0230660472	0.0314393136	0.0780119012	-0.0354301856	0.0742349559	-0.0683823242	0.1119466873	-0.0242655388	-0.0241074079	0.0068589193	-0.0631004713	0.0241965144	0.0378215385	-0.0596884696	-0.1328771466	0.0041177298	-0.0874972885	-0.0030873234	0.0534464291	0.0355139731	-0.0781977583	0.0041315158	0.0742514266	0.0005954322	-0.0807122212	0.0772935865	0.0367243211	-0.01884101	0.0246338596	0.0103668942	-0.0694601929	-0.0725598762	-0.1116429004	0.0708834273	0.0275407381	-0.0055792728	0.0447212997	0.0751051058	-0.0472617952	0.0167543606	-0.0448752287	-0.0184678858	-0.0063132938	0.0846872976	0.1499049513	-0.0324288055	0.0699476336	0.027342607	-0.0600595572	-0.0904506993	-0.041615108	-0.1219819638	0.0626897341	-0.0429821382	0.0149363192	0.0077227406	0.0407810508	-0.0652622354	0.0750794593	0.0013487607	-0.0043417036	-0.0559504606	-0.0282222264	0.0600720629	0.0090258767	0.0121592925	0.0759764333	0.0672436911	-0.000806421	0.0243164154	-0.013409497	0.0485634512	0.029726696	-0.0518531771	-0.007536285	0.0745192714	-0.0689627653	0.0122180635	-0.1245740521	0.0211822485	-0.0162329851	-0.0375789523	0.0796262906	-0.1272237239	-0.0459811822	-0.0140935965	-0.0805089389	-0.0736430508	-0.0271403788	0.0498256009	-0.0191806476	0.0604469154	-0.1091225981	-0.0513325559	0.0036572562	-0.0305897085	-0.048234152	-0.0062935121	0.0041669019	0.0899260738	0.0111782108	-0.0501732625	0.0702722383	0.0023456728	-0.0211594048	0.0708294364	0.1164198035	0.112307977	-0.0254103063	-0.083223454	-0.0114849446	0.0789354683	-0.0591799727	-0.080915875	0.0620697158	-0.0699000301	-0.0536406207	-0.024379931	0.0084493718	0.0649320681	0.0308586828	-0.0144584717	-0.0027694579	-0.0212434449	0.0098434464	-0.0330142009	0.0916331806	0.0795443577	0.0605635717	0.0363353752	0.0089589723	0.0	-0.0031806865847698	-0.0061408412005902	1.0116767150534574e-05	3.770993065086609e-05	0.0186577053983683	-0.0098140524312668	9.63156251236538e-05	0.0003481099707323	-0.0211249305341283	-0.0022963461697145	0.0004462626900717	5.273205731162458e-06	-0.000664983864007	-0.0008699763406756	7.568588333353076e-07	4.422035393896803e-07	-0.0003465313214854	-3.1526459212799984e-05	9.93917630496341e-10	1.2008395677041768e-07	9.338465367643342e-05	0.0001423523270949	8.720693542267411e-09	2.0264185029335287e-08	0.0	0.0	0.0	0.0	0.0	0.0	0.0	0.0	0.0
8347.689774336159	6.434741688251961	41.4059005945277	69683924.56855647	6075.884461815677	24.39277975357527	36916371.99333318	595.0077041064316	5303.226574491334	-2.0655763619815843	4.266605707177077	28124212.100391086	5127.890210775491	8620.403594125686	1.044258	19.816122	0.0171735183476854	0.0098125705792886	0.0493336865	-0.0627744718	-0.0662288291	0.008923086	-0.0906305426	0.0636727334	0.0244314708	-0.0994791002	-0.0235981046	-0.1077998983	-0.0142115813	-0.0128819912	-0.0884764683	-0.0240321666	0.1229174753	0.0875649853	0.0928032397	0.0273170353	-0.0752340366	-0.0180644709	0.0703516142	0.0002343006	-0.008524769	0.0203838588	-0.0585234733	0.0308717866	-0.0869890057	-0.07090298	-0.0480531017	-0.0417585146	-0.1227429511	-0.0152199695	-0.0795330214	-0.0633873715	-0.0416647117	0.0382694137	-0.0411415816	-0.0952232609	-0.0945413911	0.081221627	-0.0205675771	-0.0075127624	-0.0189182393	0.041748627	0.0283689383	0.035288946	0.0453878338	-0.0843673305	0.0550310734	-0.0397783144	-0.1104495595	0.0145156735	-0.0846947083	-0.0484549863	-0.0586795154	-0.1230283987	0.0570388355	0.0354353912	0.0339785748	-0.0671353494	-0.0662218492	0.0690442696	0.048343334	0.0412212545	0.040588825	-0.0604725149	-0.080747586	0.0328283579	-0.0356559453	-0.0569792305	-0.0514127951	0.0450312713	-0.128783935	-0.0268278985	-0.0417537792	-0.0582080181	0.0938720077	0.0428091865	0.0735581925	0.0512734523	0.076692366	-0.0659158807	0.0666794025	-0.0126773642	-0.0193977529	0.0716290793	-0.0177848572	0.019680478	-0.051792349	-0.0860499534	0.0213616581	-0.0898934075	0.0211905591	0.0052296217	0.0506489152	-0.0202522997	0.0103914162	-0.084720005	0.0167312558	-0.0450294839	0.0355977368	-0.0637991705	0.0522255715	0.0997343792	0.0658375875	-0.0019049763	0.0107768572	0.0177015976	0.0024608694	0.0668822802	0.0087787711	0.110981913	-0.0652795783	0.1068547535	0.0101379722	0.0346692033	-0.0827138035	-0.0029528701	-0.0078434364	0.0690429691	0.0540030562	-0.0148295988	0.0538156825	-0.0188501858	0.0357794245	0.0879694679	-0.0695464939	0.0495948516	0.0263627411	-0.0207265184	0.0991024742	0.0617886584	-0.0150595064	0.0874766737	-0.0987672369	-0.1772707261	0.0051133918	-0.02973607	-0.093738197	-0.0126916784	0.0079586374	0.052750565	-0.02445411	-0.1166603847	0.0329348618	-0.0114611055	-0.0326064714	-0.0029257148	-0.0912050876	-0.0268197453	-0.0556092094	-0.0406142179	0.0638953223	-0.1099432252	-0.0850248168	0.0143344285	0.049071612	-0.095159696	0.0204199346	-0.0431217342	-0.0759092444	-0.0174218328	-0.0243231585	-0.1384119494	-0.0352984689	0.0064758135	0.1715674667	0.0675602908	0.0100340921	0.0440499269	0.0303046162	0.0332833644	0.1271912479	0.0792864689	0.1063067392	0.006301737	-0.0741575223	0.016321726	0.0464127301	0.0326381112	-0.0538303605	-0.0500348029	-0.0325499419	-0.0977922107	0.0226533106	0.0169495177	-0.051472724	-0.0030072604	-0.0336661934	0.0270046461	0.03140596	0.0201668787	0.0284517122	0.0912218041	0.0779736709	0.057299886	0.0311692719	0.0020703204	0.0	-0.0035209709957797	-0.0003402844110098	1.2397236753121892e-05	1.1579348037635449e-07	0.0185474759848602	-0.000110229413508	1.2150523602339516e-08	0.0003440088654089	-0.0252716004551274	-0.004146669920999	0.0006386537895635	1.719487143371867e-05	-0.0006649500784333	3.378557370003511e-08	1.1414649902405045e-15	4.421586068084518e-07	-0.0004825692261085	-0.0001360379046231	1.8506311494243652e-08	2.328730579869566e-07	0.000208839655523	0.0001154550018465	4.36140017189653e-08	1.3329857451390692e-08	0.0	0.0	0.0	0.0	0.0	0.0	0.0	0.0	0.0
8347.72677908513	0.0370047489705029	0.0013693514463699	69684542.37825498	6028.94596445264	-46.93849736303764	36348189.44228977	2203.222534699892	5302.261922054285	-0.9646524370491534	0.9305543243048708	28113981.4900668	5121.032647368264	8644.994642627666	1.083038	20.552032	0.1016185184729492	0.0455577336106936	0.0280162165	0.0031248488	-0.0975032045	0.0395001733	0.0487667495	-0.0045069121	-0.0624508853	0.0192391757	0.0212587484	-0.1155294337	-0.02259071	0.1187877321	-0.0452177091	0.0731780525	0.0261074459	-0.0809619425	0.0778309232	0.0224316039	0.0392977135	0.0161130031	0.0369623347	-0.06224811	-0.0465054388	0.155164735	0.0712707277	0.0697920618	0.0173279038	-0.1079908468	-0.0164187177	-0.0214161601	-0.123548027	0.134914843	-0.0194609513	0.0729743714	-0.0622677371	0.0454288902	0.1215863251	-0.0389267487	0.0997394415	-0.0911787335	-0.0506419128	0.0452234325	0.0059904257	-0.0159273506	0.0066158983	-0.0473368404	-0.0351226322	0.0339956621	-0.0607649843	-0.0048837744	0.0631595341	0.0342842251	-0.0219379608	-0.115999257	0.1082387903	0.0603940428	-0.1491911291	0.0538425969	-0.1218334517	-0.0474643511	0.0972201276	0.0491726631	0.0081677347	0.1402587079	-0.0261111389	0.0966999743	-0.1335514899	0.0575628844	0.0270717816	-0.068767099	-0.0121016512	0.0484050873	0.0296381192	-0.012161046	-0.0866563283	0.111416098	0.0467469207	0.030310232	-0.0063375794	-0.0483744336	0.0552306697	0.0333761489	-0.1260544254	0.0310928559	0.0493426956	-0.0653274407	-0.0108442492	0.056838244	-0.1692117264	0.1776322213	-0.0488182891	-0.0768814576	-0.115115457	-0.0048245345	-0.0112939211	-0.0476522583	-0.0453438502	-0.0458777112	0.0764113349	0.0028246242	-0.1393679786	-0.0938170256	-0.0316020249	0.0643738538	0.0154895753	0.0310886284	-0.0138117654	0.0320815408	0.0391255895	-0.0299729405	0.1102598816	0.1341131459	-0.0853646145	-0.1589662173	-0.0155557372	-0.0153339149	5.17022e-05	-0.0292702496	-0.1524816223	-0.0046072729	-0.0953560647	0.0798861214	0.1033983139	-0.0141342541	-0.0475658551	-0.1415398033	0.0594590548	0.0264619906	-0.0885950279	-0.010395312	0.0535438305	-0.0310803516	0.0335618916	-0.0121379599	0.0281867654	0.0299635469	0.0326631465	0.0145198884	0.0655115737	-0.1276803776	0.028301238	0.1441323525	-0.0944125721	-0.0083604401	0.1134777233	-0.04856152	0.129727651	-0.0797810379	-0.0698134485	0.065661296	0.1486453566	0.0646204442	-0.0946721933	-0.1107926037	0.0306712395	0.0378615587	-0.0494974312	0.0092891976	-0.0479351457	0.1050320056	-0.0339062285	0.0288075557	-0.0410014685	-0.1003616861	-0.0650811852	0.0065504317	-0.0010065174	0.0521037772	0.0042119502	0.0174085179	0.0334891878	0.0091374903	0.1090965161	0.0714702778	0.0274322361	0.1087981045	-0.1045287486	0.0696940924	-0.006904855	0.0497276976	0.0643320493	-0.0084850909	-0.0350365282	-0.1384561877	-0.0974809461	0.0062114148	-0.0516452676	-0.0243581434	-0.0049052737	-0.091432501	0.0399541436	0.0774773419	-0.011978245	0.0907914833	0.0763382156	0.0539291185	0.0258996273	-0.0048290757	0.0	-0.015832795328933	-0.0123118243331532	0.0002506774079278	0.0001515810184104	0.0446809162947232	0.0261334403098629	0.0006829567024291	0.001996384280936	-0.0322769301979093	-0.0070053297427819	0.0010418002230007	4.907464480510476e-05	-9.399787139085216e-05	0.0005709522070424	3.2598642272664226e-07	8.835599826011184e-09	-4.500449491851022e-05	0.0004375647311899	1.91462893981368e-07	2.025404562870212e-09	9.399811201241664e-05	-0.0001148415435105	8.835645061898825e-09	1.3188580115893212e-08	0.0	0.0	0.0	0.0	0.0	0.0	0.0	0.0	0.0
8346.178688509202	-1.5480905759268353	2.3965844312734808	69658698.7005252	6052.484318519706	23.538354067066397	36632566.42592695	554.054112186581	5304.422171493032	2.160249438747087	4.666677637607104	28136894.57342685	5127.114245988788	8647.362306720568	1.109453	21.05328	0.1174404211990826	0.0612577318792253	0.030403462	0.0668863866	-0.0569299747	0.039669508	0.1050106044	0.0792769893	-0.0856768574	0.0003019667	0.1203991631	-0.0772395799	-0.0439508467	-0.0481460486	0.003955584	-0.0728888214	-0.0860107775	-0.0627370768	0.0078502483	0.0316791541	-0.0102456216	-0.0643993436	-0.0091583162	-0.0793821937	-0.0580541072	0.0688085393	0.0320718367	-0.1063904625	-0.0387755434	0.0793164107	0.0651084587	-0.0178327303	-0.1448201795	-0.0313419652	-0.0621775364	0.0354909546	-0.0121143225	0.0067031973	0.0140633125	-0.1065574315	0.0548155032	-0.082495723	0.0665984954	-0.0868167938	0.0825762485	-0.0561447312	0.084298124	0.0018075227	0.0256912992	0.0252815047	-0.0122462427	0.1400524595	0.1046244322	0.0377182702	-0.0539861412	0.0293034243	-0.0771048879	0.0186532779	-0.1821917276	0.0559715235	0.0297852924	0.0106453183	-0.0213219409	-0.0640147716	0.0189709627	-0.0268843044	-0.0240166456	-0.0562449514	0.0261564316	0.0256961908	-0.0300540877	0.0343078871	-0.0544957109	-0.026354563	0.0305900584	-0.0514155206	-0.1694711828	-0.1261479007	0.0652061318	0.0052021625	0.087587756	-0.0564825832	0.0392492509	-0.0503355996	0.1074593112	0.0024439543	-0.1269664374	-0.0703409822	0.0372997199	-0.0176080971	0.0756329208	0.0646636666	0.0058628603	0.0357150024	-0.1093889032	-0.0898330183	-0.0008429257	0.0053378488	-0.0533280443	0.0170062976	0.0953888362	-0.0736631531	-0.0514128266	0.06467275	-0.0650238531	-0.0405683955	-0.0759654964	-0.0384198611	-0.0337391204	0.0714498402	0.0626480199	0.0267419445	0.0301673034	0.0916116844	-0.0375769009	0.0580880408	0.1315661099	0.1183720592	0.0712393469	0.0232431249	0.0082744787	-0.0386770692	-0.0469561582	-0.0984129937	0.0350956444	-0.0369464894	-0.0252617715	-0.0485773639	-0.0492938435	-0.0255334087	0.0354707446	-0.0121493518	-0.0860763899	-0.082867275	0.0392370978	-0.0462378278	-0.0561333584	-0.1455009033	0.0579514754	0.0162830989	0.162768319	0.1382203368	-0.0932144108	-0.0289539422	0.0001380631	-0.022737243	-0.0071873441	-0.0577515224	0.0342307194	-0.0589715985	0.0053340246	-0.0576214484	0.100564447	-0.1292632577	0.1057461616	-0.1074214588	-0.0051043596	-0.0420230293	-0.0267252028	0.0040896146	-0.0282901417	-0.0069134012	-0.0911181528	-0.0106049649	-0.0868929217	0.0314112778	0.0005383528	0.077827959	0.0968236078	-0.1843746691	0.0339646939	0.0377134405	0.0396864237	-0.022064095	0.1252828433	0.0581297023	0.0259676555	0.0971111311	0.0972180512	0.0563889764	0.0435203454	0.0189802317	0.0475457124	0.0562796579	-0.0532622247	-0.0681350346	-0.0236585068	0.0494481511	-0.0701973587	0.0043852872	-0.0665706558	0.0016104006	0.0340091376	-0.003246842	0.016341912	0.0903423075	0.07463935	0.0504575686	0.0205439468	-0.0117034106	0.0	-0.0055446656826347	0.0102881296462983	3.0743317532186925e-05	0.000105845611619	-0.002367698367081	-0.0470486146618042	0.0022135721415949	5.605995557478033e-06	-0.0281259716748252	0.0041509585230841	0.000791070282653	1.723045666036456e-05	-0.0009129791498695	-0.0008189812784786	6.707303344985206e-07	8.33530928096435e-07	-0.0001371379494905	-9.213345457198976e-05	8.488573451368902e-09	1.8806817190458927e-08	0.0003019377463197	0.0002079396343072	9.116640265261952e-08	4.323889151584675e-08	0.0	0.0	0.0	0.0	0.0	0.0	0.0	0.0	0.0
8350.651750941162	4.473062431959988	20.008287520211805	69733384.6654967	6077.6016546600495	25.11733614034347	36937241.872726575	630.8805747870041	5303.548784985446	-0.8733865075855647	0.7628039916325097	28127629.714720603	5128.999922828789	8648.14287926338	1.068298	20.272306	0.0445351644954538	0.0230324456911516	0.0248849557	0.1232377912	0.0079779427	0.008515525	-0.0435785867	0.080534318	0.0086458282	-0.047605422	0.1179236032	0.0273241996	0.0236302525	-0.0675072227	0.0325244306	-0.065317588	0.0060560112	0.1227343193	-0.0915108828	0.0127047975	0.0678554465	-0.0259642828	-0.0647253296	-0.0527941121	0.0402018585	-0.0620753071	-0.0806896029	-0.0154505329	-0.0830680909	0.0840357966	-0.008027746	-0.080990916	-0.0310249654	0.0222961561	-0.0285125998	-0.0277317981	-0.06505547	-0.0462823502	-0.0395667763	0.180749194	-0.0366923866	-0.0362079031	0.0401435984	0.1006301668	0.0471550978	-0.0404568173	-0.0007942124	0.0438869915	0.0110967033	-0.0255844466	-0.0077849505	0.0057873223	0.0266560169	-0.000193249	-0.066068761	0.087192531	-0.0251561507	-0.023193057	0.0391565745	0.0468295816	-0.0733144602	0.0497458395	-0.0579034387	-0.0839252613	-0.0506605852	0.0571940979	-0.0722649667	0.0457126882	-0.0227501421	0.1063754977	0.0005261017	-0.0177276357	0.0201438073	0.0861857762	-0.0067139153	0.0328407702	0.0439254537	0.0020668265	-0.1454820829	0.1239966512	-0.0032365294	-0.0589023805	0.0853793386	0.0530854513	0.0675504546	-0.012626767	-0.0125493042	-0.0818974896	-0.1009193913	0.0608701147	-0.0246679636	0.0593701906	0.0764683135	0.043650979	0.0845615338	0.0987476427	-0.0230767734	-0.0720350477	-0.0773358911	0.1013954386	0.0412374064	-0.0539964846	0.1387964452	0.020374198	0.0344649977	-0.0332885519	-0.0028971186	-0.0429004764	-0.0386031176	0.0154471117	0.0332059838	0.0164804549	-0.0299605258	0.0876495079	0.0243655397	-0.0305814664	-0.0273182432	0.0239732814	0.0950235893	0.1461093943	-0.0206915024	0.0358737568	0.0513814022	-0.0450625244	0.0336663257	-0.0681844302	-0.011944129	0.0730209762	-0.0074777371	0.0547730096	0.0359798349	-0.005621456	0.0083895934	0.0054150995	0.0438298997	-0.0026961164	-0.0474549802	0.1190823652	-0.0584819393	-0.1080919849	0.0060218438	-0.0356097966	0.0157687768	0.0172895075	-0.0245304668	-0.032851276	0.0183171956	0.0262279853	-0.0704583501	0.0600000167	-0.095746976	0.1000591243	0.0176813809	-0.0199749816	0.0570513292	-0.0496911147	0.0033144319	0.0009150664	0.043722876	0.1315374569	-0.0402788898	0.0704973202	0.0697967485	0.0503300662	-0.0057892423	0.017322839	-0.0529420699	-0.0360655144	-0.0971222543	-0.0746053413	0.0322096876	0.0337169485	0.034264052	-0.0932928807	0.1049721877	0.0126772375	0.0711916917	-0.0351984333	0.0908823798	0.0210918818	0.0656922763	0.0897161274	-0.0942229394	0.0104761972	-0.0616079099	-0.0313866629	-0.0364763074	0.0681391537	-0.0278599628	0.0202458383	-0.0306867792	0.0029405948	0.0932896313	-0.0501591201	-0.056802634	0.0898743702	0.0728784856	0.0468917239	0.0151200214	-0.0185170088	0.0	-0.0038965683175433	0.0016480973650914	1.5183244653282222e-05	2.716224924821217e-06	-0.014056413901514	-0.011688715534433	0.0001366260708448	0.0001975827717706	-0.0354425295285096	-0.0073165578536843	0.0012561728993792	5.353201882631085e-05	-0.0007959371493698	0.0001170420004997	1.3698829880971785e-08	6.335159457469233e-07	-0.0004676082358687	-0.0003304702863782	1.0921061017888957e-07	2.186574622522378e-07	0.0002718141583527	-3.012358796700002e-05	7.388293668098666e-08	9.074305520055883e-10	0.0	0.0	0.0	0.0	0.0	0.0	0.0	0.0	0.0
8349.80471352231	-0.8470374188527785	0.7174723889367773	69719238.75395937	6060.016080941727	-17.58557371832285	36723794.90127233	309.2524030025673	5303.471829579168	-0.0769554062781026	0.0059221345554278	28126813.447139807	5124.948240750053	8671.311732405324	0.993351	18.850096	0.0819593515967997	0.0399894830870375	0.0301183747	0.0940279836	0.0757269006	0.0319499996	-0.1260702626	-0.0082932894	0.0496552134	-0.0676019706	0.0547468359	0.0941259485	0.0501059964	0.0611505591	-0.0200328226	0.0195696752	0.0889866868	0.0771558326	0.0586881589	0.0907267132	-0.0344210992	-0.0624668918	-0.1172486508	0.0182596427	0.0397222473	-0.0178375052	0.0158577316	0.0646507038	-0.0005426706	-0.1346663343	-0.0751464477	-0.0398120332	-0.1454659974	-0.0190738943	0.0387313177	0.0070590283	0.0018472434	-0.1170610721	0.017391986	0.01815047	-0.0268286108	0.0058221812	0.0191221825	0.0673555409	0.0143161718	-0.012677876	-0.0566380564	0.0588974114	-0.0059780728	0.0197652989	-0.0136745727	-0.0230095905	0.1546213466	-0.0701704424	-0.1042611629	0.0212411414	-0.1152405398	0.0495503517	0.0415428621	0.0728719978	0.0373941654	-0.0306103781	0.1215848496	-0.129641836	0.0075649123	-0.0413741699	0.0453418375	-0.0357962118	-0.0126696768	-0.0567281684	-0.0467573325	0.0315318294	0.0890456391	-0.0189850131	-0.0874077291	0.0095438714	0.1513644184	0.029585957	0.0072332839	0.0135100299	0.0463471356	-0.0195407503	0.0704371166	0.0651925858	-0.0639861411	0.0246281693	0.1659144035	-0.0359252747	-0.0138305245	-0.0031644266	0.0224163438	0.084688483	0.0134614493	0.0488233134	-0.0461487374	0.0115711612	-0.0425605136	-0.0072918865	0.0462611497	0.1007145999	-0.0514478183	0.0545377609	0.0047709121	-0.0730399066	0.0574991068	0.0935157757	0.1085613843	0.0140135807	-0.0144171783	0.0134485326	-0.0211825271	-0.0090303627	0.0349509955	0.1148326562	0.0024699834	-0.0141645322	-0.0072479456	-0.0370390971	-0.0084713201	0.0494043293	0.0009504901	-0.0023516867	-0.081765692	-0.0966297884	0.0358168729	-0.0119877597	-0.0433740929	-0.0385096842	-0.0386926971	0.0805353991	0.0286031133	0.0084241325	-0.1452479291	-0.0453787198	0.1123024889	-0.0212595734	0.0379038557	-0.0100261742	-0.023044904	-0.1553618322	0.068616908	0.0324070179	0.0817710085	-0.031305891	0.0845400492	0.042802752	-0.0337690252	-0.0769916972	-0.1080042234	0.0433619632	0.0273035385	-0.0435564173	-0.0481991744	0.0822975717	-0.0090425334	-0.0162101676	0.0762644279	0.0102337887	-0.0190611954	0.0055288315	0.0229319131	-0.1167645353	0.019526236	0.0251600553	0.0557883425	0.1219606235	-0.1021397449	-0.1202138276	-0.0425790789	-0.0440981192	0.0487862604	0.0319411987	0.0157676406	-0.1099912178	0.0862953742	0.0469956215	0.0896314509	-0.0807087504	-0.0194406485	-0.0058551672	0.0727195307	0.1368715216	-0.0429296912	-0.066521407	-0.0006357797	-0.1132616396	-0.0329791289	-0.0051419689	-0.0428274587	-0.0017805804	-0.0661849327	0.0155652428	0.0519258057	-0.0442675704	-0.0515600509	0.0893877684	0.0710570848	0.0432382481	0.0096458687	-0.02523451	0.0	-0.0039628250027874	-6.625668524410039e-05	1.5703982002716958e-05	4.3899483395357906e-09	0.0089300937670913	0.0229865076686053	0.0005283795347988	7.974657468904289e-05	-0.0462467076893062	-0.0108041781607966	0.0021387579721001	0.0001167302657302	-0.0011259878154111	-0.0003300506660412	1.089334421543057e-07	1.2678485604542612e-06	-4.577105042402607e-05	0.0004218371854446	1.7794661102388425e-07	2.094989056918737e-09	0.0004819744885098	0.0002101603301571	2.322994075742834e-07	4.416736437174129e-08	0.0	0.0	0.0	0.0	0.0	0.0	0.0	0.0	0.0
8341.667570288875	-8.137143233434472	66.21310000142842	69583417.85320911	6055.624939723987	-4.39114121773946	36670593.41060714	19.282121194130383	5304.946920691367	1.475091112199152	2.1758937892889314	28142461.83135282	5131.2791225492365	8574.570061096363	1.180206	22.395914	0.1173580265288043	0.057357454521614	0.0577857435	-0.0020239194	0.0966760818	0.0264323682	0.0107437488	-0.0387661707	-0.1046237904	-0.0028483379	-0.018347793	0.0480814776	0.0462112994	-0.0064670236	-0.0194346393	0.0594637139	-0.0516637674	-0.0504228927	0.1839943719	-0.0022798268	0.0363267414	-0.0362856095	-0.0800424026	0.0763081472	-0.0581620922	0.089925633	0.0545832428	-0.0046124367	-0.0053527017	0.062796172	-0.0540629395	0.026235168	-0.0176183321	-0.0345319494	0.0716665592	0.0678228481	0.0040214839	0.0366314776	-0.0279604422	0.1924571412	-0.1033360889	0.0011965532	-0.0278891244	-0.0697397471	-0.0695373898	0.0047928713	-0.0818548005	0.0192220109	0.0007346012	0.0574003045	0.0466460459	0.0689086206	-0.0279747019	-0.0106204842	-0.0508550923	-0.0004400041	-0.0208907195	0.1732628422	-0.0349574665	0.0737376621	0.002041911	-0.1157175763	0.0899312842	-0.0102851848	-0.0369945245	0.0315782395	0.0075205054	-0.0012519493	-0.0250977141	0.0143195732	-0.0162459497	0.0668613024	-0.069227707	-0.0168215187	-0.0396376575	0.0101370463	-0.0403166608	-0.0707417411	0.0446025366	0.0340769557	-0.0312762515	0.1323655665	0.11750019	-0.1245803541	-0.0054936722	-0.0404548087	-0.0662146732	-0.0647796929	0.0805594593	0.0344566708	0.1903756352	-0.0440033576	-0.12535652	0.0217117872	0.0446298488	-0.0413597419	-0.0323994958	-0.0514126799	0.051799543	0.0265597087	-0.1017910664	-0.0447270624	-0.1168834472	0.0055675461	-0.0975132713	0.0757450095	0.0984209301	-0.0139797381	0.0220012965	0.0568494998	-0.0065125715	-0.0078563934	-0.1177806748	0.0087373886	0.0226393213	0.0318275146	-0.0197435426	0.0104023514	0.0346095692	0.1080650245	-0.0983860421	-0.0177150242	0.1115487298	-0.0152238417	-0.0372854133	0.0780573482	-0.0086923547	-0.0249011084	-0.0092965789	-0.0252817173	-0.0912032985	0.0268352436	-0.055356904	0.0940986343	-0.1223541979	-0.1285223022	-0.0052530978	0.0046779246	-0.0209772477	0.0173463408	-0.0047741852	-0.0422621051	0.0717108508	-0.0923814801	-0.0257912998	0.0234226364	0.0365219386	-0.1566696982	-0.1149797397	-0.0089975026	0.0078602542	0.0355602047	-0.0659390984	-0.0866428809	0.050092419	-0.0687410466	0.047082641	0.0508886134	-0.0392570719	-0.0552268503	-0.0322539465	-0.0481906976	-0.0807472252	-0.0088503916	-0.0639421939	0.0745803683	0.0095311084	-0.036245502	-0.0372510753	-0.0729325758	0.0735141946	0.0369142606	0.0112616276	-0.1101548201	0.0600149342	0.1456571091	-0.0052542079	0.0550819194	-0.1087242957	0.0367460707	-0.0074109346	0.0268075203	0.0597912245	0.0189993691	-0.0621089823	-0.0466787497	-0.059266876	-0.0445036716	-0.0538161532	0.0307570058	-0.007985918	-0.0340172799	0.0211000919	0.0094961929	0.0211926798	0.0888826032	0.0691766606	0.0395039689	0.0041396735	-0.0318210527	0.0	-0.005255067656634	-0.0012922426538466	2.761573607580076e-05	1.6698910764205037e-06	0.0542018113128364	0.0452717175457451	0.0020495284095417	0.0029378363495923	-0.0252336059682249	0.0210131017210813	0.0006367348701596	0.0004415504439405	-0.0004660363541303	0.0006599514612808	4.355359312466633e-07	2.1718988337106242e-07	0.0001108456500904	0.0001566167005144	2.4528790880025433e-08	1.2286758143963392e-08	0.0006610256188772	0.0001790511303673	4.369548688119853e-07	3.2059307285843674e-08	0.0	0.0	0.0	0.0	0.0	0.0	0.0	0.0	0.0
8343.316657539553	1.649087250678349	2.719488760349876	69610932.84797698	6071.781149489369	16.1562097653823	36866526.32729445	261.0231139830344	5305.464200970655	0.517280279287661	0.2675788873399205	28147950.38778119	5128.901949776592	8567.946027744962	1.161263	22.036434	0.0404316905660236	0.023263551375719	0.0308121676	-0.0795120654	0.0524832272	0.0412731522	0.0549255714	0.0989320926	-0.0251105324	-0.0789913761	-0.0739404223	0.0094072474	0.0438738991	-0.0690414869	-0.0110399707	-0.0874372938	-0.0709770585	0.0181214548	0.0182918324	0.0821664121	0.0036859411	-0.0706898903	0.0370631064	0.1114969291	-0.0601195748	0.017063599	-0.0072475404	-0.0257113332	-0.0920777808	0.1211420914	-0.0836063985	-0.0712863458	-0.0160135767	0.0009360804	-0.057728495	-0.0620907161	-0.0514553625	-0.0523305272	0.0067305921	0.0937182288	0.0227837653	-0.1951063788	-0.0441828713	-0.1149919353	0.0335563968	0.0015085852	-0.0160715101	0.0808336959	0.0333175404	0.1001040881	0.1175394475	-0.0228557113	0.0317416568	-0.086483811	0.0006730426	-0.0569648384	0.0231792152	-0.0104897853	0.1231764829	0.008019602	0.0542580817	-0.0607073421	-0.0022510391	-0.0201751476	-0.0118553186	-0.0508205296	-0.059104601	-0.1019320735	0.0139089632	-0.0152059874	0.0910309999	-0.0084474255	0.0792620281	-0.0529491716	-0.0471238704	-0.0269704237	-0.0115145131	0.0609163171	0.0011744132	0.0788630506	0.0681319699	0.0484650511	-0.0185995688	0.0170841776	0.0878536455	-0.0282727043	0.0130446269	-0.0597991996	0.0882484955	0.0521558892	-0.0683029739	-0.0352203449	-0.0855527437	-0.0437013368	-0.1301817321	-0.0040168799	-0.0742640423	-0.0910621483	0.0696469833	-0.0713035931	-0.0937213522	-0.0616852386	0.0649851243	0.0801883456	-0.0590690198	0.0022042448	0.0159631203	-0.0224350904	-0.0833598949	-0.0223594263	0.0493890421	0.0376228646	0.0505780478	0.066016088	0.0321302793	0.0068989723	-0.0277876742	-0.0260923756	0.102725053	0.0550140219	-0.0662149076	-0.0493643612	0.0683429843	-0.107678576	0.0524745177	-0.0104915196	-0.0019455227	0.0083963022	0.0920899758	-0.1476095646	-0.1397137381	-0.0701515187	0.0237257271	0.0366301019	0.077858338	0.0078834484	-0.0081399091	0.00401085	0.064361282	0.0928986905	-0.0734892996	0.0776566511	0.0552616047	-0.0495215073	0.0922375941	0.0329743398	0.0217868543	0.121145548	-0.0764746737	0.0436379722	0.0277427768	0.0052786326	-0.0342033244	0.0062560122	-0.0896097319	-0.0332445207	-0.0462241312	0.0074697968	-0.0953213656	0.0251911001	-0.0108705985	-0.0525460743	-0.0230993701	0.0055466826	0.0389269201	0.0260272032	0.0239810974	-0.0509688977	0.0489197639	-0.0589893185	-0.0654608553	0.0159973665	0.0233464921	0.0075570296	0.02259559	0.1789048696	0.0610829166	0.0254220392	0.0688056697	0.0343028791	0.012147335	-0.0164846921	-0.0769307	0.0785245613	-0.0529582258	-0.0698255124	-0.1016934797	-0.0250201644	-0.0059231489	0.005333658	-0.065134418	-0.0604517942	-0.0256271825	0.0492575297	0.0020129768	0.0883589795	0.067238775	0.0356958649	-0.0013802733	-0.038242455	0.0	-0.0049711949204294	0.0002838727362046	2.471277893690307e-05	8.058373036028643e-08	0.038726857501885	-0.0154749538109513	0.000239474195451	0.0014997694919713	-0.0303062741401589	-0.005072668171934	0.0009184702522584	2.5731962382552235e-05	-0.0002299853322456	0.0002360510218846	5.572008493281111e-08	5.2893253048119016e-08	-4.507571565537383e-05	-0.0001559213657457	2.431147229602737e-08	2.031820141844113e-09	0.000660994089569	-3.1529308199972246e-08	4.369131864451513e-07	9.940972755688372e-16	0.0	0.0	0.0	0.0	0.0	0.0	0.0	0.0	0.0
8342.433945207144	-0.8827123324099375	0.779181061788592	69596204.13014443	6077.690085188074	5.9089356987042265	36938316.77159341	34.915521091421205	5304.234941553948	-1.2292594167065545	1.5110787135617385	28134908.31520182	5129.492637096996	8595.868049089968	1.207754	22.918667	0.1253219682224219	0.0615714325157368	0.0282896892	-0.0397661023	-0.0713690624	-0.0088713718	-0.0662098911	0.0270741413	0.0328669948	-0.0390712578	-0.0129663269	-0.0508829894	-0.0315995946	0.0119539386	-0.0621531208	0.0068506264	0.0568775546	0.098949821	-0.0062443738	-0.007692994	0.114405855	-0.1637383091	0.0824163485	-0.0450322705	-0.0399778441	-0.0066381251	-0.0524138094	0.1015756655	-0.0430087558	-0.0406366162	0.0190300322	0.0157667703	-0.0614332832	-0.073840761	0.1062299573	-0.0981684551	0.0536374461	-0.1559847093	-0.0203278607	0.0100704472	0.1280075926	0.0190606865	0.0212123357	0.0056084401	0.0040805235	-0.0035134053	-0.0104097921	0.0381996856	-0.0253486833	0.0859273959	0.0288517485	0.1101094983	-0.0993035538	-0.0088509742	0.007489044	0.0075322544	-0.0483082783	-0.0974491729	-0.0694324542	0.1409369224	-0.0026570908	-0.0100162655	-0.1107767315	-0.0362589547	0.0773160711	0.0340081777	-0.0217887669	-0.0633962604	0.0384062615	-0.0453438248	-0.0380330134	0.0746537148	0.1056576632	-0.0364153552	0.0134148872	0.0814500362	-0.0755116804	-0.0432324161	-0.133679187	-0.0373913877	-0.1464381233	0.0131945248	-0.0333028477	-0.0543294031	-0.0019810197	0.0795794887	0.0020932378	0.0326029177	-0.0683516595	-0.0251356684	0.015238154	-0.1702299355	-0.0184439937	-0.0917592546	0.058288912	0.071381689	0.1278109914	0.1237986492	-0.0666975487	-0.0694748282	0.0449549206	-0.010388761	0.0178815288	-0.0209780582	0.1031532709	0.0368018053	0.0774651839	-0.0713413868	0.0200568107	-0.0249661822	0.0194095737	0.041453875	-0.1122049313	0.0476939034	0.1129528692	-0.0522101342	-0.1065975304	0.0066614398	0.0592127072	-0.0009202163	0.1486879072	-0.0109933393	-0.0150994734	-0.0889442732	-0.0753665073	0.0738038442	-0.0272739187	0.0116866305	-0.0804232338	-0.0450655627	-0.02356162	0.0089360533	-0.0587388381	0.0313096184	0.082214308	0.1658982924	0.0438092146	-0.0735093772	0.0376174688	-0.015167045	0.1024095778	0.0731410805	-0.0030991985	0.0407550034	-0.0107520713	-0.0912146549	0.0500219655	-0.027781464	-0.0269740514	-0.0198378322	-0.0595524199	0.0583796581	-0.0227002041	-0.1331557389	0.0484668718	-0.0073107401	-0.0710646159	-0.0967377317	-0.0519762951	0.0860701582	-0.068019599	-0.0299841798	0.0340937115	0.0979530313	-0.0590136405	-0.0488707468	0.0892995269	0.0829788867	-0.0321583917	0.0309181068	0.0013660233	0.0240049605	-0.0116867643	0.0334485691	0.0642750707	0.0126476788	0.1256705528	0.0175987654	0.0099325334	0.0222750181	0.1058470777	0.1148789834	-0.0179658579	-0.0508067857	0.0735075035	-0.0097725082	0.0322577272	-0.05149604	-0.0488231398	-0.0599356584	-0.0528359372	-0.0179062515	0.0604791899	-0.0148768308	-0.0161434301	0.0878170061	0.0652450377	0.0318210527	-0.006895635	-0.0444653919	0.0	-0.0004605317071622	0.0045106632132672	2.120894533017304e-07	2.034608262352199e-05	-0.0086690518265015	-0.0473959093283865	0.0022463722210646	7.515245957056899e-05	-0.0518967227252034	-0.0215904485850444	0.0026932698296166	0.0004661474701034	-0.0009530892963133	-0.0007231039640677	5.228793428504216e-07	9.083792067469814e-07	0.0002681850013879	0.0003132607170432	9.813227684246609e-08	7.192319496942791e-08	0.0006611283503725	1.3426080349993998e-07	4.370906956662631e-07	1.8025963356449493e-14	0.0	0.0	0.0	0.0	0.0	0.0	0.0	0.0	0.0
8335.512939225815	-6.9210059813285625	47.90032379358574	69480775.96000099	6052.837908692621	-24.852176495453023	36636846.748906456	617.6306765611477	5303.761857966457	-0.473083587491601	0.2238080807539233	28129889.8460198	5127.167542053518	8547.171227367135	1.139294	21.619549	0.1092741471261077	0.0626288773681103	0.0077601207	0.0339157224	-0.0916383927	-0.0609306238	0.001895783	0.0021617147	-0.1100472553	0.112118059	0.0295876076	-0.0333124367	-0.0502478746	0.0831256999	-0.003435671	-0.0203661578	-0.0339050533	-0.0960178336	0.1000613845	-0.0521862523	0.065978927	-0.0318498614	0.0269009056	-0.0997435447	-0.0603946234	0.0787944319	0.0623586816	0.0478609713	0.0113415105	-0.0230010866	-0.0942552813	0.0631714264	-0.031019633	0.0542102497	0.0299626771	-0.0050210975	-0.0699557845	0.0470089137	0.0182520589	-0.0495392343	-0.0111366764	-0.0037267101	-0.0382030818	-0.0201671403	-0.0655720296	0.0734059144	-0.0049906972	0.1230604686	-0.0020692185	0.0582398898	0.0468595647	-0.0190308669	0.043725106	0.0261343526	-0.0527602336	-0.0958613347	0.0478739161	0.0453247139	-0.0422693864	-0.0508167314	0.0036113581	0.0287459549	0.034206285	0.0188937369	0.0773642381	-0.0720059638	0.09187194	-0.0003228602	0.098683184	0.0865540847	-0.0127208246	-0.08842997	-0.027247234	-0.0261736273	-0.0842040506	0.0200976383	0.0597737259	-0.1487641805	0.0469694445	-0.0713460986	-0.1325551977	-0.0608566007	-0.0243273739	0.1106690165	-0.0343981147	0.1319249781	-0.0044489923	-0.0156691101	-0.048447911	0.1387395671	-0.0234154968	-0.1169363505	-0.0757515685	0.0949129213	-0.0222157491	-0.0465042088	0.0649598662	-0.078570101	0.004719553	-0.0111925116	0.0884441534	-0.0016048305	-0.1181376004	0.0345797552	-0.0450840352	0.0013409657	0.0741420455	0.0110569761	0.0836172931	-0.0150156617	0.007996684	0.014784241	0.0210169064	0.0193656658	-0.1014734921	-0.0432591877	0.0023550131	0.0117790574	-0.0108022107	0.0137459143	-0.0596941878	0.0607020613	-0.0010500823	0.0539350299	0.1599935198	0.030114233	-0.0520348086	0.0182941191	-0.050582137	-0.0289449413	-0.0561417008	-0.0104145123	-0.0379477025	0.009720796	0.0413671697	-0.0590336928	-0.0341819356	0.0762878205	-0.0475055794	0.0608109312	-0.0580392044	0.1320124772	0.0510954869	-0.0175915288	-0.0105383694	-0.0238484452	-0.0676963049	-0.0144198976	0.0469033387	-0.0002479183	-0.0458834078	-0.0844542998	0.1112188256	0.0433735998	0.0672505055	0.071542143	0.0089295423	0.0414198633	-0.0281593905	-0.0545976279	0.022051838	-0.1786728228	0.0070379357	0.1714972673	-0.009509958	-0.0914642317	0.0500840588	0.1218755904	-0.142384817	0.0837010347	0.1259755874	0.0225594393	-0.0092179747	-0.0341604908	0.1034555067	-0.0348220307	0.0963384948	0.0879902348	-0.1035946123	0.0956647471	-0.0173273155	-0.0266207105	0.0883010103	0.0509123342	0.0043044887	0.018252052	0.0606069541	-0.0339193103	0.0147737376	-0.0292142618	0.0321613408	-0.0192288845	0.0393054869	0.0512179434	-0.0209612721	0.0872567955	0.0631971047	0.0278867734	-0.0123880901	-0.0504575686	0.0	-0.0064290242531512	-0.0059684925459889	4.133235284760634e-05	3.5622903271526246e-05	0.0397120420494161	0.0483810938759176	0.0023407302446303	0.0015770462837345	-0.0119447733806623	0.0399519493445411	0.0001426776111153	0.0015961582564287	-0.0006650846382353	0.000288004658078	8.294668307462569e-08	4.423375760165799e-07	0.0002567802175321	-1.14047838558e-05	1.300690947975163e-10	6.593608011583259e-08	0.0006610855651131	-4.278525939994168e-08	4.370341244009068e-07	1.8305784219202974e-15	0.0	0.0	0.0	0.0	0.0	0.0	0.0	0.0	0.0
8335.561104030285	0.0481648044697067	0.002319848389605	69481578.91902258	6066.909825263332	14.071916570711435	36807394.827876754	198.01883597306312	5303.785396296024	0.0235383295676001	0.0005540529588329	28130139.529962976	5125.732139825215	8511.965812665145	1.029424	19.534637	0.0274361330534759	0.0135381737143387	0.0112232176	0.0732190721	-0.0214969131	-0.0840835841	0.0632020087	0.1082465935	-0.0215850095	0.0650414733	0.0953564596	-0.0101097416	-0.0172770691	-0.0500125189	-0.0002987279	-0.0413243474	-0.0880230024	-0.0122173871	0.0634163589	-0.0717034765	0.0545234597	-0.0260766158	-0.0201001658	-0.0696501123	-0.0175510074	0.0633261174	-0.0118387928	-0.0525872479	-0.0607596455	0.0334288102	-0.034138791	-0.0939040376	0.0810275587	0.1309967314	-0.0363549452	-0.0374438392	-0.1323840105	0.0669256256	-0.1230304953	-0.1014579774	0.0246169522	0.0212901121	-0.0240093429	-0.1098916209	-0.0913356376	0.0120389739	-0.0323761827	0.0049762168	-0.0259322099	0.0282696629	-0.0637164643	-0.1228000542	0.0372686939	-0.0576181402	0.0346449887	-0.0365136641	0.0826358326	-0.0346686161	0.0339138517	0.0636431689	-0.1856160349	-0.0794696278	-0.0267524481	-0.1937541109	0.1459916402	0.0698300679	-0.057386948	-0.0438582303	0.082216635	-0.0137054793	0.047277059	-0.0507368722	-0.041864282	0.0393127968	0.0709774525	0.0742030113	0.0602050133	0.0050173635	0.0285748398	0.0330065069	0.1031918254	0.02961466	-0.0393991733	0.0489932833	-0.0600566114	0.0736342825	-0.1436318121	0.0327888204	0.036088639	-0.0395074403	-0.0061404086	0.0491836053	0.0598397768	0.0573130548	-0.0489265989	-0.0123144599	-0.0475666791	0.1157423595	-0.0698752856	0.0548275347	0.082170394	-0.1172219994	0.0328313914	0.0290784063	-0.1093430824	-0.0289440561	-0.038827377	0.0524980827	0.0024943606	-0.0712556921	0.0064361957	0.0252261606	-0.0385207399	0.0289913232	-0.0659378226	-0.0048779009	0.0262944833	0.0279481706	-0.0486291261	-0.0484148668	0.0217348714	0.1416837458	0.0128171209	0.0324796046	0.1006391596	0.0662418941	0.1128478193	-0.0669538286	-0.0224660017	-0.1711482858	-0.0149099574	0.0367838639	0.0047546352	-0.0349329607	0.1752427285	-0.025101693	0.1527528203	0.0349065142	-0.0838162831	-0.0109762241	-0.0931462192	-0.021680215	-0.038372886	0.0050594108	0.0952774452	-0.0612302255	-0.0170564712	0.0219954139	-0.0132023107	-0.1039626804	-0.043508892	0.1481196711	-0.015866614	0.001367424	-0.0381890046	-0.005591627	0.037904505	0.151342992	-0.019798712	0.1182065196	0.0513635388	0.1420793097	-0.1550381144	0.0253510438	-0.0555188658	-0.0197640075	-0.0373039585	-0.0398517458	-0.0102443493	0.0391091191	0.0363123414	0.0275279282	-0.0211949449	-0.0879465125	0.0851042906	-0.0215822705	0.0285911694	0.1379579589	-0.0262048138	0.0857113297	0.0071594517	-0.100315342	-0.0200856731	0.0664336619	-0.0407616965	-0.0122620682	0.0622784102	-0.0442775439	-0.0532180915	-0.0111299051	0.0093221074	-0.0130283365	-0.0010115361	0.0442089479	-0.0112389032	0.0866784641	0.0610966773	0.0239003795	-0.0178393932	-0.0561878877	0.0	-0.0158400319355962	-0.0094110076824449	0.0002509066117207	8.856706559903878e-05	0.0335924018020961	-0.00611964024732	3.74499967566188e-05	0.0011284494588334	-0.0051426817791764	0.0068020916014859	2.6447175881872945e-05	4.626845015500503e-05	-0.0006656181913631	-5.335531278000084e-07	2.846789401851721e-13	4.430475766734845e-07	0.0003582802830888	0.0001015000655567	1.03022633080144e-08	1.283647612501907e-07	0.0006611198168731	3.4251759999993393e-08	4.370794122623213e-07	1.1731830630971477e-15	0.0	0.0	0.0	0.0	0.0	0.0	0.0	0.0	0.0
8342.005476677303	6.444372647018099	41.52993881363506	69589055.37291412	6089.946551726232	23.036726462900333	37087449.00288223	530.6907661264925	5303.085521459222	-0.6998748368023371	0.4898247871890979	28122716.04791043	5129.430611835234	8532.002115526217	1.063746	20.185926	0.033763365616934	0.0178379128536797	0.0275545224	0.0987700203	0.0529051992	-0.0520855121	0.0426926598	0.1138905743	0.0932882332	-0.0477690697	0.1190983232	0.061259912	0.0435504385	-0.0779943935	0.0186408902	0.0063200575	0.0352828854	0.0919440238	-0.0621933564	-0.09939141	0.0484344696	-0.0526490048	-0.0852974034	-0.0437244823	-0.0240501773	0.0274607864	-0.0368536219	-0.0251844666	-0.0434042568	0.0328692591	0.0643192902	-0.1606202276	-0.0167258422	0.085586876	0.082793914	0.0243274519	-0.1061913062	0.0645215991	0.0212281063	0.0062938622	0.0354324427	-0.0499572965	-0.0517392375	-0.0352677169	0.0298235576	0.0115407417	-0.0586456214	-0.024987101	0.074169003	-0.0394596854	0.0313072914	-0.0407183083	0.051089207	0.0487656588	0.0797990845	0.1063810872	0.0052109859	-0.071716164	0.0539263098	0.0052955191	-0.0994363781	0.084537356	-0.0066987927	-0.0035430069	0.1230386939	-0.1235275034	0.016603968	0.1143151814	0.1395209123	0.0437727492	-0.0476952684	0.0998182025	-0.0424020974	0.0181847902	0.1339039182	0.0656604921	0.0159429564	0.046955784	0.0005371828	0.0448103212	0.0657468502	-0.0361734369	-0.0551559114	0.0589172641	-0.0463868221	0.0641961667	0.0741099715	-0.0298864302	0.0060352765	0.0322487912	-0.034145523	-0.0040300131	-0.0139914401	-0.0717104716	0.051531702	-0.0150764351	-0.018906182	-0.0798735804	0.0581519593	0.1157403833	0.0196242028	-0.0787776804	0.0683105426	-0.0392084772	0.0102083483	0.0326300687	-0.0700891227	0.0207983143	-0.0565843149	0.0269774856	0.0712727514	0.0198900472	-0.0359687057	-0.040831446	-0.008336264	-0.1122135276	-0.021269986	0.0275383567	0.0198305006	0.0991828877	-0.0604740668	0.0859247734	-0.0206427366	0.0262599686	0.091960828	0.0387234341	0.033965903	0.0092501872	-0.0985029927	-0.1435308017	0.089196827	0.0310991734	0.0418062187	-0.0685066549	-0.0080555877	0.0943698627	0.0107246284	0.0439394337	-0.0436676861	0.0095530053	0.0564801446	0.1011238305	-0.0589093356	-0.0431522853	-0.0602908905	0.0172524585	-0.09925759	0.1095562818	-0.0039814743	0.0252797624	0.120267977	0.1111323504	0.0188991577	0.0190195216	-0.1217798134	-0.0084853745	-0.0500962705	0.0045828036	0.0591488429	0.0397168435	-0.0185160924	-0.0110194878	-0.0855787763	-0.0348678083	0.0682543568	-0.0015367222	-0.0455814042	-0.0269520791	-0.1348416296	0.060467776	-0.0622181739	0.0233457715	-0.0162696703	-0.1182061921	0.0335696657	0.0083936987	0.0252900987	0.0686915706	0.0588784171	0.0433534975	-0.0306979504	0.0147601974	-0.0860575014	-0.0563288768	-0.0053661525	-0.0223491238	0.0058538938	0.0204117563	0.028558912	-0.0022312719	0.0796756454	-0.043663553	0.0092073763	-0.0364690567	-0.0442194221	0.0860821319	0.0589455001	0.0198693207	-0.0232314356	-0.0616266108	0.0	-0.0082215861957166	0.0076184457398795	6.759447957359776e-05	5.80407154914896e-05	0.0284330771125382	-0.0051593246895579	2.6618631252281724e-05	0.0008084398740875	-0.0104492352866429	-0.0053065535074665	0.0001091865180756	2.815951012760501e-05	-0.000426642966791	0.0002389752245721	5.7109157959285663e-08	1.820242211122263e-07	0.0004328585163053	7.457823321649999e-05	5.5619128696946625e-09	1.873664951380257e-07	0.0006610924410611	-2.7375812000000717e-08	4.37043215628124e-07	7.494350826593831e-16	0.0	0.0	0.0	0.0	0.0	0.0	0.0	0.0	0.0
8346.179444662257	4.173967984954288	17.42200873942336	69658711.32250278	6061.144226074219	-28.80232565201368	36737469.32927284	829.5739629646451	5301.899850466609	-1.185670992613268	1.4058157027245324	28110142.02437785	5122.671811695931	8583.458610908236	1.033437	19.610781	0.0637677439574931	0.033548677042405	0.029070478	0.0560211935	0.0952682867	-0.0039567911	-0.0678074123	-0.0031879308	0.0327789041	-0.0545542985	0.0492874824	0.080226605	0.0983984326	0.059812726	0.0356792343	0.0134666218	0.1062812317	0.0213991533	-0.0067039801	0.0658117193	-0.073681706	-0.0399290498	-0.1218168878	0.0335062331	0.0113667752	-0.0027273612	-0.0057206796	0.1252478327	-0.0218255705	-0.0770891332	0.127501171	-0.0027077006	-0.0185220104	-0.0202922763	-0.0465760306	0.0415458576	-0.0281777604	-0.0156117059	0.0253445416	-0.0670420541	0.0501672306	0.0976323204	-0.0606589058	0.0829425695	0.0474908166	-0.1424696202	0.0649498966	0.0854776822	0.0302404175	-0.1084965927	0.0128567008	-0.0467543518	-0.0501249748	-0.0357873214	-0.0715854155	-0.1104543696	-0.0220237991	-0.1526144681	0.0359787082	-0.1519720686	0.0005385238	-0.0612643035	-0.0132828673	-0.047686946	-0.0143341057	0.0242766148	0.0438841282	-0.075654876	0.0186506444	0.0826316718	0.012517033	0.0324429372	-0.1069180797	0.0278075589	0.0030227523	-0.0203791569	0.0729971183	-0.1125397304	-0.100056516	-0.0328129	-0.0465709801	-0.05021021	0.0430250153	0.0723177279	-0.0109846412	-0.0100192451	0.0526032827	0.0178924612	0.1128574252	0.1224595698	-0.0446777699	0.0257205507	-0.0387887586	0.0399889967	0.0140532776	-0.0626414798	0.0028637153	-0.037295872	0.0773101795	0.0939587015	-0.0744292556	0.0506693855	-0.036696993	-0.056346866	0.1101491583	0.0264137685	0.0082578234	0.0016903918	-0.0139363534	0.0430022677	0.0384369097	0.0608753198	-0.0119470523	0.0215192529	-0.0149159511	-0.0062235288	0.06847134	0.0699935126	-0.0530328906	-0.1002517494	-0.0032409572	-0.021620121	-0.0848833566	-0.0673109238	0.0706339898	-0.1189709194	0.0038561355	0.088494407	0.0754800311	0.0911713748	-0.0008746743	0.0358028767	0.042639656	-0.0612004332	0.0647215003	-0.0226994442	-0.0409373478	0.0312588915	0.0422206158	0.0658472639	-0.1358821758	-0.0503066749	0.0045936448	0.0965819796	0.011772779	-0.1194602575	-0.0810060407	-0.0032118728	-0.1107168445	-0.0387260853	-0.0343565697	-0.0892044271	0.0551787383	-0.008952419	0.0019249634	0.0194187427	0.1097579944	-0.0287981017	0.1627630863	0.0136848029	0.0713063716	-0.1332154165	0.0035485825	0.0302851338	-0.0162537379	-0.055447712	0.1110804339	0.0225581379	-0.097325169	0.0475354124	-0.0502785274	-0.0050097797	-0.0093344815	-0.1023514953	-0.0106078622	0.043243744	0.0844716511	-0.0280479895	0.0182844481	0.0059069023	-0.0614535425	0.0854063242	-0.0194686301	-0.0618287301	0.0109177429	-0.0196680247	0.0312074348	-0.0181366128	-0.078009551	0.001371026	0.0667226046	-0.0307433692	0.0282700278	0.0116267958	-0.0552204111	0.0854679228	0.0567453599	0.0158011302	-0.0285463055	-0.0667455128	0.0	0.0022823528866808	0.0105039390823974	5.209134699340181e-06	0.0001103327362467	0.0347616564678077	0.0063285793552694	4.00509166559433e-05	0.0012083727603858	-0.0236587905172882	-0.0132095552306453	0.0005597383687409	0.0001744923493914	8.681022044981865e-05	0.0005134531872408	2.636341754877552e-07	7.536014374546112e-09	0.0005070329175744	7.417440126909996e-05	5.501841803629459e-09	2.5708237950400824e-07	0.0007479782583348	8.688581727369997e-05	5.594714749415608e-07	7.54914524331878e-09	0.0	0.0	0.0	0.0	0.0	0.0	0.0	0.0	0.0
8343.525494773172	-2.6539498890851974	7.043450013775331	69614417.6819299	6055.055658596665	-6.0885674775536245	36663699.028703496	37.07065392872371	5301.256697744693	-0.6431527219156123	0.413645423707461	28103322.57538297	5123.3320606754	8552.336370241845	0.947201	17.974346	0.0830029871298907	0.0458957297770319	0.0395896525	0.0029383449	0.0817329181	-0.005888456	-0.1047312851	-0.0496515304	-0.0603224136	0.0284066509	-0.0091475264	0.0496737947	0.1017455847	0.0251914085	0.0169165872	0.0057282392	0.0437624376	-0.0301812929	0.1122407211	0.0083386553	0.043613654	-0.0203112173	-0.0993561626	0.045078819	-0.0006035385	0.0796002635	-0.0020905296	0.1176633383	-0.032632405	-0.067570129	-0.0532729549	0.0061860081	-0.015117573	6.3968e-05	0.0018962745	0.0471018692	0.1122348788	0.054643822	0.0553341732	0.0354676481	-0.0050488173	-0.1298578394	0.0504911799	0.0724058493	0.0886285244	-0.007894726	-0.1380960551	0.0843733892	0.0580196388	0.1207174802	-0.1796090489	0.0420970251	-0.0352487521	-0.1156892441	0.0011003963	0.0016730534	0.0183511263	0.0283695751	0.0426028016	0.0511000558	0.0294519412	-0.0770570563	0.0612388684	-0.077650909	-0.0199876316	0.0729491997	0.0182939928	0.0357474064	0.0056945452	0.0396312729	-0.0201368028	0.1105176434	-0.0248890534	-0.051322743	0.0706446923	-0.0484269453	0.0240271991	-0.0107123753	0.1378709853	-0.0044029672	-0.0199787412	0.1602773747	-0.0697051016	-0.0461524653	-0.0253561195	0.0056090106	-0.0524536314	0.0654487812	-0.0730888545	0.0344900567	-0.0417311022	0.0545016843	0.1019566001	-0.0645437763	0.0112780488	0.0364784313	-0.1474996694	0.0846136017	0.0212006546	0.0524209644	-0.08773407	0.0048453957	-0.0813430726	-0.0531795838	0.0354877695	0.0715666717	0.1531593087	-0.0329260817	0.0653583875	0.0068252004	0.0202903583	0.0112457765	0.0280114887	-0.0062843012	-0.0502072176	0.0102245708	-0.0304115335	0.0482433561	-0.0159489341	-0.0554322415	-0.1475165107	-0.0793167053	0.0409488003	-0.1745745265	-0.054840562	-0.0133963452	-0.1392453301	-0.1228665452	0.0632727171	0.0104619625	0.0117723636	0.0394535299	-0.0452758145	0.0363823067	0.0341989169	0.0880741424	-0.0045044114	0.0444046151	-0.0443538619	-0.0171421135	0.0565799119	-0.0541823848	0.0791824027	0.0793330186	-0.0528434683	0.0430530564	-0.00278898	-0.0317079893	-0.1439933267	0.0423741576	0.0079644481	0.1569332269	-0.0650221	0.0486577747	-0.0872295213	0.0761026195	0.1012121722	0.0635100321	-0.028340817	-0.0440948261	0.022009726	0.0702228327	-0.0560565083	0.018426402	0.0679367411	0.078488628	-0.0338266614	0.0148281436	0.0630607777	0.0430626037	-0.0226252978	0.0121123534	-0.0323259129	-0.1065337662	-0.0170527209	0.0212218571	0.1045041214	-0.0244572781	-0.1254761501	0.0103892548	-0.0548970721	0.0142993509	0.0425990845	0.0086294561	-0.0063660431	-0.041972091	0.0658584237	-0.0872893438	0.0256276405	-0.0129355047	0.1393350797	-0.0535934313	-0.0273232187	0.018534748	0.0301552276	0.0848359644	0.0544980844	0.0117034106	-0.0337663475	-0.0715180283	0.0	-0.0094240322279546	-0.0117063851146354	8.881238343352694e-05	0.0001370394524521	0.0736325191658409	0.0388708626980332	0.0015109439668893	0.0054217478787079	-0.0074533974387094	0.0162053930785788	5.5553133379359845e-05	0.0002626147648312	-6.969430485574782e-05	-0.0001565045253055	2.4493666441120697e-08	4.857296129325914e-09	0.0005879771772179	8.094425964350006e-05	6.551973169234352e-09	3.457171609291298e-07	0.000661020118511	-8.695813982380004e-05	4.369475970762964e-07	7.561718081615561e-09	0.0	0.0	0.0	0.0	0.0	0.0	0.0	0.0	0.0
8340.415616754712	-3.109878018460222	9.671341289702076	69562532.66020587	6065.623029718352	10.567371121686849	36791782.73864964	111.66933242346111	5306.683490068836	5.426792324143207	29.450074929379632	28160889.663769167	5130.370705808236	8546.726667759782	1.221935	23.187773	0.0552123670971665	0.0258205196678534	0.0821408266	-0.0565567311	0.0882854415	0.0223074048	0.0942792023	0.0559645014	-0.0829100978	0.044555319	-0.0773031459	-0.0094508003	0.0999230861	-0.0799497035	-0.0173973329	-0.0323965201	-0.0368632657	-0.1080697389	0.0441198445	-0.0292957277	0.0190510719	-0.0058622383	-0.0062297814	0.1166555102	-0.1136479047	-0.0255854306	0.1002748754	-0.0618466273	-0.0125185906	0.129425331	-0.0461928653	-0.0848992554	-0.0488727992	0.017924328	0.0692675587	0.0781162467	0.0213805314	0.0713231647	-0.0709641105	-0.0819333279	0.0888564978	-0.0349556984	-0.0650766031	0.0919845194	-0.0478772141	-0.0484111886	0.0156952676	-0.0413954839	0.0278397257	-0.0035448503	0.0821324282	0.0280333699	-0.0257870467	0.0194668166	0.0172410248	-0.0460317778	0.040148098	-0.0718613853	-0.0262289664	-0.0373264444	-0.0511614444	0.0738797105	0.0237034651	-0.0095674082	-0.0537975259	-0.0887399339	0.1270353283	-0.1172244612	-0.0102794263	-0.1073914315	0.0342547467	0.1336753144	-0.0299290089	-0.0130572613	-0.0474349159	0.1295386624	-0.0063689398	0.0573879059	-0.02564444	-0.0141664078	-0.0490190998	0.0567960151	-0.1123388085	-0.0111997095	-0.0326535726	0.1110634503	0.08061452	-0.0728725933	-0.0272230867	-0.0061516353	0.0070528368	-0.037732248	-0.0684749296	-0.1191465339	-0.2014349626	0.0001733757	-0.1210512737	0.0171002059	-0.0277752177	-0.0447077067	-0.1212179231	-0.0715329898	-0.0570599484	0.1222282403	-0.0842521747	0.023583648	0.0015871174	0.0345543727	-0.0846724682	0.0418325538	-0.0003596222	-0.0144410374	-0.0926589611	-0.0340481106	0.001871498	-0.0373141845	-0.1170153812	0.0835498731	0.0036875668	-0.0573080057	-0.0275876787	0.0588828743	-0.0364586312	0.0078377352	-0.0248395829	-0.0332706488	0.061177508	0.0035067961	-0.0746458464	-0.0048584999	-0.0201226339	-0.1164443007	0.0416517243	-0.0144969771	-0.1359377315	0.0577938702	0.0029057872	0.0057934261	0.1085934883	0.1321202134	0.0776043312	0.0459047103	-0.0608521006	2.22559e-05	0.0397741814	-0.0837779988	-0.0199527058	-0.0295172328	-0.1140195433	-0.0438559309	0.0111833579	0.0492694766	-0.04528663	0.1280788773	-0.0189070465	0.029585948	-0.0864206149	0.0629880281	-0.0914354463	-0.1097417674	0.0590852502	-0.0322803759	-0.0822310951	0.0834817323	-0.0013459652	0.0709158266	0.0847138138	-0.0145981479	-0.0990547746	0.1485400673	-0.1260477673	0.0417635086	-0.0265765417	-0.0634312866	-0.049914976	0.133965969	-0.0263678027	0.1237254693	-0.0034909435	0.0251330508	-0.0042657474	-0.0029866302	0.0461806422	0.0377378748	-0.0193931501	0.0368233137	0.0246218443	-0.086741747	0.0631979574	0.0071664826	0.0454943271	0.0306666513	0.0035356926	-0.0128431285	-0.0167684228	0.0841863878	0.0522055402	0.0075838198	-0.0388742211	-0.0759193896	0.0	-0.011587722805828	-0.0021636905778733	0.0001342753198247	4.681556916778125e-06	0.0568850439646695	-0.0167474752011714	0.0002804779256138	0.0032359082268623	-0.0185542817653185	-0.0111008843266091	0.0003442613718268	0.0001232296328327	-0.0002931017697798	-0.000223407464924	4.99108953837916e-08	8.590864744805088e-08	0.0003074029997995	-0.0002805741774184	7.872186903401181e-08	9.44966042857314e-08	0.0006610448159988	2.4697487799991112e-08	4.369802487588873e-07	6.099659036307098e-16	0.0	0.0	0.0	0.0	0.0	0.0	0.0	0.0	0.0
8339.62847983437	-0.7871369203421636	0.6195845313657456	69549403.18166451	6088.887875229565	23.264845511213025	37074555.5571176	541.2530366606088	5305.492882193045	-1.1906078757911018	1.4175471138957998	28148254.723001067	5131.4079390855895	8528.23558070296	1.24973	23.715212	0.0746910345576772	0.0498902491078347	0.0144017968	-0.0793009353	-0.0228936894	-0.0323249592	-0.0024272372	0.102613751	0.037646372	-0.0681831794	-0.0588509359	-0.0519508305	0.0089667868	-0.033250452	-0.1061385784	-0.041205498	0.0908860914	0.0272177302	-0.0213543468	0.0895877542	-0.0463944837	-0.0174942824	0.0818355428	0.0358905251	-0.0223232175	-0.1032105368	0.0168604958	0.0153719177	-0.019369566	-0.0311659023	0.0244467207	-0.0196288826	-0.0489306878	-0.0343317934	0.0314110721	0.0458572854	0.0404480604	0.0916041607	0.0652859191	0.0002806944	0.1193710912	-0.0047193696	-0.0408369372	0.0031932869	-0.025442498	-0.0048622797	-0.0263007183	0.0505389086	0.0081866073	-0.0020581832	0.0599535485	0.0076110373	0.0135062215	-0.00780197	-0.0894100126	0.085795861	-0.034732089	0.0392282535	0.0472509183	-0.0712032746	0.0124331752	0.0642935472	0.0526116539	-0.1233324645	-0.1076166658	0.0339812895	0.0702364752	0.0335569643	-0.0681834818	-0.0496004904	0.0036316245	-0.0780728529	-0.0683280528	0.0027740837	-0.0009609359	-0.0370383356	-0.072347089	-0.0324829057	0.0952496455	0.0279367612	0.008189848	-0.0668833133	-0.1319286987	0.0523779871	0.0064227667	-0.0370338799	0.0624611052	-0.0226456895	0.0804173521	0.1060092221	0.1381967411	-0.029228596	-0.0043534397	-0.0397685308	0.0130449301	-0.0112824208	0.123868954	0.1247717129	-0.0324163073	-0.1009374632	-0.0102045417	0.0031055511	0.0611945418	-0.0019558661	0.0411222834	0.0955366569	0.0233831699	-0.0231857645	-0.0848549577	0.091570333	-0.0377108111	-0.0043262528	-0.0382165743	-0.0511120956	0.0145973838	0.0448471414	0.0311620204	0.0214710532	0.1257564929	-0.0329022341	-0.0048254187	-0.0268800606	-0.061996715	0.021478353	0.0930556787	0.0542591328	0.0158217223	-0.0096692781	-0.0093494338	-0.004857261	-0.0326766532	-0.0093465618	0.0540118548	0.0316003523	-0.0805356936	-0.0127826684	0.0358493894	0.0455894606	0.0470057702	-0.0978549618	0.0621507954	-0.0366633069	-0.0200783337	0.0346122802	0.066102645	0.1353809579	-0.0957838996	-0.0376688106	-0.0400068473	-0.0398734661	0.0153066931	-0.0334487427	0.0458387064	-0.000191268	-0.0023309505	0.0135134333	0.0324471036	0.075709888	-0.0650357891	-0.0202440513	0.0097005209	-0.0088193544	-0.0533449277	-0.0157340479	0.0208666737	-0.0047577491	0.0694446396	0.0376580326	-0.0099435512	-0.1197726985	0.0602011665	0.0062668708	-0.0194428996	0.0538437908	0.0080433822	0.0468864467	0.0975878341	0.0408686817	0.0450292808	0.0367146699	-0.0002708172	0.065415916	-0.0779715426	-0.0866574254	0.0423845703	0.0540429259	0.0301436973	-0.03057062	0.0160615134	0.0072342244	0.0875103657	-0.0117352628	0.0827489896	0.015199594	0.0097670658	0.0835193281	0.0498696316	0.0034500563	-0.0438529584	-0.0799267552	0.0	-0.0052832538378169	0.0063044689680111	2.7912771114807004e-05	3.9746328968614944e-05	0.0101729876820684	-0.0467120562826011	0.0021820162021488	0.0001034896783795	-0.0201743467744535	-0.001620065009135	0.0004070042677759	2.624610633823595e-06	-0.0003071358650039	-1.403409522409999e-05	1.969558287591061e-10	9.43324395716939e-08	0.000268345327965	-3.905767183449998e-05	1.525501729131493e-09	7.200921504064341e-08	0.0010090419348988	0.0003479971189	1.0181656263843144e-06	1.2110199476270084e-07	0.0	0.0	0.0	0.0	0.0	0.0	0.0	0.0	0.0
8348.38051627285	8.75203643847999	76.59814182048152	69695457.24448413	6074.295225380665	-14.592649848899782	36897062.48508234	212.94542961259484	5306.569257555125	1.0763753620794887	1.1585839200917505	28159677.285229143	5129.769211291055	8551.371371734389	1.124228	21.333651	0.1042482967969448	0.0499602940539781	-0.0321641729	0.0082637198	-0.0855517185	-0.0283859238	0.0052297942	0.019606565	-0.0808518324	0.0352952831	0.0443177119	-0.0975170236	-0.0208322275	0.0090968773	0.0078629601	-0.0750017854	0.0350838095	-0.0967318027	0.0014873367	0.0752615248	0.0613688979	-0.0857200808	0.0319913802	-0.1019412897	-0.032942645	-0.0823387294	-0.0600126915	0.0383806443	0.0521718078	0.0369445875	-0.0485236964	0.0726212225	-0.0476074118	-0.0184144907	-0.0033000783	-0.123690615	0.0055880902	0.1148969	-0.0532953688	0.0197716331	-0.033676054	0.0036981545	-0.0652515389	-0.129916429	-0.0668240783	0.1067596422	0.0634867786	0.0412789177	-0.0808447872	0.1468924008	0.0521189503	-0.096453683	-0.0207243077	-0.0274623953	-0.0504388743	-0.0789050149	-0.0377769313	0.0261302319	0.0958999442	-0.047361663	-0.0543440253	0.0722826214	-0.0643523472	0.1531732648	0.0113242683	-0.066182559	-0.055925503	0.0627009544	0.0333486593	0.0772137613	-0.0903367285	-0.0206778026	0.0120002283	0.0419152292	-0.0668841977	0.0369976254	0.0394840762	0.0075313074	0.0713915356	0.0076591842	-0.0280414885	0.0188722283	0.040827469	-0.0026906716	0.1075635483	-0.0163639913	0.0078099967	0.040156066	-0.024353436	-0.1564280919	0.1476548107	-0.0541772033	0.0627295956	-0.1286297018	-0.0626948116	0.0355674728	-0.1005647221	-0.0456250965	0.0560883348	-0.0195930406	0.102706786	-0.0118942422	-0.0446847385	0.039090131	0.0586414503	-0.0252190148	0.0416055394	-0.0725812541	0.0203084585	0.0149725704	-0.1068415492	0.0272724407	0.0568315535	0.0011589885	-0.0144724653	0.0586421238	0.0128209677	-0.0070937685	0.0656500387	-0.0475195777	0.1184574658	0.0874020783	0.1269959421	0.0679737431	0.0827508688	0.1046029604	0.0596262754	0.0429370009	0.0081333149	-0.0650008458	-0.0804308278	-0.1262867354	0.0354653025	0.1043515139	-0.057347164	-0.1122017347	-0.1359847756	-0.0119969898	-0.1289332552	0.0285788082	0.0005281355	0.1245575006	0.1177025227	-0.0234420622	-0.0163760916	0.0126548229	-0.0832495884	0.0173292163	0.0316382758	-0.0631665152	0.0105029297	-0.0681184914	-0.0975520469	-0.0464026334	-0.080796652	-0.0061192775	-0.068474624	0.0678144477	0.045992926	0.0155774878	-0.1083286687	-0.0601440091	0.0806910723	-0.0483422471	0.0878401527	-0.0017450694	-0.03151098	0.0695271668	0.0912661581	-0.0122484666	-0.030192289	-0.0332210596	0.0229125523	0.0196285568	0.0467141689	-0.0496315106	0.1106961943	0.013915301	0.0252208135	0.0576446645	-0.0513864192	0.0506358876	0.0434706188	0.0769885974	-0.0198559025	0.0006385307	0.1068551163	0.0401185697	-0.0086633138	0.015483045	0.0261213613	0.0331427046	0.0644461669	0.08006953	-0.0640420915	0.0828349236	0.0474922989	-0.0006901546	-0.0486860206	-0.0835193281	0.0	-0.0158817846971288	-0.0105985308593118	0.0002522310851659	0.0001123288563757	0.0480998389327282	0.0379268512506597	0.0014384460457896	0.0023135945053543	-0.0193432717590553	0.0008310750153982	0.0003741621623446	6.906856812191194e-07	0.0002718550981282	0.0005789909631321	3.352305353886368e-07	7.390519437829325e-08	0.0004390893697607	0.0001707440417957	2.9153527808731748e-08	1.9279947463684877e-07	0.0006609401463951	-0.0003481017885037	4.368418771167762e-07	1.2117485515947476e-07	0.0	0.0	0.0	0.0	0.0	0.0	0.0	0.0	0.0
8354.591511878896	6.210995606046708	38.57646641833152	69799199.33035891	6084.432058457712	10.136833077046504	37020313.47398794	102.75538483190408	5303.559040280937	-3.010217274188108	9.06140803782048	28127738.49374565	5125.740313547364	8633.818917754905	1.207608	22.915892	0.0482216113049265	0.0284106035515767	0.0015595237	0.124534395	-0.0050918023	-0.0114005064	-0.1172407415	0.0415628992	0.0409522578	0.0208071773	0.1287328157	-0.0004714147	0.0594886229	-0.0057813986	-0.000729345	-0.0573017366	-0.003393004	0.0593847716	-0.0067988821	-0.0048802772	0.0249427556	0.0301867564	-0.110040605	-0.0640247439	-0.0251806379	-0.0101931195	-0.1149971204	0.070942265	0.001718522	0.0128124834	-0.0968610276	0.0090538981	-0.0413380284	0.0459970465	0.0625800689	-0.0309049493	-0.005483859	-0.0079641466	-0.1078794333	0.0209337666	-0.0718643054	0.0215716722	0.0915613192	-0.0533235299	-0.0263841016	-0.0998796636	0.0050588276	-0.0819666461	0.0342688458	-0.086189702	0.0467014393	0.033115385	0.0130773801	0.0511313354	0.0140442165	0.0152965964	-0.041407134	0.0333893669	-0.0292332756	-0.0749487744	-0.0478376739	0.0361140918	0.0408204296	-0.0426799389	-0.1085955035	-0.004366182	0.100724527	-0.0366575443	-0.0047258486	0.0387246045	0.0119338368	-0.1141894208	0.0154141871	0.075164681	-0.0681268322	-0.0341168403	-0.0091842645	0.0406313017	0.0974137586	-0.0149518049	-0.0234098849	0.0743111958	0.0714275149	0.0316120395	-0.0017912197	0.0463549772	0.0572212645	-0.0017323323	0.0843991577	0.0270850544	-0.1096739923	-0.1176789684	0.0534632904	0.088473133	-0.0327571471	0.0278586522	-0.0316542719	-0.0649995733	-0.0674938609	0.1198171788	0.0380254879	-0.0756860178	0.0796321026	0.0215701062	0.066860043	0.0133400931	0.0640049907	0.0141898208	0.0184086735	-0.0263796048	-0.0261551967	-0.0133274292	0.0176769227	0.0756761728	-0.1279938665	-0.0672227082	0.0077281319	-0.0012019125	0.0187012474	0.0186549466	0.0038492946	0.056309519	0.0178419339	-0.0462291359	-0.1197811022	-0.0784510435	0.0555097267	0.0266130225	0.0083978509	-0.0612808415	-0.0355886203	0.0658294304	0.0005123808	-0.029925934	-0.0944033419	-0.0990629796	-0.0714420775	0.0062768334	-0.0304149209	-0.0823839434	-0.1041641244	-0.072409197	-0.0247660389	-0.025270274	-0.0139708042	0.0298347362	-0.0359759996	-0.0059432494	-0.0659442433	0.0129275779	-0.05544918	-0.0864812672	0.1296703586	0.0445030473	0.0665594197	-0.0093451141	-0.039473823	0.0284580755	-0.1467604347	-0.0664997285	-0.0146739579	0.0149559084	0.0138171915	0.0542613991	0.0058269972	0.0838836378	0.0714012508	-0.0239025715	-0.0035277607	0.0438125382	-0.0167145997	-0.0125951174	0.0168520088	-0.0853957601	0.0156513308	-0.076839759	0.0854347133	-0.0491622696	-0.0270794712	0.0160760401	-0.056711473	-0.03115813	-0.0813952399	0.071754646	-0.1155833093	-0.0887315172	-0.0180915178	0.0160675042	-0.0390427279	0.0170323473	0.0210750174	-0.0177552567	0.0143970348	-0.0462084309	0.0534104097	0.0821333167	0.0450755168	-0.0048290757	-0.0533573527	-0.0866784641	0.0	-0.0157671971371655	0.0001145875599632	0.0002486045055622	1.313030889834225e-08	0.0722277833028499	0.0241279443701217	0.0005821576995276	0.0052168526808434	-0.0165612402502688	0.0027820315087865	0.0002742746786271	7.739699315880889e-06	0.0001179258328576	-0.0001539292652706	2.3694218706746745e-08	1.3906502055158614e-08	0.0002590334588252	-0.0001800559109355	3.242013106281272e-08	6.709833279094659e-08	0.0005709843652801	-8.995578111500001e-05	3.2602314539431864e-07	8.092042556009792e-09	0.0	0.0	0.0	0.0	0.0	0.0	0.0	0.0	0.0
8355.818694513006	1.22718263410934	1.5059772174595385	69819706.05557303	6082.22988102092	-2.2021774367913167	36993520.32558376	4.849585463112774	5303.6893895855565	0.1303493046198127	0.0169909412148687	28129121.141202413	5129.527911119058	8654.646836045547	1.182537	22.440138	0.0245580234463322	0.0122205064540521	0.0239783437	0.0152223452	0.0647076229	0.0855658539	-0.0604470102	-0.0430489438	-0.0361137572	0.050474223	-0.016805698	0.0199490747	0.0736678412	0.0213127451	-0.0158385201	0.0523680482	-0.0164476112	-0.0209027016	0.1038873021	0.0368771129	-0.0261357092	-0.0031674333	-0.0522621801	0.0941020801	-0.0190057718	0.0487947951	0.0429994368	0.0027372366	0.0353353737	-0.1095012093	-0.0744255235	-0.0404409952	-0.0576084404	0.0991123754	0.0527939355	-0.0748366341	-0.0389457882	-0.0278209984	-0.0713101858	0.0355877978	-0.0949747006	-0.0671053869	-0.0410531186	-0.1002803239	0.1491373044	-0.089455364	0.0162755727	0.0423409162	0.0064835738	0.0184782997	0.0178131158	-0.0020166125	-0.0388343743	-0.0314974511	-0.0554463254	-0.0102883949	-0.0184817644	-0.0973268659	0.0508036011	-0.001977704	-0.0258444416	0.0709148131	0.0023589465	0.0291556054	0.071994155	0.0662904159	-0.1514129624	0.0222179119	-0.1166038222	-0.0601567773	-0.0495154514	0.0023191462	-0.0439950222	-0.1039592644	0.0745237762	0.0708607562	0.0763934211	-0.0899260237	-0.110206537	-0.0549778015	-0.0789948074	0.0167056933	0.0136587174	0.0245904474	0.0439046543	0.0636745785	0.0030308841	-0.0657119716	-0.1928579553	-0.000241714	0.0167057629	0.0128572541	0.0455360575	0.0016424922	0.0160007375	0.0866085825	0.0724700606	-0.0275797925	-0.0228716472	0.0283429652	-0.0828194399	0.0018050682	-0.0713603423	-0.0546390426	-0.0254661835	0.0436169065	-0.0354264135	0.0277539981	0.0250786351	-0.0893695598	-0.0519597163	-0.006965718	0.0337354425	0.0336203161	-0.1434365089	-0.0471255346	-0.0173273213	0.0120260158	0.0654721289	0.0860015268	-0.017189063	0.0156942091	0.1036808534	-0.1252349817	0.0761924223	0.0852040435	0.09728577	0.0371027754	0.0857031499	-0.0314345019	0.0015215632	0.0322153073	-0.0765818481	-0.0301201417	0.0567953732	0.0995666456	-0.0219896987	0.0136912146	0.0917579688	0.0036503319	0.0416062405	-0.0767158335	0.0343431885	0.0188003072	0.0705240637	-0.0723413068	-0.0191667781	0.0023526351	0.1056343038	0.0699578714	0.0576177962	-0.009416868	-0.1020814036	-0.0403782794	0.0743373169	0.0520157771	-0.0247927357	0.0689933673	0.0663652064	0.1218728678	-0.1297765694	-0.0208126761	0.1748647606	-0.0187747665	-0.0852888685	-0.1038094692	-0.0478038107	-0.0380184581	-0.0068965101	0.0229285582	-0.007629332	-0.006829527	0.0030179491	-0.0581034879	-0.0352950227	0.0507269693	0.0433979602	-0.0120284373	-0.1461968299	-0.0137274281	-0.0373914381	0.055285037	-0.0094803702	0.0299498066	-0.0282657	0.0009821362	0.0539412328	0.0318607126	-0.0072960088	-0.0815315913	0.0100924315	0.016282579	0.0165957523	-0.0209934214	0.0167234612	0.0814146528	0.0426212929	-0.0089589723	-0.0578514371	-0.0893877684	0.0	-0.0158685336721617	-0.0001013365349961	0.0002518103609045	1.0269093325035486e-08	0.0694121891957166	-0.0028155941071333	7.927570176123803e-06	0.0048180520089419	-0.0198521160726556	-0.0032908758223867	0.0003941065125621	1.0829863678369997e-05	-5.710848426021889e-05	-0.0001750343171178	3.063701216890119e-08	3.261378974499668e-09	0.0003009793202588	4.194586143360001e-05	1.7594552914067724e-09	9.05885512234493e-08	0.000721008526365	0.0001500241610849	5.198532950910288e-07	2.2507248909228023e-08	0.0	0.0	0.0	0.0	0.0	0.0	0.0	0.0	0.0
8348.998899004817	-6.81979550818869	46.50961077351064	69705782.61558364	6070.248553072042	-11.98132794887806	36847917.49607322	143.55221941856655	5303.318461520688	-0.370928064868167	0.1375876293068431	28125186.70430616	5127.144767555126	8681.056732996709	1.250527	23.730345	0.0462002764966011	0.0262897240839036	0.0058959844	-0.0893042627	0.0160939654	0.1236603697	0.0486851848	0.0767214926	0.0615238305	0.0501415854	-0.0777642571	-0.0171598743	0.0040508127	-0.0346237283	-0.0549746884	-0.0003255426	-0.1351407101	0.0860259629	0.0513154355	-0.0011402848	0.0636986487	0.0384518051	0.0709218063	0.0914630904	-0.0008419275	0.0248056252	0.0271373663	-0.0493870794	-0.0157345963	0.0782509905	-0.1133727248	-0.0783820756	-0.0221768894	-0.0158560715	-0.0087801104	-0.1167215789	-0.0029837238	0.0347098315	-0.0517909587	-0.0295685828	-0.0851773801	0.0529338731	-0.0410276841	0.0341097247	0.1069219898	0.0510206899	0.0578363138	-0.0265644521	0.0489699299	-0.0312288693	-0.0331279873	0.0914850416	0.0383992996	-0.0660126797	0.045978031	-0.0607810008	0.0179615124	-0.0127179947	0.0864873734	-0.0142569024	0.0196004447	-0.0018227688	-0.0271520373	0.0342550083	0.0217889815	-0.0563819008	0.1186173876	0.0541476646	-0.0044075347	0.0375131002	0.0279068795	-0.1070106383	-0.0054401233	-0.076130305	0.0228436125	0.0871425215	0.0246453605	0.0811696499	0.0662733959	0.2256897348	-0.0066607184	-0.0228206828	-0.0851827796	0.0299916744	-0.024116861	-0.021410788	-0.0372950885	0.0006687071	-0.0551079783	-0.0852005552	0.0559235431	-0.026023698	0.0049654033	0.1066804154	0.1746266121	-0.0258917049	-0.0196866757	0.0071441038	0.030538388	-0.0858650681	-0.0518844269	-0.0635279451	0.0657343574	0.0238604556	-0.1002113455	-0.0197213123	-0.0047044387	0.0579745506	-0.0633187915	-0.0450844601	0.0052646487	-0.0838606754	-0.0193262733	0.0840394488	-0.0133105438	-0.0389056177	-0.0337601958	0.0333748772	-0.0330470613	-0.055613101	0.0223213668	0.1086219697	0.141050515	-0.0395055275	-0.0231316162	-0.0204310002	-0.0594952683	0.0041186243	-0.0261180081	0.0827843294	0.0073481767	0.0655312137	-0.0624888376	0.0094491601	-0.0188703087	-0.0044752155	-0.0032358583	-0.0865146514	-0.0244363473	0.0540006473	-0.0309290594	0.0314570931	-0.052500821	-0.0486732121	0.0240412703	0.0641501935	-0.1097965961	0.1362033343	0.0378230326	0.0341790307	-0.0191720953	0.0097800307	-0.1199679698	0.101618205	0.0389376671	0.0041953761	-0.0935739592	-0.0539367721	-0.0024306746	0.1018776558	-0.0312126138	0.0851811106	-0.0828279079	0.0722517813	0.1684058673	-0.0335449008	-0.0936892773	0.0567767713	-0.0737426251	-0.0600882339	0.0075880319	-0.0306553397	-0.0165351483	0.0308022892	-0.0641439942	0.089853395	-0.0054762888	0.1151703097	-0.0142300331	0.0153056939	-0.0277379882	-0.0410547163	-0.1217247264	0.0616017755	-0.0852614216	-0.0281881277	-0.0858961268	-0.0502891874	-0.0402839051	-0.0483055842	-0.0191161794	0.0462920627	-0.0162202889	-0.03287465	-0.0213841522	0.0806790814	0.0401316657	-0.0130721264	-0.0621533448	-0.0916331806	0.0	-0.015564794065412	0.0003037396067496	0.0002422628142986	9.225774870846129e-08	0.0634734447950791	-0.0059387444006374	3.5268685056103155e-05	0.0040288781941539	-0.0281913815023386	-0.008339265429683	0.0007947539910103	6.954334790670598e-05	0.0001702457163278	0.000227354200588	5.1689932525017126e-08	2.898360392796575e-08	0.0006920627361499	0.000391083415891	1.5294623818505106e-07	4.78950830767286e-07	0.0007349414510765	1.39329247115e-05	5.401389365104314e-07	1.9412639101632735e-10	0.0	0.0	0.0	0.0	0.0	0.0	0.0	0.0	0.0
8337.709442851321	-11.289456153495848	127.45182024170528	69517398.75341208	6067.3582326405085	-2.890320431533837	36812835.92319056	8.353952196941947	5300.62499480863	-2.69346671205858	7.254762928967658	28096625.335589983	5125.0055828777095	8596.326833046089	1.138706	21.6084	0.0308162461740142	0.0161314333462627	-0.0136794721	-0.0626039362	-0.0581262649	0.0372466797	0.0270872018	0.0678879707	0.1019242324	-0.0163142575	-0.0420515187	-0.0076004118	-0.0542435187	0.0663946636	-0.0878580544	0.0561647803	0.0239959501	0.0512840055	-0.0791326854	0.0035772528	0.0473690103	-0.0614108552	0.1040583534	-0.0122710397	0.0587262806	0.0147523376	0.0578149502	0.0473949105	-0.0122024703	-0.0455883725	0.030938655	-0.0410980272	-0.0910047545	0.0268101801	0.0893217211	-0.0660815637	0.152835244	-0.0258836154	0.0002991927	0.0782070611	0.0230293718	0.0899871039	-0.0242808995	0.1125443757	0.0594200471	-0.1423245371	-0.1377510193	-0.035016679	-0.0127905558	-0.0121214482	-0.0414528359	-0.1041193641	0.0140238265	-0.0558093021	-0.0176321622	-0.0134852589	-0.0853742028	-0.0052888347	-0.0014045383	0.1052329642	0.0263295128	0.059529885	0.0229202211	-0.0026480639	0.0008957173	-0.0839338717	0.126216459	0.0704733441	0.1025904867	0.0848733173	0.0044838101	0.0181462355	0.0366994756	0.0734417247	0.0592297323	-0.068233106	0.0097418751	0.0298935001	0.0444796439	-0.1158445299	0.0674577298	0.1107156936	0.0505114477	-0.1045538139	0.0816197871	-0.0680380741	-0.0547880822	0.0084663872	0.0086337585	-0.0044237854	-0.0671637518	0.0667177791	0.0113330375	0.034010556	0.0205020506	-0.0054641022	0.159885086	0.0162637364	-0.0132416098	-0.0838573597	0.0428482201	0.0871875619	0.0095028741	-0.060466617	0.0230568579	0.0495251349	-0.024812626	0.0177256081	-0.0655090238	0.0412804661	0.0566610063	-0.0302165365	0.053702102	-0.0385220548	0.0821517355	-0.1372693907	-0.1287331317	0.0550278298	-0.0369553197	-0.0201765412	-0.0115129802	0.130742006	-0.0055188132	-0.1174173875	-0.037413965	-0.0405762936	-0.0152053473	0.014920442	0.0696741972	0.024305362	-0.002240292	0.0409475794	-0.0388315524	-0.0853550525	-0.1412678009	0.0647159305	-0.0425388784	-0.0269088905	-0.0540946443	-0.1295294163	0.0116687933	-0.0233272973	0.1248326255	0.0538305944	0.0758510403	0.1308003933	0.0458892975	-0.0180094921	-0.0607227803	-0.0488737605	-0.0360243719	0.0819520357	0.1175496533	-0.0619124414	-0.0404592294	0.0875878617	-0.0097171187	-0.0624571743	0.0409596258	0.0087229047	0.0825479534	-0.1295650329	0.0176604734	0.0338963902	-0.0287924897	-0.0804219592	-0.0896289299	0.0764864325	0.0723962948	0.0207362645	0.0834300137	-0.0312454223	-0.0096950053	0.0750695385	-0.0300952625	0.0167350362	0.0362138413	0.0730586392	0.0329933639	0.0206787531	-0.0607279988	0.0524207722	-0.0262319804	-0.0980944739	0.0589692446	-0.0763512765	-0.0021074402	-0.0298029161	0.0589232777	-0.034693554	0.0319493992	-0.0231286102	-0.0327908297	0.0018353606	-0.0297765409	0.0799267552	0.0376087033	-0.0171608514	-0.0662487853	-0.0934030479	0.0	-0.0158459160512052	-0.0002811219857932	0.0002510930555018	7.902957089631273e-08	0.0506295181598801	-0.012843926635199	0.0001649664514103	0.0025633481091016	-0.0208730170988502	0.0073183644034884	0.0004356828428088	5.355845754224612e-05	9.7791599275527e-05	-7.245411705227299e-05	5.249599077824476e-09	9.563196888865252e-09	0.000631032642808	-6.103009334189997e-05	3.7246722933210232e-09	3.982021962892489e-07	0.00066096899848	-7.397245259649994e-05	4.3688001695165436e-07	5.471923743141431e-09	0.0	0.0	0.0	0.0	0.0	0.0	0.0	0.0	0.0
8335.557361896075	-2.152080955245765	4.631452437931524	69481516.53345986	6071.7414819518135	4.383249311305008	36866044.6236544	19.212874525055824	5300.14132923493	-0.4836655736999091	0.2339323871824622	28091498.10986421	5124.669064423361	8535.175555859581	1.195893	22.693588	0.0207592403632781	0.0120542400906146	-0.0257079383	0.0323133807	-0.0900010259	-0.0216949321	0.0016580589	0.0554668115	-0.1051259325	0.1269713901	0.0482412401	-0.0100127323	-0.0854745007	0.025062419	-0.0069072986	-0.1023324457	0.0171464058	-0.0776451086	-0.0552527584	-0.0048938633	0.0511441728	-0.0053931914	0.0323327425	-0.0803299973	0.021227914	-0.0320045233	-0.0035433707	0.0632161222	-0.0001495243	0.1144367628	0.0167965437	0.1276264769	0.0074989677	0.0999963763	0.024498138	-0.0662591622	-0.0061817032	0.1423705081	0.0123466775	0.0089192228	0.0526272067	0.0595047525	-0.0944182767	0.0511196381	-0.071244325	-0.0220852097	-0.0160496217	-0.0688383576	0.0523317856	-0.0678047631	-0.1262453334	0.0173866205	-0.0553522276	-0.0526226657	-0.0016829454	0.1247854893	0.0002946127	0.0237592512	-0.0340836443	0.0012541129	0.0032147835	-0.0364214669	0.0166231114	0.0757437695	0.0907181224	0.0091053677	-0.100842966	0.0828515095	-0.0449083816	-0.0261300507	-0.1174268367	0.0025343738	0.0709786765	-0.0596718804	-0.0831756866	-0.0394994215	-0.1097474111	-0.0257405375	0.0815207377	-0.0247819432	-0.1141651024	-0.0447975464	0.0935777206	-0.0819039519	0.0315801365	0.044516914	0.0509514655	0.1530921267	-0.088043891	-0.0382011576	-0.0385675151	-0.0212444505	0.0672146635	0.0778062764	0.001629958	0.1253752502	-0.1072256984	0.025234928	0.1973979037	-0.0081788417	0.096272038	0.027779451	-0.0314971106	0.0750402343	-0.0089373235	-0.0906826131	0.0246250533	-0.1202011031	0.0341628614	0.0251083961	-0.0184085854	0.0558227162	-0.0412686162	-0.0638510684	0.015489201	-0.0465154255	-0.0651625476	0.0022105885	-0.0428439859	-0.0981410556	0.0020777278	0.1017836828	0.0402632592	0.0847409698	0.0181645972	0.0407837714	-0.0578298541	-0.1073564428	-0.0816386511	0.0326235974	0.2036530609	0.1390264925	0.1024369571	-0.0136751753	0.0011134056	-0.0337703552	-0.0218266685	-0.0465598352	0.0355732041	-0.0228553658	0.0449052497	-0.0297974784	0.0626857968	-0.0023049097	-0.0687003719	-0.0434316628	-0.0553792789	-0.0319800721	0.0839473088	0.0203234601	-0.0519406226	-0.1096725702	-0.0483769711	-0.0512244426	-0.1050798893	0.0197146604	-0.0492132038	0.0145365785	0.00765073	0.0322475118	-0.1194526242	-0.0454595963	0.1413357384	0.0058123858	0.0580425879	0.1380801074	0.0477904315	0.0277770366	0.0434711157	0.0641358122	0.1012913068	-0.0223803505	-0.0083196436	0.0240771122	-0.0053466825	-0.0708975111	0.0767152616	0.0462941392	0.0888316738	0.0507326194	-0.0246949525	-0.0165216378	0.0725975156	0.0983991301	-0.0031890226	0.0015940037	0.0457504165	-0.0336527913	-0.0242479589	0.0405684881	0.0057487712	0.0209034314	0.0362207492	0.1041574706	0.0108029874	0.0791578303	0.0350545013	-0.0212175063	-0.0701241541	-0.0946881851	0.0	-0.0157828920724796	6.302397872560289e-05	0.0002490996821715	3.972021894405246e-09	0.0406165216141118	-0.0100129965457683	0.0001002600998255	0.0016497018280296	-0.0195399887212346	0.0013330283776155	0.0003818111592259	1.7769646555284748e-06	0.0001227767335698	2.4985134294272987e-05	6.242569357028561e-10	1.507412630606965e-08	0.0007370369874195	0.0001060043446114	1.1236921076513642e-08	5.432235208244121e-07	0.0006049546481624	-5.601435031759997e-05	3.659701263332933e-07	3.137607441502812e-09	0.0	0.0	0.0	0.0	0.0	0.0	0.0	0.0	0.0
8335.132052520745	-0.4253093753304711	0.1808880647439955	69474426.33295868	6072.599970271931	0.8584883201174307	36876470.39894666	0.7370021957780482	5297.419684095631	-2.721645139298744	7.407352264268479	28062655.309443854	5122.006605804943	8570.397697836666	1.189757	22.577147	0.0480086177509686	0.0319301485670618	-0.0215151848	0.0993012504	0.0206253081	-0.0467738227	-0.0847522771	0.0336841376	0.0533116723	-0.0210888543	0.0534595135	0.0801858056	-0.0211997325	-0.0460570164	-0.0080754159	-0.0510426705	0.0592794135	0.0816817253	-0.0298783144	-0.0222546048	-0.0013149776	0.0468774405	-0.0703182569	-0.0414811064	0.084141212	-0.0462382012	-0.1351738269	0.016520978	-0.0500365627	0.0036511231	-0.018407421	-0.07175679	0.0104436624	0.0024929668	-0.0337223555	-0.0699211478	-0.0057042166	-0.0027185632	0.0132053613	-0.0801447573	-0.007658141	0.066851874	-0.0322601694	0.0868512705	0.115958371	-0.0103670356	0.1051608756	0.0479757353	0.016253521	0.0714629902	0.0222125684	0.0156028794	-0.1149367605	-0.0551844612	0.0650356532	-0.0516129187	0.1219194635	0.1422703027	0.0058885346	0.0608059055	-0.0580698662	-0.0415066398	0.0170517728	-0.0209445773	-0.0366082183	-0.0747263159	-0.0236818035	-0.0979212488	0.1274085585	0.0240232409	-0.0120944881	0.0323849208	-0.0442575357	-0.0338716395	0.0901654942	-0.0638867706	-0.1546060191	-0.0236007367	0.0008330566	-0.1287245351	-0.037609589	-0.0397044208	0.0112130434	0.0364564241	-0.0702083081	-0.0163564864	0.0028034618	-0.0374770545	-0.0685658601	0.0043544713	0.1508181315	0.0186076862	-0.0960942315	-0.0274952596	-0.0106459819	0.0137216598	-0.0376357588	0.0867708473	-0.0197677011	0.092797347	0.0177467247	0.0176156754	0.1429590673	-0.012616144	0.0475730781	-0.0161247076	0.0094852309	-0.0045080411	0.0466608944	-0.0075844994	0.0061531173	-0.0014668724	0.0210070711	0.004240556	-0.0445065335	-0.0335984383	0.0624740671	0.0266757389	-0.0612359814	-0.0220870151	0.0723578462	0.046107234	0.063255313	-0.1054926832	0.078508043	-0.0521742489	-0.0088197738	0.0575160927	0.0218231881	0.0550679689	0.020083487	-0.0157891084	0.0149818053	0.0809985536	0.0461266749	0.0904504504	0.0375454779	0.0632595704	-0.0052819723	0.2266801478	0.0130499873	0.0080284507	0.0657262701	-0.0228217488	-0.0132778964	0.0568981526	0.0098232413	-0.0782779059	0.0547765881	-0.1828968506	0.1012578329	0.0495410028	0.0452486302	-0.0137556804	-0.062509156	-0.0042151645	0.023647771	-0.0694191683	-0.0450814787	-0.0718481133	0.0298521011	-0.0371170284	0.0502771194	-0.0186945939	-0.0589533146	0.0734682283	-0.0705723915	0.077782196	0.013720422	-0.1157389027	0.0160531746	-0.0117283992	-0.0169144885	-0.0693917328	-0.014677151	-0.0822684602	0.0589625348	-0.0447756454	0.0190366479	0.0406591315	-0.0036989756	0.0302481249	-0.0851905202	0.0039248243	-0.0253947748	-0.0185133893	-0.0010784605	-0.0141055623	0.028597226	-0.0224081046	0.0795699095	0.055187405	0.0061357093	-0.0860498929	0.0028377588	0.0783724666	0.0324711814	-0.02523451	-0.0737665775	-0.0954819229	0.0	-0.0156140207010508	0.0001688713714287	0.0002437976424528	2.85175400882432e-08	0.0655992427143985	0.0249827211002867	0.0006241363535747	0.0043032606447025	-0.0144942948134314	0.0050456939078032	0.0002100845821386	2.5459027011242335e-05	-0.0001772437605532	-0.000300020494123	9.00122968938091e-08	3.14153506550401e-08	0.0007369418787008	-9.51087186999277e-08	9.045668372741975e-15	5.430833325830647e-07	0.0006610656727497	5.6111024587299934e-05	4.370078236880135e-07	3.1484470802365782e-09	0.0	0.0	0.0	0.0	0.0	0.0	0.0	0.0	0.0
8328.18774000427	-6.944312516474383	48.22347632646278	69358711.03275743	6054.491980405589	-18.107989866341995	36656873.14079559	327.8992969995444	5297.033860747277	-0.385823348354279	0.1488596561353073	28058567.7219032	5122.218566006696	8467.164582304586	1.06308	20.173292	0.0496223734894032	0.0256021427625982	-0.0388231417	0.0351547093	0.0976190085	-0.0516621011	-0.0725156368	-0.0411871444	0.0129565567	-0.031396032	0.0114474875	0.1044324317	-0.0452610835	0.0054138258	-0.0470070226	0.0903960123	0.0618740013	0.0384820706	0.1134774049	0.0038237191	-0.0576358878	-0.0013006821	-0.1048248034	0.0225659591	0.0730782117	0.0455871538	0.0491040675	0.0678736944	-0.0197043507	-0.0361036598	-0.0181236355	-0.0103518014	0.0409218444	0.0271854594	-0.0008227621	0.0401737272	0.0125213306	0.0343878148	0.0255673094	0.0174222482	-0.0111618786	0.1366582884	0.0288480995	0.0460958699	0.0837485224	-0.0537693041	0.0202071449	0.0644148587	-0.2044470177	-0.0034340235	-0.0114798289	0.0801442295	-0.0441144472	0.017115929	0.0597758775	-0.0201931047	0.1002350652	0.0853319681	-0.0301981709	-0.1002258661	0.0899647448	-0.1076849063	-0.0025458192	0.0064858675	0.0025337094	0.1532631852	-0.077508725	0.0183685455	0.0713909592	-0.004382633	-0.0803869727	-0.0181722151	0.0533754123	-0.050792169	0.0579088072	-0.1464251365	0.0939944224	-0.0309986766	-0.0570769007	0.0121214845	0.0054610427	0.1282762389	-0.022680322	-0.0243378423	0.1084895979	-0.0930333592	0.0282120787	0.0009547822	0.0213720831	-0.0429745833	0.0525320865	-0.0139144027	-0.0226220815	0.1394993477	0.0099288204	-0.0706644434	-0.0204944676	-0.1194998191	-0.1193616174	0.0844863952	-0.0489295451	0.0518777916	-0.0082264745	-0.1179318411	-0.0790801263	0.0777514655	0.0861934123	-0.0316183816	-0.0124012957	-0.006053948	-0.012040581	0.0057950389	-0.0704095578	-0.0252778561	0.0272149295	-0.0120044961	0.1187352233	0.0461978974	-0.0581581643	-0.0075709348	0.0369112189	0.0400173015	-0.0025266984	-0.0088772665	-0.0995024383	0.0231557105	-0.0983876616	0.0605886613	0.0667682726	0.076323237	-0.0061694405	0.0413720368	-0.0424799838	-0.0436091956	0.0536905007	-0.0352726454	0.0755644017	0.1049792168	0.025343768	0.0533722857	-0.0846764294	-0.0517967607	0.0190104706	-0.0004304144	-0.0669722931	-0.0608318346	0.0657544014	-0.0631751998	0.0373745043	-0.0974701875	0.0318451908	0.0062317923	0.0386119691	-0.0358273062	0.0829916126	0.2399521344	0.0056822673	0.0080088446	-0.021043995	0.0134748703	-0.0203919774	-0.0988991333	-0.0038107832	-0.0957538158	0.0212437462	0.0419497149	0.054302547	0.0316339987	0.0945198657	-0.1163255014	0.0234276066	-0.0287452214	-0.0182136485	-0.090438998	-0.0270141567	-0.0162226913	0.017153746	-0.0248445007	-0.1072294219	0.0625963911	-0.0769382612	-0.0075752211	0.0007458956	-0.0740557058	0.0405162359	-0.0492961395	0.0398336502	-0.0635691918	0.0009487592	0.0449100195	0.0684424712	0.020987064	0.0615395119	0.0661444181	-0.0479527063	0.077570827	0.0298608894	-0.0292043556	-0.0771639557	-0.0957801421	0.0	-0.0176809833586162	-0.0020669626575654	0.0003126171725276	4.272334627769821e-06	0.0807130847829142	0.0151138420685156	0.000228428222072	0.0065146020551738	0.0004600405897008	0.0149543354031322	2.1163734417225985e-07	0.0002236321473493	0.0001722564417127	0.0003495002022659	1.22150391383905e-07	2.967228171152081e-08	0.0007370576492606	1.1577055979996274e-07	1.3402822516396751e-14	5.432539783335617e-07	0.0006609369783716	-1.286943781000048e-07	4.368376893789808e-07	1.6562242954546997e-14	0.0	0.0	0.0	0.0	0.0	0.0	0.0	0.0	0.0
8323.308503583272	-4.879236420998495	23.806948051998205	69277464.4458216	6045.053748591029	-9.438231814559911	36542674.82335445	89.0802197853709	5301.375575730243	4.341714982966551	18.850488993316237	28104582.99494917	5126.530827334009	8440.479679813492	1.106163	20.990849	0.0192123895420121	0.0081284490161618	-0.0091439912	-0.0614882543	0.1319113002	-0.05557086	0.0997005139	0.0044083885	-0.0712052382	0.0041969754	-0.0576216985	0.0710907039	-0.0168343159	-0.0365084093	-0.0143456201	0.0485725906	-0.0250003459	-0.1039179135	0.0594412573	0.0203530132	-0.0160415347	-0.0292059178	-0.0379712249	0.0644535758	-0.0066776878	0.054782045	0.035225514	0.0135853141	-0.0081982753	0.0337971621	0.05884132	-0.0071394078	-0.0354308744	2.92424e-05	0.0098482088	0.0127250866	-0.0220101688	0.0078096286	-0.0277528932	0.0361846347	0.043249403	0.032196094	-0.0233920216	0.0897229921	0.0207262342	0.0095912986	0.0273721676	-0.0324046485	-0.0546528424	-0.0358625062	0.0741897724	0.0108654908	-0.1226075618	0.0883258485	0.0084095837	-0.0030339676	0.0069002474	-0.0464222986	-0.0411517499	0.0030184152	-0.045302618	-0.1256043953	0.0858979235	0.0624775239	-0.0570986233	-0.0878596937	-0.0677277875	-0.039493164	-0.1434894454	0.0371360906	-0.0310067305	0.0242681601	-0.0596431578	-0.0186549133	0.0701071063	0.0082023976	0.1590781572	0.0660823611	-0.0287769616	0.0030158065	-0.0440152786	0.0326183356	-0.0343723862	-0.0735787237	-0.0823369433	0.0864800723	-0.0014158408	0.0184346622	0.0679823182	-0.0660329608	-0.0421081912	0.0562975704	0.0732698409	0.1620769908	-0.0810092044	-0.1462936358	-0.0023323932	-0.0994421506	-0.1054088725	0.0118583086	-0.0905075027	0.0343446185	-0.066487883	0.0044481038	-0.0610280963	-0.0218673013	-0.0048839479	-0.0260521039	0.0011541218	0.0709662484	0.0554425296	0.0378153896	-0.0910461636	-0.0125785011	-0.0070735627	-0.0116471034	-0.0085114074	0.0387328133	0.0008117148	-0.0032110216	-0.0279406528	0.0848087666	-0.046139466	0.0434462979	-0.0678236477	0.0003432947	0.0098961	0.0138457046	-0.0154879427	0.1029189069	-0.0290884406	-0.0239916456	0.0465876476	0.1007135738	-0.0286682126	0.0402503631	-0.0695735922	-0.0130102815	0.0804036921	0.0890996224	-0.0716357539	-0.0513014922	0.1479514398	-0.0348047949	-0.025073543	-0.0639163203	0.0579753064	0.0162453083	-0.0631993415	-0.0166173033	0.0527150953	-0.0218195867	-0.000175302	0.0611087539	0.0501628844	-0.0370672395	0.0537718788	-0.0195765138	0.0462631727	0.0553432412	-0.0843123707	0.0111163676	-0.0413268712	-0.0081654479	-0.0478755856	-0.0079899287	-0.0119924722	-0.0231596644	-0.0677139838	0.0896398965	-0.0163385215	-0.0106787254	-0.026673215	-0.0506373242	-0.0703599982	0.0866509071	-0.0453326106	0.0552853997	-0.0102197205	0.0527951221	-0.0549683641	-0.0007176838	0.0773586418	-0.039916706	0.0331001032	-0.0098985948	0.0371765949	-0.0434670427	0.0859218616	0.0263744014	0.0959345927	0.0683523098	0.0095699058	-0.0876189198	-0.0481057198	0.0767530781	0.0272257935	-0.0331196242	-0.080305003	-0.0955812949	0.0	-0.0201856742415742	-0.0025046908829579	0.0004074614445869	6.27347641917292e-06	0.0830397635733817	0.0023266787904675	5.4134341940113535e-06	0.0068956023343231	-0.0049690892818858	-0.0054291298715865	2.469184829135233e-05	2.9475451162553925e-05	0.0001127605072856	-5.94959344271e-05	3.539766213353783e-09	1.271493200330585e-08	0.0006710406258321	-6.601702342849995e-05	4.358247382359111e-09	4.502955215171365e-07	0.000714461820456	5.352484208440004e-05	5.104556928893016e-07	2.864908720159961e-09	0.0	0.0	0.0	0.0	0.0	0.0	0.0	0.0	0.0
8328.98931208317	5.680808499897466	32.271585212507304	69372062.96079567	6051.757254225698	6.703505634668545	36623765.86407335	44.93698779403293	5302.403216960367	1.0276412301236633	1.056046497850076	28115479.87523165	5127.219562735741	8400.61294555754	1.099626	20.866812	0.0263612312892238	0.0163357604600048	-0.0056392902	-0.1144841611	0.0314633592	-0.0836742527	0.0257300236	0.1171367919	0.0217551917	-0.0666496981	-0.1155751499	0.0189012669	0.0043392804	-0.0745545774	0.0169126248	-0.1099833046	0.0384848534	-0.0221084892	-0.0119055888	0.0413486722	-0.0379225903	-0.0486162268	0.0839860102	0.0725284896	0.0031304039	-0.0830588841	-0.0156376457	0.0266875916	-0.0396606237	0.1079508008	0.0196906313	-0.057832483	0.0568949015	0.0648179061	-0.037236872	0.0502559622	-0.0274501246	0.0541225494	0.0552872864	-0.0277384465	0.013779073	-0.0546497033	0.0572517734	-0.03106621	-0.0158394122	0.0144011752	-0.093088428	-0.0108023826	-0.0532524293	-0.0659422578	0.0764146045	-0.059812804	0.0610014085	0.0289535477	0.042131908	-0.0003663542	0.029275616	-0.0059570153	-0.0449253861	0.0487981192	0.0733953579	0.0412597185	0.0208829847	0.0032510131	0.0199397439	0.0066559354	-0.0568144035	-0.0552012354	0.0118978454	0.0141580407	0.0197342186	0.019386196	0.0156900732	0.0113446408	-0.0926899886	-0.0856453855	-0.0443223165	-0.0047535854	-0.1185714877	-0.0232323466	0.0563708989	-0.1254740934	0.0397227347	-0.0741520701	-0.0036643083	0.0058394286	-0.0206572986	0.1270911586	-0.0488024057	-0.0370977861	0.1173912433	-0.0655147445	-0.0479067565	0.0052935267	0.1004421877	-0.1466361514	-0.0451859398	0.0844949647	0.0770145614	-0.0997491144	-0.058648727	-0.0121761352	0.1000722685	0.0841153461	0.0059394684	-0.0065404592	0.0142346579	-0.007152772	-0.0813299436	0.0597633197	0.0052906409	0.1035003722	0.0464496159	-0.1538195743	-0.0382499474	0.0481075471	-0.0114343902	-0.0460830169	0.0019422365	0.0402175467	-0.1166668886	0.005884638	-0.0337810392	0.0431747167	0.082138293	0.0178611954	-0.0129574707	0.0191313898	-0.0074348404	-0.1167816234	0.0338698174	-0.0478698808	-0.025379738	-0.0655583166	0.0450405934	-0.0619267443	0.076928194	-0.0038759026	-0.0024425018	0.0118710556	0.0151218922	0.0450550047	-0.0771873131	-0.0589581886	0.0107785289	0.0456782183	0.112118163	-0.0111266525	0.1252734371	0.0117608372	0.0312164488	-0.0335843328	-0.0436480454	-0.0099612802	-0.0452359006	-0.0120936862	-0.0382029942	-0.1293985367	0.0523843416	-0.0110032456	-0.0223377191	-0.0517611352	-0.0080820333	-0.050683715	-0.0530891017	0.0231036758	-0.0450645089	0.1578022086	0.0113087414	-0.0277366083	-0.0193518175	-0.0064992071	-0.0274212856	0.047516058	-0.0537783213	0.0650578929	0.0532455787	0.0384430763	0.0822768572	0.0395328739	-0.0113011356	-0.049582466	-0.0765516811	0.0147211042	0.0204526512	0.0087462162	0.0004930512	-0.0236057476	0.0464598231	0.0314456904	0.1345584927	-0.0128035424	-0.039155738	0.0087924359	0.0290349964	0.0759193896	0.0245680825	-0.0369729991	-0.0831792851	-0.0948864133	0.0	-0.01815538611703	0.0020302881245441	0.0003296180450584	4.122069868665203e-06	0.0680415623701264	-0.0149982012032553	0.0002249460393333	0.0046296542097678	-0.0001105570862165	0.0048585321956693	1.2222869312682614e-08	2.3605335096355143e-05	0.0001447405874048	3.1980080119200013e-05	1.0227255244304519e-09	2.0949837642286552e-08	0.000678055482034	7.014856201899918e-06	4.920820753333374e-11	4.5975923671636003e-07	0.00076495107945	5.048925899399999e-05	5.851501539517202e-07	2.549165273763209e-09	0.0	0.0	0.0	0.0	0.0	0.0	0.0	0.0	0.0
8342.124737776272	13.13542569310266	172.53940813902153	69591045.14061883	6070.744172205379	18.986917979681493	36853934.804365575	360.50305436715234	5301.627919450996	-0.7752975093708301	0.6010862280366124	28107258.596302297	5126.192899138073	8493.92397454903	1.166147	22.129114	0.0429214849866528	0.0235223692099192	-0.0325068744	-0.0550803315	-0.0965057067	-0.035873227	-0.0424684991	0.0266590068	-0.0062577297	-0.0107965315	-0.0298641862	-0.0844801483	-0.0565692774	0.0440156261	0.0066636677	0.015988696	0.1662492413	-0.0293110386	0.0028735992	0.040860223	-0.0151193904	-0.0754810644	0.1015855672	-0.0448204099	0.0245884909	-0.012768855	0.0038048807	0.1303975509	0.0432279072	-0.0696010326	0.0728229083	0.0396312495	-0.0011584383	0.0785509357	-0.0166828646	0.0713363342	-0.0847613322	-0.012345724	-0.1010090524	0.1286811391	-0.0427564171	-0.0100099872	0.0634684997	-0.0066411295	-0.0142285048	-0.0426626998	0.0973553145	-0.0138305141	-0.0038752402	-0.0419225756	-0.0658468501	-0.0293433861	0.0562110938	0.0005667889	0.1560388398	0.0908915552	-0.0846363502	0.0257721793	-0.0942348916	0.0093280059	-0.0048057856	0.0370532956	-0.0814666315	-0.0748611358	-0.1560219284	-0.0066647932	0.0229313236	0.1608449129	0.0512030099	-0.1546584613	0.0699437168	-0.0285897212	0.043426293	0.0940519916	-0.0382370808	-0.1134497727	-0.0618875498	0.0190664178	-0.0492885865	0.0141277989	-0.0347098943	0.0212977599	-0.1178818416	0.1794110613	-0.0021094199	0.0258354102	-0.0186351542	0.1139864594	-0.0376135573	0.0104152701	0.0264378592	-0.0727410869	-0.0154305957	0.0231633475	-0.0431224624	0.0304284849	0.0960606849	-0.0162072508	0.0554320991	-0.084263227	0.0682608864	0.0570295526	-0.02737051	-0.1080206011	0.0895832311	0.0158668793	0.0192713368	-0.0516417665	-0.0059364413	-0.0169101807	-0.0734819481	0.1084442589	-0.0451178559	-0.0238979268	-0.0307229015	-0.0123393004	0.0152195133	-0.0379086217	-0.0049318387	0.1005563913	-0.0274328631	0.0394553237	0.0055030427	0.0861572573	-0.062708917	-0.0755403216	0.0158244615	-0.0552006342	0.050887693	0.0152579945	-0.0095614489	-0.0469892984	0.0485190077	-0.1266302517	0.0069286946	0.0094553905	0.0139093672	-0.0370814528	-0.1033459916	-0.0725163954	0.0690182304	-0.108718818	-0.1584364516	-0.0324426595	-0.082948687	0.1132254566	0.0091393295	0.1785293681	0.0066440039	-0.0132466262	0.0655458007	-0.0147968851	0.0548981933	-0.0163395408	-0.0079184112	0.0119140784	0.0499297779	0.0593832091	-0.0645600352	0.049312434	0.029644086	0.0302647041	0.0338403915	0.0821676791	-0.0016970084	0.0498164279	0.1852907108	-0.0082325822	0.0425097064	0.0445059646	0.0608659974	-0.039208932	-0.0093796289	0.0813175461	0.0050220828	-0.0408294046	0.100149882	0.018292915	-0.0097873423	0.0175816412	-0.051415973	0.0690901675	0.0120389969	-0.0554323059	0.102477267	-0.0093133283	0.0757582283	0.0103659636	0.0050282067	-0.0101127305	0.0309139037	-0.0208682139	-0.0473997536	-0.0090729211	-0.0434023208	0.0750699348	0.0218899642	-0.040757279	-0.0857772541	-0.0936991036	0.0	-0.0131087859031708	0.0050466002138591	0.0001718402678551	2.546817371852372e-05	0.0688162095827777	0.0007746472126513	6.000783040684325e-07	0.0047356707013407	-0.0169128996453338	-0.0168023425591173	0.0002860461744131	0.0002823187154739	0.0003851789167498	0.000240438329345	5.781059021821468e-08	1.4836279790854937e-07	0.0007376676586727	5.96121766387001e-05	3.5536116036035807e-09	5.441535746516631e-07	0.0008708584734868	0.0001059073940367	7.583944808437595e-07	1.1216376111666013e-08	0.0	0.0	0.0	0.0	0.0	0.0	0.0	0.0	0.0
8347.13380600006	5.0090682237878354	25.09076447056102	69674642.77526905	6035.534772426928	-35.20939977845137	36427679.98917457	1239.7018327588114	5302.7270466500895	1.0991271990933456	1.208080599786783	28118914.13127438	5122.1018791049	8570.024887041856	1.10597	20.987181	0.0673619767610623	0.0384800362505444	-3.74781e-05	0.0350749363	-0.0716434621	-0.0116085331	0.0054012571	-0.0014161601	-0.0490371442	0.1075198006	0.0601189714	-0.0806128726	-0.0248523246	0.0477247202	0.0689324797	0.0071291104	-0.0605975491	-0.0881059454	-0.0204113525	0.0001232833	0.0671918337	0.0301910765	0.0320034928	-0.0855948856	-0.0631012153	0.0157177733	0.0214309704	0.0451460564	0.0998117832	0.0534453642	0.0314643356	-0.0343822022	-0.0859243485	0.0632538408	0.1046350629	-0.0970892153	-0.0855511136	-0.0784332199	0.0208938477	-0.1479968938	0.0342213674	-0.0593644445	-0.0009805824	0.041104877	-0.0130187618	0.0645884191	-0.0371798507	-0.0615755401	0.1307745942	0.0483144764	-0.0460262394	-0.1237239539	-0.0517971356	0.1532463007	-0.1191283317	0.0766916897	-0.0064383903	-0.0415963138	0.0455323109	0.0112441263	0.0025441915	0.0345241201	0.0093243637	-0.0205599604	-0.0639393994	-0.0466417706	0.0719272493	-0.0183743162	0.0501803224	-0.0889087877	0.050409561	-0.001232057	-0.077701031	-0.0418016123	-0.0930074718	0.0587013715	-0.0136761373	-0.0184324125	0.063559269	0.0207706418	0.0420428993	-0.0112910973	0.0500892167	0.0399574707	0.0568278409	-0.0679892731	-0.1004722228	-0.0691528431	-0.0209796469	-0.0262148225	0.0505466693	-0.0529892421	0.0106015454	-0.0583479838	0.1133219369	-0.023150945	0.1252894485	-0.0284460857	0.1095958299	0.0066013561	0.083957699	-0.0348134226	-0.095781545	0.0187532833	0.0186326092	-0.0862357656	-0.0373601196	-0.0019622738	-0.0215371324	-0.0008090664	-0.0536073558	-0.0224275318	0.0098866757	0.0834596691	-0.0943363261	-0.1448519829	-0.0294314509	-0.0160172621	0.0340874957	0.0180103034	0.0176662871	0.0277539088	-0.1343208418	-0.0952555612	0.0846797097	0.057207756	0.1273674203	-0.0920830482	-0.1574425333	-0.0240459117	0.0706005258	-0.0522592939	-0.0380721513	0.0959860633	-0.0319030227	-0.0245199939	-0.1174752181	0.0032577442	0.0287222454	-0.0491585556	-0.1030523155	0.0308816669	-0.056458148	0.0077088143	0.0002935675	0.0979955255	-0.0868831392	0.0450699263	-0.0364216145	0.0197636156	-0.0233612817	0.0682892217	-0.0292498845	0.0028020057	0.0309772437	-0.0433072281	-0.0399102516	-0.1047207125	0.0213440799	-0.1744444177	0.1114764872	0.1203615692	0.1247938358	-0.0183633916	-0.0378613204	-0.1011827522	0.0034474915	0.0022596154	0.0357763382	0.0003974736	0.0786418519	0.0032363832	-0.0242962084	-0.0127415238	0.0123177692	-0.0691127603	0.0101740745	0.1019627388	-0.0608400688	0.0152333117	0.0027896572	0.0281484707	0.0338000104	0.0724465927	-0.0138697287	-0.0078270108	0.1200321953	-0.0204579694	0.0185233801	0.1001434314	0.0947731517	-0.0127072978	-0.0317551456	0.0897102252	0.0704529607	0.0742048901	0.019193663	-0.0444653919	-0.0880902796	-0.0920255275	0.0	-0.0187728516705902	-0.0056640657674194	0.0003524199598459	3.2081641017652336e-05	0.0759507566853159	0.0071345471025381	5.09017623583361e-05	0.005768517441072	-0.0022215522855191	0.0146913473598147	4.935294557295137e-06	0.0002158356872467	-0.0002017437235532	-0.000586922640303	3.444781857002448e-07	4.0700529993109987e-08	0.0007369339034069	-7.337552658000365e-07	5.383967900892822e-13	5.430715779905302e-07	0.0006610745384298	-0.000209783935057	4.370195453601731e-07	4.400929940799959e-08	0.0	0.0	0.0	0.0	0.0	0.0	0.0	0.0	0.0
8357.401282033485	10.267476033424828	105.42106409695324	69846156.18893494	6100.015333488806	64.48056106187869	37210187.06879856	4157.742754854666	5306.177983670436	3.450937020346828	11.908966318400244	28155524.794388857	5133.292153548049	8606.483613705679	1.238938	23.510416	0.0383445229730983	0.0200592234220949	0.0510529717	0.0382285116	0.0760612999	0.0508297279	0.0529515972	0.0337157208	0.0727057342	-0.0188891299	0.0765863636	-0.0158264552	0.0755981789	-0.0529399409	-0.0415660056	0.062731907	-0.0170332168	0.034462781	-0.1051288887	-0.0340068623	-0.0256640517	0.063928409	-0.0320164057	0.0425297896	-0.0417459968	0.0073545194	0.0562258417	-0.0051204502	0.0798807943	-0.0363088279	0.1213477161	-0.1377118166	0.0782345199	0.1316901433	0.0031686864	-0.0478899001	0.0492709344	-0.0546855559	0.001481711	-0.0927262431	-0.1223100131	-0.0487262367	0.0516152819	0.0084306354	0.0050870756	-0.0040943265	-0.1672107353	0.0222490247	0.1234963192	-0.0515003197	0.0484021823	0.0072790477	0.0804589672	0.0349969688	-0.0281898651	0.0540639146	-0.0295890788	-0.0166250585	-0.0634766265	0.0565031902	-0.0123013463	0.0232045282	-0.1621626118	0.0707345378	0.1442994177	-0.0154207135	-0.0214597595	0.0318957862	-0.0283780066	0.0035404946	0.0716290004	-0.052853749	0.0201050251	-0.0933644367	0.0964628793	-0.0273628861	-0.038945766	0.108019107	-0.0390709202	0.0013900218	-0.0187341196	0.0030017692	-0.0944244428	-0.1571924678	0.0142019061	-0.0282643397	0.0861722872	0.0070099305	0.1174880891	0.0494714257	-0.0680834402	-0.0167480032	0.0475954038	0.0135438526	0.0817962451	-0.0264139309	-0.0784755031	0.0528033835	-0.116736753	0.0607665517	-0.0201628928	-0.0417825201	-0.0248113546	-0.0438555904	0.027655152	-0.0214084764	-0.177600142	0.0506435979	-0.1317638445	-0.0438461662	-0.0034878926	-0.04788652	-0.0710466221	-0.0664966103	-0.0795489505	-0.060913618	-0.0695105905	-0.1024604269	-0.1468414863	0.0234771765	-0.0700422389	0.0087876735	0.0229520459	-0.1317219275	-0.0076676698	-0.0417784818	-0.0298460059	0.0429523107	-0.1354724697	-0.1037691223	-0.003615101	0.097650498	0.0112312884	0.0184661354	-0.0286249112	0.050506996	0.0137301011	-0.1297825371	-0.0014594029	-0.1086361857	0.0324806137	0.0663847206	0.0080071581	0.0497163888	0.0044001411	-0.0554709134	0.0734400754	0.0715465154	0.0850989426	0.032307552	-0.1126642736	0.0445633802	0.0891979919	0.0248912914	-0.0094650422	0.1237292198	-0.0734472531	-0.0296340114	0.0036783008	-0.0511757305	-0.0543246661	-0.0029569347	-0.0396566194	-0.0919362345	-0.0398261566	0.0744241841	0.1233970265	-0.0934404185	-0.0488797353	-0.1059759608	-0.1354016118	0.0195862506	-0.0087074387	-0.0639337197	-0.0698840819	0.042070015	-0.0530624648	0.0747960913	0.0551335973	-0.0371207987	-0.0338730216	0.0479663163	0.0188663448	-0.0549240394	0.0278821712	-0.0243287902	0.0129368537	-0.0750783446	-0.0385469282	0.1037494227	0.0216992895	-0.0734850699	-0.0692427005	0.0897966401	-0.0009669541	0.073324435	0.0164814186	-0.0480904081	-0.0901106781	-0.0898743702	0.0	-0.0142282187101301	0.0045446329604601	0.0002024422076632	2.065368874530035e-05	0.061761441284986	-0.0141893154003298	0.00020133667153	0.0038144756295987	-0.0080050063125725	-0.0057834540270534	6.408012606432556e-05	3.344834048304019e-05	-2.720987190580064e-05	0.0001745338516473	3.04620653708764e-08	7.40377129130079e-10	0.0006349910466794	-0.0001019428567274	1.0392346037763588e-08	4.03213629363e-07	0.0006610088350996	-6.570333020000913e-08	4.369326800797302e-07	4.31692759937143e-15	0.0	0.0	0.0	0.0	0.0	0.0	0.0	0.0	0.0
8345.826022521811	-11.57525951167372	133.98663276259296	69652811.99820223	6059.838657056514	-40.17667643229197	36721644.5495565	1614.165329145085	5306.119749843236	-0.0582338272006381	0.0033911786304337	28154906.79967644	5126.820094881694	8539.457647962983	1.269587	24.092022	0.0841570854755842	0.0594594664930252	0.0436765777	-0.0541705234	0.0574195791	0.0253945	-0.0196704336	-0.0409275153	-0.1047152525	0.0780315544	-0.01792952	0.0090989765	0.0980055514	-0.0206996016	-0.0470037524	0.0365008003	-0.1144012383	-0.0518748216	-0.0419928739	0.1183305862	0.1645198017	0.065001504	0.0086773053	0.089516311	-0.0404749579	-0.1132543628	0.0785478405	0.0019670417	0.0405230587	0.0893567899	0.0031204543	0.1282099643	0.0449182475	-0.0035660105	0.0429595582	0.0177332735	0.0011941377	-0.0329328907	0.0282241319	-0.0892741157	0.0048423763	-0.0038528346	-0.0294188115	0.047318762	0.0668196791	-0.0121595941	0.0969358494	-0.0550033894	-0.001960795	0.0241424936	-0.0220776419	-0.0160598713	0.1184763351	0.0118130832	0.1438027244	0.0345248111	-0.01382636	0.0825296561	-0.021186513	-0.0747543866	-0.0070125513	0.0655428405	-0.0322108879	-0.0045883664	0.0257872191	-0.0137672753	-0.0353143608	-0.0455399131	-0.0079094837	-0.0164834685	-0.0392650618	0.0055879866	0.1264792245	0.0364494847	0.0209339489	-0.0018406454	-0.0285483754	-0.0250456425	-0.0203785193	-0.0204952664	-0.0087694646	-0.0655582943	0.0236041816	-0.119811726	-0.0450082044	0.0143872211	-0.0063488484	-0.0752554394	-0.0266864498	0.1470639945	-0.0433906054	0.0657509554	-0.0958745863	-0.0034731811	-0.0549206478	0.2009051549	0.0310840114	-0.0017170986	0.0095930331	-0.0141037078	-0.0810920416	0.0132669589	-0.0598566129	0.089731227	-0.025302905	-0.0889190254	-0.0057287354	-0.1476696891	-0.0900414667	-0.0355570821	-0.0516265045	-0.1776453024	-0.0060227495	0.0335001104	0.0485793629	-0.0432677979	0.0301979954	-0.0561842513	-0.0508767323	-0.0593945749	0.0592949359	-0.0654456218	0.0074278071	0.0620708709	-0.0318456875	-0.0056253972	0.0567684179	0.0199892016	0.0399509955	0.022388355	0.0057156463	-0.0336600901	0.0770552201	-0.0575806264	0.0388505834	0.0360463485	0.0255561351	0.0304684446	0.0751269006	-0.0233909691	0.1264056936	0.0050909885	-0.0914716105	-0.0456665831	0.0014925448	-0.0424044038	-0.0339226123	-0.0321930875	0.0053248332	0.0594419784	-0.0331725564	-0.0083807501	0.037504911	0.0455298823	-0.015742661	0.1409373521	0.0420153716	-0.0553921013	-0.0397093045	-0.0270741809	0.0579460688	-0.0404545959	-0.0546072642	0.0006032843	-0.0600183941	0.0308843668	-0.0242358345	-0.05339512	-0.0533104859	0.0151645068	0.1393639582	-0.0166693811	-0.0020366609	0.0131699886	-0.1275090254	0.0497287232	0.0276673967	-0.0585854806	0.0351490444	-0.0216035476	0.0481270702	0.0291490677	0.0476307604	0.1434890076	-0.0678615535	0.0448674815	-0.0147336816	-0.1022138973	0.128782228	0.029011192	0.1255231701	-0.0898338195	-0.0484246915	0.0256724206	-0.0073478454	0.0724287524	0.013755484	-0.0516255532	-0.091831738	-0.0872567955	0.0	-0.0165567285825432	-0.0023285098724131	0.000274125261356	5.421958225925277e-06	0.0652243260332596	0.0034628847482736	1.199157077982593e-05	0.0042542127064929	-0.0300866165163	-0.0220816102037275	0.0009052044933988	0.0004875975091893	0.0009947584588203	0.0010219683307261	1.0444192690070929e-06	9.895443913945384e-07	0.0007378290857362	0.0001028380390567	1.0575662277047912e-08	5.443917597583167e-07	0.0006601335918591	-8.752432405000152e-07	4.3577635910079684e-07	7.660507300409677e-13	0.0	0.0	0.0	0.0	0.0	0.0	0.0	0.0	0.0
8330.657755245134	-15.168267276676488	230.0763321766948	69399858.6350259	6049.580855791842	-10.257801264672707	36597428.53076315	105.222486785521	5300.348779231069	-5.7709706121668205	33.30410180649309	28093697.18149628	5123.066084712682	8490.420208645406	1.290595	24.49069	0.0913765319469043	0.0643934287290356	0.0083568545	-0.1090474241	-0.0089375595	-0.0531250418	-0.0796182817	-0.0489191945	0.0734469868	-0.0905828626	-0.088489628	0.0202709756	-0.0043557975	-0.0636524807	-0.0627931665	-0.0055252695	0.0021656025	0.0241417459	-0.0302409121	0.0207835153	-0.0305171916	-0.0017452037	0.0629716025	0.0600658564	0.0182637198	-0.0165106848	-0.0779730962	-0.0224982431	-0.1050031614	-0.0470073002	-0.1078871718	-0.0003871889	0.0686464841	0.0938006061	-0.0355008384	0.0739990137	0.1416980961	-0.0796160315	0.0667576436	-0.0467401609	0.041710033	-0.0726682738	0.0589834668	-0.0423597525	-0.0546119202	-0.0366012525	0.0838651152	-0.0627900628	0.1260143438	0.0486110814	-0.0615243919	-0.0552592325	0.0045082919	-0.0504284556	0.0854868445	-0.0461909868	0.0289950863	0.0713304707	-0.0348442105	-0.0910628793	0.0737847735	0.0190346787	0.0069420328	0.0172176965	-0.0271151514	0.1267098998	0.1107238551	-0.0646450895	0.0403141565	-0.0244700407	0.0453485857	0.0599352121	-0.0335898654	-0.0891418088	0.0006571872	0.0056889692	-0.0285217832	0.0626023543	0.0065712859	-0.0761105442	0.0323544236	0.0280557695	0.0105544195	0.0338568702	-0.1703286593	-0.0841254199	-0.0050968012	0.0856952994	-0.0608659294	-0.0013384936	0.0118364585	0.0084166628	0.0747515009	-0.0326427059	0.1013416865	-0.0084158354	0.0399141305	-0.0331123196	0.0105728462	-0.0814855094	-0.0423018059	-0.0317867891	0.112789393	-0.0106935687	-0.0322753916	0.0526399359	0.030937786	-0.0491692509	0.0348361006	-0.1017470387	-0.0030878446	0.0044437178	0.1010713832	-0.0865499788	-0.0729769291	0.0035330786	-0.0415768184	-0.0122461869	-0.0439226764	0.0058088379	0.0202599678	-0.1398130294	-0.0549302487	-0.0216660251	-0.0333714534	-0.0699557811	-0.0058520924	-0.1335616668	0.0741407884	-0.0376493799	0.0165184159	0.0536566425	0.0280339849	0.0866484299	0.0333800617	-0.0294768341	0.0952462429	-0.1203546176	-0.03923875	0.0803511397	0.0418373646	-0.0506831581	-0.0522925292	0.0254615064	-0.0605639464	0.0194757479	-0.0684086269	-0.1624639752	0.073872869	0.0082986478	0.0692795316	0.0579159147	-0.0215894679	0.0914456441	0.0651012171	0.0384180628	0.047634947	-0.0396025152	0.1272541248	-0.0703443591	0.1384388692	0.1064354401	0.0148125262	-0.0577463519	0.0927792288	0.0435894975	0.0098447619	0.0143770322	0.0059352444	0.0899421098	-0.1015323218	0.0216920967	-0.0170343602	0.0783453282	-0.0661322952	-0.0173057041	0.0348083859	-0.0771222873	-0.0129140333	-0.0297180163	0.1095635156	0.0236730118	-0.124236925	0.0411092735	0.0292601386	-0.0134050924	0.0333184002	-0.0540300601	0.1714048913	0.0461388495	0.1566138233	-0.0313056964	-0.1457581539	-0.0175789221	0.0339852715	0.0715180283	0.0110181235	-0.0550642208	-0.093247742	-0.0841863878	0.0	-0.0169117450858777	-0.0003550165033344	0.0002860071218497	1.2603671763985418e-07	0.0695448417693853	0.0043205157361256	1.8666856226109796e-05	0.0048364850167288	-0.0050700229782307	0.0250165935380693	2.5705132999787296e-05	0.0006258299522489	-7.318931739489729e-05	-0.0010679477762151	1.140512452722985e-06	5.356676180731015e-09	0.0005729756776629	-0.0001648534080733	2.7176646153381992e-08	3.283011271932594e-07	0.0006610205309581	8.86939099000025e-07	4.369481423481284e-07	7.866609653349761e-13	0.0	0.0	0.0	0.0	0.0	0.0	0.0	0.0	0.0
8341.811438661483	11.15368341634894	124.40465375213736	69585818.07818356	6086.064386168523	36.4835303766813	37040179.71258884	1331.0479887462272	5303.164151740381	2.8153725093125104	7.926322366192621	28123550.02030428	5127.055239902691	8496.031298887034	1.241427	23.557663	0.0238811932900275	0.0111917701905966	-0.0112711307	-0.0502303697	-0.1199782636	-0.0631184229	-0.0389182609	-0.120420256	-0.0051871329	0.0583583709	-0.0132394185	-0.1545586163	-0.0745509554	0.038988258	0.0518355786	-0.017069989	0.0765205436	-0.024616962	0.0440371043	-0.0782873544	-0.1030136911	0.0488808361	0.0601662785	-0.0821175739	-0.0372549398	0.0242150267	-0.0061890096	0.1029716207	0.072480872	-0.0636521262	-0.0155376251	0.0298845384	0.0519324551	-0.0410010324	-0.036012616	-0.0281166557	0.0193667302	-0.0349388194	-0.0218817346	0.0598186163	0.0191515115	0.067212947	0.0330634832	-0.1221819633	0.0644769325	0.0883716075	-0.1952919289	0.0087327323	0.057222588	0.0449103362	0.1221915936	-0.0369921721	0.0574776893	0.0549785647	-0.022784459	-0.0969963256	-0.0480204626	0.0330968487	0.0621557361	0.0219114418	0.0247238974	0.0495737186	-0.066723937	0.0483596087	0.0260110039	-0.0507581604	0.0107898398	0.0520930938	0.0029849453	0.0028688868	-0.0339490402	0.0030965729	-0.0912498088	0.11715133	-0.051252857	-0.1383066353	-0.0203969697	-0.0393024262	-0.0279893476	0.0360295715	0.0443643397	0.030059788	-0.0069717878	0.1974209712	-0.0652028211	0.1231904401	-0.0758519498	-0.0221681903	-0.0861430164	-0.0342050456	-0.0075494823	0.0881400297	-0.1282977676	-0.0839743453	0.0951400583	0.005995335	-0.0039561684	-0.0192153137	-0.0166964662	-0.06274668	0.0898379294	-0.0053577411	-0.0819779059	-0.0392566065	0.0749794291	-0.0093642073	0.0758131073	0.0589680802	0.066589726	-0.0215617159	-0.0544933039	0.0325819852	-0.0373740773	-0.0144327063	-0.0258950177	0.0979312696	-0.0397466737	-0.1277014112	-0.0156234068	-0.0271946267	0.0070525419	0.0524863556	-0.0526052832	-0.0072759904	0.0311014383	-0.0922383969	-0.1012867088	0.0748946149	0.0807507138	-0.1133408928	-0.1185595267	-0.0113988525	-0.0958621453	0.0387359662	-0.0930991375	0.0488518454	0.0125692767	-0.0110267065	-0.0681621989	0.0146980905	-0.0701388902	0.1518806416	-0.0253594436	-0.0169967744	-0.057379035	0.0670105574	0.0244354666	0.1259023747	0.0840162617	0.0199237811	0.0277127029	0.0030496173	-0.0226528396	-0.0165621397	0.01259005	-0.1355863521	0.0418238344	0.0800578467	0.0738701894	-0.0063005437	-0.0358521487	-0.0845479686	-0.0090547039	-0.0022644388	-0.1363090069	-0.0868695928	-0.0624202566	-0.0447745692	0.0342674945	0.0849803484	0.1375904446	0.0158964772	-0.0199698649	0.0598948187	-0.0045136545	-0.1289777247	0.0303321809	0.0386561357	-0.0812612999	-0.0091765482	0.0472585685	-0.0128170931	0.0817753667	0.0077953935	0.0578291928	0.0495214438	0.0677352963	-0.0133876474	0.0309200776	0.1131050831	0.0197551152	-0.043766521	-0.0691582262	0.0561655181	0.0092162525	0.070592452	0.0082716108	-0.0583999846	-0.0943539865	-0.0806790814	0.0	-0.0192980539217302	-0.0023863088358525	0.000372414885166	5.694469860067724e-06	0.065852067342945	-0.0036927744264402	1.3636582964571454e-05	0.0043364947733397	-0.0095188860113353	-0.0044488630331046	9.060919089679486e-05	1.979238228732466e-05	-0.0001762435712207	-0.0001030542538258	1.0620179231592972e-08	3.1061796396625955e-08	0.0007369415705535	0.0001639658928906	2.6884814031411736e-08	5.430828784098592e-07	0.0006610653241343	4.4793176200001214e-08	4.370073627727871e-07	2.0064286340843545e-15	0.0	0.0	0.0	0.0	0.0	0.0	0.0	0.0	0.0
8349.579521277985	7.768082616501488	60.3431075367926	69715478.1821447	6073.688657694195	-12.375728474327843	36889693.91060311	153.15865527028896	5302.772751544542	-0.3914001958391964	0.1531941133029613	28119398.854523275	5122.402211899406	8588.512990484578	1.327296	25.187126	0.0905252878476104	0.041574240765696	-0.015668845	0.0830183558	-0.0542547467	0.0080304224	0.1103857936	-0.127043617	0.043683619	-0.0218746194	0.1362698853	-0.0774534443	0.0148619705	-0.0416960125	0.072960178	0.0558807059	-0.116110231	0.0503099239	0.0165238665	-0.0812584656	0.0116414943	-0.014802601	-0.0487902905	-0.0895377054	-0.048869968	0.1260986428	-0.0253686085	-0.0039789143	0.0471097796	0.0654377254	-0.0398708194	-0.0228333863	0.1175496857	-0.0718064043	-0.0654773893	-0.1041147561	0.065528591	-0.0135660895	0.0380700625	0.0194055647	-0.0030022197	0.0179908755	-0.0720266888	0.0223236752	0.0659063517	-0.0837363563	-0.0090232574	-0.0320700455	0.0292711849	0.0848118655	-0.0924226949	0.0980173549	0.1057358824	-0.1144756173	-0.0462537916	-0.0372182293	0.007887999	-0.1366212808	-0.0352952526	-0.1906917223	0.0409216365	-0.0266591308	0.0091355333	-0.0240870193	0.006571717	-0.0633641759	0.0223414284	0.005800556	-0.0876462813	-0.077016859	-0.0064423459	0.0571764695	0.0179637623	0.155191002	0.0290070948	0.0902075371	0.0662297719	0.0360867924	0.0621839494	0.04017705	0.0084859267	-0.1019670519	-0.0131888361	0.0451156418	-0.0146147242	-0.0182546864	0.0456326418	-0.0526287786	-0.019346111	-0.1077491327	-0.0882247189	-0.0586005138	0.1419037671	0.0016101014	0.0637781741	-0.0070117871	0.0618436277	0.071934967	0.0102364398	0.0824235779	0.0929649352	-0.1501854969	-0.031317557	-0.0139536559	-0.0320250555	-0.1052978266	-0.0005793461	0.0965178388	0.0010926987	-0.1183426957	0.0323902896	-0.0097695745	0.041097107	-0.0014861363	0.1185218444	0.0097185037	-0.0053011758	0.0077060595	-0.0064747365	-0.0817882846	0.0388895847	0.0088719784	0.0351933205	-0.0763934	-0.0153628585	0.0024917086	-0.0247194205	-0.0583251749	0.0762112118	0.1056245173	-0.0715019758	0.0681942514	-0.1027482334	-0.0807135948	-0.06008703	0.0198483025	0.0031703249	0.0039961628	0.1233173492	0.0203620713	0.0838512889	0.0141882936	-0.0841087471	0.0971510679	0.1044917239	-0.0488651978	-0.0539591089	0.0298074135	-0.0925424671	0.0001878804	-0.0859304513	-0.0845897076	0.0321300115	-0.0006292157	-0.0790891452	-0.0538531988	0.1054238232	0.0561333384	0.073369526	-0.0094293462	0.0662331248	0.121058485	-0.0062790092	0.1174723996	0.1924326411	-0.1083112157	-0.0467724031	-0.0849826651	-0.0147666758	0.0211503563	-0.0768906946	0.0164190709	0.087976611	-0.016949039	0.0050395288	-0.0902527078	-0.1111496913	0.0603035801	-0.0086443507	-0.0556861473	0.0615977323	-0.0348157394	-0.0543367079	0.0703907551	-0.0244038197	0.0313327292	0.0390377644	-0.0022946596	-0.0006616095	0.0568400557	-0.0751242952	-0.005984741	-0.0865827737	0.0248237674	-0.0115567824	0.0696522155	0.0055182272	-0.0616266108	-0.0951467965	-0.0767530781	0.0	-0.0136243388542851	0.0056737150674451	0.0001856226092163	3.219104266655357e-05	0.073300733236735	0.0074486658937899	5.5482623597310286e-05	0.0053729974930429	-0.0323627423394157	-0.0228438563280804	0.0010473470917274	0.0005218417719379	0.0001799513682811	0.0003561949395018	1.2687483492669098e-07	3.2382494946240083e-08	0.0002160402852475	-0.000520901285306	2.713381490334428e-07	4.667340484982116e-08	0.0004469805377762	-0.000214084786358	1.9979160115070098e-07	4.5832295749993314e-08	0.0	0.0	0.0	0.0	0.0	0.0	0.0	0.0	0.0
8363.326329940315	13.746808662330295	188.97474839871924	69945227.30107294	6092.582738923789	18.89408122959412	37119564.4306321	356.9863055105009	5303.952963153557	1.1802116090148047	1.3928994420533145	28131917.0353454	5126.771833054713	8665.891032389552	1.213709	23.031677	0.0466462991268288	0.0231989730180297	0.0188351737	0.0351002074	0.0590398696	0.1119285996	0.0484238417	-0.2010299035	0.0789556124	-0.0493782204	0.0403513244	-0.0303461335	0.1306381595	0.0624976888	0.1772811999	0.1234061135	-0.1051999517	0.0724818797	-0.1216739954	-0.1413797483	-0.0031619447	-0.0867574626	-0.0409575099	0.0392412363	-0.0998494537	0.0564612305	0.014650678	0.0275391403	0.0088151896	-0.0865265413	0.0961222305	-0.0426993562	0.0394698638	-0.1379285844	0.0713591812	0.110676618	0.0158467463	0.0165194507	0.0277938853	-0.065069469	-0.0958363803	-0.0626425256	-0.1468238604	-0.0046931588	-0.1017306947	0.1424316962	0.0226988567	-0.1234906674	0.1029567908	-0.0879456872	0.0078912602	0.1084412011	-0.1531793584	-0.1212566121	0.0194438497	0.1271553801	0.0709932674	0.0976563423	0.0234505605	-0.086315252	0.0134827279	0.1114867379	0.1377560623	-0.0396528835	0.0962264192	-0.013536874	-0.0003448818	0.0803614264	-0.1527689726	-0.1397881349	0.1877069569	0.0234321044	-0.0783488598	0.0358134675	-0.0531242263	0.0142975979	0.061534413	-0.0094595049	-0.0677551385	-0.0742816709	0.0083569971	-0.031023096	0.008029134	0.0864315695	0.0184630914	-0.0501372075	-0.0794406591	0.0445472941	0.0245884517	-0.004595989	0.032750921	0.0572976696	0.0321754994	-0.0224248442	0.0058692501	0.1311457646	0.043261901	-0.1512838276	-0.0926211799	0.0646027383	-0.0499667349	-0.0495639315	-0.0860360091	-0.0282554397	0.1276452685	-0.0246161692	-0.0696433057	0.1340208118	-0.0283332063	-0.0176068187	0.1377705672	-0.0493759038	0.0079924364	0.0302418819	0.0446715908	0.0052600013	-0.1201288939	-0.017980266	-0.0422524136	-0.0016045859	-0.1019960041	-0.1727432	0.1126846677	0.1779782723	0.0150596717	0.0946676936	0.1054015638	0.0201561277	-0.0925701196	-0.0083656793	0.1218252513	0.1604278366	0.0187009894	0.1804200554	-0.1003879338	0.126036802	0.1476765979	0.1562678464	0.0150553141	0.0442752744	0.0241184316	-0.127717972	-0.0483064201	-0.0376620212	0.0495224004	0.0797492831	-0.0321250144	-0.0087029296	0.0384849924	0.1095985254	-0.0899384339	-0.1306525322	-0.0484333304	0.0156169804	0.0420755509	-0.1839526393	0.0443898796	-0.0296685544	-0.0160995949	0.036955776	0.1072905023	0.0284485456	0.0290402146	-0.0381716044	-0.0095057573	-0.0022144361	0.1381312943	0.0616858996	-0.006944068	-0.0659229977	0.04635252	0.03509862	0.0872690348	-0.0249014392	-0.0721257627	0.0005013011	-0.1205306666	-0.0212038646	-0.0243568243	-0.1229158345	0.0252195272	0.0407340261	0.029469442	-0.0150431174	-0.014422435	-0.0195737706	-0.0300924258	0.0665966397	-0.0585039277	0.0921843607	-0.0726019606	0.0208242042	-0.0254983984	-0.0040394619	-0.0397316472	0.0686975141	0.00276026	-0.0647380696	-0.0956235384	-0.0724287524	0.0	-0.0096792316407317	0.0039451072135534	9.368752515494168e-05	1.5563870926431075e-05	0.0830363535497866	0.0097356203130515	9.478230287990292e-05	0.0068950360108451	-0.0344838387261745	-0.0021210963867588	0.0011891351332928	4.499049881921243e-06	-0.0001320311025614	-0.0003119824708425	9.733306211299136e-08	1.7432212043578927e-08	0.00028798585163	7.194556638250003e-05	5.176164522098718e-09	8.293585073905638e-08	0.0002140190707319	-0.0002329614670443	4.5804162636946015e-08	5.4271045127432495e-08	0.0	0.0	0.0	0.0	0.0	0.0	0.0	0.0	0.0
8368.286387973652	4.960058033337191	24.6021756940728	70028217.07114512	6089.5084538246265	-3.0742850991628075	37082113.2092016	9.451228870934472	5301.956434205893	-1.9965289476640464	3.986127838860505	28110742.030217268	5121.546282560164	8726.791685768889	1.241359	23.556358	0.0712876708878056	0.0414989420941825	0.0935138923	-0.0558098492	0.0207979634	0.166847617	0.1006996067	-0.0707869595	0.0648983606	0.0196068265	-0.0505006816	-0.0305059289	0.1557249126	0.0713934823	0.0785434234	0.0084961647	-0.2359047494	-4.90353e-05	-0.084060723	-0.0610178974	-0.0800362073	-0.0769654227	0.0705502718	0.0935292429	-0.1315525505	0.0586172105	-0.014488137	0.0237514711	-0.0794350537	0.1061681896	-0.0024274671	-0.0054436554	-0.0241659656	-0.0682153604	0.0319645984	0.0420029262	-0.000884683	-0.0453047974	0.1051346957	0.0002224257	-0.0168341537	-0.169747602	0.0084832937	-0.1321752356	-0.1413960767	-0.0148737797	-0.0231618429	-0.0742441842	-0.0410249051	0.0356229759	-0.0369812868	-0.0190377034	-0.0441237348	0.1524233943	-0.0616416639	0.1219450232	0.0870914793	-0.0029171545	0.0231076373	-0.0318989125	0.1615390705	-0.1547259387	-0.0640465363	0.0434681075	-0.0061158099	0.0176220556	-0.0370559638	-0.0084252295	0.0062859244	-0.0705463448	0.0578154201	0.0559035087	0.0574448199	0.1358176176	0.0054245467	-0.0737050895	0.0695945588	0.0177291027	-0.1666556624	-0.0282846299	-0.0767470343	-0.0534503193	-0.0397356958	-0.0035661123	0.0172805373	0.0163039945	-0.0280282434	0.1581617765	-0.0419035897	-0.025053085	0.0334268145	-0.0219258364	0.0244062497	0.0822553406	-0.0648101406	-0.0713287167	-0.0283703326	0.1041938858	0.0161609692	-0.0761211461	-0.0766544687	-0.1178401955	-0.0496057937	0.0659838047	0.034354476	-0.0399246997	0.0301087913	-0.0344440142	-0.0843932181	0.0196404187	0.0907223667	-0.014860176	0.0824207064	0.0359135237	0.0373487299	-0.0532927865	0.074534564	-0.0372085191	0.0323281647	0.0447909648	-0.0552401486	-0.1958523061	-0.0722895611	0.0101100906	-0.1676063534	0.134092076	0.081536204	-0.1875789711	-0.0641138539	-0.0941650703	0.0147086079	0.0240610756	0.0267756024	0.0224665241	-0.003868501	-0.0715019463	0.097431617	0.0188618981	0.052989407	0.0193909709	-0.1813141554	0.1205156065	0.028266959	-0.0781325046	-0.096619185	-0.0017355447	0.1352115015	0.0987666846	-0.0020166754	0.0161892036	0.0348367365	-0.0965338418	-0.0203185739	-0.0874208777	0.0008876326	-0.0129841656	0.0881787279	0.0457087766	0.1088285733	0.1290025552	0.0233751043	-0.0235461057	0.0022534469	0.0772962838	0.0680427828	0.0446830391	0.0753661275	0.0472636033	0.0764557675	0.0514670362	-0.0830054294	0.0771575066	0.0327474072	0.0520117334	-0.1031491993	0.0700542494	-0.0665781136	0.0208670179	0.0941877036	-0.1319305218	0.0951929547	-0.0057330463	-0.0016667214	0.0733598252	-0.0213106899	-0.0557759268	-0.1436299607	0.0208063996	0.105499418	-0.0214359499	-0.0962362976	-0.0011707959	-0.1253803745	-0.0812772206	0.100008175	0.0677285461	0.0	-0.0677285461	-0.0957826285	-0.0677285461	0.0	-0.013672103901797	-0.0039928722610652	0.0001869264251015	1.5943028893184716e-05	0.1078790905610418	0.0248427370112551	0.0006171615822103	0.0116378981802774	-0.0275799900255293	0.0069038487006451	0.0007606558498082	4.76631268814004e-05	-0.0006770131493931	-0.0005449820468316	2.970054313688692e-07	4.5834680445116397e-07	0.0002019544380476	-8.603141358240002e-05	7.401404122985963e-09	4.0785595047121904e-08	0.0001340682728492	-7.995079788269998e-05	1.797430178476754e-08	6.392130082080343e-09	0.0	0.0	0.0	0.0	0.0	0.0	0.0	0.0	0.0
8363.326471072038	-4.959916901614633	24.600775670922506	69945229.66173427	6089.343696859939	-0.1647569646875126	37080106.65848787	0.0271448574130422	5306.351266226321	4.394832020428112	19.31454848778024	28157363.76058168	5131.366198930584	8765.53147274671	1.350688	25.631023	0.1327651119891991	0.0714815944421056	0.0393532459	-0.0082105885	-0.1177768121	0.1395810118	-0.0547983368	-0.0668342613	0.0976323039	-0.0470113127	-0.0135729728	-0.0868112222	0.0317419706	0.1063843894	-0.1218811909	0.0049538561	-0.0677220932	0.1363269159	-0.0506122917	0.0304056355	0.0300808255	-0.0374197938	0.1008074334	-0.0558274859	-0.0635215117	-0.0890593087	0.0087749403	0.013475971	0.0265002938	-0.1054315149	0.0418245953	0.0269960235	0.0726304166	0.0253500088	-0.0700036671	0.0424113265	0.0136247863	-0.1037707791	0.0651821791	-0.0283352927	-0.0307922185	-0.130110376	-0.058264153	-0.0976612792	0.039691379	0.0858067151	0.0025146985	-0.1357513043	-0.1927077586	0.0102370508	0.0188316515	0.0611954402	-0.0186999165	-0.0676729177	-0.0479507375	-0.0290756592	-0.068436766	-0.0593057625	-0.0567507463	0.0127479511	0.0819268744	0.0104280857	0.0017460698	-0.0348004222	-0.0329039375	0.0113024686	-0.052371652	0.042178331	-0.0047629013	-0.0126317884	-0.028648853	-0.1485615337	-0.0423643004	-0.0118582897	0.008938632	0.1095222802	-0.0355050989	0.0929430615	-0.0606068902	-0.0203996523	0.0144172367	0.0167747613	0.0596439773	0.0417039972	-0.0106088167	0.0325128614	0.0720666194	-0.0095361323	0.0178565932	-0.1283937308	-0.0093977332	0.0320478304	-0.0982811656	0.026468339	-0.0831078227	0.1353122423	-0.0302932085	-0.026892304	-0.0017409913	-0.0861248736	0.0649575054	0.0198642491	0.0023404095	-0.0086271944	0.0943085282	0.1118804696	-0.060531266	0.005002646	-0.0412907036	-0.1219463169	-0.061869642	0.0160560181	-0.0088547213	-0.021896305	0.1523401564	-0.0390866851	-0.0547896789	0.0371881027	0.0156752143	-0.0789013559	-0.0442284198	-0.1051354236	0.0279321358	0.109974474	-0.0501810386	0.0397071486	0.002133513	-0.0337999569	0.0838451527	0.000566663	-0.0104478736	-0.0899597754	-0.1675986015	0.0506139069	0.0805151781	0.0419850279	-0.0170338599	-0.1072372469	0.1523164313	-0.1005095383	-0.0918738803	0.001516774	-0.0538985357	-0.0735474236	0.0389528898	0.0221634896	0.0003228538	0.0031462721	0.0695746703	-0.0347613904	-0.0604917754	-0.0733371139	0.1074095383	0.0279033642	0.0191628128	-0.0269960781	-0.0759302393	0.1295204799	-0.0169598479	0.0356097054	-0.0348143154	-0.0036279113	0.0106210478	-0.1010492107	-0.0352763609	0.0438528319	-0.0021531008	-0.1562014022	-0.0260413702	0.012516922	-0.0082750632	0.0135025809	0.0594655936	0.1220275613	-0.0488145916	-0.074702605	-0.0102755693	-0.0057209505	0.0107351994	-0.1050298205	0.0432214921	0.0513389221	-0.0116403929	-0.0493988347	0.05995425	-0.0373568884	-0.0590022991	-0.1039999275	-0.063909778	-0.0038627033	-0.162317424	-0.066421729	-0.0384379265	0.073882194	0.061617577	0.0667455128	-0.00276026	-0.070592452	-0.0956235384	-0.0626768518	0.0	-0.0186661360376376	-0.0049940321358406	0.0003484246345755	2.494035697380864e-05	0.0757256827620835	-0.0321534077989583	0.0010338416330861	0.0057343790297837	-0.0419563603685446	-0.0143763703430153	0.0017603361753751	0.0002066800242395	0.0002949071921076	0.0009719203415006	9.446291502228372e-07	8.697025195678892e-08	0.0007370371071384	0.0005350826690908	2.863134627613346e-07	5.432236972989414e-07	0.0002518912964854	0.0001178230236361	6.344922524509569e-08	1.3882264898776542e-08	0.0	0.0	0.0	0.0	0.0	0.0	0.0	0.0	0.0
8340.143551845757	-23.18291922628123	537.4477438522798	69557994.46539435	6045.354986086413	-43.98871077352578	36546316.907799855	1935.0066755169032	5305.864283696232	-0.4869825300893353	0.2371519846122104	28152195.797003325	5127.233854756678	8712.526973535785	1.262011	23.948267	0.0449224112602235	0.025789604781703	-0.0003437553	0.0392582516	-0.1126408931	0.0620600131	0.0550539978	-0.0945032227	-0.0545930059	0.0643710342	-0.0363562737	0.0101446536	-0.0166589725	0.2339891725	-0.032559593	-0.010604747	-0.0533523639	-0.1452974422	0.0083877069	-0.1154175126	0.0377958122	0.1485291492	0.03116755	-0.1159411639	-0.0286423546	-0.0063702798	0.1834465334	-0.1343408475	0.0852865957	-0.0909745952	-0.0848596967	0.1313335873	-0.0466994414	-0.050076015	0.025080132	0.0376894187	0.0089476912	-0.144193886	-0.0454530125	-0.1274212816	0.113278465	0.0057866301	0.1283780156	0.0423941284	-0.0862852751	-0.0735067071	-0.0401283148	0.0428445638	-0.1270394825	-0.0251046172	0.1431327355	-0.0354021597	-0.0175660454	-0.0625484201	0.1334559963	-0.0309718985	-0.1227020026	0.0782939715	-0.0123807517	-0.0013756804	-0.0036759978	0.0615311296	0.0183888668	-0.0004953982	-0.0446376656	0.0274800877	-0.0245126655	-0.0065654412	-0.0004342469	-0.0197099512	0.0365139692	0.0474219858	-0.0676016498	-0.0653964278	-0.0607185515	0.0216935668	0.079371748	0.0714522975	0.0238114834	0.1147494009	0.1535905635	0.0058296387	-0.0521502092	-0.0395977572	0.0177812705	-0.0197664518	-0.2050157417	0.1190003012	0.0618846014	-0.0691711014	-0.0486314549	0.0154458927	-0.0303360465	0.0509127645	0.1112971586	0.0040810925	-0.0796156886	0.0413706091	0.0691440316	-0.023499206	0.0945188542	0.1715688752	-0.1389537225	0.1340220966	-0.0629672663	0.0696245896	-0.0255631113	0.160710224	0.0759479025	-0.0333614385	0.007520632	-0.0592496327	0.1356968713	-0.0114743126	-0.0362106901	-0.0209223565	-0.100081658	0.0219996132	0.0102551327	-0.003625365	0.0867673972	-0.0097760046	-0.1968481551	0.0282520109	-0.0468422415	0.024651698	-0.0418238269	0.1903793601	0.0709241358	-0.0722007158	-0.0139078061	-0.1203830202	0.0110009343	-0.0305366147	0.016182833	-0.1229987465	0.0507652894	-0.0352621446	-0.033148412	-0.0499852333	0.0990593691	-0.1231723879	-0.0208317593	-0.1628540015	0.0506363653	0.0214931559	0.0444250642	0.023952586	-0.0039020527	0.0464030741	-0.0231992272	0.0694167898	-0.0389944087	0.051035086	0.0722509188	-0.0072571961	-0.0143593298	-0.0698882898	0.1794028938	-0.0788346544	-0.0013614153	0.1160587638	-0.1038390156	-0.0122588764	0.0073454078	-0.0146006799	0.024850602	0.0059183211	0.0913143746	-0.0111057209	0.0787287768	0.0089897896	0.0361908398	0.0428285794	-0.014492515	-0.0801574373	-0.093640048	0.0953999623	-0.0849514331	-0.0035915417	0.0263103745	0.0128329616	0.1430416358	0.0007640111	0.0295438279	0.0491032049	-0.1193623498	-0.0901023544	0.0145581466	-0.0413013878	-0.0605188205	-0.0213913941	-0.0116530572	-0.0282379774	0.0517305849	0.0657486183	-0.0055182272	-0.073324435	-0.0951467965	-0.057299886	0.0	-0.0185953687157081	7.076732192949978e-05	0.0003457877376731	5.00801385307346e-09	0.0909682797391724	0.0152425969770889	0.0002323367626059	0.0082752279187043	-0.0358576941426491	0.0060986662258954	0.0012857742292277	3.7193729734878455e-05	1.1838219566707903e-05	-0.0002830689725408	8.012804321535635e-08	1.4014344250958586e-10	0.0007370026335227	-3.4473615700037104e-08	1.1884301794338446e-15	5.431728818193951e-07	0.000438995465035	0.0001871041685496	1.927170183212959e-07	3.5007969888637126e-08	0.0	0.0	0.0	0.0	0.0	0.0	0.0	0.0	0.0
8321.999380033485	-18.14417181227145	329.2109707532259	69255673.6812777	6059.826133765984	14.471147679571004	36721492.7714732	209.41411516395328	5302.886860891173	-2.9774228050591773	8.86504656008646	28120609.059412237	5126.851743956631	8576.444656027239	1.322755	25.100954	0.0810215903830607	0.0418815197352803	-0.0215237528	0.0795160282	-0.0305382625	-0.0658161594	0.0604986657	0.008592819	0.0346101319	-0.0062186649	0.0018639664	0.1396090352	-0.0828816962	0.0220209729	-0.0908874633	-0.1954975535	-0.0387244077	-0.0507902047	-0.0878374101	-0.0218018081	-0.0994131077	0.1480371694	-0.0468437328	-0.0958841675	0.0696055213	-0.1032992786	0.0098459985	-0.0856959545	-0.0212426991	0.0596185298	-0.0178644693	-0.0298722851	0.0867725493	-0.0041173246	-0.0252421769	-0.1112495102	-0.0575097148	0.066074308	-0.1738901748	-0.1241429644	0.0193666766	0.0541742095	-0.0693061777	-0.0754629253	0.1298430201	-0.0803645154	0.0395143102	0.0610526804	-0.0724335344	-0.0034036917	-0.0135684655	0.1033065207	-0.0068182452	0.0330868718	-0.0147269085	0.0608741213	-0.0499720153	-0.0683609615	0.0363693654	-0.0400317853	-0.0067231184	0.0138487228	-0.1192280644	-0.0160187569	-0.0586223971	0.1156259013	0.1732428165	-0.0821639198	-0.1626772649	-0.0357416969	0.1236846705	0.0003569992	0.0359261283	-0.0014748853	0.1736958985	-0.1145124852	-0.0791271745	0.0284243247	0.0902210496	0.0398882737	-0.1190216145	0.0202401063	0.1225325164	-0.000871134	-0.0826037085	0.0156587859	-0.0212850033	0.0013972989	0.0207791234	0.1140283077	0.0876670085	0.0350734447	0.0002380495	-0.063062933	-0.1110021076	0.0755489581	0.0071030085	-0.0177195587	0.0110864025	0.0634165372	0.057093031	0.1089292496	0.1428223031	0.1736277672	-0.0360230501	0.0021104502	-0.0292545635	0.0162014592	0.0105568048	-0.0205488641	-0.044630239	0.0302854488	-0.0085707798	0.0024642992	-0.1002992832	0.0743460262	0.0169666666	0.0662989831	-0.0073400679	-0.1429731147	0.0346919498	0.0970159454	-0.0084110002	-0.1261973343	-0.0946163084	0.1300463095	0.0420047158	0.1187259898	0.0689414546	0.0887484936	-0.0806574239	0.1104275869	0.1149704319	-0.0056796384	0.0384676252	0.1212314222	-0.0270546365	0.0117387935	0.0731623825	-0.0388518648	-0.051452601	0.0696119379	-0.1446654461	0.2046090068	-0.0262594227	-0.0099040989	-0.0220254205	0.0798034399	0.0866307582	-0.0251967586	0.1073107052	-0.0157816957	-0.0324065758	0.1196187643	0.0929760411	-0.1117778826	0.1512690677	0.0209536678	-0.0678965811	0.0516913598	-0.0718030014	0.0826581445	0.0428273864	-0.0195030746	-0.0217186333	0.123619372	0.0279119386	0.0526889368	-0.0053435848	-0.0425640216	-0.021384784	-0.0038661808	0.0181761824	-0.0015396359	-0.0264301401	-0.1174716076	-0.0412008847	-0.0324864298	0.1300211686	0.0140467466	0.0434350393	-0.0413215887	-0.0615540486	0.0163041239	0.0428754064	0.0911063546	-0.0146274238	-0.1118889884	0.0218424306	-0.0067222827	-0.0398029031	0.0641174148	0.0065879479	-0.0190055802	-0.0350100431	0.0647380696	-0.0082716108	-0.0759193896	-0.0943539865	-0.0516255532	0.0	-0.011641023590684	0.0069543451250241	0.0001355134302388	4.836291611794648e-05	0.0638728361307414	-0.0270954436084309	0.0007341630643376	0.0040797391953845	-0.0145570314602281	0.021300662682421	0.000211907164934	0.0004537182307102	0.000428802864193	0.0004169646446262	1.7385951486833006e-07	1.838718963401204e-07	0.000737614635244	6.12001721300064e-07	3.7454610687424124e-13	5.440753501261393e-07	0.0005348415980311	9.58461329961e-05	2.860555349844608e-07	9.186481210306088e-09	0.0	0.0	0.0	0.0	0.0	0.0	0.0	0.0	0.0
8312.867493200643	-9.1318868328417	83.39135712782763	69103765.95951195	6043.277565116313	-16.548568649671324	36521203.72903815	273.8551243528846	5300.59333644523	-2.2935244459422397	5.260254384134655	28096289.71836758	5123.394470736271	8437.54361691448	1.28845	24.449972	0.0388631776462281	0.0291868929418926	-0.0455721095	0.0418317648	0.0600098296	-0.1352234296	-0.0870651756	-0.0418126583	0.0152736105	-0.041636733	-0.0167095507	0.162245359	-0.0579085463	-0.0184150201	-0.0848159878	0.0490929788	0.0469864529	-0.0274778787	0.0366513236	0.0016794037	0.0356044089	0.0574334872	-0.0896285626	-0.0053431238	0.1130557396	-0.1031788507	0.0189758179	0.0074228082	-0.0506757251	-0.1036432997	-0.0338157742	0.0948543755	0.058178161	0.0171845259	0.1413354351	-0.0514554171	-0.0305158675	0.0370216804	-0.1093572039	-0.032571843	-0.0880810134	0.0353253983	-0.0687337571	0.1519645612	-0.1328990443	-0.0217316617	-0.0104869977	-0.0244580401	0.0313527264	0.0040853499	0.015997649	-0.0152253382	-0.009114483	0.1230298798	0.0027705791	0.0985298433	0.0168501419	0.0566792593	0.0187974654	-0.0277427363	-0.0072509277	-0.0466432051	0.0116479746	-0.0292552999	0.0106532888	0.0082264476	0.0020224162	0.0054445174	-0.1072060755	-0.0257030291	-0.0464465829	-0.0360194553	-0.0609691912	-0.0013220176	-0.0011759971	0.0855173764	-0.0672809406	0.024935036	-0.0010792797	-0.0107452396	0.1422174617	-0.0011186738	0.0068791281	-0.1218049415	0.0015377205	-0.0639567077	-0.0169442478	-0.0883188868	0.0340874941	0.1295838096	0.1179278348	-0.0037079058	0.0286110147	0.0813053628	0.0381312146	-0.0061790893	-0.0324709155	0.0253077944	-0.0329006087	0.0952633883	-0.0407317198	0.1558852085	0.0710355311	-0.0342697612	-0.0047203549	0.0626751382	0.0399002004	-0.067445437	0.0545203379	-0.0641907849	-0.0376889327	-0.1041303568	-0.0591127912	-0.0063537905	-0.0915587088	0.0176925988	-0.0217010822	-0.0646220414	-0.0339356555	-0.0453903737	-0.0125418512	0.0658455556	-0.0508884721	0.0232696823	-0.0415290897	0.0811905811	0.0712049809	-0.0240592228	-0.1203037377	0.1253080214	-0.0419468644	0.0079639578	0.1510972224	-0.0104985745	-0.0649018864	-0.0500607906	0.0095416382	0.0677805993	0.0189186582	-0.0266597853	-0.0018722702	-0.0120392196	-0.0033767993	-0.0056037673	0.0430387164	0.0499953012	-0.0477954545	-0.0762084741	-0.0426432886	-0.0114917428	-0.0571880219	-0.0679457839	-0.0203484486	-0.1307106227	-0.0025295302	-0.0249187679	-0.0556494059	0.0046122226	0.0314319401	-0.0076900579	0.0141868991	0.1191263278	-0.1042840864	-0.095430108	-0.0384450245	0.0815508356	-0.1231352823	-0.0756496138	-0.0171689219	-0.0344167407	0.0708168196	-0.0060098739	0.006073125	-0.0370801044	-0.0471149105	-0.0804834647	0.0010654213	-0.1563477689	-0.0491308467	0.011719309	-0.0386095515	-0.0997638159	0.0263392215	-0.0589833364	0.081965937	0.0498717676	-0.0154138771	-0.1221291531	0.0279094628	0.0352099697	-0.0381307166	-0.0058354017	0.1116539338	0.1039646518	0.0296864346	0.0637140765	-0.0110181235	-0.0783724666	-0.093247742	-0.0456833015	0.0	-0.0136515670878907	-0.0020105434972066	0.0001863652839551	4.0422851541601455e-06	0.0925172553015869	0.0286444191708454	0.0008205027496351	0.008559442528539	-0.0121021334989421	0.0024548979612859	0.0001464616352262	6.026524000326158e-06	0.0004298446792909	1.041815097900002e-06	1.085378698212391e-12	1.8476644831469665e-07	0.0007375902238151	-2.4411428900007748e-08	5.959178609401335e-16	5.440393382676093e-07	0.0004208414842201	-0.000114000113811	1.7710755484057665e-07	1.2996025948920958e-08	0.0	0.0	0.0	0.0	0.0	0.0	0.0	0.0	0.0
8318.231892603708	5.3643994030644535	28.776780955598262	69192981.81912947	6046.854414147524	3.576849031211168	36564448.3058954	12.79384899207627	5301.80657869415	1.213242248919414	1.4719567545630377	28109152.997884564	5127.061441446611	8397.745611675715	1.30652	24.792879	0.048120843778942	0.0303851973901035	-0.0617943487	-0.0748910797	0.0734446676	-0.063560489	-0.0209301259	-0.0328310758	-0.0999780758	0.0292507706	-0.0962047539	0.0581256367	-0.0284242299	-0.0783681474	-0.0073345472	0.068434803	0.030267701	-0.1255273016	0.0863662449	-0.0411987289	-0.0336148161	0.0860596301	-0.0017803335	0.0916525017	0.0241099362	0.0530763985	0.070087511	-0.0788412824	0.0212083132	0.012894864	-0.0512619406	0.0439056713	0.1361183513	-0.0112125106	0.0102617445	-0.0180721914	0.0313487635	-0.0546670933	-0.0414458695	-0.0214196593	-0.086269755	0.0029988799	0.1877706393	0.0446378814	-0.0254159595	-0.0641910402	0.0068424685	0.0040838399	-0.0557195535	0.0149879602	-0.0237077114	0.0508871779	-0.1167487268	0.0204069068	0.0732695515	0.0085204082	-0.0051954148	-0.1174755028	0.0397017864	0.0325604405	-0.0104206815	0.0402806973	0.1836936765	0.0089694117	0.0011712466	-0.0018497421	-0.0752664554	0.0391381298	0.1699654442	0.0382001044	-0.1204955663	-0.1205562208	-0.115458781	0.0288293563	-0.0780199096	-0.0110756049	0.0376504764	-0.1249549457	0.0512138407	-0.0469807622	-0.0773246764	-0.1014236341	-0.0065001364	0.0131950204	0.1090496232	0.1745986327	0.0801962834	0.0220215149	-0.0097571872	-0.0319142767	-0.0065714333	0.0597114488	0.0369624274	0.0465682034	-0.0713932495	-0.0006416959	0.0722435736	0.008173428	0.0201735838	-0.0205970175	-0.086444458	0.0379353578	-0.0297515476	-0.0206175606	-0.0956997142	-0.030593178	-0.0581820903	0.0696394699	0.0787105259	-0.11769864	0.0017557495	0.046564105	-0.0042926236	-0.1312703495	-0.0557643539	0.0510628251	0.0426865172	0.036161412	0.0175941808	0.0200894162	0.1208191146	0.0117347665	0.0140761857	-0.0163293058	-0.1424200721	-0.0470658819	-0.0343442629	0.079102729	-0.0699100523	0.001984819	0.1216152871	-0.0816144829	-0.0669332709	-0.0652153225	0.0487900634	0.0556690074	-0.1085364679	0.0426075535	-0.0282215512	-0.0436017807	-0.0737708716	-0.0612082069	0.0755814176	-0.1873302771	0.0075668666	0.0072713082	-0.0525359849	-0.0929132011	0.0204183629	-0.031474015	-0.033503742	0.0269537965	0.0010161671	0.0159526717	-0.0360954787	-0.0601699248	-0.0256436091	0.1462266745	-0.0086181064	0.0039757288	-0.063152133	-0.0674138415	-0.0265497573	-0.0180879664	0.0910298856	-0.0971227324	0.0454396937	0.033727902	-0.0245911116	0.0098154255	0.0709601161	-0.0296603295	0.0061470259	0.026475488	-0.0969813242	-0.0089863678	-0.1103169949	-0.0464338411	-0.1076006865	0.0234209257	0.0219016384	-0.1064817469	0.0155688686	0.0047503579	0.0673098396	0.1147181382	0.1028188408	0.0506469705	-0.0078311143	-0.0880160862	-0.0621093228	-0.0089093154	-0.0538969135	-0.1257278003	-0.0685192359	0.0626768518	-0.013755484	-0.0806790814	-0.091831738	-0.0395039689	0.0	-0.0187539545030261	-0.0051023874151354	0.0003517108095015	2.6034357334132107e-05	0.082980348572704	-0.0095369067288828	9.095258995541188e-05	0.0068857382492474	-0.0123200462556809	-0.0002179127567387	0.0001517835397421	4.7485969549503e-08	0.0009259078459928	0.0004960631667019	2.460786653583171e-07	8.573053392710266e-07	0.0007376171465824	2.69227672999384e-08	7.248353990866325e-16	5.440790549323617e-07	0.0002516588361256	-0.0001691826480944	6.333216980009159e-08	2.8622768416267417e-08	0.0	0.0	0.0	0.0	0.0	0.0	0.0	0.0	0.0
8331.25910034481	13.027207741102757	169.70814152984758	69409878.19707823	6050.581939545437	3.727525397913269	36609541.80715343	13.894445592088472	5299.652933994144	-2.153644700005316	4.638185493860987	28086321.220792744	5123.1025104121945	8475.928259021593	1.23735	23.480297	0.0529030262098273	0.0234212669356329	-0.0383664779	-0.074151114	-0.0567901263	-0.0146198148	0.060599384	0.0491888887	0.0313590108	-0.0927941969	-0.0783832305	-0.0613703166	-0.0729846205	-0.0552082531	0.0117601393	0.0251736022	0.1078161664	0.0523986133	-0.0118162415	-0.0721404602	-0.0365406513	0.0946107076	0.0961556011	-0.0262742251	0.0703879704	0.0117910777	0.0007746537	-0.083610265	0.0115952957	-0.0389819036	0.064465289	-0.1080807254	0.0602343221	-0.0120972419	0.0350185121	0.0773495415	-0.0331446444	0.0652995018	-0.0660596693	0.0715915208	0.0299920799	0.0797564715	0.010215283	-0.0325579141	-0.0079192342	0.1126702064	0.0479472611	0.0030960524	-0.0526248178	0.0369170559	-0.0461312431	0.063499156	0.0763963231	0.0110200905	0.0115146752	-0.0078110139	-0.079351714	0.0184448524	0.0701403519	-0.0242610086	-0.0115721034	0.0118314564	-0.0620655376	-0.0585413181	0.0445166767	0.0370328594	-0.0503855403	-0.1349797914	0.0421476993	-0.0653635666	-0.0804324856	0.0091787788	-0.1270036254	-0.0137998017	-0.0870601049	0.0278124756	0.098532623	0.0730330323	0.1055247058	0.0966155098	0.0774468759	-0.033297013	-0.003737214	-0.0154469514	0.08531475	-0.0392424751	-0.0258919007	-0.1903336692	0.085859257	0.0113359691	-0.116651335	-0.0801564171	-0.0351921288	0.0688581331	-0.0387094329	0.0420258478	0.0356254973	0.0074597077	-0.0230212533	-0.0967486547	0.0457022997	-0.0009717668	0.0414669657	-0.0871638552	-0.0326923883	0.0249543336	-0.0467335352	0.1036641768	0.0009411841	0.109453491	0.0436380838	0.0137197201	-0.1182591845	-0.031773674	-0.0074873782	0.0460071235	0.0340557428	-0.0335632781	0.0525014824	-0.0298036152	0.0209049352	0.0390238392	0.0024133122	0.1188368656	0.0131727595	-0.0092738036	0.0333590398	-0.0522398358	0.0716932923	0.032300192	-0.0552121759	0.008264912	0.0079794864	0.036862845	0.1285061178	-0.0041499816	-0.0357679841	0.1591893704	-0.020413163	-0.0490413489	0.1053102334	0.0339870936	-0.0871932806	0.0156808325	0.1412380726	0.0086000804	-0.0513504815	0.0365668165	-0.0584315252	-0.0082744875	-0.031779231	-0.0116401277	-0.0571875449	0.0190856066	0.0851263503	0.0177485371	-0.1581170931	-0.0029536114	-0.0046658679	-0.155007459	0.0388466316	0.0502882949	-0.0124954987	0.0378931331	0.0286923498	-0.0174580981	-0.0246269053	-0.1904769167	0.0299259696	-0.0674794026	-0.0258101632	-0.0148431581	0.0192182295	0.1077895554	-0.0379695736	-0.0294586707	-0.0960302916	0.0302214691	-0.0261786736	0.0145646124	0.0046204904	-0.079007682	-0.0528507105	-0.1359145696	0.0445582505	0.0787693133	0.0450666233	0.0195807473	-0.0634597942	0.0256152689	-0.0169560705	-0.0685893915	-0.0003587626	-0.0345111368	-0.0617467289	0.0616266108	-0.0164814186	-0.0828349236	-0.0901106781	-0.0331196242	0.0	-0.0147710118283583	0.0039829426746678	0.0002181827904335	1.586383234968989e-05	0.0681456440452876	-0.0148347045274164	0.0002200684584157	0.004643828802347	-0.0014143147382128	0.0109057315174681	2.000286178725941e-06	0.000118934979931	0.0008168953535329	-0.0001090124924599	1.188372351231976e-08	6.673180186236416e-07	0.0005281620169639	-0.0002094551296184	4.3871451323502626e-08	2.78955116163375e-07	0.0003967841638527	0.000145125327727	1.574376726842863e-07	2.106136074789817e-08	0.0	0.0	0.0	0.0	0.0	0.0	0.0	0.0	0.0
8338.27889871051	7.019798365699899	49.27756909508297	69526894.99268097	6040.855121821313	-9.726817724123975	36491930.60283479	94.61098303833232	5299.237812089077	-0.4151219050672807	0.1723261960666884	28081921.389074627	5120.326901055571	8521.149776724547	1.175148	22.299931	0.0483051126838778	0.0275478640901871	-0.053317654	0.0259872555	-0.0787113751	0.0134072229	0.1156713185	-0.0201204339	-0.090855698	-0.0223524911	0.0611606904	-0.0428158268	-0.0838105606	0.0384392497	0.0362920056	0.0308894637	-0.012234742	-0.1106519734	-0.0735989051	0.0478823198	0.0235383765	0.0141950367	0.0602932985	-0.067690606	0.0546142468	0.0889169055	0.0646488808	-0.053221748	0.0361252943	0.0697500847	0.1233339579	0.1282020159	0.0553616182	-0.0755302933	0.0495436366	-0.0421245825	0.0626609937	0.0035623348	0.0592782369	0.1409170901	-0.0204976063	0.0038277953	0.044987373	-0.0574557208	-0.0176323138	0.0304280615	0.0591820637	-0.0748306908	-0.0497413615	0.0106911041	0.0271414149	-0.0503066279	0.0517481835	-0.0605696622	-0.1444082518	-0.1068121377	0.0114059555	0.0406499508	0.1671536056	0.0098798847	-0.1345574183	0.0138859664	-0.024698895	0.0074852353	-0.0672718659	0.1478757065	-0.0135668324	-0.0767751875	-0.0999095861	0.0703933727	-0.1435700757	-0.0409820028	-0.0088878624	0.0314933251	0.096530538	0.1112866015	0.1233934616	-0.0209426353	-0.0636118355	0.032268716	0.1186785204	-0.0540893305	-0.0652094446	0.0407231472	0.0050054023	-0.0174033403	0.021040247	0.0212999987	-0.0865827316	0.0284300845	-0.0313814665	-0.0847755215	-0.0860464064	-0.0006541778	-0.0461557213	0.0132923433	-0.0179391102	0.1428281324	-0.0338865846	-0.0126102251	0.1071970163	0.0330830428	-0.1149365923	-0.0345940974	-0.0599799264	-0.1233301131	-0.0497810128	-0.0871169741	0.0081492544	0.0643088334	0.0907340059	-0.0301074596	0.0094920483	-0.0536894543	0.0847619762	0.0019738915	0.0917535248	-0.0563220378	0.0989546028	-0.0429659891	0.0857114097	-0.0747945271	0.1273784081	0.0295518477	-0.0305003327	-0.0746542142	0.0185908256	0.0293568089	0.046691667	-0.0435656722	-0.0163113679	-0.0273651441	-0.0393236354	0.0271671624	0.0241353244	-0.1294848123	-0.019668423	0.0863922889	0.0037963949	-0.1102703268	-0.0048150835	-0.0066561238	0.1037184247	0.1067225161	0.0683041646	-0.0453145548	0.0159708864	-0.072526652	0.0395173731	-0.0377633194	-0.0144301004	-0.0089526503	-0.1443177593	-0.0756366981	0.1144181132	0.0316453661	-0.0255364793	0.0179472076	0.0971364832	0.1208835215	-0.0629954333	0.0152073113	-0.0907353002	0.1268111309	-0.023762599	0.0410155822	-0.128735483	-0.088110946	-0.0169590708	0.1303754793	-0.0312353255	-0.0220221242	0.0730866854	0.0763513423	0.0201737563	-0.0539346803	-0.0564095532	0.0192618614	0.1087855036	0.0145947391	-0.0847488277	-0.0590084827	0.1446704542	-0.0023508024	0.0152625602	0.0502331117	-0.0087339781	0.113143718	-0.0081832767	0.0334367126	-0.073755436	-0.0386138965	0.0028034849	-0.055350083	0.0543435384	0.0605635717	-0.019193663	-0.0848359644	-0.0880902796	-0.0265634	0.0	-0.0117094544419416	0.0030615573864166	0.0001371113233279	9.373133630322646e-06	0.0918783281150581	0.0237326840697705	0.0005632402931555	0.0084416271772182	-0.0079996254988685	-0.0065853107606557	6.39940081221471e-05	4.336631781440776e-05	0.0007708768312235	-4.601852230940004e-05	2.117704395540749e-09	5.942510889171844e-07	0.0004392158760002	-8.894614096369998e-05	7.911415992334387e-09	1.929105857306231e-07	0.0005603307099203	0.0001635465460676	3.139705044797874e-07	2.6747472730641617e-08	0.0	0.0	0.0	0.0	0.0	0.0	0.0	0.0	0.0
8343.835826662378	5.556927951867692	30.879448262248463	69619596.30229466	6064.604440869383	23.749319048069992	36779427.02421264	564.0301552470202	5302.324726626844	3.086914537766461	9.529041363473922	28114647.50659843	5123.841504382581	8577.504491141512	1.13789	21.592913	0.0583558739792552	0.033469090961107	-0.0089870587	0.0956746181	-0.0485116441	0.0027433334	0.0385853969	-0.0133034063	-0.0070983193	0.0129068439	0.0723453016	0.0254495582	-0.0252283021	-0.0721425242	0.070880649	-0.1186970293	-0.0384277814	0.0559699191	-0.0744969574	-0.0761403603	0.0413059009	0.0408194366	-0.0379948176	-0.0890599457	-0.0067058596	-0.0501024754	-0.0709700876	-0.0255914106	-0.0601845174	0.0740920258	-0.0057181792	0.060478655	0.0251440047	-0.0909222953	-0.0943261544	0.0999634402	0.108270099	-0.0741752333	-0.0383835309	0.0013025057	0.0657724718	-0.0228248806	0.1046127884	-0.0250049264	-0.0030490279	0.0110674804	-0.0295193995	-0.0191427049	-0.0435064254	0.0759315671	0.0644792673	-0.0545746359	0.1033852917	0.0454109864	-0.1160786334	-0.0489387325	0.1250341787	-0.0406846098	0.1655547212	0.1115353064	0.055213068	0.0047940626	0.0430744032	0.0395989014	0.0964022276	-0.0035821701	0.0501573455	0.1271489339	-0.0041058406	0.0809540628	0.1053710508	-0.0295725331	0.0011819601	-0.0970629237	-0.0084355678	-0.1058120037	-0.0602907941	-0.0877718023	-0.0484553859	-0.1131068776	-0.0307697822	0.0370502368	0.0461663794	0.0054822364	0.0757682173	0.0004649802	-0.0390198622	-0.0815809695	0.0792498363	-0.1623753847	-0.0866439512	0.0204507419	0.0346036752	-0.0319736908	0.0293072667	0.0874703712	-0.0303611	0.0016115622	0.0559026554	0.0671550048	0.065713222	-0.0471744303	0.0927543286	0.1061457077	0.0110524874	-0.0767242792	-0.0019692805	-0.0289553954	0.0159670116	-0.0288157497	0.0308214936	0.0213999565	0.0126487757	-0.0001449629	0.0055621347	0.0985227826	0.0027565588	0.1176156063	-0.0424392418	0.0033143954	0.0290890028	-0.1294687197	-0.1129669189	0.0624022968	-0.0567005839	-0.0475079315	-0.0392090243	-0.049756724	0.0032841479	-0.0455973708	-0.0679330338	-0.052025058	-0.0911075655	-0.0329748883	0.030639593	-0.04666384	0.1061511355	0.0415403507	-0.0650909475	-0.0594355508	-0.0806818904	0.0481674398	0.2479801744	0.0894427699	0.0336676888	0.1179672973	-0.022222849	0.0112967683	0.0201965558	0.1075738593	0.0305821045	0.0330320694	0.0205992903	-0.0349660562	0.0018677889	-0.0963750964	0.0029376849	-0.1217468966	-0.0738761295	-0.0200609495	-0.0648281302	-0.1109292385	0.0304488405	-0.1038891526	0.0441053867	-0.1552497091	0.0414945615	-0.0499743706	0.043702144	-0.0017481453	-0.0456845561	0.0255394143	0.065551124	0.0181262173	0.0058689473	-0.1246561552	-0.0433605355	-0.0671751656	0.1049833655	-0.0545260165	0.0586871496	-0.1070136958	-0.0177572864	0.0684620022	-0.0253214407	-0.022563416	0.0260532614	0.0479763486	0.0298512881	0.0249823922	-0.073544436	0.050860923	-0.0040972132	0.0126993811	-0.0232800919	0.0594879552	-0.0218899642	-0.0866784641	-0.0857772541	-0.0198693207	0.0	-0.0144958729433568	-0.0027864185014152	0.0002101303323899	7.764128065028927e-06	0.1002544072628524	0.0083760791477943	7.015870189011447e-05	0.0100509461756258	-0.0103181449120342	-0.0023185194131656	0.0001064641144257	5.375532269226219e-06	0.0003219718244625	-0.0004489050067609	2.015157050950934e-07	1.0366585574771092e-07	0.0004170215789449	-2.219429705530002e-05	4.92586821778899e-10	1.7390699730569749e-07	0.000133932875399	-0.0004263978345213	1.7938015112644063e-08	1.8181511328445397e-07	0.0	0.0	0.0	0.0	0.0	0.0	0.0	0.0	0.0
8337.339130311253	-6.496696351125138	42.20706347872268	69511223.77381921	6063.64098726339	-0.9634536059929816	36767742.02242054	0.9282428509008792	5297.155985459484	-5.168741167359258	26.715885255154344	28059861.53428924	5120.339647947077	8578.367002454856	1.113876	21.137207	0.0644686368770611	0.0293705827481499	-0.0006423562	0.1183865244	0.0197129307	-0.0161885435	-0.0971783656	-0.0056396843	0.0825153702	-0.0379644447	0.0645909165	0.1112955546	-0.0261083439	0.0391220971	-0.0460261093	0.0124281401	0.0694262466	0.0549581134	0.0282261657	0.0454706311	-0.0259372975	0.0721703537	-0.1087787458	-0.0178531418	0.1074993854	-0.0253317784	-0.0743866984	-3.4575e-05	-0.0614813226	-0.0603861808	0.0495620481	0.0752724462	0.0184315564	-0.042391676	0.0271499543	0.0308194616	0.024182786	0.0879080593	0.0610893293	-0.088704193	0.0629348131	0.1596148969	0.0762765782	-0.00922076	-0.015500268	0.011652283	-0.0579834174	-0.0084158478	-0.008477095	-0.0923424305	-0.0033892496	0.0422176969	0.0570514811	-0.0839985565	-0.0904101892	0.0002876769	-0.0407379264	-0.0995000544	0.0780782154	-0.0121162449	0.1221467521	-0.0903162362	0.0388156528	0.0855912809	-0.0260443059	0.0120819899	-0.0833273293	0.1035498002	0.0365819487	-0.0343938666	-0.0047162764	-0.0160532239	0.0360950772	-0.012686945	0.044174593	0.0165004007	-0.1320372306	0.0752027194	-0.1086389933	0.0124899727	-0.0241930257	0.042965267	0.0125299269	-0.0518656837	-0.0997343842	-0.0611069119	-0.04146437	-0.1182250513	0.020565743	0.1053249189	-0.0712506063	0.0021559207	0.0239975831	-0.0565657311	-0.0391465356	-0.1306138247	0.0813383174	0.0371054675	0.0575063734	0.1091460255	-0.0056149543	0.0598118526	0.0819823695	-0.0621565765	0.0373608111	0.0565188077	0.0327085622	-0.0120519776	0.0726370543	0.0245565707	-0.0133403005	0.0155158402	-0.0395291865	0.0120615317	-0.0089778464	0.0339611825	0.1328054942	0.0461940691	-0.0233386389	-0.1142810272	0.0685090514	-0.0750713287	-0.022492534	0.0328282159	0.0335526414	0.0358943197	-0.1285674674	0.0265584221	-0.0184898067	0.033264486	0.037333055	0.065842816	-0.0020369351	-0.0721705536	-0.1159094392	-0.0660473129	0.080890322	-0.023972167	0.0860820319	-0.0702304508	-0.0506769407	-0.0268774657	-0.0121533684	0.03610267	0.0407483392	-0.0418921	0.0573328429	0.0453389468	-0.0739742251	0.0537246833	0.0622169054	0.0268300928	0.0035509674	-0.0668103333	-0.1150985823	0.0533397479	-0.0377884832	-0.0609022187	-0.0120133329	0.0060218615	0.0115631245	0.0465449968	0.0483182069	-0.0513188352	-0.0680175713	-0.1395754083	-0.0626250804	-0.0579435817	-0.011112587	-0.0561240301	-0.1118301454	0.0103400664	0.0297307543	-0.0520428325	-0.021480378	-0.1088361292	-0.0220931381	-0.1115401765	-0.0016018234	-0.0171173573	-0.0259175042	-0.0953300843	-0.0178541871	-0.006490895	-0.0100027753	-0.0975175904	-0.0847409773	-0.0134894685	-0.0378389529	-0.0103085157	-0.0693822039	-0.0168335959	0.0199879875	0.0472435903	0.1300932632	0.0583999846	-0.0245680825	-0.0883589795	-0.0831792851	-0.0130721264	0.0	-0.0186748788702715	-0.0041790059269146	0.0003487511008193	1.7464090537188184e-05	0.1221313940327064	0.021876986769854	0.0004786025501283	0.0149160774083721	-0.0049479258272668	0.0053702190847673	2.4481969992133847e-05	2.8839253018400007e-05	0.0005449067367566	0.0002229349122941	4.969997511957807e-08	2.9692335176272656e-07	0.0007370687701862	0.0003200471912413	1.0243020462144525e-07	5.432703719837973e-07	0.0002517992737741	0.0001178663983751	6.340287427316416e-08	1.3892487865917776e-08	0.0	0.0	0.0	0.0	0.0	0.0	0.0	0.0	0.0
8334.535053158295	-2.8040771529576887	7.862848679739297	69464474.55232435	6062.402239291822	-1.2387479715680456	36752720.9109705	1.5344965370639476	5297.483631244852	0.3276457853680767	0.1073517606694638	28063332.82330715	5124.350762010749	8525.365359649371	1.18775	22.539076	0.0541864892084345	0.0367038400832356	-0.0091714705	0.0027705362	0.0888810928	0.0204159438	-0.0600319296	-0.0818766927	-0.050658863	-0.0287250462	-0.0557529008	0.0669397909	0.0187792595	-0.028646639	0.0362443142	0.0722040272	0.0373783195	-0.0202792258	0.0508677025	-0.0269336428	-0.0060212611	0.0406903555	-0.0509359326	0.0882837432	0.0809652018	0.0084690815	-0.011482348	-0.0580106716	-0.0144012576	-0.0994935972	0.0443081963	0.1211016309	0.0493474104	-0.0602717802	-0.1345532825	0.1009329348	0.0530508004	0.0950562365	-0.1439388971	0.0304252882	-0.0024579791	0.0703127984	-0.1451066197	0.0286550845	0.0136272867	0.0356120855	-0.0464174367	0.1208388262	0.0751961108	-0.1000626942	0.1139469477	-0.020231194	0.0189816833	0.023428304	0.0318884774	0.0147073001	0.0452027722	-0.0691500285	0.0148938297	0.0212507181	0.0473484898	0.0397997597	-0.1509888357	0.0673107911	-0.0623013626	0.0536136169	-0.0050577078	-0.0145660042	-0.0185597732	-0.0104769561	-0.0241949907	0.037012637	0.0194408159	0.0657810078	-0.0362836078	0.1451813605	-0.0005754092	0.09943682	-0.0512225475	0.0011008109	-0.0824213545	0.1113228422	-0.0257719898	-0.0265144296	0.1333435051	-0.01467391	0.1139062037	0.0217575682	0.0581181127	-0.1395170169	0.0441962904	0.0766709809	-0.1265134897	-0.0428384855	-0.1313158406	0.0058518831	0.01383191	-0.0695394885	0.112795463	0.0318549513	-0.0976909509	0.0724645164	-0.0232082179	-0.0765950632	-0.0314339633	0.017366298	-0.0325064581	-0.0210250612	0.0865484111	-0.0184188839	-0.0110943261	-0.0174342941	-0.0915963136	-0.0140774932	0.015055746	0.2220680981	-0.0854223834	0.1069972387	-0.0252298823	0.012050521	-0.0255220447	-0.0487680586	0.0355962822	0.0571438474	0.071097289	-0.0398728728	0.0032564457	0.1073064933	0.007077256	0.0120980354	-0.1208561636	-0.0304204728	0.1342813909	-0.0819870696	-0.0910801426	-0.0192767809	-0.0378005838	0.0002103317	0.0604899561	0.0464151806	-0.0691508484	-0.0320189856	-0.1084329078	0.0980282649	0.0237731023	0.0738100649	0.1001900285	0.0480392365	-0.0559483469	0.0311612152	0.0147404079	-0.0453281642	-0.1642278201	-0.0704042328	-0.0056171239	0.0626661139	-0.0990393897	0.019467209	0.0425684259	0.034591498	0.0509397618	-0.1111270145	0.0577041788	0.0234163803	0.0292300354	0.0306033909	0.0166992667	-0.0175321262	0.0444749358	-0.0049319231	-0.130160987	0.0133936112	0.025798676	-0.0303016279	-0.0599176312	-0.0015732284	-0.0926616275	-0.0763743512	-0.0726998417	-0.0070506636	0.0321051738	-0.0187992624	0.0654546758	-0.0616770609	0.0372289283	0.0675103896	-0.0145221503	0.0108085157	-0.1167244821	-0.0356554037	0.0370874429	-0.0214326401	0.0130261535	0.030533317	-0.0768411513	0.057299886	-0.0272257935	-0.0898743702	-0.080305003	-0.0062070923	0.0	-0.0185810722498587	9.380662041279936e-05	0.0003452562459544	8.799682033271025e-09	0.0883588872438849	-0.0337725067888215	0.0011405822148009	0.0078072929549775	-0.009415413257372	-0.0044674874301052	8.86500068070964e-05	1.995844393814796e-05	0.0005089425131957	-3.596422356090003e-05	1.2934253763383966e-09	2.590224817379553e-07	0.0004560639958894	-0.0002810047742967	7.89636831775955e-08	2.0799436834660666e-07	0.0002518840432983	8.476952420002556e-08	6.344557126829987e-08	7.18587223309872e-15	0.0	0.0	0.0	0.0	0.0	0.0	0.0	0.0	0.0
8333.966039611838	-0.5690135464574269	0.3237764160520582	69454989.94940342	6045.337689451911	-17.064549839911706	36546107.77950776	291.1988612388306	5303.981221900796	6.497590655943895	42.21868433220942	28132216.802276265	5128.0433193463095	8504.776088836727	1.173627	22.271072	0.0874372526607928	0.0510122724833303	-0.0542626667	-0.0866637609	0.0763792938	0.0436472877	0.0258871528	0.0161235032	-0.1114702971	0.0251951383	-0.0906632695	0.0126573208	-0.0158416772	-0.089346355	0.0442486387	0.0013573779	-0.0715941904	-0.0390518985	0.0407403697	0.0224088533	0.0004041231	0.0728266637	0.0232722932	0.098589705	-0.0145190959	-0.0485532486	0.0857769131	-0.1030926971	-0.0102626249	0.1082260151	-0.0325100633	0.042479365	0.0889473139	-0.0513785653	-0.0068051314	-0.0599954864	-0.0450773037	-0.0097508785	-0.0117435736	0.0745867747	0.1160140593	0.1313888594	0.0532226183	0.087479201	-0.0169659364	0.0140689175	0.0221395327	0.0149555991	0.0094115989	-0.0371369054	0.0397023802	-0.1510297024	0.0619385693	0.087783228	0.0555673312	-0.1645423452	0.0703712727	0.0039186266	-0.0999369868	0.0382706049	-0.036010823	0.0030352201	0.0404037816	-0.0013948064	-0.033946834	0.0087756047	-0.0099178713	0.0567961243	0.066597091	0.0275204252	0.0520638175	-0.0264808812	0.099609357	-0.0214377842	0.0676880391	-0.0146516286	0.0062896394	0.0014893422	-0.0230824133	0.1106290445	-0.1533288952	0.0068715167	0.0100998997	-0.1040007289	0.0312991623	0.0277389331	-0.0999198332	-0.0539842836	-0.0362580782	0.0261583731	0.0178979384	0.1044710787	0.079121195	0.0978645862	-0.0208789401	-0.0080538623	0.0208086507	-0.0109620274	0.0335982308	-0.0469570575	-0.096369697	-0.0142956508	0.0080994016	0.1037373881	-0.1150605526	-0.0576083083	0.0108673276	0.0264414876	-0.0505799161	-0.0328014731	0.0059190228	-0.0430656004	-0.0524653719	-0.0332242723	0.0700243915	0.0185339274	0.0451229308	-0.0977153746	0.0047161121	-0.0135417207	0.1299814417	0.0876056178	-0.0553862168	0.0951558145	0.050972788	-0.0661326692	-0.0674982617	0.018741691	0.0404641487	0.0429558735	-0.0163164427	-0.1245178474	0.0354157097	-0.1090541461	-0.1017751938	-0.0285818145	-0.0142599512	-0.0126768359	-0.0541153876	0.0205199909	-0.1131618464	-0.059358645	0.0304921986	0.0117406721	-0.0529093616	-0.026546794	0.0173072692	0.0280132236	-0.0505398291	0.0657303617	-0.0364657844	0.1308511484	-0.0501558547	0.0835189396	0.0150846922	0.0374215051	0.0162756798	-0.0802398166	-0.0232076066	0.0501435583	-0.1037410733	0.0057000993	0.0136831328	0.0658321305	-0.0467148849	0.0020020964	0.0143782796	-0.0061486944	-0.0183947257	-0.1138114367	0.1003063058	-0.0508079764	-0.0015393667	0.0199036026	-0.0659650202	0.085623902	-0.0705649346	0.0037362961	-0.0169921831	0.0233795455	0.0010284058	-0.0878528736	-0.0075603653	0.0829500968	-0.0373694932	0.119979969	-0.0661093191	0.0443819667	-0.0319140159	0.0237263393	-0.1213196286	0.0087265704	0.1231103494	0.0172319327	-0.1025257148	0.0561878877	-0.0298608894	-0.0912218041	-0.0771639557	0.0006901546	0.0	-0.0144595809693299	0.0041214912805287	0.0002090794818086	1.6986690375474924e-05	0.088365359220063	6.471976178104577e-06	4.1886475649953125e-11	0.0078084367100907	-0.0163509459349029	-0.0069355326775309	0.0002673534329661	4.810161352109894e-05	0.0011511952929272	0.0006422527797314	4.124886330728386e-07	1.3252506024577417e-06	0.0006500439656584	0.000193979969769	3.762822867158216e-08	4.225571572888992e-07	0.0009431264283289	0.0006912423850306	8.894874598124277e-07	4.778160348627922e-07	0.0	0.0	0.0	0.0	0.0	0.0	0.0	0.0	0.0
8335.60145832487	1.6354187130327773	2.6745943669377854	69482251.6720277	6059.125324154375	13.787634702464857	36712999.69380887	190.0988706886132	5302.504740744445	-1.4764811563509284	2.179996605059374	28116556.52561732	5126.496921409831	8552.257656320116	1.175654	22.309528	0.0211697105548344	0.0112523704246625	-0.05462789	-0.0998504613	-0.0059133478	0.0292597484	0.0098657219	0.08941592	0.0828603826	-0.1440353692	-0.0657367213	-0.0281147691	-0.0251488695	-0.0610604788	-0.0422397884	0.0288152429	0.0147187474	0.0948468368	-0.0334564948	0.1213678456	-0.0531837209	-0.0656943273	0.1021272632	0.0634749442	0.0422443406	-0.0730753261	0.0001540889	-0.0390082501	-0.087021357	-0.0357879789	0.0726459724	-0.0427797047	0.085122671	0.0895764092	0.0839015185	-0.0148094046	0.0517855827	0.0342539333	0.0453300845	0.0464497818	-0.0490957043	-0.0106374735	-0.0239643327	0.0085181727	0.0188030121	0.06763079	0.0569641306	-0.0802566583	0.0316706135	-0.0326929724	0.0049332601	0.1035087142	0.087014697	-0.047107739	-0.0032080385	0.0022560351	-0.1006696439	0.0953941992	-0.0462440132	0.0687960221	0.0087946836	0.0688223631	0.0732097049	0.014589124	0.07749253	0.0567404678	0.0251649706	-0.0773598412	0.053785567	0.0149819441	-0.1374529554	0.1229377594	0.1299126497	0.1301218503	-0.0480712235	-0.0779573147	-0.1011407995	0.0305040963	0.0280058577	-0.057838373	0.0850942399	-0.0758281655	0.0284594052	-0.0701000085	-0.0148939582	-0.0348297455	0.0845538281	-0.0229758004	-0.0119773477	0.0616959925	-0.0012556028	-0.0812665457	0.0272307395	0.0348454357	-0.0558341023	-0.1374271893	0.0371038999	0.000503273	0.0013360969	-0.1069020224	-0.0232563536	0.0049776569	0.1010265809	-0.052849359	-0.0112750563	0.0642622585	-0.0765284841	-0.0447002004	-0.0924699535	-0.0201269011	0.0323069251	0.0102057037	0.0167134013	-0.0784043957	-0.0073500373	-0.0521724517	-0.0099045005	-0.0848205501	0.0762968916	-0.073342537	-0.0195377969	-0.068204546	0.1015387632	0.0114269264	0.0473519342	-0.0512026291	0.0300863941	0.0146570377	0.0543404286	0.0683737073	0.0263834898	0.0458175251	-0.0239691548	-0.0373598235	-0.005388386	0.0115193183	0.0834515222	0.051924337	-0.0654959046	-0.0883316179	0.1154659436	0.0722005398	-0.1007064616	-0.0592863222	0.0003654919	-0.0423711559	0.0268283425	-0.1567072865	0.003383005	-0.0268736355	0.0831105232	-0.0727437251	-0.0022467167	-0.0929663099	-0.088126754	-0.0289613449	-0.0017313598	-0.0617712086	-0.1136671206	-0.0757828767	-0.0515532903	-0.0270563624	-0.0163543573	0.0482610616	0.0188426484	0.0134423045	-0.0640704034	0.022503697	-0.0029220077	0.0914270044	0.0606212056	-0.0472367612	0.0220213855	0.1027681081	-0.0247112511	0.0784268191	-0.0328993583	-0.0139480189	0.0523163411	0.0178991246	-0.0524611916	-0.0715235665	-0.1210077464	-0.0727190073	0.0293025531	0.0149250867	-0.022776491	0.0385594501	-0.0779686639	-0.0755047942	-0.0759307826	-0.0060359807	0.0195412995	-0.0511340146	0.0450837485	0.0550642208	-0.0324711814	-0.0923987632	-0.0737665775	0.0075838198	0.0	-0.0184914641255034	-0.0040318831561734	0.0003419342455047	1.6256081785035566e-05	0.0935968711284971	0.0052315119084341	2.73687168480878e-05	0.0087603742850444	-0.014146955442996	0.0022039904919069	0.0002001363483061	4.857574088416019e-06	0.0011082675305345	-4.2927762392699865e-05	1.842792784044097e-09	1.228256919237039e-06	0.0004990232933015	-0.0001510206723569	2.280724347913016e-08	2.490242472574749e-07	0.0009432244935457	9.806521679997603e-08	8.896724452245422e-07	9.616786746026298e-15	0.0	0.0	0.0	0.0	0.0	0.0	0.0	0.0	0.0
8334.799144487275	-0.8023138375956478	0.6437074939974555	69468876.77894582	6082.242884393948	23.117560239572413	36993678.50476081	534.4215914302594	5302.912911587899	0.4081708434532629	0.166603437445348	28120885.34788565	5127.37684604924	8498.317256632947	1.187876	22.541468	0.0277394741212747	0.0129391820687768	-0.0349268763	-0.0146744138	-0.0950509969	-0.0401141782	0.018911571	0.0435163893	-0.0824232222	-0.0159061263	0.0211998064	-0.0822172571	-0.0800848315	0.0320502196	-0.0051361485	-0.0183604575	0.0803867219	-0.0583965339	-0.0219803427	0.0398597303	0.0435154117	-0.0816747223	0.0428552345	-0.0881606605	-0.0261584151	-0.0459802971	-0.0093272753	0.0814581955	0.0295094335	0.0202621689	0.0554540636	0.0614257377	0.0672980623	-0.0009535795	-0.1267530848	0.1077452101	0.0486509453	-0.0030035077	-0.1120111214	0.0749134628	0.0385084166	0.0043507142	0.0585015478	-0.0280449692	-0.0254790447	0.1034865079	0.0847657177	0.0785409336	0.0162009352	-0.0354054446	-0.0318605103	-0.0921446388	-0.1335297449	-0.1054770988	0.0117846863	-0.0060610828	-0.0576054751	0.0199168014	-0.0128912147	0.0825666128	-0.0043957734	0.0474236996	0.0345677065	-0.1215504407	0.1454565384	-0.0247087009	-0.0903976884	0.0474457526	-0.0472869094	0.0253032654	-0.0160138676	-0.0759878278	0.0965906423	-0.1098403311	-0.0899057613	0.0540702155	-0.0333680767	-0.1315132836	-0.0154249114	-0.0328459344	-0.0528015162	-0.0012770034	-0.1656048594	0.0159371318	-0.038058932	-0.017245218	-0.0428681023	-0.0584638734	0.0597454529	0.1219660301	-0.0258448303	0.0031266808	0.1374023296	0.0286434048	-0.0012560403	-0.0518267751	-0.1199825729	-0.0176844642	-0.0244550283	-0.0354520579	0.0970029613	0.0149649256	-0.0529222733	0.0010970919	0.0684014983	-0.0315128816	0.0506103226	-0.1153828508	0.0155732682	0.0443210703	-0.0574650322	0.0611365401	-0.1210374841	-0.0462077153	-0.0035061552	0.1817967685	0.0099108451	0.0055009796	-0.0004827607	0.0602832771	0.0397848638	-0.0349535048	0.0692972848	0.1141438306	0.0093249056	-0.0440996497	-0.0111308698	0.0185859901	0.0550356091	-0.0338159947	0.0998845327	-0.0363326326	0.0371442582	0.1001309649	0.1281772841	0.0443439333	0.0849624274	-0.1040997244	-0.1639489315	-0.0374242114	0.07136952	-0.0634629848	0.0828598537	0.0241389472	-0.0103350353	0.0126926132	-0.0869522938	-0.0057425527	0.0348508959	0.1009369007	-0.0699814483	0.0049529239	0.0144684848	-0.0691063286	-0.0409930361	0.0762608454	0.0066070726	-0.0538921559	-0.0978080047	0.0196034881	-0.0260319381	0.0892821115	-0.0613768184	-0.0204256532	-0.0592207502	0.0092671583	0.0491057861	0.0771277159	-0.0954758572	-0.0127215329	-0.0443831875	-0.0340958942	0.0296249874	0.074720342	0.0347702782	-0.0602018459	0.0255399434	-0.0296202246	0.0902102278	0.0152426809	-0.0419401203	0.0139206527	0.1033993303	-0.0298651344	0.0329370453	0.074785865	0.0724018837	0.0720584288	-0.0240917836	-0.0268835722	-0.0204746	0.0477658564	-0.0013317486	-0.0389632826	-0.0916343507	0.0539291185	-0.0350545013	-0.0934030479	-0.0701241541	0.0144381275	0.0	-0.0104271658479859	0.0080642982775174	0.0001087257876214	6.503290670877169e-05	0.0904440072844749	-0.0031528638440222	9.940550418942476e-06	0.0081801184536741	-0.0179447181435961	-0.0037977627006	0.0003220129092531	1.4423001530069353e-05	0.0011297453600338	2.147782949929997e-05	4.6129716000100013e-10	1.2763245785179005e-06	0.0006129661884659	0.0001139428951643	1.2982983358445445e-08	3.757275482024132e-07	0.0008241542322267	-0.0001190702613189	6.792301984971814e-07	1.4177727130574937e-08	0.0	0.0	0.0	0.0	0.0	0.0	0.0	0.0	0.0
8344.140486636414	9.341342149138654	87.26067314727437	69624680.46072496	6071.173928180144	-11.068956213804086	36859152.86621432	122.52179166311208	5298.944841803602	-3.9680697842968575	15.745577813049715	28078816.436477	5123.338709040069	8561.313114733795	1.147237	21.770287	0.0427289550908107	0.0245151848163542	-0.0332857071	0.0935442146	-0.0027706732	-0.0526702193	-0.0898735943	0.0608433538	-0.0132941322	0.0102514321	0.0992542607	0.009302122	-0.0222216022	-0.0810879499	0.0202531737	-0.0569207755	0.0561798836	0.0792870236	-0.0106343981	0.0061324783	0.027695462	0.0958748654	-0.085183857	-0.0723020971	0.048310302	-0.0148426861	-0.0293187883	-0.0249718199	-0.0310164972	0.0236448167	-0.0690196185	-0.0402479354	0.0166668942	-0.023147799	0.0327448411	0.1110526979	0.0800904863	-0.0693984119	0.0300678049	-0.0244286877	-0.0527201966	-0.1717491364	0.0769643339	-0.0167088248	-0.0226871042	0.001520142	0.064717168	0.1165749039	0.0583563464	-0.0584495811	-0.0507304022	-0.1166795059	-0.0883651187	0.0233574089	-0.0041269695	-0.0171033706	0.0424697828	0.0801656318	0.003799856	0.1258812994	-0.1122524958	-0.0057854526	-0.0631032948	0.0554870108	-0.0225474344	-0.0332451283	-0.056408148	-0.0581570511	-0.0030434796	-0.0326474908	-0.0910831926	-0.0780894535	0.0315678647	0.1023463427	0.0496269392	-0.0851646182	-0.0898325606	0.0352384668	0.0291523511	-0.0075534012	0.081802581	-0.0864511742	0.0566632926	-0.052158338	-0.0288826471	0.0270947309	0.0160112375	0.0583580283	0.0411181194	-0.0407308213	-0.1505273431	-0.040500572	-0.0229804724	-0.0900499475	-0.0293361336	-0.071303833	0.087788597	-0.1227787573	-0.0193702875	0.0970799293	0.051010842	-0.0346028318	0.0942200919	0.0057410192	-0.0058017206	-0.0355238999	0.0327334545	0.0194889912	0.0026618955	-0.0050077756	0.0188965315	-0.0632226883	0.0059838232	-0.0440084309	-0.0481762604	0.0060303655	-0.0371196758	-0.015363823	0.0658346525	0.0640582373	-0.0161071119	-0.1993383036	0.0339927404	-0.0767202705	-0.0246990928	-0.0798781243	0.0750892909	0.0367675236	-0.0052894882	-0.0496056399	0.1162924164	-0.1196637519	0.0734339822	-0.0220223022	0.0342574442	0.0041304892	-0.0467328828	-0.0591828385	-0.1212847557	0.0453791903	-0.0170812738	0.0161956023	0.0546124257	0.0414811572	-0.0315602968	-0.028932046	0.1304315052	0.0142549136	0.0413475862	-0.1254445639	0.0393734168	-0.0053109218	0.090742251	0.0159965057	-0.0626586112	-0.0213862541	-0.0229169016	-0.0019550023	-0.0024238863	-0.1352124984	-0.0807777329	0.0653327822	-0.003263243	0.0321469787	-0.0696218572	-0.0013153	-0.0280250238	-0.0338746344	0.0917828115	0.0141397603	0.0119146459	-0.0223891049	0.0107437371	-0.0559640354	0.0297084542	-0.0886030102	0.0138559489	-0.0784192635	0.0114964955	-0.0051456268	-0.0469655949	-0.0373704343	-0.0843311852	-0.0069160033	-0.0718113389	0.0841817776	-0.0119746332	0.0894357647	-0.0444849254	-0.0488557621	0.0020212956	0.0230532066	0.0546742885	-0.1262144957	-0.0012777646	0.0527828167	-0.0376087033	-0.0942327815	-0.0662487853	0.0212175063	0.0	-0.01229060890644	-0.001863443058454	0.000151059067291	3.472420032100765e-06	0.1043416257668354	0.0138976184823605	0.0001931437994812	0.0108871748676663	-0.004918359483085	0.013026358660511	2.4190260004852145e-05	0.0001696860199522	0.0008867434212875	-0.0002430019387463	5.9049942234460563e-08	7.863138951966606e-07	0.000634859789719	2.1893601253100085e-05	4.793297758297456e-10	4.030469526020529e-07	0.0008102190744364	-1.39351577903e-05	6.564549485805767e-07	1.941886226405588e-10	0.0	0.0	0.0	0.0	0.0	0.0	0.0	0.0	0.0
8342.862913859564	-1.2775727768494107	1.6321922001467142	69603361.5994533	6064.161717960491	-7.012210219652843	36774057.34157753	49.17109216460377	5299.467203776042	0.5223619724401942	0.2728620302516102	28084352.64389786	5124.069778727759	8556.407109607186	1.123728	21.324175	0.0274963072390757	0.0173159000716063	-0.0344811496	0.0514412973	0.0878279698	0.0095957477	-0.0495465512	-0.0188152669	0.0206965752	-0.019473274	0.0395584661	0.061323659	0.0152422942	0.03828233	-0.0213943787	0.1052634341	0.0884116043	0.0189008375	0.1176077642	0.0063051081	-0.0826075952	0.0454392344	-0.1013898363	0.0370152923	0.0582486228	0.0748395238	-0.0148368342	0.0229324042	-0.0177921471	-0.0845184305	0.0078223687	-0.0534506428	0.0042678805	0.0171324097	0.049876016	-0.0245355865	0.000387972	0.0484087932	0.0680340386	0.0303671732	-0.0564709977	0.0188323431	0.105458309	-0.0602478686	0.0531157853	-0.0158384137	0.0019687783	0.0109558731	-0.0783081246	-0.032468749	0.003470452	0.0084525165	-0.0796706734	-0.0714599744	-0.0325675502	0.0195344281	0.0689913122	0.1155707139	-0.0398276286	0.0874108682	6.96663e-05	-0.1147581204	0.1222909185	-0.0472266749	-0.0326722159	-0.0939773714	-0.0614595277	-0.0418036836	-0.0389101019	0.0636529983	0.142000818	0.0322083732	0.0350052285	0.0237234643	-0.0093639708	-0.0185206653	-0.0612991466	0.0003752125	0.0167572553	0.0443348385	-0.0260562994	-0.0099017286	0.1118041508	0.0528334295	0.0377101286	0.0330222	0.0234320408	-0.0067733784	0.0745086473	-0.0992221316	0.0293682564	-0.0027036171	0.0252763671	-0.0605752265	-0.016747793	0.0491934934	0.0720178645	0.0983346716	0.1216263138	0.0898032283	-0.0515130946	0.0332035314	-0.0276161734	-0.1337786148	-0.022299466	0.0969226759	0.0387545372	0.0214672828	0.0338621267	0.0525285105	0.0403622542	0.0260287989	0.0046962157	-0.0276938801	-0.0063184166	0.0015469522	0.1014277324	-0.0433709695	-0.0231601261	0.0397464392	-0.0222712275	0.0206384985	0.0902882621	-0.0334561304	-0.0080513975	0.0471832915	-0.0183660302	0.0209108673	0.0103750599	0.0032527714	0.0773268366	-0.0340590497	-0.1002470148	0.0229531286	0.0303876145	0.0035326029	0.0650741811	-0.0062197311	0.0756381904	0.067498891	-0.0233685804	-0.0464710969	0.1179164832	-0.0360354114	-0.0116292802	0.0300020308	0.0855945729	-0.073143264	-0.0278189976	0.003578867	-0.0355624422	0.0002774273	0.0879586051	0.0430055939	-0.0301005601	-0.1184077086	0.0060370013	-0.0226726127	-0.1096691264	0.0128862302	-0.0091743988	0.0031109021	0.0444549958	-0.0093842781	0.0445647792	-0.0023922092	0.0309084087	-0.0251470531	0.0582191539	-0.0383946642	0.0305305406	-0.0309668418	-0.001888459	-0.0891261557	0.0109289095	0.0052866705	-0.0629118305	-0.0505410852	-0.1067656417	-0.0287044088	-0.1103570809	-0.008178488	0.027423886	-0.0928209927	0.0420940436	-0.0158271522	-0.0414779641	0.0493043358	-0.0177141437	0.0105610355	-0.065008791	0.0040839854	0.0390243801	0.0202047006	0.0082368942	0.0516255532	-0.0401316657	-0.0948864133	-0.0621533448	0.0278867734	0.0	-0.0103200266515699	0.00197058225487	0.0001065029500891	3.883194423208925e-06	0.1211974638170829	0.0168558380502475	0.0002841192763761	0.0146888252356931	-0.0015219391368219	0.003396420346263	2.3162987361901905e-06	1.1535671168509954e-05	0.0009177154872474	3.097206595990007e-05	9.592688698244008e-10	8.422017155337329e-07	0.0006778867926684	4.302700294940001e-05	1.851322982807677e-09	4.595305036742504e-07	0.000841689337281	3.147026284459995e-05	7.084409404925289e-07	9.90377443508208e-10	0.0	0.0	0.0	0.0	0.0	0.0	0.0	0.0	0.0
8343.30317193303	0.4402580734658841	0.1938271712518917	69610707.81878777	6059.5546185697485	-4.607099390742405	36718202.17542997	21.225364796179043	5303.174828743285	3.7076249672427366	13.746482897721704	28123663.264216367	5127.33246335805	8547.592762546126	1.136922	21.574543	0.0633203534294337	0.0337323561029052	-0.0114609051	-0.060825328	0.0908224197	0.0492084904	0.064720513	-0.0315427614	-0.0748569764	0.0860805623	-0.0810557469	0.0128463088	0.0331616996	-0.0244448842	0.0637833142	0.0210597673	-0.0415277856	-0.0449445382	0.0541353766	0.0138394214	-0.0578994826	0.0328533107	0.0074255528	0.1251694202	-0.0032027312	0.0562083546	0.0456792173	-0.0175953091	0.1154443252	0.0427408304	0.0158819911	0.0258424419	-0.0386089088	-0.0243600777	0.0851797089	-0.0118664843	-0.0231112421	-0.0373361017	0.0015258449	0.0372682411	0.0550626573	0.0105500152	0.0521591264	-0.1213137373	0.0727881005	0.042356576	0.002796214	-0.0813719413	-0.1482837649	-0.0668655633	-0.0891971322	0.0116770891	-0.0369713541	-0.0404266572	-0.0496865584	-0.0605740628	-0.0337146972	-0.0951258409	-0.043139335	0.0589142147	-0.0141020713	0.0463257782	0.068724047	0.0522029625	0.0780930955	-0.051680117	0.0384060972	-0.0999024533	0.0022210857	0.1573719582	0.1222426103	0.0501271009	0.1287382328	0.063211674	-0.0676415981	0.1175778888	-0.0886868036	-0.1226102422	-0.0367914778	0.0495203507	-0.0586115466	0.0121991812	0.13685149	-0.0189278246	-0.0286940779	-0.0660019409	-0.0207059016	0.061985433	0.1232942556	0.0384862268	-0.0584682963	0.0152029416	-0.1591267954	-0.0898343655	0.0418757007	-0.00901649	0.0256505704	-0.0206874026	-0.0234250012	-0.0307655673	-0.1111522445	-0.0015907829	-0.0653933704	0.0092508572	-0.0657205042	-0.0862293262	-0.023988127	0.0435503032	0.0102994968	0.0539017336	-0.0430943227	0.0484958249	-0.000954103	0.0091308003	0.0300001202	-0.0630351932	0.065500755	-0.0339204836	0.0773353168	0.0032418684	0.0457095232	0.0345710758	-0.0169787879	0.0860430936	-0.0982011255	0.0558533526	0.0561834359	0.0338880768	0.1065153401	-7.51697e-05	0.1033877707	-0.049600946	-0.112576715	-0.0071762473	0.0045666232	-0.0110553737	-0.1089878495	-0.1008395146	0.0140078989	-0.0129070523	-0.012682294	0.0560541587	-0.0170501958	0.0594723482	0.0118251702	-0.0872981793	0.0510058869	-0.0743320973	0.0083165255	0.0570447388	-0.1339719614	0.0352112847	0.0253171404	0.0124403604	-0.1002752561	-0.0877790507	0.0935816661	-0.1546358359	-0.0802371539	0.0535924966	0.1743709122	-0.1606592125	-0.0133800449	0.0105695861	-0.1377517263	-0.133294034	0.0083674018	-0.0161423791	0.0405752712	-0.0068014574	-0.062409589	-0.0364594716	-0.0232474285	-0.0113445089	-0.0570750022	0.0842195955	-0.0826610986	0.0108470165	-0.0530801123	-0.0480427232	-0.0179141502	0.0060433563	0.0224524388	0.0508389567	-0.0047716934	0.0781094842	0.0459694243	0.1085012216	0.0364462936	-0.0384619137	-0.0829091381	0.0804627961	0.0394891636	-0.0746535303	-0.023501352	0.0504575686	-0.0426212929	-0.095362722	-0.0578514371	0.0344113177	0.0	-0.0113513939011227	-0.0010313672495528	0.0001288541434984	1.0637184034501085e-06	0.1041720879061784	-0.0170253759109045	0.0002898634249076	0.0108518238987325	-0.0142890392109933	-0.0127671000741714	0.0002041766415733	0.0001629988443039	0.0013421255924348	0.0004244101051874	1.801239373851799e-07	1.801301105868463e-06	0.000802133849991	0.0001242470573225	1.5437331253325443e-08	6.434187133013841e-07	0.0009429623786671	0.0001012730413861	8.891780475815154e-07	1.0256228911590742e-08	0.0	0.0	0.0	0.0	0.0	0.0	0.0	0.0	0.0
8349.21552417802	5.912352244989961	34.95590906883783	69709399.86917526	6075.904531298585	16.349912728836898	36916615.87345468	267.3196462405828	5302.597366337578	-0.5774624057066831	0.3334628300045498	28117538.82949022	5126.633482519735	8607.52734510676	1.095862	20.795372	0.0334347174982915	0.0196599307373709	-0.0139832748	-0.0930966495	-0.026614945	0.0406096188	0.0433947973	0.0455567896	0.1067478458	-0.0257713521	-0.0734570998	-0.0437691929	-0.007718634	-0.0375996882	0.0211806201	-0.0055877721	0.0274341057	0.0886383217	0.0238382056	0.0517321712	-0.0531024985	-0.0057965803	0.0719078483	0.0235007453	0.0027702273	-0.0139068675	-0.0472857915	-0.0622104238	0.0110347726	-0.0181676663	-0.0277630885	-0.0748653967	0.0637335504	-0.081411402	0.0001014242	-0.0036681176	-0.0851350642	-0.0423071542	0.1838208434	0.0992664573	0.0041422076	0.0494032524	-0.1202626863	0.005557713	0.0668656087	-0.1103985027	0.0372859179	0.0764729424	0.0236787917	0.0055831129	0.0609740617	0.1057043795	0.0575478771	0.0886326546	0.0753375888	0.0397764318	0.0325336027	0.0313687765	-0.0001800919	-0.0547998297	-0.0436835876	0.0999327957	0.060189655	-0.0419836434	-0.0407995121	0.0605527153	-0.140132747	-0.0393581657	0.0978695147	0.1070574657	0.0503494123	-0.0589525597	0.0957745061	0.0223090226	-0.0195520823	0.0402370459	-0.012546932	-0.0482554833	-0.008408837	-0.1485612014	0.0469956759	0.1643771528	-0.0372864367	-0.0340069773	-0.1317512638	0.0621590253	0.1008526302	0.0079882084	-0.0500289092	-0.100140613	0.0802726593	0.0282045876	0.0025000566	-0.0600480612	0.0964234719	-0.1576229974	-0.0958356983	-0.03020393	0.0092818585	-0.0932066986	-0.0078938506	-0.0362301476	0.0692339423	-0.0242136279	-0.0150314189	0.0297203127	0.019391096	0.0563750675	-0.0161538816	0.0369134505	-0.0185982613	-0.0258512883	-0.0121346722	-0.018327543	0.1413283817	-0.0331432475	0.1059340001	-0.0577604875	0.1027252914	0.0803241665	0.0163826594	-0.0480875325	-0.0165689278	-0.0487343263	0.1087573205	-0.0054640968	-0.0342846423	0.0883052907	0.0243548027	0.0539746542	-0.099943078	0.1063375029	0.042743426	-0.0811182834	0.0180693336	-0.0286292318	-0.0311211228	0.0750078563	0.0407778346	0.0766900995	0.0019673328	0.0021000001	-0.0938605745	-0.1319489937	-0.036814212	-0.0060971685	0.0330336378	-0.0647027676	0.0680079975	3.1818e-05	-0.0252647483	-0.0050923141	-0.0374282088	-0.0042781674	-0.0277811486	0.0636708628	0.0765689126	-0.0150986498	-0.0817799088	-0.0096035047	-0.0635353217	-0.0686625576	0.0159612061	-0.1163139085	-0.0570735655	0.058633246	-0.1612989734	0.1130846392	0.0040492933	0.1832936152	-0.1356346302	-0.0338086004	-0.0126938027	0.0600968302	0.0276070518	0.0646795893	-0.0253222774	0.0608644644	-0.0070159118	-0.053042674	-0.0575827257	0.0226171145	-0.0820503282	-0.069407749	-0.0068953378	0.035963357	-0.0506906803	0.0957326163	-0.0008269676	-0.0322348895	-0.0148184297	0.1273557125	0.0544480357	-0.0703651523	0.0256583856	0.0492791053	-0.0450755168	-0.0956608172	-0.0533573527	0.040757279	0.0	-0.0055101442717813	0.0058412496293414	3.036168989584428e-05	3.412019723228104e-05	0.1107769780688698	0.0066048901626913	4.36245740612175e-05	0.0122715388700708	-0.0158131347607621	-0.0015240955497687	0.000250055230962	2.322867244825054e-06	0.0010171524728158	-0.0003249731196189	1.0560752847490485e-07	1.034599152955297e-06	0.0007379800888422	-6.415376114879997e-05	4.115705069537277e-09	5.446146115275414e-07	0.0009431251410291	1.627623619999746e-07	8.894850316411598e-07	2.649158648381077e-14	0.0	0.0	0.0	0.0	0.0	0.0	0.0	0.0	0.0
8351.436770415878	2.221246237857485	4.933934849196033	69746496.13025439	6067.407007625447	-8.497523673138858	36813427.79618238	72.20790857555531	5301.793747126467	-0.8036192111112541	0.6458038364670744	28109016.9370693	5123.168449167566	8607.505007411575	1.071792	20.338617	0.0420710086476134	0.0224983434919846	-0.0636373442	-0.0292613892	-0.0854081074	0.0686087935	0.0880860033	0.0016154872	0.0561585913	0.0422388207	-0.0060991684	-0.070210274	-0.0419600106	0.0940726661	0.0225865496	0.0656059374	0.0423256492	0.0140071609	-0.0283247368	0.1635705662	-0.0387959788	-0.0856807269	0.0739987184	-0.0417350337	0.0232575523	-0.0315437216	0.0820622137	0.0420542654	-0.0528630396	-0.0683796477	0.0857344099	0.0109260908	-0.0815961448	0.0960975494	0.0236073465	-0.0346669592	0.0323253719	0.0464627573	0.1157392575	0.1476285534	0.0043295826	-0.0530217233	-0.0320657113	-0.0010389257	-0.1410394251	0.0980138812	0.1800946314	0.1041107691	-0.0367972364	-0.0639279723	0.026838327	0.0579899526	-0.0870926396	0.0936944904	-0.1390761799	-0.0464357949	-0.0070534553	-0.022770279	0.048912867	-0.0812309428	-0.0007331604	-0.0901541158	0.0253319228	0.0527407532	-0.0304888523	-0.0122434228	0.0786427178	0.0369408097	0.1489642454	-0.0300643825	0.1155967662	-0.0594844087	-0.0628270284	-0.0397874862	-0.0013779104	0.0624532006	0.0471983354	0.0474006844	-0.0057979547	-0.0473240835	0.1130444048	0.0612884199	0.0743650041	0.011548424	0.0680002454	0.0443220609	0.0027251615	-0.1526571969	0.0590275359	0.0426403235	0.0095578342	0.0867821624	0.0456202684	-0.0991138531	0.169154733	-0.0564152219	-0.0226468827	0.0635344901	-0.049092355	-0.0743392845	0.0575346994	0.0903497653	-0.0581898511	-0.0851008423	0.0358322457	0.045062934	-0.0288480577	-0.064242328	-0.1064346234	0.0471633712	-0.0059659372	0.0692308454	0.0572416416	0.0118911969	0.0099414933	-0.0613223196	-0.0138862645	0.0234877305	0.1711196498	0.0686844701	0.0383876752	-0.0970459139	0.073660221	0.089002927	0.0801741271	-0.0103728957	0.0213618743	-0.0536205504	-0.0527843828	0.1559925652	-0.0819763987	0.0167279389	0.0863916505	0.0530769352	-0.0730577618	0.0023181347	0.0061641237	0.0129132872	-0.0702219296	0.025317838	-0.1569646767	0.0064072469	0.0916416486	0.0022860653	0.0159670251	-0.1663774973	-0.0105161928	-0.0160429756	-0.0572314402	-0.0771544761	0.0562464443	0.0375334575	0.1112421149	0.0643740347	0.0523524831	-0.0712303872	-0.1209215047	0.1199220813	0.0456461122	-0.0535473536	0.1158388235	0.0444161367	-0.0260295958	-0.1164994483	0.0215000171	-0.1376256449	-0.0559131763	-0.0078744732	-0.0937316719	-0.1241159563	-0.1058660601	-0.0800177002	-0.0056981918	0.0793334341	0.0536975455	0.0290496963	0.0137825739	0.0611231858	0.0293725587	-0.0392196233	-0.1399438967	0.088958396	0.0486704356	-0.0578106711	0.0648686116	-0.056733372	-0.0375015984	0.0584682199	0.0467036292	-0.0168876128	-0.1285633074	-0.0147035957	0.00052755	0.0026828842	0.052630354	0.0480904081	-0.0474922989	-0.0957801421	-0.0486860206	0.0468917239	0.0	-0.0072833520260076	-0.0017732077542262	5.3047216734749006e-05	3.1442657396482754e-06	0.1155372472539397	0.0047602691850699	2.2660162714326062e-05	0.0133488555030179	-0.0178328095176993	-0.0020196747569372	0.0003180090952945	4.0790861238093495e-06	0.0013920135287885	0.0003748610559727	1.405208112849677e-07	1.937701664330212e-06	0.0009162386481962	0.000178258559354	3.177611398296354e-08	8.394932604484001e-07	0.00106036266473	0.0001172375237008	1.1243689807533063e-06	1.3744636963519088e-08	0.0	0.0	0.0	0.0	0.0	0.0	0.0	0.0	0.0
8344.272620653348	-7.164149762529632	51.32504181995339	69626885.5677851	6056.933312259504	-10.473695365942149	36686441.14915889	109.69829461855804	5302.953276463703	1.1595293372365632	1.3445082839122633	28121313.452357125	5126.609477904343	8603.801985210843	1.02434	19.438152	0.0297378582584071	0.0150478511485386	-0.0406074033	0.0256136159	-0.0840900803	0.0172673484	0.0172504486	-0.0069450796	-0.0790037171	0.070347073	0.0362235145	-0.0227044699	-0.057072788	0.0531705247	0.0338133447	-0.0753279668	-0.0481882645	-0.0554184171	-0.0666588291	0.0631275068	0.081584517	-0.0828576321	0.0370949155	-0.0876460754	-0.0421955989	-0.0160725629	-0.0032726215	0.0602499858	0.0806167811	0.0581104668	0.0940921312	0.1090458453	-0.0497504111	-0.0568114233	0.0179463615	0.0024672513	-0.0502095256	0.0147207519	-0.0349527188	0.0225388386	0.0145046345	-0.0438128788	-0.0867666116	-0.0554615683	0.0663586787	-0.0529799981	0.0682560938	0.1068653328	0.1574236914	0.002956418	-0.0842847076	0.02871352	-0.0353035758	0.0460941727	0.0689037371	0.0641439298	0.1011541694	-0.0415432676	0.0325498634	-0.0620283447	0.0309277644	0.0491792926	-0.0842312527	-0.0823309839	-0.0260409374	0.0104124538	0.0213398812	-0.0068789872	0.064749568	0.0611000112	-0.0017305038	-0.0500878836	0.1080383204	-0.0666371497	-0.0251088393	0.0730606453	0.0915495725	-0.0036125547	0.0975461139	-0.0159222387	0.0804001452	0.0393866314	0.0106493466	0.0450636739	-0.0726678591	-0.0166092076	0.0088139411	-0.0448849333	-0.0741333883	-0.0413265744	0.0203111414	-0.0506825539	0.0751249938	0.0423503277	-0.0735988006	0.0013943461	-0.0838944691	-0.0651423739	0.0432451431	-0.0136501605	0.0866531529	0.0364091976	-0.078248962	0.078296052	0.0802640666	-0.1094362973	-0.0287049094	-0.0777285132	0.0263441002	-0.0194491526	-0.0357421056	-0.0159171094	-0.038952627	0.0780624462	0.0381816628	-0.0529576854	0.0692967786	0.1005833769	0.0446539805	0.0561914548	0.0543156972	-0.0123477391	0.0529495203	-0.0747465584	0.0545860986	0.0012424936	0.0149351331	-0.0461972257	0.025009931	-0.0282745912	-0.0425705005	0.0940360661	0.0794166829	-0.0719334751	0.0213372247	0.0120639962	-0.0528443981	0.0438417233	-0.0327323141	0.0789143477	-0.0467505207	0.0669745991	-0.0864681623	0.0259628289	-0.0506957383	0.0769593146	-0.1106824459	0.0135925624	-0.0023046012	0.0865153821	-0.0166665748	-0.0292459652	0.0564143103	-0.0086959741	-0.0067504627	0.1001461523	-0.0510896952	0.0507102261	-0.0277718893	-0.0277443171	0.0075461299	0.0217411372	-0.0034109822	-0.0834868431	0.0538225491	0.0599800617	-0.0419166986	0.0391157923	-0.0710024425	0.0662475384	0.0108461728	-0.052886435	0.0222836987	0.0486587776	0.0864476032	-0.0173425753	0.0724004742	-0.018494873	0.0760811134	-0.0382011155	-0.0994137897	0.0531814017	0.1052066599	0.0709566572	-0.0373296717	0.0044881484	0.0181772328	0.0551964822	0.0312261486	-0.0246335321	-0.0534076682	0.1344653086	0.0116598194	-0.0437068926	0.0296921776	0.0468917239	-0.0498696316	-0.0957204735	-0.0438529584	0.0527828167	0.0	-0.0084158195783032	-0.0011324675522956	7.082601917455145e-05	1.2824827570023889e-06	0.1221577607318664	0.0066205134779267	4.383119871140918e-05	0.0149225185070239	-0.0168460868415394	0.0009867226761599	0.0002837906418726	9.736216396481574e-07	0.0014390353619151	4.70218331266e-05	2.211052790585817e-09	2.070822772842123e-06	0.0007389040209948	-0.0001773346272014	3.1447570004659515e-08	5.459791522422839e-07	0.0012559692954425	0.0001956066307124	1.5774588710943295e-06	3.82619539786963e-08	0.0	0.0	0.0	0.0	0.0	0.0	0.0	0.0	0.0
8349.533400296692	5.260779643343994	27.675802455822566	69714708.00267003	6105.25330288256	48.31999062305567	37274117.89235841	2334.821493812188	5304.35997679677	1.4067003330665102	1.9788058270494309	28136234.76344343	5129.165666776175	8601.809308413058	1.067104	20.249653	0.0566738869435521	0.0303783479743395	-0.0416291506	0.0940891882	-0.0178319559	-0.0057111153	-0.0042624018	0.0852271852	-0.0142023472	-0.0178001308	0.1300804507	0.0159451505	-0.009637599	-0.0766041425	0.0369882878	-0.0753049245	-0.01848576	0.0891893947	-0.0189866745	0.0456932273	0.0726724698	-0.0628912065	-0.0579090201	-0.0844825941	-0.0285387552	0.0160119941	-0.0619965854	0.001156645	0.0113733552	0.0229781327	-0.0654931272	-0.0518013849	0.0074173481	0.0257511713	-0.0603736513	-0.0981685567	-0.0174072019	0.0052917037	-0.0162876777	0.0425939726	-0.0473293338	-0.0825057035	0.0572778946	0.0587028369	-0.0583056377	-0.0244310438	0.0028538011	0.0291258308	0.0617655566	-0.051483757	-0.0345232351	0.0038648139	0.0354042564	0.0152255392	0.1115862407	-0.0710498532	0.0643052709	-0.0020835129	-0.1153653674	-0.0986496236	0.027290657	0.0305565043	0.0122440992	0.0250487758	-0.1785912648	0.0168630826	0.1011204095	-0.1022181694	0.0294799618	0.0365375295	-0.0156167075	0.0968605117	-0.0004110398	-0.0579404789	-0.0106901582	0.0782477391	0.127810528	-0.093095751	-0.1147977402	-0.0159726001	-0.0210825212	-0.1290807999	0.0160637355	-0.0811932791	-0.0803928304	0.0149187403	0.0038046548	0.0057624482	0.1701994317	-0.0024544623	-0.0597163472	-0.0077098223	-0.0357741983	-0.0416471573	0.1201379021	0.0506617635	-0.0472484958	-0.0888225852	0.0177274991	0.0912374041	0.0708924623	-0.1018716579	0.0622789137	-0.0011068297	0.0087191162	-0.0536155951	0.0073886092	-0.0184605809	-0.0140951428	-0.0729944544	-0.009519087	-0.0111463652	0.0515868125	0.000614181	-0.0084676095	0.0135198003	-0.0418076588	-0.0129240061	0.0787448007	0.1060770172	-0.0044822237	0.0499025335	0.0058306723	-0.099713674	-0.0281238266	0.0081158862	0.0002755544	-0.0080842843	-0.0514714155	0.0121315623	0.0078937752	-0.0612004739	-0.0233628527	-0.0144409143	0.0051051722	-0.0590367209	-0.0411418089	-0.0199081214	-0.0707170869	0.1348402046	-0.0339379074	-0.0843931203	-0.1128432181	-0.0311816141	-0.010051282	-0.0473166147	0.0334307795	-0.1609724294	-0.0227585683	0.0751075544	0.0181766164	-0.0704793347	0.0116261161	0.1489280524	0.0182424207	0.0172549775	0.0652738757	-0.0555301305	0.1507831378	-0.0441773486	0.0386137354	0.0122330222	-0.0228797452	0.016335017	-0.0207322519	0.0703700791	0.0563171041	0.0689375774	-0.1255588358	-0.0671166481	-0.0750014119	-0.0342097556	0.0283131379	-0.0457111281	0.0879380789	-0.0358470248	0.0411598485	-0.0461413364	0.0670837719	-0.0621642584	-0.0981487858	0.0262287769	-0.0510544286	0.0361972448	-0.0788680982	0.0217362581	-0.0190371484	0.0924478799	0.0111060165	-0.0733313268	0.016888929	0.0768639629	-0.011483353	-0.0806151852	0.0511381665	0.0456833015	-0.0522055402	-0.0954819229	-0.0388742211	0.0583999846	0.0	-0.0091426090588555	-0.0007267894805522	8.358730040306665e-05	5.282229490414814e-07	0.1265577826361266	0.0044000219042601	1.9360192757969543e-05	0.016016872345773	-0.0135586228251298	0.0032874640164095	0.0001838362529141	1.0807419659187936e-05	0.0012003451241932	-0.0002386902377219	5.697302958373717e-08	1.4408284171743887e-06	0.0003250662599154	-0.0004138377610794	1.712616924952106e-07	1.056680733353864e-07	0.0009433050633972	-0.0003126642320452	8.898244426307955e-07	9.775892200047713e-08	0.0	0.0	0.0	0.0	0.0	0.0	0.0	0.0	0.0
8356.418193886733	6.884793590041227	47.40038277747277	69829725.03112121	6082.261952262613	-22.991350619947298	36993910.45594141	528.602203329351	5302.757596655997	-1.602380140772766	2.567622115542949	28119238.128892887	5124.85023706049	8610.787363558838	1.110015	21.063944	0.0566545138990033	0.0290798135755569	-0.0062972967	0.0651916511	0.0991584152	0.0503933026	-0.0639315157	0.0032991905	0.0099313719	-0.0545160957	0.0262839774	0.0522775321	0.075068769	0.0639293881	0.0794209248	0.0051434138	0.0743018981	0.0151774575	-0.0543073291	0.036147856	-0.0021285997	-0.0118917974	-0.1284308345	0.016884149	0.0156067133	-0.027777313	-0.022035993	0.0538983272	0.0623524621	-0.0461592309	0.0220445543	-0.045056452	-0.0229294586	-0.0024599901	-0.0271805815	-0.0395829451	-0.0777810306	-0.1132021934	0.0168331574	-0.0349338147	-0.1658443241	0.0415443553	-0.0052881755	0.0693996612	-0.0259933054	-0.0292217129	-0.0229481049	-0.1315108754	-0.0442695477	0.010429551	-0.0640118628	-0.0304413917	-0.027907595	-0.0262270576	0.0140997373	-0.0448858787	0.0601133635	0.0632737829	-0.1989618678	0.0453211165	-0.0724969495	0.0446764006	-0.0385894474	0.0539351025	-0.0461783576	0.0038567978	-0.0143934552	0.1186663927	-0.0657133134	-0.0036481422	-0.0997231008	0.0576391234	-0.1189661747	-0.0437409906	-0.0879478698	-0.1013945207	0.0682051272	-0.0376967046	0.0513111454	-0.0158139922	-0.0483205752	0.0027232782	0.0567797259	0.0710190422	-0.0101362335	-0.0966100022	0.0276881683	-0.083144505	0.0081829523	-0.1099388266	-0.0130995848	-0.0676647704	0.0209541373	-0.0819960314	0.0198299151	-0.0202086386	-0.036114223	-0.0349701102	-0.1164404358	0.1106392713	-0.0673451485	0.049052765	-0.0162420321	-0.0273674452	0.12753503	-0.0386235282	-0.0164282027	0.0384308989	0.000483857	-0.0196029439	0.0036392185	0.0286651093	0.0821371538	-0.004958563	0.027900491	-0.0436144579	-0.0189133878	-0.0534499776	-0.1756411261	0.045024993	-0.0643220705	0.0848699942	-0.0241568658	-0.028748873	0.0080887896	-0.0388455643	0.0261144341	-0.0367153013	-0.0460771691	0.095086693	0.051141842	-0.0920764134	-0.1922655846	0.0489041152	0.0385927656	-0.0755120104	-0.0700700345	0.0328248188	-0.0391292292	-0.0008721413	0.0646255103	-0.1513829241	-0.0287745863	0.0109203539	-0.174785866	-0.0034329823	0.0475771543	-0.0202984366	0.0429666772	-0.0519242341	0.0188484322	-0.0894243581	0.0445611689	-0.0092983416	0.0754977827	-0.0711799592	-0.0406158489	0.0314150606	-0.0379596275	-0.1288430979	-0.0653951237	0.0118363971	0.089668432	0.0862872528	0.0138522972	0.0253952259	-0.000624011	-0.0297544038	-0.0463691768	0.029482791	-0.0775107007	-0.0298692956	0.0026556671	-0.0639404513	0.0323550839	0.0567637179	0.081477515	-0.1312895282	0.0546478468	-0.1063747089	-0.1041090922	0.0704207378	0.0307965737	-0.0120219393	-0.0211843207	-0.0777658371	-0.0054562651	0.0575294278	-0.0040079959	0.0268708082	0.0133645027	0.1091728159	0.0132252478	0.0428267663	-0.02046817	0.0444653919	-0.0544980844	-0.0950649363	-0.0337663475	0.0637140765	0.0	-0.0104945316954712	-0.0013519226366156	0.0001101351955072	1.8276948153939449e-06	0.1357261351614624	0.0091683525253357	8.405868802883122e-05	0.0184215837658675	-0.0155841809976067	-0.0020255581724768	0.0002428666973661	4.102885910087956e-06	0.0013600390529668	0.0001596939287735	2.550215088714761e-08	1.84970622559483e-06	0.0007388522279314	0.000413785968016	1.7121882732693817e-07	5.459026147191934e-07	0.0012519987778991	0.0003086937145019	1.56750093986084e-06	9.529180937298054e-08	0.0	0.0	0.0	0.0	0.0	0.0	0.0	0.0	0.0
8362.123996815862	5.705802929129277	32.55618706606024	69925117.7381237	6063.45831314011	-18.803639122503228	36765526.7151879	353.576844249334	5303.479736986186	0.7221403301891769	0.5214866564857334	28126897.320623063	5125.852946593012	8608.716148200458	1.241374	23.556644	0.0726207509566428	0.0363554932998717	0.0469008189	-0.0664743939	-0.0071204771	0.0729230768	-0.1234933665	0.0255097133	-0.0701505436	0.0246712587	-0.0914691787	-0.0342206369	0.0719627264	0.0032818183	0.0807679837	-0.050048312	-0.0028013171	-0.024441778	0.0892846319	0.0251062031	0.0207125599	0.0238930191	0.0405443634	0.0852321824	-0.0699030125	0.0363895572	-0.0226761963	0.0474916333	-0.0359237581	-0.003077656	-0.083049306	0.0438161101	-0.0205901563	-0.0433597944	-0.0514598088	0.0009855411	0.0190724711	0.0394627264	0.1804193454	-0.0174294206	-0.071758097	0.0106078671	0.0388631936	0.094320933	-0.0515111519	0.032338769	0.0629374954	0.0883361739	0.058655434	0.1056414661	0.0359120921	-0.1074850422	0.0831668127	0.0429653675	-0.0026053249	0.0697638484	0.0076096277	-0.1252057696	-0.0903478896	-0.0317770585	0.0196916808	-0.109361267	-0.0037570535	-0.0092217295	-0.0062727179	0.0294895741	0.0543887689	0.0722024635	0.0783203128	0.0196996175	-0.0353544922	-0.058012684	-0.0640315068	-0.0498371588	-0.0828051409	0.0538128976	0.00952707	-0.0924975785	0.1393738911	0.1113273217	-0.0664126435	-0.0777350496	0.0061936773	0.0189632238	-0.0057725646	-0.0306112096	-0.0541208831	0.105311643	-0.0695606307	-0.0127832576	0.0290547064	0.0389202154	-0.0627448724	-0.0482204823	-0.1741967044	-0.0731478762	0.0428841556	-0.0637391213	-0.0671584797	-0.069211644	-0.0769137524	-0.0464489884	-0.043784472	0.0050413878	0.0502091195	0.0013850126	0.1042538135	-0.0103639805	0.043270865	-0.0347594255	0.062541586	-0.0192989348	0.1401055274	-0.1032110053	-0.0081162491	0.0287266726	0.0937983657	0.0118429072	-0.0606643895	0.1553324211	0.002544568	-0.0218141544	0.0121293034	0.0435761749	0.0963694137	-0.0300825401	-0.1310269069	-0.1005888973	-0.1249846872	0.0410321774	-0.0377287992	-0.0655057484	0.055971182	-0.0459269436	0.0018113134	0.0303295565	-0.0519617075	-0.0959638533	0.0334939686	-0.0595317825	-0.031781606	0.0864266118	-0.0253727569	-0.0209052246	-0.0756883658	-0.0189970185	-0.131127706	-0.0311121639	-0.053625556	-0.0363913842	-0.0762300405	0.0678972414	-0.0344742867	0.0128267642	0.0328350992	-0.0029191686	0.0559896097	0.1343332773	-0.0208386611	-0.0149635632	0.014822629	0.0466732056	0.0538821647	0.0364537211	0.0343238681	-0.0041482628	0.0152696243	0.1231590463	0.1191935021	0.0243139365	0.0524349775	0.0147545452	-0.0198116741	0.0483740486	0.0441780215	0.043998842	0.0877091014	-0.0451802245	-0.0655905269	-0.1095876546	-0.0627878877	-0.0102698187	-0.0126199552	0.0639043951	-0.0328210764	0.0009506173	-0.1196487439	0.1214194329	0.0626087471	0.0041684891	0.0486071449	0.015006209	0.0063871212	0.086279834	0.0297776876	0.0432382481	-0.0567453599	-0.0944702927	-0.0285463055	0.0686975141	0.0	-0.0184687985769897	-0.0079742668815185	0.0003410965208774	6.358893229768281e-05	0.1324113208855379	-0.0033148142759245	1.09879936838729e-05	0.0175327578986528	-0.0033769191894919	0.0122072618081148	1.1403583212358631e-05	0.0001490172408518	0.0008632357604361	-0.0004968032925307	2.4681351146934424e-07	7.451759780956918e-07	0.0005619076793819	-0.0001769445485495	3.1309373261386376e-08	3.157402401483521e-07	0.0009432584591576	-0.0003087403187415	8.897365207723697e-07	9.532058441660305e-08	0.0	0.0	0.0	0.0	0.0	0.0	0.0	0.0	0.0
8368.685534013955	6.561537198092992	43.05377040195803	70034897.56721444	6103.568673053191	40.11035991308108	37253550.546676286	1608.840972356902	5305.443162395412	1.9634254092261472	3.8550393375948633	28147727.149408232	5129.098000420073	8764.205504509015	1.288975	24.459949	0.0426021107821733	0.0232914228481347	0.0342385427	0.0450530416	-0.1050527402	0.1028324618	0.0061293704	0.0367210098	0.0198943849	0.0389848658	0.0115646647	-0.1265461705	0.0039759886	0.1625135943	-0.0310707084	-0.0714866113	0.0734826218	-0.0030517437	0.144786968	-0.0548191064	-0.1952655521	-0.0245121209	0.0115259083	-0.0740549532	-0.037800315	0.0213047826	0.0084080814	-0.0636812801	0.0773053829	-0.1001463575	0.0271612063	-0.1011483288	-0.1019584091	0.047554067	-0.1098696645	0.0367399818	-0.073848956	-0.0335598581	-0.0726438638	-0.0442737718	0.1324359707	0.0453149891	0.0831983561	-0.0525975099	-0.1291667636	-0.0748327661	0.0317964558	0.0966433036	0.0562978279	0.1592679709	-0.010543632	0.0634487057	0.0147277894	-0.0999389378	-0.0249426785	-0.0467819112	0.0169072427	0.1041330089	-0.1131965962	-0.0609985479	-0.0016612833	-0.0240238413	0.1028901235	0.0881068433	-0.0046628503	-0.1006905863	-0.0442081983	-0.0284541667	-0.0775547967	0.0797908178	-0.1052950072	0.0297781713	-0.0745315788	-0.1603793256	-0.0613135108	0.0029944623	-0.1607157278	0.0961161339	0.0203123771	0.1520249939	-0.0132045504	-0.025548485	0.0049912521	-0.0431947827	-0.0009727253	-0.1510236629	0.0495232739	0.0210793524	-0.0762262641	0.0683676491	0.0304447654	-0.0453829701	0.0168780311	-0.0649527043	-0.0041185031	0.0765253022	0.021158366	0.0396109812	-0.0430404951	-0.0330285636	0.0664349689	-0.0101998533	-0.0562360054	0.0132642386	0.0010722856	0.1223876332	-0.0356918977	0.1588841166	0.0296083557	0.0525951642	-0.1196706998	0.1877077629	0.0513686693	0.0792274604	-0.0633523804	0.0824131199	-0.0008161045	-0.0044958009	-0.0519244248	0.025343234	0.0776295314	0.0012265934	0.0076724638	-0.0597010858	0.0912586829	-0.0094174156	-0.0334976482	-0.0475540295	0.0339552143	-0.0108513075	-0.0224215971	-0.0687500798	0.0797727854	0.0067857081	0.00387833	-0.1162817877	0.0039294593	0.0233854725	0.0087470915	0.0792454633	0.2541803379	0.0150383165	0.1137316112	0.0318055279	-0.074185699	-0.0817638338	-0.0024385588	-0.0391410324	-0.0796144684	-0.0093650214	-0.0641423301	-0.0525307906	-0.0102533254	0.0288493606	0.025984899	-0.0770896938	-0.0455402815	-0.1449861293	-0.0395535992	0.0323655641	0.0001733226	0.1999095536	0.0835954428	-0.0702533704	0.0697142116	0.0533298463	0.0381152009	0.080257808	0.006896682	0.0431362374	0.0198738488	0.0074803452	0.0074703365	0.0053828722	0.0853186813	-0.0359734119	-0.0362467008	0.10125548	-0.0757326244	-0.0658907014	-0.0447666939	0.0570985788	0.047607855	-0.0362173467	-0.0506071162	-0.0519497092	0.0157121114	0.0698601615	-0.0989675673	-0.0961641695	0.0065039011	0.0893867505	-0.0403972907	0.0290080643	-0.0320078166	0.0420021249	-0.0589455001	-0.0936991036	-0.0232314356	0.073324435	0.0	-0.0183677587388899	0.0001010398380998	0.00033737456109	1.0209048883234212e-08	0.1209035007534993	-0.0115078201320385	0.0001324299241913	0.0146176564944514	-0.0145113305712669	-0.0111344113817749	0.0002105787149485	0.0001239751168186	0.001084150832106	0.0002209150716699	4.880346889091708e-08	1.1753830267561324e-06	0.0007380115726984	0.0001761038933165	3.101258124122922e-08	5.446610814367658e-07	0.0009431006355388	-1.57823618799984e-07	8.894388087536884e-07	2.4908294651122663e-14	0.0	0.0	0.0	0.0	0.0	0.0	0.0	0.0	0.0
8358.089026569589	-10.59650744436658	112.28597001851637	69857652.17606297	6077.059946240477	-26.508726812713576	36930657.59020031	702.7125972310796	5303.484747170045	-1.9584152253673888	3.835390194950802	28126950.46346532	5128.71983648497	8735.172759377574	1.254699	23.809502	0.0328317952123096	0.0183196199377572	0.0740389298	0.0807798015	0.0319536046	0.064128924	0.0356812802	0.0242768056	0.0152242972	0.0231608088	0.0277669303	0.0308660619	0.0489482136	0.0483646557	-0.0130284583	-0.0677661165	-0.0656038142	0.0031627699	-0.0045268137	-0.0195168765	0.0125439433	0.1102901101	-0.0343113913	0.0258716249	-0.0440292016	-0.0313038555	0.0381310951	-0.1067297342	0.0050822415	0.0140685211	0.0106004605	-0.093884374	-0.1196790253	-0.070992988	0.0495822034	0.0148557852	-0.0085678786	-0.0082467314	0.0802900181	-0.0107842211	-0.0306368	-0.0120466855	-0.1902887841	0.0760591828	0.0241204438	0.0708021369	-0.1109251269	0.0216661705	-0.0527794389	-0.0717343846	-0.0560737395	-0.0847009064	0.0117591237	-0.1170031266	0.1243286304	0.1081499675	0.0331829129	-0.0741086923	0.051235544	-0.0771122957	-0.1372479707	-0.0500440184	-0.0481504911	0.1631837214	0.0840287582	-0.0676406372	-0.073379082	-0.0217284517	-0.0949880936	0.1047039044	0.0458998911	-0.0615077738	-0.0218138167	-0.1623700236	0.0681159704	-0.0931249772	-0.0395580159	0.0111117625	0.0635974135	-0.0474053646	-0.0080867734	-0.0072849342	-0.0517222444	0.0264024154	-0.0030670531	-0.0027318223	-0.0780312858	0.0699546427	-0.0535094688	0.0057755772	-0.1005515425	-0.0299162598	-0.1271997957	0.130775176	0.006062932	-0.0068959255	-0.1236498586	0.0711869267	-0.0410389622	0.04822159	-0.007911206	0.0167954008	-0.0048166514	0.1203229825	-0.0036314393	0.0263465262	-0.0656638279	0.0932516374	-0.0330038002	0.1489300622	0.0735158073	-0.1730823712	-0.0069118347	0.0604437198	0.0053172009	-0.0219095978	-0.0376373633	0.0031347046	-0.1071422159	0.0757567053	-0.0881010763	0.0565071521	0.0426406274	0.0562761755	0.0446328883	0.0851398723	-0.1094016372	0.0337214647	0.000622059	-0.040089356	0.1232273878	0.106235584	0.1019784997	0.0416164746	0.0958751647	-0.015024219	-0.1515565165	-0.0627977434	0.0491456386	0.0508016415	-0.0576018554	-0.0788026882	0.0929018292	0.0079184692	-0.0271905585	-0.0415538793	-0.1283039885	0.0649328191	0.136779596	-0.0310730734	-0.054618592	0.0501860363	-0.0181887805	-0.0064421252	-0.0606276125	0.1103049308	0.0806005112	-0.0529839207	0.0527184787	0.0665937142	-0.0194531667	-0.0321401463	0.0051482691	0.0042556207	-0.0481542646	0.0013273738	-0.0842100292	-0.0606182659	0.0835487927	0.015562445	0.0096366051	0.0382457352	-0.0085090035	-0.0725310234	0.038628902	0.0531879279	-0.0577287906	0.0173545254	0.0438811603	-0.0198942775	0.0180853907	0.0658519887	0.0308047304	-0.0622044015	-0.1093402607	0.017650708	-0.1497101991	0.0581225585	-0.0703799594	-0.1106134701	0.1890133755	0.1527821405	0.0465642793	-0.0714317396	-0.005244051	0.040757279	-0.0610966773	-0.0927528101	-0.0178393932	0.077570827	0.0	-0.018438547071355	-7.078833246510277e-05	0.0003399800181025	5.010988013189923e-09	0.1272488042762347	0.0063453035227353	4.026287679563819e-05	0.0161922581897314	-0.0028020839710478	0.0117092466002191	7.851674580803008e-06	0.0001371064559447	0.0009272172506439	-0.0001569335814621	2.4628148990521604e-08	8.597318298916329e-07	0.0006009375738988	-0.0001370739987996	1.878928114691275e-08	3.611259677233757e-07	0.0009432221904149	1.2155487609999058e-07	8.896681004910818e-07	1.4775587903684063e-14	0.0	0.0	0.0	0.0	0.0	0.0	0.0	0.0	0.0
8348.461268491434	-9.62775807815524	92.69372561148346	69696805.5515016	6102.332952243179	25.27300600270155	37238467.46003295	638.7248324125885	5305.3128387917295	1.8280916216845071	3.341918977273091	28146344.31744836	5131.841131252165	8656.827802755064	1.279685	24.283659	0.0946592882653651	0.0507552780160692	0.0287203351	-0.0408341458	0.0262077039	0.0244959432	-0.0177010918	0.0573033753	0.0330890376	-0.0180776666	-0.041816942	0.0652553256	0.0108001066	-0.008839246	-0.1444796333	0.0381164047	-0.0483731566	0.0224728081	-0.046942487	0.1291205451	0.0514588057	-0.0084442471	0.0517183271	0.0781270129	0.0324159386	-0.1147940471	0.0025984385	-0.0508302511	-0.0238321391	0.0141234992	0.0203198152	-0.0470504217	-0.0865320573	0.0355238157	-0.153607064	0.11453834	0.0335660464	0.0346421779	-0.0187644062	0.106961438	-0.0169991094	0.0658620926	0.0260668385	-0.0152927127	0.1694815343	-0.0231758411	0.0612831414	-0.0348647489	0.0341516331	0.0594832767	0.0045349431	-0.0246350797	-0.0815728284	-0.0045435124	0.018439915	0.0156624263	-0.0046332778	-0.0361149876	-0.1493162502	-0.025006414	-0.0502135707	0.0594990927	0.0529847806	-0.0204585356	0.0510267848	0.0656285053	-0.0234509692	0.0168514972	-0.1402003262	-0.0180448789	-0.0170457901	0.0081597565	0.025908679	0.013559284	0.1238825014	0.0694574078	0.0185670073	-0.0079108741	0.0691603231	-0.0021661506	-0.0034105999	-0.0829377195	0.0012474497	0.0704838869	0.0655236437	-0.0971443138	-0.0055619079	0.1187396711	0.04621527	-0.077642108	-0.0165014862	-0.1597911729	0.0594316732	-0.1354747389	0.0482863487	-0.0967562446	-0.0367802817	0.0042358317	-0.0371533607	-0.0548305283	-0.053398125	0.0395647954	0.082356087	0.0012109702	-0.0326826827	0.0219555629	-0.0860151956	-0.0708981714	-0.0738661625	-0.0159690599	-0.0576421914	-0.0823999294	0.0140795438	0.0353281167	0.0331573684	0.0832837381	0.0505420287	0.1103968663	-0.014228456	0.1314987959	0.0086149854	0.0425449719	-0.0459074368	0.0248273316	0.0211054047	-0.0820854013	0.0429490745	-0.0177931114	0.0809084596	-0.0538406528	0.0307054539	-0.0217591828	-0.0788339247	0.0711439275	-0.1021842113	0.1125696725	-0.0177144196	-0.0166340728	-0.045570974	0.0006030132	0.1264751987	-0.0863159187	-0.0454566254	0.0743440979	0.0216351821	-0.0916306335	0.0166714424	-0.0456596748	0.0999095744	-0.010762814	-0.0159780783	-0.0312472768	0.0291112577	-0.0347458478	-0.0188994725	0.0353388608	0.0986935307	-0.019871088	-0.0057854693	0.1517179081	0.0327926069	0.0891608349	0.1050621493	-0.0045320646	0.1007512541	0.0329797437	0.0287976237	0.0419907097	0.0976667605	0.0011137984	-0.0491151288	-0.0071138724	-0.0452129224	0.0425704173	0.0016342422	0.1039371603	0.0291000447	-0.0438784137	0.0656410525	0.0130630531	0.0317983869	0.0140647218	-0.0525846026	-0.0317263741	-0.0021308903	0.0501319041	-0.112614896	-0.0057495164	-0.0439515835	-0.1399411027	0.0527019837	0.0139089898	0.0929208281	0.1188279777	-0.0311878814	0.0395039689	-0.0631971047	-0.0916331806	-0.0123880901	0.0814146528	0.0	-0.0106470464551762	0.0077915006161788	0.0001133595982186	6.070748185191463e-05	0.0962366094992432	-0.0310121947769914	0.000961756224886	0.0092614850079098	-0.0185090403577277	-0.0157069563866798	0.0003425845749639	0.000246708478933	0.0014470840037977	0.0005198667531538	2.70261441034674e-07	2.0940521140471816e-06	0.0008836843464516	0.0002827467725528	7.994573738902482e-08	7.808980241635913e-07	0.0009428629864112	-3.592040036999068e-07	8.889906111442468e-07	1.2902751627404268e-13	0.0	0.0	0.0	0.0	0.0	0.0	0.0	0.0	0.0
8320.338379642344	-28.122888849089577	790.8968772182469	69228030.75174938	6058.331842830525	-44.00110941265393	36703384.7178543	1936.0976295443425	5300.366031286852	-4.946807504877143	24.47090449030882	28093880.06561954	5124.854114984316	8507.995059377954	1.128668	21.417908	0.0801915865309235	0.0481798035603068	-0.0170318367	-0.0673320148	-0.0375174265	-0.0760921765	-0.0112858915	0.0283263272	0.0260428022	0.0222869037	-0.0579807997	0.0625540472	-0.0735218409	0.0054564069	-0.1050067115	0.0347812277	-0.0356869312	0.0282148865	-0.1108070948	-0.0295621885	0.2056195967	-0.0014352566	0.0980467062	0.0206239816	0.025965206	-0.0443077297	-0.0333637929	-0.0080078374	-0.0498248407	0.0118321205	-5.08567e-05	-0.0315664752	0.0065089426	-0.0337798147	-0.0402141557	0.0461782445	-0.0195878384	0.07617624	0.0084043762	0.0970984726	-0.1285971674	-0.0143785935	-0.0709990755	-0.0490421626	-0.1283032251	-0.0174189503	-0.0784063445	0.095998277	0.0115431708	0.0834029915	0.0199712956	0.0607971813	0.0416704678	-0.0953849672	0.0224908772	0.1002248852	-0.0801028079	0.0158922437	0.0131000242	0.1780921547	-0.0739865111	-0.0746481051	-0.1024413772	0.0806397535	-0.0578654406	0.0381477008	0.0187696799	-0.0023833012	0.0663667653	-0.0954410089	0.0247430795	0.0582020793	-0.001110809	-0.0950218842	0.019869458	-0.05356584	0.0330622516	-0.0242281984	0.0436344041	-0.0501966433	0.0286202645	-0.0860746453	-0.1195747935	0.0105085548	-0.020911841	-0.0052098411	0.0309877094	-0.002813458	0.0451514211	0.0055074663	0.0148091073	0.0699362467	0.0484511709	0.0726159834	0.0906259399	0.0401185332	0.0981782629	-0.1145304046	-0.0468823327	-0.0769817317	0.0124124407	0.0515241288	0.0785628043	0.0429254253	-0.0115946463	0.0180598779	-0.0134381078	-0.0499046134	0.0146897503	-0.0283468846	0.013078701	-0.0810798342	-0.0619578962	0.0172819286	0.1081955814	-0.0078770076	-0.0257538193	0.0465410622	-0.043538212	0.0678734944	-0.120283673	0.0318993622	0.120425526	-0.0330753018	-0.0452890069	0.0492687818	-0.0092774068	-0.0251447839	-0.0737985994	-0.0962353283	-0.1420336342	0.1483221574	0.0267984932	0.0287861502	0.0724313713	-0.0902894988	0.065494775	-0.0446427218	-0.084799016	-0.0110584018	0.0966183664	-0.0558189834	-0.0014156726	-0.0695065524	0.056728606	-0.0661383092	0.0581029666	0.080116258	-0.029888596	0.0006498449	0.1384817762	0.0303708173	-0.039712204	-0.1086677436	-0.0712701743	0.049332194	0.1445322652	0.0640438496	-0.0085698896	-0.1920227318	-0.0217676004	0.0073494726	0.1222806809	0.0103391266	0.1670294477	-0.1196733216	0.0465415756	-0.0023164343	0.0196446427	-0.0222239379	0.1713853911	0.0075350324	-0.0657960684	0.0780872414	0.0384630821	0.036261825	0.0222356091	-0.0241173066	-0.0056442939	0.0843361006	0.0600136891	-0.0419652438	-0.0108335179	-0.0183400031	-0.0187327215	-0.0006001385	-0.0947659794	-0.0401669774	-0.01679099	-0.1682361551	0.0708718406	0.0566075909	0.1315338564	0.0092113461	0.096183752	0.038242455	-0.0652450377	-0.0903423075	-0.006895635	0.0848359644	0.0	-0.0183658946407092	-0.007718848185533	0.0003373060859536	5.95806173113061e-05	0.1355018981539615	0.0392652886547182	0.0015417628931383	0.0183607644033265	-0.0105436614809804	0.0079653788767472	0.0001111687974255	6.344726065013206e-05	0.0010881494029547	-0.0003589346008429	1.288340476823237e-07	1.1840691231506702e-06	0.0007380135350909	-0.0001456708113606	2.1219985282484637e-08	5.446639779773671e-07	0.000943098990486	2.3600407479998885e-07	8.894357058557124e-07	5.569792332219873e-14	0.0	0.0	0.0	0.0	0.0	0.0	0.0	0.0	0.0
8327.132818356038	6.794438713694035	46.164397434144256	69341140.97454217	6079.244193309575	20.912350479050478	36957209.96188819	437.3264025586426	5301.548574661844	1.1825433749918377	1.3984088337370857	28106417.289499037	5126.3866319112485	8403.659281872535	1.340009	25.428373	0.0293678821450799	0.0176987985993616	0.0158027112	0.0382072011	0.0035727597	-0.1428804413	0.1222153474	0.086642229	-0.0247240733	-0.0107007694	0.1192750418	0.0122721726	-0.0880481218	-0.118767533	-0.0809830578	0.0722976882	0.0392481013	-0.1278229706	-0.0538023104	0.0306858225	-0.1155012799	-0.1116065316	-0.0289614783	-0.0453674302	-0.0182126896	0.0694968731	-0.0396364988	-0.0679105992	-0.0450650603	0.0692840952	0.1133217567	-0.0150666436	-0.0680083324	0.1637389738	-0.0658782021	-0.0670653202	0.0263264743	0.046514608	0.1052746407	0.0201946151	0.0136359831	-0.0202332421	0.0452373598	0.0489417962	0.1427086168	0.0112455956	-0.0368844951	-0.0628134527	-0.1256181275	-0.0480432315	-0.0422785797	-0.0453678216	-0.0101544736	0.0996337511	-0.0022528602	0.0259219516	0.0356038764	-0.0138099664	-0.0265396924	-0.0046076171	0.0314000128	-0.0020774776	-0.0969542688	0.049243276	0.0411319237	-0.0412779109	-0.0041006613	0.031454253	0.0218681951	0.0313852011	0.1796921774	0.0043043556	0.0455306643	-0.127359354	0.0117924546	0.0201412304	0.1275426001	0.0132863357	0.0111200269	0.0547102694	0.0860424777	0.0392886561	-0.0832949541	-0.0772121021	0.0100515373	0.0557553146	0.0209420793	0.0786101372	-0.0558918182	0.1550762599	0.0483688726	0.0146627388	0.0575842304	-0.0634752379	-0.0266921414	0.0836305974	0.1118982155	0.028831929	0.0940685028	0.0341129722	0.0746257618	-0.0642534618	-0.0237190958	-0.095276324	-0.0765409271	0.0604787784	-0.0765856992	-0.198840467	-0.0256636956	0.098309483	0.0523345148	0.054865711	0.0510196857	-0.0987568905	0.0659087149	-0.0245478881	0.005571229	-0.0398080111	-0.0092066282	0.0109046629	-0.1295011701	0.0775077387	-0.1139264718	-0.0649109397	0.0118858886	0.0407306286	0.0061722501	0.0127010408	0.0404497382	0.0831041563	0.0936115326	-0.0360444553	-0.0648868754	0.0427601134	-0.0267577794	0.004424238	0.0165551718	-0.0488244379	0.0857584174	0.0859081791	-0.002404955	0.0470352989	-0.061037559	-0.0094238849	-0.0045303469	-0.0253358211	0.0487635991	0.1228186754	0.0374130209	0.1095776208	0.0725082834	0.1486423667	-0.0038993754	0.0438705658	0.0597376548	0.0255660992	-0.0586593232	0.0104538112	0.0033981378	0.1170946271	0.0264612257	0.0296587471	-0.060166258	-0.1726298658	0.1110231731	-0.0522603439	0.0033945125	0.0368179327	-0.0012274619	0.0128036363	0.0457546055	0.0462359707	-0.0272642694	-0.032534953	0.09856031	0.0084224482	-0.0486312507	-0.0074589878	0.1327983366	0.0693204962	-0.0343377905	0.0019359719	0.0432893291	-0.0629203123	0.151428315	-0.0936170993	-0.0191408507	0.186627461	0.1106919012	-0.1591441139	0.1668326997	-0.0186657292	0.002055706	0.0711083065	0.0624183292	0.0369729991	-0.067238775	-0.0888826032	-0.0013802733	0.0878170061	0.0	-0.0185098522032092	-0.0001439575624999	0.0003426146285846	2.0723779800940852e-08	0.1355530588542848	5.116070032332165e-05	2.617417257572724e-09	0.0183746317647532	-0.0016225733673138	0.0089210881136666	2.632744332316044e-06	7.958581313180351e-05	0.0008962310095452	-0.0001919183934095	3.6832669728883643e-08	8.032300224704083e-07	0.0007378278259153	-1.8570917559995737e-07	3.44878979020158e-14	5.443899006948983e-07	0.0007301695776993	-0.0002129294127867	5.331476121975741e-07	4.53389348296889e-08	0.0	0.0	0.0	0.0	0.0	0.0	0.0	0.0	0.0
8345.915531574197	18.782713218159188	352.79031583561186	69654306.06017141	6053.306262723249	-25.93793058632582	36642516.71032451	672.7762431010565	5301.286707738446	-0.2618669233979744	0.0685742855699206	28103640.757644333	5124.57611071301	8523.255632806407	1.39487	26.469431	0.0861389704022554	0.0468321073430502	0.0044930585	-0.0286619866	0.0657635793	-0.0122476516	-0.0831949249	-0.0133499315	-0.0196249161	0.0931038906	-0.050167829	0.0211909674	0.0172028297	-0.0552269314	0.0759233283	0.0005063905	0.0500164916	-0.0271543942	-0.1141344795	0.0002533214	-0.1066571467	0.035069264	-0.0126584732	0.1103587939	0.006863017	-0.0031881578	-0.0984598428	0.051965353	0.0898991982	0.0103938699	0.0139719915	0.0016770402	0.001848569	-0.0109668066	-0.075106234	-0.0714375833	-0.1619558854	-0.0299920463	-0.0403028618	-0.0825953206	-0.1307637906	-0.0495925516	-0.0131137262	0.0110474727	-0.015706148	-0.0234497065	0.1094235562	-0.0897862227	0.0069847813	0.0138177331	0.0088123208	0.0818995944	0.0410210326	0.0605174047	-0.0100488921	-0.0219567555	-0.0298075418	0.0083311039	-0.0165966066	0.0372503155	0.0434947838	-0.0542244182	-0.0202338062	0.0440534164	-0.0601360173	0.0018250985	-0.0632306484	0.0438982147	0.0849625966	-0.0886125339	-0.1711986054	-0.003441314	0.0339565766	0.1060303368	0.1240519391	-0.1293426031	-0.0318597202	-0.0448073683	-0.0607097377	0.0598992106	0.1163440358	0.0551175664	0.0396311727	0.0096395808	-0.0105488353	0.0047768547	-0.0778523826	-0.0415736001	-0.0672036694	0.0377002742	-0.0043816628	0.1301659866	-0.0276192774	-0.0115210051	0.063353396	-0.0146531302	0.0631628445	0.0838324841	-0.0038296445	0.0063323512	-0.104207212	-0.0288083494	0.0130400116	0.001890991	0.0585111186	-0.1227383025	-0.0840430777	-0.009628733	0.0441127183	-0.052081222	-0.0794740212	0.0802440673	0.0624559032	0.1152529533	-0.0290317187	-0.0279475837	0.1161833114	-0.0608888727	-0.0526796673	-0.0269995635	-0.0460624729	0.0306181553	0.0377848652	0.0021552896	-0.0584096391	-0.0577835098	0.1092935531	-0.0327766496	-0.0475312938	0.0571265329	-0.0276558226	-0.0512120768	0.0095354817	-0.0825663248	0.0324920414	0.022305473	0.032665364	0.0219372371	0.0676695387	-0.0682695346	0.0012414506	0.0488595466	-0.0272353455	-0.0889106586	-0.1060155173	-0.0457548937	0.1020963151	0.087129535	0.0053066939	-0.1515031846	0.1133499371	-0.0706541756	0.0036016696	-0.0251797647	-0.0292844184	0.0635644583	0.0430677224	-0.0681514194	0.0722852599	-0.0323320705	-0.0275254506	0.0081272299	-0.037420039	0.0462263857	-0.0708038114	-0.04357723	-0.1109915345	-0.11849528	0.0566495717	-0.128157378	0.1215841345	0.0111389679	-0.0794212529	-0.006779664	-0.0404163756	0.0589602988	0.0208259266	-0.0945260086	0.0049428049	0.0048762994	0.079415037	-0.0385630982	0.0013877976	0.0922292714	-0.0262619435	-0.0558349572	0.0832210092	0.0555860856	-0.0350967386	-0.0852159501	-0.0429538714	-0.0456101097	0.0367430188	-0.0435513107	0.0789862396	0.0356958649	-0.0691766606	-0.0872567955	0.0041396735	0.0903423075	0.0	-0.0186166881951237	-0.0001068359919145	0.0003465810793544	1.1413929168355431e-08	0.1072609085172473	-0.0282921503370375	0.0008004457706935	0.0115049024959452	-0.0136420484785872	-0.0120194751112734	0.0001861054866921	0.0001444677819505	0.0014277464604876	0.0005315154509424	2.825086745905029e-07	2.03845995543487e-06	0.000932887524107	0.0001950596981916	3.804828585863705e-08	8.702791326344884e-07	0.0005423345475928	-0.0001878350301065	2.94126761512687e-07	3.5281998535109766e-08	0.0	0.0	0.0	0.0	0.0	0.0	0.0	0.0	0.0
8352.109159936464	6.193628362267191	38.36103228988056	69757727.4194946	6065.316938865244	12.010676141994736	36788069.56888565	144.25634138788155	5304.56459881239	3.277891073943465	10.744569892638244	28138405.582973648	5126.462001211289	8602.038916981153	1.211397	22.987797	0.0386837607171857	0.0241901593902421	-0.0200830009	-0.0362707825	-0.0661211796	0.0212533945	-0.1479490585	0.001419288	0.0544872312	0.0431784517	-0.0497149421	-0.0837951736	-0.053987036	0.0087459539	0.0584317707	-0.0355705573	0.0974050379	0.0865425961	0.0494072138	-0.1011512343	0.0369180786	-0.0253094974	0.0424359274	-0.0379849417	-0.0095251806	0.0697448236	-0.0924385622	0.0982706486	0.0759850184	-0.0570591098	-0.1488236731	0.0332839163	0.0320230134	-0.0077236064	-0.0248813549	-0.029710197	-0.0698327871	0.0193928238	-0.0189733165	0.0973311867	0.0400528425	0.0055183742	-0.0411554888	0.01969803	0.0192316918	0.0493025202	-0.06513903	-0.0419933606	0.0835789212	-0.0427615583	-0.1501336332	0.0145859888	0.0225544804	-0.0283425715	0.0472129381	-0.0513297594	0.0037113602	-0.0638975677	0.0878457968	0.0721339222	0.0630473119	-0.1418071066	-0.0233704201	0.0393327821	-0.0122325661	-0.1743956715	0.0509058899	-0.0012455749	0.0093951672	-0.0313295898	0.0006320258	0.1317500713	0.0655995077	-0.001338872	0.0053622328	0.0888013041	-0.1087534112	0.0941998905	-0.02309194	-0.0193440562	-0.0252395217	-0.0203682238	-0.0533457923	0.0889976043	0.118561614	-0.0184119467	-0.0244222176	0.0063254988	0.0973459093	0.075635714	0.021313763	0.0671336719	-0.125695052	-0.0612971555	0.0131528088	-0.0407507468	-0.05729907	0.0288848751	-0.084859697	-0.0549631948	0.0385737057	-0.0406851044	0.0130281004	-0.0638664814	0.0616948788	-0.0107367441	0.1489391705	0.0625825969	0.1320500544	-0.0267793694	-0.0792981621	0.0382584542	-0.0490911274	0.0416344352	0.0329434401	-0.038493754	0.0081045812	-0.1268580395	0.0466411669	-0.0277104432	-0.0849294773	0.0440909552	0.0752891324	0.0251982133	-0.0776727388	-0.0389251323	-0.084610947	-0.0575241722	0.018670796	0.0525152221	0.0024631207	0.0132486862	0.0181155483	-0.0076744267	0.0278318974	0.0394150615	-0.0638200497	-0.0943628177	0.0219408497	0.067807509	-0.00930353	0.0321565253	0.0898130325	0.0595979564	-9.66429e-05	0.073021514	0.0338602678	0.0699123541	-0.0372818562	0.0369194187	0.1068210965	-0.0112051335	-0.0540207551	-0.0115376792	-0.2053585743	-0.0164902131	-0.0933320831	-0.0409413193	0.0498521599	0.0447258897	0.1559623494	0.0470270914	-0.0787739515	0.0657293766	-0.1070340996	0.0544165789	0.0459044585	0.0725432488	-0.0462419911	-0.1191975739	-0.0758991355	0.0030658875	-0.0608803605	0.0456144557	0.0098361344	-0.1022219472	0.0123853705	-0.0153821927	-0.1279064074	0.0188741864	0.1021531114	-0.0621485446	0.0194476878	0.0330976309	-0.0823629053	-0.1441049968	0.094482359	0.0065341556	-0.1106879663	-0.0107130888	-0.0487824428	0.019583673	0.0508970467	0.0053765949	0.0558433467	0.0344113177	-0.0710570848	-0.0854679228	0.0096458687	0.0923987632	0.0	-0.0187140883633247	-9.740016820099924e-05	0.0003502171032703	9.48679276558294e-09	0.1285358827460925	0.0212749742288452	0.000452624528438	0.0165214731533172	-0.0149418888107817	-0.0012998403321945	0.0002232600412337	1.689584889199511e-06	0.0013628440730236	-6.490238746400005e-05	4.212319898527191e-09	1.8573439673755557e-06	0.000969721112755	3.683358864800003e-05	1.3567132526900767e-09	9.403590365227954e-07	0.0003238396039459	-0.0002184949436469	1.0487208908383737e-07	4.774004039926201e-08	0.0	0.0	0.0	0.0	0.0	0.0	0.0	0.0	0.0
8361.939778218775	9.830618282310752	96.6410558125024	69922036.85455745	6078.515516290618	13.198577425373514	36948350.8817858	174.20244605357934	5305.005375846413	0.4407770340230854	0.1942843937221882	28143082.037759338	5130.093530577839	8646.085763791187	1.349621	25.610781	0.0474879247198081	0.0241654280286699	0.0449299093	0.0674541749	0.0654194473	0.0639330568	0.0293831094	-0.0042217988	0.0152592654	-0.0305234924	0.0573212278	-0.0125866884	0.0720285171	-0.0314994109	0.0747671064	0.0478939992	0.0071654888	0.0225592632	0.0401565411	-0.0891511223	-0.0110336423	0.112873818	-0.0874054027	-0.0126307508	-0.0700502684	0.0797674394	0.0146163605	-0.0559568262	-0.0020321929	0.01269929	0.0330304071	-0.1938764368	-0.0552499232	-0.0787061413	-0.0276194945	0.0259294762	-0.0856974367	-0.087900448	-0.038061669	-0.0871093924	0.0247289543	0.0585811419	0.0344739756	0.0227571752	-0.0764881561	0.0195462594	-0.1234051801	0.1058917684	0.031821394	0.0017059739	-0.0280315753	-0.0754200843	0.0641088926	0.0283453789	0.0698132854	-0.0433314095	-0.0019322001	-0.0807959512	-0.0042132656	0.0347175944	0.0063537102	-0.0187264187	-0.0451412475	-0.0022538951	-0.0287441524	-0.0523388708	-0.0275044669	-0.0692667631	-0.1393098922	-0.0006904777	-0.0132593503	0.0191489127	0.0326226968	0.0761526578	0.0361156257	-0.0189005015	-0.0546441419	-0.1497506006	-0.0204492517	-0.0280336335	0.0141432264	-0.0307273205	0.0759130048	0.1027286398	-0.0363713518	0.0430410286	0.1152986151	0.0644255668	-0.1138492307	-0.0275048443	0.0721970392	0.0143714402	0.0411776617	-0.0236953941	-0.0680100916	-0.0408553853	-0.0730500994	-0.0035338591	-0.0200420417	0.0798679588	-0.0057698325	-0.0924461251	-0.0470328167	0.008604046	-0.0252260526	0.0050629172	0.0054392645	0.1691777934	-0.0516374427	0.0675972238	0.0573628485	-0.0471690578	-0.0982766115	0.1054196842	0.0135190636	0.04962755	-0.0098335448	-0.1448063623	-0.1391565681	0.0580474029	-0.017031911	-0.0192990001	-0.0765431745	-0.0869624206	0.0016171426	-0.0029414434	-0.0592009163	0.0326370749	-0.0781356107	-0.0925711783	0.016005369	-0.0751893494	0.0890958293	-0.0657870713	0.0593670492	0.0263190663	-0.0526847502	-0.0907420975	-0.0754652908	0.0529905149	0.0435822746	0.040568449	-0.0183760048	0.1050527032	0.0203046638	-0.0608301396	0.0369385118	-0.0244043187	-0.0340461605	-0.0483436963	0.0400009167	-0.023912367	-0.0207570399	0.0512286657	0.0077027335	-0.1412172568	0.0386708466	0.0799785558	-0.0759828584	0.1249570762	0.0510139502	-0.0692895887	0.046250736	-0.0706499615	-0.0678795795	0.0639969066	-0.0203397644	0.0503242432	-0.0534100873	0.0828890497	-0.0474756968	0.048111341	0.0145320383	-0.073091718	0.0023502625	0.0296575598	-0.1547720892	0.0096930949	-0.0221696964	0.019782378	0.0728524941	0.0163021624	0.0299428214	-0.0149548889	-0.1704691258	-0.0867031145	-0.0383078287	0.0122546696	-0.152232197	0.0298369364	0.0712289514	-0.0124963459	-0.0302471137	-0.0731990194	0.0680357279	0.0331196242	-0.0728784856	-0.0835193281	0.0151200214	0.0939757006	0.0	-0.0142853790297721	0.0044287093335526	0.0002040720540242	1.9613466361095917e-05	0.1212018218857906	-0.0073340608603019	5.378844870261249e-05	0.0146898816284349	-0.0246494435303503	-0.0097075547195685	0.0006075950663559	9.423661863341856e-05	0.0014269236725552	6.407959953160002e-05	4.106195076130233e-09	2.03611116729842e-06	0.0005671928171511	-0.0004025282956038	1.620290287617807e-07	3.217076918278012e-07	0.0002700955029537	-5.37441009922e-05	7.295158071581218e-08	2.8884283914597924e-09	0.0	0.0	0.0	0.0	0.0	0.0	0.0	0.0	0.0
8358.809255256254	-3.130522962521354	9.800174018873475	69869692.16575761	6093.68519797254	15.169681681922157	37132999.29198963	230.11924233084463	5303.556693160202	-1.448682686211214	2.0986815253281383	28127713.597564373	5127.148195614195	8644.458019658896	1.421101	26.967197	0.0674031326895677	0.0378911057570319	0.0741794426	-0.0832465679	0.0011182068	0.040743905	-0.0366768867	-0.0037201729	0.0320229149	0.023747833	-0.0664790416	-0.0226260285	0.078424209	-0.0145003395	-0.0330148128	0.0102022153	0.0015019804	0.0581592122	-0.0775238013	0.0605831777	-0.043896715	0.0387048415	0.096348376	0.0584030853	-0.0061094165	-0.1260396919	-0.0442530337	-0.0612824444	-0.0536483007	0.0163879718	0.1077028832	0.0803790634	-0.0621292937	0.0421877992	-0.079727032	0.0629882409	0.0456144299	0.0056357338	0.0358648203	0.0188878978	0.0203248573	0.0370283754	0.0600036083	0.115856017	-0.0539365096	-0.021468598	0.0316643812	0.0447801817	-0.046698678	0.0796859088	0.0881278968	-0.0532727879	0.0531252385	0.0885158122	-0.0788928453	-0.0468777123	-0.0304535313	-0.1063387722	0.0075896547	-0.1288209586	-0.0420136494	0.0332997147	0.0695475898	-0.0286922165	-0.1428137909	-0.0314079335	0.0743374886	-0.0656705255	-0.0638649214	-0.0202552847	0.047967231	0.0546063337	0.0703228135	0.0606748355	-0.0150353409	0.008885148	-0.0588090694	-0.063877759	0.0362902628	-0.0208937748	-0.0921921046	-0.0092917598	-0.0442253513	-0.0289782201	0.0210725062	-0.105679104	-0.0843384536	0.013134903	-0.0603317778	0.0095855814	-0.0649377606	0.0878240969	0.1085333861	0.0365152293	-0.0338304773	0.1151829357	-0.1116769199	0.0502522367	-0.0327206442	-0.096359194	-0.0424957523	0.0300238058	0.0640602363	0.0262940223	0.043483756	0.0158150261	-0.1022729667	-0.101259026	-0.0423229101	0.0238853002	0.0094988107	-0.0438234817	0.074926229	-0.0733035081	0.0238647461	0.0434763193	0.0456978288	0.1093044438	-0.0113922678	0.078978599	0.0372574885	-0.0343227265	-0.1850844582	0.0249718682	0.0553467624	-0.0922696637	-0.0456992971	0.0122782098	-0.0572281224	0.0271329323	-0.0977888098	-0.0998594216	-0.0210365789	0.0106233789	-0.0851057094	-0.0459663031	-0.0737878301	0.0530463281	0.0220264321	0.0096887973	-0.0437966675	-0.0153239421	0.0133809346	0.0281772954	0.1628161127	-0.0892058441	-0.110904031	0.0087949268	-0.0487929665	0.0300894608	0.0164193811	-0.0835791664	-0.0203407537	-0.0351649732	-0.0155958354	-0.0259839229	0.076128295	-0.011358208	-0.0826785332	0.1012259046	0.0349867486	0.0644598116	-0.0050957458	0.1346320161	-0.0505062483	0.0719009903	0.0750549316	0.0313503328	-0.031511965	0.0122958115	0.0538475504	0.0458773391	-0.0707821531	0.1148452702	-0.0235361401	0.0493333362	-0.0084610621	-0.0643949672	0.0543357032	-0.0006630738	0.1078137491	0.0616239806	-0.0415865139	-0.0335457115	0.0463875729	0.0273390998	-0.1269221057	0.0416020117	-0.0023759464	-0.0027250474	-0.0021716046	-0.0081841265	0.0123326338	0.164657698	-0.1493662712	0.0318210527	-0.07463935	-0.0814146528	0.0205439468	0.0950649363	0.0	-0.01234370349556	0.0019416755342121	0.0001523670159863	3.770103880157845e-06	0.0884051946356123	-0.0327966272501782	0.0010756187589871	0.0078154784385604	-0.0308487334366276	-0.0061992899062773	0.0009516443546441	3.843119534207161e-05	0.0015503267702191	0.0001234030976638	1.5228324513046036e-08	2.403513094457986e-06	0.0008183301630513	0.0002511373459002	6.30699665057967e-08	6.696642557595673e-07	0.0004248658593676	0.0001547703564139	1.805109984561693e-07	2.395386322448564e-08	0.0	0.0	0.0	0.0	0.0	0.0	0.0	0.0	0.0
8340.402310374053	-18.40694488220106	338.8156198963878	69562310.69889283	6091.767121879616	-1.9180760929239116	37109626.667213455	3.679015898246257	5307.508534941283	3.951841781081384	15.617053462700488	28169646.84847456	5133.040055043536	8675.675413428053	1.580805	29.997789	0.0736547681782009	0.048706367564507	0.0383303159	0.0389721365	-0.0874550588	-0.0671413473	-0.0382768167	-0.2247055696	0.0934491395	-0.0059209193	0.0389686803	0.0331835032	-0.0515659266	0.103262399	-0.0423239823	0.0361297154	-0.032304109	0.100571998	-0.0420347189	-0.1813962162	0.0923070764	-0.1769218196	-0.010403311	-0.0455551862	0.0141857197	-0.0784822871	-0.0470665357	-0.1846959128	0.0087925584	-0.0710724756	-0.063038392	0.1097927984	0.124697095	-0.0531313837	-0.0220579635	-0.1091193822	-0.1031943971	-0.0552311036	0.0346789742	-0.0356128496	-0.0235864687	0.1056649638	-0.0560257536	-0.0005636825	-0.0071657689	-0.067995036	-0.0506786284	-0.0263796133	0.1057517841	0.0121754254	-0.0748469091	0.1273824737	0.0216747458	-0.0473438194	-0.0622933117	0.0001434749	-0.0209847617	0.0987713872	0.040739311	0.0507595707	-0.0039893079	-0.0362745841	-0.0040884378	-0.0280943832	-0.0212838755	-0.0485961621	-0.0535202066	0.0702398657	0.0771136059	0.0071824914	0.189334843	0.0198061307	-0.1390244399	-0.016986307	0.0295909949	-0.0760870449	0.0956242984	-0.1915976482	0.0298128776	0.0550269142	-0.03929879	0.1070288376	0.0391355689	-0.061805413	-0.0124032014	0.0088394286	0.0186058147	0.0546883225	-0.1011172067	0.1917780474	-0.066679732	-0.0423679637	-0.030754329	-0.1080035908	-0.1253754262	-0.0133823847	0.0254995859	0.0365957516	-0.0475184334	0.0169376305	0.051999856	0.0470789821	0.0577350037	0.0999941403	-0.0138008838	0.0658648359	-0.0748187662	0.015409068	0.2087290017	-0.1631074882	-0.0965450672	-0.0362499078	-0.0015919577	0.0600294206	0.1820587947	0.0139708093	0.0202095191	-0.1357745158	-0.1324128979	-0.1516094417	0.0608885548	0.0183853255	0.0857295694	-0.0905598789	0.0594172461	-0.0154794659	0.0009565868	-0.0500288961	-0.0465631619	0.0353400486	0.023985719	0.1232237432	-0.0229517136	-0.0195639815	-0.0457310954	-0.0058288123	0.011766515	0.0740046612	0.0228438056	-0.0089111739	0.068178937	-0.0041375976	0.073237743	-0.1296712674	-0.0504293778	-0.0082607243	-0.0030672491	0.1275346377	-0.0638627869	0.0229278704	0.0394519753	0.1799980609	-0.0373311098	-0.0708408214	0.1608674781	-0.0338011617	0.1122776051	0.1210531237	-0.1100390737	0.0341327398	0.087177136	-0.063128198	-0.0572058561	-0.0108424898	-0.1162311957	0.012350275	0.03744984	0.1048202763	-0.0396729368	0.1082747485	0.0638853787	0.0447855768	-0.0098151598	0.0373384332	0.0832512547	-0.1075429763	-0.08020144	-0.1625864671	-0.0815462899	0.0838193393	0.2216585313	0.1646979631	-0.0514760125	0.0938405817	-0.1154026895	-0.1359909178	0.1112305606	-0.1176907933	-0.0032842144	-0.0928687653	0.06642849	0.0876840715	-0.2065660939	0.0683921871	0.0371467746	0.0305158728	-0.0763382156	-0.0791578303	0.0258996273	0.0956608172	0.0	-0.0064641191152787	0.0058795843802813	4.178483593651148e-05	3.456951248484785e-05	0.1342637301565474	0.0458585355209351	0.0021030052801248	0.0180267492355501	-0.0454889670793221	-0.0146402336426945	0.0020692461259436	0.0002143364411126	0.0015428211852794	-7.505584939699857e-06	5.633380528704931e-11	2.380297209746933e-06	0.0007378726973032	-8.045746574810006e-05	6.473403794606694e-09	5.444561174254998e-07	0.0004824311013656	5.756524199800002e-05	2.3273976756482585e-07	3.313757086288305e-09	1.0	0.0	0.0	0.0	0.0	0.0	0.0	0.0	0.0
8324.724586104732	-15.677724269320606	245.79103826484436	69301039.43449661	6067.217639828203	-24.54948205141318	36811129.8890425	602.6770689926578	5304.63307517601	-2.8754597652732627	8.268268861705367	28139132.06225129	5129.398922849984	8524.293554877157	1.523576	28.911798	0.1120947239179108	0.0617997827140508	0.0253890827	0.0050422201	0.0599830094	-0.0793235433	0.1534109269	-0.2783921578	0.1402326244	-0.0490445006	-0.0159075342	0.0638899607	-0.0742666912	0.0008859406	0.0224432194	0.1379946084	-0.1073034224	0.0157895277	0.0293626353	-0.1532994275	-0.0853721445	0.000740268	-0.086379323	0.0194600074	0.0141951348	0.020533345	0.0223923561	-0.2649354765	0.0326521015	-0.0743612666	0.0490455999	-0.0848858757	-0.0313846515	-0.0533646655	0.0699925931	0.0940015812	0.1353917693	-0.1128382766	0.0085697407	0.0133050736	0.0603962928	0.0426903572	-0.0506180886	-0.093607905	0.0042776586	0.0233242438	-0.0318613937	0.0448775118	0.0373968516	-0.0134968482	-0.0706604457	-0.0784598334	-0.0388753937	0.1171486287	-0.0613399595	0.0291195193	-0.1021157157	0.0946075827	-0.0395334239	0.0075676312	0.0891453928	-0.1057674912	-0.0946799186	-0.12292425	0.0987134069	-0.0812157798	0.0200379236	0.1159886464	-0.0616851815	-0.0674383439	-0.0760654577	0.0299070578	0.0433130384	-0.0316698799	0.0183179671	0.1111242282	0.0398126013	-0.0618701343	0.0017218028	-0.0295476101	-0.1357474719	0.0508773239	0.0065246485	0.0184043947	-0.0914196942	0.0293163397	0.0167017144	0.0011172623	-0.050293409	-0.1095644067	-0.0019387582	0.0466007131	-0.0162375889	0.0230364239	0.0500291123	0.010050094	0.0632089502	-0.0013932532	0.1030196983	0.0585927152	-0.0287490558	0.0167784619	-0.0163618338	-0.0301113112	-0.1354496632	0.1311157955	-0.0870118955	0.0832536799	0.0393769722	0.1575118259	0.0025022476	-0.1451723032	-0.145293233	-0.0235204009	0.0711315586	0.1172257772	-0.0803165951	-0.088884462	-0.0425913032	0.0716598345	0.0345749207	-0.0839980247	-0.2284057842	-0.0784109517	0.0158170211	0.0792949223	0.0635102169	-0.0883078511	-0.0112707836	0.0406050691	0.0353499034	0.0483926497	-0.052194091	0.0681838637	0.0106387012	0.0714333253	0.0753406576	-0.1666233718	-0.0774769842	0.0091691366	0.0380214481	0.126810711	-0.0054346734	-0.0023479894	-0.0801603277	0.0745370145	-0.0995749821	-0.0200465319	-0.0616006268	0.0736919855	0.0369401842	-0.0574855863	0.0202890266	-0.0303031555	0.0418855487	0.036845899	0.0132411675	0.132678077	0.0620240724	0.0407913999	-0.0804702313	-0.0653614082	0.0777041445	0.0500199572	-0.0134366146	-0.0487648197	-0.0876072499	-0.0320401702	-0.0083143634	-0.0174470628	-0.0146075844	0.0664557534	-0.0347923779	-0.0245323626	0.0308814269	0.0166291355	-0.3067361199	-0.0478489718	-0.0408019041	0.1571439365	0.2092973491	0.183334895	-0.0074350888	-0.0769587641	-0.0492786144	-0.0379156011	-0.0429686207	-0.0463868747	0.0464912505	0.098590676	0.2056527465	-0.059495818	-0.0798914578	0.0248817938	-0.042983966	0.0292043556	-0.0779736709	-0.0767530781	0.0311692719	0.0957602511	0.0	-0.0160038462772291	-0.0095397271619503	0.0002561230956651	9.10063943244542e-05	0.0824441124281634	-0.051819617728384	0.0026852727815158	0.0067970316740676	-0.0171783862593457	0.0283105808199764	0.0002950969544752	0.0008014889863644	0.0012418781470958	-0.0003009430381836	9.056671223117577e-08	1.5422613322340976e-06	0.0007377086903666	-1.6400693659992908e-07	2.689827525289316e-14	5.442141118424042e-07	0.0003350421823338	-0.0001473889190318	1.1225326394299529e-07	2.1723493453362504e-08	0.0	1.0	0.0	0.0	0.0	0.0	0.0	0.0	0.0
8321.498353932115	-3.2262321726175287	10.40857403163242	69247334.8544949	6061.0585580702445	-6.15908175795812	36736430.84435655	37.93428810121248	5299.119328647646	-5.513746528363299	30.401400779038333	28080665.65924708	5120.499751377921	8400.80104714374	1.494275	28.355774	0.0625580482778912	0.0407245581847004	0.0042445656	-0.1178222976	0.0530989098	-0.1063017578	0.0642284004	-0.1743563947	0.0188550672	0.0007574421	-0.0906317461	0.0190912626	-0.03132042	-0.0305466877	0.024359072	0.0252267552	-0.1614295096	0.0263156384	-0.0489456456	0.0067994112	-0.1028848215	-0.0272292566	0.0550829401	0.1048163846	0.0775592904	-0.0610063835	0.0136282844	-0.0860581655	-0.0646127945	0.097275795	-0.048621279	0.0742955939	-0.0549702987	-0.0446505642	-0.0081268978	-0.0427052982	-0.0205960002	-0.0621645352	0.0615771234	-0.0331510019	0.0506029614	0.0720282048	0.0478100077	-0.0838574811	-0.0150644792	0.0643446676	-0.0547988113	-0.0547940757	-0.0418429702	0.0502130632	-0.0768629813	-0.0182324951	-0.0757334587	-0.055669646	-0.0339407694	0.0893362885	0.0792376429	0.0211934944	-0.0958597872	-0.0478509007	-0.1019712424	0.0300983097	-0.1547807698	0.0058259689	-0.0188693885	-0.0627739198	0.0484419688	0.0399119426	0.0181362251	0.1144258114	0.0274545065	0.2017184313	-0.0862577716	0.1172853354	0.0036685378	0.0141333066	0.074407391	0.0129179188	-0.1077837872	0.0201430951	0.0516175033	0.0946419416	0.018873751	0.0268051534	-0.008309661	0.0292240638	0.0828918619	-0.1069752326	0.0332698134	-0.0051471499	0.007362658	0.0573447946	0.0287442111	0.0328162558	-0.035622296	0.06987283	0.150895341	-0.0983935393	-0.0123251494	-0.0536766855	-0.0803502445	0.0530920034	0.0946034271	0.0574493448	-0.0704630075	-0.0938873889	-0.0276081971	-0.0632604466	0.0156255336	-0.0115648886	0.0398523264	-0.041430618	0.0826010353	0.0725916968	0.0584893257	0.0273601812	0.0255264265	-0.0384469969	-0.0376056549	0.0026598486	0.0814717614	0.0454262355	-0.0222015571	0.0591298369	0.0156812036	0.0766299112	0.0147643335	0.0535291341	0.0324614902	-0.0360440618	0.1328406991	0.0505438392	-0.0741197387	0.1477024189	-0.0491478904	-0.0808835619	-0.0821256438	0.0641528887	-0.0187542328	0.0859270155	0.0617913238	0.0150870636	-0.0730686635	0.0919931666	-0.0467951818	0.0538701815	0.0401242653	0.0210178367	-0.2005302489	-0.0505189564	-0.0081597782	0.1156626506	0.1164985276	-0.0613234559	0.0458763528	-0.0587996079	0.0517400963	0.0225190759	0.0539042825	-0.0353393773	-0.023374146	-0.0782952699	0.0046094283	0.0044167864	0.0450089957	-0.060360719	0.0439537942	-0.1421743398	-0.0343356673	-0.010627604	-0.0824154671	0.0316604834	-0.0450683221	0.0787135972	-0.0021624032	0.0914119956	-0.0464254487	-0.1350028489	0.0327308955	0.1167366774	0.118781465	-0.0913528695	0.0011763674	0.0926678171	-0.0460633144	0.106425256	-0.0553191114	-0.0956107428	-0.0107608671	0.1664659048	-0.0836908395	-0.2077732384	-0.0107291592	0.1631420162	-0.0602139919	0.0278867734	-0.0795443577	-0.0742048901	0.0363353752	0.095362722	0.0	-0.0185813313191687	-0.0025774850419396	0.0003452658735927	6.643429141422392e-06	0.0698718087587906	-0.0125723036693728	0.0001580628195549	0.004882069659225	-0.0162032167272769	0.0009751695320688	0.0002625442323111	9.509556162752828e-07	0.0019468749515368	0.000704996804441	4.970204942720215e-07	3.790322076921417e-06	0.0006039139535141	-0.0001337947368525	1.7901031609429733e-08	3.647120632490306e-07	0.0004249124417305	8.987025939670001e-05	1.8055058313737557e-07	8.076663524030146e-09	0.0	0.0	0.0	0.0	0.0	0.0	0.0	0.0	0.0
8315.107586591363	-6.390767340752063	40.8419072036232	69141014.17658924	6050.821939952338	-10.2366181179068	36612446.14900857	104.78835049185776	5294.274466853614	-4.844861794032113	23.472685803272064	28029342.130378123	5119.553435891749	8479.859016202938	1.19687	22.712122	0.107006759526416	0.0736623229081433	-0.0305854446	-0.1130422157	-0.0388997934	-0.1398319203	-0.0049279301	-0.1593100426	0.1151920892	-0.0542266601	-0.0686057273	-0.0393850943	-0.1026763089	-0.0612154298	-0.0226501406	0.1348472687	-0.0795699424	0.1679903886	0.0187445392	-0.0419757888	0.039928067	-0.1206473906	0.067722045	6.54071e-05	0.1192138336	0.1178488055	-0.0382764846	-0.060750729	-0.0971375363	-0.0769433936	-0.1338983825	0.0511256345	-0.0618859212	0.0252620679	0.0623357739	-0.0093882256	-0.0219462247	-0.0843825542	0.0895404208	-0.0474520015	0.058939215	-0.1164361693	-0.0120593379	0.1209237224	0.0281457826	0.0097969114	0.0675150149	0.1138339805	-0.0638367453	-0.0714998534	0.0132676158	0.0008556514	-0.0979428269	0.0742827097	-0.1446900223	0.0262115507	-0.0216135587	-0.0295111858	0.0737268814	-0.0148309352	0.0715315607	0.0458857218	-0.0489493744	0.0784810327	0.0344770371	-0.0639976359	-0.0436352214	-0.0715901641	-0.020897484	-0.1172406199	0.0284665369	0.0316432351	-0.0019146611	-0.0504659224	0.0010966123	-0.1139147292	0.0535322258	0.0328293006	0.0216659714	-0.0382885794	0.0827699507	-0.1672605716	0.029267865	-0.0600201026	0.0220691139	0.0547138083	0.0920963786	-0.1142765004	0.0639384477	-0.0563356204	0.0823643859	-0.0341598082	0.0575173929	0.0524843862	-0.0055764296	0.0813750767	0.0603322521	0.0017005333	0.0187320569	-0.074237993	0.0239480816	0.0028885174	0.0631824361	-0.1229090006	-0.1069107314	0.0558565777	0.0707856222	-0.0467342259	0.0873438231	-0.0065050729	0.0373647215	-0.0712762469	0.0171133352	0.0801543355	0.0479526359	-0.1089296371	-0.1025236373	0.0193238826	0.1118711513	-0.0240391073	-0.0248258672	-0.1834790209	-0.0485605807	-0.0768583053	0.0500437829	0.0839018238	0.0085950653	0.0715940984	-0.0692509776	0.1256987302	0.0684796574	-0.0337728522	0.0808262503	0.0419196339	0.0120984354	0.0302287774	-0.0311600186	-0.006282279	0.0293811587	-0.0020549497	-0.0092848133	0.0798566771	0.0750060543	-0.0274038564	0.0886452344	-0.0931543059	-0.0305838203	0.1273748195	0.0431957941	0.010425964	0.0475072718	-0.0432136436	0.0355280286	-0.0311042451	0.0919279792	-0.0470834651	-0.0444436229	-0.0772281656	0.0054334205	-0.1641587854	-0.0366679999	-0.0620080173	-0.0449071413	-0.0190006705	0.1000273622	-0.0092171047	0.0228388657	-0.0336915452	0.0077719712	-0.0932089028	0.0756180047	0.0214945119	-0.0556606042	0.0922227813	0.077310825	0.0033025926	-0.0455781617	-0.0715390242	-0.1195208695	0.1300566183	0.0678802961	-0.042086658	-0.0479158939	-0.0563653452	0.0148031879	-0.0174852125	-0.0022080694	-0.0439391917	0.0636015439	-0.0098781508	-0.0066352942	0.0150179077	0.0065922968	0.0412098764	0.0263192862	0.0265634	-0.0810489711	-0.0715180283	0.0413807762	0.0944702927	0.0	-0.0100316251485139	0.0085497061706548	0.0001006335031202	7.309747560453279e-05	0.1382696152918754	0.0683978065330848	0.0046782599385372	0.0191184865129632	-0.0151766259161405	0.0010265908111364	0.0002303299741984	1.0538886935096957e-06	0.0016777839574655	-0.0002690909940712	7.240996309028038e-08	2.814959007928595e-06	0.000738006781054	0.0001340928275399	1.7980886397645375e-08	5.446540088816867e-07	0.0006023817403501	0.0001774692986196	3.628637611072154e-07	3.1495351952532775e-08	0.0	0.0	0.0	0.0	0.0	0.0	0.0	0.0	0.0
8314.138808664138	-0.968777927224437	0.9385306722772766	69124904.12973514	6057.794757444467	6.972817492129252	36696877.32332167	48.62018377854367	5296.772045810696	2.497578957081714	6.237900646857383	28055794.105281625	5119.237910613979	8469.425417316386	1.266449	24.032478	0.0631924743433105	0.0341613035681273	-0.0539264127	-0.0209797978	-0.0662339085	-0.122814801	0.1524260731	-0.1060595159	-0.0383876566	0.0079889873	-0.0144210605	-0.0227620703	-0.1101492376	0.1260931949	0.0386720288	0.0618034515	-0.0473807771	-0.0697279096	0.0253675028	-0.1070600549	-0.0809774523	-0.0971709375	0.033435378	-0.071425279	0.0877467036	0.1435424647	0.1359396655	-0.0060016068	-0.0218627694	0.0163982442	0.0722996088	0.0788360252	-0.0986411839	-0.0238967522	0.1102252373	-0.0067710559	0.0546164999	0.0559578662	-0.053611764	0.0099767965	0.0534400475	-0.0074535283	-0.0431709909	0.034513153	0.0658913391	0.0536691325	0.0081083513	-0.0631006618	0.0557761447	0.0073544706	0.0129315268	-0.0016955467	0.1084436711	0.0476021146	-0.0237096553	-0.0183481535	0.061771458	0.0419192041	0.0152554353	-0.0125956047	0.0558174706	-0.052690002	-0.0573080686	-0.1072688204	0.0857004844	0.0911450392	-0.0877727067	-0.0337458032	0.1414736161	-0.0074812038	-0.06479128	0.044003753	0.0478856814	0.0989560204	-0.0093545006	-0.0467304872	0.0538091022	0.0763888028	0.003108041	-0.0748776711	-0.0485146412	-0.0415003065	-0.0133939814	0.0891064366	0.0221978477	-0.0950330054	-0.010125008	-0.0907198549	-0.066409465	-0.0197220209	0.0560188747	-0.053866428	0.0663886897	-0.1451717815	-0.0436292045	-0.0249676455	-0.1000180321	0.0796943594	-0.0097058269	-0.0336946818	0.091845855	0.094087785	-0.1167766822	-0.0468170585	-0.0809554784	-0.0277116774	0.0215368809	-0.00649018	0.0538677892	0.1179851763	0.1371221506	0.0455352607	0.0308727342	0.0527707961	-0.0646599704	-0.0173989005	-0.0463177922	-0.0145958195	0.0222650771	-0.0607991672	0.017378879	-0.0074225419	0.0711126912	0.0484337086	0.0506667729	-0.0907322861	0.0253494212	-0.0756905436	0.0262821043	0.0383506811	0.0137847988	0.0026423371	-0.0552905299	-0.1021471729	0.0037064667	0.0316286471	0.1177736017	0.1254213639	0.0111890393	-0.0125101928	-0.0008853288	0.1399742997	-0.0548895379	0.0403602412	-0.0576360539	0.0334119523	0.0245556829	-0.0404585319	-0.0735688616	-0.009759284	0.0069434365	0.0726619785	-0.005711409	-0.101502094	-0.0352859572	0.028172458	-0.0418748139	-0.0298932164	-0.0035593221	0.0017746454	-0.0228589102	0.0033311459	0.0425377629	0.0185550501	-0.0636102126	0.0735621892	-0.0366138695	0.0473404974	-0.0075494422	-0.0873844691	-0.1267030052	-0.0020077752	-0.0226971447	0.0410135849	0.1294770857	0.0440344182	-0.0509603582	0.0424642663	-0.0177202668	0.2010134253	0.0141956362	0.0184505617	0.1405741577	-0.0306342747	0.0552659305	-0.0103776628	-0.0220052823	-0.0453812124	-0.0152760762	0.0070720077	-0.0250821225	-0.1511833876	-0.0644953238	-0.0587187399	0.0776394077	0.02523451	-0.0824862614	-0.0686975141	0.0462887143	0.0930875949	0.0	-0.0049534373507782	0.0050781877977357	2.453654158808455e-05	2.578799130907176e-05	0.1231872784949388	-0.0150823367969366	0.0002274768832562	0.0151751055829896	-0.0199947870566887	-0.0048181611405481	0.0003997915094423	2.321467677628873e-05	0.0019440948534067	0.0002663108959412	7.092149329700464e-08	3.7795047990424183e-06	0.0007390697462277	1.0629651736999935e-06	1.1298949604990574e-12	5.462240897890769e-07	0.001099283651397	0.0004969019110469	1.2084245462287212e-06	2.4691150920206135e-07	0.0	0.0	0.0	0.0	0.0	0.0	0.0	0.0	0.0
8305.635289996295	-8.50351866784331	72.30982973435965	68983577.57043184	6049.05065887603	-8.744098568437039	36591013.87364853	76.45925977454267	5298.624819910644	1.8527740999479647	3.432771865437991	28075424.982173104	5123.236426688815	8450.597525892957	1.188763	22.558289	0.0333520871817563	0.0227683151200064	-0.1034389328	0.0493422888	0.0036613675	-0.1106237039	0.1316396734	0.0334697489	-0.0330158452	-0.0003160146	0.0631258988	0.0454738639	-0.1396789295	-0.081388065	0.0168465244	-0.0742554028	-0.0823990257	-0.0490717698	-0.003889613	-0.0133564555	-0.0023879768	-0.0291886841	-0.0529951743	-0.082356964	0.0548200627	0.061260913	0.0080393778	-0.0011768594	0.0128727812	0.0707711645	0.0329554687	-0.0321334165	0.0472902677	-0.0019432313	0.0077822517	-0.0499461633	-0.1118599824	0.0441227352	-0.1187549463	0.0289745523	0.1096526711	-0.0985305224	-0.0371119375	0.0358062124	0.0529430353	-0.035839099	-0.0070777541	-0.0752485394	-0.0497868496	0.0064106804	-0.022763844	0.0855198749	-0.0209621215	0.0294377543	0.016701057	-0.0407576115	-0.0664118745	0.0722009121	-0.0127047524	-0.0095133689	0.1356920766	-0.1173705664	0.0417222678	0.0109324341	0.1080302685	-0.0154354341	0.1067394232	0.1001072932	-0.0953131458	0.0471010864	0.0052282323	-0.0112961935	0.0072141903	0.0984093995	-0.0560960326	-0.0216341066	0.0439092184	0.0124936925	0.0018799169	-0.088050738	0.0036070123	-0.019030112	-0.0658178325	-0.042234129	0.0816309907	0.007239196	-0.017378553	0.0546430724	0.0220776822	-0.0419240337	-0.0935410972	0.0565688564	-0.0214092584	0.0194841882	-0.0793626725	0.0130869322	-0.161390495	-0.0442100556	-0.0544530108	0.0604318065	0.0709844874	-0.0036628132	0.0158318511	0.0436850641	-0.108260342	-0.1013146589	-0.0303296801	-0.0020185243	-0.0062903319	0.0127324425	0.030371029	0.0852086413	-0.0452944964	0.0408043958	0.0021042387	-0.0590021509	-0.0418374844	0.0447385948	0.0397349392	-0.0894955841	-0.1003834809	0.1103817686	-0.024826153	-0.0203487524	-0.0885276664	0.0190801245	-0.0477548272	-0.0969529744	0.0798111298	0.0251345801	-0.0322693223	-0.0347282363	0.0457961886	-0.0352008843	0.0087336363	0.1000641143	0.0867132822	0.0355409325	0.0040369911	0.0056183048	-0.0311481174	0.0409383704	0.0665242781	-0.0574261125	-0.0823049769	0.0022168778	0.0169345738	-0.002090769	0.0134209297	0.0634632537	-0.0004091426	-0.1157680662	0.0734532139	-0.0438864469	0.0821748826	-0.0371646676	-0.0393079396	0.0507911838	-0.0321287379	0.0328118475	-0.0149023436	-0.1042695675	-0.0206633987	0.1188356861	-0.0323077595	0.0001923505	0.0071485988	0.0405972489	0.1347219643	-0.0555945878	-0.0648119823	-0.0475104028	-0.0255809278	-0.0381099792	0.1121999224	0.0157782212	-0.0550670284	0.0738997623	0.0947174886	0.1859554508	0.033221987	-0.0206212057	0.0162770077	0.0815654056	0.0424778128	-0.0273449365	0.0843209031	-0.0623312899	-0.0033812954	0.0547523984	-0.0789660145	-0.0355551425	-0.0354568017	-0.0636964624	0.1004888239	0.0239003795	-0.0838550348	-0.0657486183	0.051042886	0.0912218041	0.0	-0.0036417384572899	0.0013116988934882	1.326225899130422e-05	1.7205539871784302e-06	0.1251212084170703	0.0019339299221315	3.740084943715592e-06	0.0156553167957479	-0.0186485838424772	0.0013462032142115	0.0003477696793299	1.8122630939533731e-06	0.0023630428572819	0.0004189480038752	1.755174299510146e-07	5.583971545351006e-06	0.0007399839432156	9.141969878999216e-07	8.357561326852894e-13	5.475762362169082e-07	0.0012546265535724	0.0001553429021753	1.5740877889289582e-06	2.4131417256275853e-08	0.0	0.0	0.0	0.0	0.0	0.0	0.0	0.0	0.0
8315.3728160763	9.73752608000541	94.81941415878552	69145425.07034071	6052.632030126468	3.581371250437769	36634354.492112845	12.826220033462189	5300.792445591518	2.1676256808741527	4.698601092385134	28098400.55124011	5123.492046545571	8344.66617704201	1.288793	24.456484	0.0291431806833295	0.0213882827059165	-0.028612733	0.022171275	0.1077913753	-0.1777703686	-0.0313082749	0.0266618066	-0.0288189786	-0.080839178	0.0478950789	0.0968074999	0.014407198	-0.0815222236	0.1125433746	0.0849614167	0.1509178716	-0.0627935296	-0.1159070339	-0.0881123282	0.096694165	-0.0480952028	-0.0953701823	0.0135971355	0.0314291773	-0.0098987614	-0.1017405065	0.0941903166	-0.0442660814	0.0177295423	0.0663267541	0.0447521611	-0.061335648	-0.0928014413	0.0657074297	-0.1067626079	0.0098035091	0.0509645995	-0.0977614299	-0.0389029763	0.0983829942	0.0060328789	-0.0361857551	0.0105882346	-0.1446971096	5.02565e-05	0.015651197	-0.1696063569	0.0149736192	0.0039040705	-0.0006034275	-0.1100979213	-0.0661300376	-0.0033264865	0.0527420058	-0.1026677555	-0.0185604338	-0.0789642927	0.0113325271	0.0570232593	-0.1073804118	0.113340036	0.076272799	-0.0044945878	-0.0400170272	-0.0312543894	-0.0084034582	-0.0265535086	0.0068575527	-0.0409629656	-0.0657426557	-0.0101699638	0.0305908373	-0.0870838207	-0.0281417566	-0.0908067728	0.0366432883	0.1259590458	0.0665192386	0.0209362845	-0.0054918637	-0.0873899686	0.0237627003	-0.0098679944	-0.0371852561	0.0764702343	0.0143005735	-0.1443865283	-0.015791402	-0.0473696958	-0.0403866192	0.083016857	-0.0525949106	0.0935900309	0.0186910201	0.0124380625	-0.0128043214	0.0387742673	-0.0480163978	0.1083086455	-0.0511800996	0.005326392	0.0426981111	-0.0450782638	0.124241518	-0.0888515236	-0.0002916164	-0.0306981008	0.0450239589	0.0317208942	0.1259955871	0.0032064622	0.0007478103	0.0266906311	0.050816309	0.0110912152	-0.1249009515	-0.0091228577	0.0323586655	-0.1038102993	0.0832779779	0.1499105838	-0.0841885081	0.0690228975	3.41859e-05	0.0297339695	0.1514252272	-0.1044674897	-0.0751198024	-0.0914307638	-0.0003363957	-0.1133110158	0.0262014875	0.0201840725	-0.0524115915	-0.0112284126	0.0028319062	-0.0108409181	-0.0442841516	0.0337826441	0.0237600234	-0.135790282	0.0082743405	-0.0157736745	0.0657251986	-0.0282167099	-0.0156545834	0.0249444679	0.0155439031	0.0400293697	0.0795629555	-0.0133991519	-0.0067542432	0.0804722702	-0.0992921426	0.0273706023	-0.1553996206	-0.0481917139	-0.0356029451	-0.0605552171	-0.1724289409	-0.0312460159	-0.0321941628	0.0797812903	0.0607581417	-0.046975784	-0.1089387424	0.0599705326	-0.0809245789	-0.0091864002	0.0124828629	0.0013090955	-0.0337633389	-0.0856186907	0.0518065638	0.0490237576	0.0260858909	-0.1155553755	0.059550974	0.1154251366	-0.0287170954	0.0064152529	0.0124426714	-0.0654312617	0.0404593753	0.0196011441	0.1042803734	-0.0591110587	-0.0428033783	0.1863409946	-0.0507178869	-0.0331838815	0.0092510312	0.0031243397	-0.0591350241	0.0225612856	-0.0851541541	-0.0626768518	0.0556274983	0.0888826032	0.0	-0.0002889730984492	0.0033527653588407	8.350545162733105e-08	1.1241035551442208e-05	0.1047524338606251	-0.0203687745564452	0.0004148869769312	0.0109730723997246	-0.0159293725940585	0.0027192112484186	0.0002537449112403	7.394109813526774e-06	0.0024170395585546	5.39967012726998e-05	2.9156437483331802e-09	5.842080227617815e-06	0.0007400173171459	3.33739303000043e-08	1.1138192236695452e-15	5.476256296758155e-07	0.0012546080383829	-1.851518949985177e-08	1.5740413299749885e-06	3.428122422154213e-16	0.0	0.0	0.0	0.0	0.0	0.0	0.0	0.0	0.0
8332.373137898605	17.000321822304613	289.01094206192647	69428442.10917424	6059.575249059876	6.943218933408389	36718452.19901906	48.20828915724072	5299.377865526554	-1.4145800649639568	2.001036760193432	28083405.761632778	5120.235434342576	8423.771248021818	1.260397	23.917641	0.0700552271582277	0.0445061550516765	-0.0157121451	-0.0839126226	0.0494015566	-0.0847100588	-0.0748421679	0.0030304992	-0.1257744422	0.0253358502	-0.0864438681	-0.0011692182	0.0763645889	-0.0188976274	0.1442118905	0.0286018043	0.1163258596	-0.13964302	0.0811779249	-0.0708809007	-0.0244279967	0.0287710509	0.0056979779	0.094668248	0.037562623	0.1382383624	0.0306217994	0.0290804178	0.0418321446	-0.0595489675	-0.1023629603	0.057991216	0.0094561017	0.0264798062	0.0403236635	0.0576048027	0.0622295071	0.0559247417	0.0614482416	-0.0005822307	0.0499003853	-0.0447192309	0.0618559231	-0.0225856088	-0.0116935372	0.0685492357	0.0510127213	-0.0266906083	0.0008283171	-0.0265844204	0.0386964683	-0.0472432851	-0.0619655696	-0.0612896614	0.0452563144	0.1399000704	-0.0401716908	-0.1052681027	-0.0284391687	-0.0754037892	-0.0691962937	0.0244657405	-0.0502690272	-0.0411421282	0.039715308	-0.0107227906	0.0031857562	-0.0909674153	0.0897078433	-0.1360424619	-0.0781035331	-0.0628126108	-0.0851267195	0.1842979012	0.1890768212	-0.0628937861	0.017375551	-0.0486672296	0.1409045605	0.032453097	-0.093822773	0.0602492134	-0.0324286299	-0.0139307726	0.0406228157	-0.0189381501	0.004611364	-0.0824820278	0.0753894818	-0.0229364026	-0.0238396735	-0.0706016836	-0.0352208727	0.0643196117	0.0190363702	0.002174498	-0.1244950927	-0.0175496052	-0.0247567387	-0.0393231366	-0.0844321289	-0.0251435603	-0.0651752966	-0.0978965532	-0.045751183	-0.032275692	0.0895675997	0.0708183126	0.0990153139	0.0063595714	0.0261915718	0.0371308562	0.136110905	-0.0690413878	-0.1190259338	0.0474594062	-0.0120070058	0.0060015724	0.0627942369	0.0195202058	0.0609384943	-0.0624482357	-0.0173382517	0.1186659815	-0.0943254479	0.0008122066	-0.0072926387	-0.0283449151	-0.0173808801	-0.1339390748	0.1073703063	0.0216035662	0.1021546685	-0.0245413551	-0.0567508738	0.1545163231	-0.0155588405	0.0462379053	0.062434215	-0.0377160232	0.0114946798	0.0044283713	-0.0980665395	-0.0117727546	0.0980627723	-0.061397149	-0.0563860392	0.0629020102	-0.0122525016	-0.1998738726	-0.0100439095	0.0603460205	0.0091834819	0.0160318926	0.0425549686	0.0869872896	0.0764817051	0.1143973527	-0.028144564	-0.0561425725	-0.1305697575	-0.0197046422	-0.0381805192	0.0459657794	0.0483805764	-0.0276903432	0.0399938466	-0.0193045767	-0.1027649437	-0.0833196668	-0.0406987068	0.0029515541	-0.0735596483	-0.035224644	0.0670137771	0.0922631494	0.0361811948	-0.0001868472	-0.1806693302	0.0778890375	-0.020457323	-0.0471631819	-0.0128939607	0.0519764471	0.0692905183	0.0151917886	0.0958772233	0.0940224952	0.0517147096	0.0202849614	-0.0901105068	-0.0804448721	-0.059138692	-0.0561463837	-0.051482478	0.0212175063	-0.0863825404	-0.0594879552	0.0600273217	0.0860821319	0.0	-0.0081813014032405	-0.0078923283047913	6.693369265066498e-05	6.228884607060992e-05	0.1402600192707837	0.0355075854101585	0.0012607886216597	0.0196728730058406	-0.0073921580615206	0.0085372145325379	5.464400080650399e-05	7.288403197457632e-05	0.0020550394823893	-0.0003620000761652	1.3104405514368276e-07	4.223187274178883e-06	0.0007397897410794	-2.275760664999455e-07	5.17908660435876e-14	5.472888610063257e-07	0.0012547423643659	1.3432598299986664e-07	1.5743784009345288e-06	1.8043469708880464e-14	0.0	0.0	0.0	0.0	0.0	0.0	0.0	0.0	0.0
8342.576631842421	10.203493943816284	104.11128866149558	69598584.85816324	6038.290467371395	-21.284781688481416	36460951.768348254	453.0419315263138	5301.60088908426	2.223023557706256	4.941833738116979	28106971.98713902	5121.806537748842	8534.047747308476	1.274311	24.181664	0.1119751455464996	0.0673971748776378	-0.0226038098	-0.1060870823	0.0036080676	0.0163753643	0.0244762731	0.1298441591	0.0597822118	-0.0709031121	-0.0743631566	-0.0788614886	0.0083565458	-0.0710288511	0.0279944023	-0.0339394879	0.0106039244	0.0041043902	-0.0783417756	0.0675997597	-0.1167252343	0.1124682172	0.0947547671	0.0619873651	0.0723407179	-0.1188529237	0.0028702036	0.0806481479	-0.0553869923	0.0904625378	-0.0163553427	-0.1320277304	-0.0745106116	-0.0352275284	-0.0491981069	0.061071601	0.0635866418	0.1320741085	-0.0720138207	-0.0177855988	-0.035446268	-0.1080359926	0.0358730805	0.0246217488	0.0470558456	0.0788153813	-0.0828360759	-0.0654430669	0.1476083581	0.1064505662	-0.0528773031	0.0786031758	0.0431289451	0.0501386727	0.0432871996	-0.0642630676	-0.0795608277	0.033230624	0.0200338022	-0.0277684466	0.0779990186	-0.0089232012	0.0337083274	-0.074926351	0.0037396018	0.0547089737	-0.016826861	-0.0266993291	0.0108303245	0.1125896841	-0.1472540767	-0.0248938228	-0.0942502068	0.0560126165	-0.0590508527	-0.09889058	0.1686277692	0.06987266	-0.0279498988	-0.066454141	-0.0506869162	0.1063157321	0.0648398385	0.0517384341	-0.0257684985	-0.0369097783	0.0099089729	0.0682593731	-0.0466784616	0.0676850165	-0.1132313024	-0.0955063333	0.004820135	0.0453140049	-0.03928189	0.1475752716	0.035026465	0.0110476368	0.072016828	-0.0926102619	-0.0283931273	-0.0247481405	0.1181481697	-0.0222335121	0.0454520482	-0.0733003768	-0.0210210841	0.0641787319	-0.1617765463	0.0735389785	-0.0107022981	0.0125020312	0.0082149558	0.1119414693	-0.1731083165	0.0929273369	-0.001873045	0.0487057424	-0.0107235952	-0.1864395908	-0.095572346	-0.0013747885	0.0841553892	0.0283640824	-0.0351120441	-0.1762777227	-0.0125019614	-0.1620514674	-0.0068657584	-0.0240030901	-0.0104496838	0.0170921541	-0.0692301437	0.0346391451	0.0325025321	0.043083427	-0.1258773846	0.1188921402	-0.0700483159	-0.0580503727	0.0223369561	0.074719742	0.0096977845	-0.1001313509	-0.0290366329	0.0733817161	0.0511412333	-0.0803121806	-0.1056260579	0.0259544702	-0.0911227543	0.0181998552	-0.0309349044	0.0303295243	0.0884006625	0.1040977962	0.0423790898	0.0451949892	0.1516704005	0.030488912	-0.0375400611	-0.04796094	0.025115436	-0.0508696644	0.0651312829	0.0363136406	0.033977515	0.0399903429	0.044462017	0.1003989767	0.0893117601	-0.0369660042	-0.0541831839	0.0397723635	0.0076665187	0.1110330755	0.0811442522	0.0794149328	0.0752980646	0.0292248674	2.55282e-05	-0.0233215349	-0.1838369284	-0.015071883	-0.0144564344	0.0200887544	0.105707804	-0.0551009901	-0.0665549412	0.1252791013	-0.1762933214	-0.0397233882	-0.0035306172	-0.0939501152	-0.055541539	0.0198693207	-0.0875391733	-0.0561878877	0.0642277404	0.0828349236	0.0	-0.0061913925042631	0.0019899088989774	3.8333341141845296e-05	3.959737426229451e-06	0.098259074038836	-0.0420009452319476	0.001764079400377	0.0096548456309694	-0.0335611341032802	-0.0261689760417596	0.0011263497222983	0.0006848153070741	0.0027699685140941	0.0007149290317047	5.111235203743627e-07	7.672725569072676e-06	0.0008602346751791	0.0001204449340996	1.4506982150281072e-08	7.400036963804917e-07	0.0012538100226941	-9.3234167179994e-07	1.5720395730081796e-06	8.692609929747071e-13	0.0	0.0	0.0	0.0	0.0	0.0	0.0	0.0	0.0
8335.482250056953	-7.094381785467704	50.33025291797592	69480264.34101453	6054.465391851776	16.174924480381378	36656551.18113088	261.6281819460408	5300.277324300642	-1.323564783618167	1.751823736434205	28092939.714495577	5121.694738563779	8543.308619073556	1.157242	21.960136	0.0634935496847319	0.0399257805518539	-0.0279678304	-0.0674530404	-0.0541023313	-0.0335658337	-0.0840530033	0.0660211091	0.0084722127	0.0257979715	-0.0050517689	-0.109526753	-0.0084268788	0.0064786024	-0.0976406253	0.0927058561	0.0650095436	-0.037803422	-0.037030853	0.116169941	0.0275104887	0.1110492121	0.0812689868	-0.0280059855	0.1220240816	-0.0164549299	-0.0770899629	0.1308769333	0.0623224683	-0.0185935177	0.0047022719	0.0141374765	-0.0816243029	0.0545562664	0.0513705398	0.0667933903	0.0783794749	0.0968666199	-0.1380173785	0.0268094976	0.0541241324	0.00790037	0.06270865	-0.0541201154	0.0378737669	-0.0401823695	-0.0151968787	-0.1325983068	-0.0735307868	0.0956254039	0.0587774274	-0.0557221577	-0.0050935689	-0.0411038588	0.043201211	-0.0323176016	-0.1026948405	-0.0024529116	0.0253192262	-0.0333361221	-0.0455060004	-0.0692238009	0.0942293809	-0.0770822053	0.0082061354	-0.0936832736	0.1127383629	-0.0264565834	0.0406031347	0.0596307004	0.1219325434	0.0128527103	-0.0664698593	0.0308579584	0.136803406	0.0822899723	-0.0247144098	0.0547058008	0.0436870059	0.0116152984	0.047677091	0.1287375596	-0.0109068801	-0.0480984178	0.0523109314	0.0222921801	0.0405675961	0.1804777654	0.0172530932	0.0703624369	0.1019655502	-0.1226072222	0.0844380425	0.0518370905	-0.0018606669	-0.1319642215	0.050529438	-0.0944718996	-0.1218001884	-0.0573945489	0.0602404746	0.0519687329	0.0061683468	-0.0978169953	0.0893626542	-0.0471224176	0.0417222676	-0.0699280142	0.0085110045	0.1034482583	-0.0410118565	-0.0544415895	0.0219558936	0.0055689204	-0.0844306208	-0.0454566889	-0.0230708907	0.1022891659	-0.0373322734	-0.0927425463	-0.0244364676	0.1204349751	0.0349918313	0.0435189428	-0.1413166865	-0.0245130447	0.076304127	-0.0008471941	0.1519019878	-0.1381680283	-0.070860039	-0.0199652425	-0.0246080061	0.0413533574	-0.0758554049	0.0407875555	-0.0285881767	0.0123506368	0.0749936997	-0.0558645853	0.0534127128	0.0084547728	0.121593881	-0.0171149648	0.1441454018	-0.043409449	-0.0754311977	-0.0585935151	-0.0564559202	-0.0498420512	0.0110176383	0.1627037902	0.149065749	0.0689627084	0.0443200345	-0.0048182529	0.0270341226	-0.0616728386	-0.031685302	0.0590678888	0.1297847171	0.0011369214	0.0112771722	-0.0094806967	0.0558266602	0.1181677242	0.0525533671	-0.0045279308	-0.004392744	0.0160047877	-0.0181639672	-0.0431166261	-0.0986591328	0.0337633186	0.0265687241	-0.0138288176	0.1401487487	0.0390645688	-0.0310439337	0.0015265142	-0.0400647609	0.0166933648	0.0278126743	-0.0317463831	0.0573493212	-0.0230794604	-0.0002197806	-0.0316843673	0.055667017	0.0813680696	-0.0236539475	-0.1086365679	0.0516128043	-0.0691018984	0.0487717709	0.0185170088	-0.088623092	-0.0527828167	0.0682148009	0.0791578303	0.0	-0.0066708126470018	-0.0004794201427387	4.449974137139916e-05	2.2984367326359605e-07	0.1267024608156077	0.0284433867767717	0.000809026251333	0.0160535135767306	-0.0312676126604287	0.0022935214428515	0.0009776636014826	5.26024060881965e-06	0.0028671275864453	9.71590723512e-05	9.439885340145714e-09	8.220420596955651e-06	0.0014067972034963	0.0005465625283172	2.9873059736049015e-07	1.9790783717650103e-06	0.0012519871969151	-1.8228257789999324e-06	1.5674719412393296e-06	3.3226938205867104e-12	0.0	0.0	0.0	0.0	0.0	0.0	0.0	0.0	0.0
8345.894509399564	10.412259342610923	108.41514461778846	69653955.1620258	6107.855428970868	53.390037119092085	37305897.94120891	2850.4960635780308	5308.554427785265	8.277103484622785	68.51044209515464	28180750.112758543	5132.351294909248	8527.552429213587	1.162455	22.059067	0.0684839648047599	0.0364084912551177	0.016282036	0.0543156025	-0.0444143312	-0.0935139088	-0.0178411553	0.0824164922	-0.0500847959	0.1427820896	0.106277187	-0.1180798343	-0.0101456864	-0.0928745166	-0.0176052985	-0.0471515966	0.0046366439	-0.1041676921	0.0683399847	0.0468375253	0.007085561	-0.0074697867	-0.0132671038	-0.0666681997	-0.0120507365	-0.0038681525	-0.0393600877	-0.0139991641	0.1276961572	-0.0143239273	-0.0969221713	0.024794406	-0.0462103484	0.0972984862	-0.064316318	-0.0234642778	-0.0380319775	0.1407214576	0.1062506209	-0.0696360633	-0.0282673532	-0.0291542849	-0.0131015601	0.020413463	-0.0287442186	0.0179102373	-0.0643259357	0.1098988014	0.0353387627	-0.0530310157	0.0433007708	0.0984864298	0.1075995672	0.0480274257	-0.0099184932	-0.1155909535	-0.058793683	0.0551902838	0.0595181972	0.114160913	-0.0706496613	0.0889155101	0.0164218318	-0.0583020693	0.0662843699	-0.1139913081	0.0255712373	-0.0029711674	-0.0208141123	-0.0562319752	-0.0979922338	0.0938768195	0.0147978014	-0.0333050024	0.1092189738	-0.0200169666	-0.0026805791	0.0040622003	-0.1627533106	-0.046095635	0.0163578737	0.0434418883	-0.0603631628	0.024194516	-0.0146188917	0.0182732531	0.0216608324	0.1588948776	0.1343639068	-0.0614137192	0.1152690732	-0.0177839753	0.0167622176	0.0741684967	0.0187909307	0.1554520336	0.109806932	0.0019672745	-0.0131886353	0.0392237582	0.0938357394	-0.1009140187	-0.0197692618	-0.0110201418	-0.0360558638	0.015715771	0.0165431429	-0.0285132769	0.0268875284	0.0430121239	-0.1569355789	-0.027416015	0.0802644951	-0.0081856423	-0.051169877	0.018353184	-0.0529092087	0.0120037092	0.0581952549	-0.1194496827	-0.1083603401	0.0359505323	0.005704913	0.0019472775	0.0890557045	-0.0035510503	-0.0028206031	0.0908225653	-0.1633213161	0.0118561766	-0.0325917082	0.0374721724	-0.0547990006	-0.0379761753	-0.0034401122	0.0208561479	-0.0122397476	-0.0412673384	-0.1086811386	-0.0035964751	0.1176294303	-0.0103009615	0.0929551073	-0.0274246425	0.0412527569	0.0921274343	0.0076546637	0.0219063824	0.0118449951	-0.0795961894	0.0025845727	-0.0173311569	-0.0794216976	0.1112217375	-0.0697462926	0.12198536	0.0834501342	-0.1045056905	0.0280293363	0.0019113472	-0.0489767069	-0.0539326706	-0.1094955193	-0.0900047579	-0.0661157723	0.0761239585	0.1927466881	-0.1151950685	0.0810502684	0.0051943479	-0.0106389059	0.0082221302	-0.1044277064	-0.0811116053	0.0622916904	-0.0938487934	0.0864102708	0.091039699	-0.010281986	0.0104691375	-0.0233692033	0.0132154152	-0.050347023	0.051133308	0.053211266	0.0729489096	0.1182183226	0.0409543403	0.0557954015	0.0160860264	-0.0054079753	-0.0185000034	-0.0455866692	-0.0129986231	-0.1200568784	0.0171608514	-0.0896333961	-0.0492791053	0.0719752588	0.0750699348	0.0	-0.0084926330094816	-0.0018218203624798	7.212481543373651e-05	3.319029433146032e-06	0.1072940688282244	-0.0194083919873833	0.0003766856795359	0.0115120172057157	-0.0170774825037369	0.0141901301566917	0.0002916404086654	0.0002013597938638	0.0023417095509514	-0.0005254180354939	2.760641120222692e-07	5.483603621017007e-06	0.001271968434878	-0.0001348287686183	1.8178796847127108e-08	1.6179036993259889e-06	0.001253012838767	1.0256418518999558e-06	1.570041174114936e-06	1.051941208368771e-12	0.0	0.0	0.0	0.0	0.0	0.0	0.0	0.0	0.0
8349.521398784806	3.626889385241157	13.154326612774977	69714507.58876538	6088.8035752026	-19.051853768268305	37073528.97739996	362.9731320074791	5305.386445983722	-3.167981801542737	10.036108694905966	28147125.341227792	5127.251906703896	8561.873817387723	1.22892	23.320326	0.0492598285016995	0.0253458044895159	0.0189221155	0.079043057	0.0779389186	-0.0312535112	0.0503493815	0.100884995	0.1308831051	-0.0425813046	0.1238685163	0.0089589122	0.0826684728	0.0106755462	-0.0571064366	0.0133244997	0.0292490113	0.0166387125	0.0146619974	0.069585965	-0.0646747034	0.0227590952	-0.1147236484	-0.0376682905	0.0195976623	-0.0519424978	-0.0505787759	-0.0177980827	0.0186462122	-0.0495911798	-0.0308907019	-0.0836254325	-0.1760302317	0.073693542	-0.004760528	-0.0648136009	0.0048173404	0.0148326166	0.0360204184	0.0265098715	0.1041537716	-0.0661021798	-0.0249597496	0.0248396822	0.052576279	-0.0903450588	-0.04218075	-0.0706708485	-0.0096493309	-0.0583307878	0.1087815055	0.0159546956	0.0448836897	-0.0538674713	0.0144560692	0.0970888946	0.1132906197	0.0663142217	0.1289861461	-0.0020700697	-0.0380413512	0.0595468658	0.0794683491	-0.0317440504	-0.0971650374	0.0198268513	0.0014205983	0.0711345517	0.0454423792	0.1091678621	-0.0201849559	-0.0972617411	0.0709063454	-0.120603214	-0.0120677833	0.0195538028	-0.00484319	0.0118716425	-0.0421828961	-0.0551245657	0.034442396	0.0515788046	-0.0401336562	-0.0128371317	0.0299907696	0.0827599319	-0.0255361648	0.0161357275	-0.0334508573	-0.0347463053	0.1010683981	-0.0612205358	-0.0507273957	0.0220303632	-0.0517393725	0.027265299	-0.0069810141	0.0128981545	-0.0299164649	0.1260897407	-0.0014696254	-0.041164555	0.049406643	-0.0465121926	0.014633117	0.1122175061	-0.0284627408	0.0344686526	-0.0652941191	0.0964538306	-0.0917799115	-0.004544592	0.1102941928	0.1274164071	0.0101304845	-0.0782103856	-0.0710441368	0.068677095	0.1320522835	0.0132374896	0.0202494374	0.0806303189	-0.0136591297	-0.07283373	0.0490870661	-0.0557085835	-0.0335688034	0.0617053221	0.0238019381	-0.0774376227	0.0436802649	0.0368912886	0.0727854539	-0.0305389294	-0.0150081763	-0.0639182691	0.032535982	0.0734210695	0.1286105776	-0.0099972622	-0.0594322994	-0.0852480406	0.0809130216	-0.075558755	-0.0303203539	0.0913036537	-0.0813819404	-0.0534809464	0.0516221894	0.0482292573	0.0112697271	0.0668041584	0.0025518446	0.0603799916	0.0122093597	0.0208036949	-0.0766022147	0.024661331	-0.0658663187	0.0935827334	-0.0314387055	-0.0436088272	-0.0513917275	-0.061843266	0.0111282034	0.0223621888	-0.0569559144	0.0770666047	0.040643367	0.0399680151	0.0245745554	0.001622762	-0.0474567563	-0.1513753666	0.032942585	0.0142774383	-0.0068185475	0.0773269341	0.04865219	-0.0041119431	-0.1279685946	0.0227416231	-0.1127394328	-0.1043791999	-0.0087404977	-0.02311806	0.0110327009	-0.0312875797	0.0378501538	0.0440104303	-0.0560396442	-0.1212732281	-0.0325081876	-0.0501232922	-0.0174907879	0.0158011302	-0.0905692465	-0.0456833015	0.0754966221	0.070592452	0.0	-0.00974972982074	-0.0012570968112584	9.505723157742684e-05	1.5802923928760371e-06	0.1116056898503359	0.0043116210221115	1.859007583831389e-05	0.0124558300069693	-0.0221661833008965	-0.0050887007971596	0.0004913396821289	2.589487580301275e-05	0.0027099434921304	0.000368233941179	1.3559623543621932e-07	7.343793730539908e-06	0.0009990195916058	-0.0002729488432721	7.450107104363198e-08	9.980401444122195e-07	0.0011221474257948	-0.0001308654129722	1.2592148452178962e-06	1.7125756312384463e-08	0.0	0.0	0.0	0.0	0.0	0.0	0.0	0.0	0.0
8353.376338700391	3.854939915585419	14.860561752773718	69778896.25595956	6078.453969016004	-10.349606186596247	36947602.653446406	107.11434821763132	5307.150649645115	1.7642036613924574	3.1124145588705527	28165848.018028565	5129.656333766559	8556.690923143466	1.160644	22.024696	0.0340472239448426	0.0171341439155722	0.0411869582	-0.0164858894	0.0946822564	0.0023430434	-0.0298133204	0.0226551648	-0.0359596309	0.0929504922	-0.0184462769	0.0233743933	0.1246777327	0.0352641487	0.0367396577	-0.036721865	0.0115136489	-0.1013982911	-0.0738181157	0.1124021512	-0.0107479547	0.0027728369	-0.0552293714	0.0567538283	-0.0303561346	0.0147423362	-0.0024457233	0.092741389	0.0959233675	0.0370818549	0.0851611066	0.0134547606	-0.0664421548	-0.0340680649	-0.0600347583	-0.1133070685	0.0595446052	0.0396002828	-0.083784153	-0.1200574284	-0.0493156459	-0.1049339042	-0.0900547828	-0.0234064334	-0.017330977	-0.0002543479	0.0425293228	0.1124283819	0.0089016184	-0.0178910459	0.0722479722	-0.0269936858	-0.0460716899	0.0872662036	0.0343454268	-0.0198990719	-0.0009612394	-0.0172659324	0.0032010289	0.0738852253	-0.0115605577	-0.0308051765	0.0393230745	0.0039110563	-0.0063857528	-0.0293820047	-0.0286206286	0.0100438075	-0.0227904889	-0.010850217	0.0320514603	-0.0703280316	0.0435132985	0.0545090695	-0.0903993628	-0.0621423259	-0.0287091045	0.0099358577	-0.0852469113	-0.0558219146	0.0059327675	0.0768487967	-0.0085920629	0.0553462433	0.0149897617	0.0534664223	0.0950777032	-0.0814305025	0.0067785196	0.0688991628	0.0344886113	-0.0480758192	0.1639735348	-0.0405218949	0.0311028247	-0.0966730955	-0.0156872302	0.1092527768	-0.0140737806	0.0402307095	-0.092413936	0.013084413	-0.1011115256	0.0085617591	0.0977618194	-0.0597580425	-0.0079463479	-0.0395649309	-0.0050122949	0.0921681589	-0.0483504798	0.0330979279	0.0626721021	0.0034918055	-0.0353101571	0.0736414778	-0.0724027253	0.097807261	0.0316853724	-0.0260624391	-0.0255059293	0.0046158208	0.0392137359	-0.0980389116	0.0453920577	0.0708762565	0.0461713804	0.0600219671	-0.0368551656	0.04313079	-0.0985554251	-0.019063815	0.0705991352	0.0123639907	0.0851495108	0.000622393	0.0343675844	-0.0616958369	-0.0202529943	0.0041620497	-0.0897188594	-0.0377827529	-0.0149560404	-0.0402991482	-0.0808203926	0.0564964674	0.0939026797	0.0626387595	-0.0230720106	-0.0335352557	0.0294741059	-0.0810017006	-0.0030522618	0.0060385732	-0.0496302921	-0.0577484695	-0.0698844013	-0.020128155	-0.0581093269	0.0948736102	0.0095344523	0.0126583711	-0.0622684192	-0.0892653791	0.0081370427	-0.0391639281	-0.0256267001	-0.0243864764	-0.1187846776	0.0579842977	-0.0301143007	0.0078170275	-0.0821843192	-0.0784305515	-0.0401008521	0.0656338761	0.0877760892	0.028870259	0.0858763617	-0.016836277	-0.0736264167	0.0477507587	0.0916671529	0.0258692073	-0.0102684209	0.0122684377	0.0267592212	-0.020101264	-0.0425820657	0.0900114074	-0.0398120336	-0.1256830027	-0.0026902343	0.019442118	-0.0601296162	0.0144381275	-0.0914298658	-0.0420021249	0.0787671932	0.0657486183	0.0	-0.0126136824798521	-0.002863952659112	0.0001591049857025	8.202224833635266e-06	0.0994165721254773	-0.0121891177248586	0.0001485745909104	0.0098836548131802	-0.0275253974065634	-0.0053592141056669	0.0007576475023892	2.872117583037907e-05	0.0027953749348706	8.543144274019993e-05	7.298531408672061e-09	7.814121026502812e-06	0.0011550281142722	0.0001560085226663	2.4338659144552635e-08	1.3340899447591944e-06	0.0010908886020973	-3.125882369750012e-05	1.1900379421858012e-06	9.77114058951395e-10	0.0	0.0	0.0	0.0	0.0	0.0	0.0	0.0	0.0
8355.07379186383	1.697453163438695	2.8813472420680326	69807258.06748983	6105.336759956322	26.88279094031805	37275136.95247395	722.6844487408459	5302.4622939830415	-4.688355662073263	21.98067881409443	28116106.379111897	5125.861266004712	8637.001008222333	1.144142	21.711557	0.0551469834975568	0.0295680607839385	0.0150875899	-0.0803707557	0.0228674127	0.0687525833	-0.0908954282	0.1004734894	0.0267418947	0.117427059	-0.0638763648	-0.0199484188	0.0983587885	-0.0528693538	-0.0482184829	-0.0433287967	-0.0788406365	0.0246611425	0.0487584787	0.0507739716	0.1105170778	0.0079931566	0.0421003299	0.1130174549	0.034556262	0.0479991575	-0.1000364916	0.079298982	0.0717501772	0.0549586557	-0.1125550209	0.0370881672	-0.0726953696	0.0367732356	-0.0058204707	-0.010465011	0.0629286148	0.0106188363	0.0189840869	-0.0716265066	-0.0916894944	-0.0414271838	0.030210143	0.0052966611	-0.0059090352	-0.1626293418	-0.0618789209	0.014645057	-0.0638584034	0.0060181266	0.1717083603	0.0024968937	-0.017051892	-0.0284195073	0.0805640525	-0.1352817388	0.1273240236	0.053769695	-0.047556194	-0.0630998385	-0.1523450545	-0.1161902235	-0.0428822631	0.1408455077	-0.0273540709	0.0330638205	0.0633180791	0.0262659845	0.0700039627	-0.1186183306	-0.0586759993	-0.0843413239	0.05320741	0.1009462481	-0.0926890754	0.1175689809	-0.04473935	-0.009758362	-0.0470462278	0.0790127025	-0.0640511134	0.0272385836	-0.047693744	-0.0478036338	0.1082361144	0.0348732209	-0.0141350715	-0.029190748	-0.0025604517	0.0122325427	-0.0430485451	0.0003033824	-0.0607094846	-0.0205875379	-0.0399928609	0.0412822856	0.0886690808	0.0902466937	0.0818504331	-0.0658498841	-0.0877802812	-0.0752734674	0.0490907628	-0.0340799557	-0.0076844209	-0.0591749183	0.0806532659	-0.0722811126	0.0383397445	-0.0162030762	-0.0787638592	-0.049592686	0.1278610645	-0.0128991376	0.0081541937	-0.0832307897	-0.026374497	0.1052142799	-0.0791295346	0.0261638679	0.0142254935	0.0069253485	0.027747263	-0.1101487951	-0.0646707685	0.0167734114	-0.0689662445	0.1032130131	-0.0146362191	-0.1441048565	-0.1002154866	-0.0782577693	-0.1023066596	-0.0830889719	-0.0692823851	-0.0964474077	0.1376069439	-0.0283178966	0.0213557948	0.0672645796	-0.0498218943	-0.0805418479	0.0154441518	-0.0478645339	-0.1302857003	-0.0909638737	-0.0089262582	0.0064558846	-0.0134598199	-0.1252398566	-0.1374519596	-0.1267964574	-0.0940014061	-0.0243376582	-0.0492125476	0.0198397916	-0.157493948	0.0158523963	-0.044371545	-0.015797623	-0.0556850412	0.0422416669	-0.0078588275	0.0951774511	0.0634649408	-0.0329719597	0.0733424037	-0.0897126214	-0.0428838859	-0.0155036043	0.0003376597	-0.0198249801	-0.1248337331	-0.0059467761	-0.0482441607	0.0291216672	0.135109037	0.0489366267	-0.0375936435	-0.0648193464	0.003128157	-0.0257604927	-0.0764597413	0.0502592675	-0.0052927792	-0.0068896369	-0.0347748115	-0.0032585343	0.1134378301	0.0387994033	-0.0363868763	-0.0818691503	-0.0085054838	0.0888794716	-0.1320442642	0.0130721264	-0.0922145392	-0.038242455	0.0817761076	0.0605635717	0.0	-0.0135763865789186	-0.0009627040990664	0.0001843182725402	9.26799182359441e-07	0.1240366523764748	0.0246200802509975	0.0006061483515655	0.0153850911327624	-0.0342810818280412	-0.0067556844214778	0.0011751925713008	4.563927200259786e-05	0.0028468483748026	5.147343993199992e-05	2.649515018433203e-09	8.104545669116204e-06	0.0014058379099719	0.0002508097956997	6.290555361892524e-08	1.97638022911416e-06	0.0009370015432087	-0.0001538870588885	8.779718919754854e-07	2.3681226893383395e-08	0.0	0.0	0.0	0.0	0.0	0.0	0.0	0.0	0.0
8351.855255345657	-3.2185365181721863	10.35897731880794	69753486.20624487	6108.792064761641	3.455304805319429	37317340.4904948	11.939131297663536	5304.05108264193	1.588788658888916	2.52424940261404	28132957.887275036	5130.453964187597	8621.57008165514	1.1469	21.763884	0.0138956375075813	0.0090529921780558	0.0257772119	-0.0385406767	-0.0802715172	-0.0315514954	-0.1159767476	0.0455823181	0.0364586148	0.0621119304	0.012698198	-0.0608312932	-0.0062264655	0.0382633704	-0.1122643519	-0.001437074	0.0630287551	0.0499084331	0.0068774406	-0.0401689052	0.119063972	-0.0529784846	0.0732365642	-0.0538955477	-0.0037495631	0.0367511394	-0.0840284733	0.0426037593	0.0417623186	-0.0331037702	-0.0319408346	0.0559041012	-0.0491571101	0.0132922195	0.0737341247	0.1432110147	-0.0011864887	-0.0039180567	-0.0445867369	0.022079872	0.0229209001	0.0842569146	-0.0917458486	-0.0838266989	-0.0381406073	-0.0825844661	-0.0132653434	-0.0097752764	0.026263725	-0.0318842822	-0.2056784714	0.0015365164	-0.0252115948	-0.1092734794	-0.0954934608	0.0114943152	0.1333627408	-0.0358470737	0.0556791549	0.0920266767	0.0752830478	0.104511055	-0.07325189	0.049608687	-0.0559183954	0.1448653802	-0.0113966744	-0.0790866337	0.0268622074	0.0222226207	-0.0153919665	-0.1155625197	-0.0783232433	-0.0102752677	0.0357030313	0.0150089406	-0.0090511234	0.0886653199	-0.089337134	0.126642549	0.0292607799	-0.0562166891	0.0747133578	-0.0123772976	-0.0086541575	0.0500907737	-0.0745802435	0.100599587	0.0562961925	-0.0243233266	0.0482487089	0.0200639099	-0.041246376	0.073085771	-0.0216967777	0.0010954982	-0.0400179589	-0.0186164597	-0.062092643	-0.0612967192	0.0543243836	-0.0373073643	-0.0123147575	-0.0313646432	0.0448420603	0.0532704166	0.0481492505	-0.0014915482	0.0949255535	0.0135248309	-0.0981267594	0.0522802421	-0.1239270388	0.0671661009	0.0506859701	-0.103896298	-0.0434013789	0.1506181801	-0.0170412687	-0.0058863964	0.1047263072	-0.0621498051	0.1269106501	0.0215519071	-0.0394155033	0.0185554549	0.0746501055	-0.0537490903	0.0200085203	-0.0707476789	0.1166426489	0.1215801905	0.0108536473	-0.0728600406	-0.010974741	-0.0929949455	-0.045126629	-0.0392616085	-0.0463373065	0.0251036113	-0.0941210906	-0.0320497203	-0.0382233455	0.1354962483	0.0299854715	0.0605356401	0.1112497375	-0.0308396362	0.0691937433	-0.036074305	-0.0636941556	0.0754576554	-0.0483593822	0.0369487246	0.0280870271	0.0196195591	0.0014309846	-0.0053724962	0.1370051242	0.0018465649	-0.0180911373	0.0293964109	-0.0399803595	0.0197628752	-0.0174133381	-0.0157552315	0.0302114666	0.0097200913	0.0535092387	0.0013657335	0.0206159468	0.0072316062	-0.0852670483	0.0381686516	0.0063892403	-0.0764800881	0.1344440306	0.0944770222	-0.0471719501	-0.0008907355	-0.0134551754	0.0351565865	0.020430763	-0.0401187196	-0.0193760009	-0.0322835312	0.0023831232	-0.0701983144	-0.0545212596	0.0315683025	-0.0528508816	-0.0496430648	-0.0495584782	-0.1595445577	-0.0970107938	0.0117034106	-0.0929226147	-0.0344113177	0.08451337	0.0550642208	0.0	-0.0185943841421334	-0.0050179975632148	0.0003457511216252	2.518029954442968e-05	0.124039207909874	2.555533399187237e-06	6.530750954361477e-12	0.0153857250989089	-0.0357267491154686	-0.0014456672874273	0.0012764006023596	2.089953905937694e-06	0.0028269362469047	-1.9912127897899704e-05	3.9649283742231566e-10	7.991568544063632e-06	0.0014051477179424	-6.901920294999624e-07	4.76365037585277e-13	1.9744401092387343e-06	0.0008090155206653	-0.0001279860225434	6.545061126773464e-07	1.6380421966479707e-08	0.0	0.0	0.0	0.0	0.0	0.0	0.0	0.0	0.0
8345.69328576389	-6.161969581768062	37.96986912663487	69650596.42004447	6078.994918595499	-29.79714616614183	36954179.2203099	887.8699196464207	5300.445886365736	-3.605196276193965	12.99744018988283	28094726.594291456	5123.362879356538	8614.857538686634	1.639964	31.120413	0.0637419671366955	0.0513388575006314	-0.1232704324	0.0848002478	0.0190084653	0.0490684041	0.1357684823	0.1117130901	0.0007710325	0.0993706571	0.1091036157	-0.0221067261	-0.059116163	-0.0495561392	0.0171862904	-0.0470477187	-0.1293373328	0.004918128	0.1587495664	-0.0032935033	0.0022593183	0.130248219	-0.0634242102	-0.0883256536	0.0666026665	0.1711007471	0.0765632384	0.0067920716	0.0884193191	0.1793697242	-0.093360393	-0.0614774372	0.0904437428	0.0247374635	0.1083384771	-0.0696289322	0.028349347	0.059860058	0.0875173625	0.0186483467	0.0224658948	0.0273256596	-0.0036853039	-0.1224858182	0.0725927276	0.0782541778	-0.062788174	-0.0856512257	-0.0016248586	0.0627672682	0.0632834766	0.0568477585	-0.0171955956	-0.0701529951	-0.0048332469	0.005640073	-0.0620515169	0.1058007819	0.03565249	-0.0101550215	-0.01800953	-0.0004767387	-0.0682771881	0.0241016525	-0.1356919438	0.1229917335	0.0495182544	0.0706531082	-0.1416141345	-0.0934991659	-0.0247595611	-0.0558027494	-0.0281596006	-0.0892750278	-0.052393567	-0.0239614648	-0.0474604255	0.0754452762	-0.0512586858	-0.0779744697	-0.0247577145	0.0159457398	-0.0290450719	0.0883005164	0.0169257543	0.0465417235	-0.0975558953	0.0437998165	0.0644673327	0.0616793351	-0.0283387352	0.1184578391	-0.0148075443	-0.1106416741	-0.0129286062	-0.0654734682	0.0112454455	-0.0429035624	0.0157193682	0.0738456766	0.0795733767	-0.0299312636	-0.0409109418	-0.0313033278	-0.1878223145	-0.07774692	0.1099895825	0.0673618428	-0.029706725	0.0649656379	0.0018786544	-0.0445076436	0.0249158689	-0.0568659726	0.029316256	-0.1432145023	0.0360750672	-0.0512778644	0.0040957843	-0.1048175248	-0.0425288084	0.0514658949	0.0888433177	-0.0191416963	-0.0828464988	0.0533070098	-0.0834118033	0.0559066591	0.0690241913	-0.1223974161	-0.1351686101	0.0558742326	-0.0244995905	0.2121851211	-0.0427419186	-0.0161027673	0.0158069574	-0.0036216845	0.0398782384	-0.0804219371	-0.0023860083	-0.0673390577	-0.0705219991	0.0981383026	-0.0217465725	0.1377954943	0.0494696169	-0.0314752383	0.0877063325	-0.0120819009	0.1629501328	-0.0752266534	-0.0097061634	0.0366514152	-0.0010643455	-0.0355246009	-0.0542371439	0.1521523835	0.0487473268	0.006543211	0.0164594045	0.0682816339	0.073694048	-0.0042200395	-0.0954283737	-0.0989678226	0.1019622701	0.0218985773	0.0791627593	-0.0414660963	-0.0470804364	-0.1038986786	-0.0421643061	-0.1305402849	0.004015146	-0.0733997108	-0.0660976344	0.2085074304	0.0002407114	-0.0989795529	-0.0109003695	-0.0649122749	-0.014727273	0.0330613881	-0.0056129138	0.0160468508	0.0271119912	-0.0126850295	0.1813857223	-0.0026919586	0.0776193487	-0.0619076434	0.1787024155	0.0316887145	0.0209440731	0.0103322643	-0.0935535044	-0.0305158728	0.0869698875	0.0492791053	0.0	-0.0191748919243082	-0.0005805077821747	0.0003676764803088	3.369892851655029e-07	0.1245311996796516	0.0004919917697776	2.4205590152889493e-07	0.0155080196936532	-0.0436603862777218	-0.0079336371622531	0.0019062293299198	6.294259862228497e-05	0.0037859175748092	0.0009589813279044	9.196451872694778e-07	1.4333171883249177e-05	0.0015179978218065	0.000112850103864	1.2735145942138132e-08	2.304317387009278e-06	0.0007861303439841	-2.2885176681199997e-05	6.180009177325594e-07	5.237313117297401e-10	0.0	0.0	1.0	0.0	0.0	0.0	0.0	0.0	0.0
8345.140398806514	-0.5528869573754491	0.3056839876358817	69641368.27579254	6107.393826764615	28.398908169116112	37300259.35520253	806.4979851978899	5299.868391861277	-0.577494504459537	0.3334999026809662	28088604.97105024	5127.7173577896365	8623.56112691732	1.528113	28.997896	0.1107508612717703	0.0619130678017565	-0.0512727218	0.0253040608	0.1316636214	0.1312031335	0.1865182288	0.1357882084	0.1507349211	-0.0289200372	-0.0141292975	0.0702019978	0.0343812065	0.0034026507	0.0124261114	-0.0467930231	-0.0139232823	0.0749859261	-0.0546529898	-0.0235430907	-0.0527824941	-0.0175760134	-0.0263935107	0.053325852	0.0807493756	0.0615529818	-0.0082485404	0.0619581557	0.041951492	0.07224491	0.089821118	-0.1429851239	0.1288330064	-0.0457335362	0.056510032	0.0690343469	-0.1382243374	-0.0597084138	0.0742666892	0.0737925932	-0.01759865	-0.1003041558	0.1140047065	0.2057741726	-0.0790939646	-0.0141633886	0.0442451262	0.0134781883	-0.0910617127	0.0637880957	0.1988296931	0.2782531427	-0.0930503357	-0.006601908	0.0257701764	-0.0116478032	0.0442922703	-0.0365592359	0.1441296938	0.0661860243	0.0639233583	0.14245712	-0.0595178554	-0.022182569	0.1695528955	0.0240700909	0.1800912862	0.0563790024	-0.0773943517	0.0021568914	-0.0389973028	-0.0158054628	-0.0226182043	-0.0779487138	-0.0211683424	0.0882097414	-0.0444749588	0.0639166162	0.1787079729	0.0189294848	-0.0108607111	-0.0307849756	0.0783774172	0.0873255606	-0.0215289783	0.0106915445	-0.0005530442	0.0081060715	-0.0779584838	0.0518065504	0.0366433328	0.0226749854	0.0082804102	0.0650215562	-0.0500972598	-0.0816366447	0.1187149783	-0.0180770283	0.1441977534	0.0256447616	-0.0677822173	0.0309325941	0.0696797571	-0.0377136198	-0.0145107968	-0.0748496027	-0.0939820161	0.142740564	-0.0307033648	-0.0050338005	-0.0215839321	0.1717593253	-0.1164778475	-0.0538501684	0.0484862878	-0.1922338393	0.0453923662	0.0670450711	0.1228997417	0.0059031663	-0.1603869392	-0.0205308175	0.0124013858	0.0754149612	-0.1550789308	0.0143765	-0.1640977289	0.1951649718	-0.2297077044	0.0224673702	-0.1610839574	-0.0857459845	-0.0087196084	0.0470201116	0.0633416885	0.1842892341	0.0365925634	0.0565038655	-0.0153995941	0.0344698066	0.1361496475	0.0261097351	0.0695226396	0.1010817756	-0.0288600712	0.0885060686	-0.1463948162	-0.0372307284	0.1211050119	0.003778992	-0.067222151	-0.0260085154	-0.0550746975	0.0047888484	0.1169968579	0.0044499081	-0.0204308539	0.0462367313	0.0345925191	-0.0363595136	0.1293440966	-0.0051502549	0.0100530876	0.0152346221	0.0769436841	0.0067616318	-0.1210605121	-0.0353767733	-0.0001609524	0.0264319761	0.0282136534	-0.098329577	-0.0376504372	-0.0506645259	-0.106772395	0.0332005965	-0.0762044624	0.1151517869	0.1128023498	-0.2283247807	-0.0331445868	0.039304611	-0.1065404528	-0.1327419021	-0.0143750898	-0.0150055036	0.3992260168	-0.1716349189	0.0589774509	0.0049038486	0.0891164273	0.0137695679	0.1705866241	0.0806081021	0.1363137729	0.0089589723	-0.094106684	-0.0265634	0.0891374998	0.0432382481	0.0	-0.0076188215553543	0.0115560703689538	5.804644189233132e-05	0.0001335427623722	0.0925250898599756	-0.032006109819676	0.0010243910657891	0.0085608922535965	-0.0642672578958922	-0.0206068716181704	0.0041302804374571	0.0004246431578877	0.0045598891089628	0.0007739715341535	5.990319356800769e-07	2.079258868603756e-05	0.0016567605660422	0.0001387627442357	1.925509918782233e-08	2.744855573192471e-06	0.000767228433074	-1.890191091010005e-05	5.886394685171853e-07	3.572822360533592e-10	0.0	0.0	0.0	1.0	0.0	0.0	0.0	0.0	0.0
8371.103067134436	25.962668327922074	674.060146705688	70075366.56058757	6109.547738601912	2.1539118372966186	37326573.57025573	4.639336202846495	5312.31003088207	12.441639020793446	154.7943815237301	28220637.864210263	5135.38200530266	8666.427258586704	2.05893	39.070816	0.1391647775793217	0.0893003337318452	0.0603177057	-0.0321377946	-0.0866708365	0.0409930762	-0.0973184515	-0.0071573372	-0.0946709683	-0.0285750442	-0.0215172623	0.0208346798	0.0909619638	0.1020048722	0.0353702989	-0.0031220313	0.0783512736	-0.0378226241	-0.0545292969	-0.0718873913	0.2084801977	-0.1113615239	0.0773080727	-0.0548851923	-0.1099043706	-0.0719725791	0.0067716157	0.1451564847	-0.0210880806	0.0013874125	0.0424971956	0.0044788399	0.0719095882	-0.1609198339	0.0515217353	0.0140680411	-0.0323179458	0.1226754307	0.0430859176	-0.0765831327	0.0480866289	0.1190250279	-0.0497044415	0.0179241088	0.0472098725	-0.0827255253	-0.072123317	0.0307515539	-0.0423093769	-0.0480434064	0.0144626096	0.0204069988	-0.0584618838	0.1077746913	-0.0291993667	0.0845225389	-0.0530339778	0.005261751	-0.0949351097	0.1027049773	-0.0506088216	0.0135500545	0.1238106257	-0.0749335398	0.07855544	0.1126935947	0.0484408653	-0.1748946124	0.0197688924	-0.1443454296	0.0859972729	0.0224170573	0.0610112703	0.0007780161	-0.019815342	-0.0297872267	0.1165324069	0.0251696531	-0.0658825054	0.0692892517	-0.0491697036	0.0367463276	-0.0010165851	0.0645488143	-0.0135475302	0.0456126623	0.0090572678	-0.0109276801	-0.1396924043	0.0721828799	-0.077738329	-0.0456658529	-0.129547864	-0.0556901869	0.0892356683	-0.0626621566	-0.1191821043	0.0589895837	0.0553372642	-0.0556218187	0.0261594745	-0.0024874747	-0.0704092434	0.0690443712	0.1852424849	-0.015257711	0.1144338586	-0.0047781906	-0.0096617608	-0.0663145266	0.0752464353	-0.0536471631	-0.1131305787	-0.1117947239	0.0463709603	0.0454659809	0.0914756094	0.1185878609	0.0468413377	-0.0318425961	-0.0402922665	0.0984561777	-0.171376941	-0.0089773308	0.0852850997	0.0672294176	0.0379955624	0.0047044327	-0.041900599	0.0306341667	0.0195174523	0.0804388958	0.031295432	-0.0331750862	0.0164950493	0.1146636584	0.1234287939	0.1223705382	-0.0271328672	-0.0688072156	-0.0627544147	-0.0139913622	-0.1134490609	-0.0516572705	0.009564661	-0.0803983523	0.2304331113	-0.0098332061	0.0254113486	-0.051105401	-0.0078598673	0.033865634	-0.0952613721	0.1385038075	0.0522909113	0.0161164687	-0.0449827522	-0.0597592399	-0.0384765917	0.0568212559	0.0283590602	-0.0707635104	0.0713024	0.147574734	-0.0033649733	0.0120024	-0.056843523	-0.0762334267	-0.0117758289	0.0415564856	0.0124189008	0.0218518614	0.0777143351	0.0886191173	-0.0267845333	-0.0233549057	0.1611708113	0.007926131	0.0191447813	-0.0502475176	-0.0176185315	0.0692242954	0.1167479461	-0.0125661505	-0.016627371	0.0639641499	-0.0180830442	-0.0190601598	0.0100190984	0.0436328146	0.0742194355	-0.0415104573	-0.0460264129	-0.1521811217	-0.0774049509	0.0075838198	-0.0945816942	-0.0225612856	0.0910090062	0.0369729991	0.0	-0.0076503770703766	-3.155551502229993e-05	5.852826931894405e-05	9.957505283225967e-10	0.1127574104477275	0.0202323205877519	0.0004093467963655	0.0127142336108772	-0.0622921586920597	0.0019750992038325	0.0038803130345167	3.901016864979777e-06	0.0034668453001486	-0.0010930438088141	1.1947447679870528e-06	1.2019016335162436e-05	0.0004168402722106	-0.0012399202938316	1.537402335055441e-06	1.7375581253660714e-07	0.0007727803758825	5.551942808500014e-06	5.971895093490979e-07	3.0824068948855015e-11	0.0	0.0	0.0	0.0	1.0	0.0	0.0	0.0	0.0
8363.793033190015	-7.310033944420866	53.43659626858528	69953033.90203783	6109.144345259785	-0.4033933421269466	37321644.63121961	0.1627261884723478	5311.106651249029	-1.2033796330415498	1.4481225412192151	28207853.860941675	5133.998640540895	8644.208506553636	1.394465	26.46175	0.0605364061392359	0.0287787209318224	-0.0300522443	0.0976604856	-0.0674510424	0.0611134007	-0.0138415783	0.0492570034	-0.0606985134	-0.0027443739	0.0799827011	-0.0026014413	-0.0176781192	0.0045986148	-0.0265702091	-0.1456469242	-0.0506796548	0.0200947182	0.0420436952	0.0608287229	0.0042710363	0.0426404865	-0.0325695203	-0.1099429179	-0.0636814455	-0.0197550235	-0.041250828	0.0809146328	-0.0095085039	0.0010956074	0.0002680958	-0.0281829758	0.1959826086	0.037752054	-0.1012314473	0.0001015046	-0.0155595117	-0.0909862483	0.045519541	0.0177435558	-0.0153086414	0.0004605266	0.1026970118	-0.002529579	0.0597809181	0.013937344	0.0113263977	0.0211563612	0.0200309629	0.0429475714	0.02628288	-0.1251900739	-0.1140815437	-0.0583770494	-0.02921939	0.0232655701	-0.0480612892	0.049784752	-0.0062854315	-0.0475958763	0.0272231292	-0.0082447206	0.0682257849	-0.0139946878	-0.050291216	0.0999946622	0.1168200951	-0.0777140086	0.024592766	-0.0510328825	0.0077728931	-0.0224137307	-0.0014528146	-0.0526756849	-0.1049653444	-0.0096531395	-0.0694875865	0.1193607728	-0.073296544	-0.0248768171	0.0510647812	0.13431877	-0.0019584182	-0.0336448635	0.0001928075	0.0651141636	0.0045133401	-0.064935949	-0.1334380315	-0.0421535657	-0.0195274102	0.091000517	0.1042802588	0.1044617351	-0.0154723233	0.1725393832	-0.0705324143	0.007250428	-0.0407241256	0.0453821094	0.0817742175	-0.0245576091	0.0353031482	0.0607491878	0.018209917	0.0129257927	0.0399999653	-0.0218290658	-0.0428108941	-0.1188122882	-0.0573542709	0.1045518799	-0.0197275763	-0.0906317915	-0.0053024064	0.0041731631	0.1153188326	-0.042208088	-0.0408510619	0.0207910887	-0.0227526526	-0.0846698145	-0.0617250252	-0.0761917479	-0.0236265658	0.0121841664	-0.0492168634	-0.0517443921	0.1341768049	0.0154196533	-0.0981264985	0.0037402013	0.0484944247	0.196896559	0.0212908014	0.0352093679	0.0275681318	-0.0175119153	0.0361629159	-0.0860164689	-0.1222993099	-0.060988092	0.0031677649	-0.0184632696	0.0541247235	0.0379728555	-0.048931476	-0.0463391746	-0.0409842895	0.0033514372	-0.0586063029	-0.0053631182	0.0055437084	0.0313221404	0.011821356	0.059977453	-0.1439384549	-0.0805542827	-0.0091610233	-0.0941843708	0.0119824767	-0.0031880054	0.0398146812	0.014334189	0.0138409168	0.0709405549	0.0648803384	-0.0286830801	-0.083248627	0.1106111218	0.1381096352	-0.037719293	0.1129963732	-0.0394635987	-0.0074422229	-0.1043073853	0.0680041884	0.039223791	0.0430712654	-0.1396116767	0.0078175808	-0.0462689353	-0.0544116247	0.0718155702	0.0060669484	-0.036262373	0.0375406961	-0.0172211668	0.0306951267	-0.0338506887	0.0402083204	0.016719416	-0.0465169506	0.0448515708	0.0374269807	0.0062070923	-0.0949781404	-0.0185170088	0.0925781899	0.0305158728	0.0	-0.0038962351316342	0.0037541419387424	1.5180648200980572e-05	1.4093581696224546e-05	0.1233706558226686	0.0106132453749411	0.0001126409773887	0.0152203187181153	-0.0764858169925872	-0.0141936583005275	0.0058500802010235	0.0002014599359521	0.0037867688926068	0.0003199235924581	1.0235110501136036e-07	1.4339618646014527e-05	0.0006798593955821	0.0002630191233714	6.91790592591123e-08	4.6220879776125835e-07	0.0007162158812117	-5.656449467079992e-05	5.129651884998521e-07	3.1995420573629523e-09	0.0	0.0	0.0	0.0	0.0	0.0	0.0	0.0	0.0
8374.700634086925	10.907600896909573	118.97575732626248	70135610.71057594	6128.70836764663	19.564022386844957	37561066.25566182	382.7509719529705	5315.106345945292	3.99969469626285	15.997557663313172	28250355.46870791	5139.1041738633	8704.862555121297	1.167466	22.15415	0.0463236706918261	0.0235747768031126	-1.5005e-05	0.1055542337	0.0446423916	0.0743449508	-0.1558466254	-0.0797447621	-0.0390414718	-0.1075030058	0.061501274	0.0545028973	0.0974543207	0.0573242925	0.0110080982	0.0185274928	0.0388664946	0.0473146481	-0.0042839758	0.0112039102	0.0942833258	0.0221409898	-0.1119711773	-0.0164614828	-0.1220907328	-0.087448861	0.0551629634	0.0985362906	-0.0727749771	-0.0703102392	0.0342640321	0.0627157203	0.0905509634	-0.0465572168	-0.0296002444	-0.0942472257	0.0566538177	-0.0120344968	0.0074208665	-0.0013698067	0.0442607328	0.0056329473	-0.0256589617	-0.023098305	-0.0531742802	0.0660983386	0.0258512427	-0.0575661052	0.0501127935	-0.0189236921	-0.0892654809	-0.1643377394	0.0446598581	0.0707574639	0.031245987	-0.0074769544	0.0398845607	0.0591526386	0.0077932575	0.0715966564	0.0417877278	0.0756296755	0.0826130405	0.0268683312	0.1142689074	-0.0158844737	0.0149314542	-0.0310839936	0.009677672	0.0582637529	0.0237805563	-0.0148338617	-0.015579473	0.0284925728	0.0416648973	0.0840035182	0.0222508957	-0.0120746942	-0.0080089157	-0.0097159944	-0.0345342133	-0.1214326704	-0.0946540741	0.0752555999	0.0122174948	-0.0534654914	-0.0607866456	0.0406202761	0.0779559347	0.0187979746	0.029716109	-0.0213067776	-0.0358607875	0.1647445684	-0.0760559952	-0.014055476	0.0657875825	0.002187855	-0.0308526457	0.1177501282	-0.0312547941	0.0045749343	-0.0360280219	0.0307651558	0.1228490022	0.0230962345	0.0179642435	-0.0048338739	-0.063007241	-0.1583787967	0.0871029619	-0.0542990154	-0.0067607707	-0.0581712801	0.0017732223	0.0252104899	0.0148650577	-0.086062554	0.0445952745	-0.0199525732	0.0120001776	0.0681616303	-0.0850104151	0.0713095468	0.0860515712	-0.0281915946	0.0358454517	-0.0582999802	0.012010019	0.0052415977	0.0458832255	0.0141330907	0.0106536321	0.0296807733	0.0293735918	-0.0221571186	0.0247344768	-0.0489588516	-0.1040103156	0.0581639874	-0.0458527324	0.1064940694	0.0713606784	-0.0306512473	0.0970319526	0.1652642162	0.0340585129	-0.1376956343	0.1351376677	0.0419781094	-0.0192857186	-0.001380605	0.0165284393	-0.0053682137	-0.0553031371	0.0711610491	-0.007834143	0.0227547798	0.0099548724	0.0834952256	0.0491547937	-0.0055014052	-0.0524393662	0.0420393998	0.0367970375	-0.0499986005	0.121472068	-0.0578589985	-0.0924221441	0.0192519554	0.0216063469	-0.0075074969	0.156594297	-0.0783159876	-0.0481505794	-0.0295687641	0.0803471695	-0.0979468696	-0.0292966112	-0.1416939561	-0.0115541019	0.0045048006	0.0161699149	-0.0155589968	-0.0078203294	0.0008796234	-0.0585185582	-0.0341085428	-0.0399389586	0.0916391729	0.0536866932	-0.033255252	-0.0228511488	0.0074097197	-0.0032419607	0.0048290757	-0.0952956932	-0.0144381275	0.0938398382	0.0239003795	0.0	-0.0008422982324844	0.0030539368991498	7.094663124463444e-07	9.326530583988697e-06	0.1162865442809533	-0.0070841115417153	5.018463633546395e-05	0.0135225603808061	-0.0718266216292562	0.004659195363331	0.0051590635746723	2.170810143368517e-05	0.004010899740079	0.0002241308474721	5.023463678860656e-08	1.6087316724965787e-05	0.0003268301406131	-0.0003530292549689	1.2462965486396716e-07	1.0681794081317873e-07	0.0006628474459003	-5.3368435311400026e-05	4.393667365365512e-07	2.848189887587089e-09	0.0	0.0	0.0	0.0	0.0	0.0	0.0	0.0	0.0
8374.569948149006	-0.1306859379183151	0.0170788143695897	70133421.81644045	6127.409402723929	-1.2989649227010889	37545145.988589615	1.6873098704078453	5309.570450107864	-5.535895837427233	30.646142722844168	28191538.36465863	5136.790528837568	8664.287492017962	1.189852	22.57896	0.0306776263738146	0.0134121039554903	0.0439523975	-0.0201530757	0.040520639	0.1269776741	-0.0617926681	-0.0032298833	-0.1176309607	-0.0535981426	-0.0393891759	-0.0120843695	0.098351016	-0.0149627128	-0.0242056999	-0.0474808178	-0.009941899	-0.0099708892	0.1050506308	0.043920615	-0.0111625076	0.0405609512	0.0006881232	0.0898411117	-0.0898816119	0.036553668	0.0976344079	0.0348164155	-0.0593754312	-0.0646526811	-0.0638428459	0.0026933705	0.08354268	0.0504179833	-0.0811772661	-0.0544482898	0.0249859399	0.0626289727	-0.0619344602	-0.0238552977	-0.0356746129	0.0309443278	0.0601847297	0.0467521896	0.0759448212	0.020354188	0.0669367517	-0.0819774295	-0.0726355829	-0.0091750761	-0.0470976326	0.0147859775	0.0301618626	-0.0286941794	-0.0467255476	0.0006955946	-0.0101202213	-0.0605434032	-0.0332420761	0.0094027393	0.1373723679	0.0221894507	0.0901560285	-0.0300159507	-0.0841738897	-0.0405883969	0.0473317035	0.0840298821	-0.0459810932	-0.1232704597	0.0280077982	-0.0366112136	0.0456530564	-0.053426918	0.0843610853	0.1119501286	-0.0432148784	-0.2077981144	-0.0145531243	0.1153788759	0.1047221043	-0.0404512492	-0.0094967144	0.0704661526	-0.0772753204	0.0382373901	-0.05810288	-0.0544003772	0.0395667072	0.0090396871	-0.0132824425	-0.0306000557	-0.0610565182	-0.0136992308	0.0273073627	-0.0697444076	-0.1229763254	-0.0785084693	0.0214663933	-0.0312340662	-0.0824680341	-0.0466867856	-0.0472860575	-0.0027764111	-0.0103559779	0.0529903352	-0.0010194249	0.0283495073	-0.0511556969	-0.1887867246	0.0328602745	0.0229182047	0.0432313973	-0.0561283348	-0.0240787676	0.0664392236	0.0562331351	0.0756534053	-0.0282342859	0.0229308174	0.0531953719	0.0743344603	0.0752802109	0.0106949123	-0.0194099193	-0.0066389665	-0.0838153551	-0.0134029062	-0.0427934835	0.0444509108	0.0903183952	-0.0604034328	-0.0480314382	-0.0739334511	-0.0633216104	0.0260579977	-0.0575259573	-0.116470581	0.0712995545	-0.0752178108	-0.0158726115	0.002178211	0.0107513592	0.0582904619	0.0034261994	-0.0032230505	-0.0822272412	-0.0648296117	0.1145573958	0.0531012693	0.0525168506	-0.0312073627	0.0701185516	0.0482877161	0.0301190474	-0.0611498965	0.0713252609	0.0402475987	-0.0546686867	0.0244093645	0.0575990287	0.0658844255	-0.1150546744	0.0159946411	-0.1255010803	0.0085170939	0.0002550274	0.0011339185	-0.0853806741	-0.1495892756	0.0032081491	0.0031329977	0.1309805121	0.0052729737	-0.0730925714	0.0485174456	0.0462471113	0.0055811729	-0.1194073525	-0.1444204431	0.0036184842	-0.0437994296	-0.0668651431	0.0303567549	-0.0185955508	0.0435059712	0.0384329038	0.0054730922	0.0414052344	-0.0528750631	0.0678468848	-0.0440760018	-0.1485575824	-0.0495984634	-0.0332911314	0.0034500563	-0.0955340889	-0.0103322643	0.0947897599	0.0171608514	0.0	0.00274084807711	0.0035831463095944	7.512248181797584e-06	1.283893747595997e-05	0.1240591238135238	0.0077725795325705	6.04129925901339e-05	0.0153906662013792	-0.0638949499955714	0.0079316716336848	0.0040825646349365	6.29114149046001e-05	0.004093899954601	8.300021452199973e-05	6.889035610697975e-09	1.6760016838282066e-05	0.000292083285335	-3.474685527810002e-05	1.207343951717227e-09	8.531264557208703e-08	0.0007729049540595	0.0001100575081591	5.973820680097177e-07	1.211265510221236e-08	0.0	0.0	0.0	0.0	0.0	0.0	0.0	0.0	0.0
8382.239273065483	7.669324916476398	58.81854467448572	70261935.23092136	6123.979183367829	-3.4302193560997694	37503121.0383225	11.766404830961516	5314.339279535824	4.768829427959645	22.741734112973912	28242201.97801734	5138.222676487008	8806.605905277806	1.132724	21.494879	0.0379306872220142	0.0212545160156576	0.0205276381	-0.0042247959	-0.0969954344	0.1435062032	-0.081370362	0.0303908369	-0.0139996919	-0.0579844774	-0.0070385193	-0.1001710227	0.0172423912	0.0881701747	-0.0171087947	-0.0182444864	0.0620587831	0.0898729727	0.0645947461	0.0090140864	0.0550741081	-0.0232757402	0.0785149963	-0.0509205746	-0.079912603	-0.0679327169	0.1110807613	0.0178382558	0.0180048762	-0.1003348289	-0.0863847363	-0.0407496106	0.0446927652	-0.0087714125	-0.0103258797	0.0661107587	0.0083600007	0.0235206822	-0.0351866296	0.0059292423	-0.03127486	0.0537728786	-0.0635374182	0.0672809721	0.0454612995	-0.0335595166	0.016001226	-0.050776163	0.1084840337	-0.0825152273	-0.0608520116	0.0197423658	0.0526627958	-0.0153761526	0.0539598168	-0.0393321476	-0.0702068407	-0.0453303435	0.1184368135	-0.1896779749	0.0698452052	0.0426146559	-0.050398073	-0.0439500807	-0.0187370987	0.0219477266	-0.1866912944	0.0254808331	0.0417444228	0.0904914831	0.1043950626	0.0489381347	0.0177223373	-0.030254647	-0.1483018858	-0.0702288379	-0.0234291081	-0.0391576028	-0.0143831787	0.0499062455	0.0986332483	0.0206762141	0.1191142156	-0.0642481389	0.0226359996	0.0482516578	0.0397884379	0.0067635864	0.0115032524	-0.0053314762	0.0762614682	0.1417751209	0.0240449789	0.0200983441	0.0004394318	0.036624216	0.0472558142	0.0940152573	-0.0413237258	-0.0665217557	0.0493052132	-0.0036907897	-0.0571227056	0.0062781663	0.0403597239	0.0921790227	0.0738732687	0.0888321383	-0.0740198342	-0.0963316372	-0.0671139352	-0.0537573714	-0.0762395716	0.0126085742	0.0167879102	0.0469263857	-0.0574523606	-0.0326964155	-0.0218439627	-0.0561734348	-0.0081558181	-0.0160096033	0.0510440067	0.0166569403	0.0253339361	-0.1386018376	0.0617066495	0.0213454957	0.0485233903	0.0986273881	0.0543940605	0.0510348036	0.0320233839	-0.0948919607	0.0445971611	-0.0441104967	-0.0296781948	0.0599008301	0.0160444855	0.0329859566	-0.027536632	-0.0266849923	-0.1485930594	-0.0431946943	0.0146250923	-0.035788678	-0.104127114	-0.0203017863	-0.0237580518	0.1639418851	0.010729558	0.0232796964	0.0358772525	-0.0055593282	-0.1269885926	-0.0924897612	-0.0579710646	0.0127208341	0.0278192279	0.0148388313	0.0382856827	-0.0989612746	-0.0408316206	-0.1231424357	-0.0555802372	0.0013665565	-0.0349185365	0.0077216583	0.061127534	-0.0552272189	-0.0403072182	-0.0179551484	0.1168914836	0.0441134691	-0.0031002081	-0.0397633756	0.0738147241	0.086123097	-0.1019188356	-0.1216533263	-0.0022794591	0.0188900699	0.0013127328	-0.0458687133	-0.0236773501	0.0535226379	-0.0241653505	-0.0781558887	-0.063419671	0.0067839881	0.0331675353	-0.0411697627	-0.093738591	-0.0715484633	-0.065953844	0.0020703204	-0.0956931295	-0.0062070923	0.0954247996	0.0103322643	0.0	0.0067275913121562	0.0039867432350462	4.526048486339958e-05	1.5894121622186644e-05	0.1065279026986445	-0.0175312211148793	0.0003073437137787	0.0113481940533718	-0.0711954681268451	-0.0073005181312737	0.0050687946818006	5.329756498505612e-05	0.0041478509290671	5.395097446610035e-05	2.910707645841812e-09	1.7204667329762806e-05	0.0004201034598712	0.0001280201745362	1.6389165088279112e-08	1.7648691699575298e-07	0.0007726320082455	-2.7294581399998213e-07	5.969602201654743e-07	7.449941738011285e-14	0.0	0.0	0.0	0.0	0.0	0.0	0.0	0.0	0.0
8366.170145697843	-16.06912736764025	258.21685435744484	69992802.90676586	6085.095339039665	-38.88384432816383	37028385.28520226	1511.9533497368786	5313.0310786116725	-1.3082009241516062	1.7113896579511163	28228299.24229351	5135.135900109449	8825.634756486968	1.240795	23.54567	0.0678185567677801	0.0321055129311494	0.0130725844	0.0905877971	-0.0872446551	0.1310582449	0.1045239187	0.024894026	-0.0719530063	0.0419721571	-0.0033474519	0.0348833474	-0.0569776518	0.1727252627	0.0034406256	-0.1772538102	-0.0731076612	-0.0736481954	0.0399274714	0.0257342643	-0.0571137416	0.0402041788	0.0118123775	-0.0818810626	-0.0801273279	-0.0959732981	0.1572215102	-0.0363290753	0.0108928242	0.097252493	0.0028147678	-0.0109453928	-0.0003338997	0.0065010081	0.0183684137	-0.0066077264	-0.0873645498	-0.0111994619	-0.0161591155	-0.1175825746	-0.0786405616	-0.0216211933	0.0220680259	-0.041957349	0.0224516099	0.0708704709	0.021672657	0.1076675206	-0.0426572873	0.0525743938	0.0486325294	0.0021391911	0.0442272944	-0.0985176458	0.0461277939	0.0256880251	0.1510641914	0.0112027105	-0.0384145711	-0.0628434662	0.1280817822	-0.1274536328	0.0335329016	-0.082858316	0.0357656368	0.04164737	-0.028343934	0.0087729516	-0.0783105918	-0.0325179496	-0.0223401172	-0.0052716282	-0.0068868741	0.1219531207	0.0570376119	0.0943977214	-0.0826548768	0.0520931057	0.0277552965	-0.0452866556	0.0675495395	-0.0511415814	-0.0766314265	-0.066939891	-0.004628077	0.0427507472	0.0233196181	-0.0619201678	0.0361312646	0.0378927274	-0.0841410422	-0.1641700024	-0.0418169515	0.0584180872	0.1001313515	-0.0603458525	0.103672388	0.0789548012	0.0338526617	-0.0111422788	0.071779889	0.1103330736	-0.0690721135	0.2239834921	-0.0458021869	-0.0005636286	0.0099846744	0.0556607223	-0.0978361834	0.017096503	0.0027084625	0.0267268725	0.0104470821	-0.0210884153	-0.1035855158	0.0131421831	0.104941901	0.0014812578	-0.1087588897	0.0504003529	-0.0236377695	-0.0386999956	0.0892605059	0.0012384598	0.0967521362	0.1020085617	-0.0566918883	0.0205161785	-0.0322004818	-0.0599146529	0.0152427004	-0.0849618652	-0.0354800362	-0.0584083157	0.1181313364	0.0585080753	0.036662072	0.0075265211	0.1492998864	0.0405247108	-0.0348474502	0.0664964199	-0.0116372638	0.0262469882	0.0636632906	0.0207960449	0.0259251266	-0.0278797954	0.0011809475	0.0917291368	-0.0670737127	-0.0586141416	0.1176521835	-0.0971638747	0.0026654931	0.0263794688	-0.0220022969	0.0122982024	0.022150341	-0.0128919108	-0.0039120611	0.1129044874	-0.0795748656	0.1254012146	0.0279013329	0.0911486255	-0.0076642757	-0.0961355099	-0.005075595	-0.0276887418	0.0055844604	-0.0147042572	0.1068136545	-0.0128222986	0.0225981777	-0.0298146675	0.0123916654	0.1498152115	0.079302593	-0.0495066875	-0.0487936243	-0.0391722709	0.1245183429	0.0649866411	-0.0650812805	0.0723664516	-0.0882890644	-0.0873051659	0.0370133595	0.0454030584	0.0013777465	0.1024880277	0.0125135446	0.0157684752	-0.0211446326	0.0006901546	-0.0957726828	-0.0020703204	0.0957428477	0.0034500563	0.0	0.0039056498041105	-0.0028219415080457	1.5254100392348389e-05	7.96335387483124e-06	0.1236570388585107	0.0171291361598662	0.0002934073055832	0.0152910632592552	-0.0640786966569919	0.0071167714698532	0.0041060793652587	5.064843615411656e-05	0.0039181254985622	-0.0002297254305049	5.277377342066165e-08	1.5351707422483286e-05	0.0007570036323814	0.0003369001725102	1.1350172623740253e-07	5.730544994386338e-07	0.0010210205578307	0.0002483885495851	1.0424829795129136e-06	6.169687156503933e-08	0.0	0.0	0.0	0.0	0.0	0.0	0.0	0.0	0.0
8345.981472218631	-20.188673479211506	407.5825368502179	69655406.73461667	6107.300465598035	22.20512655836956	37299118.97709397	493.067645473209	5310.9175861240965	-2.113492487575968	4.466850495040053	28205845.6066022	5135.806929551985	8654.70338212209	1.217977	23.112665	0.0569007675946113	0.0272253659260727	0.0096523312	0.106698679	-0.0247942471	-0.0316389943	-0.0113649136	0.0690945007	0.0408634106	0.0558689789	0.0168800066	0.1677803625	-0.0531922776	0.0597335023	-0.0855150653	-0.1525708943	-0.0100330159	0.035093494	-0.0410571824	-0.017841679	-0.0417792463	0.0113375952	-0.0495860588	-0.0572011112	-0.0211516873	-0.1285181545	0.0340615962	-0.0446717295	0.0026688909	0.0034698373	0.0472540297	-0.0021548724	-0.1238594189	0.0059795151	0.0035276158	0.0616955451	0.0210531413	-0.021712228	-0.1185591736	0.0414523208	-0.1573784107	0.0218716657	0.059898141	-0.0133605391	-0.030019322	-0.0345854161	0.0169183318	0.0182695955	0.0230159583	-0.0384714623	0.0044989885	-0.006139072	-0.0379029648	0.0544966959	-0.0555528938	0.0511912328	0.0103293133	-0.073998058	-0.014765448	0.0038639501	-0.0138058485	0.1788626903	-0.059641122	0.0141119624	0.1090455262	0.1400782011	-0.0052550721	0.0085295396	0.081929725	0.0587801786	0.1084907915	0.0204706678	-0.0860963627	0.1016823272	-0.0569636199	-0.014721319	-0.1482183363	0.079264788	0.0662043491	0.1291413256	-0.0329138394	-0.0229107036	-0.0032659945	-0.0543837242	-0.0611059299	-0.0323599299	-0.0099349213	-0.0160869554	0.0225155638	-0.0018092756	-0.0923426296	0.0537598864	0.0528007057	-0.0754774527	0.0422867699	-0.0890401842	-0.0535615907	0.0250511828	0.0345629522	0.061032814	0.0324580957	0.1057406328	0.0882594936	0.1243833966	0.0175068734	0.0761106549	-0.0220828159	-0.0072199837	-0.0270767817	0.043533149	-0.0456913737	0.0685798627	0.017267431	0.0255149739	-0.0850948125	0.0157838065	0.0268662092	0.0984757094	0.0062200558	0.1599651405	0.030196773	0.00681829	0.0416209271	0.0245271207	-0.0686275059	-0.0080824295	0.1225297616	0.0469520729	-0.0094398658	0.0816282344	-0.0543952365	0.0443526713	-0.0289557056	-0.0265881115	-0.0971040484	0.0205747923	0.0161473598	0.0050579772	-0.1239492617	-0.0592095158	-0.0387032462	0.089427252	-0.1256868974	0.1175550734	-0.0051495032	0.0001824668	0.0025824651	0.027552726	0.0606679782	0.0426415118	-0.1973200488	0.1051535846	-0.0420316693	-0.0841583269	-0.088927803	-0.0665140757	0.0222336614	-0.0275734728	-0.0017206555	-0.0959429709	0.0182775521	0.0219174654	0.0148548882	-0.0461955409	-0.0175230535	-0.0106716817	0.0140734489	-0.0254726935	-0.0690734394	0.1170224813	0.0181924905	0.0052543436	0.0143419296	-0.0513462692	-0.0299876442	-0.0970744366	0.0566342192	0.0138481465	0.0990264458	-0.013467086	-0.0354653702	-0.022643665	-0.0095899391	0.0320840741	0.0054302983	-0.0198006242	-0.1197321646	-0.1125962761	0.0302242434	-0.0835460776	0.0381127741	0.0451933839	-0.0777895138	-0.0236749463	0.033669962	-0.0006901546	-0.0957726828	0.0020703204	0.0957428477	-0.0034500563	0.0	-0.0014642904559991	-0.0053699402601096	2.1441465395300523e-06	2.8836258397145965e-05	0.1233312522879259	-0.0003257865705848	1.0613688957341145e-07	0.015210597790908	-0.0540034376576699	0.0100752589993219	0.0029163712788458	0.0001015108439034	0.0037175775949433	-0.0002005479036188	4.021946164593556e-08	1.3820383174424412e-05	0.001127938215653	0.0003709345832716	1.3759246506687558e-07	1.2722446183304734e-06	0.0007699074094293	-0.0002511131484013	5.927574190941358e-07	6.305781330006346e-08	0.0	0.0	0.0	0.0	0.0	0.0	0.0	0.0	0.0
8338.866701749128	-7.114770469503128	50.61995883371376	69536697.86954038	6087.643351844295	-19.657113753740305	37059401.57925404	386.4021211274862	5308.595013330853	-2.322572793243125	5.394344379913174	28181181.015561204	5134.596628164865	8546.1072365856	1.166944	22.144245	0.0163816950383762	0.0102448725955197	-0.0079507159	0.0191065406	0.0866337585	-0.0369345509	-0.0404188168	0.0440786787	-0.0087542235	0.0015539098	-0.0371306277	0.1144237915	-0.0200933493	-0.0384542711	-0.010657614	-0.0050153732	0.0516376442	-0.0156135547	-0.0236656058	0.048831723	0.027440347	-0.0237982016	-0.0673032597	0.0617113297	-0.0004068385	-0.0629792207	-0.0107785191	0.075015622	0.0617979552	-0.060540938	0.0349146625	0.0512746873	0.0688328267	0.021202579	0.0843403621	0.0106180831	-0.004757477	-0.169350539	-0.0753856477	-0.0167591045	0.03568251	-0.0878179481	-0.018897736	-0.0556937393	0.0465128795	0.0341814273	-0.0043993636	-0.0249059102	0.0575185217	-0.0967193333	-0.0170702849	0.0227169732	0.0937075374	-0.0001564408	-0.13604767	0.0513079001	-0.0643787623	-0.162628113	-0.1142200124	0.042940478	-0.1479536051	-0.0540972513	0.1377933332	-0.02857754	-0.0214283148	0.151454525	-9.89223e-05	0.0658397647	0.0302211729	0.0211761815	-0.0619853024	0.0307036791	0.011724589	-0.0062892405	-0.0518049351	0.1379221651	-0.1316359667	-0.0319930266	0.0068886341	-0.0226857246	-0.0069885464	0.0951395127	-0.1058512323	0.065384327	0.0421457131	-0.0069691157	-0.0476119407	0.0233258744	-0.0115717065	-0.051801075	0.0662595346	0.1127308554	0.0349945816	-0.0163982777	0.0192779004	-0.0202011933	0.0235667853	-0.1242624976	0.1154619699	0.0513000867	-0.0840730291	0.0699155928	-0.0018743454	0.0200879641	0.0686286317	-0.0375135631	-0.0587309574	-4.77339e-05	0.0428359671	-0.0702665658	-0.0866118764	0.0279385401	-0.1213904273	-0.0131210652	-0.1259044235	-0.0294145344	-0.0757551362	-0.0071492582	0.1111588704	0.0864111366	-0.0006715686	-0.0251306441	-0.0787143213	-0.0034604583	0.0499756289	0.0354398689	0.034802853	-0.0530315606	0.0014048637	0.041052886	-0.0518239279	0.0654489123	-0.0993576874	0.0131153573	0.0300356327	-0.056399021	0.0067040417	-0.1490743412	0.1244279778	-0.1733354697	0.0167311088	-0.0105357748	-0.0567715568	0.1010519319	-0.0678861476	0.0184791683	0.0066498803	-0.1166106241	-0.0446080615	-0.1212790756	0.0478324546	0.0395187789	-0.0719687226	-0.0926407181	-0.1326269809	-0.0508822179	-0.0609367907	0.0193265572	-0.0249705956	0.0494963979	-0.0137345106	-0.0026204156	-0.0539743874	0.0020435871	-0.0752479442	-0.1093533592	0.0657685363	0.0802861068	0.0040376619	0.1683526897	0.0076949938	0.0037818436	-0.0146309982	-0.0541324546	-0.0793861872	0.0149968636	0.0676687175	-0.0642627162	0.0318967841	-0.0269200401	0.0096439869	-0.025099346	0.0512020588	0.0014268812	-0.0014598221	-0.0395386317	0.0413035475	-0.1104068029	-0.0918038493	-0.0359508943	0.0669252469	0.0987321375	0.0306558364	0.0221172138	0.0862073882	-0.0020703204	-0.0956931295	0.0062070923	0.0954247996	-0.0103322643	0.0	-0.0010758799209185	0.0003884105350806	1.1575176042355976e-06	1.508627437615981e-07	0.1231236852091228	-0.000207567078803	4.3084092202850163e-08	0.0151594418594751	-0.0479861967393873	0.0060172409182825	0.0023026750775111	3.620718826865438e-05	0.0037020049234682	-1.557267147510007e-05	2.425080968713954e-10	1.3704840453382792e-05	0.001097705311251	-3.023290440199995e-05	9.14028508580468e-10	1.2049569503486549e-06	0.0009194713636764	0.000149563954247	8.454275886209387e-07	2.2369376410028616e-08	0.0	0.0	0.0	0.0	0.0	0.0	0.0	0.0	0.0
8347.221887795553	8.355186046424933	69.8091338703739	69676113.24409315	6067.821740297536	-19.821611546758504	36818460.67202742	392.89628431059	5304.9647829524765	-3.6302303783768366	13.17857260009003	28142651.34836601	5130.428755892972	8539.760253216587	1.217129	23.096569	0.0432151384734212	0.0273216147520871	-0.0260815461	-0.0795147762	-0.0235775906	-0.0085273931	-0.0609889974	0.0289397698	-0.0744110422	-0.0594943491	-0.0960873579	-0.0053232508	-0.0487034901	-0.0323335407	0.0462218447	-0.0230857285	0.0821097069	0.0067414689	0.0247515749	-0.0484774984	0.1142121996	0.0036010245	0.0980285947	0.0015326359	0.0017410852	0.0726317042	0.0057570362	0.0782481313	-0.0024926684	0.0176067875	-0.0346041097	0.007863539	0.0791261434	-0.0690309891	0.0906733264	0.0347555342	0.0044973535	-0.0473412233	-0.028338065	-0.0631461353	-0.0131843693	-0.0197307761	-0.0890595365	-0.0489896748	-0.0239912788	-0.1002626713	0.1107697935	0.058289367	-0.0277308681	0.0512434559	0.0102972269	-0.0536244073	0.0774399577	0.0146927074	-0.0012355112	0.1068184733	-0.0326827884	-0.1034189582	0.0182037147	0.0144801496	-0.081584591	-0.0003833947	0.0289398481	-0.0345384578	-0.109735563	0.0055598389	-0.0693050162	-0.0852278765	-0.0249809315	0.078456626	-0.0100181074	-0.0651352445	-0.076923846	-0.1470257525	0.0024840325	-0.0356362237	0.0633458561	-0.0035887737	0.0399294135	-0.1162316779	0.0456927793	0.0739626227	-0.1472805188	-0.0989365847	-0.0329115921	-0.0647734633	-0.0297621272	-0.0372874228	0.0600378203	-0.038375081	0.1032592734	0.040481182	-0.1533548002	-0.0381370855	0.0870092942	-0.0335303885	0.0194700526	-0.0907023441	0.0485430599	-0.0826315304	-0.0059039738	0.0232622597	-0.0071599727	-0.0109306619	0.0403809699	-0.0711666215	0.0956574216	0.0674408025	0.0409067911	-0.0465021569	0.1095945229	-0.0261394694	-0.0716755629	-0.1229245373	-0.0505477591	-0.0558719349	0.0393965984	0.0794519154	0.0254692837	0.1194223653	0.0432286758	0.0167767835	-0.0703853143	-0.0028030331	0.0316519217	0.073800528	0.1353442926	0.005355378	0.0120574775	0.002837055	-0.0946522821	0.0499443525	0.0617969181	0.0270797517	0.0974266445	-0.1032403887	-0.0854570142	-0.0102052743	0.1204213206	-0.0223693225	0.0332947447	-0.0717419346	-0.014448287	-0.0402845406	0.0982785662	0.0914679523	0.0135018904	0.0298526431	-0.011736644	-0.0559505602	0.0557257828	0.0040188354	-0.0383258282	0.0082579189	-0.0509841578	0.1019205096	0.0656640798	-0.0351755754	0.0162823354	-0.0858673835	-0.0589045546	-0.0485758723	-0.0518743699	-0.0495775913	-0.0386284681	-0.0051968103	-0.0460096694	0.0385011658	0.0435520745	0.0060864191	-0.0155901292	-0.0111390955	0.0500284997	0.0727965497	-0.0147836103	0.0190447735	0.1010036383	0.0237226941	-0.0513954293	0.0088339941	0.0037202257	-0.0815722474	0.0488375418	-0.0234920815	0.0192061065	0.0575373214	-0.0655839437	-0.0157525385	-0.0188983734	0.0323637676	0.1331392537	-0.0264374849	0.1198399003	-0.0246529713	0.0978815852	-0.0034500563	-0.0955340889	0.0103322643	0.0947897599	-0.0171608514	0.0	0.0003274153367271	0.0014032952576455	1.0720080272412029e-07	1.9692375801306304e-06	0.123745361142042	0.0006216759329192	3.864809655709605e-07	0.0153129144041744	-0.0480015340359187	-1.5337296531393874e-05	0.0023041472698014	2.3523266489190647e-10	0.0041485892390128	0.0004465843155446	1.9943755089043915e-07	1.7210792674052807e-05	0.0008221202768714	-0.0002755850343796	7.594711117400533e-08	6.758817496431075e-07	0.0010207986134787	0.0001013272498022	1.0420298092800365e-06	1.0267211552497696e-08	0.0	0.0	0.0	0.0	0.0	0.0	0.0	0.0	0.0
8356.979387110658	9.757499315104724	95.20879288426916	69839104.47659242	6089.123615777315	21.301875479778573	37077426.408217	453.7698989559916	5306.676689885983	1.7119069335067252	2.930625348988399	28160817.49097925	5129.763077081695	8600.569861575485	1.271374	24.125944	0.0279978118586987	0.0141315029480736	-0.0157181339	0.0800293473	-0.0563937901	0.0078885222	0.0450239223	0.0554258066	-0.0429486983	0.0127251164	0.1040621361	-0.0856779323	-0.0691710097	-0.0599085987	0.0052505209	-0.0100128311	-0.0027905979	-0.0127867943	0.157826617	-0.0114767672	-0.04137252	-0.0212556248	-0.0092010866	-0.1099268632	-0.0351389736	0.1071490087	0.0301699915	0.0166389789	0.0006908014	0.0114557035	-0.0377615712	-0.1034110631	0.1016519812	0.1557402124	-0.0612437755	-0.013732532	0.0122005027	-0.0246191307	0.0516720203	0.0529772095	0.0243122159	0.0722602894	-0.0260114618	-0.0825509331	0.013274335	-0.0533021882	0.0654568824	-0.0010743014	-0.0009213035	-0.0201694292	0.0046693682	-0.0251872218	0.0015529375	0.0768479145	0.1276305647	0.0283461825	-0.046813949	0.0617944034	-0.0426177765	0.0133197784	0.1143289432	0.0421654841	0.0467501763	-0.0249929535	-0.016776417	0.0348277128	-0.0059987524	0.090840205	-0.0322330845	0.0350954972	0.0950230038	-0.0456564369	0.015433613	-0.0147702233	-0.0446354239	-0.0490457015	0.0453509141	0.0472204333	-0.0908459661	0.0337018061	-0.0417819898	-0.0442409372	0.0417204316	-0.0127588132	0.0604436796	-0.1407731054	0.0972277108	-0.0581511631	0.052959848	0.0165103755	0.0413543404	-0.1893146456	-0.0299072114	0.0790663791	-0.0080184864	-0.0144299212	-0.0618880807	-0.03835977	0.1547638938	0.0290933924	0.1048194535	-0.1104996822	-0.0508705395	-0.0682904947	-0.1158940144	0.0164656679	0.0031907565	0.0148496071	-0.0814695547	-0.0703304575	-0.0266927095	0.1065345531	-0.0083963573	-0.0692837678	-0.0042082781	-0.0388066194	0.0444262759	-0.044445766	-0.0262339431	0.0232697511	0.0475041024	0.0049101027	-0.0297469874	-0.0173846463	0.015984118	0.0156839303	-0.0055062951	-0.0418609977	0.0883514214	0.0094990764	-0.0996104171	0.0938086421	0.0539219212	-0.0309102231	0.0092740274	-0.018289294	-0.0458528858	-0.0234287568	-0.0372531678	0.0274035982	-0.0162335677	-0.1111185312	-0.0190036591	-0.0867715071	-0.0318193496	0.1079363947	0.0134815527	0.0064144916	-0.0027910717	0.0938071618	-0.0697126012	-0.0254872784	0.0238834608	-0.0176446095	0.0501412062	0.0581079891	-0.0380795774	-0.0474423147	-0.0749730289	0.0744257845	0.0436870514	-0.0720786904	0.0884906884	-0.0645765077	-0.0347180034	0.1085010461	0.0420782519	-0.0193122438	-0.0206138864	-0.0586327772	-0.0072596876	-0.0036507107	0.0773437384	-0.06359163	0.0453195626	-0.0457520491	-0.0569730915	0.1437673698	-0.042852681	7.74516e-05	-0.0018566301	-0.097262211	-0.0346926454	0.0556201048	0.0565690028	-0.0537752263	0.0102624125	0.0075086623	-0.0326630373	-0.0210822537	-0.0176299728	0.0266699698	-0.0179550092	0.161926014	-0.0437088579	-0.0048290757	-0.0952956932	0.0144381275	0.0938398382	-0.0239003795	0.0	0.0032405436978422	0.0029131283611151	1.05011234576248e-05	8.486316848333149e-06	0.125723929526984	0.0019785683849419	3.9147328538919744e-06	0.015806506455706	-0.0577938179886103	-0.0097922839526916	0.0033401253977006	9.588882501014152e-05	0.0039476253595702	-0.0002009638794426	4.038648084062008e-08	1.558374597952175e-05	0.000757018556452	-6.510172041940005e-05	4.2382340015657294e-09	5.730770948126699e-07	0.0010210096368157	2.1102333700004534e-07	1.0424606784705277e-06	4.4530848758634715e-14	0.0	0.0	0.0	0.0	0.0	0.0	0.0	0.0	0.0
8366.847134812913	9.867747702255656	97.37244471537176	70004130.97732706	6092.746078567126	3.6224627898109247	37121554.777895086	13.122236663564747	5306.104824581415	-0.5718653045678366	0.3270299265684644	28154748.40944617	5129.5546889656325	8682.186655043657	1.237286	23.479076	0.1000059168575347	0.0525288970615811	-0.0033744527	0.0768996894	0.0801250672	0.08013477	-0.0220563038	0.0360398435	0.0596996034	0.0131592547	0.0941432452	0.0352101315	0.0469078233	0.0187259049	0.0885761822	0.0746144073	0.0306009087	0.042194551	-0.0828051666	0.0203110085	0.0249755189	0.0311925477	-0.0706123641	0.0052285745	0.0153005445	-0.041992307	-0.0412860486	0.0960111252	0.0437624381	0.066091671	0.072494538	-0.0696134847	0.0075707938	-0.0840062293	0.0702780521	-0.069662705	-0.0273239367	-0.086835219	0.0449603581	0.0572328148	-0.0808839844	0.0237141357	-0.1268954347	-0.0319387451	-0.0647887182	0.0776371989	-0.0452772186	0.0261049261	-0.2057499318	-0.0890873585	-0.013999157	-0.0381732371	0.0838165077	-0.091714426	0.0325533215	-0.0924671866	-0.0208536737	0.0007561537	0.023871111	-0.0389521556	0.048600621	0.0006439298	-0.0871911173	-0.1048785113	0.055208102	-0.0099943706	-0.0022006695	-0.0560569098	0.0200964863	0.0942230803	-0.0249954958	0.0241119801	-0.0797553782	0.0206237379	-0.0386154211	-0.0173619826	-0.0270230969	-0.0133732622	-0.0301772706	-0.0183744485	-0.0047412328	-0.0850666613	0.0019619539	-0.0054249295	-0.0467593851	0.0088933311	-0.1068363655	-0.0471894951	-0.1135652913	0.0005372537	0.1159830178	-0.1309449665	0.0672798095	0.0364071822	0.0760248825	-0.0332306602	-0.0861120266	-0.0651508733	-0.0793438661	0.1048626015	-0.0201909149	0.0063151208	-0.0015215895	-0.033404171	0.1216524645	-0.0811151094	-0.0249299111	0.0257352385	-0.091646969	0.0650597616	0.0379892352	-0.007997836	-0.0345076099	0.0124641231	0.1113408794	-0.0649425567	-0.0284493525	-0.1278613021	-0.0586267371	0.0032363905	-0.0243071115	0.0568777174	0.0926049006	0.0986681494	0.0057415061	0.127088703	-0.0368293471	0.0773075776	0.054991199	0.0417199527	-0.0279032324	0.0291098091	-0.1302704213	-0.0574189101	0.1294410299	-0.0909846664	0.0391839328	-0.041882842	-0.0645078206	0.0114845258	-0.1242195048	0.0358352197	-0.0352629009	-0.018311816	0.09107937	-0.0120634563	-0.051964643	-0.000477163	-0.026262044	-0.0486727296	-0.1024519934	-0.0077203158	-0.0051871172	-0.025077599	0.042555934	-0.0052357335	0.0278300083	-0.0335447915	0.1240157735	-0.0352120463	-0.0428528566	-0.0136281066	0.0285272802	-0.0068737345	-0.0030894753	0.0268193403	-0.0508670053	0.0583226936	-0.0019047215	-0.017329304	0.014490922	-0.041495561	0.0012762395	-0.0799884411	-0.058632418	-0.0035683268	0.0273282174	-0.0268277593	0.0593468302	-0.0974528924	-0.0130313562	0.0408838108	0.035136687	-0.057408478	0.0394820995	-0.0127779592	-0.0356964946	-0.0826805419	-0.062853208	0.04038445	0.0186281327	0.0217863724	0.0536793999	0.0759328004	-0.0295944124	-0.0062070923	-0.0949781404	0.0185170088	0.0925781899	-0.0305158728	0.0	0.0036600846668051	0.0004195409689628	1.33962197681818e-05	1.7601462463832894e-07	0.103501473924112	-0.0222224556028719	0.0004938375330216	0.0107125551044636	-0.0763202989952702	-0.0185264810066598	0.0058247880387274	0.0003432304984901	0.0045003007237192	0.0005526753641489	3.054500581372297e-07	2.0252706603907552e-05	0.001293003936853	0.000535985380401	2.8728032800360464e-07	1.6718591807173566e-06	0.0011090976778465	8.80880410307999e-05	1.2300976590044986e-06	7.759502972643888e-09	0.0	0.0	0.0	0.0	0.0	0.0	0.0	0.0	0.0
8361.238124373996	-5.609010438916812	31.460998103877767	69910302.97248518	6089.803611337842	-2.9424672292834657	37085708.02466343	8.658113395407115	5306.087144676316	-0.0176799050996123	0.0003125790443312	28154560.786899257	5128.859892847576	8642.15123141014	1.099817	20.870434	0.0944823632646177	0.0556706268909355	0.0405017247	-0.0144356706	0.0556528624	0.0500515615	-0.0543809463	-0.0421590065	-0.0821339582	0.0861835066	-0.0293701535	0.0283215704	0.0648852824	0.0111366222	0.0507171611	0.0252465126	-0.0385775331	-0.0312188493	-0.0153922991	0.0726131007	0.0492130288	-0.0257083615	-0.0224702271	0.1027914601	-0.0006459448	0.0242505551	0.0055187118	-0.0244221779	0.0145859592	0.0008530617	-0.0448834864	0.1163120512	0.0168570226	0.0633422906	-0.0241666366	-0.1235469183	0.0471206835	-0.0849042123	-0.0431229515	-0.0211444297	0.0689362393	0.0042378964	0.0346670006	-0.0170872601	0.0230764653	-0.011519616	-0.0415765099	-0.0057482376	0.0722636382	0.0068753577	0.009667062	0.037292179	-0.0688899679	0.0237352235	-0.1207165268	0.0644926313	-0.080299696	0.0966408864	0.1790467677	-0.0932033626	-0.062602696	0.0655943026	0.0776552702	0.0456426224	0.0560333255	-0.0810327733	-0.0665600449	0.0467572216	0.0486803509	-0.0189156628	-0.0800574984	0.0190138089	-0.0243751382	0.0061142345	0.006949222	-0.0068174064	-0.010574373	0.0489164326	0.0029751272	0.0487785548	-0.0626203824	-0.1009439601	0.0212286244	-0.0865012006	-0.0871142425	0.0466683933	-0.0430869404	0.0814071535	-0.0975244432	0.0323706148	-0.0632378033	-0.0462722282	-0.1167108012	0.0592579036	0.0365615865	0.0010730121	-0.0770803431	0.0416186719	0.0086622592	-0.0015983658	-0.0966705944	-0.0091007836	-0.0533633739	0.014393383	-0.0136423431	-0.0492760724	-0.0010112534	-0.0858743717	0.056109276	-0.0538334013	-0.0428237113	0.0076364543	0.0416737513	0.031954488	-0.0422005394	0.0252701322	-0.0273660706	-0.0620043938	0.0773263735	-0.0559358269	0.0906636501	-0.0630724825	-0.0221910058	-0.0756386565	0.0160746735	-0.0025625582	0.011117808	0.0321158945	0.034611564	-0.0031349519	0.0822673712	0.0694763092	0.0376036433	0.0791884996	-0.0442995231	0.0011953717	0.0278579363	0.0829113707	0.0479366501	-0.1203669166	0.0357683244	0.0915699656	0.1052947051	-0.0703566672	0.0549684733	-0.0192179884	-0.0783985141	0.0685750675	0.0880098139	0.0485199856	-0.043637912	0.0086586169	-0.0257554553	0.0567144384	-0.0427976481	-0.0148624617	-0.0086483786	-0.0866709519	0.1196503999	-0.0465452216	0.0243243149	0.0164732989	-0.0252148883	0.1402962175	-0.0824391529	0.071172082	-0.0720011548	-0.0040180207	-0.0309696027	-0.0652977901	-0.0095365283	0.0046753747	-0.0097136997	-0.0293341384	-0.0881554617	0.0478756693	0.0889270662	-0.0568458069	-0.0336174133	-0.0757381119	-0.0116723803	-0.0253443721	0.0771259562	0.0933806937	0.0364187243	-0.0138684334	-0.001139784	0.0112916936	0.0557970834	-0.0649359511	-0.0031127405	0.124408727	-0.0536614111	-0.0412200198	0.0198903788	-0.0075838198	-0.0945816942	0.0225612856	0.0910090062	-0.0369729991	0.0	-0.0007367261529367	-0.0043968108197418	5.427654244209099e-07	1.933194538459856e-05	0.1482322930186512	0.0447308190945392	0.0020008461768683	0.0219728126935672	-0.0630796394882935	0.0132406595069766	0.003979040917973	0.0001753150641796	0.0040689196076695	-0.0004313811160497	1.8608966728428477e-07	1.6556106773677314e-05	0.0011720806015529	-0.0001209233353	1.4622453020100402e-08	1.3737729365366078e-06	0.0010191206523291	-8.997702551740002e-05	1.03860690400369e-06	8.095865120958854e-09	0.0	0.0	0.0	0.0	0.0	0.0	0.0	0.0	0.0
8357.194947797616	-4.043176576380574	16.34727682779254	69842707.395494	6085.997037669319	-3.806573668523015	37039359.942519724	14.490003093892764	5310.027684808384	3.940540132068236	15.52785653244035	28196394.01343149	5133.550949797787	8659.694981332552	1.161595	22.042751	0.0545718921145277	0.0248101922846211	0.0076313991	-0.0763578299	-0.0310670512	0.0180513981	-0.0779485122	0.0034117324	-0.0008944358	-0.0002171325	-0.0977900381	-0.0729254198	0.0152362166	-0.0375027172	-0.0069149321	-0.0017846446	-0.0153986568	0.0752207521	0.1709327614	-0.0628619981	0.0747226764	0.0511059415	0.0617918363	0.0358022672	-0.046201391	0.0102991109	0.0275425401	0.0201088298	-0.0330549927	-0.0198064262	-0.2027402077	-0.0238535585	0.0651018892	-0.0258964033	-0.0155664795	0.1108097791	0.0667349598	-0.0311506508	-0.0486430185	-0.0323758243	-0.0159932069	0.00835482	0.0556071246	-0.0205896408	-0.0255892103	-0.0738923707	-0.1225160055	0.0628432195	-0.0552205742	0.0716215829	0.0024985757	-0.0279227189	0.0448971308	-0.0758776125	-0.0971838196	0.0942966146	0.0700072931	-0.01710865	-0.0669180137	-0.0508920637	-0.0471085055	0.044943278	-0.1511554031	-0.0471374073	0.036671536	0.0175359123	0.0104738949	0.0773654721	-0.0481078115	0.0718049929	0.0888439977	-0.0117947576	0.0504869445	0.013389436	0.0380611534	0.0874383391	0.1186665087	-0.0176595265	0.0565727766	-0.0838104702	-0.0377331945	-0.1073458015	0.1624542963	-0.0010213489	-0.0967482338	-0.0739626233	0.0099715589	0.0382223612	-0.0145163135	0.0424437388	0.0812151805	0.0258571158	0.0557333541	0.0523281935	0.0112432333	-0.1100108508	0.0771804879	0.0024086414	-0.0080212624	-0.083477739	-0.0179865615	-0.0626172766	0.0250221657	0.0255109442	-0.0438525265	0.0521408406	0.1293476028	0.0644108898	0.0285368805	-0.1059740673	-0.0136468534	-0.0882015751	-0.0135844664	-0.0577866276	-0.0262500803	0.0395539386	-0.0546207615	0.0216014184	-0.061840767	0.0645893194	-0.0552460916	-0.037603561	-0.0515391142	-0.0210311905	0.0235688921	0.0496901036	0.01076898	0.0966242242	0.002155686	-0.0623525903	0.0633644904	-0.0072900463	-0.0581838062	0.0239263121	0.0179137383	-0.1304634136	0.0139827841	0.0270263835	-0.0162385954	-0.0275881559	0.0762283646	0.0106198672	-0.0159882767	0.1416927706	0.0079898995	-0.0030002077	-0.0249327331	0.0672331642	-0.0009063115	0.0626543582	-0.1023662808	0.034012846	0.0873824695	-0.0182698757	0.0622397239	0.013634213	0.1300790967	0.0943762456	0.0644996556	0.0051331477	0.0225184719	0.0272827096	0.1282780061	-0.036603954	0.0875198734	-0.0545871396	-0.1892089342	0.0968000368	0.0036412043	-0.0298487498	-0.0731395056	0.0192851764	0.0201386052	0.0387971494	-0.0310515533	-0.0197388451	0.0316418351	0.0714238092	-0.158101477	-0.017376631	0.0012276752	-0.0855664291	-0.0337325976	0.0069081082	-0.0037988197	0.0313422766	-0.1073988693	0.0128789148	0.05879673	0.0332898002	0.0833409652	0.1012737495	0.0913213608	0.0182879687	0.0042791119	-0.0089589723	-0.094106684	0.0265634	0.0891374998	-0.0432382481	0.0	-0.0025154665410553	-0.0017787403881186	6.327571919168715e-06	3.1639173683243075e-06	0.1362286068400209	-0.0120036861786303	0.000144088481875	0.0185582333215729	-0.0535346760538146	0.0095449634344788	0.0028659615401868	9.110632696553912e-05	0.0038851316719042	-0.0001837879357652	3.377800533286997e-08	1.5094248108033125e-05	0.0009799994073906	-0.0001920811941622	3.6895185150815166e-08	9.60398838485927e-07	0.0007700997399907	-0.0002490209123383	5.930536095337438e-07	6.201141478184904e-08	0.0	0.0	0.0	0.0	0.0	0.0	0.0	0.0	0.0
8368.228392471114	11.033444673497796	121.73690136313692	70027246.42855968	6136.368458913927	50.37142124460752	37655017.86355368	2537.280078201697	5310.355105098189	0.3274202898046496	0.1072040461757607	28199871.342242397	5134.541105113165	8662.73690791588	1.3445	25.51359	0.0340268002634381	0.016198663138978	0.0102525515	0.0673184269	-0.0412088011	0.0352087492	0.1434030193	0.0656734505	0.0148554835	-0.0132105961	0.1339086478	-0.1012099537	-0.0107888124	-0.0433184986	-0.0775259777	0.0316106474	-0.0141798169	-0.0421681063	0.0669908369	0.0774972337	-0.1503258565	-0.1029035419	-0.0292648736	-0.0742100832	-0.0957508258	0.0586050178	0.0614452506	-0.0956164599	-0.0048451185	0.0446404437	0.0648629782	-0.0379835874	-0.059570667	0.1311204126	-0.0800580601	-0.0246810413	0.0286867043	-0.0032885312	-0.0140113568	0.041522355	0.0298883331	0.0303050307	-0.0416364031	0.0744194019	0.0855014085	0.023073337	-0.0168603347	0.0240733489	-0.0142122829	0.0162260739	0.0317279322	-0.1985369531	-0.0186815192	0.0382983833	-0.0126915351	-0.0410774115	-0.0329071593	0.0772071286	0.0072347746	-0.0086537347	0.0824618898	0.0693708032	-0.0562836759	0.1344415331	-0.165022518	0.0141494121	-0.0302521535	-0.0592281882	-0.1031158354	-0.0458398842	-0.030246581	-0.0875628708	-0.0274701334	0.1991702364	-0.0502632034	-0.0824860546	0.0016498501	-0.0125488619	0.1197020526	0.0017401183	-0.0590056663	0.0440021113	-0.0646740902	-0.0123023153	-0.1205049195	-0.0077461626	-0.069705009	0.0077001183	-0.034635203	-0.0305961048	0.1125074125	0.069164468	0.038953301	0.0529806642	0.0804687286	0.0068173804	0.1119508812	0.0223617146	0.0574844158	0.0213255996	0.0928682255	-0.1033208592	-0.0794147605	-0.0397349692	-0.0871300327	0.1166474672	-0.0580086706	-0.0597932871	-0.1372096264	0.0547048569	-0.0221989478	0.0551797782	0.0363976314	-0.0328149361	0.0167568759	0.0313015444	-0.0133004021	-0.0199453624	-0.0338352782	0.0081693022	-0.0229565354	0.0087899899	-0.1156866932	-0.0814707528	0.0301195804	-0.0517298268	-0.0001737674	0.0173565151	0.1373947687	0.0653085332	0.0701519383	-0.1170946695	0.0688004706	0.0187021331	-0.1377843364	-0.0026210375	-0.0798303739	-0.0540175193	-0.023460189	0.0023360014	-0.1109994504	0.0167709905	-0.0364914034	0.01930564	0.0909275817	0.1120374998	0.0858802702	0.0738910807	0.0566066896	0.0270518396	0.0259138693	-0.0790341675	-0.1597178139	-0.0800423634	0.050823484	-0.0449524609	0.1075504568	0.0772708311	-0.0544759637	-0.0736544767	-0.0930111737	0.0822844916	-0.0293152074	0.0471323768	0.038529441	0.0409414223	-0.0118788455	-0.0184525748	-0.023274149	0.0352139661	0.0545879405	0.0167342078	0.0869695458	-0.0353602787	0.0152622656	-0.0074154459	-0.0927582867	0.1509079007	0.0566740652	-0.0245440441	-0.0351414455	-0.0273466953	-0.0157659901	0.0343866303	0.0980293307	-0.1621896389	-0.0075783726	0.0964707836	0.063637244	-0.0642317725	0.0167566684	0.0760327147	-0.0295046055	0.0883428681	-0.0279807216	-0.0103322643	-0.0935535044	0.0305158728	0.0869698875	-0.0492791053	0.0	0.0006583877788699	0.0031738543199252	4.334744673652403e-07	1.0073351244107852e-05	0.1445205311082986	0.0082919242682777	6.875600807085287e-05	0.0208861839118247	-0.0634914267408248	-0.0099567506870101	0.0040311612695855	9.913688424327792e-05	0.0040446727413409	0.0001595410694367	2.5453352837006042e-08	1.6359377584546112e-05	0.0008880623709459	-9.193703644470008e-05	8.452418670234109e-09	7.886547746900533e-07	0.0007707070538738	6.07313883099975e-07	5.939893628908324e-07	3.688301526059702e-13	0.0	0.0	0.0	0.0	0.0	0.0	0.0	0.0	0.0
8379.410364440715	11.181971969601364	125.0364971289506	70214518.05569647	6104.332192188472	-32.03626672545488	37262871.51258852	1026.3223857044875	5311.454810550093	1.0997054519039011	1.2093520809471634	28211552.20451572	5134.355309165121	8714.946666442742	1.300325	24.675323	0.0966996318132391	0.0633603864897995	0.0552118506	0.0389076909	0.061060554	0.0911540013	0.0027777631	-0.0944940579	-0.0288163629	0.0245722209	0.0482859474	-0.0090516504	0.0984846594	0.0200554464	0.0831409454	0.0537541248	-0.0512997149	-0.0376328014	-0.1327689101	0.0301834388	-0.0061385738	-0.0334283475	-0.0877612161	0.0545243036	-0.0971426655	-0.0814398233	0.0052821434	0.0395114431	-0.0120396485	-0.0293573252	0.0681919079	0.0293024332	0.0126503666	-0.0143475204	-0.0416529927	-0.004239048	0.0108658478	-0.0157178595	-0.0047039422	-0.1047297956	-0.0222914157	-0.1374789594	-0.0215403744	-0.0667318138	0.0039927839	0.0920692009	-0.0251821232	0.0421653767	-0.0245474676	-0.0077493533	0.0527798021	0.0397655635	-0.0063848043	-0.1188461623	0.0886056097	-0.0114596752	0.0325185351	0.035302283	-0.0035102623	-0.0274015424	-0.1522734803	9.91702e-05	0.0319038722	-0.0798674978	0.0555427887	0.0571019316	0.0677214047	0.0141730647	-0.0099410292	-0.05164784	-0.0011775706	0.0140269242	0.0224407659	-0.0053908896	-0.0025140802	-0.1135916346	0.0253576166	-0.100643454	0.0126291313	0.0635074594	0.1200257116	-0.0113083103	-0.0032687661	-0.0921378158	0.0316870782	-0.0292815809	0.1108921341	0.0874450455	0.0645355568	-0.0787839045	-0.1298877159	-0.0295948365	0.019812653	0.0409676213	-0.0669022792	0.1049314189	0.1092606306	0.0931690479	0.0344144084	0.0795882624	-0.0664499898	-0.0257761983	-0.0706977995	0.0661956165	0.0934682121	-0.0384368095	-0.0855375235	-0.0498504289	-0.0812887081	-0.029794218	0.0007491298	-0.0297594275	0.0287568632	0.061534848	-0.0299822754	0.0717289719	-0.0857174082	-0.0555229611	-0.0157242869	-0.0489793452	-0.0580769457	-0.1030196604	0.0583102054	0.0543868117	0.0477067014	0.0863156574	0.0188053942	0.0216102147	0.049613423	-0.0843514624	-0.0145592742	-0.0064510057	-0.0015962562	0.0176625413	0.0530256868	0.0280989737	0.0665801335	0.0287628024	-0.0112417702	-0.0467504119	0.0619213575	-0.0542093253	-0.0636174624	0.0047733161	-0.0333887412	-0.0590195352	-0.0259002868	-0.0057815075	-0.0269213213	-0.1156090879	-0.0180456388	-0.0002337365	0.0158059937	0.0323826831	0.0415218333	-0.010093453	0.0185067899	-0.0776787599	-0.1095320154	-0.0411681299	0.0054633583	-0.0450956152	-0.176694363	-0.0206928152	0.1464941793	-0.0950089427	-0.0018329882	0.0304617425	0.1656554974	0.0959307672	0.1084971009	0.0203828999	0.0594124122	-0.0429762061	-0.0997586854	0.0379054484	0.0235442991	-0.0640885071	0.0560360512	-0.0917040594	0.0033366821	0.1123919958	0.0526679733	0.0710280001	0.0282000468	0.0645386647	0.0439658357	0.0737963655	-0.0004121984	0.0696378383	0.0317156475	0.0049420704	-0.0359229821	0.0167362503	-0.0282670692	-0.0117034106	-0.0929226147	0.0344113177	0.08451337	-0.0550642208	0.0	0.0051664265237434	0.0045080387448735	2.6691963025239315e-05	2.0322413325280644e-05	0.0882978616078844	-0.0562226695004142	0.0031609885657528	0.0077965123645251	-0.0760571550746362	-0.0125657283338114	0.0057846908380472	0.0001578975285591	0.0043807261521429	0.000336053410802	1.1293189491165797e-07	1.9190761620068744e-05	0.0007561921009648	-0.000131870269981	1.738976810488819e-08	5.718264935615583e-07	0.0007708472777735	1.4022389970003157e-07	5.942055256508155e-07	1.9662742047084517e-14	0.0	0.0	0.0	0.0	0.0	0.0	0.0	0.0	0.0
8374.833036687773	-4.577327752942438	20.951929357857065	70137828.39239694	6097.41695104191	-6.915241146562039	37178493.47485322	47.82056011510466	5309.066012839208	-2.388797710884319	5.706354503526161	28186181.92868441	5131.204348888058	8748.9797532536	1.118425	21.223539	0.0892651597453806	0.0551198658519803	0.0751902754	-0.0419989846	-0.0028607714	0.1092684312	-0.0871946722	-0.0984866445	-0.0459795861	0.060986944	-0.0482972947	-0.0334194151	0.1143672918	0.0120158678	0.0385722289	-0.0036387845	-0.0916307096	0.0304093057	0.0582739394	0.0068902148	0.0576041184	0.0075533645	0.0168378602	0.0908833457	-0.0579009105	-0.0092666514	-0.0206702882	0.031741894	-0.0302642992	-0.085763164	-0.091617268	0.0249727187	0.0282373899	0.027736923	0.035599441	0.0908682676	-0.0555620126	-0.106604799	0.0210114102	-0.0156696216	0.0866294517	-0.0256043773	0.0316563367	-0.1221734289	0.0977401951	0.0604612729	0.0954007194	0.0313160187	0.0268371467	-0.0258447447	-0.0216291025	-0.0533917276	0.0076112829	0.1038374655	0.1764903762	0.0415525364	-0.0161897967	-0.0199054911	0.152167953	-0.0017978774	0.0121251936	-0.0276517831	0.0333319503	0.0509161917	0.0242140763	-0.0646345602	-0.004975891	0.0045825159	0.0369290485	-0.0660287987	-0.0039477072	-0.1366174003	-0.0746252635	-0.0941123763	0.0579540033	0.0399434437	-0.0670593274	0.0368206138	-0.0140374374	-0.0166032156	0.0258486534	0.0248666175	0.1520326575	-0.0723768605	-0.011163554	-0.0850991014	0.1204485824	-0.050550955	-0.1018877122	0.0151301916	-0.0724876174	-0.0528900052	0.0128611332	0.0209237941	0.0435350665	0.0802034929	-0.0530168882	0.0456375735	-0.0124259602	-0.044573327	-0.0692786241	-0.0787544751	-0.0259102892	-0.0102659618	-0.0023387966	0.0442960734	0.0741520246	-0.048005249	0.0087968239	-0.0931626385	-0.0583294307	-0.0738684354	0.0271351179	0.0705879346	-0.0609111874	-0.010957805	0.0357816717	-0.0267044627	0.0261110578	0.0001231663	0.0720073293	-0.179473079	-0.0041406221	0.0220226244	-0.0446217033	0.0215087288	-0.0018411671	-0.0396756774	0.0965889997	-0.0837860774	0.0636466012	0.0430467786	0.0822014381	-0.1181460259	0.1438001771	0.1192609566	-0.0657654825	0.0071437824	0.0068037645	0.0047823762	-0.0319039378	0.0051002291	0.0748587759	-0.048026518	-0.0369482836	0.0129393028	-0.1397052229	0.07188653	0.0278078914	-0.0325378589	0.0759017523	-0.0105429765	-0.0101400549	-0.0062140828	0.1312469085	-0.0442299594	-0.1382378994	-0.0921614318	-0.0168652236	0.0434162359	0.0276142801	0.0431970414	0.0922126235	-0.1295888672	0.0402232545	0.0616128137	-0.0774968348	-0.0371627476	-0.122255406	0.0981204165	0.0548441437	0.0416265257	0.0274967793	0.0070672763	-0.0744232302	0.01067439	0.0668123026	-0.0423070243	-0.1276345754	-0.0837048249	0.0185349134	0.0345040969	-0.0226979798	0.1161673321	-0.0203507364	-0.0032782798	0.0005173634	0.0274398449	0.0535386326	-0.0218698939	-0.0285367018	0.0708483541	-0.1101253588	-0.0524077883	0.0332328396	-0.0130721264	-0.0922145392	0.038242455	0.0817761076	-0.0605635717	0.0	0.0018043401521765	-0.0033620863715669	3.255643384756315e-06	1.1303624769875885e-05	0.1324721327938647	0.0441742711859802	0.0019513662348125	0.0175488659669553	-0.0668088161766178	0.0092483388980184	0.0044634179189211	8.553177237260028e-05	0.0039231434709956	-0.0004575826811473	2.0938191008595225e-07	1.53910546940154e-05	0.0009480146212839	0.0001918225203191	3.6795879301571534e-08	8.987317221680564e-07	0.0007706432134436	-2.040643298999818e-07	5.938909624266781e-07	4.16422507375286e-14	0.0	0.0	0.0	0.0	0.0	0.0	0.0	0.0	0.0
8369.278756876532	-5.5542798112401215	30.8500242215496	70044826.9103048	6115.508754597375	18.09180355546505	37399447.32755713	327.3133558895378	5307.3691712613945	-1.6968415778137569	2.87927134019748	28168167.52005586	5134.147923654729	8778.303456437565	1.163409	22.077169	0.0479078456438767	0.0242521985093911	0.0716206587	-0.0291162435	-0.0752309879	0.0775942688	-0.0368411282	-0.0182674967	0.0509467581	-0.0527111348	-0.0440068989	-0.068842203	0.0355034748	0.0657746824	-0.0751564579	0.0232943538	-0.0004670585	0.0998808682	0.076645665	-0.1029380963	0.0187574867	0.0022018859	0.062610508	-0.023064219	-0.0595495543	0.0738983388	0.017510539	-0.0376338748	-0.0194640279	-0.0849288031	-0.0653525438	-0.0838613355	0.0340768551	0.0739965405	0.0517871056	0.0487449236	0.0290335941	0.0359123313	-0.0728440163	-0.1108893036	-0.0283972095	0.0605359749	0.0126112219	0.1228029621	-0.1217190405	0.0416083894	-0.0453341906	-0.0792692144	0.0395345741	0.0586712632	-0.0395777654	0.0055861442	0.0238250326	-0.0471877487	0.0240737114	0.1239692935	-0.0763944968	-0.0720046183	-0.0041706283	0.0142774873	0.0857144521	-0.0756856747	0.0322747667	0.0281286712	-0.0733807135	-0.0052570971	0.0189236883	-0.1022957499	0.1496883825	0.0151385964	-0.0363801561	0.0313504513	0.0318372119	-0.1321407139	0.0725286555	-0.0465303265	-0.0431343645	-0.0522887232	-0.0887700676	-0.0908769904	-0.0117395206	-0.06789974	-0.0236503576	-0.0170539994	-0.0158795777	0.0107878877	-0.0677128634	-0.0361349116	-0.0720894144	-0.1041980316	-0.094375515	-0.0202217293	-0.0043833226	-0.1102258222	-0.0307033549	-0.0115485346	0.0362214333	-0.0409421438	-0.0276994551	-0.0720210583	0.0289561163	-0.0690563845	-0.0192336276	-0.0074710315	-0.0165198038	0.1303212812	0.0055119618	0.1133016405	0.0256731631	-0.0715526359	0.02332958	-0.0101228233	-0.0502406188	-0.0307914565	-0.0104602411	-0.042968749	-0.0819477573	0.0732700527	-0.1119551995	-0.0286724124	-0.0024236407	0.0360443923	0.0133213691	-0.0624184764	-0.0899126169	-0.0431835785	-0.0240212469	-0.0952645098	-0.1238408407	-0.0148464944	0.0743624708	-0.0057224917	0.0366465901	-0.0022026627	0.0462312094	-0.065424606	0.0223056778	-0.0139244723	0.0446835048	-0.0551609226	-0.0938704631	0.0383464402	-0.0841333004	-0.1118028867	0.1170837036	-0.0768874742	-0.0178006666	-0.0744082531	-0.0911043827	-0.032376225	0.1686247111	0.0322200034	0.0660390137	-0.0587361565	0.0080402758	0.0669593561	0.0161671874	-0.1647019038	-0.0174905711	-0.065046925	0.0785275076	0.0473154609	0.0498390161	0.035501048	-0.0692007656	-0.0315688709	-0.0229597923	0.034191386	0.0105553885	-0.0281297286	-0.0558417315	0.0636604829	0.0547718165	0.0739760349	-0.03455224	-0.0131936942	-0.0159731591	0.0892200489	-0.1174065727	0.0246043705	0.0389471019	0.0325369849	-0.0354260908	-0.0208927174	-0.0532736077	-0.0595818097	-0.1053809189	-0.0339169517	-0.0911678366	0.0308526338	0.0164314856	0.0530521183	-0.0496656266	-0.0547372429	0.0477702048	-0.0144381275	-0.0914298658	0.0420021249	0.0787671932	-0.0657486183	0.0	0.0003084888299298	-0.0014958513222467	9.516535819145709e-08	2.2375711782672006e-06	0.1388924256159498	0.0064202928220851	4.122015992131767e-05	0.0192911058934821	-0.0623289795768329	0.0044798365997848	0.0038849016950892	2.00689359607723e-05	0.0038018536217214	-0.0001212898492741	1.471122753695808e-08	1.4454090960996126e-05	0.0006419290753143	-0.0003060855459696	9.368836145150813e-08	4.120729377338722e-07	0.0004877813106922	-0.0002828619027514	2.3793060706060054e-07	8.001085602814249e-08	0.0	0.0	0.0	0.0	0.0	0.0	0.0	0.0	0.0
8357.04500046901	-12.233756407522378	149.66479583859484	69840201.13986407	6096.719108467672	-18.789646129702305	37169983.88755485	353.0508016794368	5306.188502921498	-1.1806683398963287	1.3939777288335526	28155636.42853629	5128.199117762254	8689.761986597783	1.292313	24.523285	0.0645538118142829	0.035894802748126	0.0319869332	0.0937498535	-0.0894956026	-0.0017450345	0.1141311456	-0.0077953169	-0.0554362982	-0.0169091449	0.0540457002	0.0052797966	-0.0479291035	0.0649258825	-0.0144269358	-0.1310655806	-0.0800876139	-0.0863234406	-0.0290593244	-0.0102251313	-0.0164978329	0.0069909554	-0.012485943	-0.113492523	-0.0268604988	-0.0132205854	0.0967133051	0.0143421386	-0.0713152517	0.1026883777	0.0103849246	0.0090802234	-0.1562809874	0.0235685105	-0.0046656252	-0.0198453017	0.0425337882	0.04328829	-0.0770175644	-0.0020645403	-0.107298686	-0.0093611273	0.094958182	0.0264383624	-0.0165472792	0.050321153	0.0649035811	0.0226691097	0.0195476317	0.0272789709	-0.082792359	0.0062917639	-0.063989863	-0.0723509527	0.0421376159	-0.0872022481	0.0984889277	-0.0776067251	0.0732771214	-0.0711562529	0.0241680627	-0.0306751874	0.0680287549	0.1174472285	0.1325726547	0.0430990504	-0.1551372682	0.0352344823	-0.0701121554	-0.0526499104	0.147220672	0.0261758299	0.0942178526	-0.0357272067	0.0222067189	0.0222506339	0.0771263159	0.0614493564	0.0723368533	-0.111602294	-0.0977560144	0.1398567715	0.1226992125	0.0125833011	-0.0228632713	-0.0010796035	-0.0691062575	-0.0584434465	-0.0740745153	0.0597623148	0.0561497418	-0.0020366188	-0.1620322421	0.0322380345	-0.0156904719	0.0809831748	0.0720618467	-0.0295818854	0.006162452	0.0179369473	0.0957791748	0.0462974469	-0.0493404735	0.1363361669	-0.0554084329	-0.0101385203	0.0497254474	-0.0564189618	-0.0449079343	0.0503657435	0.1082133347	0.0266718939	0.0725946899	0.0499895987	-0.1199375517	-0.0021123381	-0.0112386938	0.0606838553	-0.0789961403	0.0427840774	0.0032167577	0.0184052842	0.1166145921	0.0005177824	-0.0443254818	0.0156029584	-0.0418579099	-0.0924645295	0.0204863329	0.081879334	0.0365276568	-0.0079888979	-0.0523555721	0.0137593762	-0.0108914992	0.1063623593	0.0094143684	0.0737535672	0.020229939	0.1516413321	-0.0030484117	-0.0716806797	0.0939720318	0.0483124505	0.1021257582	-0.1496273007	0.0039670947	0.1327162697	0.006944053	0.2071249609	-0.0112247771	0.0052658804	-0.0821198341	0.000607733	-0.0529207378	0.0568705521	-0.0594561757	0.0963481131	-0.0662261053	-0.0407105862	0.019205499	-0.0806793225	0.1155647977	-0.0654050169	-0.1056903874	-0.0628551701	-0.042772539	-0.0520042944	0.0090819434	0.0236366638	0.1382667575	0.0451071376	0.0999313726	0.0025397394	0.0066698694	-0.0701369003	-0.0273978101	0.0507775989	0.0919358041	0.0668359142	-0.0070811913	-0.0457168198	0.0491414405	0.0779763218	-0.0050971229	0.0139224474	-0.0883054405	-0.0487452853	-0.0207307206	0.0209568162	0.0139236964	0.0162751803	-0.0052734048	0.1665380925	-0.027996328	-0.0158011302	-0.0905692465	0.0456833015	0.0754966221	-0.070592452	0.0	-0.0002670800798085	-0.0005755689097382	7.133176903051472e-08	3.312795698573353e-07	0.111310879718971	-0.0275815458969788	0.0007607416740671	0.0123901119438112	-0.059591899250492	0.0027370803263409	0.0035511944562807	7.491608712842416e-06	0.0040777188972936	0.0002758652755721	7.610165026652572e-08	1.6627791405345332e-05	0.0007560755240831	0.0001141464487687	1.3029411766528278e-08	5.716501981175343e-07	0.0007709619199757	0.0002831806092835	5.943822820526177e-07	8.01912574741743e-08	0.0	0.0	0.0	0.0	0.0	0.0	0.0	0.0	0.0
8348.92871048429	-8.116289984720424	65.87416311607306	69704610.61274886	6098.233950790481	1.514842322808363	37188457.31857368	2.2947472629714367	5305.623421750407	-0.5650811710911512	0.3193167299217468	28149639.893426497	5128.849229522402	8612.568924136978	1.218052	23.114082	0.053839123392937	0.0280596649983124	0.0243947135	0.0741911405	0.0448262817	-0.0630460688	0.0008219538	-0.1105591545	0.0682961965	-0.1339374323	0.0121231612	0.1179502722	-0.0305300588	0.0400594847	-0.0269783071	-0.0059826668	0.0076814324	0.0702903214	-0.0468646233	-0.0374314139	-0.0651928122	-0.0089476717	-0.0810465544	0.0018369227	0.0104970529	-0.0838033813	-0.0041394007	0.0346482329	-0.1685712502	-0.0633341165	0.0246940992	0.0137700066	-0.0252828179	-0.071441801	0.0391841496	-0.0340165858	0.002647874	0.0519418755	0.0207364234	-0.019514877	0.0820451684	0.0667384468	-0.0784248222	-0.1421054595	-0.0352447216	-0.0664182736	-0.0083361007	-0.0792710008	0.0576976978	-0.0707677866	0.0699188096	0.0280982972	0.1217980849	-0.0864665157	-0.0184624623	-0.0976893827	0.0193203185	0.020402949	-0.1101889432	-0.005654454	0.1584037726	-0.0003385072	-0.0584848737	0.0351713063	0.0095338202	-0.1455217676	-0.038049466	-0.0267022145	-0.0541821232	-0.0768189601	-0.0414055027	0.0071307504	-0.0735427124	0.0725725401	0.0188096642	0.0292860333	-0.0634333751	-0.1064288408	0.0290683001	0.0370106097	0.053555954	0.0459721547	0.0526209382	-0.0196778588	0.0423619768	-0.0136670397	-0.0585862832	0.050936823	-0.0509950856	-0.0786644954	-0.0023419204	0.0659724102	0.1246262355	0.0223908399	-0.007654395	0.0641362273	-0.0687144989	-0.1180751153	0.0768698856	0.084921831	-0.031312801	0.0924757776	0.0844859021	0.0332961283	0.0755990096	0.0673681301	-0.0140593864	0.0170916438	-0.0096374491	-0.0456872315	0.1247466203	0.0155616516	-0.004458017	0.0785656789	-0.0069206463	0.0200398522	0.0046282631	-0.0586462274	0.0317714924	-0.122913784	0.0253334754	0.0430965974	-0.0275329279	0.081708643	0.0700428813	-0.0132362977	0.0167257357	-0.0267645895	0.0259507788	-0.0535338579	0.0042314456	0.0574813362	-0.0644993856	-0.1202456402	-0.1856010838	-0.0404712015	0.0505633424	-0.1749410015	0.041808873	0.1320511364	0.0310470539	0.1218208873	0.0233092111	0.0291536305	0.0271680151	0.0748263862	-0.0173438227	-0.0025096343	-0.0622904588	-0.0924764335	-0.0003046485	-0.1435465641	0.0043076617	-0.0506503092	0.0024239158	-0.0316755422	0.0878253982	0.0407050677	0.0171835905	-0.0072690901	0.0360288537	0.0044084995	0.0653135848	-0.0650072435	-0.0065536825	-0.0054375743	-0.0015424008	-0.0917890904	0.078326857	0.0790455019	0.1436477189	0.0460049989	0.0901137102	-0.0516004181	-0.0402091504	-0.0046304149	0.0101562915	-0.1104256715	0.0262922896	0.0325259164	-0.0269647308	0.0427690526	-0.0526514071	-0.0549958854	0.0111056547	-0.0072746721	-0.0090612012	-0.1306208936	-0.071484533	0.0406332677	-0.0227878866	0.1198295635	0.0113646638	-0.0114524063	0.0626056552	-0.0171608514	-0.0896333961	0.0492791053	0.0719752588	-0.0750699348	0.0	0.0109644689488561	0.0112315490286645	0.0001202195793304	0.0001261476935832	0.1290160322339204	0.0177051525149494	0.0003134724255776	0.0166451365733839	-0.07618774025714	-0.0165958410066479	0.0058045717654894	0.0002754219387179	0.0042437242123976	0.000166005315104	2.7557764642778498e-08	1.8009195190889632e-05	0.0007561388373371	6.33132540000126e-08	4.0085681320701106e-15	5.717459413295014e-07	0.0007708989314802	-6.298849549997258e-08	5.942851625573142e-07	3.967550565350066e-15	0.0	0.0	0.0	0.0	0.0	0.0	0.0	0.0	0.0
8344.517518854691	-4.411191629598761	19.45861159304217	69630972.62247285	6078.246084184789	-19.987866605692037	36945075.45990772	399.5148114469388	5304.800946021159	-0.8224757292482536	0.6764663252024466	28140913.076906983	5128.071684896134	8561.044096377385	1.199893	22.769505	0.0704091969532087	0.034494373078283	0.0176002615	-0.0100372949	0.0600703537	-0.0270439568	-0.0418371669	-0.1572425034	-0.0972425774	-0.0032742035	-0.0060486754	0.0719945407	0.0292151564	-0.0167051018	-0.0182029158	0.138116671	-0.0284039463	-0.0688899265	0.0709871514	-0.0186492623	0.0632970988	-0.0329540248	-0.0678519174	0.0616674714	0.0058427399	0.0863184308	0.0440146224	0.0187925789	-0.0716490658	-0.0449324512	-0.0010189077	0.2072852828	-0.0724605925	-0.0075554713	-0.012632768	0.0797849863	0.1052024773	-0.013942775	-0.0454054106	0.086256405	0.0659916749	-0.0408965578	-0.040683253	0.076582725	0.1183515472	0.0562468699	0.0106710455	0.0320609852	-0.0497117003	0.0705042332	0.0398450947	0.1045121698	0.0728068459	-0.0299319305	-0.0628438814	-0.0393475791	0.0535541266	0.1133316034	0.0185350704	0.1079244117	-0.0251319475	0.0689656228	-0.073501865	-0.0252094661	-0.0529708865	-0.0401408335	-0.0495722639	-0.0573394585	-0.062797995	0.004989442	-0.0168961003	0.1325894173	0.1165165956	0.0148888635	-0.0598116282	-0.0648920581	0.0059274409	0.0104724154	0.0512874441	0.0532977851	-0.0128880148	-0.087696713	0.0237905171	0.0020474321	-0.0410867907	0.0986596947	-0.080874246	0.0189738262	0.0651004036	0.0444249289	0.0251667472	-0.0661836136	0.0474503468	0.0577021419	0.0813997322	-0.0406926125	-0.0860862601	-0.0139557924	0.0276508382	0.0371710549	-0.0784749579	0.0239528895	-0.1080477612	-0.0879849405	-0.0499615117	0.0238626497	0.0817509197	-0.1427765945	0.0788345127	-0.0172372286	0.0661070819	-0.0698187055	-0.0502681207	0.0615124849	0.0534647356	0.0240138314	-0.127346107	0.1078018831	0.0569489875	0.0076106645	-0.0141462258	-0.0529439933	0.0159274197	0.0428757023	0.0148255168	-0.0640795647	-0.0728684887	0.0680763531	0.0824345477	0.0498599596	-0.0302218479	-0.0661893407	-0.0654211114	0.0375091845	-0.0122970764	-0.0604315579	0.0290013132	0.0052100918	-0.0170161291	0.0227341322	0.0770601713	0.096621489	-0.0176369772	0.0605150225	0.0057623196	0.0311733761	0.088813384	0.0103256043	0.0486745489	0.0976854699	0.0334665979	-0.0345475435	-0.0763658695	0.0610179776	-0.0381659782	-0.0523447117	0.0711728848	-0.0023727448	0.0158993128	-0.0643814004	-0.0724650745	0.0462932615	-0.0433530539	0.0586698305	-0.0583520411	0.1586453211	-0.0288893176	0.0811452646	0.0042529713	-0.0656588738	0.0269201092	0.0390816427	0.028551157	-0.0547981032	-0.0442643353	0.0247188424	-0.0039613409	-0.0593439886	-0.1191493987	0.0710161973	-0.0444561331	0.017993963	0.1374701701	-0.0017548147	0.0904730801	0.0009174301	-0.053310131	-0.0089523179	0.0077615947	0.0132149749	-0.0108180603	0.0742620238	0.0016323375	0.0471278999	-0.028199047	-0.0185170088	-0.088623092	0.0527828167	0.0682148009	-0.0791578303	0.0	0.0044726870738003	-0.0064917818750558	2.000492966014029e-05	4.2143231913302994e-05	0.1497075185144751	0.0206914862805547	0.0004281376044983	0.0224123410997619	-0.0571681886416968	0.0190195516154431	0.0032682017925726	0.0003617433436525	0.0040726002792802	-0.0001711239331174	2.9283400485568612e-08	1.658607303479316e-05	0.0010680716762623	0.0003119328389251	9.730209599993472e-08	1.1407771056337592e-06	0.0007698281598797	-1.0707716005000072e-06	5.92635395743765e-07	1.1465518204373473e-12	0.0	0.0	0.0	0.0	0.0	0.0	0.0	0.0	0.0
8336.47899695674	-8.038521897951796	64.61783430385054	69496882.06670085	6074.592303679357	-3.653780505431314	36900671.65592048	13.350111981869908	5304.341499577671	-0.4594464434876499	0.2110910344334503	28136038.74414189	5129.116619623607	8526.360410692778	1.185859	22.503191	0.0453544580645939	0.02325088893554	0.0640272299	-0.0791926659	0.0698214401	-0.0264964426	0.0578952608	0.0160197641	-0.0633016793	0.021911504	-0.0898955079	0.0210644624	0.0236542204	-0.1352211866	-0.0206067342	-0.0286227273	-0.082596857	-0.0430553736	0.0163178969	-0.0548932685	0.0086547779	-0.024511558	0.0169998307	0.1077155112	0.0017333481	0.0547036586	-0.0209313887	-0.0622815696	-0.0772722867	0.0748870705	0.0089534286	0.0013937555	0.0454291689	0.054151305	-0.0050177327	-0.1349023439	0.0421251206	-0.0276179201	-0.0984221354	-0.0869670829	0.1198038997	0.1352141624	-0.0562887372	-0.0026353827	-0.1258749576	0.0065809112	-0.0033300552	0.0492950768	-0.0044360954	-0.0378962529	-0.0601744448	0.1752226932	0.0504295859	0.0360469348	-0.083378473	0.00597437	-0.0293631214	0.0815315475	-0.1620602457	-0.1335410638	-0.0581007684	-0.0199590582	-0.0072611313	-0.0020512218	0.0873360405	0.0633981512	0.0753383825	0.0093954978	0.1062104822	0.0276354679	0.0069149368	-0.1174641329	0.034638707	0.0301066378	-0.0614170338	-0.0440393993	0.0320605365	0.1061008492	0.0713760909	-0.090578053	0.0080930646	0.0813980717	0.001527907	0.0150902162	0.0072898911	0.0693188513	0.0567426315	0.0222078935	0.1536758898	-0.1548029594	-0.0557312281	-0.0136067028	0.0121723484	-0.0159594797	0.0476919479	0.1125391584	0.0606430399	-0.0043135032	0.0141623102	-0.0516016906	-0.1064818368	-0.0821288762	0.0327548837	0.0559968418	-0.1091126408	-0.0316864564	-0.0338658053	-0.0199056492	0.0067816455	-0.0006616782	0.0375957808	0.0713492978	-0.0302315944	0.0544102397	-0.0208804585	-0.0303574858	-0.0921847816	-0.0070193596	-0.0428727416	-0.1344339725	0.1819854179	0.0544485707	-0.0747736485	-0.0186660141	0.0456598075	0.0802337108	-0.0646865146	0.0108158825	0.0320456381	0.0923828314	-0.0723622016	0.1249771225	0.0554058726	0.0431323014	-0.0426872965	-0.0913310536	0.0562078938	0.0347033875	-0.0593010189	-0.0252955681	-0.0216094619	0.0808173168	-0.0459630536	0.0050914572	-0.0554351404	-0.0884580265	0.0230473765	-0.0461117398	0.0001128717	-0.0341768552	-0.1160198317	-0.1042773918	0.1464070119	0.079411712	-0.0347212268	0.0822569945	-0.0347610009	0.0802636137	-0.0505894591	-0.1251817131	-0.0103569128	0.0179494699	0.0107508201	-0.0690971327	0.007307438	-0.0368010625	0.073336552	-0.0012279532	0.1302493271	0.0153112765	-0.0471670655	0.0746822882	-0.0211264223	0.0023215923	-0.0925989001	0.0827535527	-0.0368897455	0.034065002	-0.0008326953	0.0840882275	-0.0021339686	-0.0470732194	-0.0107440711	0.0941473268	0.0108700238	0.0020086733	-0.0202364464	-0.0193908276	0.0269603434	0.0322654965	-0.1233947406	0.1588884932	0.0203533127	-0.031261789	-0.0125066667	-0.0198693207	-0.0875391733	0.0561878877	0.0642277404	-0.0828349236	0.0	0.0017579304850841	-0.0027147565887161	3.0903195903880194e-06	7.369903335978017e-06	0.1360480073513201	-0.013659511163155	0.0001865822452163	0.0185090603042648	-0.050561640102444	0.0066065485392527	0.002556479449849	4.364648360150329e-05	0.0037371428586267	-0.0003354574206534	1.1253168107149915e-07	1.396623674578454e-05	0.0009569431180977	-0.0001111285581645	1.2349556439742858e-08	9.157401312745488e-07	0.000770715016531	8.868566512999906e-07	5.940016367063797e-07	7.865147199550333e-13	0.0	0.0	0.0	0.0	0.0	0.0	0.0	0.0	0.0
8341.687219960842	5.208223004103274	27.125586860470538	69583745.67565805	6086.19722083552	11.604917156162628	37041796.610906005	134.6741022013977	5305.605286101518	1.2637865238466477	1.5971563778563929	28149447.45190837	5130.153228935924	8550.475110242596	1.249283	23.706734	0.0529255259620109	0.0391281176200542	0.0549530761	-0.0832934763	-0.0565189672	-0.0626930557	0.0321429555	0.0759131281	-0.0326893196	-0.1532407503	-0.0577382761	-0.04314786	-0.0099656038	-0.1100987619	-0.0935213309	-0.0201892891	0.0809373134	0.0014305501	0.0029391826	0.0136292858	-0.0280847551	-0.0303463703	0.1003274827	0.0179196994	-0.0184331828	0.0499177776	0.02188257	-0.0119761265	-0.1926923155	0.0547585083	0.007404639	-0.0023626679	0.0561339636	-0.0038853339	0.031357117	0.0306284614	-0.0837404107	0.1581809926	0.123316781	0.0136557305	-0.0856873113	0.0494739896	-0.008348866	-0.0472600825	-0.0894573136	-0.2135646679	-0.0075965295	0.0235058077	-0.0548666035	-0.1398111147	-0.062096706	-0.1088914265	-0.0792153695	0.0220996236	0.0151211271	-0.0224933802	-0.1103833894	0.1217542372	-0.0143792418	0.0339325533	-0.0526078009	-0.0591799989	-0.0058786264	-0.0813031366	-0.0833992028	-0.0110931235	-0.1300949607	0.0757058024	-0.0386522516	0.1339678186	-0.0860201043	0.0201387947	-0.058777217	-0.0583780503	-0.0215329913	0.0283548064	-0.050537788	0.0722563492	0.045087298	0.0004784183	-0.1048765838	-0.0420432832	0.0238055087	0.0419511591	-0.0072048538	0.0912143077	0.0294263424	-0.0160204453	0.0671003573	-0.0158389125	-0.0817471165	-0.104643375	0.0386133651	-0.1213760235	0.0457372026	0.0204295307	0.0013625289	0.0182031219	-0.0664854221	-0.105557885	0.0173959253	-0.0329732917	0.052652248	0.0050504466	-0.0390628442	0.0804958445	0.0341554052	-0.049836786	-0.0289741493	0.0557322896	0.1925736815	0.0403549662	-0.0199822829	-0.0874672681	0.0237678865	-0.0146753517	0.1283092694	-0.0757722554	0.0138095297	-0.0830662702	-0.1334449236	0.0165124255	0.0387507132	-0.024935069	0.0109141984	-0.0111753195	0.1214403047	0.0931157703	-0.0405345264	0.0168309502	0.0391711926	0.0908713079	0.0929251205	-0.1030247492	0.0219560326	-0.0882095937	-0.0403089072	0.0069829551	-0.0915247245	-0.0125700673	0.0396343104	-0.1615665895	0.0553921891	-0.0765689172	-0.0393210278	-0.0771847676	0.0242153018	-0.0591499613	-0.0359986982	0.0235656762	-0.0228926211	0.0508268368	0.1515620043	0.0242193182	-0.014463271	-0.1085377631	-0.0978993055	0.095962905	0.0619585194	-0.0050152482	-0.1610395941	0.0756692701	0.1368642951	0.0604380952	-0.0443059248	0.0717576242	-0.0199508867	0.016059624	0.017524899	-0.0295353473	-0.0858446902	0.0825155451	0.1046770434	0.1106495152	-0.0084088503	0.0603277759	-0.0156301572	0.0530155027	0.0175104286	0.123678739	-0.0220723276	-0.041129033	-0.083678102	-0.0653111502	0.0756921092	-0.0183938956	0.0015577138	0.0781285688	0.1334239075	0.0489296558	0.0167649744	0.09250527	0.1807892	-0.0285568361	0.0029986488	-0.0212175063	-0.0863825404	0.0594879552	0.0600273217	-0.0860821319	0.0	0.0032776060867831	0.001519675601699	1.0742701660117628e-05	2.309413934399217e-06	0.1373939409072591	0.0013459335559389	1.8115371370025552e-06	0.0188770949980274	-0.052269716511617	-0.0017080764091729	0.0027321232642048	2.917525019573319e-06	0.0039669231792493	0.0002297803206226	5.2798995745424976e-08	1.5736479510065375e-05	0.0002220340158387	-0.000734909102259	5.400913885831294e-07	4.929910418946009e-08	0.0007730624015534	2.347385022400013e-06	5.976254766955104e-07	5.510216443387909e-12	0.0	0.0	0.0	0.0	0.0	0.0	0.0	0.0	0.0
8350.772279038592	9.085059077749976	82.53829844620722	69735397.6563594	6124.48953049693	38.29230966140949	37509372.0091665	1466.3009792052746	5306.112846527602	0.5075604260846376	0.2576175861272188	28154833.540085256	5131.663497836726	8567.892789039684	1.301081	24.689659	0.0407458683580654	0.024013510128029	0.0514324697	0.0733608329	-0.0498345172	-0.0811989932	0.0375423097	-0.0379564331	-0.0949297285	-0.1593177311	0.1047424242	-0.0259541347	-0.01086157	-0.0841306984	-0.0430100816	-0.0188665889	0.1069941369	-0.0879765152	-0.0409509784	0.0492995564	-0.0968239986	-0.0937291865	-0.0324240529	-0.082714799	-0.0358988258	0.0386668921	-0.062308143	0.0292467074	-0.2161816124	-0.0068629268	0.1284973918	0.0252836013	-0.0513911516	0.0686668451	0.012671972	-0.1334056374	0.012730849	-0.0787169109	0.0326896529	-0.0319660429	-0.0639466429	0.0056448068	0.0051314075	-0.0996133582	-0.0155076889	-0.0628321683	0.0979564113	0.0960016758	-0.0673444602	0.0877303948	-0.0477297782	0.0332386545	-0.0772744213	0.1393332252	-0.0100508575	0.0040666608	-0.0677789887	0.0289111098	0.015233472	-0.0151075577	0.0174964981	0.0876019762	-0.0902300344	-0.0163563254	-0.0215436924	-0.0064985781	0.0284190131	0.0707360124	-0.0181790677	-0.0633461238	-0.0317611422	0.2121590242	-0.1142167362	0.0188421184	0.0915565619	0.010143254	0.0823943962	-0.133932298	0.029866216	0.0451684173	0.045440768	0.0589162045	-0.0956848718	0.0017441616	0.0049679701	-0.0398874048	-0.0254804328	0.089508778	0.002436843	-0.0608705063	0.0120893027	0.0462513622	-0.124638646	-0.0538853608	-0.0416112632	-0.0188853359	-0.0240715976	0.0644791805	-0.0426605318	0.0441038962	0.0823094662	-0.0502886713	0.0087862943	-0.0297499287	0.0298479545	0.0671176197	0.0011920188	-0.2008093398	-0.0320145776	0.0070914396	0.1765227187	0.1543338206	0.043394271	-0.0274828659	-0.0002770913	0.0492157588	0.005178515	-0.0581764973	-0.0559477408	0.0306425446	0.122123186	-0.0175055861	-0.0285861784	-0.0981702884	-0.0245640312	0.1292599567	0.1408508867	0.0205422347	-0.0341038368	0.0497145002	-0.0677855037	-0.0813435957	0.0039698758	-0.033328171	-0.0186983126	0.0833749448	-0.0557010745	0.0316595401	-0.01907411	0.0445352233	0.1507492356	0.0004090001	-0.0032138825	-0.0539893216	-0.0775254106	-0.0381204962	-0.0475601301	0.0409450036	0.0196667013	-0.0203937292	0.083422083	0.0801212109	-0.0342681931	-0.0307268324	0.1420589529	-0.0024329459	0.116223432	0.0602612021	0.117709597	0.0143825326	0.0551950399	-0.0845624047	-0.1220708846	0.0280887424	-0.0230960774	-0.0170537461	0.1035040916	-0.0114246851	0.0632588062	-0.0050636915	-0.0551301129	0.098506853	0.1702014681	0.0059581392	0.0132543462	-0.0281695319	-0.0291221414	-0.0836904061	0.0957251228	0.1631562606	-0.0101727037	0.1221119665	-0.1047089223	0.0344141881	0.1170788121	-0.0430053331	0.035685349	0.2609881713	0.13456047	-0.0519645511	0.1437722529	-0.1267175367	-0.0373428679	-0.0032039007	0.1813317254	-0.0225612856	-0.0851541541	0.0626768518	0.0556274983	-0.0888826032	0.0	0.0047766395141763	0.0014990334273931	2.2816285048390395e-05	2.2471012164422035e-06	0.1156065884320014	-0.0217873524752576	0.0004746887278811	0.0133648832888861	-0.0579108995486166	-0.0056411830369995	0.0033536722865299	3.1822946056932014e-05	0.0039028608162505	-6.40623629988e-05	4.103986352990019e-09	1.523232255102352e-05	0.0003940092759491	0.0001719752601104	2.9575490090039744e-08	1.5524330953393407e-07	0.0007727340362943	-3.283652591000528e-07	5.971178908476806e-07	1.0782374338384481e-13	0.0	0.0	0.0	0.0	0.0	0.0	0.0	0.0	0.0
8367.84179651706	17.069517478466878	291.36842694768626	70020776.33153784	6089.919493869763	-34.5700366271667	37087119.44181495	1195.0874324036472	5313.699280242143	7.586433714540362	57.55397650511468	28235400.040845867	5132.804197865858	8632.638209003513	1.317151	24.994616	0.0651605797091971	0.03542464572693	0.0340560733	-0.009517523	0.0691287049	0.0495020865	0.0429989467	-0.0027986943	-0.0426261593	-0.0916634044	-0.0350361693	-0.0105037905	0.0977473766	0.0070341858	0.0715663912	0.0134567306	0.0643242098	-0.0983179504	-0.0941671362	0.0264751263	-0.0550765796	-0.038264228	-0.012885955	0.0812166713	-0.113125402	0.0261250524	-0.0133833138	0.0161563523	-0.0749323739	-0.0301840088	0.0576027958	-0.0777823313	0.0079495379	-0.0084155306	-0.0326248765	-0.0625426905	-0.013047559	-0.0610709804	0.0336773314	0.0970399422	-0.0126119339	0.0467445958	0.1420091025	-0.0398024205	-0.0076433706	0.0178586743	-0.0567559788	-0.0994473032	0.1243459204	-0.007883245	-0.0091142768	0.0974883908	-0.1104729372	0.0370126105	0.0649889494	-0.0068620961	-0.0121050803	-0.0120287629	0.0509653396	-0.0329003686	-0.0301224737	-0.0460817848	0.0423934505	-0.0194481554	0.0155696486	-0.0402094479	-0.0601450731	0.0254423284	-0.0067461533	0.0337048042	0.0424195426	-0.0592465727	0.0685294608	0.1308123291	0.038040134	-0.1022494006	0.0556861198	0.0207307638	0.1095459345	0.036535699	0.0277442619	-0.0437829253	-0.1290738259	-0.0995184922	0.0476904595	-0.0136707677	-0.0824917176	-0.0771452223	-0.064673983	0.0291762295	-0.0479007825	0.111470263	0.0188038269	-0.1036947534	-0.102427909	-0.0926230535	0.0266594889	0.0013418694	0.0438595585	0.0080604968	-0.0831857448	-0.0418309085	-0.0427547144	-0.0140835301	0.0736356391	-0.0107108217	-0.0978377652	0.0268350384	-0.0246490607	-0.0650085516	0.0742141063	0.0903026231	0.0467876206	0.0583207184	-0.057882797	0.024712704	0.1009178042	-0.1318910343	0.0639631828	0.0235744794	0.0579883963	-0.0016163141	-0.0464875766	-0.0308472516	-0.0883475589	-0.0965397206	-0.0413158044	-0.0284518398	0.0065286527	-0.0365650126	0.0553467315	0.0616188466	-0.0085657559	0.0740239795	-0.0974078047	0.1247110581	-0.0242114083	0.0843957681	-0.0465510704	0.0592542305	-0.006043417	-0.0407683235	-0.0075563347	-0.0650615403	-0.0307902781	-0.0403409557	0.0432778804	0.1112481011	-0.0343314533	0.0349964539	-0.0085724844	0.0035839262	0.0312245388	-0.0730252289	-0.0764225785	0.0372107725	0.0408779865	0.056388758	-0.0903340831	0.0072774554	-0.0558478335	0.0932813818	-0.0751646881	0.0357612985	0.0739014345	-0.0682524554	-0.1232467811	0.0768465103	0.1353059922	-0.0262069141	-0.066643321	0.0409572378	0.0934149298	0.0042960745	-0.0639957191	0.1023255077	-0.0232136023	-0.0846980552	0.0509684281	0.022936703	0.0169198286	0.0193554993	-0.0034884113	0.0767983543	0.0482424072	-0.0855253722	0.0866944864	0.0918432077	-0.0823442807	-0.0301437762	-0.1154072373	-0.0032438918	0.0058933981	0.0457831221	0.1469076991	-0.0239003795	-0.0838550348	0.0657486183	0.051042886	-0.0912218041	0.0	0.0038337218372106	-0.0009429176769656	1.4697423125105417e-05	8.890937455343918e-07	0.136608669982607	0.0210020815506056	0.0004410874294582	0.0186619287144168	-0.0729298178796824	-0.0150189183310658	0.0053187583359636	0.0002255679078352	0.0043818317838716	0.000478970967621	2.294131878238924e-07	1.9200449782147365e-05	0.0004781932475781	8.418397162900001e-05	7.0869410792322786e-09	2.2866878202929005e-07	0.0007719557325332	-7.78303761100039e-07	5.959156529908693e-07	6.057567445424668e-13	0.0	0.0	0.0	0.0	0.0	0.0	0.0	0.0	0.0
8377.811179063843	9.96938254678389	99.38858836411926	70187720.1520471	6126.00048706662	36.08099319685698	37527881.96754047	1301.8380700716398	5314.812317607431	1.1130373652886192	1.238852176528631	28247229.97139168	5138.907783108422	8705.0004346456	1.21136	22.987089	0.0570843158997926	0.0347779763860586	0.0952804343	-0.0390216783	-0.1034405235	0.0515094112	0.0151911037	0.0555274667	-0.0047796332	-0.07913308	-0.0568890903	-0.0759256677	0.0654475693	0.0465104291	-0.0247038625	-0.1550020053	0.1206833707	-0.022855587	-0.0418906373	-0.0546098408	-0.0301992195	-0.0192476836	0.0912036071	-0.0300954939	-0.1188090845	-0.1093954754	-0.0072651701	-0.0223895244	-0.0355248462	0.0456868818	0.0691816877	-0.0842837634	-0.0095336383	-0.0598216943	0.0676105007	0.0451833465	0.0245628881	0.0145186961	0.0094032196	-0.0111306654	-0.0113589799	-0.0295094374	-0.0186380082	0.0294485158	0.0352134177	-0.0790567608	-0.097526471	-0.0071045861	0.0466786346	0.0009556802	-0.0449926963	-0.0720151803	-0.1482918362	-0.1128774561	-0.0894405381	-0.0903872594	-0.0193944342	-0.0511997919	0.012366046	0.1461470107	0.0349614145	0.0070619178	0.1906349358	0.0277425602	-0.0512860664	0.0001759438	0.0183868568	0.001369448	-0.0118708063	0.0892001248	-0.027980361	-0.0057960377	-0.0478177906	0.0930373216	0.0302959271	-0.0579242061	0.0994511735	0.0200523409	-0.0063435956	0.1227178503	-0.0378761775	-0.0943294955	-0.0810373138	-0.0465141327	0.0347515761	-0.0947223427	0.1373874251	0.0323011068	0.0991497034	-0.0090108365	0.1102456187	0.0259403087	-0.0440511388	0.0237053208	-0.0310130732	0.0590487336	0.0503851216	-0.0333171147	-0.00315673	-0.0908085579	0.0320851171	-0.0286131017	0.0043770494	0.1352242883	0.1269013977	0.0529019095	-0.008633884	0.0775100384	-0.0523712202	0.0741179548	0.0717303448	0.0482729548	-0.0627212328	-0.063521915	-0.019714698	0.0336066107	0.0194381286	0.0097911177	0.0141800192	-0.0381145102	0.0064750343	-0.0144930041	0.0035653713	-0.0737687787	0.0258184452	-0.0018718722	0.0518041068	-0.0539482073	0.0085890368	-0.0206010229	0.1148187937	-0.0641624989	-0.0759569001	0.0033833835	-0.039626638	0.0909658293	-0.0802515502	0.0618221447	-0.0363694598	-0.0335504383	-0.0181499291	-0.1113429346	0.1497473554	-0.0168909063	-0.011882206	0.0596664756	0.0837006206	-0.0842564317	-0.0208267783	-0.0247059658	-0.0585603865	0.0087838739	-0.120009902	0.0352350091	-0.083853416	-0.0555056169	0.1081969933	-0.0219258038	0.0078245665	0.0488045837	-0.0199439429	-0.0712400067	-0.0080472521	0.0075018946	0.1020372015	0.0169093565	0.0142402667	0.0180091385	-0.0429760225	-0.1338093606	0.0362753222	0.0773830964	0.0923446063	0.1169478238	-0.0410264103	0.009079121	0.0095003697	0.0609631068	0.102336982	0.0834989564	0.0309734067	0.0489729419	0.0020935131	-0.0363368044	-0.0175171676	0.0191792073	-0.0015203362	0.0186227905	-0.1582555114	0.0355190095	-0.0205464389	-0.0115408737	-0.0017962042	-0.053890637	-0.0802818186	-0.02523451	-0.0824862614	0.0686975141	0.0462887143	-0.0930875949	0.0	0.0052049773454854	0.0013712555082748	2.709178916701624e-05	1.880341668973981e-06	0.1032227030264181	-0.0333859669561889	0.0011146227895997	0.0106549264200801	-0.0675585545331785	0.0053712633465039	0.0045641582906124	2.8850469937496384e-05	0.0041938695784736	-0.0001879622053979	3.532979065807982e-08	1.758854204124633e-05	0.0004328990868802	-4.5294160697900005e-05	2.0515609933271892e-09	1.8740161942171096e-07	0.0006660954968526	-0.0001058602356805	4.4368321092731204e-07	1.1206389498352171e-08	0.0	0.0	0.0	0.0	0.0	0.0	0.0	0.0	0.0
8373.397140857951	-4.414038205892211	19.48373328307613	70113779.6785281	6101.171873329884	-24.82861373673586	37224298.22791169	616.4600600880286	5313.217875912219	-1.5944416952124811	2.5422443194320508	28230284.196913157	5135.263100644563	8786.755016980647	1.2394	23.519201	0.0502413874979414	0.0264153606381782	0.0922249407	0.1160900008	-0.0447695313	-0.0125433734	-0.0448694262	0.0202366348	0.0002416914	-0.0082990341	0.0940704447	0.0371255782	0.0686580872	0.0345696065	-0.1170807557	-0.0589730662	0.0212090399	-0.0169891129	0.0021551124	0.0386131378	0.0226184007	0.1118103014	-0.048163563	-0.0658202169	-0.0667369644	-0.1223024578	0.0059395492	-0.0724291427	-0.0414463218	0.0085382543	-0.0295316305	0.0981656135	-0.0635057944	0.0561957917	0.1357144165	0.0720553241	0.000699865	0.0154256861	0.0366548374	-0.0839214009	0.0150180163	0.0664580883	0.0891693041	-0.0340753963	0.0655072297	-0.1187258372	0.0115114846	0.0702938034	-0.0171879433	-0.0190272489	-0.0244698265	0.083210077	0.0822965996	-0.012245112	0.0953869082	0.0171236246	0.046423217	-0.1204732499	0.152328192	0.0310428524	0.0032435359	-0.0324844963	0.0588774487	0.0372521157	-0.036257937	-0.0557767818	-0.0080097818	0.068892174	-0.0450036387	0.0033535516	-0.1014024676	-0.0387865102	-0.0045820335	0.0211861245	-0.0419678373	0.0297627348	-0.0579321455	-0.104195993	-0.0040590871	-0.0404165674	-0.0134803033	-0.0675679069	-0.0021734291	0.0373810515	0.0494821226	-0.0100688199	0.0468982922	-0.1078820214	0.0852585383	-0.0483488891	0.0079584184	-0.0074295	-0.0112836113	-0.06796207	0.0579422528	-0.0092382129	-0.0393506142	0.0067160345	-0.104274105	0.0695747461	0.046904606	0.0319289871	0.02178232	0.11956987	0.0205930397	0.121243536	0.0162470748	-0.0928596863	-0.0093650471	0.0413569298	-0.013454116	-0.1196790557	-0.0162859068	-0.0209873779	-0.0985781829	-0.0633489705	0.0562720319	-0.0058491268	-0.0218703118	-0.0282523087	0.1151329186	-0.0859378397	0.0028490848	0.0153619612	-0.0356992178	-0.0286718792	-0.0529215525	0.0815999823	-0.0610622066	-0.065148989	0.0509255665	0.0259206475	-0.0134535288	-0.1997276822	0.0589648924	-0.0058712325	-0.0805483395	0.0748056141	0.0855144796	-0.0231377039	0.0909149062	-0.0737492277	0.0229065171	-0.0125482995	-0.0339165656	0.0323307696	-0.0537267871	-0.0333921368	-0.025684357	0.0469935901	0.0498552222	-0.1278796807	0.032622094	0.0007560962	-0.0557955703	-0.1275193783	-0.0801223065	0.009140027	-0.0245378198	-0.0298094005	-0.0150945762	-0.0442154229	-0.0164163653	0.0391629509	0.0501275633	-0.1607438031	0.0711981394	0.0426289375	-0.0779936398	-0.0607419472	-0.0474627682	0.0919653467	0.0636070489	-0.034418042	-0.0532554232	-0.1196581604	0.0002269583	-0.0550230093	0.0433898295	0.1165593883	-0.0018832801	0.0429319784	-0.0503441276	-0.0148488206	-0.0479960512	0.0730595197	-0.115933311	0.0187732944	-0.0385637678	-0.0308937381	0.0379523413	-0.0700439917	0.0272276544	-0.0361781126	-0.0390771227	-0.0265634	-0.0810489711	0.0715180283	0.0413807762	-0.0944702927	0.0	0.0021885280284408	-0.0030164493170446	4.789654931270975e-06	9.098966482298836e-06	0.1028657381998101	-0.000356964826608	1.2742388743528346e-07	0.0105813600953918	-0.0602229975213646	0.0073355570118138	0.0036268094304582	5.381039667357202e-05	0.0040923566745602	-0.0001015129039133	1.0304869660931108e-08	1.674738315181742e-05	0.0008232556209952	0.0003903565341149	1.5237822372627514e-07	6.777498175001924e-07	0.0003673166080315	-0.0002987788888211	1.349214905357666e-07	8.926882440517122e-08	0.0	0.0	0.0	0.0	0.0	0.0	0.0	0.0	0.0
8345.537906010517	-27.85923484743398	776.1369662844799	69648002.9406584	6120.989278309381	19.81740497949704	37466509.7451784	392.7295401213941	5308.101173622517	-5.116702289701607	26.180642321437663	28175938.069412746	5135.409453056228	8656.2390787588	1.231663	23.372377	0.0492233345914312	0.0329136706550044	0.0402159555	0.0350001116	0.0537761559	-0.0495105643	-0.0206593291	-0.0361766877	0.0394251085	-0.091561543	0.0170955884	0.1249725846	-0.0467822744	0.0110319221	-0.2114642939	0.1143757119	-0.0048399052	0.0239857023	0.1293986189	0.0069104937	-0.0342696625	-0.0120057605	-0.0577714549	0.0340812061	0.0356894359	-0.0094579989	0.0595554025	-0.062002692	-0.1005312067	-0.166035862	0.0610965507	-0.0130348024	-0.0018699025	0.1002201042	-0.0054669746	-0.0042979067	-0.0500668499	0.1359224807	0.0096324461	0.0059014265	0.0788655847	-0.0096883853	0.0449577603	-0.0243999914	-0.0348998489	-0.1536864273	0.0125381687	-0.0432034612	0.0306576966	0.0791682853	0.2020652698	0.0621545057	0.0252755775	-0.0462089633	-0.0101806139	-0.0188251694	0.0996852852	-0.0160145645	-0.0011034125	0.1185813482	-0.0583502965	-0.0920557914	-0.1013457544	-0.0825241271	0.0133351811	0.0037314881	-0.1350130751	0.0516071206	0.0113960304	-0.077108692	0.0276530141	0.025132348	0.0068161773	-0.0420613751	0.026370917	0.0964775631	0.0219100384	0.0353254515	-0.096608158	-0.0058646182	-0.0986139745	-0.0142334007	0.0278857471	0.0259454765	0.1302023045	0.0153979035	0.0022875752	0.0202879235	-0.0391712914	0.001925486	-0.054411212	0.0389746486	-0.0526680726	0.0451152744	0.0726203644	0.0238382956	-0.010627814	-0.0104576711	-0.0942676698	0.0357216153	-0.0303161923	0.0611009948	0.0381677643	-0.0981939357	-0.1195928094	0.2108867826	-0.0352769342	-0.0882803527	-0.0270957321	-0.021768742	-0.0217816312	-0.005917082	-0.1208631202	0.0475139218	-0.0405708007	0.0426848517	0.0900250491	0.0052526864	0.0841754783	-0.0539260477	0.0371848025	0.0291398757	0.0249068576	0.0017184709	0.0319278286	-0.0707256323	0.0609328594	0.0056445978	-0.1116921108	-0.1190748734	-0.0859825645	-0.0692743358	0.0356739155	-0.0125178587	0.0335428602	-0.0608258761	0.2657797612	-0.0670348153	0.1318903812	0.0390550881	0.0548512979	-0.1172795542	0.0549738839	0.0061415908	-0.0639999384	-0.0210502274	0.034801706	0.1154569609	0.0077581407	-0.0642880538	-0.1193198221	0.0302132017	-0.0546248249	0.0160951553	-0.0459934417	0.0021733768	0.0655762967	-0.0357406791	0.1296683912	0.0455983061	0.0010757661	-0.0286494214	0.0792361664	0.0169831345	0.0003611815	-0.0566989055	0.0301236512	0.0293085815	0.0092090875	-0.0066957128	-0.0036888186	0.0663563947	0.0674904497	-0.0521881417	-0.0531807152	-0.013763336	-0.0765141863	-0.0709502947	-0.0934084114	0.1044248837	-0.0410057428	-0.025370345	-0.0333356637	-0.145806834	0.0462559605	-0.0647412805	-0.0446103611	-0.1067260953	-0.0355238938	-0.0390566405	-0.0689144792	0.0439918952	0.0333026015	-0.0042120724	-0.0606222173	-0.0278867734	-0.0795443577	0.0742048901	0.0363353752	-0.095362722	0.0	-0.0038202137079537	-0.0060087417363945	1.4594032774437355e-05	3.610497725468919e-05	0.1353378951912134	0.0324721569914032	0.0010544409796743	0.0183163458747878	-0.0580047128376861	0.0022182846836784	0.0033645467113824	4.920786937842608e-06	0.0041168951495766	2.4538475016399643e-05	6.021367561304695e-10	1.6948825672607336e-05	0.0008790751729188	5.581955192360006e-05	3.1158223769514833e-09	7.727731596422182e-07	0.0002771916113724	-9.01249966591e-05	7.683518941522763e-08	8.122515022802786e-09	0.0	0.0	0.0	0.0	0.0	0.0	0.0	0.0	0.0
8327.913602550549	-17.62430345996836	310.6160724490527	69354144.97154646	6047.930921715883	-73.05835659349759	36577468.43384714	5337.523468142653	5308.834906793704	0.733733171186941	0.5383643665000449	28183728.06759132	5131.697970819925	8475.11501616857	1.22544	23.254284	0.0899369290020189	0.0446859386811923	-0.0071609537	-0.0298156488	0.0957088541	-0.0957550934	0.0935225691	-0.040417158	-0.1242004403	-0.0783945553	-0.0252322294	0.0746659887	-0.0642037362	-0.0159483747	-0.0962342112	0.1539196866	-0.0851097749	-0.1788121535	-0.0609437038	0.1089243791	0.0071980988	-0.0656853549	-0.0539227638	0.0624470251	-0.0227730354	-0.0122231499	0.1552358397	-0.0333968795	-0.071011446	0.0272682146	0.0969993023	0.0687675139	-0.0192123405	0.030974665	0.0323618627	0.0252795515	-0.0149527259	-0.0460892928	-0.0743315167	0.0243192926	-0.105714671	0.0045551902	-0.0285613735	0.0625449869	0.1244441625	-0.0049755826	0.0101012386	-0.0251381419	-0.0821549229	0.0357732582	0.0179776282	-0.0629897514	-0.0354927467	-0.0531070543	-0.0489739153	0.1037425709	-0.0502613282	0.1404221409	0.090006366	-0.010327547	0.022940783	-0.004895031	-0.172181275	0.0109284194	-0.0624071497	-0.0474881977	0.0875542024	-0.0645016545	0.13754046	0.0618311224	-0.0173916069	0.0467100406	0.0863939306	-0.11798094	-0.027188058	0.0664076855	-0.1214905858	0.0961318153	-0.0264894461	-0.0553074181	-0.1248132984	-0.0415136256	0.012264237	0.1350436047	-0.0727850735	-0.0748153272	0.0177029453	0.0358767442	0.1554033816	-0.0030750072	-0.0842039445	-0.014924551	0.0936999361	-0.1533133264	-0.0352092164	0.0195238651	0.0072593895	-0.0740643844	0.0014233554	0.0229980555	-0.0697419422	0.1115345948	-0.1071085348	0.0241182781	-0.0867849141	0.0272199715	-0.0290527329	-0.1870827704	-0.0569244844	0.0064476179	0.0563788544	-0.0467920551	-0.1163913462	0.0732046031	0.0622287635	-0.0311370254	-0.0458269887	0.021157569	-0.025711268	-0.0089190263	-0.0588133443	0.0253824456	0.0585258357	-0.0479906893	-0.1140256726	-0.0568702252	0.0557779096	0.180263186	0.0518909195	0.0557824674	0.0229233359	-0.0549964489	-0.0055653921	0.0833830955	0.0417856043	-0.055991098	-0.0136148607	-0.014079903	-0.0863272268	-0.0447151996	-0.0523134309	0.1205711186	0.0003219634	-0.0036787647	-0.0347527289	0.0856073978	-0.1404660633	-0.0056014223	-0.0244168059	-0.0375383237	0.0163823864	0.0648404401	0.0494032586	-0.0382955446	-0.1152841412	0.0108979773	0.0548322873	-0.0852651226	-0.0203096321	-0.0912905164	0.035012407	0.1473756024	0.2224959177	0.0286971904	0.0199208709	-0.0151945647	0.0782309497	0.0276363973	-0.0075713629	0.0276226668	-0.1137081485	0.0330409971	0.0794874847	-0.0125230599	-0.0462976616	0.0898891026	-0.0459623556	-0.0905298132	0.0723184849	0.1258833332	-0.0365580912	-0.0802019847	0.1418405602	-0.0121263163	0.0579680923	0.0595535681	-0.0046783345	-0.0601361489	0.0098934463	0.0025024367	-0.0390996784	-0.0399387201	0.0724816747	-0.0103265284	0.0060435036	-0.0292043556	-0.0779736709	0.0767530781	0.0311692719	-0.0957602511	0.0	0.0009487274506341	0.0047689411585878	9.000837755866787e-07	2.2742799774072744e-05	0.1196281785234845	-0.0157097166677289	0.0002467951977803	0.0143109010968466	-0.0598492503159633	-0.0018445374782771	0.0035819327633828	3.402318508769197e-06	0.0046308115904398	0.0005139164408631	2.641101081894987e-07	2.144441598615159e-05	0.0005352893918646	-0.0003437857810542	1.1818866325504637e-07	2.865347330427733e-07	0.0007717640634035	0.0004945724520311	5.956197695610815e-07	2.446019103080548e-07	0.0	0.0	0.0	0.0	0.0	0.0	0.0	0.0	0.0
8325.050243794201	-2.8633587563472247	8.198823367550325	69306461.56169789	6054.0251168777695	6.094195161886091	36651220.11578689	37.13921467115584	5303.228657071552	-5.606249722151915	31.430035947128427	28124234.18918494	5125.319700429137	8413.409080476635	1.237486	23.482872	0.069084612731152	0.0362515672690968	-0.0104484853	-0.1190776679	0.0255304645	-0.1456191329	-0.0275564641	0.0477728236	-0.047447318	-0.1021304699	-0.0908186923	0.0389887005	-0.0290877728	-0.123406365	-0.0458447608	0.0009039823	0.0060267125	-0.0667691323	-0.0560692933	0.0576700022	0.0480922962	-0.1279364	0.0902643374	0.075460309	0.0626701725	0.0407876608	-0.0305780671	-0.0002807563	-0.1746900291	0.0433505806	-0.0241236904	0.0971075016	0.0299611528	0.0548121495	0.0191178125	-0.0611227105	0.0150365108	-0.0985140409	-0.0547815852	0.0282587925	-0.0922060815	0.0576822751	-0.031978213	0.0431609597	-0.0451072599	0.1673244812	-0.0579636106	-0.05512382	0.0129160027	-0.0396792183	0.0327627275	0.0433999208	-0.0344175468	0.0905095286	0.0062741336	-0.0119881374	-0.0647214324	-0.0344254535	-0.0366581686	0.0514003024	-0.0192930859	-0.1618015862	-0.0137399283	-0.0131115704	-0.0260299471	0.0517058711	0.0174184395	0.090391071	-0.1252921647	0.0833952777	-0.032409633	0.0451361469	-0.027608316	-0.0644058585	-0.0492628744	0.0324004578	0.059250678	0.0237812463	-0.0548985485	0.0008608657	0.1261692698	-0.0270917057	0.0814750069	0.0865251386	-0.1108100543	0.0339820574	-0.0107327672	-0.0883240352	0.0689576094	0.0356069469	-0.0374671067	0.0143594393	0.0004992073	0.0122474793	-0.0751054911	-0.0293580123	-0.0684604038	0.1003233745	-0.0240838012	-0.0877556179	-0.0597617526	0.0252187756	0.0962619814	-0.0035062691	-0.0491227037	-0.0127818051	0.037207874	-0.1344809354	0.0650542404	-0.0644125735	0.1304845063	0.0486980208	0.0498190208	0.0154536708	-0.0425523402	0.0138267132	-0.1211595801	-0.0749763406	-0.0933392384	0.0244239529	-0.0036132999	0.0648911877	-0.0082448989	0.0714825276	0.0050567363	-0.0448559284	-0.0378004146	-0.0169700102	-0.0829672282	0.0730683734	-0.0891222211	0.0360229456	-0.0730360617	0.1241619145	0.0434855476	0.0119985884	-0.0325852466	0.0523606215	0.0034886262	-0.1416101147	-0.0557280584	-0.0597254116	-0.0357750795	-0.0125629187	-0.1324240943	0.0171162576	0.0038578178	-0.0511621725	-0.0253273061	0.0800961346	0.0988435786	-0.0161687253	0.0233009238	-0.0880145971	0.0451171218	-0.1178209667	-0.0665209777	0.019288799	0.1012651416	0.1027434338	-0.0125590534	0.0522932123	-0.0901699137	-0.0506482029	-0.0528721598	0.0233439036	-0.1002800051	-0.1407208207	-0.05095178	-0.0348085434	-0.0355897336	0.030890883	0.0025607199	0.0745556716	-0.0335297975	0.0556481415	0.0509280628	-0.1024450631	0.0213088767	0.1214434842	0.0035033547	-0.0577372129	-0.0933344452	-0.0253107622	0.1022704883	0.0722792938	0.0144388648	0.0137192848	0.0603656429	-0.0443872239	-0.0023719664	0.0017253838	-0.0694599537	0.0360674394	-0.1833059426	-0.0305158728	-0.0763382156	0.0791578303	0.0258996273	-0.0956608172	0.0	-0.0017182882952511	-0.0026670157458852	2.952514665596931e-06	7.112972988799589e-06	0.1118592913512515	-0.0077688871722329	6.0355607894886366e-05	0.0125125010616041	-0.0531432581089745	0.0067059922069887	0.002824205882437	4.497033148019445e-05	0.0044039565365205	-0.0002268550539193	5.1463215488728615e-08	1.9394833175561635e-05	0.0011641107387856	0.000628821346921	3.9541628634354084e-07	1.3551538121559556e-06	0.0009549420146841	0.0001831779512806	9.11914251408928e-07	3.3554161835357894e-08	0.0	0.0	0.0	0.0	0.0	0.0	0.0	0.0	0.0
8335.944903296406	10.894659502204377	118.69360566897213	69487977.43079333	6083.823842518365	29.79872564059588	37012912.54679493	887.9640498035061	5306.460338664505	3.231681592952554	10.443765918228362	28158521.32581941	5132.248032951487	8474.658275841319	1.189172	22.566051	0.0487174874091106	0.0233166130524883	-0.03853012	-0.0479665657	-0.0831038535	-0.1161037605	0.0048096435	0.0096987962	-0.0543672319	-0.0864843611	-0.0359693143	-0.0696206124	-0.1342936047	-0.039792679	0.0209326672	-0.0593670691	0.128877134	-0.0605771042	0.0231688674	-0.0952838395	-0.0002026471	-0.0622357135	0.060602148	-0.1038259903	0.0180044438	0.0862879519	-0.0152167482	0.0350154479	-0.0471570187	0.0478572384	0.0493522516	0.0730666306	-0.0053196256	0.035626721	-0.0221958971	0.0815892896	0.0095129601	-0.0888397722	-0.0065313681	0.1075921752	-0.0005606589	0.0770875705	0.0733781365	-0.0048573025	-0.0614715818	0.0430601447	-0.0900849859	-0.071389213	-0.0429027136	-0.0598542146	0.0620661615	0.0427195525	0.0189673604	-0.0522120828	0.0305756237	0.0003869947	0.0273030955	-0.0173635948	0.0414246181	-0.1714610789	-0.0547737933	0.1036836535	-0.0289254164	-0.0452310472	-0.0148070431	-0.0944752472	0.0864325621	-0.209289082	-0.069787036	-0.0238945616	0.001287938	-0.0606197126	-0.1173732554	-0.084071964	0.0677112867	-0.0090872442	-0.0540798135	-0.0695535831	-0.0994867156	-0.0134143175	0.0315739043	0.0432104495	0.080617914	-0.0647935192	0.1345210142	0.1062765381	0.0782590062	0.1013377958	-0.1607792472	-0.0062387581	0.0138755446	0.0711068863	0.0722550436	-0.1191588466	-0.0468950359	-0.0963819251	0.0337180533	-0.0189840706	-0.0201051879	-0.0526012548	0.0950597273	0.0003873838	-0.0057793073	0.0001052335	0.0133875652	-0.0182899234	0.0572479229	0.0002110711	0.0650059612	0.0219771971	0.030887659	0.1835187428	-0.1211201582	0.0331409688	0.0054000354	0.0415916023	-0.084402236	-0.0984062355	-0.0252185432	0.0195061901	0.0433532491	-0.0484934709	-0.0100982637	0.0526194986	-0.1038821493	-0.1080323348	-0.0624595546	0.0885189721	0.0064346714	-0.0590047475	0.0565928605	-0.0123433851	-0.0471239432	0.0344433379	-0.0965927285	-0.0751061052	-0.0300664961	0.0338219623	0.0265436693	0.0811793885	-0.0264519971	-0.0082524874	-0.0402266455	0.0223100437	0.1481922774	-0.0532333436	-0.1046329536	-0.0021252772	0.041057922	-0.1773788483	0.0490157476	-0.0164071443	0.0035846321	0.1541040265	0.1508853467	-0.0092690933	-0.0037036541	-0.0321265059	0.0256686003	0.1237228249	-0.0165731027	-0.0342248513	-0.0040428341	-0.0941197405	0.010592124	0.0447259633	-0.0294325847	0.0078018056	0.0479520437	0.1266151191	-0.0072754087	0.0029542046	0.0352985358	0.0708463546	0.0417321129	-0.0586659742	0.0091105414	-0.0142079536	-0.002019458	0.0789757911	-0.0045204306	-0.0637807496	0.050062107	0.0017792894	0.0071911521	0.0588056954	0.0969232294	-0.0192265833	-0.0883251214	0.0353828771	-0.030295379	-0.0330340954	-0.028295214	-0.108330499	0.0472297473	-0.0318210527	-0.07463935	0.0814146528	0.0205439468	-0.0950649363	0.0	0.0038997763681578	0.0056180646634089	1.520825572164204e-05	3.156265056224375e-05	0.1186656538554444	0.0068063625041929	4.6326570538483126e-05	0.0140815374049401	-0.0607185272406383	-0.0075752691316638	0.0036867395502721	5.738470241713843e-05	0.0047690028616625	0.000365046325142	1.3325881949967884e-07	2.274338829454511e-05	0.0010189362403711	-0.0001451744984145	2.1075634989901685e-08	1.038231061941592e-06	0.0010190770133245	6.413499864040006e-05	1.0385179590863833e-06	4.113298050604118e-09	0.0	0.0	0.0	0.0	0.0	0.0	0.0	0.0	0.0
8343.817310142871	7.87240684646531	61.97478955627389	69619287.30503982	6057.646536604089	-26.17730591427608	36695081.56243152	685.2513449295932	5305.42051087614	-1.0398277883650735	1.0812418294562	28147486.79722524	5126.116040529486	8553.492776256497	1.142802	21.686129	0.0279967305506571	0.0147982881994026	-0.0484201868	0.0777907944	-0.0045515545	-0.0792963423	-0.0003583227	0.0036284377	-0.0195023447	-0.0466214758	0.095172455	0.0162963954	-0.044869249	-0.0806922213	0.0343292606	0.0365471098	0.0176361618	0.0073975359	0.0342309288	-0.0452748715	0.0379746415	0.0929653995	-0.0641488896	-0.0634941486	0.0710779561	0.0531821121	-0.0548686446	-0.0902000009	-0.0869524084	0.0623398423	0.0309635907	0.020772468	0.0443878074	-0.0437086844	-0.0241312967	0.0537174948	0.0153559317	0.0605457952	0.0429251314	0.0045975242	-0.125051434	-0.017188332	-0.0496825948	0.0420685132	0.1205170327	0.101589638	-0.0131764815	0.0080161002	0.0631636216	0.1581532806	0.0609106962	-0.0227882628	-0.0183723164	0.0669778794	0.0285000727	-0.0176143477	0.0313556031	-0.0785472453	-0.1264335629	-0.0992600167	-0.0593788237	-0.0034821153	-0.0161546789	0.0294794902	0.054836483	-0.0019183968	-0.013673936	-0.0634165567	0.1108360528	-0.0046436153	-0.0567799164	-0.147352531	0.0844410482	-0.007709358	-0.0173161264	-0.0452266806	-0.0586128439	0.0238831475	-0.1205206764	0.1968040661	0.0361937994	-0.0001034458	-0.0044700689	0.0463647218	0.019460509	0.0751191811	0.1185139121	0.0852211709	0.0287394752	0.0859894204	0.0515351509	0.0744544136	0.0193156846	-0.0018391871	0.1615659842	0.0386529894	-0.0167984872	-0.1260407659	-0.0852889069	0.0886941968	0.0602810794	-0.03907616	0.0597670838	-0.0376586213	-0.0863731045	-0.0430894928	0.0037409494	-0.0114262336	0.0512153372	0.0135772787	0.1134653282	-0.0768255192	0.0052142686	0.0007022585	0.061875693	0.0185965616	0.0424807503	0.0105911343	-0.0634035329	0.0287440172	-0.0053970676	-0.0492879979	0.1284511033	0.0325189899	0.0532435518	-0.1439807327	-0.0053395673	0.0023642745	0.0129220136	-0.0207672398	-0.0932578667	-0.1082699809	0.008912372	0.0499328355	-0.0223866426	0.0677474747	-0.0861794487	0.0958273948	0.0146086914	-0.0652896576	-0.0346706826	0.1283562571	-0.1110608051	0.0095173449	-0.1663504148	-0.1231593491	0.0591705439	-0.0293494327	0.0361724635	-0.0993045476	-0.0610381021	-0.0200293235	-0.0201561449	0.1559171111	-0.0948788311	0.0740604869	-0.04202644	-0.0335521002	-0.0482663588	0.0923788946	0.0357102672	0.0510271871	0.0551299975	-0.1182874329	0.0377368534	-0.0559514162	0.077190684	0.0425522304	-0.0952479289	-0.0081940298	0.029978898	-0.0146696745	0.0595475377	-0.0593176937	0.0643874996	-0.0484021848	-0.0742446656	-0.0419338471	-0.0206404536	0.0662940357	-0.0149352293	-0.08889432	-0.0515977932	-0.0246404611	0.0129998657	0.0622382337	-0.0192263719	0.0446599944	0.0472858864	-0.0354193589	0.0015472241	-0.0204289764	0.0205691289	-0.0419598067	-0.0751794135	-0.0331196242	-0.0728784856	0.0835193281	0.0151200214	-0.0939757006	0.0	0.0049674639254959	0.001067687557338	2.467569785110313e-05	1.1399567200945975e-06	0.1249188834888173	0.0062532296333728	3.910288084769291e-05	0.0156047274520927	-0.0632689263065344	-0.002550399065896	0.0040029570359816	6.504535395323679e-06	0.00498543073119	0.0002164278695275	4.6841022708212694e-08	2.485451957549366e-05	0.0011640445670648	0.0001451083266937	2.1056426475845567e-08	1.3549997541130775e-06	0.0010181049236647	-9.720896598001093e-07	1.0365376355903049e-06	9.449583066902922e-13	0.0	0.0	0.0	0.0	0.0	0.0	0.0	0.0	0.0
8348.240261228537	4.4229510856657726	19.562496306192035	69693115.4591971	6109.64284109239	51.996304488300666	37327735.64571149	2703.615680440076	5309.889496973797	4.4689860976568525	19.97183674105022	28194926.47007264	5136.000868669367	8547.939117902191	1.150524	21.832661	0.0336830899113889	0.0183155214480361	-0.001968937	-0.0186889712	0.0880269916	-0.0314639641	0.0249358331	-0.0483033392	0.0076160042	-0.0159342831	-0.0289771014	0.0367389384	0.00936153	-0.0279642096	0.0806060661	0.0863089897	0.0464864459	0.0144888581	-0.0085513357	-0.0611157223	-0.0690345027	-0.0405191897	-0.0363390234	0.0899627655	-0.0126273567	0.0435012074	-0.05226865	0.0248264597	0.0149688254	-0.0653461522	-0.0268656526	-0.0126528802	0.048514593	-0.0416870515	-0.0019532321	-0.0533749238	-0.030722253	-0.0523463721	-0.0877839412	0.1180455083	-0.0291720889	-0.0963625044	-0.0079024088	-0.0072634907	0.0634157049	0.1703024924	-0.0568479515	0.0239803321	0.0713456583	-0.0882431437	0.0434596473	-0.0246512622	0.019689102	-0.0513517281	-0.0657336562	-0.0019381901	0.1019098357	0.0529661275	-0.122068105	-0.0528134197	0.0387687339	0.1381309961	0.046853357	0.0610778428	-0.0283298302	-0.1144612647	0.0285348054	-0.0195712022	0.0491479385	0.1291028676	-0.0227996753	-0.0094600415	-0.0287888798	0.0619024719	0.0279221367	0.0748947382	-0.0409941218	0.016552134	0.0107415716	-0.0316745488	-0.0655377639	0.0419196797	-0.0555464687	-0.1065147979	-0.0342278402	-0.0933769889	-0.0526513999	-0.1032352848	-0.0829330977	0.0552918857	0.0073996483	-0.032461931	0.0856696975	-0.0397065628	-0.0419094085	0.0091543857	0.0027139462	0.1714066944	-0.1237720441	0.0318142957	-0.0804896873	-0.01828157	0.0074666435	-0.0426468395	0.0348507663	-0.0450114469	-0.0980999175	0.0783897276	0.0620062918	-0.0863819216	-0.0183495301	0.0672607937	0.0019451643	0.0495131659	-0.0743430435	0.004622161	-0.0640237804	-0.0664746664	0.0873104374	0.1176258147	-0.0754082365	-0.0210580948	0.1214962043	0.0362883215	0.1120754232	0.0562401716	-0.0615442637	0.0130012135	0.1129198163	0.0571719904	0.0475569458	-0.0533387975	-0.0634381457	0.0452284073	-0.1615957342	0.0256037592	0.0092943024	0.0161642476	0.0327040302	0.0259253344	0.0265056204	0.0761065026	0.0240843295	-0.0298410513	-0.004728753	0.0692835408	0.0321796037	-0.0120254368	-0.0385933217	0.0523254176	-0.0025719605	-0.0083694504	0.0754025579	-0.0936832668	0.0415711148	0.1099703752	-0.0249081862	-0.1041403223	-0.040580362	0.0220225543	-0.0327600982	0.0220600496	-0.0055615498	0.0552543039	0.0398939506	-0.0288403355	-0.0656353317	0.0230863584	-0.072512642	0.076856798	-0.0701206336	-0.0063985849	-0.0303212838	-0.0319364393	-0.0225691097	0.0528320768	-0.0308788041	-0.0730255958	-0.0666987106	0.0200832242	-0.0043090942	0.0244062579	-0.0172133497	-0.0196727228	-0.0031591532	0.0616698295	0.1350949121	0.0349404696	-0.0908860813	-0.0562736705	-0.0306218501	0.0228031213	-0.0379823655	0.016166978	0.0486615346	-0.0344113177	-0.0710570848	0.0854679228	0.0096458687	-0.0923987632	0.0	0.0031570144166437	-0.0018104495088521	9.966740026896162e-06	3.2777274241031707e-06	0.1242420682176117	-0.0006768152712055	4.580789113371057e-07	0.0154360915149896	-0.0584344494214832	0.0048344768850511	0.0034145848791918	2.337216675209432e-05	0.0048751945551531	-0.0001102361760369	1.2152014507238406e-08	2.376752195059443e-05	0.0014792391223208	0.000315194555256	9.934760766302765e-08	2.188148381004411e-06	0.0011199011572974	0.0001017962336326	1.2541786021160557e-06	1.0362473181803225e-08	0.0	0.0	0.0	0.0	0.0	0.0	0.0	0.0	0.0
8358.18310655262	9.942845324083464	98.8601731386484	69859224.8426616	6088.10440017928	-21.538440913110207	37065015.18748231	463.90443696753965	5310.311450977674	0.4219540038775449	0.1780451813882911	28199407.70638461	5130.555703662774	8655.048745394202	1.318285	25.01613	0.0546083553134647	0.0255902694075385	-0.0050713414	-0.1037573462	-0.0591341205	0.0121508869	-0.0696024528	-0.0119483001	0.0345923634	0.0296198984	-0.1278555548	-0.0650616988	0.0152509116	-0.0050870455	0.056065453	-0.0023295991	0.0399030386	0.0387787225	0.0124845574	-0.0456429738	0.0697074973	0.1195833099	0.1050033781	0.020447609	0.0004066596	0.0222643336	-0.0583033098	-0.0110423669	0.0521844672	-0.0252347895	-0.0562885667	-0.0262155711	-0.0152351342	-0.0543261351	0.0600525391	-0.0086913759	-0.0214824053	0.0299441014	0.0271764538	0.1008620318	0.0367004629	-0.018037141	-0.018737316	-0.0642089319	-0.0111551894	-0.0266398722	0.0639045209	0.0447381252	0.0028588541	-0.01727462	0.0002047213	-0.0264076906	0.1188898171	0.0019227131	-0.1051759191	-0.189342525	0.0799807917	-0.0980325757	-0.1706880655	-0.0946141655	0.0331617732	-0.032805961	0.0237614797	-0.01541219	0.1085581249	-0.0146408928	-0.125969525	-0.0026816362	0.0358828727	-0.0737808606	-0.0515888425	0.0303414785	-0.0382285921	-0.0702568776	0.0525626786	-0.1439904949	-0.0218645502	0.019966867	0.0706924795	-0.1221943909	0.1016143567	0.0118769365	-0.0609316819	-0.0056727939	0.1248541796	-0.0563336744	-0.1031041263	0.0486958806	0.0656420871	0.049051114	0.0293398726	0.0740354449	-0.0071989098	0.0371805077	-0.0466946998	-0.0095660461	-0.0154707558	-0.0493332362	0.0715490349	-0.1095818925	-0.0022471277	-0.0082494186	0.0321800106	-0.0100314195	0.0446144471	-0.0310788428	0.0448441781	0.1198228337	0.0725648179	0.0511844336	0.0626116624	-0.1030801117	0.0258666905	-0.042446555	-0.0544802385	-0.0551177794	0.058782802	-0.0707142337	0.1056073321	0.0676160341	-0.0248984505	0.0390203996	-0.0122990671	0.0397873464	0.1094320306	-0.0285845051	0.0420513504	-0.0972672355	0.0505108913	0.0214021515	-0.0852079246	-0.0285287855	-0.1309674274	-0.0978023639	0.0044899439	-0.0053410454	-0.0260441578	-0.0187548788	0.0211069188	0.0450918689	0.0126988214	-0.0163416483	0.0720700417	0.1099806204	0.0581098304	-0.1429619166	0.0248235819	0.005521274	0.0016249179	-0.0209430697	0.0284664328	-0.0397412261	0.0119577426	-0.0430509636	-0.0132701138	0.1077490445	0.0168897722	0.0667603465	0.0622143691	-0.0466949722	0.0448486512	-0.0394388712	-0.0895378837	-0.1962053764	0.0192201223	0.0572128026	0.0930680841	0.0289918959	0.0875449342	-0.1155154777	0.0256415307	-0.0113319319	-0.0681338051	0.0923860044	0.0455872118	0.0139794368	0.0213727969	0.0360811967	-0.106103656	0.0194122248	0.0195832674	0.0537789795	-0.078390234	-0.0393021436	-0.0334017595	0.1005356829	-0.0225531376	0.0898215489	-4.84891e-05	-0.0226957654	-0.0090574253	0.059961589	0.1374760593	0.0126128842	0.0258330565	-0.0356958649	-0.0691766606	0.0872567955	0.0041396735	-0.0903423075	0.0	0.0012603374526349	-0.0018966769640088	1.588450494514229e-06	3.597383505801639e-06	0.1404987803054496	0.0162567120878378	0.0002642806879068	0.0197399072673189	-0.0693027427714412	-0.010868293349958	0.0048028701556445	0.0001181198003407	0.0046579942553427	-0.0002172002998104	4.7175970237727786e-08	2.169691048280559e-05	0.0016269555904073	0.0001477164680864	2.1820154943949943e-08	2.6469844931575657e-06	0.0012667178476337	0.0001468166903363	1.604574105513754e-06	2.1555140561305065e-08	0.0	0.0	0.0	0.0	0.0	0.0	0.0	0.0	0.0
8362.431687525808	4.248580973187927	18.050440285734474	69930263.72853574	6116.574382573218	28.469982393938157	37412482.17755094	810.5398975111484	5313.272368114343	2.9609171366691958	8.767030290221307	28230863.2577674	5134.836159092426	8654.593389421309	1.276433	24.221931	0.0293693906056188	0.0148125099417365	-0.0277381675	0.0400052802	-0.060008582	0.0339278808	0.0822772362	-0.0089146095	0.0264900016	0.0414555157	0.1035716239	-0.0732146679	-0.0199748137	0.0131851457	-0.0286418785	0.1044738561	-0.0224890397	-0.0385369908	0.0440178453	0.0443465264	-0.1053967495	-0.0354110287	-0.0290497743	-0.0499356478	-0.0437888029	0.091517368	0.044171264	-0.0554718011	0.1100698212	0.0457717201	0.0077351765	-0.0900144052	0.0248872664	0.0780686758	-0.0040230033	-0.0247255323	-0.0833416352	0.0577784869	0.0339866585	0.1077054971	-0.0712923732	0.059299755	0.023932521	-0.0014865435	-0.0385762379	0.0409215927	-0.0326942671	0.0729561462	-0.0089799265	-0.0601836586	-0.1407949277	-0.1022823864	0.0101550989	0.0374136745	-0.0433467563	-0.093913714	-0.0281477719	-0.0070253889	0.0266395478	0.0052733556	-0.0356727141	0.0534253289	0.0204252754	0.0426968267	-0.0495974485	0.0311661041	0.0839416929	0.1151804014	0.0772340379	-0.1587297933	-0.0533368353	0.0407239987	0.0438719932	-0.0097236905	-0.053251455	0.0824581559	-0.03860044	0.0523471791	-0.0606352719	-0.000669278	-0.062526341	0.0009409952	-0.0114654278	-0.0742053108	0.122676651	-0.0465746509	0.0996154048	0.0274083188	-0.0115484461	0.1075138783	0.033416473	0.0233770603	-0.0355719707	0.0245389322	-0.0255570064	-0.0894219574	0.0063910485	-0.0290555024	0.0231392847	0.0223812133	0.0884908181	-0.0822130705	-0.0915584383	-0.0775226902	-0.1045354588	0.0571393994	-0.058417521	0.0144757167	-0.057322942	0.048922708	-0.1018657821	0.0553309909	0.0253740186	-0.0486646064	0.0320835099	4.26147e-05	0.0985133832	-0.1421728749	-0.0428078481	0.0494809465	-0.0261463379	0.0238377195	0.0145321226	-0.0259728931	0.0454465751	0.0989341531	-0.036469359	-0.0658223516	-0.0177070602	0.0671874153	0.035196377	-0.0557738532	0.0051404888	-0.0733357926	-0.0649077187	-0.059577798	-0.0203259802	0.0209186181	-0.1677613134	-0.1280847365	-0.0126254283	-0.0630607873	0.0093116449	0.0384211711	-0.0142592894	-0.0128681653	-0.0360845875	0.0688797053	-0.0127699231	-0.0277926354	0.0764871293	-0.0064223463	-0.1210735518	-0.0115018456	-0.0686876192	0.035637612	-0.1055533304	-0.0399015942	0.0717774613	0.012613858	0.0661706673	-0.0272021207	0.0297118974	0.0715064187	0.0929526652	0.0027884161	0.0677631163	-0.007598807	-0.0744588091	-0.0325385379	-0.0076668053	-0.0260720844	-0.0185578367	-0.0326790215	0.0898738326	-0.0200854766	-0.120097153	0.1165416008	-0.0241173666	-0.0108650921	-0.0452492228	0.0572084949	-0.024722955	-0.0040778511	0.0300526878	-0.0305168946	0.047957834	0.0972334674	0.0357098471	-0.0518413455	-0.1229775374	0.0035721982	-0.003271802	0.1698158649	-0.0606759083	-0.0369729991	-0.067238775	0.0888826032	-0.0013802733	-0.0878170061	0.0	-0.0013049099685389	-0.0025652474211738	1.7027900259921932e-06	6.5804943318388335e-06	0.1297729019741922	-0.0107258783312574	0.0001150444659769	0.0168410060868032	-0.0761773380992139	-0.0068745953277726	0.0058029868398819	4.726006092063417e-05	0.0046270853633667	-3.090889197599964e-05	9.553596031840146e-10	2.1409918959882343e-05	0.0014794256096801	-0.0001475299807271	2.1765095213367987e-08	2.1887001345773357e-06	0.0012610833298286	-5.634517805100034e-06	1.5903311647715896e-06	3.1747790895989306e-11	0.0	0.0	0.0	0.0	0.0	0.0	0.0	0.0	0.0
8368.60081475806	6.169127232251412	38.05813080770597	70033479.59676926	6113.247777682632	-3.326604890586168	37371798.391341634	11.06630009807181	5315.288957502714	2.0165893883704484	4.066632761288299	28252296.70175029	5139.516276981175	8670.67319430335	1.341209	25.451147	0.1133899671969926	0.050150810629806	0.0518808646	-0.0156335341	0.0707503168	0.052681361	0.0277074594	0.0252793925	0.0875599092	0.1544042357	0.0183364901	0.0041219516	0.0782587612	-0.0384982952	0.0411780604	-0.0076979162	-0.0385808529	0.0106814341	-0.1954964016	0.0258163515	-0.0058433243	0.0521523459	-0.0173056358	0.0668066698	-0.0717068032	-0.0959930825	-0.0697338804	0.0005397778	0.1491063036	0.0446940224	0.0733933052	-0.047729311	0.023058891	0.1175189557	-0.0817014788	-0.069540906	-0.0450478793	-0.0378438452	-0.0414633228	0.0559445689	0.1045888645	-0.0878522387	-0.0060252516	0.0665129909	-0.0225022892	0.0564748338	0.0296538265	0.0026205333	-0.0930289177	-0.1364470172	-0.0457035431	-0.020877418	0.0332965054	-0.0296745793	-0.0008544859	-0.0376411758	-0.0456335993	0.0588948913	0.0709598513	-0.0019682073	-0.0117136306	-0.0042889963	-0.059661058	0.0431048372	0.0763746957	0.0217040005	0.0224693399	-0.0771167321	0.0123682637	-0.0258376402	0.0769245223	0.0709706018	0.0060363849	-0.0398142378	-0.0521515928	-0.1765547247	-0.0049249524	-0.0997116199	-0.060074487	-0.0951993465	-0.0491031134	0.0332587126	-0.0330447569	0.0073284129	0.060832587	-0.1010907145	-0.0104411726	-0.1132485309	0.0276000212	-0.0919017911	-0.067112846	-0.0162313469	-0.0213093522	-0.0090963581	-0.12431599	-0.1227761965	0.0451513427	-0.1057853317	0.0065547776	0.0268432156	-0.060577977	-0.0599161564	0.0088471076	0.0476999439	0.0795012228	-0.0939472891	-0.1857887217	-0.0062837242	-0.0610073316	0.0033661072	-0.1459445813	0.0022607926	-0.0239713881	-0.0074286204	0.0027134785	-0.0491490242	-0.0891524443	-0.0503454398	0.0719011819	0.0081528238	-0.0683587199	0.0587807128	-0.0453464694	0.0062172084	-0.0172820346	-0.0143606879	-0.0498634795	0.0074766875	0.0667401588	0.0910122402	0.0378130094	-0.0058503339	0.0329824204	0.0385308588	0.1046929573	-0.0603944044	0.0886168781	-0.0341955184	-0.0811122891	0.0872472058	-0.068093333	-0.0729383013	0.0013941783	0.0304866133	0.0984852825	-0.0521508247	-0.0148104819	0.0470093263	0.0021984397	0.0042973448	0.0755336389	0.0380786626	-0.0003735111	-0.0365466463	0.0629499279	0.0051476364	0.0305473708	-0.042123097	-0.1065258389	-0.0821145773	0.0281271713	-0.1330399452	0.0439381751	0.0108543358	-0.0365528458	-0.089853887	0.0955687401	-0.0092763499	0.0656199882	-0.070831616	-0.1331123535	0.0121198308	-0.1538173083	-0.0070652861	-0.1089195039	0.0094280986	-0.0365066036	-0.000671974	0.0915554323	-0.0281426965	0.0396413811	0.0557958952	0.0227377854	0.0394800627	-0.0582342872	-0.0359169366	0.0643512778	0.0583913794	-0.1060876076	-0.094869155	-0.0906806773	0.029519378	-0.012593456	0.1116755704	-0.0265629972	-0.038242455	-0.0652450377	0.0903423075	-0.006895635	-0.0848359644	0.0	-0.018956199096479	-0.01765128912794	0.0003593374841853	0.0003115680078781	0.1180419861301658	-0.0117309158440263	0.0001376143865396	0.0139339104895542	-0.0614703759595727	0.0147069621396411	0.0037786071206112	0.0002162947353768	0.0044181980210729	-0.0002088873422937	4.3633921770567045e-08	1.9520473753412493e-05	0.0021602036835655	0.0006807780738854	4.634587858831153e-07	4.666479954489955e-06	0.0007647327443001	-0.0004963505855285	5.848161702047622e-07	2.463639037544848e-07	0.0	0.0	0.0	0.0	0.0	0.0	0.0	0.0	0.0
8365.031170467908	-3.5696442901517003	12.742360358212636	69973746.4828997	6131.028774280453	17.780996597821286	37589513.83105488	316.16384001173213	5313.243513566001	-2.045443936713127	4.183840898236496	28230556.63445118	5136.753950839064	8742.283830215252	1.168029	22.164841	0.0519420540519303	0.0295685374379197	0.0423291311	-0.0507208422	-0.0695752286	0.0245332655	-0.0327062244	0.0614476811	0.1292808967	0.1989956612	-0.0019655449	-0.0516185075	0.0504920235	0.0143928814	-0.0420446575	-0.0535229926	0.0354248868	0.0437227354	-0.0661574029	-0.0360759088	0.1307209673	0.0019084253	0.0625427848	-0.0485116331	0.021784112	-0.1010753215	-0.0978487668	-0.0380692338	0.1470242987	0.0131450097	-0.0168567338	0.0351751644	0.0344440513	-0.0370785707	0.1689666118	-0.014710507	0.067090282	-0.0228985551	0.0736786044	-0.006677045	0.042049042	-0.0941372981	0.0599511098	0.1252387992	0.0239368964	-0.0701057085	-0.0767157252	-0.0207914516	0.0431218592	0.0693114598	-0.0717273838	0.0955840028	0.0182043667	0.0670739183	-0.119233074	-0.1678299853	-0.0410515039	-0.0039548719	-0.0410251637	-0.0764464059	0.0791770659	-0.0294967673	-0.0731118752	0.0148762003	0.0040609654	0.0955251203	-0.0877891159	0.0042063176	-0.0322807562	-0.0450142003	0.1048496024	-0.0060555743	0.0569067534	0.0798016466	0.0514209744	0.0505345784	-0.0417230082	-0.0741399508	-0.0621503548	-0.0141010653	0.039803347	0.0067280321	0.048049632	0.0403837541	-0.0941997488	0.0950504841	-0.0222164613	0.023662158	0.0210871715	0.0956017727	0.0280253385	-0.1189751988	0.0355241179	0.1150625916	-0.097946778	0.0603477745	0.0071316086	-0.0277820953	-0.0628787863	-0.0535170924	0.0439111538	-0.0071068815	0.0297384276	0.0242445243	0.1031249958	-0.0219870473	0.0184851416	0.0157857717	0.0825495786	0.0584735639	-0.1401434763	-0.1275041287	-0.0543057685	-0.0775282253	0.113631356	-0.1087876036	-0.045669154	0.0097121924	0.0802607504	-0.1574380996	0.0225108948	-0.0984850539	-0.0366104478	-0.1373957862	-0.0343023423	-0.0262994948	-0.0881583376	-0.0614133891	-0.0749499019	0.0281559388	0.0022221848	-0.0767009165	-0.1095142957	-0.0220826471	-0.0817765825	0.0021159441	-0.009490503	0.0360732024	0.0007814414	0.0437435633	-0.0320208828	0.0679604671	-0.0161823671	0.0386825721	0.0043348063	-0.1158860131	0.0175661844	-0.0059602258	0.0809848877	0.0963196476	-0.0687858279	0.0282784784	0.049614377	-0.0908323557	0.0176357563	-0.0241009987	0.0590773582	0.0914457283	-0.0298907026	0.0822259817	-0.0523223868	0.0455887704	-0.0043089144	-0.0084924019	-0.0790332882	0.0717548163	0.1297589668	-0.1032714574	0.0072032778	0.0060673469	0.0064831084	0.0082783588	-0.1942872786	0.086990609	-0.0510194383	-0.1174017378	0.0165114581	0.0361230711	0.0443215856	0.0090211448	0.0672366024	0.1014163632	0.0567762426	0.0008385274	-0.1199399723	-0.050121448	0.0176472039	0.0150429902	-0.0953186421	-0.1003379651	-0.0368014045	0.0336021382	0.0806519676	0.0108860093	0.0160810272	-0.0395039689	-0.0631971047	0.0916331806	-0.0123880901	-0.0814146528	0.0	-0.018048429867747	0.0009077692287319	0.0003257458206909	8.240449726326862e-07	0.1283855964039162	0.0103436102737504	0.0001069902734952	0.0164828613639892	-0.0665467379789106	-0.0050763620193379	0.0044284683356337	2.5769451351376365e-05	0.0042991245975602	-0.0001190734235127	1.4178480187034942e-08	1.848247230534715e-05	0.0026619671971424	0.0005017635135768	2.517666235570358e-07	7.0860693586621644e-06	0.0006732834307875	-9.144931351260006e-05	4.5331057817298637e-07	8.362976941925816e-09	0.0	0.0	0.0	0.0	0.0	0.0	0.0	0.0	0.0
8353.506422165572	-11.524748302335864	132.8198234321934	69781069.54516146	6105.707941159681	-25.32083312077248	37279669.462740384	641.1445899300085	5311.680005964958	-1.5635076010430566	2.444556018519414	28213944.485767893	5133.756697096965	8673.616962921373	1.217343	23.100639	0.0599966113524811	0.0291936193357421	-0.0159872154	0.074694619	-0.0110598655	-0.0482782373	-0.057436068	0.0388061816	0.097302067	0.1519077475	0.0710910743	0.0747949992	0.005659429	0.032726781	-0.0311828127	-0.0685763663	-0.0110329149	0.0422751976	-0.0234405096	0.03514744	-0.0108356589	0.155403418	-0.0772133414	-0.0153060306	0.0667156672	-0.1113676796	-0.0530713368	-0.0659207415	0.0939515135	0.0019775987	-0.0995517712	0.0576914873	-0.0398047025	0.0459603586	-0.0259196919	0.0594199425	0.1281068573	0.0539788445	0.0568061765	0.0096418455	0.0143152022	-0.0380054671	0.0517089094	0.1251231969	-0.033949667	0.1083449125	0.0959483657	0.0095965845	0.0911583984	0.0716801678	0.0657669791	-0.0517205339	-0.0075198344	-0.0654752265	0.0138851797	0.0954767037	-0.1001519518	-0.0044273466	-0.0782651656	0.0447433095	-0.0393947307	-0.1285456924	-0.0858679674	-0.0802353158	0.0040109453	-0.0925361648	-0.0411898271	0.0496682712	-0.0413273378	0.0990362527	0.1519428311	-0.0544686057	0.0410931398	0.1365792357	-0.0107859024	-0.0026869913	0.0977441417	-0.0337108176	-0.0040278452	-0.0229110909	0.0805300718	-0.0995735702	0.0217299387	-0.0426463635	0.0399739232	0.1254828738	0.073231701	0.0029546376	-0.016276176	-0.1109608748	-0.047293742	0.0328644679	-0.1750815881	-0.0647319949	0.0330274565	0.004896057	-0.0514029885	-0.036717666	0.0844332962	0.0818283583	0.0212454562	0.0188605293	0.0705040089	0.0296263302	-0.0202879683	0.017097411	0.0486492471	-0.0517085721	0.017345952	0.1019943416	-0.1533597233	-0.143526361	0.0436846058	-0.0594944655	-0.026273605	0.0362553299	-0.0368713992	0.0150605405	-0.0194167872	0.0343386269	0.0577930282	-0.1045447806	0.0775250353	0.065897598	-0.0457105717	-0.1241240348	-0.09966732	-0.1116283421	-0.0369709238	0.0387037314	0.0112262443	-0.0624536666	0.1470722612	0.1629104903	0.043212553	0.0006793551	0.063573021	-0.1322740213	0.0430862085	-0.0471937976	0.0177541654	-0.0103652479	-0.0482444462	-0.1051272268	0.0238500601	-0.0142599618	0.0917437763	0.0980369049	-0.0736722314	-0.0096454416	-0.1455772728	-0.0069267819	0.1424857064	0.0634986425	-0.0518899311	-0.0858700552	0.0738689711	-0.0295001924	0.0205174906	0.0065321717	-0.0428750545	-0.1510113479	-0.0110285886	0.0906891554	0.0235060738	0.0230559542	-0.1417525662	0.0565003155	0.0492991409	0.0169001704	-0.0001332779	-0.021693463	-0.1304284038	-0.059794834	-0.0002647902	-0.1347795026	-0.0179230176	-0.0512922362	0.0480828789	0.0098724138	-0.0009586365	0.0126215515	-0.0103388881	-0.0017195857	-0.109832796	0.0247380223	-0.1228056216	-0.0049219674	0.0212172354	-0.0833123049	-0.0412606114	-0.1036082049	0.0707201827	-0.014356511	0.0207955279	-0.040757279	-0.0610966773	0.0927528101	-0.0178393932	-0.077570827	0.0	-0.0152704944592443	0.0027779354085027	0.0002331880010298	7.716925133813068e-06	0.1178567751831565	-0.0105288212207596	0.0001108560762987	0.013890219456573	-0.0757795137404144	-0.0092327757615038	0.0057425347027336	8.524414826221213e-05	0.0045991453821795	0.0003000207846192	9.001247120358033e-08	2.1152138246423017e-05	0.0023032717355346	-0.0003586954616077	1.2866243417803254e-07	5.3050606877125695e-06	0.0007637087637947	9.042533300720004e-05	5.832510758968289e-07	8.176740849463021e-09	0.0	0.0	0.0	0.0	0.0	0.0	0.0	0.0	0.0
8341.831522299322	-11.674899866249689	136.303286886957	69586153.14642663	6115.822058226931	10.114117067250843	37403279.4478951	102.29536405005484	5309.13680630867	-2.54319965628747	6.467864491740706	28186933.628101427	5136.270757505619	8596.168030661604	1.342519	25.476009	0.063268709947368	0.0319439138128606	-0.0393285413	-0.0449344089	0.0878598523	-0.0062240305	-0.0091504995	-0.0738887929	0.0655203303	0.1077990984	-0.0559625365	0.0696784541	-0.0222489209	-0.0244798154	-0.0448544981	0.0758054331	-0.0134169632	0.0116873659	0.0242496213	0.0036285233	-0.0689520056	-0.0177641326	-0.0245001102	0.0932913169	0.0723575316	-0.0273819521	0.004019857	-0.0232362467	0.117381882	-0.0880406337	-0.0296939623	-0.035024121	-0.0023970103	-0.0087934694	0.0167340664	0.1263623777	-0.1131292646	0.0370490711	0.01027686	-0.0230172111	-0.028693291	-0.0794018756	-0.0360446832	-0.1276889011	-0.0356110287	0.0421775925	0.078326168	0.0020540879	0.0288878531	-0.0032088984	0.07881727	0.0072676077	0.0404424327	0.0052406573	0.0185061104	0.1045510576	0.0224405272	0.0430558313	-0.0971630628	-0.0186535193	-0.0816587727	-0.0049778544	0.1203598575	0.0659840662	-0.0789732923	0.0487554177	0.0570650022	-0.0033048436	0.054465894	0.1277527213	-0.0612785731	0.1373978819	0.0569686856	-0.0862715694	0.0277389992	-0.0625990876	0.1428100087	-0.0919279716	0.0449353837	-0.0130786206	-0.1077357113	-0.0064480799	0.1005680385	0.0252699591	0.0313393928	0.0050160876	-0.0915969148	-0.0801588116	-0.06748193	0.1133425103	0.0553489651	0.0082711413	0.1002302466	-0.041491377	0.0186432334	0.0496410478	0.0188973087	0.0003938477	0.126949568	0.0057812244	-0.0852956342	0.053081485	0.0054492144	-0.0757584706	-0.0445142668	-0.0062826367	-0.0840711001	0.0659974825	0.0533222596	-0.0487081985	-0.1534992904	0.0196928271	0.0144341828	0.0116219504	-0.0201261282	-0.0303849035	0.0373768971	0.0928045395	0.0608272634	0.0781885696	-0.0957262162	-0.0007985016	0.0311194366	0.1032321236	0.0614841487	0.0854234715	0.0863078594	0.0472547933	-0.0002199965	-0.0589107194	-0.0131251336	0.0453767256	-0.0256680204	0.0333496925	0.0011638676	-0.0624414459	-0.0332099732	0.0037407566	-0.0011679726	0.0500883347	0.0431942559	0.0108622464	-0.0383888582	-0.0539378381	-0.1323645049	-0.0722103966	-0.0319017146	-0.1310759834	-0.2088329398	0.0588318747	0.1464076816	0.0222980574	-0.0343279924	0.0387711448	0.0763757696	-0.021073767	0.0957304894	-0.0123710914	-0.0875228853	0.0499775848	-0.0657554798	-0.0432072095	0.087596045	0.0363315031	-0.0520801571	0.0469046859	-0.0604245976	0.0742193162	-0.0449444063	-0.0113315635	0.1243673968	-0.0464374255	-0.1466750904	-0.0081077845	-0.0527386033	0.0094036087	-0.0618764428	-0.0575811475	-0.09072662	-0.0289590134	0.0221530815	0.0501096024	0.0123592338	-0.0648448544	-0.0337069959	-0.0278753226	0.1497808592	0.0303440326	0.0312169907	-0.1416539701	-0.0323514828	-0.0518124461	0.0305880166	-0.0009768517	0.0524552208	-0.0420021249	-0.0589455001	0.0936991036	-0.0232314356	-0.073324435	0.0	-0.015654412932065	-0.0003839184728207	0.0002450606442476	1.473933937729797e-07	0.1361075253994101	0.0182507502162535	0.000333089883456	0.018525258470351	-0.0581573931539907	0.0176221205864237	0.0033822823784678	0.0003105391339624	0.0050680663104211	0.0004689209282416	2.1988683694296398e-07	2.568529612682534e-05	0.0023041307279418	8.589924071996692e-07	7.378679556266823e-13	5.309018411445608e-06	0.0008341672565833	7.045849278859999e-05	6.95835011955709e-07	4.9643992060411975e-09	0.0	0.0	0.0	0.0	0.0	0.0	0.0	0.0	0.0
8344.869013273154	3.0374909738311544	9.226351416105734	69636838.84868646	6084.462128748348	-31.35992947858358	37020679.39617287	983.4451769017356	5311.027076906271	1.8902705976006475	3.5731229321535083	28207008.61163157	5134.340621211903	8630.742562529282	1.300978	24.687716	0.0508807052252362	0.0246358454543443	-0.0388382127	-0.100033699	-0.0209324856	-0.0027984532	0.0303815772	0.0195332587	0.0429553992	0.0826451416	-0.1090612618	-0.0351176271	-0.0573507194	-0.0075781757	0.0263717295	-0.0342889157	0.0038240814	0.0424811527	0.0434095307	-0.1332640647	0.136766461	0.0719557701	0.0972604956	-0.0306763326	0.0510805043	0.0402513312	0.0223161743	-0.0479769241	0.1350975773	0.0683875767	-0.0549366478	-0.0786905108	0.0015952194	-0.0947373407	0.1210344857	0.0175663591	-0.1186756124	0.074818842	-0.0244916811	0.1084759595	-0.0158266891	0.0380895644	-0.0058900929	0.0411416236	0.0491422235	-0.0285245736	0.0379236502	0.0884801607	-0.0765997782	-0.0667594367	0.0969739357	0.0290803422	-0.114762553	0.0595655136	-0.0076230895	0.0164704238	-0.0424049312	-0.066527378	-0.1047274643	-0.0133597479	-0.0050569571	-0.0470305738	0.0114233179	0.085426676	0.0606256187	0.020434582	-0.0239984672	-0.0470607652	0.0711501465	-0.0098857092	0.0582527542	0.1040646679	0.0931160388	-0.0153877834	-0.0300417018	-0.0557608804	-0.0574989907	-0.0509770276	0.0600503585	-0.0424794278	0.0894080287	0.0364408744	0.0119507776	0.2360566937	-0.1279109256	-0.1701384382	0.0048439013	0.0634557332	-0.0443427232	-0.1751567496	-0.0802338343	0.0946983381	-0.0460608453	0.1744623477	0.0702713095	0.1180276231	0.0128259927	0.1361808947	-0.1020685456	-0.0856937434	0.0239216791	-0.0007033825	0.0172191457	0.0482171215	-0.0301764533	-0.0774288744	0.0781744752	0.1520380124	0.0764907834	0.1178351346	-0.0086559814	-0.0992002228	-0.0906628093	-0.0914672742	0.029128699	-0.061424664	0.0575010975	0.0286363132	0.0877018745	0.0874134158	-0.0464733349	0.1621270069	-0.041475331	0.0156729752	0.0150374533	0.0105420031	-0.0299112131	0.0185667045	-0.0153552498	0.057924452	0.0189509707	-0.0164851594	-0.0299539532	-0.0214469288	0.0512128428	0.0499887751	0.0027798971	0.0314236242	-0.0668401021	-0.0465048601	-0.0297729416	0.0085429483	-0.007046946	-0.1127925842	-0.0848020295	-0.152322953	0.0121961719	0.0098083399	0.1180766235	0.0147765429	0.0738658186	-0.0561717282	0.0103511474	-0.1209380126	0.0043132359	-0.0404270043	0.1056411839	-0.0773038571	-0.0633178423	-0.0331710752	0.0777353834	0.0037866098	0.0192112627	-0.0134717662	0.0948039596	0.0346511552	-0.0001615358	-0.1801448972	0.0487086172	0.0712258888	-0.0159182671	-0.0357226352	-0.1481693631	0.0779356011	-0.0078909652	-0.0503246936	-0.0799492594	0.0750756332	-0.0456575739	0.0337414983	0.1019157744	0.0356625151	-0.0125210554	-0.0037165314	-0.1962333357	0.0117644555	0.0538828895	0.0802241538	0.0606395073	0.0396445104	0.1027393203	-0.0596109068	0.1926688254	-0.1919250365	0.0538104535	-0.0432382481	-0.0567453599	0.0944702927	-0.0285463055	-0.0686975141	0.0	-0.0202984747864007	-0.0046440618543356	0.0004120280786541	2.156731050689592e-05	0.1192037548685363	-0.0169037705308738	0.0002857374581604	0.014209535174758	-0.0500289131013289	0.0081284800526617	0.0025028921461003	6.607218796652077e-05	0.0048452947556811	-0.0002227715547399	4.962716560127668e-08	2.347688126943077e-05	0.0023030550211295	-1.0757068122997822e-06	1.1571451460281588e-12	5.304062430349802e-06	0.0006339266623883	-0.000200240594195	4.018630132867696e-07	4.009629556356668e-08	0.0	0.0	0.0	0.0	0.0	0.0	0.0	0.0	0.0
8349.883862346715	5.014849073560981	25.14871123059543	69720560.51467809	6127.943580437655	43.48145168930751	37551692.525027074	1890.6366410095825	5311.456700903386	0.4296239971154136	0.1845767788974249	28211572.28557149	5134.575605295129	8535.42466557677	1.430637	27.148157	0.0445104348494283	0.0264925406350607	-0.0381529428	0.0582731303	0.0265014436	-0.0704623899	0.0298467464	0.0936223306	0.1291389249	0.055096023	0.1391938292	0.0076275228	-0.0139063912	-0.0620116308	-0.0604604697	0.0827954954	0.0084292121	0.0572938624	-0.056688677	0.0530098119	-0.1034612956	0.0253645085	-0.0324974307	-0.0733093772	0.0929583084	-0.0409398462	-0.0975320518	-0.0305600292	0.1284963883	0.0341771838	0.0609350133	0.0399643784	0.0192122747	0.1137623358	-0.0375886658	0.0017515824	0.0268791251	0.0460466834	0.0745727884	-0.0237408696	0.0793950556	0.0946366602	-0.0346480946	-0.0219975164	-0.0209864402	0.0773282895	0.0801199715	-0.0494392962	-0.0822765732	0.0719969798	-0.0288248168	-0.0402242464	0.0293809249	-0.0922751208	-0.0066928575	0.1823210254	0.1463227407	-0.0565744442	0.0469373471	0.1665801228	-0.0788529529	-0.1099415516	-0.0284744198	0.0385481121	-0.0188199972	-0.0215920592	0.0290623734	0.033419641	-0.0760211894	-0.0656700018	0.0890990289	-0.0087912188	0.035832512	0.1491350327	-0.0511202347	-0.0547744676	0.0465728213	-0.1099213166	0.037136076	0.0448612211	0.0713325021	0.0224715632	-0.0904393915	0.0046173472	0.0214260577	-0.0049712935	0.0763771841	-0.0704651096	-0.1041270041	0.0972071946	-0.014738547	-0.0087317361	0.0010523171	0.0194885991	0.1019571304	0.0352381139	-0.0354249209	-0.0186506014	-0.043350314	0.066570896	0.0765128792	-0.0172844278	0.0574815533	-0.0945674121	-0.032274139	0.0007996805	-0.0596888965	-0.1046602265	-0.0140782573	0.1067788211	-0.0775317174	-0.0266709913	0.0711852918	-0.1165697708	0.0915516636	-0.0562577234	0.0209520024	0.0222259985	-0.1310123994	0.0493465789	0.0788371339	0.0416629082	0.0432394482	0.1494128911	-0.0246509343	0.0107035864	-0.0257083055	-0.0511186284	-0.0152047027	-0.0670623587	0.0569237878	0.0265463094	0.1301176947	0.0344789067	0.1005673023	-0.0021116887	0.010144081	-0.0233463279	0.1328815399	-0.0192941041	0.029685412	-0.0191497347	0.0321169869	0.1473388905	-0.017511035	0.0414070028	0.1544473951	0.1428520452	-0.0406818091	-0.0255462238	0.0263500929	0.0426546257	-0.0448890074	0.0023427238	0.0249380063	-0.1049615623	0.031679614	0.0285484384	-0.1391435164	-0.0351938587	0.1047234907	-0.0514071289	-0.1114643792	0.0812559047	0.0037404929	0.0150377658	-0.0435774645	0.024663585	-0.1002423525	-0.0175020936	0.0577990115	-0.0235670756	-0.1332811562	-0.0545593763	0.0247110001	-0.0711920054	-0.0716556958	0.0069317391	0.0917193834	0.015843119	-0.0871193934	-0.0109900709	-0.0161707796	-0.0845679834	-0.0030282789	-0.052864593	-0.1136998599	0.061489921	0.0916418284	-0.0437345047	-0.0415502429	-0.1671597505	-0.0182719793	0.0019506416	0.0454112442	-0.0444653919	-0.0544980844	0.0950649363	-0.0337663475	-0.0637140765	0.0	-0.0117850423852701	0.0085134324011305	0.0001388872240226	7.247853124862031e-05	0.1374669162691333	0.018263161400597	0.0003335430643442	0.0188971530685449	-0.0521929493490347	-0.0021640362477058	0.0027241039617509	4.683052881384605e-06	0.0045582684816328	-0.0002870262740482	8.23840819940497e-08	2.0777811550646994e-05	0.00230301401415	-4.1006979499980806e-08	1.681572367711846e-15	5.303873549371297e-06	0.0006582554773604	2.432881497210001e-05	4.3330027347496804e-07	5.918912379466773e-10	0.0	0.0	0.0	0.0	0.0	0.0	0.0	0.0	0.0
8354.513784299368	4.629921952653604	21.43617728766376	69797900.57204814	6094.268809000651	-33.67477143700398	37140112.316358216	1133.9902313344594	5311.769563312194	0.3128624088076321	0.0978828868449139	28214895.893729813	5132.423368451778	8571.263424681181	1.251866	23.755749	0.0319449782507516	0.0177614416270175	-0.0029599126	-0.0430043709	0.0944226331	-0.0149570214	0.0231251018	-0.0519289195	0.0522763153	0.1651157847	-0.0496926285	0.0266912189	0.033972066	-0.0039580692	0.1051907161	-0.0261165097	-0.0434840505	-0.0116749616	-0.1252606072	0.057662624	-0.0281899478	0.0025563397	-0.0076598235	0.0940113204	0.0064534803	0.0034446972	-0.0910956391	0.0212188733	0.1575365668	0.089155069	0.065252564	0.0857470131	0.0678767718	-0.0275690141	-0.0790182428	0.0512289225	-0.0478957901	-0.0240666976	0.00264376	0.076641585	0.1154896903	-0.082225563	-0.0089747809	0.069055545	-0.0082432921	-0.1169104784	0.0292327116	0.0626873951	0.0354223881	-0.0211513656	-0.0227309169	0.0629360692	0.1071327256	0.045531714	0.0757541363	0.0069596286	-0.0620306798	0.0598020513	-0.0461004445	0.0815572135	0.0593759798	-0.0144054748	0.0067211953	0.0816126197	0.0314841772	0.016671091	-0.0098730157	0.0012173919	0.0006426034	0.0138021796	0.1227507105	0.0979275578	-0.2219627111	-0.0390711458	-0.0549863606	0.0431296768	0.017951466	0.0866326417	-0.0385876089	0.1524467092	0.1005796965	-0.0584094725	-0.0859706775	-0.0180417996	-0.0747993707	0.0078017646	-0.0808039309	-0.0330186514	-0.0502928458	-0.0358507235	-0.016236624	-0.0158869594	-0.020543691	-0.1142667474	-0.05943567	0.0477460579	-0.0110719124	-0.0570557538	-0.1039609397	0.0101057906	-0.0926220844	-0.0048517884	-0.0246355618	0.0327953385	0.0612045354	-0.1834821483	-0.0770049052	-0.0093284571	0.0879049209	0.0455432306	-0.1109142878	0.0307329264	-0.0028342827	-0.0489794266	0.0452412499	-0.0362008151	0.0227635568	-0.0097649066	0.0464402588	0.0001251067	-0.1078213093	-0.0028318263	-0.0362572365	0.0361655375	0.0127393484	-0.0653660057	-0.1058065946	-0.0626682127	0.1202950044	0.0714473956	-0.0807766381	0.0550496268	0.1116014389	-0.1087306296	-0.0013228456	-0.0611217116	0.0337166281	-0.0347249127	-0.007576515	0.0449809791	0.1472577472	0.0120051439	-0.0364116691	-0.1113162007	-0.0237275102	0.0140752572	0.0654264444	0.0342102418	0.007798719	0.0833644283	-0.0760178507	0.1505347379	-0.0648275264	-0.0129231221	0.1334333929	-0.1644200296	-0.0369299829	-0.0452583017	0.1155067666	-0.0405198944	0.0413517009	0.1220458098	-0.0930706799	-0.02810494	-8.34771e-05	-0.03118239	0.0652973053	0.0841527124	-0.0068644433	0.0092485593	-0.0445104928	-0.0254780622	-0.1676004876	-0.0059987131	-0.0590780068	0.0392528756	-0.0071710887	-0.0682198076	0.0832131375	-0.0379960857	0.0368217707	0.0878442712	0.0471483363	0.0389311735	-0.0582123859	0.0500841088	0.1010308589	0.0964063638	0.0295459249	-0.0632248328	-0.0265594123	0.0325639401	0.0104713073	0.0702889881	0.0029248773	-0.0456833015	-0.0522055402	0.0954819229	-0.0388742211	-0.0583999846	0.0	-0.008845655934337	0.0029393864509331	7.824562890867138e-05	8.639992707929087e-06	0.1288196399170402	-0.008647276352093	7.477538830946831e-05	0.0165944996283558	-0.0553545533860102	-0.0031616040369754	0.0030641265805646	9.995740086619762e-06	0.0047971430637218	0.0002388745820889	5.706106596819412e-08	2.301258157381417e-05	0.0023033480974781	3.340833280999003e-07	1.1161167011430565e-13	5.305412458155983e-06	0.0007629810401583	0.0001047255627979	5.821400676410414e-07	1.0967443503336903e-08	0.0	0.0	0.0	0.0	0.0	0.0	0.0	0.0	0.0
8364.174396738488	9.660612439120086	93.32743269888176	69959413.33905566	6138.435305011806	44.16649601115478	37680387.993815385	1950.6793699033508	5310.8474244662975	-0.9221388458963702	0.8503400511110896	28205100.365960307	5135.499655012555	8607.229679477641	1.189508	22.57242	0.0603903474165528	0.031235831981986	-0.0219307464	-0.1109919556	-0.0316299104	0.0146122467	-0.0708086817	-0.0350761357	0.1840923236	0.1274879007	-0.1096111821	-0.0464505086	0.0080699041	0.0432467543	0.0346646624	-0.0504749227	-0.0020682029	0.1645064939	-0.0149284893	-0.0493022242	-0.0483751341	-0.0159327598	0.100069082	0.0404524809	0.0828001801	-0.0950496426	-0.1719503961	0.0607350628	0.0707451607	0.031785276	0.0039288979	-0.0238940145	0.0785841824	-0.0133223526	0.0620607532	0.0052856437	0.0292892229	0.1347660134	0.1223947608	-0.0456503499	0.027748225	0.0009463596	-0.0395396308	0.0291280582	0.0213310756	-0.0164552365	-0.04094883	-0.0410039889	-0.0507596	-0.0061953466	-0.0272537144	-0.031529202	-0.0973857777	-0.040097338	-0.0281780351	0.0732883474	0.1642052018	-0.0112699388	-0.03634448	-0.002682943	0.043441912	0.0127004362	0.0073622545	0.013437216	-0.0782521659	-0.0536605332	-0.0306329706	0.0390609952	-0.034541646	-0.0543308928	0.032810722	-0.0434716554	-0.075173066	-0.0670554403	-0.1125857066	0.0353005425	0.03540003	-0.0131428252	-0.0325497501	0.1114490428	-0.1347135675	0.0678064722	-0.0778168398	-0.0408783936	-0.0098596265	-0.0843808196	-0.0739751961	0.0147084313	0.0224801642	0.0076178994	-0.0028997215	0.0208695145	0.0182152369	-0.0546430546	0.0209655981	0.0041071494	0.0571263338	0.1098121308	0.0218981122	-0.096770988	-0.0228908003	0.0010728804	0.1209332491	-0.0322052696	0.1225215664	-0.0424472825	0.0422767501	0.0284874836	0.0814055533	0.0643549856	-0.0722256268	0.006718349	0.0097370627	-0.1929705171	0.0620863065	-0.0225793134	0.0697459033	0.0685449977	-0.0249273271	-0.0020016046	-0.0452345201	0.0385919954	0.0301060654	-0.0007251476	0.0540754594	0.1385880577	-0.0027492044	-0.0694013131	-0.0504693485	-0.0261399699	0.0904925074	-0.0099805829	0.0021806747	0.0404608572	-0.102605341	-0.0405012142	-0.0126560252	0.041584011	0.1533471228	0.1084955089	-0.0460836146	-0.0471613527	-0.0096262028	0.0529160432	-0.0895499932	0.1391946374	-0.0289439439	0.0070330934	-0.0665519669	0.0120233602	-0.1055861223	0.0311886642	-0.1129689322	0.0137377651	0.0547130306	0.0826500594	0.0205443718	-0.026437624	0.0006005881	-0.0064300333	0.0183177496	0.0895293071	0.0403474838	-0.0207774315	-0.0726735082	-0.1102203824	0.0337547111	0.0449826811	0.0094109734	-0.0433694816	0.0025529328	-0.029252857	-0.1935376687	0.0993983767	-0.0026860767	-0.050919104	0.0496757812	-0.0119895346	-0.028007869	-0.0559030407	0.0233714668	0.0263718829	-0.0178779312	-0.0736042638	-0.0880704529	-0.0210591899	-0.0920902482	0.0420125303	0.0042721149	-0.0289690274	-0.0362538987	-0.044936809	0.0401734773	0.1386689281	0.0841929132	-0.0468917239	-0.0498696316	0.0957204735	-0.0438529584	-0.0527828167	0.0	-0.0120475374928759	-0.0032018815585389	0.0001451431596422	1.0252045514911502e-05	0.145599964379457	0.0167803244624167	0.0002815792890639	0.0211993496272991	-0.0639585577335424	-0.0086040043475322	0.0040906971073548	7.402889081235317e-05	0.0044180447554951	-0.0003790983082266	1.437155273003459e-07	1.951911946155776e-05	0.0025602006781095	0.0002568525806313	6.597324817700976e-08	6.554627512192343e-06	0.0007628491880551	-1.318521031999599e-07	5.819388837163254e-07	1.7384977118252873e-14	0.0	0.0	0.0	0.0	0.0	0.0	0.0	0.0	0.0
8363.111287428264	-1.0631093102238085	1.1302014054845415	69941630.40591004	6109.515092384756	-28.920212627050205	37326174.66407711	836.3786983937941	5312.0337439780105	1.186319511713009	1.407353983870992	28217702.49716104	5133.168234677823	8624.595280501802	1.123319	21.316416	0.1043354812760421	0.0646738197596006	-0.0833103412	-0.0338457571	-0.0998348743	0.0378887502	-0.0072864471	-0.0832820873	0.0744827327	0.0893501065	-0.0004529062	-0.1246056633	-0.0555755788	0.1205352723	0.0659301319	0.069065464	-0.0940302544	0.0912120473	-0.0102592934	0.0352308625	0.0161281565	0.0466867394	0.0599026312	-0.0725426855	0.0497506415	0.0066796573	-0.0335311917	-0.0042505866	0.152919622	-0.0007627329	0.0294240183	-0.0319956704	-0.0316296208	-0.1102259759	0.0460340987	0.0688275468	-0.0276738814	-0.0335546538	-0.0190872972	-0.062983019	-0.0794429984	-0.0148009963	0.0129821991	0.0320947698	-0.0658950855	-0.0383388338	0.0969771428	0.0217270429	0.0245817163	-0.0105224251	-0.1174375849	-0.0149106031	-0.0350805183	0.1674376035	0.0555542597	-0.0079156636	0.0564133704	0.0256761884	0.127954583	0.0305349043	-0.0493796947	-0.0556810179	-0.0368352679	0.04530406	0.0029696687	-0.0221331004	0.04707334	0.0326699093	0.0120726669	0.010418721	0.0176767651	0.0484470883	0.1044988133	0.0100395749	-0.0393558387	0.1232754759	0.0156356268	-0.0003066777	0.0440651243	0.0516444777	0.0204747376	-0.0375919051	0.135376268	-0.0938436444	0.0052224006	0.0909242811	-0.0236938329	0.0850634318	0.0537958185	-0.0116579957	-0.0876336079	0.0582033629	0.1135222098	-0.0063206247	0.0424567347	-0.1044746904	-0.0349094098	-0.0830503842	0.0334625769	-0.0499412637	0.071307901	0.0286473628	-0.0490877998	-0.0752491259	0.0165168212	-0.1031491935	0.008604031	0.0439864914	0.0145191538	0.0510283976	-0.1128672709	-0.1027715337	-0.0464798576	0.0847066965	0.0417081522	-0.0300697581	0.0782857301	0.0296383859	-0.0276960549	0.0483238623	0.0418875599	-0.0709443435	-0.0524067048	-0.014732414	-0.1368316209	0.0310876662	0.1112517662	0.0145369772	-0.1138087884	0.0639336128	-0.0378243734	0.0047981149	0.0990407046	-0.0230971808	0.009728809	-0.0580380325	-0.0290919897	-0.0559756234	-0.1111186657	0.1286286385	-0.060461671	0.0719340886	0.0162196628	0.0096173857	-0.0930491884	-0.0282390056	-0.0403128735	-0.0412292578	0.0122556325	0.0183732205	-0.0172687464	0.0543062684	-0.0435709397	0.1479656265	-0.0765534273	-0.0979364876	-0.0285578939	0.0640560605	0.0372984345	0.0240817602	0.0986376564	-0.0042373586	-0.0046959806	0.014412272	-0.00190839	-0.0537189804	-0.0963882424	-0.0086840504	0.0229368897	-0.0088805285	0.074520159	-0.092611698	-0.0960112245	0.0858381324	0.0585488511	-0.0671967478	-0.0033369178	0.0250086617	-0.0179153917	-0.1183370701	0.0430227258	-0.0164890686	0.0875885831	-0.0561104124	-0.0888727762	0.0480202616	-0.0351874276	-0.030009701	-0.0106293829	-0.0211390279	-0.0323598476	-0.1696612281	-0.0757468522	0.0272487138	0.0310880037	-0.0480904081	-0.0474922989	0.0957801421	-0.0486860206	-0.0468917239	0.0	-0.0059503485423562	0.0060971889505197	3.5406647775520554e-05	3.717571309833952e-05	0.1278253945400251	-0.0177745698394319	0.0003159353329768	0.016339331489313	-0.080001773626023	-0.0160432158924805	0.0064002837833094	0.0002573847761727	0.0054731487399434	0.0010551039844482	1.113244417998678e-06	2.9955357129544023e-05	0.0023281070486975	-0.000232093629412	5.38674528136348e-08	5.420082430194983e-06	0.0007616366700432	-1.212518011900086e-06	5.800904171544943e-07	1.4701999291821372e-12	0.0	0.0	0.0	0.0	0.0	0.0	0.0	0.0	0.0
8367.54573840513	4.434450976865264	19.66435546622129	70015821.68430185	6164.311417309206	54.796324924450346	37998735.24956864	3002.637225225938	5314.936076285061	2.9023323070505285	8.423532820549243	28248545.49499644	5140.113054978823	8603.246860382023	1.179712	22.386539	0.0944415095573438	0.0499310324812076	-0.0576957776	0.0718448903	-0.0195019196	-0.0181203757	-0.0503271823	-0.1134025735	0.0322752724	0.0578435882	0.1301986388	-0.0505496188	0.0067567748	0.0015079735	0.0621537791	0.0688345957	-0.1512512086	0.1380853785	0.0205201418	-0.0700402807	-0.0595775456	-0.004734738	-0.0453245268	-0.0635406998	0.0387028175	-0.0518692833	-0.0298488754	-0.0028796946	0.0827737618	-0.0702415613	-0.0816520454	-0.0146879323	0.094333117	-0.0311668769	-0.0646965851	0.000148431	-0.0223697695	0.0287208429	0.0547416632	-0.1024828343	-0.0876122477	0.1119246325	-0.07632046	0.036471684	0.0193156353	-0.0074564603	0.0957157027	0.0649316042	0.0807138354	0.0990578668	-0.0751905531	-0.0126000017	0.0084719086	0.1087127489	-0.0455673232	-0.0193481868	0.0242415921	0.1031282006	-0.0395217298	-0.0496612544	-0.0052050783	-0.0195009632	0.0125194075	0.0315893548	0.0789360678	-0.0750605294	0.0511398341	-0.0901117171	-0.0791340194	0.2100991175	-0.0088350044	0.0163167196	0.0972469168	0.027087118	0.0567659298	0.0147786233	0.019320272	0.1151710692	-0.03571101	0.0130590464	0.0586440891	-0.0573280134	-0.0156586774	0.0097204059	0.1257812183	0.0258473208	-0.0658881313	0.0060264494	0.0095174351	-0.0050167805	0.0720053078	0.0572005971	-0.0425526704	0.0039204861	-0.0660736943	-0.0889765466	-0.0285517107	0.0414348815	0.0510075243	0.0781454414	0.0735685252	-0.0406407782	0.0337303598	-0.0353205154	-0.0042458677	-0.0369347281	-0.0109903489	0.0158487646	0.0233031065	-0.1225264079	-0.1125645382	-0.1295736644	0.0779426419	-0.0456639098	0.0354624548	0.0113464243	0.0835207871	0.0075913396	-0.140406758	-0.0142375435	-0.0232625014	0.0085912278	0.0025163389	-0.0044497176	0.1070470648	-0.004571128	0.0956206596	0.0484761747	-0.0033169147	0.1050024199	-0.0210592811	0.035736069	0.0817333481	0.0656047416	0.0316806661	-0.004540022	-0.054081733	0.05043403	-0.0471285625	0.1254859329	0.0521589104	0.1788987478	0.0201567614	0.0146971728	0.0324439151	0.0271851449	0.0506209528	-0.0817951112	-0.0065134453	0.010060687	-0.0115525291	-0.0814470548	0.0537941134	0.0103617865	-0.0236226102	0.0452258538	-0.1158602677	-0.0062705301	0.0336771651	0.1580565595	-0.0680728334	-0.0113998242	-0.0889994479	0.0725576569	0.0344352635	-0.0107600675	-0.0451872388	0.034367616	0.1005599283	-0.0880397816	0.0248133799	-0.0402519578	-0.0438704127	-0.0466495234	0.0792989364	-0.1037114856	0.0132652545	-0.0699421856	-0.0759529975	-0.0903352909	-0.0309853706	-0.0419182843	-0.0170604888	-0.0077051183	-0.0692774331	0.1155155158	-0.0627544868	0.1009140918	0.0686390006	-0.0512607855	0.0508490285	-0.1103106951	-0.100056334	0.0238193485	-0.0136507307	-0.0492791053	-0.0450755168	0.0956608172	-0.0533573527	-0.040757279	0.0	0.0017450364281472	0.0076953849705034	3.0451521355607377e-06	5.921894984424962e-05	0.1394214325972882	0.0115960380572631	0.0001344680986254	0.0194383358674801	-0.0630310628265107	0.0169707107995122	0.0039729148810395	0.0002880050250406	0.0048648414388829	-0.0006083073010605	3.700377725235099e-07	2.366668222547224e-05	0.001776873716512	-0.0005512333321855	3.0385818651232974e-07	3.157280204431167e-06	0.0007656835513985	4.0468813553000025e-06	5.862713008822193e-07	1.6377248703874786e-11	0.0	0.0	0.0	0.0	0.0	0.0	0.0	0.0	0.0
8379.748042507057	12.20230410192744	148.8962253959152	70220177.25590086	6151.966610125642	-12.344807183564626	37846693.172100775	152.3942643993888	5318.360449942617	3.424373657556316	11.726334946565622	28284957.87551384	5144.603413622584	8658.438386148428	1.494187	28.354094	0.1047699134593356	0.0644308204039221	0.0071820948	-0.0105915769	0.0903455212	0.0965309797	0.1426294388	-0.0857556492	0.0591740862	-0.0358066096	0.0203624054	-0.0289481805	0.0717570175	0.0525302886	0.0417452601	0.1566234963	-0.1221539972	0.0745326136	0.0213695966	-0.0719074664	-0.1282054184	0.0003439818	-0.0516016021	0.0718414093	-0.0339306234	-0.0526943137	0.0604546495	-0.04576822	0.1167790757	-0.0068033753	-0.0113563172	-0.1304643065	0.1143455883	0.0532703283	-0.0870154325	0.1303852705	0.0841873669	-0.0564324392	-0.0592002456	0.0215490306	0.0628152149	0.0234915187	-0.0356278477	0.0771079558	0.0231520286	0.1146789076	0.0083065757	0.0280444278	-0.0975655125	-0.1072506662	-0.0823408137	-0.0034037661	0.0516816847	0.068891267	-0.1089424536	0.0072072435	0.0463773013	-0.0255593276	0.0211370651	0.1266990455	-0.0778540892	-0.1354093501	0.0232851942	-0.0457031693	-0.0589216808	-0.0246147427	0.0762283156	-0.1079428918	0.0505220476	-0.0760646185	-0.1101778515	-0.0546606733	0.0244862025	-0.0445669347	0.1132061056	0.0187193434	0.0755894422	0.0176839074	0.0769878982	0.0855235478	0.0725255015	0.0395239488	0.0356665456	0.0305955547	-0.0017098588	0.0047727044	0.0700781262	0.1000742386	-0.0386042047	-0.0108660308	0.0828197878	-0.1187796692	0.0104915876	-0.1256514678	-0.0810459803	0.0878286554	-0.0233284941	0.1063502025	0.0616743775	0.0440089074	-0.0648283279	-0.0557927465	-0.0607079451	-0.0417235729	-0.0387430459	0.0087867832	-0.1404724303	0.0865229432	-0.1152984621	-0.0287743719	-0.135691252	-0.0288260505	-0.1086066368	-0.066359231	0.0177649266	0.0935559921	-0.0683802094	0.0140289033	-0.0072465373	0.030689983	0.0159829965	-0.0613022849	-0.0648193316	0.0650308123	-0.0217163239	-0.0193916076	0.000381289	-0.0216577043	-0.0110929023	0.021705594	0.0539760388	-0.0005527025	-0.0353262911	-0.0222908697	0.1240004735	-0.0052438365	-0.015145963	0.0249204765	-0.0018106142	-0.0473499392	-0.0311884259	0.0938147084	0.1222857634	0.0898966254	0.0008280973	-0.0596651879	0.0781994499	-0.0503194108	-0.053242404	-0.1728504174	0.1030962859	0.0762840701	-0.001001405	0.0548035239	0.0283949495	0.0878915193	-0.0742648803	0.0119432577	-0.0680304443	0.013504587	-0.0136123161	0.0864542605	-0.0105005334	-0.0003924694	0.0518668405	0.1525690368	-0.0434752823	-0.0308238679	0.0540258906	-0.0420116825	0.0328117799	0.0032227194	0.0060417609	-0.0157140588	-0.1074373675	0.0531327107	-0.1623386808	0.0432487987	0.0121333878	-0.1160710996	-0.0167922227	-0.101355769	0.102363538	-0.047415536	-0.0320883161	-0.1539398261	0.0669499834	0.0035146195	-0.0182066842	0.0412602205	0.0141348609	-0.0953412276	-0.0575453781	-0.1215478466	0.0673826739	-0.0504575686	-0.0426212929	0.095362722	-0.0578514371	-0.0344113177	0.0	-0.0125475693971139	-0.0142926058252611	0.0001574414977753	0.0002042785812762	0.1448561799593193	0.005434747362031	2.9536478889103885e-05	0.0209833128724066	-0.0675086575693342	-0.0044775947428234	0.0045574188468136	2.0048854680960637e-05	0.0049162142540135	5.137281513060022e-05	2.6391661344428272e-09	2.4169162591365517e-05	0.001279777488131	-0.0004970962283809	2.471046602706152e-07	1.6378304191268918e-06	-0.0002971467156743	-0.0010628302670728	8.82961706360233e-08	1.1296081766060391e-06	0.0	0.0	0.0	0.0	0.0	0.0	0.0	0.0	0.0
8372.609080167125	-7.138962339931823	50.964783290964846	70100582.809297	6126.606611716807	-25.35999840883505	37535308.57473209	643.1295192961164	5312.460832466155	-5.899617476462481	34.80548636858153	28222240.096486997	5134.344526729086	8739.328626718898	1.460595	27.716646	0.1394061108953461	0.0737634088441966	0.0243418096	-0.0756466649	-0.0549659588	0.0711880017	-0.0335717295	0.0204361895	0.1026203583	0.0407044263	-0.0933447342	-0.042136841	0.0272059595	0.0841326999	-0.0489458473	-0.0641582231	-0.05835686	0.1432064784	-0.0272170217	0.0318725599	-0.0159629435	0.0753464695	0.1226728941	0.0267039588	0.0175335737	-0.0889894512	-0.009196004	-0.036841934	0.0249588063	-0.0296899099	0.0264159601	-0.0588113092	0.0282224585	-0.1183118818	-0.0466253719	0.063587878	-0.0316090919	-0.0364077888	-0.0179873307	-0.0053775561	0.0988077368	0.0837807162	0.0717190032	0.0108440288	0.0808118406	0.0726343223	0.0460422868	-0.0425066023	0.0250331338	0.1516829445	0.0179351863	0.0290185037	-0.035496126	0.0527846721	-0.0001794353	-0.0364670059	-0.0691233862	-0.0033160327	-0.0305519993	0.0691687805	-0.0044032356	-0.0209513411	-0.0987393318	-0.0122778018	0.0225543944	-0.1116564703	0.0300087936	0.1109517986	-0.174610481	0.036247268	-0.1186343036	-0.0390110054	0.038524978	-0.1162164771	-0.0660113064	-0.0334566897	0.0269552077	-0.0175342266	0.0630465482	-0.0184309736	-0.0170000797	0.1114456979	-0.0409185967	0.0395388339	0.0267240427	0.0874240609	-0.0010756183	-0.0918446032	0.0624188571	0.011511874	-0.006847579	-0.0187298852	-0.0199700394	0.0064469399	0.0284717645	-0.0407114849	-0.0406701485	0.0518201988	-0.0764805473	-0.114458352	0.0002884922	0.0520260775	0.0619022756	0.0148426323	0.0541714096	0.0152884153	-0.0491176687	0.1016991002	-0.0199711509	0.0196769	-0.0061597156	-0.0854495528	-0.029878161	-0.0084999038	0.0216067615	0.032628206	0.077543918	0.0734409579	-0.0448167485	-0.0359447257	0.0585081052	0.0706397429	-0.1015957647	0.0341288978	-0.0140559188	-0.1362640143	-0.0250511297	-0.0287679191	-0.0021939548	0.0106156432	-0.0686529175	-0.0510224334	-0.021101866	0.1625256424	0.0764714225	0.0563380651	-0.0694963601	-0.0109695343	-0.0279366749	-0.0170688365	0.1399839621	-0.0010592557	0.0415177738	0.0880325416	-0.1234056507	0.0851666144	-0.0080661896	0.0529553863	-0.0473284243	0.0846499339	0.0546459935	-0.0542381734	0.0520401153	0.0062943945	0.0871456609	0.010290582	-0.0724001772	0.0674531457	-0.0438746574	0.0180612373	-0.0683804665	-0.0240305886	-0.0769087679	-0.0173595473	-0.0371740338	-0.0539824269	-0.0168744636	-0.0520941089	-0.0238176499	-0.0657881632	-0.0258847232	-0.0230253021	-0.0764033206	0.1357315635	-0.0280581827	-0.0144211125	-0.0036758061	0.0199410892	0.0321453833	-0.0792777671	0.0602244814	-0.0218965561	-0.0353254368	-0.0898528402	-0.0447492324	-0.0327031758	-0.0415325259	-0.0598240952	-0.0393444278	0.0617857681	-0.0021699093	-0.0629556245	-0.0566949482	0.0121493841	-0.1240935119	-0.0516255532	-0.0401316657	0.0948864133	-0.0621533448	-0.0278867734	0.0	-0.0096343195977084	0.0029132497994055	9.282011411078816e-05	8.487024393736185e-06	0.1005048707691855	-0.0443513091901337	0.0019670386268788	0.0101012290483306	-0.0607189424103324	0.0067897151590018	0.0036867899674292	4.610023194037893e-05	0.004999028269596	8.28140155825002e-05	6.858161176898586e-09	2.4990283640219977e-05	0.0021366898428922	0.0008569123547611	7.342987837423844e-07	4.565443484718693e-06	0.0004701636489181	0.0007673103645924	2.2105385676398242e-07	5.887651956109218e-07	0.0	0.0	0.0	0.0	0.0	0.0	0.0	0.0	0.0
8350.705089762248	-21.903990404876826	479.7847956569359	69734275.49618112	6117.563607287051	-9.043004429755456	37424584.48920296	81.7759291165768	5313.480831305044	1.019998838889478	1.0403976313358834	28233078.544646144	5138.785067071873	8652.1576525945	1.26592	24.022449	0.1077499322248285	0.0654567992383803	-0.0741259197	0.004660362	-0.0733643676	0.0159061113	-0.076510957	0.0108267319	-0.0124152854	0.0191547184	-0.0164093698	0.0086464596	-0.0809505981	0.1641716325	-0.0421646749	0.0325410092	0.0259889477	0.035905684	-0.0021771547	-0.006892178	0.1258700757	0.0140985209	0.032468981	-0.0478537061	0.0210328107	-0.047671308	0.0994347518	-0.0486886568	0.0499511909	-0.1544853341	-0.0169327732	0.0328075614	-0.066447594	-0.1000856985	-0.1504004101	0.0218384457	-0.0808671663	-0.0509866815	-0.0189706969	0.0597966645	-0.0277496759	0.0753727414	0.049892258	-0.0228081404	-0.0577071095	0.0742607249	-0.1030891255	-0.0535199921	0.0448672294	0.0380660839	0.0023004566	-0.0562824883	-0.0599500252	-0.0590205347	-0.0302194847	-0.0178755635	0.0894373072	0.0580597151	-0.0333154168	-0.0330797833	0.032877282	-0.023166688	0.0462551279	0.0842304068	-0.045719176	-0.0172824031	-0.0181280571	0.0063434991	0.0455635315	-0.0894125455	-0.0010176807	-0.0034463981	0.0071530698	-0.063157569	0.1167710671	-0.0087266897	0.022311555	0.0736466969	-0.0590750222	-0.1163246729	0.0962538423	-0.0344773145	0.0056479656	0.0989978945	0.0689821738	0.0414903161	-0.0226069209	-0.0282302019	0.0727254493	0.1014784739	-0.0686744815	-0.1133444858	0.0625562071	0.0381278803	-0.0100655875	-0.0279673867	0.0643551667	0.0218391595	0.1337304709	-0.0203994573	0.0584273585	0.147593233	-0.0449790398	0.0209447267	0.0130666176	0.0424537709	-0.0188679861	0.1005531319	0.0375317944	-0.1019220518	-0.0802492547	-0.0525003972	0.0565831501	0.1505964927	0.127034292	0.0771725465	0.0022911016	-0.0270467356	-0.1294054306	0.0818679308	-0.0202464823	0.0369654233	0.0385386212	0.0242415633	0.0272279284	0.0043455434	-0.0096173201	0.0196841211	-0.0097580135	-0.1613331453	0.0685954203	-0.0153894659	-0.0201647925	0.0612123738	-0.1122579053	-0.0095316718	0.0321673712	0.0552989799	-0.025818758	0.0131899141	-0.0132243068	-0.0362218709	0.1024852763	0.0138146201	0.0996504809	-0.0602387114	0.1127151707	-0.0158157585	0.0094675392	0.0061481886	0.1509833414	0.0172134072	0.0915868402	-0.0404895104	0.0284442095	0.0607262092	-0.1032318228	-0.0019297305	0.0460084518	0.0355608353	0.0048397322	0.0455094422	-0.0312811367	-0.0587145775	0.0319298267	-0.0393596624	0.102608593	-0.0491833684	-0.018358613	-0.013548885	0.001909289	-0.0636660886	-0.0420026124	0.0404437975	0.1174414493	-0.0271056686	0.0267529976	-0.0180576208	-0.0918565269	-0.0530043194	-0.0275348977	-0.0328382249	0.073051459	-0.0679544451	-0.0673375026	0.0175846198	-0.0719773619	-0.0859713092	0.0087328702	0.0052295535	-0.0366020461	-0.0557093091	-0.059535014	-0.009288901	-0.0391962418	-0.0527828167	-0.0376087033	0.0942327815	-0.0662487853	-0.0212175063	0.0	-0.0142670122309738	-0.0046326926332653	0.0002035476379987	2.14618410343115e-05	0.1553249054932024	0.0548200347240169	0.0030052362071424	0.0241258262664722	-0.0594263798031562	0.0012925626071761	0.0035314946165089	1.6707180934701234e-06	0.0048819850949018	-0.0001170431746941	1.3699104742497e-08	2.383377846684334e-05	0.0015427156161762	-0.0005939742267159	3.5280538200287e-07	2.379971472393912e-06	0.0006992390927153	0.0002290754437972	4.88935308781316e-07	5.2475558950884154e-08	0.0	0.0	0.0	0.0	0.0	0.0	0.0	0.0	0.0
8338.922614669069	-11.782475093179528	138.82671932139593	69537630.37343922	6054.889418568777	-62.67418871827431	36661685.87109614	3928.053931493863	5308.9013923400535	-4.5794389649909135	20.971261234077048	28184433.99359016	5131.091058590593	8611.91863729186	1.352925	25.673477	0.0715586181396346	0.034562497199905	-0.0963486707	0.0450384987	-0.0378238676	-0.0252255581	0.1115562058	0.0649326439	-0.0470108389	0.0158484242	-0.0447273162	0.075347819	-0.1735640275	0.0815799265	0.0477301005	-0.1900417287	-0.0926054623	-0.1602582815	-0.0530043832	-0.0151624191	-0.1162746033	0.1040860263	0.0037538634	-0.0712965571	0.1046162156	-0.03709637	0.1939501777	-0.1836798121	0.0063864348	0.0907639528	-0.0289177014	0.046111151	-0.0901109289	-0.051164057	-0.1232578655	-0.0870641331	0.0847077986	0.0544674164	0.0413464459	-0.0237102917	-0.0896333553	-0.0526181605	0.0834242865	0.0602959482	-0.1586118197	0.0262413843	-0.003426818	-0.0439157363	0.0779717785	-0.1343783003	0.0457416227	0.0555146732	-0.0712561155	-0.0042980337	0.0515521973	-0.0941476495	0.011605488	-0.0578632213	0.0303716207	0.0558602673	0.0230354991	-0.006911192	0.0642437991	-0.1142812791	-0.0126449354	0.0371865274	-0.0077044103	-0.0533709285	0.013230473	0.0508678506	0.0580318518	0.0037893888	-0.0520667345	-0.0182464465	0.0791403801	-0.0504640424	-0.0970359482	0.0695752501	0.0453503606	-0.01804217	-0.0687283005	0.0458466933	-0.1125779538	0.1350488172	-0.0729096743	-0.0229498133	0.1012840434	0.058082219	-0.0845364737	-0.0023378007	0.0806001883	0.0412497954	-0.0699927495	0.0184547203	0.0255980531	0.0394948812	0.0274637886	0.0067838927	-0.0108698026	-0.0118654113	0.0513952812	0.1753600825	-0.0002976465	0.1586856015	-0.1764603265	-0.0391002618	-0.0077881732	0.0517996958	-0.0178932647	0.1280154945	0.022524313	0.0395762752	0.1244319882	0.0117896122	-0.0571294694	0.1960852607	0.0067499669	-0.0227353489	0.0859364805	-0.0469416641	-0.0354961177	-0.0407923692	0.034386776	-0.0388191188	-0.0563266742	-0.1158230375	-0.0152404846	-0.0011011058	-0.2053842501	0.1073660975	-0.0423811729	0.050137032	-0.0399254203	0.0378648281	0.0275648698	0.0353186107	0.07464051	-0.068898488	0.0084321898	0.0849963332	-0.0716908571	-0.1321806323	-0.0470053102	-0.0496066673	0.0811141009	0.0694763559	0.0682040291	-0.0260384197	0.1050155138	-0.0286722562	0.0173533129	0.0678903285	0.0557286837	0.0347744001	-0.0805022007	0.0242788291	0.0376765541	0.0027765317	0.0030283322	0.0234594594	0.0431681909	-0.046092699	-0.0326711187	0.0639619638	0.0786233424	-0.0184361575	-0.0230726451	-0.0069541531	-0.0326582798	0.0691245962	-0.006129924	-0.0912107581	0.0246171073	0.0013251977	0.1660761583	0.0347149717	-0.0653210677	0.0561854192	0.1436765765	0.007008849	0.001473252	-0.0889797978	0.089984748	0.0524699578	-0.0982905813	0.0554657266	-0.0531544963	-0.079883951	0.0529837774	0.0261422211	0.0043029546	0.0910836859	-0.0274069882	-0.1574750647	-0.1052163028	-0.0539291185	-0.0350545013	0.0934030479	-0.0701241541	-0.0144381275	0.0	-0.0022283568600158	0.012038655370958	4.965574295579475e-06	0.0001449292231406	0.1476374062357308	-0.0076874992574716	5.909764483362661e-05	0.0217968037200142	-0.0578151128788562	0.0016112669243	0.0033425872771948	2.596181101343197e-06	0.0052913131030937	0.0004093280081918	1.675494182903481e-07	2.799799435497108e-05	0.0013293714113404	-0.0002133442048357	4.5515749737019744e-08	1.7672283492891671e-06	0.0010809908114257	0.0003817517187104	1.1685411343867934e-06	1.457343747383444e-07	0.0	0.0	0.0	0.0	0.0	0.0	0.0	0.0	0.0
8322.699055539997	-16.223559129071873	263.2038708144913	69267319.56908636	6071.863750400828	16.974331832051575	36867529.40343162	288.1279411445994	5302.64978224762	-6.251610092433111	39.08262874781153	28118094.713170737	5129.495254083254	8518.831340893963	1.340186	25.431738	0.0465576665639714	0.0224162468851875	-0.1580397446	0.052670027	0.0599213423	-0.0907686396	0.0063873555	-0.0504266188	-0.022413374	-0.1298964801	-0.048226858	0.2013333395	-0.1701983239	0.0195119703	-0.0113590108	-0.0424790465	0.0002697559	0.0310595407	-0.0555928002	-0.0140973303	-0.0970019905	0.021761296	-0.0674189072	-0.0122745308	0.1678210848	-0.0523017946	-0.0174400631	-0.0341125086	-0.1038927545	0.0287157331	0.0327965172	0.0880580286	-0.0046416302	-0.0561473934	-0.0025359683	-0.003898407	-0.1340701429	0.003939967	0.0718526559	-0.0362108316	-0.0113004333	-0.1361626676	0.0248052743	0.0098995354	-0.0745615189	0.0079169918	-0.0509922216	-0.0444946844	-0.0681811955	0.0014896916	-0.0100142161	-0.1158240795	0.0315544668	0.0445050935	0.1619718993	0.0230061742	-0.0857159083	0.0511554852	0.0436233933	-0.0517862497	0.1262395642	0.0433507165	0.0639878647	0.0186602121	0.1069912095	-0.0167076906	-0.0561418925	0.0144200354	0.0599703253	-0.0541514457	-0.0802485688	0.0761924215	-0.0199131194	0.0110260869	0.0954351057	0.1058361744	-0.0634923869	0.0080504485	0.0865607215	0.0770166178	-0.0356595181	0.0886314279	-0.0371607655	0.1091562021	0.0082047648	0.0454132288	0.0179228231	0.0532892734	-0.0029234579	0.0477936457	-0.0348392523	0.1022149321	0.0341233115	0.0241332554	-0.0242012976	0.0290792202	0.0038500037	-0.1246922984	0.0307406203	0.0653928319	-0.0133515881	0.2117760808	0.150526359	0.0394801438	-0.0452107968	-0.0244065621	0.0029275932	-0.0343908226	0.0639950749	0.0053152017	0.0981640933	0.0647057008	0.0511648853	0.0422855682	0.0228543192	-0.0040941535	0.0454004398	-0.090694429	-0.0062010712	-0.0196151399	-0.1364394541	-0.0112662077	-0.0288758919	0.0784765901	-0.0578472233	0.0746135177	-0.0297336927	-0.0192980543	-0.029572506	-0.0834916923	-0.0186209287	-0.1135975774	0.0994299835	-0.1198381831	-0.0259485587	0.0835263253	-0.0171022204	-0.0913780436	0.0271973634	0.0430171068	0.047442588	0.1128513698	0.0217284634	-0.0724884007	-0.0139816687	0.0403769041	-0.0931484909	-0.0937554076	0.0392856411	0.0229280503	-0.0138137765	0.1450889279	-0.0090121953	0.0292333963	-0.1106584024	0.1031487092	0.0100996371	0.0702001264	0.0508716604	-0.019493022	0.0001429937	0.0604483976	0.0745913239	-0.0344770058	-0.0642734872	0.0124367418	0.0736775298	-0.0977265833	-0.0609656613	0.006333395	0.0131286612	-0.1034765135	0.0592382193	-0.0406045188	0.1595990294	0.0739962599	-0.0063127214	-0.1933347841	0.0534242911	-0.0309671277	-0.0358792463	-0.0911749112	0.0071400852	-0.0164452158	0.0071413063	-0.0133000012	-0.0189259949	-0.1099858111	0.1825210063	0.0586620801	-0.0245235734	0.0698582711	0.0344914027	-0.1765511874	0.066947455	-0.0550642208	-0.0324711814	0.0923987632	-0.0737665775	-0.0075838198	0.0	0.0122139189787588	0.0144422758387746	0.0001491798168196	0.0002085793314032	0.1563223039293007	0.0086848976935698	7.542744794777564e-05	0.0244366627057646	-0.0585608205873882	-0.000745707708532	0.0034293697078682	5.560799865640495e-07	0.0053819419077523	9.062880465859988e-05	8.213580233846656e-09	2.8965298698420464e-05	0.0010230687340571	-0.0003063026772833	9.382133011091745e-08	1.0466696346051972e-06	0.0011377550359457	5.676422451999998e-05	1.2944865218198012e-06	3.2221771853569672e-09	0.0	0.0	0.0	0.0	0.0	0.0	0.0	0.0	0.0
8325.552370147983	2.853314607986249	8.141404252147723	69314822.2680767	6044.785605359433	-27.078145041395143	36539433.01476061	733.2259388828326	5307.703367495473	5.053585247852425	25.538723857311656	28171715.037322786	5130.061440685609	8390.392149082909	1.220094	23.152843	0.0586128263087227	0.0277102065121542	-0.1383422512	-0.0804405746	0.0812669229	-0.1009548683	-0.044326951	-0.0230477253	-0.0903282647	-0.0914898275	-0.0950381839	0.0825735803	-0.1078363686	-0.0511111713	0.1253387482	0.1165027166	-0.0119522398	-0.0525027319	0.0238337816	0.0239345784	0.0111019514	-0.0927899696	0.0303730447	0.087689609	0.1054432355	0.035037669	0.0246326726	0.0362967926	0.0556507092	-0.1036550536	-0.0144394312	0.0553868523	0.0070955112	-0.0298160032	-0.1337660293	-0.0558270525	0.0703358306	-0.0400414087	0.0652079241	0.015181816	0.0761072151	-0.0461965369	0.0905163184	-0.0042590293	-0.0412119434	-0.1279845939	-0.0175552458	-0.064875133	0.0720840955	-0.1051898433	-0.0847623859	0.0253147274	0.0601382929	0.0483319159	0.0013752492	0.0812759665	0.0924472566	0.0323287558	0.1023690819	-0.0966728272	-0.0756364997	0.0618326568	-0.0218862411	0.1228562025	0.2217484082	0.0010681588	0.1167387947	-0.0415868758	-0.0257400881	-0.0549918119	-0.0899859336	-0.0749875484	-0.0254535518	0.0324672453	0.035719208	-0.0245947191	0.049314659	-0.0132654576	0.0032432401	0.02150674	-0.0739570048	0.1085148616	0.0852071002	0.0999964625	-0.1024110041	-0.0154939457	-0.0325787646	0.0075029365	0.0844029243	-0.0637346032	0.1084044072	-0.0446650505	-0.0512997544	-0.07319309	0.0231123644	-0.0541185353	-0.0963393798	-0.0245519373	-0.0346388627	-0.0305662187	-0.0702817301	0.0977048515	-0.0095088016	-0.1000580664	-0.0252219662	-0.100716797	-0.0394494033	0.0032532028	0.0658358512	-0.1392514284	-0.0083230053	0.0303793432	0.1545731896	-0.0088817976	0.0322572569	0.0370038462	-0.0467290069	0.0179276254	0.0736363275	0.0729916124	-0.0333162142	0.0056183358	-0.13819763	-0.0718966267	-0.1103937704	-0.0794498515	-0.0667096875	-0.0477545989	-0.025792494	-0.0520905605	0.1673107582	0.1961236004	0.0693479218	-0.0514495766	-0.069029904	-0.0352273078	0.0766143652	0.046677001	-0.0890718037	0.0426262722	0.0078458332	0.1285739529	0.0887611419	0.0738521653	-0.0258112755	-0.0088759172	-0.0775516913	0.0143190531	0.0466171026	-0.0912209273	-0.0524373804	-0.093808892	-0.0811279874	0.1061339599	0.0112407534	0.0280901659	-0.0609910719	0.0562420415	-0.0152223383	-0.0149658957	-0.0824120548	-0.0718346349	0.0442320879	-0.0446187744	-0.085822429	-0.0367953786	-0.0050754538	-0.0712800894	0.0018978618	0.049198079	-0.0488506866	-0.0930767953	-0.0050063433	0.0364887264	0.0925629009	0.1200762906	0.0186797387	-0.1257530173	-0.0580409698	-0.0591395219	-0.002752227	-0.1357216599	-0.0124054896	0.057206699	0.1087564509	-0.0422829846	0.0255767221	-0.0239651995	0.1333379923	-0.0167334446	-0.0102873319	0.0293640304	-0.1359612839	-0.101876836	0.0130714239	-0.0561878877	-0.0298608894	0.0912218041	-0.0771639557	-0.0006901546	0.0	0.0023774959558551	-0.0098364230229037	5.652487020107354e-06	9.675521788550996e-05	0.1724014443561543	0.0160791404268536	0.0002585387568664	0.0297222580160881	-0.0583015366740227	0.0002592839133655	0.0033990691785524	6.722814773012828e-08	0.0052238863073958	-0.0001580556003564	2.4981572804053514e-08	2.728898815259733e-05	0.0013390277077542	0.0003159589736971	9.983007305972474e-08	1.7929952021334674e-06	0.0009630100310873	-0.0001747450048584	9.273883199747624e-07	3.0535816722962265e-08	0.0	0.0	0.0	0.0	0.0	0.0	0.0	0.0	0.0
8339.428379271832	13.876009123849144	192.5436292051447	69546065.69300443	6067.656985610279	22.871380250845505	36816461.295025215	523.1000345787658	5305.642844054755	-2.0605234407175885	4.245756849746649	28149845.988669436	5130.771084144467	8498.904367565436	1.216018	23.075485	0.0520860918401494	0.0432380534011075	-0.138612091	-0.0866235244	-0.0498086406	-0.0206479293	0.0025576126	-0.0169825317	0.0112773655	-0.1045718953	-0.1004973977	-0.0678783999	-0.1766431014	0.001061801	0.1010389875	-0.0077282821	0.0702648414	0.0994599007	0.0441184325	-0.0766221723	-0.0779380057	0.0319506686	0.087209258	-0.0093321542	0.1350274694	0.1217721339	0.0419348282	-0.091316677	-0.003677445	-0.0942518192	-0.024539221	-0.0480029647	-0.0453724509	-0.0769835133	-0.0922606111	-0.03263112	0.031055532	-0.153846357	-0.0562696932	0.0066888659	0.0090082505	-0.0324129472	-0.1643043285	-0.046023718	-0.0356750138	-0.2258724554	-0.1354572786	-0.01433185	-0.055775162	0.1393836676	-0.0274041795	0.0249704167	-0.0067941816	0.0961445412	0.0321901506	0.0166807198	0.0018087145	-0.0006704127	0.046497041	0.0468714635	-0.1014960655	0.0433714277	0.0905026407	-0.0462105553	-0.0646938611	-0.0542627051	-0.01208957	-0.0481872417	0.011766648	-0.0142245892	0.0806275537	-0.0571026914	-0.0819055777	0.1351533686	-0.1357525671	0.0784757123	-0.060484327	0.0280093151	-0.0775210821	0.0392647882	-0.0446751066	-0.0779090282	-0.0377394034	0.0240189981	-0.0162225661	-0.0870008745	0.0805378724	-0.0429361909	-0.0133400209	0.0474243549	-0.0692802799	-0.0555185997	0.0137549292	0.1706962096	-0.0363312639	0.0232715674	-0.011926381	0.0277217454	0.0322752636	-0.0924377896	0.0307206482	0.0655440235	0.046441045	-0.0916615448	-0.0664213209	-0.0196911903	0.0006123217	0.1596155935	0.0525778467	0.0443802896	0.0474131485	0.0591261213	0.0016423451	0.111868231	0.1060769262	0.1128693812	-0.1123947558	-0.0085971164	-0.044624841	0.0582928848	0.0507314226	-0.0053306497	-0.0829037885	-0.120113085	0.0191536886	0.0230240198	0.0984849201	-0.0154791643	0.0206841541	-0.0333438628	-0.124397109	0.0830243543	0.02464478	-0.0905029354	0.0249547626	-0.0309191001	-0.1355696714	0.1065262219	0.0975313029	-0.0258716842	0.0585042075	-0.0449993053	0.0802267366	-0.1312388086	0.036609959	0.1292889769	0.0122198045	-0.0062265738	0.0948251202	-0.1226981035	-0.2379226168	0.0100897743	-0.0009392423	0.0044618075	-0.0664339813	-0.1232222285	0.0119223578	-0.0265787034	-0.0382859356	0.0167871861	0.0238852136	0.0031046095	-0.0231034235	0.1142427916	-0.0367791969	0.030318614	0.0825566924	-0.0234247992	-0.1500499883	-0.0574912218	-0.0499585096	-0.1043167256	0.0218834809	0.0671684173	0.1306686919	0.076041292	-0.0502670559	0.029354033	-0.0599594631	-0.0195042363	0.0333302561	-0.0557868283	-0.0289983969	-0.0882748787	0.0562283866	0.0165644	0.0412559014	-0.0620858437	-0.0582096782	0.0208825652	0.0414312077	0.0524809277	-0.022671466	-0.0372931761	-0.0868932242	-0.057299886	-0.0272257935	0.0898743702	-0.080305003	0.0062070923	0.0	-0.0001987099304017	-0.0025762058862568	3.948563644024846e-08	6.636836768384184e-06	0.1293391944232951	-0.0430622499328591	0.00185435736928	0.0167286272140669	-0.0602738411950412	-0.0019723045210185	0.003632935932405	3.889985123630016e-06	0.0052388772789963	1.4990971600500023e-05	2.2472922952699824e-10	2.744583514438368e-05	0.0012961138355616	-4.291387219260015e-05	1.8416004265628207e-09	1.6799110747342022e-06	0.0009946118172945	3.1601786207199954e-05	9.892526671018675e-07	9.98672891485573e-10	0.0	0.0	0.0	0.0	0.0	0.0	0.0	0.0	0.0
8343.743930481533	4.315551209700061	18.62398224354366	69618062.77744742	6052.937738067475	-14.719247542803714	36638055.26092141	216.6562482263332	5306.316898845205	0.6740547904501	0.4543498605287281	28156999.0309702	5125.2845071437205	8543.475518903715	1.107786	21.021641	0.0496065320880352	0.0268628647680304	-0.1339185994	-0.0197752861	-0.0562347057	0.0012779686	0.0850386104	-0.070070499	-0.0909551763	-0.0110067925	0.0562524739	-0.0579786844	-0.1315224521	0.0451982266	0.1314941426	0.1163627385	-0.0566627101	-0.0437296665	-0.0664779305	0.065248546	0.0569791879	-0.0861658269	0.0473196311	-0.0797086998	0.0839886771	0.0942299597	0.0661381328	0.0642885612	0.0794370592	-0.0029499318	0.1170102647	0.0349156687	-0.1490154967	0.0051087154	-0.0516517612	0.026566214	-0.0190198271	-0.0560287785	0.1718731264	0.0169076165	0.052917565	0.0001297479	-0.0305047403	-0.0196391587	0.0775290181	0.001097065	0.0276999091	-0.0479423765	0.1173555969	0.0488465282	0.0405821564	-0.0500279493	0.0847919327	0.0467478331	0.0579947559	0.0325211857	0.0757564653	-0.0608763265	0.0518736062	-0.0155169627	-0.1437527899	0.0183157847	-0.0478675346	-0.110071289	0.0219222066	0.0568550651	0.0624684619	0.0315739394	-0.0715034781	-0.0670319558	-0.0492980848	0.0315854444	-0.1253630947	0.0193839083	0.0059946978	-0.0584981978	-0.108240014	-0.1107753556	-0.0541056785	-0.0942570965	-0.1006327738	0.0363311537	0.0347436904	-0.0763894298	0.0112498552	-0.0575600612	-0.0261133808	-0.0388965126	0.0397360189	-0.0058591906	-0.0520212205	-0.0561967417	0.0194742557	0.1279626565	-0.0318841247	-0.0279549558	0.0372971379	-0.0246657469	0.0789356648	-0.0202792301	0.0986730008	0.0563595443	-0.1039006105	-0.1233568648	-0.0183453613	-0.1205405845	-0.0235195309	-0.084593508	-0.0427573941	0.0651430231	0.0216430208	-0.0701214757	0.0842831249	0.1011096801	0.0478744391	-0.0480693079	0.0639715287	0.0117597768	0.008188034	0.0845908199	-0.0229548872	-0.0777281814	-0.1220556552	-0.0483402678	0.0911000356	-0.1024988099	0.0180335553	-0.0393438556	-0.0466428477	-0.0942024077	-0.042843301	0.0876689332	-0.0537036445	-0.0212762433	0.06559391	0.0632112258	0.0477022081	0.0748437915	0.0475008079	0.0245787809	-0.0001587279	-0.0723966777	-0.074551053	0.128311197	0.076825318	0.1043610972	-0.1261076216	0.0228982904	-0.0155981007	-0.1319771985	0.0704353341	-0.0201307195	-0.0039532806	-0.0879109162	0.0184080554	-0.0312373888	-1.6706e-06	-0.0742389769	0.028617499	-0.0025086501	-0.0986306625	-0.1087113458	0.0362002919	0.03423436	-0.0790151642	0.0016560256	0.0625132214	-0.0172577489	-0.0564527113	0.04960211	0.0086280515	-0.1265936388	0.025815952	0.0714385702	0.1462309548	0.0647268181	-0.0210213932	-0.0188699095	0.0552120624	-0.0145638578	0.0515130827	0.0167014028	0.1503892333	0.0141216511	0.0658395162	-0.0177219768	-0.0166287521	0.0120007233	0.0013433356	0.0334331743	0.0916376319	-0.0641136366	-0.0109331134	0.016011129	0.0176577886	-0.0583999846	-0.0245680825	0.0883589795	-0.0831792851	0.0130721264	0.0	0.0009817834448853	0.001180493375287	9.638987326508468e-07	1.3935646090964935e-06	0.1351038035660678	0.0057646091427726	3.323071856893845e-05	0.0182530377380186	-0.0650057155028918	-0.0047318743078506	0.0042257430480429	2.2390634465296623e-05	0.005605274929713	0.0003663976507166	1.342472384507164e-07	3.141910703766907e-05	0.0016296376552782	0.0003335238197166	1.112381383183511e-07	2.6557188875006293e-06	0.0009359421824853	-5.866963480919991e-05	8.759877689553467e-07	3.442126048644881e-09	0.0	0.0	0.0	0.0	0.0	0.0	0.0	0.0	0.0
8352.189969908706	8.446039427173673	71.33558200537219	69759077.29344359	6084.066311660691	31.12857359321606	37015862.884684525	968.9880939482682	5304.155061834334	-2.1618370108708405	4.67353926157097	28134060.91998279	5128.348012906138	8593.816338936038	1.094394	20.767513	0.0312858541465696	0.0140124137216478	-0.141018571	0.0580699118	-0.0307819791	0.0263771934	0.0387813974	0.0134782105	-0.0417403321	0.0526876238	0.0871858402	-0.027999809	-0.0958286266	-0.1047864639	0.1278339282	-0.0473927128	-0.0878192362	0.0459568777	-0.0236230833	0.0520667449	0.0299759782	-0.0322822521	-0.0115419043	-0.0488959187	0.0993425704	0.0654904614	-0.0415938338	0.0384728942	-0.0575618386	0.0832366563	0.0266087696	0.0046065269	-0.0687177408	-0.1207763976	-0.1654299102	0.0186465802	-0.0055387398	0.0061224094	0.0026231516	0.0368262073	-0.064798543	-0.0144886057	-0.0329514262	0.0111276312	-0.080580845	-0.0092250882	0.0257626287	0.0884358238	-0.0740974324	0.0164950271	0.022336358	0.0091701036	0.0087387039	0.0129839917	0.0399158526	0.0645299129	0.0323592918	-0.0864641256	0.0612213399	-0.0607395393	0.0822779691	-0.0335362322	0.1581675557	-0.0572581215	0.0325134447	0.019673612	-0.0459340238	0.0999353544	-0.0528846855	-0.0329335797	-0.1184341784	0.0597524491	-0.013944729	0.0389977774	0.0365725742	0.0175225565	0.0347408646	0.0347762862	-0.1003169364	-0.0145186973	0.0329061783	-0.0663151738	0.034200227	-0.1399824502	-0.1319233601	-0.0715811979	-0.0444280042	0.0644668582	0.0653537661	-0.02458352	0.0427591045	-0.0771392787	0.0784506837	-0.1035007589	-0.0892291681	0.0533613074	0.0611766763	0.0211776568	-0.0425524506	0.0407212047	0.0689530681	-0.0464917448	0.0807810477	-0.024275831	-0.0545631815	-0.1559719562	0.0219601383	-0.0409679217	-0.0314472611	-0.0143944161	0.0300232126	0.0698797007	0.0391815148	0.082834058	0.12862736	0.1242875973	0.0230425323	0.101589389	-0.0483405889	0.081025741	-0.0457667747	-0.0448313298	-0.0007153836	0.0439171974	-0.0509076543	0.145632294	-0.0036812893	-0.0085078377	-0.0273437636	0.0381850661	-0.0277559702	-0.025282624	-0.0072254321	-0.1126678023	-0.0223758818	0.1153400956	0.0506925269	0.0089134538	0.0164332051	-0.0692758763	-0.0070831266	-0.0447916679	0.1172168534	-0.032304823	0.062591381	-0.0133075391	-0.0811868949	-0.0706096901	-0.1484101873	0.0534599356	0.0253815489	-0.1399600837	0.0024961064	-0.0157178837	-0.071857819	-0.0156390633	0.0412742698	-0.0243039172	0.1000481353	-0.0286196263	-0.0649644631	0.0485881026	-0.0583266265	-0.1209258049	-0.006230775	0.0779175422	0.0442847866	0.0131825811	0.0992804483	0.1096127688	-0.0520528742	-0.1408908988	0.0121584989	-0.0136519012	0.1650104632	0.0002448864	-0.0170552602	-0.0520750362	0.0842423418	-0.0546242422	0.0934584323	-0.060271777	-0.0162386722	0.11300342	-0.0053840503	-0.0185484852	0.0083442889	-0.022757228	0.0305714354	0.0239370585	0.0250595847	0.0105355596	0.0025134461	0.0758305152	-0.0574996219	-0.0594879552	-0.0218899642	0.0866784641	-0.0857772541	0.0198693207	0.0	0.001729259499001	0.0007474760541156	2.990338414885189e-06	5.587204514763767e-07	0.141076840648239	0.0059730370821712	3.567717198499225e-05	0.0199026749672886	-0.0741391117423546	-0.0091333962394627	0.0054966078899453	8.341892686703319e-05	0.0055122337697837	-9.304115992929927e-05	8.656657440989446e-09	3.0384721132743823e-05	0.0015254024024111	-0.000104235252867	1.0864987940268262e-08	2.3268524892815555e-06	0.0010473046651053	0.00011136248262	1.0968470615513246e-06	1.2401602535289804e-08	0.0	0.0	0.0	0.0	0.0	0.0	0.0	0.0	0.0
8353.282890958199	1.092921049492361	1.1944764204234837	69777335.05637495	6068.817968871463	-15.248342789228444	36830551.53929715	232.51195781781516	5305.010935949901	0.8558741155666212	0.732520501696946	28143141.030548044	5125.327189108814	8649.60978794996	1.03592	19.657906	0.0633527483406084	0.0260360938370847	-0.1223614419	0.0885685596	0.0338210962	0.0400072392	0.0087217749	0.0498939881	0.0606670489	0.0238538909	0.0637651858	0.0550912404	-0.0415412499	0.0300559381	0.1251797414	0.0064093556	-0.0069453568	0.0246066634	0.0731078289	0.0305270073	0.040890091	0.0003896949	-0.0640444966	-0.0118371618	0.1453085157	0.0784855103	0.0522841456	-0.0053222964	0.0040848607	0.0481620123	-0.1134764345	-0.104346869	-0.1554732273	-0.1523385368	-0.0728151215	-0.0434501576	0.0122745678	0.0591743095	-0.1108527189	-0.0570694225	0.0582467875	-0.0424766274	-0.0396537486	0.0411730206	-0.0141642833	0.0459449904	0.1499665033	-0.0373498737	-0.1118001865	-0.0934745035	-0.0306358611	0.0047401116	-0.0512574349	-0.1300136682	0.0054307093	0.0766158196	-0.1022156569	0.0248395808	-0.1447525706	0.0593119399	0.0756556361	0.1979642772	-0.0226732221	-0.0934554762	-0.0393310014	0.0737229115	-0.0458571699	0.0927267482	0.0433403545	-0.0401981645	0.0471706883	-0.0383373615	0.0146306894	0.0036702786	-0.0449175206	0.1204275548	0.0047933958	-0.1032747621	-0.0604367024	0.0088155821	0.0502772507	0.0463546704	-0.0052454113	-0.14475662	0.0718652016	0.0520832008	0.0276116083	0.0139543447	-0.0979113133	0.0431596791	-0.066790802	0.0055715769	-0.022235362	-0.0281594691	0.054934118	-0.0433354008	0.008847039	0.0022930536	-0.0124396113	0.0790172829	0.0119385399	0.0072492119	0.0365683338	-0.0656802275	-0.0968216697	-0.0618793506	0.0945780941	0.1297742899	-0.0421823517	0.0703696317	-0.0185609979	0.0178548994	0.1172628395	0.1454863461	0.0975782573	0.0764533693	-0.0727364181	0.1380736909	0.0580343908	-0.0226668838	0.048702094	0.0450312874	0.0776462818	0.0499398308	-0.0009995776	0.1168418036	0.0859342767	0.0102086046	0.0316850765	0.1327688164	0.119880747	-0.1480533089	0.0059949181	-0.0544655611	-0.0176836629	0.0224648856	0.1082210622	-0.0808940392	-0.0022637643	-0.101299405	0.0930139339	-0.0980123771	-0.1573416462	-0.0526589993	0.0115152982	-0.000305587	0.0338444122	0.0044300465	0.0270527578	0.0498697121	-0.009312953	-0.0082869153	0.0846230566	-0.0604349494	0.0864237035	0.0822791699	-0.0572616257	0.0201554384	-0.0269146856	-0.0040449701	0.0062883211	-0.037029822	0.0654891817	0.0120323957	0.0031052651	-0.066557357	0.0144753561	0.0421482381	-0.0422185668	0.1083636271	0.0383424782	-0.1477034497	-0.0231192972	-0.0985987306	0.1339078533	0.0343760081	-0.0998988297	0.03969073	0.0035752348	-0.0721221902	0.0585351391	-0.0582631702	-0.050972675	0.0491957705	-0.0396739527	-0.0624295328	-0.007918618	-0.0384734914	-0.0006252223	-0.0278255029	0.0481101148	-0.0318766084	-0.0434530126	0.0169885012	-0.0374168558	-0.0605635717	-0.019193663	0.0848359644	-0.0880902796	0.0265634	0.0	-0.0084695376917096	-0.0101987971907106	7.173306871128959e-05	0.0001040154641372	0.1567447837010576	0.0156679430528186	0.0002454844395063	0.0245689272174913	-0.0705229981918904	0.0036161135504642	0.0049734932739733	1.3076277209850848e-05	0.0057343097749349	0.0002220760051511	4.9317752063915656e-08	3.288230859491395e-05	0.0017588847869682	0.0002334823845571	5.4514023898469564e-08	3.0936756938281707e-06	0.0008254651638813	-0.000221839501224	6.813927367815814e-07	4.921276430331312e-08	0.0	0.0	0.0	0.0	0.0	0.0	0.0	0.0	0.0
8350.193667044632	-3.0892239135664568	9.543304388150856	69725734.27715228	6053.208357625933	-15.609611245529775	36641331.42083244	243.65996323656967	5310.573260101382	5.562324151481334	30.939449966152548	28202188.350903824	5131.305517386465	8584.307375755237	1.126746	21.381435	0.0912919408125779	0.0411928833663137	-0.0838225931	0.0543040964	0.0667772556	0.0183192561	-0.0541507453	0.0246580248	0.0452741358	-0.0594244031	0.0161358693	0.0472226186	-0.0190536411	-9.82206e-05	0.106731497	-0.0032339965	0.007547543	-0.0095939506	-0.054933985	0.1231113972	-0.0396115222	-0.0571455539	-0.0732111202	-0.0055295895	0.0801359366	-0.0817313577	0.0277222206	-0.0032548627	-0.0076468942	-0.0158357061	-0.0163986768	-0.0135897451	-0.0081713293	-0.0064350858	-0.1619747677	-0.1839824427	0.0157313393	0.0046143735	0.0851522699	0.1459083985	0.0218987563	-0.0470505955	-0.1152844853	-0.1086486709	-0.0662459433	0.1167704366	-0.0037205826	0.0215773424	0.0034532569	0.0580094202	-0.0016047728	0.1083903643	-0.03357948	0.0491424713	-0.0077961317	0.0561096865	-0.0811909117	-0.1405300653	-0.0136083639	0.0711158497	0.0246133645	0.1005149254	0.0605272553	0.0325960012	-0.1612140755	0.0101579755	-0.0089358584	-0.0669012067	0.023462782	-0.0261582932	0.0314993594	0.0177037035	0.0137881378	-0.0964394359	-0.0148193982	-0.0108679527	-0.0364759568	0.0338087804	0.0556805452	-0.0952177441	-0.1291727439	-0.1115706446	0.1278195669	-0.1389503973	0.0031077415	-0.0086623671	-0.0653625502	0.0643622796	-0.0343001271	-0.0017111341	-0.0629553362	-0.0313056492	-0.0880243903	0.0803646623	-0.0147834739	-0.0621842651	-0.043238225	0.0912341414	-0.0599223846	0.0733346869	-0.0273949136	0.053120361	0.0485720047	-0.0184992502	0.0367546201	-0.0355214506	-0.0045605216	-0.0114192215	-0.0765028336	-0.0102009922	-0.0508017528	0.099867615	0.0679049077	0.0450089321	0.1356048378	0.1602845194	-0.0630468368	-0.0218391047	0.143303374	0.0259790897	0.0330125025	0.0240888408	0.1031054527	0.0201691137	0.1057835566	0.039902117	-0.040895071	-0.0940134204	-0.0760834717	-0.0441681216	-0.0827644904	0.0848262791	-0.01545845	0.0529595766	0.0542937355	0.0496304098	-0.2311082476	-0.0390210787	0.1265616381	-0.0907480519	-0.062910139	-0.0450310532	-0.0045235111	-0.0520478225	0.0685777433	-0.0703201789	0.0402508043	0.015826803	0.141348825	0.0550955474	0.0603887337	0.0016837445	-0.0154124244	0.0897447325	0.055272961	0.018413385	0.0607138098	-0.071901843	0.0458756136	-0.1103016195	0.0558864811	-0.0175406109	0.1184043115	0.1252034736	-0.0613550918	0.0684859466	-0.0218909739	0.080321981	0.0637244357	-0.0539891588	-0.0152371688	-0.1148545833	0.0080087	-0.0638800644	0.116256307	0.0586931887	-0.00975494	-0.0887786829	0.0810039523	-0.0595397114	0.0325184077	0.0220857824	-0.0680855011	0.0115874999	0.0478171838	-0.0248439397	0.0574326496	-0.0532679242	-0.0925828173	-0.0054092349	0.0006360561	0.0868203931	-0.0772879937	0.027081382	-0.1323563901	-0.0616266108	-0.0164814186	0.0828349236	-0.0901106781	0.0331196242	0.0	0.0011399990009124	0.009609536692622	1.29959772208127e-06	9.234319544684856e-05	0.1335179353239937	-0.0232268483770639	0.0005394864855311	0.0178270390531821	-0.0635790522663484	0.0069439459255419	0.004042295887087	4.8218385016851305e-05	0.0051793443840079	-0.000554965390927	3.0798658512675805e-07	2.6825608248154173e-05	0.0014169895652047	-0.0003418952217635	1.1689234266471299e-07	2.0078594278990045e-06	0.0009588367475378	0.0001333715836565	9.193679084288669e-07	1.7787979327042793e-08	0.0	0.0	0.0	0.0	0.0	0.0	0.0	0.0	0.0
8348.515636079645	-1.6780309649875562	2.815787919457069	69697713.32586631	6092.625823974609	39.4174663486765	37120089.43096229	1553.7366533490442	5310.338310650703	-0.2349494506797782	0.0552012443747295	28199692.97356456	5133.995860517066	8604.093684607755	1.070162	20.307688	0.0613623429790197	0.0325375249595642	-0.101951631	0.0407736398	0.0827251034	0.0010358292	-0.0227026227	0.0211493759	0.0041380431	-0.0304644962	0.0157792089	0.0777092504	-0.009727275	0.0262794701	0.103417691	-0.0122932938	0.0545842702	0.0637910293	0.0420442862	0.1118311255	0.0998387965	-0.0786040184	-0.079405517	0.0106483197	0.0535366123	-0.0432724435	0.0148851874	0.0204302323	-0.0466231111	-0.0303510167	-0.0464189357	-0.0234668022	-0.1070634175	-0.1095602593	0.0977279101	-0.1225012416	-0.1095925846	-0.0649923645	0.1223285138	0.0316123914	0.0451905275	-0.0991002793	-0.0134049835	-0.0208945208	-0.0454367573	-0.0539454566	-0.0724117915	-0.0543304706	-0.0213481219	-0.0215182172	-0.0117677236	-0.0481413407	0.0310624642	-0.1058400777	0.0531604276	-0.0543556445	-0.1530394396	-0.00232993	0.0276485338	-0.0110909654	0.0435611331	-0.1041974736	-0.0654326552	-0.0267375092	-0.0135585391	-0.0015972436	0.0548888023	-0.1111975753	0.0465947549	-0.0277650919	0.047581993	-0.2319844642	0.1866366311	0.0385998577	-0.0068790801	-0.013617632	-0.0155396728	-0.0250993983	0.0040896952	0.0055804128	0.0565931641	0.024579962	-0.0859338407	-0.0703505662	-0.0421294594	-0.0452613165	-0.0594852072	0.0300421701	0.0772226326	0.0191898417	-0.0066596621	0.0085799066	0.0867169364	-0.0994624132	0.0469822593	0.0064904123	-0.0187985638	-0.0604484749	0.0892636376	0.0636681998	-0.042344484	0.085619222	0.0352039934	5.87481e-05	0.0595288658	0.0352365184	0.1350788601	0.0293782837	-0.0242896286	0.0557121258	0.0581989634	-0.0334529726	0.0931161617	0.102443445	0.1472551151	-0.097219963	-0.01738902	-0.1419286069	0.1244633502	-0.0977428965	-0.0658070195	0.0068307477	-0.0530893099	-0.0900792896	-0.0345317532	0.004885981	0.0138445663	0.0509238381	0.0423316164	-0.0746476522	0.0170754583	-0.0357881807	-0.0051676844	0.0090460732	0.0740053482	-0.0087845752	-0.0196328924	-0.1292803825	-0.1106891627	-0.0427281066	-0.1166751382	0.0312290012	-0.0933958545	-0.0807781739	0.1033361758	-0.0396333191	-0.0221479308	0.0334089182	-0.1021790358	-0.0271271106	-0.0576569703	-0.0662902431	-0.0908227605	-0.0338382784	-0.0186830582	0.0408064958	0.0397854487	0.0120093113	-0.1362500175	0.0616930253	0.0454346763	0.1463421482	-0.0992020069	-0.0971045279	-0.0027917427	-0.021341863	0.0225106199	0.1018930281	-0.0326619242	0.0050437567	-0.0048997062	-0.1209338384	-0.0066246811	-0.0813899355	0.119963148	0.0497089134	0.0130606505	-0.1004122887	0.0185277318	-0.0721703066	-0.0007534022	0.0010490628	-0.0162810018	-0.0110190291	0.0153497044	-0.0361864675	-0.0392311208	-0.0732677292	-0.0149339444	0.0967586873	-0.0238445755	0.0644508035	0.0690260769	0.0341317712	0.0606647	-0.0626768518	-0.013755484	0.0806790814	-0.091831738	0.0395039689	0.0	-0.0008891887420503	-0.0020291877429627	7.906566189889949e-07	4.117602896190057e-06	0.1582258757308636	0.0247079404068699	0.0006104823191494	0.0250354277507986	-0.0798361087806256	-0.0162570565142771	0.0063738042652318	0.0002642918865084	0.0051076734490668	-7.16709349410996e-05	5.136722915331333e-09	2.6088328062301945e-05	0.001629672021282	0.0002126824560773	4.52338271230727e-08	2.6558308969493595e-06	0.0010418465228176	8.300977527979988e-05	1.0854441771071237e-06	6.890622792002875e-09	0.0	0.0	0.0	0.0	0.0	0.0	0.0	0.0	0.0
8357.740184451468	9.224548371823404	85.09229266410979	69851820.99079485	6103.7297487780825	11.103924803473092	37255516.84611856	123.29714604118494	5308.463688012118	-1.874622638584697	3.51421003709425	28179786.726943217	5130.453422805339	8599.242466497331	1.059007	20.095999	0.0614425382860488	0.0324205496520469	-0.0859090558	-0.0028975131	0.1104034557	0.0418346872	-0.0476823667	-0.0106300108	0.0065977361	0.0038152041	-0.0317197806	0.0706403994	0.046578053	0.1159177457	0.1584604803	0.0274043597	0.1501426476	-0.0216011472	0.1270160547	0.0287355305	-0.0290290451	-0.0578451613	-0.079582712	0.0508595855	0.0875970025	0.0764028748	0.0507013731	0.0909308742	0.0785062591	-0.131482092	-0.0516048653	-0.0359173404	-0.0240499195	-0.1130423291	-0.0100614317	-0.0573303515	0.0325205619	0.0908152405	-0.0264535796	0.0428734846	-0.0784705953	-0.0168873482	0.0862290941	-0.0658235426	0.0137361533	0.0347782122	-0.0017073415	-0.0410430577	0.0261428051	-0.0095626401	-0.0368532481	-0.1276113029	-0.0547735796	0.0160592353	0.0432660893	-0.0400980047	-0.0426222483	-0.0428036056	-0.0240463163	-0.0087165185	0.0592840759	-0.0103472408	-0.0966479986	-0.0388635036	-0.0089400458	0.0944578636	-0.0204107987	0.0221691451	0.0335931313	0.0184293179	0.0345997899	0.0183674599	0.023524938	-0.10612281	-0.0426542564	-0.0584847611	-0.0296492637	0.0138079929	0.1123063271	0.0488816613	0.0513416594	-0.0054272022	-0.0764103913	-0.0319896001	-0.1482213194	0.1760520388	0.0548833165	0.0496107414	0.0456474719	-0.0039432684	0.0960547608	0.0347552837	-0.0059980066	-0.0524178649	-0.1410610381	0.0706881287	0.0269306083	0.1377780317	-0.0383657089	0.0487966115	-0.0797410525	0.0811364234	-0.0599219402	-0.1115594808	0.0376066226	0.0216635948	0.1412395436	0.1139993874	0.0375325933	0.0362175703	0.0208057774	0.0269687596	0.1070585806	-0.0610881204	0.0123041144	0.1117618769	0.0636074381	-0.0347134473	-0.0063184943	-0.0390504476	-0.0046985914	0.0922416338	0.0887390826	-0.0559806984	-0.0645490249	-0.0218987804	0.0657480882	-0.0819469636	0.0248561246	-0.0105393797	-0.0270297239	-0.0649943923	-0.0096349776	0.0266276568	0.062238518	0.0188720613	-0.0282540389	-0.0653003242	-0.0754310348	-0.0228316377	-0.0943143546	0.0025255058	-0.1180228112	0.0517609751	-0.0348641248	-0.0241324365	-0.0802681355	0.0257581726	0.0660184942	0.1163843369	0.0074322727	0.0751431405	0.0102622336	-0.0143196673	-0.020693034	0.0551801465	-0.0255767045	0.0478953658	-0.0447968372	-0.0816101674	-0.0936217126	-0.0057100605	-0.0806426201	-0.05869171	0.0516363776	0.0344420884	0.0170308558	-0.0823670618	0.0606063617	0.0730670779	0.0703375326	-0.1085337356	-0.0335761139	-0.1010447069	0.0746593698	0.1016609486	-0.0302852346	-0.0552083598	-0.0842047747	-0.0677006916	-0.0137349833	0.0438681774	0.0460334946	-0.0890630481	0.0796927373	-0.0264348603	-0.0344171002	0.0199922669	-0.0630728598	0.0068622325	0.0310165006	0.0158968709	-0.0532223614	0.0167829928	-0.064319065	-0.0637140765	-0.0110181235	0.0783724666	-0.093247742	0.0456833015	0.0	-0.0029241873825043	-0.002034998640454	8.550871847997349e-06	4.141219466649628e-06	0.1485217304043971	-0.0097041453264665	9.417043651718195e-05	0.0220587044023164	-0.0566989908084423	0.0231371179721832	0.0032147755586958	0.0005353262280587	0.0048318813369597	-0.0002757921121071	7.606128910049524e-08	2.334707725445946e-05	0.001627913082743	-1.758938538999914e-06	3.093864783979152e-12	2.650101004965818e-06	0.0007880720465248	-0.0002537744762927	6.210575505137865e-07	6.440148481768487e-08	0.0	0.0	0.0	0.0	0.0	0.0	0.0	0.0	0.0
8356.467047646505	-1.2731368049626326	1.6208773241504604	69830541.5184019	6084.216965556738	-19.51278322134476	37017696.08396844	380.7487090431937	5306.578776809404	-1.884911202713738	3.55289024211575	28159778.314483996	5128.973098448369	8567.927387999052	1.179818	22.388538	0.0766603454086542	0.0442617225098727	0.013331715	-0.0592284769	0.1045577635	0.0230595292	0.0471124274	0.0209998699	-0.1159263795	0.0468930608	-0.0441716541	-0.0144754493	0.0493186946	-0.017179363	0.0830623793	-0.0324033353	-0.0076468981	-0.0682090512	0.0753904886	0.0800926533	0.0300635993	0.002106599	-0.0258956788	0.1128148724	0.0398915992	0.0987331041	0.0178098802	-0.0240064951	0.0382057165	0.0723703707	0.0971759031	-0.0236324733	-0.0764300499	0.0103673783	0.0464629061	-0.0091956449	0.0004039409	0.0192494632	-0.0289159774	-0.0986443754	0.0431670873	0.0351609784	-0.1077547655	0.0093372045	0.0422346961	-0.0532552321	-0.1028870749	-0.1307128637	0.0920478614	0.0947243904	0.0139211757	-0.0734068204	-0.0439066061	-0.0294613267	0.0147370634	0.0080437522	0.0497116681	-0.0222428441	-0.0365913142	-0.0140710024	0.1879063296	-0.0066117068	0.0001321802	0.0444581956	-0.0104603355	0.0822339422	0.1171054409	-0.009497905	0.0402228628	0.0745843739	-0.0180645308	-0.0308075655	0.0440360878	-0.0668127066	-0.0038365509	0.0279696047	0.0327805955	-0.1128738256	0.0855782909	-0.0143843956	0.0719211455	0.1024045065	-0.0002234216	0.0212168766	0.0906006416	-0.0316296017	0.0320297338	-0.0279209277	0.0702339926	-0.0189298484	-0.0705835747	-0.1088560007	-0.0912518813	0.0900766218	0.101158486	0.021009587	0.0215178817	0.0536511448	-0.0214233636	-0.0227972393	-0.1111219056	-0.0254841616	-0.0790953648	-0.0096945017	-0.059789336	-0.0599030621	0.019465639	-0.006287	0.014519399	0.1320600896	0.0246475058	0.0090528144	-0.0249386008	0.0579212247	0.0497258878	-0.0728303019	-0.0422363369	0.0707916511	-0.1108222207	-0.1247333379	0.0227741895	0.0269153287	-0.0034314138	-0.1093404282	0.064094822	-0.0386069998	0.0520518439	-0.0701889524	0.0210647194	-0.1207126338	0.0601979758	-0.024306627	0.0670443309	-0.0053330069	-0.0808640131	0.032637361	-0.0499751121	-0.0586319151	0.0861300961	-0.0327250691	-0.0812422154	0.0126231362	-0.0429047118	0.0352236489	-0.0749162955	0.0253851426	-0.0305760832	-0.1463750601	0.0238678327	0.1131995272	-0.0526055945	0.032818379	-0.0291249517	-0.0739404638	0.1049878453	0.0716156545	-0.0275709923	-0.0506027262	-0.0681365794	-0.0389613412	0.057278263	-0.0616805072	-0.0647595601	-0.0028232163	0.1157490644	0.0275632759	-0.0305924774	-0.0246438084	0.0163549879	-0.0551995685	-0.0309184794	-0.0232068382	-0.027415584	-0.05988876	0.011614663	0.1624763194	-0.0019889819	0.0180879424	0.0157764368	0.0365219373	-0.0072546111	0.0683559465	0.0622555245	0.0746825193	0.0417091211	0.0658325131	-0.0011450129	0.0594746532	-0.0926878884	0.0160585434	0.0785639124	0.1228956669	-0.0010666204	0.0036169358	0.0146418568	-0.0647380696	-0.0082716108	0.0759193896	-0.0943539865	0.0516255532	0.0	-0.0046504265759637	-0.0017262391934594	2.1626467338429463e-05	2.979901753035361e-06	0.1455773602214094	-0.0029443701829876	8.669315774466918e-06	0.0211927678090339	-0.0437955797680302	0.012903411040412	0.0019180528072178	0.0001664980164778	0.0042001060729975	-0.0006317752639622	3.99139984154508e-07	1.764089102443048e-05	0.0011639759668413	-0.0004639371159017	2.152376475111876e-07	1.354840051384139e-06	0.0007020579265528	-8.601411997199992e-05	4.928853322356167e-07	7.3984288345575965e-09	0.0	0.0	0.0	0.0	0.0	0.0	0.0	0.0	0.0
8359.14790183576	2.6808541892551148	7.186979184046699	69875353.6447652	6108.461070198325	24.244104641587	37313296.64612846	587.7766098722203	5307.919600375651	1.3408235662463994	1.7978078358017129	28174010.484052006	5131.237667177985	8579.834385701268	1.173531	22.269238	0.0463476928515537	0.0206707945305083	-0.0009666195	-0.1097541086	0.0033305519	0.0044673306	-0.0884299048	0.0970205964	0.0212629928	-0.0445455635	-0.1014324285	-0.0413669462	0.0375437136	-0.0712518719	0.0287427452	-0.0650650095	0.0579931056	0.0909770465	0.0405724595	0.0458506253	-0.0719264061	-0.0191595736	0.0772964869	0.0817253776	0.073531899	-0.0153343044	-0.03474471	0.0920359132	-0.015666925	0.0452403823	0.0161095686	-0.0870579157	-0.0113251969	-0.0149687371	-0.0088021683	-0.0016462539	-0.0096972305	0.0429279137	0.0159822027	-0.2008952476	-0.0900467436	0.0108744893	0.1472065733	-0.0317055904	0.1008567649	-0.0180177253	0.0013169337	0.0258313337	-0.0185556918	0.0285055001	-0.0314150452	-0.1157410399	0.039483145	-0.0427501939	-0.0616248419	-0.0262541745	0.0609741748	0.0102248481	0.0868592483	0.0269464509	0.1057899482	0.08030098	-0.0496354436	-0.1607784371	0.0098015848	-0.0424388983	0.0159060332	0.0468119226	0.0709937169	0.019732691	-0.0632996274	-0.0477488482	0.0307653047	0.0354900474	-0.0050030032	0.0403620737	-0.0329685149	0.0377007934	-0.1145016435	-0.0351032603	-0.017922147	-0.0435320588	0.0781024835	0.0118660006	-0.1116884323	-0.0210612165	-0.0977971247	-0.0326527079	0.0383462581	-0.0416241312	0.0383612783	0.0494615656	-0.0494618379	0.027062489	-0.0703241377	-0.0056121044	-0.0629715646	-0.0781840547	-0.1836865106	-0.097511455	-0.0544597241	-0.0318377597	0.1021931787	-0.0319769046	0.0536949356	-0.0350146623	0.0648538654	0.0034871739	-0.0392498346	0.0567141574	0.0149676294	0.0322506894	0.0618762214	-0.0426583437	-0.0669971062	0.0093928043	0.1107235755	0.0651709447	-0.1161802566	-0.0658545027	-0.0475044245	-0.047931361	0.0496128115	-0.12785568	0.0282690379	0.0233807721	0.0463000735	0.0530933879	-0.0010985047	-0.050070743	0.0919796816	-0.1044587554	-0.0834546715	-0.0520615306	0.0541699314	0.0468727991	0.1451253238	0.027169639	-0.0533933428	-0.0670882962	-0.0348129622	0.0695682141	-0.0143245865	0.0497596583	0.0157530022	0.1660478305	-0.0707638923	0.033955403	-0.0188846184	0.010944667	0.0217579506	-0.0078744225	0.0446665901	0.0085375701	0.0027274703	0.0062525322	-0.0306243125	-0.0591830326	0.0094041754	-0.0253183822	-0.0155296105	0.0684479767	-0.0013208275	-0.0194820391	-0.1920568838	-0.0450104741	-0.0688372228	0.1312830999	-0.0403169102	0.0276280008	-0.07036372	-0.0190679709	-0.0620812278	0.0505982452	0.0042968243	0.0902888442	0.0827844517	0.0104371771	0.0088983767	0.0158291858	0.0467470214	0.0099932346	-0.129854016	0.015290759	0.0626928077	0.0280436454	-0.0572066302	0.0357201373	-0.1220480928	0.0142100126	0.0676430002	0.1111382032	-0.0302397275	-0.001885539	-0.0107646104	-0.0657486183	-0.0055182272	0.073324435	-0.0951467965	0.057299886	0.0	-0.0027077049310406	0.0019427216449231	7.331665993581581e-06	3.774167389652717e-06	0.1387226344125167	-0.0068547258088927	4.69872659150998e-05	0.0192439692983487	-0.0480903770557432	-0.0042947972877129	0.0023126843653635	1.84452837425469e-05	0.0039441888159501	-0.0002559172570473	6.549364245466472e-08	1.5556625415865856e-05	0.0013499501709037	0.0001859742040624	3.4586404576643195e-08	1.8223654639229289e-06	0.0004788404254621	-0.0002232175010907	2.2928815305672493e-07	4.9826052793176696e-08	0.0	0.0	0.0	0.0	0.0	0.0	0.0	0.0	0.0
8362.959725472572	3.8118236368118232	14.529999438157317	69939095.36987628	6095.345323704962	-13.115746493363076	37153234.61521194	172.02280607816584	5307.513255285839	-0.4063450898120209	0.1651163320143393	28169696.95503488	5131.830984872639	8624.246651505795	1.231935	23.377525	0.0569449119522961	0.0246732822594781	-0.0231393278	-0.028345113	-0.1020215731	0.0518103933	-0.0670936866	0.0102760133	-0.0692698958	-0.0763604995	-0.0041134157	-0.1047152221	-0.0446877549	0.047509731	-0.0101840239	0.0210679592	0.1096301424	0.0002070509	0.0054692683	0.0660295268	0.0477363027	-0.0374994831	0.0744984195	-0.0813094635	-0.0123976132	0.1138987496	-0.0511010028	0.098859181	-0.0606828743	-0.0512205405	0.0465659188	0.050834839	-0.0166369051	0.0112847435	0.003694375	0.1275275383	-0.1121370545	-9.41375e-05	-0.0577760984	0.0328050594	-0.0387302702	0.0552073548	0.0105297326	-0.0198773322	0.0168015186	-0.0994201874	-0.0452697646	0.0063552034	-0.0709284177	-0.1289825385	-0.0593659859	0.0262326009	-0.0229649191	-0.1095878429	-0.0051235566	0.0279009425	0.0467248257	-0.0251232075	0.0212300454	0.0843882214	0.0730444162	0.0731412276	-0.0683078145	-0.0235968879	-0.0089070099	0.0119667559	0.0698014717	-0.0268352518	-0.0706632761	0.0328527657	-0.024220609	-0.0305266194	0.1094962947	0.0244956723	0.0539337137	-0.0417179172	0.0409745443	-0.061115597	0.1186635829	0.0312773094	-0.0033446102	-0.0924757641	-0.0860268403	-0.089108244	0.012116021	-0.0083922374	0.0959481223	-0.1521423383	-0.0775743015	-0.1142326575	0.0268757431	0.1161817346	-0.0723814938	0.0134059631	-0.0760196905	0.0624868227	0.0703144556	0.0285930536	0.0584051415	-0.0702658983	0.0826039406	-0.0054453179	-0.0410995211	-0.0991872064	0.0600792123	0.036900303	0.0625936967	-0.0619042497	0.0432460464	-0.0228273286	0.0209975914	0.1053137793	-0.1198643719	0.0804862165	0.0080392821	-0.0399002825	0.0518239304	0.0427014348	-0.0520174069	0.0523349054	-0.0244029218	-0.0243499891	-0.0295472513	0.0243902342	-0.0835107162	0.0411699796	0.0211353487	0.090105642	0.030233479	-0.0489169549	0.118364874	0.0107284608	0.0288512177	-0.1004422185	-0.0233645085	0.0266349803	-0.0092864429	-0.0829774515	-0.0678523029	-0.0210092325	-0.0130461521	-0.0950387116	-0.0553992909	0.1214344815	0.0179719886	0.0251343987	-0.026393653	-0.0280966263	0.0372855511	0.0590775961	-0.0430983208	-0.0613882629	-0.0340336349	-0.004914835	0.0623922329	0.0139330287	0.0788233497	0.0067892083	-0.1352453696	-0.0290352844	-0.0541368085	-0.0335379134	-0.1118465603	0.080085868	0.1690800907	0.0596938704	-0.1379248494	-0.0176575496	0.0469930301	-0.0579798154	-0.0741699623	-0.0075670889	0.0484061719	0.0763225849	0.0501058132	-0.0150359121	0.0907631779	-0.0066145712	-0.0430288921	0.0076992843	0.0029218397	0.0716043577	0.0050508003	0.0148501839	0.1341539107	-0.1130175766	-0.0055707649	0.0908932347	-0.0624244838	0.1345473707	-0.0617597051	-0.0040470311	0.0099895398	0.0368579882	0.1042158595	-0.0667455128	-0.00276026	0.070592452	-0.0956235384	0.0626768518	0.0	0.0034734657901651	0.0061811707212057	1.206496459544726e-05	3.820687148469059e-05	0.1498768177228981	0.0111541833103814	0.0001244158053215	0.0224630604907428	-0.0569451640446772	-0.008854786988934	0.0032427517080751	7.840725261939487e-05	0.0038439376714376	-0.0001002511445125	1.0050291976066256e-08	1.4775856821897116e-05	0.0011922379716857	-0.0001577121992179	2.487313778217809e-08	1.421431381129232e-06	0.0001217083505571	-0.000357132074905	1.4812922595329944e-08	1.275433189259505e-07	0.0	0.0	0.0	0.0	0.0	0.0	0.0	0.0	0.0
8367.523485097836	4.5637596252636285	20.827901917186416	70015449.27366383	6080.347509887088	-14.997813817873975	36970625.8409901	224.9344193156116	5317.061145308347	9.547890022508	91.1622038819078	28271139.222947706	5136.97324140395	8650.57472823838	1.176387	22.323433	0.0525513859906373	0.028277821675526	0.0436478532	0.0302285148	-0.1046105388	0.0107472586	-0.0027771985	-0.0271538453	-0.1247231133	0.0881579203	0.0288285008	-0.0836486825	-0.0026681115	0.0496639644	0.0216286751	0.0398030316	-0.0079680581	-0.1492816905	0.0369582967	-0.0435066661	0.095504755	0.0634933583	0.0465912404	-0.0918984102	-0.1403251317	0.0703503343	0.0533617291	0.0300590661	0.1261692756	0.0575425115	0.0223824315	-0.0037291026	0.0047862194	0.0068844524	0.0191432096	0.0287757595	0.0704051705	-0.0192534096	-0.1022164091	-0.0622923355	-0.0150737014	0.0289484605	0.009576385	-0.0005337934	0.0668443768	-0.009074588	-0.0754354363	-0.0774552834	0.0364621567	0.1067184156	0.0935807236	0.05207315	-0.0487215713	0.0419797947	0.0190112268	0.010600564	0.065196332	-0.0078763053	-0.0692625731	0.0098150858	0.0778969316	-0.0059448478	0.0378866413	0.0988137798	-0.1049481055	-0.018334244	-0.1201400656	-0.1187941736	0.0427970049	-0.0331995763	-0.019229651	-0.014202266	-0.062727322	0.0247316645	0.0565943417	-0.01835233	0.0587296044	-0.013278097	0.0243604436	-0.0977158665	-0.0307359015	-0.0450053947	0.0155704272	0.0076808528	-0.0288361527	0.0388116891	0.0699357998	-0.1059946247	0.0220469593	0.001159148	-0.0187691897	0.0691541942	0.1066849584	-0.1267235175	0.0551366792	0.0122027333	0.022245816	-0.044290932	-0.0586636435	-0.0155229867	0.092929172	-0.0561981971	-0.1743309945	0.036778037	0.0147106883	-0.0575381471	-0.0299850332	0.0602591056	-0.011406257	-0.0254396343	-0.0106862801	-0.0472876245	-0.0302514564	-0.0053466255	-0.1056668901	-0.0164923732	-0.0285973171	0.0291649931	-0.0600950528	0.0231640286	0.0304356479	0.0341621798	-0.0628445358	-0.032728971	-0.0535680889	-0.0493119011	0.0304004395	0.0073763275	0.0274322232	-0.0688454204	-0.047441558	-0.0502977972	-0.0694494173	0.0276203931	-0.0468104985	0.0324388735	0.0064384586	0.0501927426	0.1147533045	0.0680441179	0.0025445901	0.0427617864	-0.0449146042	-0.0182194184	0.0048658477	-0.0117617291	0.1712058843	-0.0756053888	-0.0004383744	0.0059563793	0.0610430541	-0.0662697984	-0.0310194478	-0.0427037858	-0.0431952439	0.0048955298	0.0381103365	0.0218902397	-0.0136376522	-0.0580130431	-0.0382112377	0.0409319012	0.1573319689	-0.1118918752	0.0720600737	-0.0456915883	-0.0826364252	0.095406656	-0.1357825978	0.000533438	-0.0106348574	0.0485349744	0.042891828	0.0231135421	0.0006319333	-0.0603074605	0.010609809	0.1054796331	-0.0767654068	0.0649635507	-0.0025667603	0.0494291041	0.095648779	0.0828785788	0.060933952	-0.0126922514	-0.0271454654	0.0622756096	-0.0798083667	0.0619595289	0.0274544529	0.0315360374	-0.066364811	-0.0824939537	0.034699758	-0.0677285461	-0.0	0.0677285461	-0.0957826285	0.0677285461	0.0	-0.00148377449419	-0.0049572402843551	2.201586749608791e-06	2.4574231236833035e-05	0.1519350987395711	0.0020582810166729	4.236520743596403e-06	0.0230842742290032	-0.0549441254678129	0.0020010385768642	0.0030188569234227	4.004155386099087e-06	0.0034470679596979	-0.0003968697117396	1.5750556809635254e-07	1.1882277518775844e-05	0.0009667857445159	-0.0002254522271698	5.082870673582316e-08	9.346746757991628e-07	-0.0001266662327883	-0.0002483745833453	1.6044334528779804e-08	6.168993365200103e-08	0.0	0.0	0.0	0.0	0.0	0.0	0.0	0.0	0.0
8366.990063757123	-0.5334213407131756	0.2845383267282417	70006522.72701041	6105.730284733559	25.38277484647097	37279942.30991254	644.2852589066391	5314.167082341854	-2.894062966492129	8.375600454021221	28240371.77904574	5135.204461459942	8645.538512894438	1.116012	21.177755	0.0989623317683097	0.0461527086988329	0.0772165184	0.0728806764	-0.0521651514	-0.0182281266	0.1048043795	0.0808590849	-0.0044407282	0.0709221176	0.1199267107	-0.0440054265	0.0141867029	-0.0711802142	-0.0610882927	-0.0567937739	-0.0828658039	-0.0596628855	0.0177553906	-0.0173675654	0.007904828	0.0396903289	-0.0039410562	-0.0916574523	-0.058887158	0.016330506	-0.0352962515	-0.053290969	-0.0132322545	0.0818061064	0.0054077742	0.0165242938	-0.0526071977	0.1162080098	-0.0552716533	-0.0054009608	0.0970640712	0.0359197423	-0.0407249341	0.003635886	0.0333289616	0.0488255103	-0.0035193417	0.0616411128	0.0077211707	-0.0730894297	0.063863192	-0.0816419042	0.096912757	-0.0719775196	-0.0609729571	0.0120266407	0.0357221474	-0.0766758176	0.0672693365	-0.031525832	-0.0575826301	0.0199138256	0.0478657735	0.0554769352	-0.0430701859	-0.089654124	-0.0192146883	0.0030939202	-0.0088891399	0.1394529216	0.0054862388	-0.0787674582	-0.0054732664	-0.0625989552	-0.0536439124	0.0250649564	-0.0787553569	-0.0628840176	-0.0869626993	0.118829271	0.1348367792	-0.0389902916	-0.0304043942	-0.1556360485	0.0776320259	-0.027611252	0.0374121502	0.0405082367	0.0004010385	-0.0238884956	-0.0812888054	0.0401988223	0.0049259109	0.0355561472	0.024427018	0.0477890092	0.0233034385	-0.0677410631	-0.029138743	-0.0395448065	-0.0291217095	0.0022373474	0.0462570935	0.0379105854	0.0949150105	-0.1029187997	-0.0127596539	0.0686465429	-0.0305355919	-0.0197912148	-0.0694026274	-0.0636471067	-0.0145063251	0.0315157866	0.0157551446	-0.0129200117	0.061852802	-0.0043605755	-0.0215951956	-0.0237895062	-0.0292793081	0.1176368752	0.0019160322	-0.0167785681	0.0325072662	0.0760264615	-0.0499919531	-0.0086692398	-0.0212210576	-0.1167179554	-0.0148849247	-0.0684922418	0.0407826273	-0.000136429	0.0509324242	0.0855716297	-0.0107314744	0.0083206265	0.0516071502	-0.0264928406	0.0474592245	-0.04796958	0.0176503358	0.0493380364	0.0008168139	-0.1166366147	-0.0085866752	-0.0340652177	0.0873977249	-0.0321801751	-0.0196486107	-0.162328666	-0.0419215156	0.0192399301	0.1035148815	-0.0490526585	-0.140055697	-0.0978272668	0.0311779944	0.0303375674	-0.0724464887	0.1452048447	0.0884869322	-0.0545167122	0.1193100703	0.0516366412	0.0590918908	0.0122329334	-0.1316410119	0.0001172306	-0.0339782457	0.0160208485	0.0490905482	0.0417577531	0.0208105469	0.0942421772	0.001841442	-0.0167073887	0.0013720568	-0.071833509	-0.0118079377	0.1192215397	0.0739928312	0.091545033	-0.0138678031	0.0126778467	0.009385255	0.0658290322	0.0010451314	0.0235396467	-0.0188134478	0.0407950557	-0.0891136864	0.0194781907	-0.0031625598	0.1126932867	-0.0451299545	-0.0184532808	0.0220124692	-0.0686975141	0.00276026	0.0647380696	-0.0956235384	0.0724287524	0.0	-0.0098021290475713	-0.0083183545533813	9.608173386524104e-05	6.919502247575942e-05	0.1359647779946868	-0.0159703207448843	0.0002550511446944	0.0184864208551444	-0.0410702693084488	0.0138738561593641	0.0016867670210685	0.0001924838847307	0.002743242725414	-0.0007038252342838	4.953699604147867e-07	7.525380650536831e-06	0.0012109612488477	0.0002441755043318	5.962167691568893e-08	1.4664271462107812e-06	-0.0003946615003862	-0.0002679952675979	1.5575769988708657e-07	7.182146345487005e-08	0.0	0.0	0.0	0.0	0.0	0.0	0.0	0.0	0.0
8365.011099478566	-1.9789642785563049	3.9162996158018752	69973410.69439961	6109.966245281163	4.235960547604009	37331687.51847519	17.943361760857655	5312.66183496357	-1.5052473782843665	2.265769669831958	28224375.772678487	5136.414828772359	8628.590489705404	1.047849	19.884268	0.1536659998257529	0.0719813235498246	0.0711815617	0.1030172529	-0.0104935733	-0.0195540076	0.0595407737	0.031091726	-0.0115582968	-0.1070395565	0.0752702617	0.0401402905	0.0623313908	-0.0669137484	-0.0183305244	-0.0803365621	0.0221348605	0.011158479	-0.0023175947	-0.0513024655	0.0665294085	0.0473507688	-0.0650565779	-0.069982453	-0.0828276931	-0.0261815905	-0.0190185683	-0.0372325539	-0.1968601067	0.0652970343	-0.0265162584	-0.0101813457	0.0468505595	-0.0465535615	0.0213471372	0.0403770954	0.1229254419	-0.052628605	-0.0213165527	-0.0628788375	0.1287124204	-0.0375961306	-0.1051408198	-0.0680394375	-0.0392825983	0.0060551641	0.0036924837	0.0016472859	0.0336678373	-0.0460075769	-0.0701387351	0.0819565324	-0.0383043397	0.0254784149	0.0900767202	-0.0959133359	-0.0807253023	-0.0303864208	0.0166576104	-0.0079399939	-0.1786442115	0.0332925184	0.0852139912	0.0755548548	-0.0678946354	0.0930878298	-0.0692424166	0.1316041255	0.0576554543	-0.0558857104	0.0092439345	-0.0250293902	0.1208025188	0.030075179	0.008749063	-0.0069872058	-0.0272909686	0.0675386891	0.018406911	-0.0232709631	0.0172965757	0.0034609095	0.0262818462	0.109263811	-0.0392441701	-0.0474044789	-0.0405703746	-0.1066347661	-0.0372034758	-0.0536873982	0.1530068151	-0.1165630532	-0.0804502413	-0.0703233786	-0.0710010419	-0.0580584548	0.0807516676	-0.0567522549	-0.006887033	0.0818571781	0.0300735114	-0.0522433128	0.070592274	0.1152430785	0.0199025726	0.0359759608	-0.007968668	0.0084074969	-0.0475899518	-0.0689813267	0.1484922623	0.0211557813	-0.0360863675	0.006751962	0.0018888464	0.0126943391	-0.0792007604	0.0868753375	0.1110118323	-0.0937654319	0.1245414208	-0.1024504973	-0.0905861746	0.0518950403	0.0393372578	0.0977560599	-0.0358162402	-0.0323926074	0.08932081	-0.0533103846	-0.031794771	0.0441540685	-0.012168319	0.0074907964	-0.0602582866	-0.000133446	-0.0993999522	-0.0047820292	-0.0852473354	0.0221003016	0.0233883659	-0.1154707787	-0.0226626174	-0.0469494373	-0.0683475992	-0.0435513798	-0.0450742782	-0.0194930181	0.0518877723	-0.0217065606	0.0508221053	0.0570210575	-0.0318816389	-0.0660320089	-0.1601629814	0.0401524348	-0.0613452006	0.0854563759	-0.0992503626	0.027748251	0.0489067509	0.0552568213	0.0266380845	-0.0225327775	-0.1220751368	0.040061184	-0.0672848733	-0.0105752797	0.0873073405	-0.0909195968	-0.0428290343	0.090053361	0.1369799763	-0.02583412	0.0041415787	-0.0448692729	0.0083498882	-0.0138170266	0.0916474436	0.0531356829	-0.0056601682	0.028312545	-0.114546575	0.0601509871	-0.0444948246	0.0666000513	0.0466928704	-0.0259193467	-0.0609957048	0.0491592727	-0.0093365109	-0.0038438046	0.0125319512	0.0206183874	0.0597813666	-0.0696522155	0.0055182272	0.0616266108	-0.0951467965	0.0767530781	0.0	0.0103160742259404	0.0201182032735117	0.0001064213874351	0.0004047421029543	0.1137984912299998	-0.0221662867646869	0.0004913442689343	0.0129500966062243	-0.0627164658187524	-0.0216461965103035	0.0039333550847947	0.0004685578233626	0.0032210328819618	0.0004777901565477	2.282834336939712e-07	1.037505282667914e-05	9.60395325055874e-05	-0.0011149217163421	1.2430504335712425e-06	9.223591803891782e-09	-0.0005966558930413	-0.000201994392655	3.559982547009112e-07	4.080173466410269e-08	0.0	0.0	0.0	0.0	0.0	0.0	0.0	0.0	0.0
8363.571751086049	-1.439348392517786	2.071723795043535	69949332.43556455	6123.280157288508	13.313912007345609	37494559.884643175	177.26025293934154	5315.399707484581	2.7378725210110133	7.495945941307202	28253474.05032717	5138.938661683214	8581.09790052712	1.124955	21.34746	0.1754217039912031	0.0817462570449227	0.0894643555	0.0933802512	0.0238906979	-0.0856770917	-0.1307369964	0.006233592	0.0626350914	-0.0330574831	0.078865224	0.0923749826	0.1111237278	0.0031602232	-0.0472099473	0.0105744249	0.1513413114	0.0125396768	0.0012110477	-0.0529381001	0.0434140193	0.0226372502	-0.1120311393	-0.0416404624	-0.0466281053	-0.021309533	-0.1278514773	0.022929334	-0.0698139836	-0.0585853135	-0.0714639672	-0.0144737174	0.0675133436	0.0363710449	0.0817520807	-0.0225665568	0.01359666	-0.0187260661	-0.0426424582	0.0082802778	0.0167902372	0.0332376002	0.005536389	-0.0388120864	0.000153913	0.0533746713	0.047043279	0.0553072622	0.0945485527	0.1801840972	0.0070108505	0.0700930015	-0.0142250863	-0.042659839	-0.0631207709	0.0966266758	-0.0372768431	-0.0344361713	0.0205991272	0.0206582042	-0.0005127812	-0.0135732341	0.0301298167	0.0792980845	-0.033810529	0.0589962524	0.0356900614	-0.0345491348	-0.0225979858	0.0380350262	0.0797993316	0.0166271651	0.0734779938	0.0438626149	0.1032911931	0.0238988877	-0.0625959065	0.1185455502	0.0076665237	-0.0142621545	0.0326540066	-0.0624849459	-0.0358848968	0.0816748493	0.081291961	-0.0151467282	0.0311696542	0.0744486712	-0.0349092218	-0.1194870755	0.0421412522	0.0570582396	0.0492802863	0.1239762418	0.0009763013	-0.0689629878	0.0482360238	0.0275103091	-0.0068508672	0.1139631374	-0.0132637273	-0.0529251912	0.0666919438	-0.0137129166	0.0919180204	0.1024531953	0.0358297677	0.0217310424	0.0746872774	-0.0730971135	0.007509523	0.0151641258	-0.0101313191	-0.0330547076	-0.046387142	-0.0728870425	0.0069395537	0.030071294	0.0523004946	-0.0144753239	0.0987556404	0.0047487441	0.00628922	-0.0577574133	0.0120151008	-0.0111459553	-0.0416103818	-0.0497939542	-0.01064183	-0.0078090914	-0.0854060097	0.0217230805	0.0581669086	0.0994173369	0.0524149253	-0.0194154465	-0.0583307235	0.0149159822	-0.0007414647	-0.0620201794	0.0264923935	0.1047606743	-0.0142530824	-0.009785087	0.0979718681	0.0035333004	0.0865400998	-0.0073886953	0.092247306	-0.0114962991	0.1109090349	-0.0022912774	0.0129634973	-0.0767846248	-0.0715981769	-0.0408159892	0.0411356094	-0.0312945092	-0.0012215978	0.1136519812	0.0095964929	0.0635283497	0.0218136339	0.1059104958	0.2173303363	-0.0310582042	-0.0540403916	-0.031824679	0.0357984121	-0.020384215	0.0191641827	0.1063199252	-0.0204937472	-0.0941098604	-0.0107692602	-0.1015528223	0.0657590019	-0.0532614079	-0.050509798	0.0431087284	-0.0889706224	-0.0013444445	-0.119268706	0.01610107	0.0357139919	-0.0643849521	-0.0106266422	-0.0218718569	-0.0272438638	0.0710270484	-0.0768243965	-0.008425782	-0.0437024988	-0.054352639	0.1186072254	-0.070592452	0.0082716108	0.0583999846	-0.0943539865	0.0806790814	0.0	-0.0028381534831964	-0.0131542277091367	8.055115194179858e-06	0.0001730337066238	0.1465370539776955	0.0327385627476957	0.0010718134907848	0.021473108188462	-0.0360117478336974	0.026704717985055	0.0012968459820378	0.0007131419626613	0.0027321407568088	-0.0004888921251529	2.3901551003661644e-07	7.4645931150157635e-06	0.0012752184508311	0.0011791789183255	1.3904629214233258e-06	1.6261820973400706e-06	-0.0002082430255335	0.0003884128675077	4.336515768334593e-08	1.5086455564563177e-07	0.0	0.0	0.0	0.0	0.0	0.0	0.0	0.0	0.0
8368.893525666675	5.32177458062688	28.3212846870064	70038378.8439456	6142.059521271814	18.77936398330621	37724895.16284575	352.66451161749853	5314.621203499949	-0.7785039846321524	0.6060684540881386	28245198.536691245	5141.688638937719	8578.465356375988	1.212124	23.001598	0.0511171157970789	0.0268497894023065	0.0920594676	-0.0285539632	0.0904903818	0.0063168057	-0.0026178148	0.0115481532	-0.0172678588	0.0904727889	-0.0222294012	0.0287041283	0.1516139476	0.0093635405	-0.0080902252	0.0281882997	0.1088404512	-0.1075026414	-0.0123780507	-0.0868789623	0.0249203527	0.0685247942	-0.0667079788	0.0935637951	-0.0440473783	0.0739518255	0.0116523803	0.0361056109	0.0396640278	-0.0724720398	0.0313198067	0.0630325086	0.0416031222	0.0946654858	-0.018370922	0.0177270971	0.0757541226	0.1048955539	-0.0451763484	-0.1818317055	-0.1324777998	-0.0377780298	-0.0229629795	0.0662954552	-0.0493308468	-0.0165378329	0.0631130023	0.1066305192	-0.0441227092	-0.0059865798	0.0299196839	0.0083773223	-0.0309874548	-0.1234697125	-0.0988894431	-0.0209643331	-0.1462044692	0.0191732812	0.0758407886	-0.0742201462	-0.0258009944	-0.0255802902	-0.0361409535	0.0359993729	-0.0210078623	-0.0454795005	0.0003029475	-0.049188256	-0.0879862536	0.0432531762	-0.018483621	0.0727859659	-0.0282237574	0.0420341847	-0.088372735	0.0254978463	0.0001686607	0.0515338123	-0.1252604511	-0.0315196246	0.0295274334	0.1030576143	-0.07803832	-0.007059702	0.0232007048	0.0537434896	-0.0561355076	-0.0491191849	-0.1456740655	-0.0247143762	-0.0365119254	-0.0350259328	0.0432262286	0.0868474688	-0.0357788363	-0.171052653	-0.0025194034	0.0703199592	0.0118487186	0.0326887696	-0.1103277826	-0.0147188106	-0.1131117434	-0.0308400876	0.0478793157	0.0261792779	-0.0277492546	0.0239200935	0.0846284013	-0.0151846953	-0.0028768996	0.0249168794	0.0315471891	-0.1397060138	-0.1221637893	0.014563104	-0.0605470151	0.1413268369	-0.0924767279	-0.1027847184	-0.0825513963	-0.0402776101	0.0949257946	-0.0512961531	0.0771288239	0.0612526454	0.0499956675	0.1224045937	-0.0369152426	0.0937702658	-0.0099566523	-0.0238389433	0.01895743	0.0833729501	0.0622227254	-0.059036494	0.0111724581	-0.0494159295	-0.0195573601	0.0050994533	0.0305589325	0.0092223257	0.0397438702	-0.0657508689	0.151734688	-0.0307706626	-0.0885819409	0.0034489475	-0.0106506772	0.0071548555	0.0596479924	-0.0345338379	0.0001037484	-0.0648772987	0.0139258587	0.0089902672	-0.0811200353	0.1237691711	-0.0029860562	0.1391456781	0.0022969448	0.0202678405	-0.0804536153	0.0873345401	-0.0925073879	0.0163235896	0.0082684785	-0.0075973647	0.0114431848	0.0795288089	-0.0831460606	0.0780950065	-0.0905108315	-0.0820842152	-0.1044649238	0.0120141531	0.0160239904	0.0522568793	-0.0563605324	0.0156153432	-0.0895159969	0.0593257986	0.0697526735	-0.011670634	0.0670744602	0.0651177492	0.0154411668	0.0107961212	-0.0735247717	0.1019715686	0.0350766285	-0.0068137347	-0.057419961	-0.0076919055	0.0121479026	-0.0715180283	0.0110181235	0.0550642208	-0.093247742	0.0841863878	0.0	-0.0047618779700115	-0.0019237244868151	2.2675481801280847e-05	3.700715901172021e-06	0.1315424002803666	-0.0149946536973289	0.0002248396395028	0.0173034030715201	-0.0336324170873325	0.0023793307463648	0.0011311394791362	5.661214800597349e-06	0.0029451247886449	0.0002129840318361	4.536219781716085e-08	8.673760020690667e-06	0.0016372900353296	0.0003620715844985	1.310958323012544e-07	2.6807186597896025e-06	-0.0001469105045367	6.13325209968e-05	2.1582696343227757e-08	3.761678131822913e-09	0.0	0.0	0.0	0.0	0.0	0.0	0.0	0.0	0.0
8369.277691223184	0.3841655565083783	0.147583174807392	70044809.07280606	6111.520654630898	-30.53886664091624	37350684.71198008	932.6223757116668	5314.673972861858	0.0527693619087585	0.0027846055562575	28245759.43781524	5136.526613977539	8643.38274391088	1.174169	22.281355	0.055602046299997	0.0301526584586045	0.1159668669	-0.0895994896	0.0289834178	0.02316576	-0.0120512158	0.0359577955	-0.0049031407	0.1075607599	-0.0839940769	-0.052115907	0.1208197485	-0.1021574945	-0.0636386487	-0.0712985331	0.0146297125	-0.0575893334	-0.0132333953	-0.0430949549	-0.0412307893	0.107262484	0.0492909889	0.1096201205	-0.0399721406	-0.0032823133	-0.0797145625	-0.0596768942	0.0555619438	0.0964374972	-0.1111133827	0.0371226869	0.010045651	0.0101494577	0.1336742106	-0.0353784645	0.0557198396	-0.0084360022	0.0275529349	-0.135890628	0.094070171	0.0772571538	-0.0490048145	-0.1475409706	0.1029520685	0.0121428767	0.1172949209	0.0807747265	-0.0197787581	-0.1090885228	0.102414264	-0.0878897839	0.0169630699	-0.0394189189	0.0798551937	-0.0415898145	-0.0712358501	0.03348461	0.0739068324	0.0283069268	0.0246309917	0.0288561556	0.1184006748	-0.0452880192	0.0226762943	0.0186102674	0.1029727659	0.1858170776	-0.061110311	-0.092393561	0.0531804526	0.0408182097	-0.0422954398	-0.0243894657	0.0063852986	-0.2092478121	0.072329041	0.0698427122	0.0040605922	0.0794506666	-0.088009372	-0.0736995796	0.0741801503	0.0302290558	0.0547320899	0.0658688174	0.0353379658	0.0325911783	0.0672548726	-0.0295307864	0.0287693429	0.0217989617	0.1758469167	-0.038587659	-0.0126678346	-0.0549806072	-0.0489226389	0.0711420871	-0.1250444599	-0.0788131258	-0.0906623677	-0.1257310279	0.0302138957	0.0606572027	-0.0436965208	-0.0237756738	0.0292509617	0.0428716967	0.043367192	0.0621105326	-0.0232149397	-0.0546992643	0.0390521088	-0.0764618775	-0.0860181351	-0.0855291809	-0.0017415793	-0.0358902552	0.0147432748	-0.1102047893	0.1770014186	-0.0264931427	0.0099385716	0.0763076121	0.0752280425	0.0894372869	0.026129485	0.0882120837	0.103699938	0.0325594263	-0.0303611397	0.0429419774	-0.0256193675	-0.0826237003	-0.0197067326	0.1514755378	0.1286798089	-0.0985835024	-0.075165293	-0.0754666729	-0.0333536853	-0.0675275282	0.0627835678	-0.0270581247	-0.0930946651	0.1102294039	-0.0434398187	0.051283506	-0.0540347876	0.0382353941	0.1124606208	0.0017797371	0.0032083101	0.1886495919	0.0037544605	-0.1536784503	-0.0276307	0.010194217	-0.0223446672	0.0163765298	-0.0719690696	-0.0891517629	0.0694576054	-0.002018359	0.0745982813	-0.0145958333	0.0867206527	0.0346622306	0.0537589991	-0.061217216	0.0140688515	0.0933964175	-0.1041016667	0.004542196	-0.1179784755	0.0197485592	0.0018520397	0.1108957279	-0.036206119	-0.0084061176	0.0104699981	0.0592947037	-0.1296987147	0.1164963176	0.0276771129	0.1004564629	-0.0128023206	0.0883110753	0.0523891214	0.1454145704	0.0080535627	0.00860016	0.0059833758	-0.0548732581	-0.0059080457	-0.0724287524	0.013755484	0.0516255532	-0.091831738	0.0872567955	0.0	-0.0047526038722907	9.27409772080029e-06	2.2587243566912555e-05	8.600888853495312e-11	0.1058290726272304	-0.0257133276531361	0.0006611752189975	0.0111997926131396	-0.0446638403671926	-0.01103142327986	0.001994858636346	0.0001216922995794	0.0027692896523783	-0.0001758351362666	3.091799514589381e-08	7.668965178769525e-06	0.0016370216606347	-2.6837469489999e-07	7.202497686266275e-14	2.67983991738719e-06	-0.0003477674189608	-0.0002008569144241	1.209421776906566e-07	4.034350007197023e-08	0.0	0.0	0.0	0.0	0.0	0.0	0.0	0.0	0.0
8375.834526559584	6.556835336399672	42.9920896286594	70154604.0163076	6113.621660678541	2.1010060476428407	37376369.809917845	4.41422641223179	5315.85665534363	1.182682481772645	1.398737852691902	28258331.980161168	5138.521859323365	8692.43866093235	1.206033	22.886002	0.0897311912529757	0.0459494196285102	0.0645809566	-0.0766839765	-0.0452337544	0.0791429064	0.0388982773	0.0624373042	0.0850571717	-0.0966766077	-0.0382141092	-0.1152187676	0.0508729094	-0.056969511	-0.1551363605	0.0210828286	0.0711526311	0.0227439994	-0.0853550337	0.0913036995	-0.0977891028	0.0589098439	0.0916519799	0.032708559	-0.0432329184	-0.036535693	-0.0799324537	0.0156229548	-0.0106161224	-0.0056686485	-0.0048221614	-0.1347839998	-0.026340158	0.0367146385	0.0557049897	0.0557170623	0.0374304532	0.0974285715	0.0202596628	-0.0490850612	-0.016945549	0.0435486498	0.1239813463	-0.1674517892	0.0424087046	0.007468132	0.0368764292	0.0303275494	0.0273548359	-0.018966186	0.0511695913	0.1103635758	-0.0286013416	0.0594765759	0.057859548	-0.1080675599	-0.1169027335	0.0737396527	0.0207538475	0.0891750823	-0.0087128367	0.1437470583	-0.1348332457	0.114721321	0.0327917086	-0.0133626945	-0.0247084228	-0.0498967398	-0.0267266206	0.0574743769	0.0474722134	-0.0654472524	-0.0922114569	0.0075157486	0.0471377368	0.0618889273	0.094924552	0.0385460991	-0.0506222056	-0.0655449056	-0.0220448622	-0.0274256421	0.0189618655	-0.0381111041	0.0176973211	-0.0904757467	0.0015729955	-0.0751577693	0.0366669968	0.1172774933	0.0010088278	0.1132568506	0.0100773081	0.0708256464	-0.0827910887	0.0634131857	-0.0408293359	-0.0007405607	0.0917863868	-0.1007393974	0.0123180287	-0.0777292511	0.0618975376	-0.0489513537	0.0621926411	0.0756233613	-0.0510082508	-0.0061265958	-0.1006240882	0.0695584618	-0.0087520524	-0.0202102984	0.0183367047	-0.002812428	-0.1360698293	-0.0255829852	0.1268113363	0.0401601362	0.0559618112	-0.1234889336	0.0044784374	-0.0122580028	0.0174161463	0.0017602175	-0.0650862298	0.0137911876	0.0432966407	0.137024434	0.0472282014	-0.0524919352	-0.0884380695	0.1197684649	-0.0579252752	0.0580295913	-0.0370335802	0.0122769672	-0.0771997409	-0.0577524987	-0.1498320194	0.0852429178	0.1230478436	0.0364317418	-0.0033042076	-0.0646346704	0.0346910101	0.0119914899	0.0862280079	0.0828087458	-0.0101959774	0.0167293521	-0.0207560353	-0.0441544236	-0.0453767249	-0.0798341065	0.1083185677	0.0064980949	-0.008506318	-0.0375805171	0.0438720222	-0.0234104675	0.0467900684	-0.0344308072	0.0565438633	-0.0731908806	-0.0169099223	-0.0235005769	-0.0339861012	-0.0701793133	-0.1283486553	-0.0362962553	0.0250554062	0.0434322648	0.0226469257	0.0820626892	-0.0802074399	0.0361754194	0.033620155	0.0895256067	0.0240432644	-0.0355339361	-0.0410749354	0.0764072604	-0.1357513046	-0.0519955089	0.0855133081	0.0171708447	-0.0055339258	-0.0170220752	-0.0474647343	0.1015684375	-0.0346404238	-0.0073816174	0.0277183375	0.0165796294	0.1277105865	-0.073324435	0.0164814186	0.0480904081	-0.0901106781	0.0898743702	0.0	-0.0053281421952675	-0.0005755383229768	2.8389099252989977e-05	3.312443612149477e-07	0.1163649322559479	0.0105358596287175	0.000111004338116	0.0135407974589313	-0.062459362731289	-0.0177955223640964	0.0039011719927987	0.000316680616211	0.0034201407131576	0.0006508510607793	4.236071033175401e-07	1.1697362497798178e-05	0.0011921151543332	-0.0004449065063015	1.9794179934940665e-07	1.4211385411908691e-06	-0.0002270395672979	0.0001207278516629	5.1546965118817656e-08	1.4575214167139188e-08	0.0	0.0	0.0	0.0	0.0	0.0	0.0	0.0	0.0
8375.558365753857	-0.2761608057262492	0.0762647906193711	70149977.93814942	6116.99586114836	3.3742004698187884	37417638.36530616	11.385228810525332	5317.394189679791	1.5375343361611158	2.364011834874403	28274680.96844041	5139.425212809902	8690.539727237938	1.088914	20.663534	0.102891582973988	0.0510166688793344	0.0740197323	-0.0100683942	-0.1210212675	0.0260132572	-0.0623109406	-0.0351435304	-0.0039836952	-0.0203409083	-0.0088357172	-0.1129467549	0.0501757072	0.0403952533	-0.1451328153	0.0476679211	0.0664287041	-0.0273245063	-0.1054593817	0.026731826	0.0268482181	0.0702947193	0.0835236441	-0.0349354413	-0.0975753623	-0.0628673996	-0.0085139888	0.0852809355	-0.0850213162	-0.0936594182	0.0284037253	-0.0410268939	0.0115558543	0.0440401838	0.107200577	-0.059536745	0.0239565685	-0.0024173175	-0.0066253325	-0.0017174142	-0.1118732807	0.0555071184	-0.060795206	0.0330005564	-0.049136291	0.0954820893	0.0209891181	0.0336659831	-0.0719619088	0.0401898246	0.0360702917	-0.0755851689	0.0430949676	0.0577822629	-0.0210003256	-0.0297614799	0.0262471501	-0.0325825335	-0.0783945822	0.018870039	-0.084041201	0.0477063065	0.0267893382	-0.1397456747	0.0109230206	-0.1485681274	0.0403514187	-0.0258217064	-0.0349315768	-0.0639401122	-0.0506137962	-0.0136022244	0.0461031756	0.0122382264	0.078269557	-0.0109510765	0.090683489	0.0283970095	0.005302811	0.0176355809	0.0125593652	0.1408164356	0.183083912	-0.0207073299	0.0237121747	-0.0765452738	-0.0572489968	0.0719244858	0.012927645	0.0105174078	-0.0485103641	0.057333927	0.0256677733	-0.0289034456	0.0529699241	0.0986500746	-0.052247879	0.0355111018	0.0814197419	-0.072239567	0.0578030736	-0.011625864	-0.02667762	-0.0089176682	0.1306332317	0.0692433409	-0.0267377479	-0.0677750967	-0.0766429993	-0.0508223839	0.0444468079	-0.0453761557	-0.03767442	0.0313728919	-0.0617788266	-0.0288435673	-0.0505033923	-0.0822079333	-0.0687378341	0.007040421	0.0614805769	0.029410869	0.0487958673	0.0608506896	0.0178612015	0.0874358436	0.0809708219	0.0100310211	-0.0796539532	0.0419680069	-0.0719885301	-0.050098915	-0.0312575852	0.0085012122	-0.0704328319	0.0690717999	-0.0206833065	-0.0215148997	-0.0696890977	-0.0311587253	-0.0436132259	0.0014968017	0.073037844	0.0396549617	-0.0171532266	-0.0260911528	0.0314182882	0.0105956369	-0.1162121589	-0.0906110401	-0.0216469326	0.0009937241	0.0085970577	0.1921294577	0.0554044307	0.063907546	0.1329333231	-0.0376195657	-0.007413848	-0.0035387927	0.0587564764	0.0457120677	0.0327741678	-0.0631622393	-0.0651406805	-0.0065921165	-0.1312817984	-0.0023413131	0.0632178645	0.0376159471	0.0099097199	0.0595051514	0.0792763169	0.109262105	-0.0618466947	-0.064050799	0.0805591442	-0.000291346	-0.0062936102	-0.0375109765	0.0088457426	0.107577295	-0.0242611824	-0.0394198255	0.0758691538	-0.0372894714	0.0215461449	-0.0386221381	0.0151963156	-0.0218414931	-0.0099954152	0.0366805299	0.0156867353	-0.0084390428	-0.0948950858	-0.0742048901	0.019193663	0.0444653919	-0.0880902796	0.0920255275	0.0	0.0032626885310236	0.0085908307262911	1.0645136450472936e-05	7.380237256778729e-05	0.1222775484807812	0.0059126162248333	3.495903062216199e-05	0.0149517988624697	-0.0811598373450976	-0.0187004746138086	0.0065869191978826	0.0003497077507817	0.0033597133438496	-6.042736930800003e-05	3.651466961485424e-09	1.128767375284106e-05	0.0004850677952992	-0.0007070473590339	4.99915967916954e-07	2.3529076603642658e-07	-0.000853318067137	-0.0006262784998391	7.281517237024257e-07	3.9222475936071365e-07	0.0	0.0	0.0	0.0	0.0	0.0	0.0	0.0	0.0
8370.218758986217	-5.339606767640362	28.51140043303075	70060562.07328476	6107.963379665393	-9.032481482966432	37307216.647333495	81.58572174013148	5314.722364034365	-2.6718256454269067	7.138652279560906	28246273.806767024	5137.236932585845	8686.534868994675	1.031953	19.582623	0.05677314658808	0.0255471071475398	0.0132388462	0.0110996885	-0.1101163754	0.0656926445	-0.0352995177	-0.0537493935	-0.1098181585	-0.0356168557	0.0364482984	-0.0991853613	0.0206247135	0.0935718589	-0.0829280433	0.0568908855	0.0507931361	-0.1255273834	-0.0168506593	-0.0008928081	0.0971085786	0.1204044716	0.0563587475	-0.0516200155	-0.1139973507	0.0433677516	0.0861408769	0.113039122	0.0016481984	-0.1107389863	0.0148492202	0.0506535886	-0.0112832387	0.0748912056	0.135040865	0.005979529	-0.0813835316	-0.0273638835	0.0433319761	0.0039955651	0.1106429508	0.0015996939	0.1031059362	0.0900268828	-0.0849649412	0.0670983098	-0.1033804342	0.0926400276	0.0985392169	-0.0841125883	0.1553206018	-0.0019312187	0.0094337621	0.0889548486	0.0836214762	0.0677574385	-0.0152644768	0.1231779692	-0.0041890103	0.0226817411	0.0635825839	0.0314142092	-0.0293665434	0.0318624017	-0.0891721809	0.0003911558	0.005826844	0.0973194902	-0.0764989565	0.1339521007	0.0211095213	0.0168083044	0.0832484406	0.0856134108	0.0544868606	0.0672483887	0.0679497731	-0.0301840874	0.0071819283	0.0320256458	-0.0111615717	0.0549657366	-0.0028222869	-0.08147333	-0.0754148853	0.0132176543	-0.0247157773	-0.0033246097	-0.0027724483	-0.0286653294	0.0641886018	-0.050870352	-0.0615365279	0.0205964817	0.014817147	0.0702814948	-0.0299933175	0.0137793888	-0.1426562787	-0.0359802473	0.0724736117	0.0342093235	-0.1587671486	-0.0492051914	0.0704981411	0.0370472283	-0.0077302437	-0.0160733094	-0.0421042778	-0.1021368328	0.0065645766	-0.0151814431	-0.0037931481	0.0711577723	-0.1517194273	-0.1223601618	0.0066831946	-0.0619131177	0.0690794043	0.0175187022	-0.0154849029	-0.0143848725	-0.1130499972	0.0582393176	-0.0073226926	0.0032348205	-0.1610293157	0.069096388	-0.0921623362	-0.049645902	-0.0441867891	-0.021110045	0.1636922796	0.0533625767	-0.1256205732	0.0104459238	0.0734512899	0.0055241758	-0.0123571628	0.013930174	-0.0306656348	-0.0648594544	-0.0546969357	-0.0998743687	-0.0543208315	0.0583473675	0.0586405798	-0.0212578133	-0.0938061744	0.1653402883	-0.0333914646	0.038916316	0.1219285789	0.0018566634	0.0299810232	0.0704503213	0.0863689927	-0.0092380231	0.0560837129	-0.0060672093	-0.0576910067	-0.027404333	-0.015287626	0.0314378666	-0.0888914368	0.0417596749	-0.0781380925	-0.0585549769	-0.0315314124	-0.0314673056	0.0193281504	0.0188625893	0.1109248753	0.0721301808	-0.0265207083	-0.061079558	0.0557742869	0.0397139976	-0.1046357758	-0.0377808792	-0.0123027731	0.0888586082	0.064682097	-0.0005769347	0.1146717103	-0.0011363542	-0.024358295	0.0285338313	-0.0144551713	-0.0074887966	-0.0004754455	-0.0419482425	0.0384811218	-0.0474166709	0.0731217291	-0.0750699348	0.0218899642	0.040757279	-0.0857772541	0.0936991036	0.0	-0.0050629794212539	-0.0083256679522775	2.563376062004048e-05	6.931674685158062e-05	0.1384441671855256	0.0161666187047443	0.0002613595603445	0.0191667874276937	-0.0728139129080744	0.0083459244370232	0.0053018659129846	6.965445470850102e-05	0.0033961830137685	3.646966991889978e-05	1.3300368239935035e-09	1.1534059063009691e-05	0.0006320539405149	0.0001469861452157	2.1604926885370876e-08	3.994921837204128e-07	-0.0005580751723909	0.0002952428947461	3.114478980391327e-07	8.716836689805671e-08	0.0	0.0	0.0	0.0	0.0	0.0	0.0	0.0	0.0
8369.963850887645	-0.2549080985718319	0.0649781387175068	70056294.86516593	6123.474201411157	15.510821745763678	37496936.29534801	240.5855912288554	5314.895608678626	0.1732446442611035	0.0300137067651563	28248115.33115134	5136.362725662376	8643.822085594278	1.198407	22.741289	0.0548157740431062	0.0264100796687995	0.0692959346	0.0872712848	-0.0868339714	-0.0193267004	0.0033725095	0.009054407	-0.104259971	0.0029324483	0.131930454	-0.1001523644	0.0229418881	-0.0823093552	-0.0705380539	-0.0506475929	-0.0903067215	-0.1357646733	0.0406009975	-0.0745857501	0.052951125	0.0560202458	-0.016818315	-0.0900890594	-0.0902376733	0.0711142177	-0.0273347537	0.0715861032	-0.0117574887	0.1086131767	-0.1178480376	0.0534007709	0.0515033464	0.0009218464	0.0104419547	-0.0170939012	0.0503989805	0.0021492346	0.019178471	-0.0550277959	-0.0273260945	-0.0239427111	0.0257710635	0.0524304952	0.0858666518	0.0184562841	0.0342946996	-0.0324944569	-0.050430674	-0.0214778331	-0.0750570261	0.1397226575	-0.0094726283	0.0059223643	-0.0093231385	-0.0392671582	-0.0126409912	-0.0397268746	-0.0239068808	0.0165258942	-0.0186707317	-0.0256630145	-0.0096260698	0.010425937	-0.0415417222	-0.1143073591	0.0062333127	0.1593310665	0.0995561619	0.0982855275	0.0024481699	0.0550126175	-0.0559129725	-0.0031324545	0.0334998152	0.0572562593	-0.0575276022	-0.0931152387	-0.0408233417	-0.0723577384	0.0762391158	0.0087548265	-0.1269916999	-0.0803849454	-0.0014450814	-0.1101865432	0.1763962696	-0.0668024833	-0.0034893592	0.0234203159	-0.0190624831	-0.1033384698	0.0744166603	0.0631867659	0.0469888124	0.1338178735	-0.1019985911	-0.0508912253	0.0780506686	0.0469743456	0.100439954	-0.1484932353	-0.0416556073	0.0544750172	-0.0515208862	-0.0713433392	0.0286705417	-0.0403039167	-0.0137202968	-0.1141645189	-0.0132652234	-0.033087292	-0.0193096326	-0.0160965423	-0.0669994336	-0.0140600911	0.0334627932	0.0419707371	-0.0058649394	-0.0730864649	-0.0042304877	-0.0180883297	0.01402786	0.0060528782	-0.0686224615	0.0677512528	-0.0914141999	-0.025705519	-0.0135170497	0.1609435626	-0.0206582554	0.0449616526	-0.0992660499	-0.0328439661	-0.0343560345	-0.0397430849	-0.090409189	-0.0692258952	0.069130307	0.0261543426	0.0811607658	-0.0879585774	0.0201462131	-0.0694587042	-0.1016606052	0.0452023383	-0.0442262475	0.0745603522	-0.0429626995	-0.1155069169	-0.006401175	0.0401808365	0.0760339168	-0.1502326508	-0.0852529207	0.0130070816	0.0252859813	-0.1129263651	0.0084769409	0.0038329307	0.0227496944	-0.1068974995	-0.0728894795	-0.0749945625	0.1097220172	0.0347514405	-0.0220557119	0.0037374572	-0.1418170623	0.0267478129	0.0093976983	0.0594647552	0.1035280561	-0.0179848664	0.0077854729	-0.0876033239	0.0272151631	0.0543946417	-0.0244385685	-4.17373e-05	0.009696073	0.0013274467	-0.0430080592	0.1262102454	-0.0131872121	0.0678172072	0.0474742585	0.0169475591	-0.0243292495	0.0031259498	0.0346038779	0.0222840441	-0.0050687218	0.1039016512	-0.0625410524	-0.0759193896	0.0245680825	0.0369729991	-0.0831792851	0.0948864133	0.0	0.0006867496975502	0.0057497291188041	4.716251470852911e-07	3.305938493962378e-05	0.1233883944487814	-0.0150557727367442	0.0002266762927004	0.015224695884648	-0.0601051895751965	0.0127087233328779	0.0036126338138703	0.0001615116487516	0.0033620812532417	-3.410176052679988e-05	1.1629300710272063e-09	1.130359035339928e-05	0.0003091786416513	-0.0003228752988636	1.0424845861625909e-07	9.559143245334297e-08	-0.0004890212546877	6.905391770319991e-05	2.391417875363324e-07	4.768443550160306e-09	0.0	0.0	0.0	0.0	0.0	0.0	0.0	0.0	0.0
8375.66977565148	5.705924763835355	32.557577410549555	70151844.19076172	6138.9631156352025	15.488914224045402	37686868.135129474	239.906463839836	5311.587019900641	-3.308588777984369	10.9467597018041	28212956.669976976	5139.145830139005	8714.89470291856	1.241791	23.56456	0.0378989766403541	0.015647064773835	0.0065957963	0.1220413075	0.0093557749	0.0742257328	-0.1035954023	-0.07031044	-0.0264331026	-0.1862747484	0.1149473992	0.0433553386	0.0840620077	-0.022673297	-0.0505033442	0.0411300418	0.0441327942	0.0468985708	0.0124312684	-0.034552411	0.0238355002	0.0717640819	-0.0937006105	-0.0484710642	-0.0270322142	0.0466963118	-0.0343797811	0.0402442664	-0.1757349059	-0.0913921591	-0.0343341897	0.0062115076	0.1106480602	0.0116388569	0.0849419351	-0.0291600744	0.0235796807	-0.0851073096	0.0045289304	0.0364242339	0.0253943479	-0.0036559167	-0.0038954008	0.0683478301	0.0674072505	0.030609416	0.1295970247	-0.0203084596	-0.1117053256	0.0051551054	0.0554074536	-0.0431182511	0.0197017347	-0.0180380033	-0.0242261968	-0.0472934271	0.1154210665	0.0057930043	-0.0475910182	0.1079027045	0.0283347787	0.0820331799	-0.0130294662	0.2029440482	0.0826679345	0.1153184443	-0.0206069037	-0.0424510757	0.0531948762	-0.0191865827	0.0662505114	-0.0140992252	-0.1398453429	0.0573922761	0.0398183058	-0.0068279221	0.0018671104	-0.0156539631	0.1533575014	-0.0457279501	0.0086986165	-0.03019979	-0.0935882202	-0.014309843	-0.0662643754	0.0590973075	-0.0025876082	0.1272927782	0.0598121308	0.1425620279	0.0006362364	-0.0781135734	0.0256642198	-0.0419243127	0.036101841	0.0047165944	0.0213044669	0.0049878565	0.0159425851	0.1232776591	0.0231384588	-0.0246051861	0.0723023816	-0.0452407184	0.0374117741	0.0684512444	-0.0070031803	0.021327295	-0.0150104723	-0.1513659486	0.1504397399	-0.0037124051	0.0092215892	-0.0324777555	-0.0396989726	-0.1282346521	-0.0071025803	-0.0039982701	0.0380157449	0.0355749915	0.0680622139	-0.0309569411	0.077881968	0.0964446868	-0.0116099788	0.0216556213	-0.0354196388	0.0608974415	0.1078377362	0.0644232411	0.0087470953	-0.0572794945	0.0408983336	-0.0412896292	-0.0244381261	0.0282250677	0.0049758021	-0.0518224917	0.0308057767	0.0475169192	-0.0081581857	0.0646967337	0.0799431849	0.0588000447	0.0029433658	-0.0390846622	0.101582251	-0.0673115563	0.1820029539	-0.0290881571	-0.0606699306	0.1230036213	-0.0520970544	-0.1231169475	0.1130428929	-0.0240138704	0.0342299152	0.0505740134	0.0032997024	-0.1725197488	-0.0429686405	-0.0150592299	-0.0624333905	0.005091409	0.0074582648	-0.0215040932	0.0674804427	0.1324297737	-0.1144569913	0.0279705687	0.0384884008	0.0412669955	0.1565943721	-0.0650480776	-0.0315699963	-0.0799964828	-0.0170156686	-0.0477202769	-0.0767133475	-0.0376115227	-0.0256202793	0.0219334801	-0.1295680787	0.0192409143	0.0269279408	0.0155434284	-0.0061173673	0.0795199353	0.0192240839	0.0585514182	-0.0655244178	-0.1506207288	0.0788513142	0.0048977646	0.1751519285	-0.0767530781	0.0272257935	0.0331196242	-0.080305003	0.0955812949	0.0	0.0093827204919563	0.008695970794406	8.803544383017666e-05	7.561990805716384e-05	0.1197150168554799	-0.0036733775933014	1.3493702942969496e-05	0.0143316852607078	-0.0662271341596181	-0.0061219445844216	0.004386033298996	3.7478205494729024e-05	0.0033000741353477	-6.200711789399989e-05	3.844882669520402e-09	1.089048929879087e-05	0.0001973389935776	-0.0001118396480736	1.2508106881249064e-08	3.8942678386220055e-08	-0.0007033281620845	-0.0002143069073968	4.946705035811608e-07	4.5927450557980614e-08	0.0	0.0	0.0	0.0	0.0	0.0	0.0	0.0	0.0
8378.855328888765	3.1855532372846938	10.147749427574992	70205216.62244765	6128.672300575978	-10.29081505922477	37560624.167847246	105.9008745831673	5315.781367098296	4.194347197654679	17.592548414473658	28257531.54278943	5140.3135760846135	8649.167629838214	1.570056	29.793806	0.0898774824602203	0.0541924883697915	0.1538785266	-0.0142148622	0.0983716767	0.0724790064	0.1818108293	-0.0066135723	-0.0445441035	-0.0853726563	-0.0050420976	-0.0061579449	0.1550505765	-0.0028659489	-0.0134325688	0.061268912	-0.0082308635	-0.1105905744	-0.0360204379	-0.1165084996	-0.0382107024	-0.0069252741	-0.075914612	0.0780291001	-0.1215803052	0.0627750215	0.0317014094	0.0175597061	-0.0702067916	-0.0211216961	0.1626536622	-0.0117377219	0.1126429842	-0.1132527723	-0.0083043869	-0.0187389704	0.0918845072	0.120606378	-0.0033240707	-0.018070538	0.1358101526	-0.0951562039	-0.0732472894	0.0798922947	0.0392030724	-0.0283311463	-0.0682354334	0.2017418569	0.0061565491	-0.0176491111	-0.038509314	-0.0209256048	-0.0041265973	0.0471392075	-0.036446619	-0.0789166134	0.028690269	0.0763614744	0.0889501836	-0.0779123385	-0.0755123826	-0.0049501865	-0.0121848434	-0.0116131871	-0.1494007702	0.0459050169	0.0312392341	0.0608628335	0.0823203874	0.0120119861	0.0408217863	0.0730957843	-0.0054982179	-0.0283314143	0.0954257628	0.0192295855	-0.120367183	-0.016309009	0.0681446387	0.0503608415	0.0516680865	-0.0350815224	0.0893784428	0.0675209515	0.1385283989	-0.0270817952	-0.0861094741	0.0400848955	-0.0674524889	-0.0126338679	-0.1553256665	-0.0034374936	0.0157739079	0.0457940124	0.0890338101	0.0615816478	0.045096394	-0.075066521	-0.0873070584	0.0382149541	-0.1026617954	-0.073599946	-0.1322314272	0.0090224647	0.0627123671	0.0182930225	-0.0856060498	0.0072927898	-0.009047182	0.010015607	0.149139947	-0.0164743012	-0.0600854349	-0.0635454591	0.043431328	0.1237614846	-0.034694535	0.0679707758	0.0769996016	-0.1170646846	-0.0688690855	-0.0510631758	-0.0061323205	-0.1070921041	0.1141604314	0.0392963762	-0.1386382933	0.0358352442	0.0570659577	0.0230546527	-0.0712987326	-0.0275764397	0.1222985699	-0.0931714588	-0.0187535631	-0.0671777591	-0.0264916111	0.1236316755	-0.0485011407	0.0097475208	-0.0324820764	-0.0209944337	0.0517621427	0.1182345642	-0.0929833902	-0.012944921	-0.0746260589	0.0291034817	0.0678678345	-0.0343679142	0.0774458801	0.1276294008	0.1322251705	0.0329052386	-0.0315175004	-0.0570957797	0.0539148647	-0.0813246794	0.0823222917	-0.003239705	0.0870487221	0.1004215445	0.0795225559	0.1044188734	0.0267187823	-0.0187208318	0.0800750154	-0.0635864668	0.0678491083	-0.0063418323	0.1549526543	0.1493360854	0.0538008303	-0.0363669505	-0.0842145285	0.1006215672	-0.0800304114	0.0481594431	0.002913142	-0.0506709197	-0.0782014257	0.0109174109	0.0988329614	-0.029777692	-0.0713880318	-0.0069599713	0.0584212643	0.0280217936	0.0048361028	0.0741554487	0.09908868	-0.1022282443	0.0350529357	0.0099282471	0.1126604239	-0.077570827	0.0298608894	0.0292043556	-0.0771639557	0.0957801421	0.0	-0.0006614319422197	-0.010044152434176	4.374922141885246e-07	0.0001008849981209	0.1223733132920017	0.0026582964365217	7.066539944424475e-06	0.0149752278060624	-0.0459515471863056	0.0202755869733125	0.0021115446888152	0.0004110994271123	0.0024241175712197	-0.000875956564128	7.672999022389313e-07	5.876345999096097e-06	0.0002503940914151	5.305509783750002e-05	2.8148434065466995e-09	6.269720101559346e-08	-0.0009123054324432	-0.0002089772703587	8.323012020653742e-07	4.36714995265732e-08	0.0	0.0	0.0	0.0	0.0	1.0	0.0	0.0	0.0
8375.208207232448	-3.6471216563168127	13.301496375975091	70144112.51449376	6126.124191208265	-2.548109367712641	37529397.60610712	6.492861349824915	5317.545017842227	1.7636507439310662	3.1104639465686037	28276285.01677869	5140.181118704656	8593.353668208401	1.345204	25.52696	0.0792413555942351	0.0439068726406659	0.2333459308	-0.0850288369	-0.0092835998	-0.042659895	0.0016254962	0.0582355653	0.0300220802	-0.0587995151	-0.0605708942	-0.0147116594	0.1639513998	-0.0795581104	-0.1280361583	-0.0389888268	-0.0434094708	-0.0356314375	-0.0175041689	-0.0126662267	0.0070101657	-0.054789476	0.0774540742	0.1058806502	-0.1067844095	-0.0764235958	-0.1183986344	-0.0682192137	-0.0383968573	-0.0429311158	0.0141423474	-0.0171625254	-0.033628946	0.0475525427	0.0100918846	-0.0495089943	0.053821193	0.0983156235	-0.0056865226	0.0769711304	-0.0065533792	-0.0524222628	0.01010746	0.0955577014	-0.1268421735	-0.0016100129	-0.0883743196	0.0070628808	-0.0709470283	0.0183668556	-0.0636028081	-0.0487272101	0.0540415176	-0.0765210533	-0.0943511967	-0.0754720203	0.0686218642	0.0402316125	-0.0704167322	0.0266621698	-0.1099512848	0.0639537629	-0.0343787393	0.0274874726	0.0670906365	0.1271493766	-0.0295562231	-0.0217619539	-0.0072166299	-0.0468269247	0.0261963839	-0.0436706519	0.0061451764	-0.003369109	0.0021979444	0.005330319	-0.0252909334	-0.0343728892	-0.0539299806	0.0252850456	-0.0131074646	0.0569920547	0.0598971722	0.0453950296	-0.1150094369	-0.0167850367	0.0958829721	-0.1513051331	0.0036793223	0.007570066	-0.0174230596	-0.0114473679	-0.0393504724	0.0242631249	0.0560332479	0.0208424865	-0.0958084059	-0.0898914229	0.017425379	-0.0925036388	-0.0777895166	-0.1218769262	0.0602961703	0.0529421679	0.0538004391	0.0956388899	-0.0758067473	-0.084564555	0.0121443324	0.0227502647	0.0123850999	-0.063148715	0.0826545658	-0.0299107262	0.0209959008	0.0184310673	-0.0729184606	0.0172529065	0.0113138223	-0.0058938815	-0.0178942762	0.0457811219	0.0676006203	-0.0268601435	0.0240209841	0.0448844542	-0.1171718392	-0.0911718058	-0.0274174922	0.0236082313	-0.0254824136	-0.0303033823	-0.0221955009	-0.0021091486	-5.88294e-05	-0.1630253354	0.0727888024	0.0621306605	-0.1186017421	-0.0351498788	-0.0420666139	-0.0457112646	0.0184296941	0.1292360862	0.0374276169	-0.0753469509	0.0323366091	-0.0074295945	0.0503699866	-0.0515205714	-0.1488466951	0.0012878503	-0.0689926865	0.0114856081	-0.0227607998	-0.0008660444	0.036867831	0.0346487818	-0.0683403288	-0.0242647113	-0.0347729511	-0.0506389916	0.0291836184	-0.0761990832	-0.0983090851	0.0301781877	-0.0419711411	-0.1062710459	-0.1922231157	0.0125249618	0.0271465747	0.1906456635	-0.0299145794	0.061894045	-0.0240320918	0.0911815835	0.0481283922	0.0170325421	0.0574610259	-0.0174612923	-0.1165748172	-0.0211195013	-0.053675223	-1.5394e-06	-0.0670204489	0.0374159023	-0.0308388815	-0.0229384538	0.0473364966	-0.0503750731	0.0425460379	-0.0519300676	-0.1428317453	0.0825685254	-0.0834213037	-0.0783724666	0.0324711814	0.02523451	-0.0737665775	0.0954819229	0.0	-0.0053480660700842	-0.0046866341278645	2.8601810689985854e-05	2.196453944846424e-05	0.1305069617731646	0.0081336484811628	6.615623761512345e-05	0.0170320670712622	-0.0307948601455478	0.0151566870407577	0.0009483234113838	0.0002297251620514	0.0018250640642641	-0.0005990535069555	3.5886510419580295e-07	3.330858838668195e-06	0.0002530546743966	2.6605829814999667e-06	7.078701801447252e-12	6.403666823396923e-08	-0.0004887318034913	0.0004235736289519	2.388587757438588e-07	1.794146191434819e-07	0.0	0.0	0.0	0.0	0.0	0.0	0.0	0.0	0.0
8376.188151452847	0.9799442203984654	0.960290675092356	70160527.94853906	6139.739214541307	13.61502333304179	37696397.622576304	185.3688603592724	5317.391270850297	-0.1537469919303475	0.0236381375276303	28274649.927314933	5143.756826439071	8674.261061210416	1.212911	23.016523	0.0302438672446314	0.017729067207306	0.1402550971	0.0021990773	-0.126559552	-0.0248912898	-0.0569835165	-0.0007467722	0.018794009	-0.0072718	0.0269464987	-0.0825160522	0.0253543094	0.0249307361	-0.1327595929	-0.0744293801	0.0895913962	-0.0089978359	-0.0870754118	-0.0650465727	0.0185418637	-0.0918978675	0.0727822569	-0.0718126854	-0.0846015319	-0.0192903131	-0.1006070835	0.0288203303	0.0103603884	0.0298080127	0.0659410777	0.0179449372	-0.0276582937	-0.0231900867	-0.0036458434	0.0485765753	-0.0855281047	-0.0197741874	0.021411234	-0.0846096703	0.0866912216	-0.0384053627	-0.0091719222	0.0500198937	0.0287485627	0.0619720073	-0.0784734205	0.1192077935	-0.045507229	-0.0169071081	-0.0053817086	0.0309906999	0.0328193759	-0.0938260021	-0.02116224	0.0716719917	-0.0500308417	0.0654410446	-0.1161767874	-0.1389016316	0.0176907852	0.0891330118	0.0482685528	-0.0647458473	0.0454830892	0.0231424374	-0.1149292592	0.0964447291	0.0386138443	0.0798720446	-0.0341673114	-0.0311112821	0.0215716822	0.0019321354	0.03592288	0.0316982419	0.0090853479	0.1336207001	-0.0219920577	0.0574134887	-0.0602753175	0.0251196349	0.0742339301	0.0697021895	0.1314372643	0.1795275676	0.0018881371	0.0163856539	0.0091737919	0.0297081277	-0.0313868792	-0.0371495392	-0.0384349991	-0.0263836154	0.004868883	-0.1698451644	0.068593975	0.0414425544	0.0813754001	-0.0624314287	0.0786876016	-0.0647775263	0.0098185818	0.048007707	0.1239941257	0.0513712676	-0.0239602282	-0.0236117203	0.0720995183	0.0260726423	-0.0531836226	0.102976269	-0.093689203	0.0739866825	0.0343327531	-0.031506035	-0.0175539659	0.0372792373	-0.00581153	-0.0344975807	-0.0365052449	-0.0514208072	-0.0046271751	0.0174744378	0.0449632453	0.0823990913	-0.1280984743	0.1010241029	0.0231029837	0.0144888586	0.0662577327	-0.1000437947	0.0089290151	-0.0005498198	0.0487821884	0.0017238386	0.0612738711	0.0381198718	0.0384509829	-0.0590719885	0.0467380564	0.0626104057	-0.0958446484	-0.019944	0.0086941252	-0.0254163479	0.0639551692	-0.0482234062	-0.0640218343	0.036395913	-0.0460636928	0.0039700148	0.1536633224	0.1299177605	-0.0951107235	0.0555753785	-0.0495908377	0.0558156975	0.1120586566	0.1454359688	-0.097933637	-0.0536048716	0.1108677047	0.0226014178	0.0450510163	0.0111376035	0.0471897573	-0.1020231209	0.0710692873	0.0585657317	-0.0204098223	0.1376168035	-0.012507201	0.0774728217	0.0198348426	-0.0697526583	0.1024509872	0.0034095049	0.0500953121	-0.0181853727	-0.0842166216	0.0166878167	0.0241733082	0.0108421805	-0.0837662475	-0.0409858408	0.0969934485	-0.0516703018	-0.0586244315	-0.0236068616	-0.0656488924	0.0242480378	-0.0442216755	0.015755242	-0.0338602317	-0.0791578303	0.0350545013	0.0212175063	-0.0701241541	0.0946881851	0.0	-0.0043796600132139	0.0009684060568702	1.918142183134478e-05	9.378102909830824e-07	0.1323864350254808	0.0018794732523162	3.532419706172095e-06	0.0175261681787558	-0.0359804278271127	-0.0051855676815649	0.001294591186622	2.6890112180090377e-05	0.0020801073225059	0.0002550432582417	6.50470635745934e-08	4.326846473142664e-06	0.0004419916202997	0.0001889369459031	3.5697169527190934e-08	1.9535659241515416e-07	-0.000488960004424	-2.2820093269996115e-07	2.390818859263181e-07	5.2075665685132185e-14	0.0	0.0	0.0	0.0	0.0	0.0	0.0	0.0	0.0
8381.44191972283	5.253768269983993	27.6020810346906	70248568.65368713	6141.011364381705	1.272149840398015	37712020.57746525	1.6183652164246949	5320.968932246334	3.5776613960370014	12.799661064693426	28312710.37793069	5145.214010424935	8712.635197526317	1.224224	23.231205	0.0168228935675167	0.0081255334071937	0.1317032219	0.1038352536	-0.0241646188	-0.0312783418	-0.1054699015	-0.0516939421	-0.0225444817	0.026999622	0.0879032162	0.0326526451	0.066634951	0.0089116212	-0.0789118637	-0.0635078033	-0.039024843	-0.0146411828	0.0081639585	-0.0865090623	0.0224669154	0.0622794438	-0.085062194	-0.0193747564	-0.1226400391	-0.0561663028	-0.0656226079	-0.1227320846	-0.0375972349	0.0157314759	-0.0377011085	0.1094312741	0.0029593238	-0.1184050817	0.1178288655	-0.0083857772	-0.0580394565	-0.0263377652	0.0796435607	0.0549777331	-0.041411265	0.0363494699	0.0742364761	0.0452582179	0.1155441372	-0.0003819677	-0.101216773	-0.092547228	0.0202118679	0.0719418805	0.0193130024	-0.0294203356	-0.0694483184	-0.048156438	0.0592464491	0.0526003776	-0.0151099369	-0.0037378246	-0.0493766323	-0.0704448557	-0.0560903262	-0.0877538818	-0.0408131801	-0.0364738134	0.0463673898	-0.0540527987	-0.0549987636	-0.0302457857	0.009218371	-0.112164051	-0.0175531927	0.0144980359	-0.0952693261	0.0150290076	-0.1597720533	0.0557259531	0.0600777153	0.1252344726	0.0332369151	-0.0432896432	0.0075431936	-0.073478893	0.0001498402	0.003225744	0.0973865845	-0.1358216866	0.0421949006	-0.0538549738	-0.031452754	0.0322702514	0.0938843876	0.045928496	0.0028930556	-0.0424900706	-0.0083548635	-0.0800538975	-0.0726861075	-0.0082414144	0.0498124445	0.0816075155	0.0083936768	-0.0444043753	-0.0054694417	0.1272861819	0.0251251886	0.0796806541	0.0261414457	-0.050579175	0.130855434	0.0350226797	0.043707315	-0.1848591923	-0.054191506	-0.0132671292	-0.0100696154	-0.0056626813	0.1081380516	-0.1182046768	0.0161524459	0.0648275274	0.0024520831	0.0078880676	-0.0111648379	0.0062797717	-0.0246369918	-0.0320064919	-0.0694347497	-0.0066379532	0.0134518627	-0.0263648941	0.0451456927	-0.0469749947	-0.0456182681	0.1418706275	-0.0531166261	0.0613393154	-0.0299344427	0.0756426112	0.0884972863	-0.0081362157	0.0410471004	-0.0268067032	-0.0776244935	-0.0693496731	0.0345751667	0.041975377	-0.0250505427	0.0259160237	-0.0784711646	-0.138775844	-0.1372543681	-0.0207482492	-0.1108843458	-0.0078067097	-0.0482003084	-0.0627077378	-0.158535165	0.0547233583	0.0929380963	-0.0477451463	0.0876337523	-0.0256510248	0.0749400605	-0.012807186	0.0591510381	0.0936267238	-0.02372511	0.0158206801	0.0437601137	-0.0587393095	-0.1290258357	0.1234872149	0.0076613445	-0.068471426	0.0060054744	-0.0726146229	0.0733652903	-0.0567011198	-0.0318210028	0.0025933128	-0.1193350242	0.0092773523	0.0437450073	0.0293178593	-0.1049601746	0.0599410669	-0.0806914404	-0.0097559509	0.0988456017	0.0382645803	-0.0298729911	0.0043399041	0.0894113789	0.072315979	-0.0292523002	-0.0799267552	0.0376087033	0.0171608514	-0.0662487853	0.0934030479	0.0	-0.0008207270653599	0.003558932947854	6.735929158142737e-07	1.2666003727320765e-05	0.1381423095074154	0.0057558744819345	3.313009105178587e-05	0.0190832976760425	-0.0354240802975596	0.0005563475295531	0.0012548654649279	3.095225736398391e-07	0.0021820993585208	0.0001019920360149	1.0402375410464708e-08	4.761557610456888e-06	0.0004049668502716	-3.702477002809996e-05	1.3708335956336891e-09	1.6399814981890054e-07	-0.0004889420383035	1.7966120499949764e-08	2.390643168203813e-07	3.2278148581871517e-16	0.0	0.0	0.0	0.0	0.0	0.0	0.0	0.0	0.0
8374.204225870626	-7.237693852204757	52.38421229824253	70127296.41658945	6147.312429855119	6.301065473414383	37789450.11025125	39.703426100254816	5317.343935865669	-3.624996380664925	13.140598759833804	28274146.5322874	5145.118686109679	8649.258429709576	1.367123	25.942898	0.0201757010016112	0.0098424415550567	0.1217630099	-0.0370037435	0.0698784103	0.0123165435	0.025191665	-0.0426118793	-0.0006481489	0.0352167821	-0.0413335966	0.0259833633	0.0606719503	-0.0306914475	-0.1127524899	0.0636167957	-0.1168084515	0.0034806748	0.0611448524	-0.0086655404	-0.0504205615	-0.1208591747	-0.0063797857	0.1219084942	-0.0640486313	0.0296573774	-0.0054420906	-0.0277127709	0.0296018159	-0.0641544949	0.0228683244	0.0144793674	0.0331884853	0.1179423707	-0.0971109239	0.1078808404	-0.0904207122	0.0653278929	-0.0580755893	-0.0174974469	-0.0452020851	0.014780757	0.0686999263	-0.1570870411	0.0762648043	0.0353414379	-0.0029101594	-0.0809576856	-0.0487537903	0.035323565	-0.0190285863	0.0001546206	-0.0891928694	0.0043033007	0.0461131766	-0.1201865898	0.0951494397	0.0505671281	0.1301159672	-0.1349861627	-0.0434387061	-0.0210565431	-0.0813557342	-0.1301435077	-0.0932891854	-0.0042416032	-0.0134675377	0.0346539835	0.0495985308	-0.0340196091	0.0415362494	0.1752658429	-0.0128455008	0.0674694427	-0.0626491342	-0.0131525521	-0.0894852866	-0.0243157394	0.103298424	-0.0576596392	0.0189274283	-0.0850862255	0.0158950219	-0.080251046	-0.1097606608	-0.0387792785	0.0109320006	0.0018965857	-0.0367788435	-0.0529242521	0.02002635	-0.0082874769	-0.0964251926	0.1068098086	0.1777248491	-0.0237037436	-0.0888083836	-0.0128822845	0.0856399794	-0.0226425708	-0.0974322938	-0.0685963348	-0.0315334298	-0.0524154541	-0.0920577367	0.1008093017	-0.0977423892	-0.0479901127	0.0264960911	-0.1007822192	-0.1070113698	0.0522899001	-0.036609588	0.0440593152	-0.038373849	0.0390851378	0.1448636456	0.0468238725	-0.0388645473	-0.0145095908	-0.0355986598	-0.0030568731	0.0222459183	0.0215033745	-0.0651963734	0.0565456527	0.071522451	-0.0083885513	0.1030126252	-0.1103643706	0.0183607098	-0.0606377123	-0.1284670237	0.0531088232	-0.0117423027	-0.0267614177	0.0142021643	0.0776594773	-0.0131965947	0.1714216209	-0.051871693	-0.036911962	-0.0682501376	0.0161027577	0.0041288015	0.0244649869	-0.1307129817	0.120186126	0.1208426468	-0.0119243734	-0.0121338092	0.0150078116	0.0796906771	-0.0007858272	-0.1693926972	-0.0624970048	0.0416765394	-0.0492062495	0.1111849187	-0.1213353181	0.0723509163	-0.130036616	-0.0413465234	0.1073133154	-0.0800025645	0.1671560227	-0.056446396	-0.0782959141	0.0273726034	0.0126865922	0.0847979237	0.1113975153	-0.0008608485	-0.025040697	-0.0740935321	0.0691302028	-0.0012329538	0.0042683297	-0.1088807756	-0.0125549311	-0.0639787757	-0.0258740987	-0.0019702	0.0142717579	-0.0320395592	0.0236941027	0.125180237	-0.0160187454	0.045144232	-0.1807167101	-0.0459698445	0.0187041993	-0.0144666409	0.0234224212	-0.0287691228	-0.0806790814	0.0401316657	0.0130721264	-0.0621533448	0.0916331806	0.0	-0.000302898962218	0.0005178281031419	9.17477813127414e-08	2.681459444035384e-07	0.1382209106829037	7.860117548830203e-05	6.178144788142852e-09	0.0191050201500112	-0.0289496814172736	0.006474398880286	0.0008380840541616	4.191784086104861e-05	0.0022861024349008	0.00010400307638	1.0816639896504127e-08	5.226264342859367e-06	0.0003468271943296	-5.813965594200001e-05	3.380219593054137e-09	1.2028910272654214e-07	-0.0005888967628354	-9.995472453189994e-05	3.467993972780134e-07	9.990946956248e-09	0.0	0.0	0.0	0.0	0.0	0.0	0.0	0.0	0.0
8369.410641639872	-4.793584230754277	22.978449777336078	70047034.48839474	6111.944335482014	-35.36809437310512	37355863.56003068	1250.9020995848705	5316.97698746116	-0.3669484045085482	0.1346511315713691	28270244.285191555	5142.540084356195	8671.947588803854	1.322772	25.101288	0.1072256664690737	0.0658786013144932	0.1189148457	-0.0696878497	-0.0552151046	-0.0227581205	0.0793761117	-0.0301115829	-0.0107236653	-0.1428121498	-0.0688981861	-0.021872182	-0.0007860052	-0.0022610584	-0.134534085	0.0502546087	-0.1304439295	0.0454459104	0.0040280997	-0.0865122214	0.1288522505	-0.1047434951	0.1025240766	-0.0266240758	-0.1088673891	0.0619891195	0.0920036084	-0.0783404094	-0.1198674662	-0.0181859779	0.0013862882	0.0253672465	0.0239226001	-0.0687683809	0.1177850419	-0.0080591918	-0.0485949893	0.0742274265	0.0243009144	0.0705497856	-0.0631543498	-0.0892419669	0.0090297462	0.0281419952	0.1760846691	0.0443663392	0.0826766095	-0.0677464578	0.0432151993	-0.0654254135	-0.0180274971	0.0040124711	0.056989501	-0.0270040336	-0.0307489321	0.0338139056	0.0670522478	-0.1802985806	0.005319454	0.0021647752	-0.0925551985	0.0088093199	0.0411482095	-0.0074641678	-0.0771741193	-0.0983104921	0.038551959	-0.0030010951	-0.128801292	0.1018579782	-0.0430118781	0.0736705711	-0.0718025773	-0.0284340579	-0.1422988411	-0.1385985145	-0.1248593996	0.0443354723	-0.0837136957	0.0158989129	0.1331569809	0.1043757389	0.0292692748	-0.0312226819	-0.0260258578	0.1254172885	0.0077304732	0.1297685091	0.0140967975	0.0300089699	-0.0726583422	-0.0311883985	-0.0074481346	0.0241652294	0.0010298359	-0.0086639097	0.0480962763	-0.0465783156	0.0258775549	-0.0885679242	0.0283076046	-0.0326167833	-0.0340094697	0.0537471423	-0.0689539381	0.0922758465	-0.0173374347	-0.0042125514	0.0228775076	-0.0634969116	0.1959490636	-0.1379297489	-0.0886680703	0.0090295829	0.0585524178	-0.0810510636	0.0276233899	0.0085251828	0.1212791542	0.0494854255	-0.054490001	0.0239901295	0.1319370719	0.0149195056	0.002221698	-0.0727765262	0.0357326203	-0.0260528012	-0.0503942845	0.0478524298	0.0798899738	0.0080819341	-0.0622512927	0.0408054594	0.0602232134	-0.0369258928	-0.1216812366	-0.0080555379	0.1012449416	-0.0297996733	0.0144792219	-0.0219372727	-0.026482942	0.0690763785	-0.0664331432	0.0426108294	-0.0211952064	0.065741522	-0.0265345488	0.035847176	0.0691001786	-0.0365557152	0.0162659046	0.1167097241	-0.0344646055	-0.1218108416	-0.0478324535	-0.1443447299	0.0417501438	-0.0181087492	-0.0907922139	-0.0096749906	-0.1281600151	-0.08111826	-0.0073596273	0.0418616769	0.1173808542	-0.0084356265	0.1134011196	0.2352637518	0.0233302618	0.1288981554	0.1279840422	0.0931141002	0.0506844836	0.082601671	-0.0221186952	0.0558710318	-0.0641459388	0.0195555485	-0.0721495264	-0.0435087345	-0.0400104272	-0.1037942547	-0.1461154375	0.1295353201	0.0343626292	-0.0743313805	0.0787372505	-0.1110604301	0.0439530564	-0.0131894047	0.1955495432	0.0470569076	-0.0351306194	-0.0814146528	0.0426212929	0.0089589723	-0.0578514371	0.0893877684	0.0	0.0100079897547686	0.0103108887169866	0.0001001598589315	0.000106314426134	0.1273774766652025	-0.0108434340177012	0.0001175800612962	0.0162250215615942	-0.0479609867569195	-0.0190113053396459	0.0023002562506974	0.0003614297307172	0.0022097469317921	-7.635550310870027e-05	5.830162854982737e-09	4.8829815025646e-06	-0.0008971312869061	-0.0012439584812357	1.5474327030382295e-06	8.048445459457951e-07	-0.000568009979285	2.0886783550400035e-05	3.226353365673461e-07	4.3625772708126144e-10	0.0	0.0	0.0	0.0	0.0	0.0	0.0	0.0	0.0
8365.153482410638	-4.257159229233366	18.12340470304683	69975792.78428683	6153.274337388983	41.3300019069693	37862785.07116983	1708.169057630086	5319.98364276092	3.0066552997595863	9.039976091572408	28302225.959243745	5146.237910360312	8628.326118009463	1.284771	24.380165	0.0480700356625279	0.0240014905091537	0.1111535941	0.0706133723	-0.0656705942	-0.0846142073	0.1485672269	0.0115541859	-0.0299597284	-0.1025737537	0.0622819606	0.0466267279	-0.026004768	0.0280292925	-0.143315829	-0.0409456049	-0.0353447646	-0.0657741078	0.0352234468	-0.0585280899	-0.180289847	-0.2071012627	0.0064474144	-0.057598252	-0.1735864948	0.0965359576	-0.0356008863	-0.1395808239	-0.0534460501	-0.0936268071	0.1029965494	-0.0284903513	0.0031629323	0.0937699188	-0.038388119	-0.0841833795	0.0101884275	0.0455413355	0.0372415415	-0.0072464116	-0.0249584847	-0.1171984592	0.0526884413	-0.0159627068	-0.0644110527	-0.0235076066	-0.0056991573	-0.0976052635	-0.1107341301	-0.0219805619	-0.0454687712	0.0513341994	0.0286738567	0.0341572854	-0.040360061	0.1759418168	-0.0470884829	-0.0181207684	-0.0688320551	-0.038297749	-0.0128743507	-0.075468457	-0.0081896032	-0.0025630069	0.0551074025	-0.0107684556	0.0427835927	-0.1143457181	-0.060136866	0.0294824488	-0.0771277189	-0.0623752634	0.0304169129	-0.0175659491	-0.0721608396	-0.016383051	-0.0271054314	-0.0301084773	-0.0857912917	0.1349061037	-0.1103101048	0.0648688299	0.0289271219	0.0163160989	-0.032648257	0.0402190386	-0.0826056069	-0.007720876	0.0969271908	0.0098554454	0.2012073307	-0.0013377304	0.0553806893	0.0960373427	-0.0312555573	0.0460995624	-0.094608331	0.0100370616	0.0801458808	0.0022798688	0.0742723068	-0.0338530376	-0.0623968189	0.05899893	-0.0469221535	0.177837378	-0.164271671	-0.0352872717	0.0513105026	-0.0099141949	0.0999934972	0.1623372578	0.0824619499	-0.0692754767	0.008698896	-0.0055735138	0.0133802489	-0.0414709003	0.0485209936	0.0294059879	-0.0975834439	0.0561673227	-0.0078139342	-0.0278899825	-0.114120964	0.0955666706	0.0354508472	-0.0416976195	-0.0342821105	0.0404808562	0.043585007	0.0643928679	0.0599504714	0.0936736477	0.0319789181	-0.0860820577	-0.0025863161	-0.0496428302	0.1215613814	-0.0757500348	0.0230085126	0.1129809277	-0.0476060421	0.0160451329	-0.0290376884	-0.0071800897	-0.0234477196	-0.0305663064	-0.0731768648	-0.0713069828	-0.1347442178	-0.0791667414	-0.1015283981	0.1069354157	0.0294892616	0.0568494238	0.0262659664	-0.0585838747	-0.0555201362	0.069086237	-0.09501666	-0.0289428769	0.0018428933	-0.0689884158	-0.0547634719	-0.0133278778	0.1028569914	-0.0472221177	-0.02157349	-0.1091772458	0.1107831547	0.1410895532	0.1321508825	0.0056075769	0.0803968545	0.0232061437	-0.0888443214	0.0571511657	0.0525478288	0.0126670406	-0.1120450323	-0.0453250233	-0.0069627366	-0.0526730392	-0.0094025124	-0.0644292266	0.1250038508	-0.0444614124	0.1264414675	-0.1576616246	-0.0339385923	-0.0461646687	-0.0166779723	0.1128348804	-0.0869558436	-0.0821333167	0.0450755168	0.0048290757	-0.0533573527	0.0866784641	0.0	0.0086344110164588	-0.0013735787383098	7.455305360114508e-05	1.886718550336744e-06	0.1383897900196729	0.0110123133544703	0.000121271045417	0.0191517339816891	-0.0467643951608067	0.0011965915961128	0.002186908654756	1.4318314478877829e-06	0.0019742706485225	-0.0002354762832695	5.544907998246477e-08	3.897744593617453e-06	-0.0006192360428227	0.0002778952440834	7.722576668417247e-08	3.834532767307168e-07	-0.0007443894914047	-0.0001763795121197	5.541157149137479e-07	3.11097322955834e-08	0.0	0.0	0.0	0.0	0.0	0.0	0.0	0.0	0.0
8365.521065461717	0.3675830510783271	0.135117299440052	69981942.69668373	6110.322337439998	-42.95199994898576	37336039.0674182	1844.8742996176725	5318.581566658945	-1.4020761019746717	1.9658173957284892	28287309.88120432	5144.642803973398	8593.109570663079	1.336371	25.359341	0.090597029380625	0.0552223991430686	0.1002926351	0.0299258192	0.0664032573	-0.0388745878	0.0338470244	-0.0130348736	-0.0718089243	-0.0797781583	-0.0112667004	0.1060694358	0.0144221678	0.0083000947	-0.0488502728	-0.0261493411	-0.0065938462	-0.0615651143	-0.0662117967	0.0203369252	-0.0383470777	-0.0216166077	-0.0756783029	0.0680778792	-0.0729031621	-0.0227958942	0.0079368874	-0.0381398713	-0.0565633436	0.0049760919	0.0502973607	0.0972472803	0.0782473331	-0.0127758923	0.0039162082	-0.0574625167	-0.0093523912	0.0570285492	-0.1071227302	0.1771179752	-0.0611314207	0.0119627669	0.0538648123	-0.0840284958	0.0280777752	-0.087089937	-0.0004765228	-0.0088316072	0.1089935176	0.0615794681	0.0694623051	-0.0409846138	0.0757457104	-0.0140075871	0.1059950189	0.0376255364	-0.0961684571	-0.0596010158	-0.001866386	0.0008673369	0.0280802217	-0.0549076074	0.0136051022	0.0560915955	0.0240738282	0.0058772348	0.0259615181	-0.0010103561	-0.0723938979	0.0248227248	0.0071865195	-0.0692301421	0.0021017755	-0.029770082	0.0336239076	-0.0424257789	-0.0547580093	-0.0655312923	-0.0029246538	0.0965696041	-0.0163237824	0.1216773038	0.044412591	0.0276878157	-0.0427101388	0.1013694456	0.0012573252	-0.0815895077	-0.011216974	-0.0581946271	0.0224223106	-0.1473576547	-0.0351335847	0.0674407501	0.0442662988	-0.0445629881	0.1785779015	-0.0161531665	0.0197549618	0.0513562936	-0.0813549887	0.0520226855	-0.0348905121	0.0940741226	0.0288516117	0.0027277195	-0.0945469954	-0.0723635563	0.0295359003	-0.0526699748	0.0676913048	-0.0173280939	-0.1338597627	-0.0193130391	-0.0534817675	0.0644713748	0.0225570401	-0.092879809	0.0139215338	0.0724762835	-0.0678204744	0.0715165036	0.1463232786	-0.0720977044	-0.0636921936	-0.1193222851	-0.0271764006	-0.0608080206	0.0824896234	-0.1068815213	-0.1276829838	0.0479925804	0.0688144213	-0.0748823354	-0.1091348919	-0.0303696174	-0.0781837109	-0.0606075302	0.0263116108	-0.018700887	0.0314299814	-0.0113929132	-0.0187594593	0.0124219881	0.0159376867	0.0201045932	-0.0163035336	0.0314693187	-0.0722407403	0.0213977957	0.0344302948	-0.025310299	0.0358678907	0.028471927	0.0916637802	-0.0100534069	-0.0561946418	-0.0730494582	-0.1046487763	0.037801986	-0.1225106514	-0.0278632642	0.0216823327	0.0622426188	-0.0174420941	-0.1593136993	-0.011565015	-0.0385710163	-0.0055553765	0.0307678207	-0.0132772635	0.0961715064	0.0904593786	-0.0388766843	-0.0359018765	0.0782047882	0.002157402	-0.0802104638	0.0811887617	0.0135849876	-0.0547039338	0.0355262349	0.0806059059	-0.0621983848	-0.0998882265	0.1623733138	0.0856263064	-0.128226602	-0.0775259991	-0.0982680951	0.0648343171	-0.0963561125	-0.0346992593	0.023170979	-0.0212546195	-0.0828349236	0.0474922989	0.0006901546	-0.0486860206	0.0835193281	0.0	8.438151749601275e-05	-0.0085500294989627	7.1202404949299064e-09	7.310300443313384e-05	0.09723089653788	-0.0411588934817928	0.0016940545126455	0.0094538472415599	-0.0475136402165361	-0.0007492450557293	0.0022575460066264	5.613681535349455e-07	0.0025443166072823	0.0005700459587597	3.2495239509837934e-07	6.473546998092513e-06	-0.0004560364658443	0.0001631995769784	2.6634101925928724e-08	2.0796925817975938e-07	-0.0008139211825493	-6.953169114460006e-05	6.62467691402451e-07	4.834656073428054e-09	0.0	0.0	0.0	0.0	0.0	0.0	0.0	0.0	0.0
8355.210420152745	-10.310645308971289	106.30940668741164	69809541.16502902	6090.581744293669	-19.740593146329047	37095185.98392331	389.69101776889335	5315.384098387722	-3.1974682712234426	10.223803345480633	28253308.113393053	5138.888384920982	8554.382947242866	1.338647	25.402534	0.0760611058347174	0.0437820276679376	0.0196821759	-0.0729981111	0.0579316528	-0.0020930205	-0.035268573	-0.0161513353	-0.1090236791	-0.0016642323	-0.0688513449	0.0574414332	-0.0203985071	-0.1071041758	-0.0546420039	0.0948635552	-0.1155093592	-0.0024365405	0.0083460796	0.0811665608	0.0770815882	-0.0943026047	0.0512347561	0.0963420751	-0.0188986513	0.0308107004	0.0272583446	0.0112272185	-0.0213975907	0.0146986604	0.0590738946	0.0654472475	0.0563449045	0.0642262101	-0.040001431	-0.1466076113	-0.1043243513	0.0321419746	-0.0882424773	-0.0172966246	0.0232678082	0.0416361814	0.08398229	0.005084659	-0.0901760726	-0.0360739623	0.006470457	-0.0616859618	-0.0418318279	0.1335906388	-0.0118542877	-0.0530028352	0.1534170444	-0.0401261457	0.0130446844	0.0401311242	0.0208315372	0.0478664231	0.01891812	0.0713282222	0.0526111556	0.0591076258	0.0457284195	-0.065330046	0.1069852239	-0.0180796971	-0.0900927897	-0.0838154777	-0.0266633088	-0.0281177606	0.0717508352	-0.0202477918	0.0028681521	0.0085337218	-0.0147317483	0.06028626	0.089672587	0.0625462569	0.0520449572	-0.1473615655	-0.032429582	-0.0425458463	0.0533108582	-0.0441873168	0.0532483877	0.0263956604	0.1173872104	0.0728132878	-0.0634486579	-0.022581349	0.0553700694	0.0873106752	-0.0435802829	-0.1324412714	0.1337680199	0.0022056717	0.0706155438	-0.0871192304	-0.0364630788	-0.0623935947	-0.0814832336	-0.0200487134	-0.0127398249	-0.024611701	-0.082639338	-0.0173180854	-0.0270968743	-0.1665377517	-0.001967436	-0.1101206014	0.0115529883	0.037169535	-0.0366048008	0.0534204071	0.013748626	-0.0430652617	0.064972683	-0.1132898052	-0.038919609	-0.0398380047	0.0583728778	0.1402622348	3.19509e-05	0.0060980574	-0.0381953281	-0.0157297647	0.058871341	-0.0753409849	-0.0983496981	-0.0282633117	-0.0154816636	-0.0664766524	0.0093984895	-0.0278333713	0.0975588019	-0.0662938909	0.1133610575	0.0269885815	0.0174091308	-0.0230002868	0.065995118	0.054254267	0.0194988682	0.029576361	0.1963500827	0.0557951295	0.1119953003	-0.0573703484	0.0509038182	0.1101316595	-0.101945722	-0.0142107076	0.0127503056	0.0759545297	0.0026025414	-0.0715913778	-0.0207466708	0.076438813	0.0118276053	-0.0316659929	0.0559912983	-0.0851794551	0.1315422292	-0.0865612807	0.0476229696	0.038337641	-0.0895829948	0.1329608788	-0.0245127802	0.0066639439	-0.0513114358	0.0563251086	0.0516402481	0.0451391485	-0.1037820867	0.0455765428	0.040044763	-0.0842261624	-0.0054036636	0.0350888484	0.0555412126	-0.0732303916	0.0712186583	0.0429230255	0.0150607397	-0.0788384468	0.0684286429	-0.0733110482	0.1556890247	-0.1621501061	-0.0801812042	-0.0031512496	0.1547567591	0.0551183442	-0.1359313718	-0.0835193281	0.0498696316	-0.0034500563	-0.0438529584	0.0799267552	0.0	-0.004337547140949	-0.004421928658445	1.881431519995484e-05	1.9553453060377308e-05	0.1300941099139976	0.0328632133761176	0.0010799907934042	0.0169244774343152	-0.0505517730232583	-0.0030381328067222	0.002555481755795	9.230250951281724e-06	0.0025435495127552	-7.67094527100165e-07	5.884340135070258e-13	6.469644123837214e-06	9.275498419625272e-05	0.0005487914500405	3.011720556376124e-07	8.603487093247092e-09	-0.0009791192578503	-0.000165198075301	9.586745210933223e-07	2.7290404083154867e-08	0.0	0.0	0.0	0.0	0.0	0.0	0.0	0.0	0.0
8363.172264641164	7.961844488418137	63.39096765775427	69942650.3280632	6118.621866254664	28.040121960995748	37437533.54220972	786.248439587516	5315.557705623584	0.1736072358626188	0.0301394723438589	28255153.721814264	5143.062610683472	8552.901258384216	1.353758	25.689276	0.1490055765028375	0.0693946612136987	-0.0486734559	-0.0597488335	-0.0461484693	0.0053576734	-0.0267613178	0.0542469352	0.0197197784	0.0543390008	-0.0547652122	-0.0649421367	-0.0987615475	-0.0292570851	-0.0059772624	-0.0662224499	0.0508070055	0.0445653377	-0.0454719985	-0.0866652096	-0.005820997	-0.0855402309	0.0754087274	-0.045501132	-0.031817802	-0.0250612458	-0.0379612821	0.1224334411	-0.0005174287	0.0821906938	0.0296268565	-0.0137955408	-0.0004290174	0.0623850055	-0.0170061796	-0.00611842	-0.0010080014	-0.1234752737	-0.1915607148	0.0253374886	0.0761293229	0.1166436232	-0.0085986261	0.0399580959	-0.0641759865	0.0484447944	-0.0538732547	0.0851780838	-0.1437849886	0.0764623529	0.0405216541	0.067731345	-0.1111746239	0.0207482509	0.0067132869	0.0318009525	0.1040543328	0.058177422	0.0519162853	-0.0542276347	0.0365018381	-0.0519765309	0.1212864911	-0.0180359903	-0.0191005875	-0.0486217794	-0.096179827	-0.0296531735	0.0016389427	0.0173106904	-0.0331146155	0.0171798253	0.0125152542	-0.008349337	0.1008261852	-0.0170601746	-0.099721553	-0.0079773154	-0.0363625385	-0.0165379196	-0.0171233553	0.0538593894	-0.0862870887	0.014605847	-0.1148485039	0.0446986201	0.0490634033	0.0684421688	0.0540774038	0.0091179727	-0.1016681174	0.1507088546	-0.0007215451	0.0064126514	-0.0034336377	-0.0517632439	-0.0184118289	-0.0655822009	0.1585569205	-0.0747682828	0.0401828442	-0.0122722916	0.0129036401	0.0495039012	0.0408310108	-0.0216797828	0.0701721683	-0.0209026893	0.0002078675	0.037188851	-0.0617886617	0.1311720394	-0.2036941994	0.024035011	-0.0433735708	0.0448311939	-0.0916094313	-0.0359336479	-0.0687636575	0.0620437	0.0801408991	0.0798271611	-0.0991495491	-0.0236699207	-0.1071964353	0.064767998	-0.0488796561	0.0447187033	0.0054747276	0.0525722879	-0.0154154936	-0.026081859	0.0319745251	0.0555378497	0.0920079363	-0.0255787155	0.0767097315	0.1464022621	0.0986714751	0.0788769477	-0.0653442883	0.0104123492	0.0875768546	-0.0575272493	0.0419119986	0.0126045309	0.0571109252	-0.0312260784	0.0684129802	-0.00724061	0.085060456	-0.037536986	0.0847377275	-0.0597468927	-0.0970297964	-0.0123311163	0.0979185341	0.0129304235	0.0234348134	-0.0257304269	-0.0419006423	0.0957254735	-0.1291010232	-0.0650495036	0.055289094	-0.0921785481	-0.006919364	0.0628620282	-0.0531930873	0.1303210725	0.0185549732	-0.0106246428	-0.0009623358	0.0891457088	-0.1521502983	-0.1144688249	0.0541806669	0.0154623707	0.0643701385	0.0103912107	0.1519550155	-0.1550510941	0.139659124	0.0437055871	-0.0216764373	-0.3509629454	0.0048810062	-0.0081813919	0.0423790207	0.0720020376	0.0040012194	0.0303377232	0.2383280256	-0.0725072429	-0.1106222453	-0.0841863878	0.0522055402	-0.0075838198	-0.0388742211	0.0759193896	0.0	-0.0393821042702029	-0.0350445571292539	0.0015509501367491	0.0012281209843855	0.1434662141306546	0.0133721042166569	0.0001788131711811	0.0205825545969828	-0.0546710008383826	-0.0041192278151242	0.0029889183326704	1.6968037792893693e-05	0.0031197318986256	0.0005761823858704	3.3198614178730656e-07	9.73272711930209e-06	0.0010779010000572	0.0009851460158609	9.705126725666975e-07	1.1618705659243117e-06	-0.001347184602955	-0.0003680653451046	1.8149063544390207e-06	1.3547209826704185e-07	0.0	0.0	0.0	0.0	0.0	0.0	0.0	0.0	0.0
8372.634747095319	9.46248245415518	89.53857419519461	70101012.60826789	6104.589066690473	-14.03279956419101	37266007.67315687	196.91946360875937	5319.011264578245	3.453558954660366	11.9270694533148	28291880.83271026	5139.550405822486	8644.99112573541	1.270738	24.113869	0.0584791157150899	0.0300491479956564	-0.0507497564	0.1031386028	-0.0510228688	0.0134280253	-0.0846090847	0.0272516952	0.0090907068	0.1013936958	0.092754845	-0.0097124221	-0.0559809626	-0.0404547123	0.0446836033	-0.086632477	0.0173543617	0.045297247	0.0391431645	0.0315401818	-0.0086200481	0.0342831425	-0.0714530242	-0.0913401188	0.0046569853	-0.122375733	0.0690570399	0.0441370142	0.0065305353	-0.0133510344	-0.2019608926	-0.0088819964	0.0252086633	0.1247980177	-0.0109350136	-0.0470090272	0.0370071327	-0.0509082178	-0.0627542641	0.0657257078	0.0152726602	-0.121361571	-9.29609e-05	0.0806161643	0.0815562205	-0.0900043986	0.0468578224	0.0367810822	-0.1726584583	-0.0119958516	-0.0561567617	0.0028088737	0.0049080098	0.0402230807	-0.0357232126	0.0018592153	-0.0750135455	-0.0066296544	-0.013069597	-0.0799473257	-0.0457783867	-0.0418674332	0.0033154928	-0.0265480061	0.0838088799	-0.1044870676	-0.0481310921	-0.0003985158	-0.0351040456	-0.0858463539	-0.0808168803	-0.0088512692	-0.007715751	0.0003758024	-0.0823315751	-0.027319162	0.075048803	0.0475450319	-0.012779985	0.0946404117	-0.0353832715	0.0224081822	0.0814842422	0.0957588673	0.0164850088	-0.2134529189	-0.0724690488	0.0698995232	-0.0908100803	0.0556335764	-0.0916727531	0.017958494	-0.1077228429	-0.0544255678	0.0287395598	-0.0598495599	0.1438779466	-0.0256523295	-0.064814013	0.0864503192	0.0684996614	0.0150680412	0.0275232031	0.0364638571	-0.0312780212	0.0216532069	0.1417016411	-0.0512131272	-0.0607455339	-0.0796273156	-0.0880300659	-0.041688121	0.0776377385	-0.082537149	-0.0622205171	0.0178287582	-0.1586837506	-0.0790508562	0.0700717552	0.0708554906	-0.0490394547	0.0486423594	-0.0390687145	-0.0043264956	-0.0538254272	0.005133728	0.0466976614	-0.029750335	0.1329160366	0.1191049274	0.056168935	-0.0886698201	-0.0324168204	-0.0899747576	0.13271556	0.0426653774	0.0013082319	0.1191723051	0.0624636431	-0.059132907	0.1016771863	0.0309188601	0.0920092445	-0.0154584856	-0.0327749757	-0.0781502366	-0.0100235079	0.155734078	-0.064422076	-0.0724209187	-0.0741710303	-0.0578215578	-0.076344154	0.083944756	0.0569805648	0.0300189788	-0.0049486832	0.0463758421	8.09975e-05	0.0183438174	0.1573058901	0.0471047258	0.1350283456	0.0503273009	-0.0988383965	-0.1265946885	-0.0023045388	-0.0013878594	0.0846622408	0.0151868468	-0.0133223767	-0.0456998224	0.0289885696	-0.0525204684	-0.0822168251	-0.1638180629	0.0571187802	0.0101565806	0.0054799052	-0.0100908867	0.0740426732	-0.0907879303	0.0151186303	0.0767151952	0.0443000627	-0.1790980476	-0.095988147	0.0154200662	0.0305059347	-0.0079634379	0.0762603513	-0.054824555	0.0197797808	0.0125123668	-0.0860525852	-0.0848359644	0.0544980844	-0.0117034106	-0.0337663475	0.0715180283	0.0	-0.0322446694314777	0.0071374348387252	0.0010397187067452	5.0942976077048296e-05	0.1326836564460194	-0.0107825576846352	0.0001162635502224	0.0176049526878853	-0.0610279878372921	-0.0063569869989095	0.0037244152994686	4.041128370430448e-05	0.0034380335186401	0.0003183016200145	1.013159213038553e-07	1.1820074475292827e-05	0.0010788139114616	9.12911404400132e-07	8.334072322838216e-13	1.163839455563077e-06	-0.0009823564105175	0.0003648281924374	9.65024117284827e-07	1.3309960999721348e-07	0.0	0.0	0.0	0.0	0.0	0.0	0.0	0.0	0.0
8365.889768964986	-6.744978130333038	45.49472997867097	69988111.62647302	6111.570256323364	6.981189632891073	37351290.99797644	48.7370086903858	5314.573822597287	-4.437441980957374	19.690891334362902	28244694.91583634	5141.062832445009	8681.161772970427	1.237436	23.481922	0.0995021074324655	0.0496938434476972	0.0201448404	0.061140356	0.076285432	0.0462428679	-0.0784106942	-0.0401101195	0.0580615221	0.0366829742	-0.0158698217	0.075030846	-0.0043916809	0.012981353	-0.0010032061	-0.0005680955	0.0376708053	0.0531876062	0.0818282945	-0.0395893704	0.0017161188	0.0779447868	-0.0781570184	0.038362157	0.0212619506	-0.0864552731	0.0756541063	-0.040811432	-0.0808561761	0.0163508996	-0.0067303291	-0.0125278887	0.0264361168	0.0177947794	0.051582195	0.1193499319	-0.1204991026	-0.0048853689	-0.0672756837	0.0128924397	-0.0315758858	0.0726633182	-0.0111213903	-0.0401160941	0.0189357177	0.0367582838	0.0176864763	0.041577428	0.0656906208	0.0239099166	-0.123125296	0.0409090261	0.0610395127	0.0316757154	-0.0482295166	-0.0534180818	-0.002235093	-0.0528569632	0.0427133394	0.0579511314	-0.078187001	-0.0465350351	0.0012589683	-0.0167771037	0.0397120502	-0.0619799646	0.0550362976	-0.0012663613	0.029706807	-0.0623609005	-0.0071909524	-0.0527249131	-0.0078665858	0.0114405073	-0.191648664	0.0085006884	-0.0307720467	-0.0311094981	-0.0666288775	-0.1702075972	-0.1033403543	0.0016979013	-0.1420840742	-0.0314040203	-0.0191699796	-0.0349626996	-0.0965316673	0.1122997673	0.0422193758	0.0801091595	-0.0254044727	0.0140252073	-0.0331539961	0.0766218595	0.0258497459	-0.0099575106	0.1603324445	0.0710120645	-0.11187133	0.0618925429	-0.0658538071	0.0440470073	0.0296539667	0.0277292414	-0.047500232	0.0515009461	0.0099472942	0.0091300655	-0.0596169204	-0.0165500133	-0.0275010849	-0.0187040039	-0.1963322176	0.0770248174	-0.0577207311	0.0120404596	0.0463981937	0.0057868821	-0.0460714199	0.0191923098	0.0164339901	-0.0203111178	-0.0055773139	0.0774247595	0.0774833925	-0.0394098183	0.0289468069	-0.0858106621	-0.0225583925	-0.027493025	0.0132549591	-0.0010600454	-0.0459503709	-0.0237657815	0.0505243879	0.0105627807	-0.066271428	0.0189510256	-0.1043285014	-0.0578458642	0.0397952375	-0.0252822888	0.0556201161	-0.0204527029	-0.0178913765	0.0551240116	-0.0237380377	0.0226104532	0.0163975095	-0.0097869234	0.0028648331	-0.0534920745	-0.0630019187	0.0048083923	0.0105643066	0.0585557315	-0.0466494218	0.0527211057	0.0118182557	-0.094962693	0.1024262963	-0.0170946887	-0.0595925092	0.1291826775	-0.0871466594	-0.1111243037	0.125166356	0.0579996652	0.0828333159	-0.0051947537	-0.1349209061	0.0034357353	0.0311443627	-0.0928157972	-0.1068665022	-0.02563703	0.0007709628	-0.0267721613	-0.0718997209	0.0038965911	0.0396020766	-0.0188697666	0.0003901252	-0.0472055019	-0.0594576104	-0.0416687379	0.0251317104	-0.0669629447	-0.0089109141	-0.0190407253	0.0834396812	0.0873509125	0.0817994488	-0.0593557809	-0.1291983282	-0.0854679228	0.0567453599	-0.0158011302	-0.0285463055	0.0667455128	0.0	-0.0127316430869086	0.019513026344569	0.0001620947356924	0.0003807581971238	0.1316800918564808	-0.0010035645895385	1.0071418853757729e-06	0.0173396465913312	-0.0444586440965792	0.0165693437407129	0.0019765710349062	0.0002745431519979	0.0030766493976484	-0.0003613841209916	1.305984829049436e-07	9.465771516050263e-06	0.0003362116206226	-0.000742602290839	5.514581623593307e-07	1.1303825384167513e-07	-0.0008380193671953	0.0001443370433222	7.02276459794411e-07	2.083318207499465e-08	0.0	0.0	0.0	0.0	0.0	0.0	0.0	0.0	0.0
8361.3260748451	-4.56369411988635	20.827304019885243	69911773.72988455	6101.350101755626	-10.220154567738064	37226473.06419339	104.4515593884572	5319.033805726066	4.459983128778731	19.89144950899092	28292120.62645672	5146.12363600307	8620.770587985799	1.279038	24.271374	0.0399280373755123	0.0189102388343758	-0.0050727499	-0.0783124398	0.0386156583	0.0535520066	0.0199072075	0.0467465539	-0.0509923043	0.012468359	-0.0835348606	0.0439209017	-0.0056771493	-0.0569187712	-0.0377298639	0.0773192209	-0.0463388347	-0.0330013177	0.1132522846	0.0755711226	0.0357568581	-0.0205440548	0.0511254519	0.056023257	-0.0399213024	-0.0305920287	0.1219103091	0.0407055507	-0.0252904217	-0.0688294425	-0.1155504333	-0.0036166535	-0.0940011563	0.0742830915	-0.02405315	-0.0893777028	0.0273053318	-0.0553762448	0.0047535206	0.0968822064	0.0519108996	0.1485380963	-0.0587276883	0.0019617201	-0.0198029673	0.1032148571	-0.0692909725	0.1029129653	-0.0410872415	-0.0357332585	0.0297133173	0.1149671234	-0.0213896735	-0.0189118702	0.1182202709	0.066063513	0.1531368322	-0.0549738061	-0.0223017823	-0.0696015851	-0.0292836493	-0.0887465995	-0.0912165174	-0.1710411332	0.0838537838	0.0955496632	0.1295389845	0.0891888459	0.1223340381	0.091607057	0.0605199979	-0.0759115528	-0.0964947704	0.0282757362	-0.0276691543	-0.07102172	-0.0461204234	-0.0089916954	-0.0753815697	0.04537565	0.0140946663	-0.1658722956	-0.0112447988	0.030355802	0.0434115435	0.0277440476	-0.1198186008	-0.0604868212	0.0117548094	-0.0068145017	0.0244401128	0.0325575529	0.0573330858	-0.0456026252	-0.1284206517	0.0780152098	0.0328956464	0.0225361789	0.0228284541	-0.0619378152	-0.0476240969	0.0161026946	-0.0399961897	-0.0126213587	-0.0933460296	0.0879093495	0.0597231885	-0.0356819565	-0.0804584135	-0.0530657818	0.0063170119	-0.0182548165	0.0907957512	-0.0039296249	0.0037422075	0.046641385	-0.1371505954	0.0107203653	0.028611456	0.173306137	0.1217063406	0.1603250398	-0.0073421801	0.1188608569	0.0722644737	0.0183437366	-0.1499288888	0.068086605	-0.0575312756	-0.0263367602	-0.0430664229	0.1482095769	-0.1111214394	-0.025703289	0.0974663793	0.0582951255	0.0711076871	0.1138230204	-0.0816070003	0.0490938749	-0.1498889334	0.0158331097	-0.134393778	0.0599240829	-0.0371991171	0.0458602075	-0.1092141848	0.0606658013	-0.0772350447	-0.0743072318	-0.0674468524	0.0288062415	0.1046324726	-0.1025901364	0.0385549907	-0.0119352013	-0.0175638584	-0.035968348	0.0207831409	0.079903163	0.0142878772	0.0190415407	-0.0821942238	-0.0098935676	0.0548541185	0.031710584	0.0738948445	0.0791298772	0.0815677461	-0.0981059716	0.0001295449	-0.0175003238	0.03853165	0.0165418117	-0.0969999855	0.0595888497	0.0100079458	0.0824773262	-0.0738501672	0.0445952892	0.0204332606	-0.0611542987	0.0037798387	-0.001078827	0.0210841273	-0.048517281	-0.1470489462	-0.0267660899	0.0802152673	-0.0882226432	0.0504426979	-0.0883319645	-0.0347547572	0.0373597707	-0.0943088013	-0.0860821319	0.0589455001	-0.0198693207	-0.0232314356	0.0616266108	0.0	-0.0184915033084962	-0.0057598602215876	0.0003419356946081	3.317598977222717e-05	0.1425448161050155	0.0108647242485346	0.0001180422329966	0.0203190245984126	-0.0576373523081343	-0.013178708211555	0.0033220643810919	0.0001736783501253	0.0031141621008686	3.751270322019992e-05	1.407202902886797e-09	9.698005590486334e-06	0.0004178263181771	8.161469755449998e-05	6.660958856912505e-09	1.745788321614312e-07	-0.0007546518740933	8.336749310199998e-05	5.694994510725299e-07	6.950138906112013e-09	0.0	0.0	0.0	0.0	0.0	0.0	0.0	0.0	0.0
8357.566475282409	-3.7595995626907097	14.134588871784176	69848917.38876443	6104.238889020474	2.8887872648474517	37261732.41422991	8.34509186154482	5320.102065148915	1.0682594228492237	1.141178194506156	28303485.983601756	5144.881983402722	8610.64035508323	1.28634	24.409935	0.0391763418902894	0.0224494608079773	-0.0119387434	-0.0016604405	-0.0552197268	-0.0198953331	0.0941859222	0.0893680844	0.0465576221	0.0563061257	0.0045757659	0.0091840619	-0.0975911094	0.0459985471	-0.033851741	-0.064385557	-0.0001655276	-0.0054205556	-0.0373128435	0.0429091791	-0.0082259605	-0.1697101343	0.0416383092	-0.0604032928	-0.0348084576	-0.0955213965	0.0320045464	-0.091316959	0.0895702165	0.0331908248	0.005786305	-0.0327532219	-0.0654161963	0.1277266721	0.0206944317	-0.0133365077	0.0657949545	-0.0834886865	-0.0962951961	0.0704051174	-0.0923262649	-0.0767815296	-0.021933835	-0.0221329606	-0.0986405787	-0.0336246697	0.0137597083	-0.0845723763	0.1049536267	-0.1060336441	0.0404925772	0.1879605805	-0.0435438788	-0.0332024433	-0.0544092239	-0.0442440772	0.0554714488	0.0229603664	0.067454363	-0.0345495513	0.0265385321	-0.0138453979	-0.0196111906	-0.0060611915	-0.0273136359	-0.006452277	-0.0617916755	0.019114639	0.0756044331	0.0237480404	-0.0744680998	-0.0665576538	0.0540247414	0.0196606621	0.0748823467	-0.0521901422	0.0919334605	-0.1203533993	-0.0044008961	0.1094466753	-0.0751952361	-0.0173754033	-0.0829954193	-0.0140101349	0.0063568261	0.0226454906	-0.0499450268	0.0734379523	0.0280423851	-0.0852540194	-0.0547826014	-0.0027414792	0.0312416163	-0.070973977	0.0817883333	-0.0814492971	-0.0552283253	0.0305555501	-0.1661080145	-0.0323458545	0.0735845247	0.0278987455	-0.0054855203	0.093490637	-0.0221293819	0.0442855043	-0.0875429868	-0.0142287664	-0.0272918429	0.0778412599	-0.1310866685	0.1081214785	-7.46259e-05	0.0286801946	-0.0292318763	-0.0332987922	-0.1773052267	-0.0859484925	0.0904658857	0.0162430366	0.0351344143	-0.0546772775	0.1105222762	-0.0339460615	-0.0614579225	-0.1798192662	0.0740478676	0.0140429942	-0.0805423773	-0.0249416378	0.0545551808	0.0746758946	-0.083473593	-0.0132647595	-0.0285840726	-0.0332390701	0.0935986006	0.0823034144	0.0089493921	0.0078754331	-0.0385513945	0.0102931844	0.0301091689	-0.0651811422	-0.1162087862	-0.0849189798	-0.032561528	-0.0098727002	0.0664262862	0.0514818141	6.23821e-05	-0.0431779834	-0.0351163445	0.0263318815	0.0025070964	0.0971495406	0.0865118848	0.0408143582	-0.0095289127	-0.0031265352	-0.0044570687	0.0745286184	-0.0889040463	0.0563113157	-0.0111721174	-0.0481729501	-0.0055416957	0.0263389502	0.0354235531	-0.1145078072	-0.0894513876	-0.0171113085	-0.0220115835	0.0331736311	-0.051725359	-0.0604527427	0.0212112903	0.0951358246	0.0964603424	0.0657739312	0.0106521596	0.0136302401	0.0727446356	-0.0178434553	0.0162146336	-0.0863411035	0.0481000556	-0.100286122	-0.0431446426	-0.1101077737	-0.0182094108	0.1093123471	-0.0313279666	-0.0751357898	-0.0050573607	-0.0866784641	0.0610966773	-0.0239003795	-0.0178393932	0.0561878877	0.0	-0.0074141691760445	0.0110773341324517	5.4969904571008384e-05	0.0001227073314819	0.1423897423722167	-0.0001550737327987	2.4047862604153443e-08	0.0202748387328262	-0.0544964498568703	0.0031409024512639	0.0029698630470023	9.8652682083562e-06	0.0029957651119409	-0.0001183969889276	1.40178469871459e-08	8.974608605922273e-06	0.0007419512526463	0.0003241249344691	1.0505697314466316e-07	5.504916613034137e-07	-0.0007011131660147	5.353870807859999e-05	4.915596715591562e-07	2.8663932627255474e-09	0.0	0.0	0.0	0.0	0.0	0.0	0.0	0.0	0.0
8351.43372709602	-6.132748186388199	37.61060031764774	69746445.29807693	6118.965313052657	14.726424032182877	37441736.5023416	216.86756477565336	5316.014161179901	-4.087903969014405	16.71095885988373	28260006.561865244	5141.253910844195	8538.275609959317	1.247212	23.667427	0.1118947336776705	0.0520663606869647	-0.0011924093	0.0733184925	0.0141448595	-0.1227224569	-0.0382690015	0.0381828428	0.0528593997	0.144404407	0.0528326216	0.0873221232	-0.0379112189	-0.0164939519	0.0282237124	-0.081245043	0.0543730294	0.0856126457	0.0003908178	-0.0524619446	0.0400226417	0.0361289092	-0.0694550833	-0.0713423914	0.0461637408	-0.0654107386	-0.0956065336	0.009956717	0.0058629097	0.1000784387	-0.0501575227	0.0728235337	-0.0151374128	0.1007701125	0.1776793909	0.0940409725	0.0127103706	-0.1430170495	-0.0524430553	0.0530961698	-0.0951831575	0.0265865312	-0.0793070376	0.0284200863	-0.0316754998	-0.0688521424	-0.0280180259	0.0077935622	0.0822983817	-0.0219275171	0.1526571783	-0.002019816	0.0615525554	-0.0139078573	0.0086537406	-0.0659302181	0.1399060722	-0.0503710752	-0.0164107095	0.0050953968	0.0640265037	-0.0040492806	0.02461982	-0.1080452044	0.0776338264	-0.0377300187	0.0265387804	-0.0908807884	-0.0475816857	-0.0641469452	-0.0049567588	0.0534978114	0.0562387535	-0.0897375317	-0.0452057383	-0.0995654926	0.0818024867	0.0438052118	0.0970309604	0.0638702872	-0.0835817718	-0.0045038301	-0.0880971099	-0.0818824867	0.0066588128	-0.0219133302	-0.0181078844	0.0336088569	0.0039883343	0.0161584477	0.0174236265	-0.0097510089	0.0158438766	0.0025524071	-0.0787355888	0.0045204094	-0.0148636077	-0.1114775861	-0.0365606813	0.0914713766	0.0285160781	0.0552930966	0.0923618701	0.081960915	0.0234048829	-0.0427120741	0.0811598185	-0.0482999804	0.087836412	0.0770791883	0.0095591694	-0.0403224831	-0.0636391671	-0.0685901921	-0.1052206135	-0.1796995357	-0.153704614	-0.0794954412	-0.0916543778	0.1226660178	-0.020560913	-0.0103078038	-0.0471291108	0.0346905284	0.0426527178	-0.0937144204	0.0585335432	0.061220913	0.0082151615	-0.0262829981	-0.0936577112	0.0251050037	-0.0684381945	-0.082451165	-0.026164443	0.0511781765	0.032657652	0.0079296647	0.0422206968	0.0789333862	-0.0063279759	0.0047203618	0.0507197779	0.0517531628	0.0532751072	0.0025057104	-0.0316861036	0.0160201689	-0.0533714571	0.0818067978	-0.0101288093	-0.0850343507	-0.1277308614	0.0536190121	0.0568013596	0.0541478606	0.0376793865	-0.0233458967	-0.0760566578	-0.0299469706	-0.0457015335	0.0260787781	-0.0700219395	0.0093305922	0.0922582118	0.0815562794	0.0192048584	0.0480068584	0.0828362647	-0.0636197554	0.008264774	0.000722611	-0.1354113969	-0.0846695174	-0.0573100866	-0.1378861395	0.0677364548	-0.0211979758	0.0632856202	0.0950974991	0.0006826808	0.028413691	0.0121020401	-0.0219748179	-0.0139127742	0.0557689456	-0.0928213304	-0.0604359457	0.0671176739	0.052178025	0.0456043669	0.0845351345	-1.4898e-05	-0.1153186058	-0.0142602768	-0.0872567955	0.0631971047	-0.0278867734	-0.0123880901	0.0504575686	0.0	-0.0055954674167963	0.0018187017592481	3.1309255612429065e-05	3.3076760890924965e-06	0.1245670053019694	-0.0178227370702472	0.0003176499566751	0.0155169388099008	-0.0321113970370703	0.0223850528198	0.0010311418196723	0.0005010905897452	0.0024483253217474	-0.0005474397901935	2.9969032388710365e-07	5.994296881109509e-06	0.0013599283528069	0.0006179771001606	3.818956963229044e-07	1.8494051247680884e-06	-0.0004691652158013	0.0002319479502133	2.2011599971788041e-07	5.3799851608197874e-08	0.0	0.0	0.0	0.0	0.0	0.0	0.0	0.0	0.0
8341.497998229814	-9.935728866206771	98.71870810277451	69580588.85447198	6100.691423710306	-18.27388934235114	37218435.84733248	333.9350316964946	5311.375649506191	-4.638511673710127	21.515790547145123	28210711.29016731	5136.564276262564	8450.539692725166	1.20844	22.931681	0.0908030319186706	0.0479979920357321	-0.0092601578	0.0517108929	0.0840051457	-0.131533524	0.0298314197	0.0147064748	0.1578071126	0.0396819178	0.0259724968	0.1402675936	-0.0263959344	-0.0082778371	-0.00739731	0.0453420928	0.0472759492	0.0858691548	0.1759271627	-0.0817108044	-0.0286368052	-0.0055077066	-0.1030689399	0.0190441321	0.0995746584	0.0774423424	-0.0535007305	-0.0923343393	-0.0298612087	-0.0454178152	0.0029645318	-0.0850759052	-0.0235881107	0.1176381315	0.0596111184	0.0896353682	-0.0268919713	0.0123954849	-0.0453577901	0.0584825173	-0.0142633269	0.0368679656	-0.0929741788	-0.129503373	-0.0624448471	-0.0860904653	0.0718993827	-0.0052669149	0.0624394594	0.0925472212	0.0816828361	-0.1006190277	-0.0439507404	0.0158025656	-0.2010562726	0.0362605063	0.0172876008	0.021949938	0.0164817952	-0.1563949649	0.1244565227	0.1423715344	0.0903061896	0.0079523845	0.0653883376	0.0278672193	0.0658247262	0.0743818769	0.0531590154	0.0103879723	-0.031281594	0.0639024321	0.1584865955	-0.0298521952	-0.1242151484	-0.0708104264	0.0338053454	-0.0843527881	-0.0573174556	0.0471412663	0.0642480593	-0.098295445	-0.1427975672	0.0435388207	0.0298592131	0.0654150633	0.0117305119	0.0341160242	0.0386365254	0.0576826039	-0.0807043377	0.064489696	-0.0994184586	-0.05615093	-0.0197804235	0.1044181395	-0.0645197102	0.0980729211	0.0122866545	0.0860418544	-0.042250084	0.0050669349	0.0689056644	-0.0831481118	-0.1148732151	0.117345516	0.0353002642	0.0552781608	0.0911293227	0.0736990888	-0.0144869251	0.0852627763	-0.0178747958	-0.0387474573	0.0260272816	-0.1020108887	0.0167814271	0.0290781574	-0.0333287782	0.0529505921	0.0518215712	-0.0187554183	0.0049242512	-0.021261409	0.1078019978	-0.0770089645	0.2103665286	-0.0353816853	0.0419289335	-0.0391311805	-0.0381004947	-0.0209748184	0.0502221446	0.0694790802	-0.0370150965	-0.0461152082	0.0520183458	0.0920753232	-0.0280296482	-0.1386679373	-0.0234454088	0.1114820551	0.0266400421	-0.0052457082	-0.1174150894	-0.0878514404	-0.0427211167	-0.0292801011	0.063541174	0.1845796423	0.0339686988	-0.1611767598	0.0499678503	0.0390366192	-0.0640643238	0.0701684705	0.1084343653	-0.0055570456	0.0782285162	0.0364734435	0.1373267437	-0.0768915145	-0.0881226325	0.0329274502	0.0853839358	-0.0562276014	0.0877446738	-0.0108137145	-0.0413511631	0.0415781817	0.0672886927	0.0326661565	-0.090987149	-0.1296098632	-0.0224992784	-0.0579048505	-0.0833403579	0.0513488618	-0.0555189773	0.1149214211	-0.0613412776	-0.0817086815	-0.0749225562	-0.0677356061	0.0357262377	-0.1219192823	-0.0544866855	-0.0570650012	0.1262009041	0.0685203429	-0.1194156669	0.0348250536	-0.030233968	-0.0061374227	0.0572798551	-0.0878170061	0.0652450377	-0.0318210527	-0.006895635	0.0444653919	0.0	-0.0066557212793156	-0.0010602538625192	4.429862574793449e-05	1.124138252987094e-06	0.1491784122060409	0.0246114069040714	0.0006057213497977	0.0222541986683154	-0.0168674360004104	0.0152439610366598	0.0002845103972279	0.0002323783480872	0.002055216922259	-0.0003931083994883	1.545342137483314e-07	4.223916597539756e-06	0.0008129598857191	-0.0005469684670878	2.9917450398837784e-07	6.609037757884122e-07	-0.0005268365515335	-5.767133573219999e-05	2.775567520317102e-07	3.325982965136127e-09	0.0	0.0	0.0	0.0	0.0	0.0	0.0	0.0	0.0
8351.16419194103	9.666193711216692	93.43530086276512	69741943.36075808	6111.889078624213	11.197654913907172	37355188.10940593	125.38747557094943	5311.967872877826	0.5922233716355549	0.3507285219113846	28217002.682486176	5139.241018855029	8412.605959703693	1.357128	25.753222	0.0524582210938672	0.028955453568591	0.0652505045	-0.0799948439	0.0853467197	-0.1292904402	0.0898933924	-0.1076032053	0.0214896198	0.124565882	-0.0681374493	0.0497875552	0.0525433758	0.01088499	0.1529420663	0.0311213243	0.0447742689	-0.0921318126	-0.0839414568	-0.1389620637	-0.0892287251	-0.0887845181	-0.0180938284	0.0957115204	0.0562123907	0.1233504809	-0.0209189004	0.0088387775	0.088155366	0.1674697468	0.1795746573	0.0644147209	-0.0463355755	0.0760397861	0.1532275433	0.0794997318	0.1535179184	-0.0473637617	-0.0039689985	-0.0258206939	-0.0957065711	0.05144122	0.0560879892	-0.0309295111	-0.0670586926	-0.0040527922	0.0151895094	0.1534599342	-0.0004337891	-0.0227347088	-0.0454090718	-0.0382986061	0.0603552213	-0.0413694937	-0.0395831347	0.0437452489	-0.1130917076	0.0182429747	-0.0450726938	-0.0173589469	0.0814524157	-0.1022162621	0.0187609559	-0.0215354906	0.063296564	-0.0889874629	-0.1319749529	-0.0274330852	0.0761035022	0.0291248609	0.0887071708	-0.0621646175	-0.1515247434	-0.0811201315	0.033076228	-0.037045627	-0.0954093577	0.0206496145	0.0154644835	0.091937909	0.0124020214	0.0348341516	0.0527816383	0.0259076439	-0.0201422801	-0.0898032514	0.0365082272	-0.0130026681	-0.1127988064	-0.0366876779	0.0148003652	-0.0204514075	-0.0509055203	-0.0101062756	-0.0196205096	0.0948423189	-0.0115479658	0.0013627411	0.0281611409	-0.0041360465	-0.0972468252	0.0167225248	-0.0946960436	0.0098945608	0.0198052281	-0.1135611661	-0.0370767248	-0.0169064231	0.0975689693	0.2241913414	0.0648991969	0.1056446535	-0.0644489751	-0.1763866597	-0.1288458135	-0.0538332022	-0.0451016267	0.0143511187	-0.1394610561	0.0961655797	0.0690431262	-0.1079195352	0.0930514317	-0.0426999349	0.0403908197	-0.0135751962	-0.0136591535	-0.0413748821	-0.028386594	0.0487878496	0.0252216555	0.0592823586	-0.0282377801	-0.081779803	-0.0206855479	-0.0848202648	0.0192075536	-0.0477058018	0.0011526323	-0.018591655	0.0241111351	0.0933851362	-0.0070805978	-0.1155981517	0.1385746915	-0.0185759803	-0.0220571248	0.0828976316	-0.0304414055	-0.0406634561	0.0164262082	0.0967885766	0.0692997277	-0.0768801574	0.0469958235	-0.0534700606	-0.0499509334	0.0059897113	-0.02962914	0.0714433999	0.0315013925	0.0224397885	0.0827381766	-0.0923167441	-0.0371843648	0.0030945751	-0.0143865298	-0.0302878781	0.059380405	-0.0456950412	0.0671964546	0.0726010404	-0.1453531135	-0.0213784744	-0.0739882863	0.0408816183	-0.0615596054	0.0106994906	0.0640206502	0.088397805	-0.0060002097	0.0526222324	0.1357199476	-0.0054972529	0.042446873	0.0176120286	0.0229855986	0.0803752677	0.0952883033	0.0778864748	0.0629041728	0.0859088964	-0.1436268067	-0.0612060911	-0.053227116	-0.0883589795	0.067238775	-0.0356958649	-0.0013802733	0.038242455	0.0	0.0008704878068215	0.0075262090861371	7.577490218249051e-07	5.664382320825264e-05	0.1230527682426156	-0.0261256439634252	0.0006825492725036	0.0151419837721708	-0.0159965319221555	0.0008709040782549	0.0002558890335365	7.584739135210192e-07	0.0018481773152791	-0.0002070396069798	4.286539885839144e-08	3.415759388712262e-06	0.0006620145013793	-0.0001509453843398	2.2784509053489936e-08	4.382632000364832e-07	-0.0005261122635322	7.242880013000157e-07	2.7679411383897504e-07	5.245931088271715e-13	0.0	0.0	0.0	0.0	0.0	0.0	0.0	0.0	0.0
8358.620732440435	7.456540499404582	55.59999621926073	69866540.54878308	6105.918467203776	-5.970611420436399	37282240.32814012	35.64820073384555	5315.462055216581	3.494182338754399	12.209310216463162	28254136.86044728	5139.222687704738	8500.628942600975	1.31153	24.887945	0.0626157333425376	0.0382770678087944	0.0175605121	-0.1193752121	0.0614533876	-0.0137321381	0.0813955995	-0.0588203792	0.1088633985	0.065076202	-0.1158975289	-0.0374237656	0.0292036444	-0.0468857326	0.1230880786	-0.0627814184	-0.0758581427	0.0975890657	-0.0989762362	-0.0646936194	-0.0916060854	-0.0084592292	0.0589552972	0.0916274305	0.042167279	0.024172889	-0.0667214384	-0.0457878122	0.0381669591	0.0763028614	0.0388918054	-0.0079176399	-0.005311471	-0.0317034655	-0.0376488644	0.0012780449	-0.0999351582	-0.2417781072	0.0483372863	-0.050321679	-0.1367727553	0.1376228983	-0.0255617588	0.050901181	0.0470635254	-0.0002311336	0.0392843854	-0.0090615514	0.0943302833	-0.1626863744	0.0421961861	-0.0656725154	0.090306672	-0.0826634671	-0.1459119211	-0.0814282687	-0.041899791	0.0894715768	-0.0090774981	-0.0014954518	0.0096169491	-0.0645585339	0.0021461549	-0.0828720458	-0.1081648507	0.0839405017	0.0029555491	0.0169915036	-0.0773359633	-0.0981464052	-0.0099636518	-0.0525741818	-0.031880511	-0.0029667782	0.1038159501	-0.0097006825	-0.0574174422	0.098101245	0.0636001308	-0.0936444113	-0.0549775047	-0.0892715668	-0.0211319462	-0.0010345995	0.035258705	0.1620069627	0.0012662072	0.0270242402	-0.0489042245	0.1072589528	-0.0119923088	-0.0868373843	-0.0961956837	-0.0008236173	0.0555263984	0.1186421609	-0.1047633783	-0.0531110169	0.0897201308	-0.0785868587	-0.0784240247	-0.0189639271	0.0930777445	0.0632548688	-0.0018920664	-0.1248489326	-0.0348351852	0.0738487005	0.0322081133	0.0747211107	0.001771763	0.0180749238	-0.0247736705	0.1501152637	-0.0136832045	-0.0821387366	0.1035346336	-0.1920910897	-0.1289086575	0.0015186643	0.0102080549	-0.1478367522	-0.0205339416	-0.0208183944	0.1001548842	-0.1125622636	0.0788454876	0.1360753813	0.0382368027	0.1695271847	-0.0050696228	0.0392774628	-0.0401130297	-0.0007776616	-0.0485055061	0.0201687096	0.0883985937	-0.0622614818	0.0653200608	-0.1208459863	-0.0976851201	-0.1025822537	-0.0084658551	0.1105644024	0.0772283186	-0.0141380123	0.0247447596	0.0191641308	0.0198295946	-0.0524159318	0.0581972067	0.0197603377	0.0018642283	0.0267675684	-0.0029870107	0.0487511805	-0.0529786636	0.1155455616	0.0734435521	-0.0321546664	-0.0928049786	0.0782003698	7.93074e-05	0.0976067897	-0.0079092153	0.1393046945	0.0722317187	0.1438292305	-0.0822372991	-0.0111523918	0.1931568994	0.0139886788	-0.1023448583	0.0247815985	-0.076359842	0.0554146582	-0.0252681765	0.0073526111	0.0106916291	-0.0010619553	0.0873190988	-0.0452109994	-0.0761735084	0.0536644399	-0.0737285595	0.0534065379	0.0224944936	-0.043853595	0.0287777868	0.1032534001	-0.0596452379	0.0972527624	0.0207477255	0.0534008078	0.1549185405	-0.0888826032	0.0691766606	-0.0395039689	0.0041396735	0.0318210527	0.0	0.0090521654259703	0.0081816776191488	8.194169889913206e-05	6.693984866368038e-05	0.1232515986193192	0.0001988303767035	3.9533518700093874e-08	0.0151909565622177	-0.0382739333858808	-0.0222774014637253	0.0014648939768268	0.0004962826159759	0.0023791469047838	0.0005309695895046	2.819287049787895e-07	5.660339994542336e-06	0.0005538745914712	-0.000108139909908	1.169424011493198e-08	3.067770630773888e-07	-0.0005261592417786	-4.6978246399974686e-08	2.768435477090312e-07	2.206955634816734e-15	0.0	0.0	0.0	0.0	0.0	0.0	0.0	0.0	0.0
8370.314603849554	11.69387140911931	136.74662853301805	70062166.56741711	6107.306670383435	1.388203179658376	37299194.76611	1.9271080680136252	5321.808390482274	6.346335265693597	40.27597130458621	28321644.54500753	5143.838384176892	8630.74284125003	1.57614	29.909264	0.2632955681913999	0.1543278512474031	-0.1892837351	-0.0640595111	-0.034424028	0.1350596716	0.0266537863	-0.0786382899	0.0297991735	-0.0461809775	-0.0421579165	-0.1012993838	-0.0689512708	0.0758023183	0.0962319613	0.0532208616	-0.0923146017	0.1066138028	-0.0169816128	0.1617478657	-0.005211292	0.0263620868	0.0750275299	-0.0220143804	0.0410469917	-0.1529250364	0.1582846738	0.0907227007	0.0308799762	0.0274884829	-0.093717178	-0.0226508144	0.0075895202	-0.1072800268	-0.0838509443	-0.0684637868	0.0526485389	0.0640808373	0.0819436345	0.0030035792	-0.0289442307	0.0309570401	0.0578438625	-0.1219402366	0.0608284862	-0.083310426	-0.1017325645	-0.0312978519	-0.0491028378	-0.1037929074	-0.031627061	-0.0141762002	-0.0879460126	0.1389375686	-0.1179876814	0.1408770898	0.0479003603	0.1820687173	0.0373291959	-0.1080775106	-0.0722637141	-0.0104927267	0.0873013691	0.0020436618	0.0905206302	-0.0108205338	-0.0443565122	-0.1618933679	-0.1080383698	-0.0445955	-0.0467126007	0.08111122	0.0863999571	-0.0617812765	0.0656574786	0.0164974787	-0.0956341869	-0.0823532578	0.0518878937	0.0271385824	0.1012176606	-0.0349858992	-0.1221801279	-0.0011043175	0.149327676	0.0952112429	-0.0007649315	-0.1227140669	0.0195705377	0.0222043325	0.0042305519	-0.0046070472	0.0234041619	-0.05648914	0.0354330944	0.1004301798	0.0474607805	-0.1491382551	-0.1223961618	-0.0755480893	0.0421772466	0.0851595707	-0.0134536576	-0.0100609605	0.0055143953	-0.055600275	0.1641067874	-0.0478774393	-0.1838357234	-0.0103260565	-0.0691911147	-0.1204510788	0.0314343001	-0.0510613918	0.0460336153	0.1711664645	0.1145028103	-0.1072628838	0.0682263345	0.0306817865	-0.1322024795	0.0251911049	-0.0515426152	-0.0491018341	-0.0611813298	0.1011742442	0.1217825135	0.1594066136	0.0215642216	0.0005201209	0.0929816875	0.1696931182	-0.0243467714	0.063617403	-0.1057078404	-0.0174798167	0.0158333668	0.0795298181	0.1076785055	0.0422176194	0.0741103596	0.0952623025	0.0995426179	0.0525626939	0.0025105301	-0.0886947148	0.0417089962	-0.099261582	0.0203630425	0.048711639	0.0376582817	0.0461423033	0.0981595205	0.0493390514	-0.0186656736	-0.0104530462	-0.1284611542	-0.0061557554	-0.1245928749	-0.0002868009	0.0012286575	0.0604947018	-0.0769303173	0.0352204165	-0.0165011816	-0.0857722133	0.0896638693	0.0807370998	-0.0165361808	-0.0352196141	0.0705936682	-0.2164771056	0.0462074096	0.047424341	-0.015716172	0.0293304565	0.0225146694	0.0249026951	0.0150177502	-0.064644776	0.1733877522	0.0803494124	0.0246756291	-0.0273052757	0.1030917201	0.2019512343	-0.0890465695	0.0120077443	-0.0369136073	0.0505044839	0.1081113697	0.0003616221	0.1044243173	0.1377803749	0.1314687089	-0.0893877684	0.0710570848	-0.0432382481	0.0096458687	0.02523451	0.0	0.0210177749991515	0.0119656095731812	0.0004417468659149	0.0001431758124578	0.1027180154747355	-0.0205335831445837	0.0004216280367555	0.010550990703068	-0.0980634673766758	-0.059789533990795	0.0096164436339363	0.0035747883748364	0.0047553968278846	0.0023762499231007	5.6465636970365564e-06	2.2613798990654917e-05	0.0007258260470524	0.0001719514555811	2.956730307649339e-08	5.268234505797128e-07	0.0003457762091962	0.0008719354509747	1.1956118684609428e-07	7.602714306666277e-07	0.0	0.0	0.0	0.0	0.0	0.0	1.0	0.0	0.0
8373.221013146129	2.906409296574566	8.447214999215062	70110830.13499188	6146.418563159544	39.111892776109016	37778461.15355223	1529.7401565298487	5321.375268123292	-0.4331223589824731	0.1875949778505423	28317034.74419424	5142.795062406651	8673.807334138399	1.464112	27.783386	0.1782329395156263	0.1003867555381447	-0.0970441333	0.0902879032	-0.0736668836	0.0310697724	-0.0448600002	-0.109148699	0.0041872434	0.0704235515	0.079692836	-0.0735310636	-0.0407688241	0.0656919344	0.1071390807	-0.0471441376	-0.0932067004	0.0315315354	0.1412692159	-0.0062226722	-0.0973468282	-0.071698103	-0.0526370412	-0.0887267201	0.0161701874	-0.0379832409	0.1281218731	0.0089117262	0.0202382925	-0.0142984317	-0.2269488903	0.0162721005	0.1224412731	0.0600376272	-0.0048401148	0.0726789641	-0.0719710278	0.0706468273	0.0503862468	-0.0611340509	-0.0193192706	0.010302602	-0.1258636322	0.0179380289	-0.0207488623	0.0215778667	-0.1634226917	-0.0556434859	-0.0604773592	-0.0651568462	0.0325898849	-0.0475175851	-0.0319323792	0.1101281913	-0.0886607024	0.0613639553	-0.0181224271	-0.0597253482	-0.0008567175	0.0222906752	0.058395218	0.1037908418	-0.1043538023	0.0282333053	-0.0389705688	0.0065158404	-0.0852310485	0.0098967464	0.0478353697	0.0170679939	-0.0423565307	0.0817711192	-0.052280983	0.087206192	0.0169981187	-0.0317687291	-0.0493422629	0.0477257922	0.0512703717	6.57875e-05	-0.0399254236	0.1227550938	-0.0810919876	-0.0265357039	0.0258831934	-0.0717442932	0.0311798646	-0.0314820362	-0.0742011747	-0.0571511069	-0.0767663401	-0.0771682705	0.0711941322	-0.0263005966	-0.1408910462	-0.0508999775	-0.0246559292	-0.0192464277	0.0054583591	0.0480625405	0.0860694712	0.0066280966	-0.0171672705	0.0171286549	-0.095242279	0.0280587238	0.1387916049	0.0824108552	-0.0612902729	-0.0937321366	-0.1132476905	0.0304793445	0.0456605132	-0.0867342789	-0.0566210464	0.0512149679	-0.059538082	-0.0819467716	-0.025903425	-0.1246347097	-0.154042173	-0.0482427369	-0.0566839563	0.1087754155	0.0472400607	0.0553109193	0.078528259	0.0542771036	-0.0656297088	0.0222628655	0.0526409273	-0.0063815621	0.0310302496	-0.0934752778	-0.0961433919	-0.0024234615	-0.1328443168	0.1039843406	0.0254970497	-0.0648908917	-0.0470657755	0.0532423044	0.0035513301	0.0148598309	-0.0496364471	0.0268786729	0.0693452812	0.0970008576	-0.0479816892	-0.0393996104	-0.0131151561	0.0725745536	-0.0392295718	-0.1848876965	0.0254862107	0.0405528285	0.0242943079	-0.0292029637	-0.022664706	-0.0339371185	-0.0521450314	-0.0338455468	0.0955076936	0.0595354476	0.0695485421	0.0608527427	0.006963566	0.0012575029	0.0174001706	0.0790536912	-0.1923645873	-0.1020206817	0.0302273575	-0.0744353808	0.0064621798	-0.1016664505	0.0022527536	0.0883479031	-0.0979621818	0.0221451498	0.0896709812	0.0239664363	-0.0611378544	0.0785602279	0.0852063283	0.0688197246	-0.0205280746	0.0307386873	-0.0704382738	-0.0720006102	0.045159557	0.0466186446	-0.1031274667	0.0925871729	0.0007508172	-0.0898743702	0.0728784856	-0.0468917239	0.0151200214	0.0185170088	0.0	0.0043215992981089	-0.0166961757010426	1.8676220493415337e-05	0.00027876228304	0.1407490000762266	0.0380309846014911	0.0014463557897588	0.0198102810224576	-0.0563366976138581	0.0417267697628177	0.0031738234980352	0.0017411233148391	0.0033789338675246	-0.0013764629603599	1.8946502812430135e-06	1.1417194081104751e-05	0.0008127946190097	8.696857195729997e-05	7.563532508292063e-09	6.606350926911233e-07	0.000173627552508	-0.0001721486566882	3.01465269899183e-08	2.963515999955176e-08	0.0	0.0	0.0	0.0	0.0	0.0	0.0	0.0	0.0
8361.559694053354	-11.661319092774647	135.98636298351053	69915680.51721762	6118.0222998472	-28.396263312343763	37430196.86142762	806.3477701039603	5319.975184374064	-1.4000837492276332	1.960234504851306	28302135.96235586	5143.946318459714	8666.822886968062	1.276551	24.224176	0.0454289133387368	0.0240835665358771	-0.0830751893	0.0977253898	0.0496087245	0.0809982195	0.0698883095	0.0303870638	0.1269053715	-0.0051836529	0.0690345291	0.0777176477	-0.0094819034	0.1314757739	0.0082739859	-0.0767369613	-0.0921213195	0.1193595751	0.0260435862	0.1290810878	-0.0973742777	0.0100333454	-0.1005994396	-0.0306388054	0.0331734409	-0.1629918302	0.0703857422	0.0180495821	-0.0212883763	0.0219557243	0.0492122126	-0.1334386494	-0.0247249561	0.0489688823	0.002349194	0.163033348	-0.0453360735	-0.0229896928	0.0777550834	-0.0009217586	0.0543793527	-0.0184571152	-0.0135407299	-0.1309613683	-0.0008123798	0.0006379352	-0.0362360433	-0.0135742945	-0.0235516665	-0.0010911031	0.0843399239	-0.0301348751	-0.006585239	0.0838240666	-0.0353243488	-0.0362076275	-0.1044425934	-0.0184430481	0.0292635595	-0.0390395877	0.0855239717	-0.2030549358	0.048591354	0.1476246754	-0.0008220148	0.1740278078	0.0658114077	0.0155483739	0.0107567055	-0.0102708541	0.0054897952	-0.0743534387	-0.0111931021	0.0534704757	0.0129214122	0.1567059325	0.0393902355	-0.0561894447	0.0645147287	-0.0597737078	0.0012488691	-0.0149043983	0.0763084858	-0.0660974356	0.0108659701	0.0291135339	0.019917421	-0.0265430122	-0.062531636	0.0023908844	-0.0021069047	0.0392635086	0.0542940994	0.0233951802	0.0095228569	0.0208977629	-0.0199880012	0.0284918168	-0.1361624138	0.0939441453	0.0007263336	0.0844473786	0.0626383403	0.0726006973	-0.0180722283	0.0655591795	0.0180597039	0.0473489912	-0.182835694	0.0729818094	-0.1182483952	0.0455466903	-0.045947515	0.0253354259	-0.023239467	-0.0173399147	0.0875797411	0.0410082476	-0.015262404	-0.0235325064	-0.0397662554	-0.1279348328	-0.0812057691	0.0510757397	-0.0060010168	0.0430444176	-0.0231519379	-0.0693928768	0.0819079428	-0.1376982529	-0.0948045863	0.0645067438	0.0469794556	0.0004513869	-0.027323982	0.0194393592	-0.0056385062	-0.0623971991	0.0540623792	-0.074875922	-0.1192324957	0.0025565652	0.04692269	-0.0292537394	-0.0747543083	-0.1587248212	-0.0615831132	-0.0834655333	0.0090632188	0.0022470297	-0.0145185726	0.0668948158	-0.0229794956	-0.0677283757	0.0845476663	-0.0934573818	-0.0527338694	0.0624778113	0.0178768944	-0.0325789783	0.0240474278	-0.0415491402	0.0519117198	0.0158552031	0.039024161	0.0044605169	-0.0636848807	-0.0302322	-0.0449173336	-0.0508707398	0.0005412906	-0.107958516	0.0059519274	-0.1234158075	-0.0401571457	-0.0220028737	-0.0111455764	0.0629603072	0.0979513254	0.0263878259	0.0209209233	0.0331036592	-0.1009689971	-0.0278087089	0.0540188443	0.0539644507	-0.0787685761	-0.0645566995	0.0060202467	0.0326188228	-0.0915335578	0.0646536684	-0.0234139965	0.054700482	0.088391522	-0.0903423075	0.07463935	-0.0504575686	0.0205439468	0.0117034106	0.0	0.0094388653814547	0.0051172660833458	8.909217968922398e-05	2.618641216776127e-05	0.1258498726959658	-0.0148991273802608	0.0002219839966932	0.0158381904575907	-0.0528287533530829	0.0035079442607751	0.0027908771808408	1.2305672936705655e-05	0.0032999702188789	-7.896364864570012e-05	6.235257807441578e-09	1.0889803445487656e-05	0.0004547896262607	-0.0003580049927489	1.2816757483321154e-07	2.068336041543472e-07	0.0001747504234004	1.1228708923999916e-06	3.053771047861906e-08	1.2608390409991537e-12	0.0	0.0	0.0	0.0	0.0	0.0	0.0	0.0	0.0
8344.45322297922	-17.10647107413388	292.6313526101791	69629899.5904883	6108.531854733899	-9.490445113300666	37314161.42029877	90.06854844857249	5316.558789742497	-3.4163946315675275	11.671752278603424	28265797.3647882	5141.0984979460845	8537.079553725805	1.137835	21.591862	0.0434171150969532	0.0262594516617626	-0.0764453856	0.0552182786	0.0846388974	-0.0088543118	-0.1066609187	0.0113734638	-0.0008475423	-0.0417972989	0.0059436359	0.1299297801	-0.0438010532	0.0767415698	-0.0147169012	0.0009545233	0.0382118894	0.0396216571	0.0440733692	0.1557330096	0.0182387481	-0.0154206094	-0.1047414934	0.0053677082	0.0689019473	-0.1682153291	0.0672559656	0.119650528	-0.0435837878	-0.0153657499	-0.012961647	0.0237141209	-0.1188402501	0.0546943519	0.0326622051	-0.0042698443	-0.0793035536	0.0757621059	0.0569742674	-0.0001702646	0.0730077209	0.0017609942	0.1009713084	0.0347207601	0.0594474433	0.0591344248	0.0493653557	-0.0652456064	-0.0053762415	-0.0998625442	-0.0351573398	0.0611676798	-0.0289135881	0.0522341609	0.0279852087	-0.0720421839	0.059145542	-0.0284899801	-0.0626160939	0.0317195232	0.091077935	-0.0984046836	-0.0415834503	0.0318483816	-0.0532080213	-0.0178841543	0.0588710817	-0.1084313849	-0.0072227103	0.1020421897	-0.0215532867	0.0080457133	-0.1268877444	-0.0279376199	-0.0467235188	0.0457156126	-0.0096424623	0.0553598626	-0.0724182278	0.0454355199	-0.0508643857	-0.1262639085	-0.0835142901	0.1468429142	-0.0070301185	0.0304900038	-0.0135647138	-0.0434754929	-0.0774919502	-0.1506264019	0.097037727	-0.03951959	0.0355643492	0.0137401025	0.049521058	0.0728370859	0.029800517	0.0038636486	0.0798088512	0.0822444982	-0.039861369	0.1456443283	0.0383757877	-0.0165311709	0.0357540737	0.0666613951	0.097916753	-0.0884321963	-0.0995414266	0.0315493859	-0.0622681749	-0.0101736532	-0.0033780664	0.0158138654	-0.0671912211	-0.0240633044	0.0578679083	0.0125442846	0.1031101485	-0.0856443011	-0.0366468725	0.0891863189	-0.0806976479	0.095990546	0.0027547228	-0.0512513342	-0.0702966638	-0.0571976324	-0.0662052787	0.0605382098	0.0845973918	-0.0347078277	-0.1163560972	-0.024211927	0.0329300221	-0.057644882	-0.036594865	-0.065304374	-8.3012e-06	0.1815752611	-0.0826306155	0.0313812417	-0.0667951969	-0.0241839248	-0.0230986939	0.0288515848	0.0089651209	0.0026634255	-0.0438163807	-0.0654577615	-0.0038497103	-0.0366488836	-0.0288264661	-0.0633806064	0.0919330815	-0.0794841145	-0.0884300802	-0.0806092054	0.0717481172	0.1134799866	-2.89981e-05	0.1040899034	0.0060910614	0.0286487625	0.1197630882	-0.0061155556	0.0531804214	-0.0010745704	-0.0160865635	-0.0126616293	0.0766614733	-0.0840164197	0.0343610742	-0.0814120874	-0.0701458778	-0.0321330131	0.0384187288	-0.0644742742	0.025642432	0.0521105572	0.041017312	0.0416892457	0.0024916702	-0.1007664431	0.0567921139	-0.0208765172	-0.0359581473	-0.0862020143	-0.0541125651	-0.0245364383	0.0080585091	-0.0306306285	-0.0342566808	-0.0405861381	0.053870077	-0.0907914833	0.0763382156	-0.0539291185	0.0258996273	0.0048290757	0.0	0.0044317454469222	-0.0050071199345325	1.9640367706315647e-05	2.5071250038792755e-05	0.1230815498365984	-0.0027683228593673	7.663611453696023e-06	0.015149067910179	-0.0534420213270863	-0.0006132679740033	0.0028560496435247	3.760976079382342e-07	0.003400044027006	0.000100073808127	1.0014767073059618e-08	1.1560299385579176e-05	0.0002950486131767	-0.000159741013084	2.551719126110266e-08	8.705368413749397e-08	-0.0002660028419695	-0.0004407532653699	7.07575119358508e-08	1.942634409342295e-07	0.0	0.0	0.0	0.0	0.0	0.0	0.0	0.0	0.0
8340.810574450976	-3.642648528244536	13.26888830032208	69569121.03887321	6081.500856314133	-27.030998419766547	36984652.66534953	730.6748755694216	5316.68043739705	0.1216476545532714	0.014798151858312	28267090.873400487	5141.458475856742	8433.913252174967	1.144062	21.710026	0.058747385580467	0.027990667420509	-0.0931068177	-0.0460418369	0.1144759207	-0.0081002532	-0.0090178137	0.0546367102	-0.1688928378	0.0287750411	-0.0437179139	0.075609787	-0.0273481898	-0.0300530619	0.0322149924	0.0663953499	-0.0068350726	-0.095808093	0.0632503294	0.1527029689	0.1455262305	-0.0190662715	-0.0305490039	0.1067111227	0.0089244412	-0.0103645288	0.1081180132	0.0572852063	0.0421795593	0.0703273806	0.0163013113	0.1140501634	0.0358979211	0.0645712897	-0.0348460109	-0.054800041	-0.0821819969	0.0021942435	0.0832284462	-0.0343491388	-0.0565603818	0.007547761	-0.0111939063	0.0025939638	0.0903074289	-0.0839825398	-0.0091576511	-0.0658940792	0.0608263182	0.082524619	-0.0912158193	0.0131865698	0.0193725298	0.1100349132	-0.0684787224	0.0241572209	-0.0161765126	0.0647408623	0.0222027207	0.2072011997	-0.0201976585	0.0680026013	0.0611991056	-0.0395479407	0.0261886715	0.094174343	0.011140644	-0.1017426089	0.0187195253	0.1277761764	0.0565991582	-0.0734792238	-0.0678224018	-0.0323023865	0.0219161457	0.007785193	0.0187788319	-0.0236835455	0.0282772679	-0.0155915237	0.0546072274	-0.05365728	0.0187617004	0.029808924	0.1381715293	-0.0099647419	-0.025403805	0.0512739626	-0.0526239213	-0.1714197101	-0.069724285	0.038288286	0.0522851102	0.0651718052	-0.0411967941	-0.0576283036	-0.0046713423	0.0546567808	0.0848342336	0.0101443474	-0.1040112994	0.0544385085	-0.0972265932	0.0008841313	-0.0612176361	-0.0713585008	0.0287047206	-0.1285096817	-0.023643072	-0.0796255681	-0.0755620239	0.0041803619	-0.0245388552	-0.0247313532	0.0395811163	-0.0625144588	0.0795703739	0.0406014272	0.0299638389	-0.0550307662	-0.0126982019	0.0732016126	-0.0566508603	-0.0708544936	0.0548046016	-0.088028025	0.088707276	-0.0083219519	-0.0780963512	0.0164242447	0.052488945	0.0720913022	-0.0288958593	-0.0037012067	0.0650300214	0.0190549563	-0.0598818328	-0.0184782604	-0.0594120349	-0.0644131259	-0.0257770796	0.0017425142	0.0195461465	-0.0596750376	0.0484539336	0.1181006612	0.0615198231	-0.1334418793	0.1303288716	-0.0489088763	-0.0611424556	0.1408631632	-0.0442089045	0.0315878328	0.0863725733	-0.1082143952	0.0393105256	0.0493154234	-0.0431400444	0.0423258678	-0.0241661563	0.0262813554	0.0261615821	-0.0140845844	0.1045055831	-0.0357274527	-0.0140114728	-0.034405622	0.1456957078	-0.0015557591	-0.0484879638	-0.086018872	-0.0083450438	-0.0460970163	-0.0921834777	0.0643161156	0.0706676872	-0.0398405618	0.0006730887	0.0758405002	0.05746577	-0.0153459978	0.0985375498	0.0362074155	0.0675204171	0.0694356028	-7.81386e-05	0.0252247103	0.0059082838	-0.0597283711	-0.0243784311	-0.007797197	0.0256028037	0.0139444057	0.1600889625	-0.0912218041	0.0779736709	-0.057299886	0.0311692719	-0.0020703204	0.0	-0.0068192723475846	-0.0112510177945068	4.6502475350531984e-05	0.0001265854014123	0.136621288181729	0.0135397383451306	0.0001833245144545	0.018665376384435	-0.0406610528760467	0.0127809684510396	0.0016533212209886	0.0001633531545464	0.0031240502997146	-0.0002759937272913	7.617253750419958e-08	9.759690275146884e-06	0.0003876710018544	9.26223886777e-05	8.578906884362928e-09	1.5028880567879424e-07	-0.0002111057381428	5.489710382670002e-05	4.4565632676816454e-08	3.0136920085594813e-09	0.0	0.0	0.0	0.0	0.0	0.0	0.0	0.0	0.0
8344.813039551664	4.002465100687914	16.019726882224713	69635904.66507147	6092.075365816183	10.574509502050203	37113382.26278438	111.82025120895008	5312.69343687996	-3.987000517089655	15.896173123273174	28224711.554267403	5140.102099175322	8471.782816899475	1.228074	23.304266	0.0878323409849622	0.0461020033223292	-0.1005390331	-0.1000072902	0.0016328404	-0.0068181375	-0.0944153375	0.1035062694	-0.0058855414	-0.0809891271	-0.1227615336	0.0198562075	-0.0734728648	-0.0974302334	0.0296669723	-0.1075453513	0.036466026	0.0913612739	-0.0095191658	0.0230974461	0.0765129049	0.061195739	0.1115123908	0.0208516659	0.1064643506	-0.008459414	0.0114151834	0.1183489365	-0.0487782168	0.0472198742	-0.1212858314	-0.0914966284	0.066433121	0.0064611117	-0.0916087492	0.0164643882	0.0177970495	-0.1473474521	-0.0710074397	0.0284891112	0.0695315261	-0.1419825967	-0.1253226827	0.0310540772	-0.0147783808	-0.065707903	-0.0002723257	-0.0774003324	0.0689794182	-0.0335156111	0.0270690804	-0.0784197904	-0.1050506917	0.0113662049	-0.1065553601	-0.0132358664	0.0106700191	-0.0483203208	0.0429276933	-0.0335556275	-0.0078027406	-0.0973318342	-0.0434925119	-0.053812962	0.0139820982	0.0037105257	-0.0569259061	0.0779787321	-0.0827292896	0.1073276352	0.0663618894	0.0186918347	-0.0640549523	0.0033403534	0.0699123969	-0.0681822942	-0.0585178338	0.0083415082	-0.0035409038	0.0423127995	-0.0749579419	0.0163151535	0.0283625809	-0.0059584393	0.0451743055	-0.0153972225	0.0234433554	-0.0138888856	0.0288042192	0.011043688	0.0364861942	0.0043621257	-0.0455112353	-0.0206334916	0.1085937923	-0.032372674	-0.0366336724	-0.006847932	0.0890838935	-0.0986104663	-0.0296844073	0.0172635766	0.1496842026	-0.0021020735	-0.0257169292	-0.0922078236	0.0956981735	0.0854703101	-0.0635092854	-0.1071176151	-0.0111477179	0.0701981775	-0.0453926147	-0.000125555	-0.0094270186	0.0029931544	-0.1528194615	0.0184230785	-8.97528e-05	0.0231868765	-0.0837091426	-0.021079257	-0.0449224535	-0.0608598641	0.0338583315	-0.0486754035	0.0902293931	-0.0620916552	0.068083731	0.0330014057	-0.0007642637	0.0053752695	0.0532433666	0.0857789542	0.041349915	-0.0347619738	-0.0209438234	-0.0577639564	0.1182772224	0.040655435	-0.0809838189	-0.0714180986	0.0989305767	0.0725930632	-0.0859575221	-0.0020910872	-0.0553843441	0.087893408	-0.0025732418	0.0238354383	-0.0871669736	0.055360735	0.0403119052	-0.0762079162	-0.0208811224	-0.0221555586	0.0521189758	-0.0573078976	0.0929846956	0.0626496761	-0.1373473319	-0.056658546	0.0040479922	-0.0392866985	0.0067961002	0.0201140885	-0.0220528214	0.0039176878	-0.0093903981	-0.0702219573	0.0069395661	-0.1067904785	0.0470548539	0.0727066976	-0.085301092	0.020776012	0.0661945558	-0.0180807269	-0.0125656052	0.0391853106	0.1210865362	-0.095570791	-0.1359523725	-0.0214415791	-0.0147317273	0.0127629239	0.0384561104	-0.0225427256	-0.0560466031	-0.0387229999	0.0567663667	-0.0124484715	-0.0150666155	-0.1050606712	0.0330846871	-0.0916331806	0.0795443577	-0.0605635717	0.0363353752	-0.0089589723	0.0	-0.0053473310097871	0.0014719413377975	2.859394892823073e-05	2.1666113019170944e-06	0.1237423897855052	-0.0128788983962238	0.0001658660239002	0.0153121790298279	-0.060857508890848	-0.0201964560148013	0.0037036363883996	0.0004078968355578	0.0037200137282216	0.000595963428507	3.551724081178181e-07	1.3838502138157167e-05	3.389160367550659e-05	-0.0003537793981788	1.2515986257582006e-07	1.1486407996976114e-09	-0.0003270638161797	-0.0001159580780368	1.0697073985402858e-07	1.3446275862011789e-08	0.0	0.0	0.0	0.0	0.0	0.0	0.0	0.0	0.0
8347.77005606412	2.957016512456903	8.743946654942786	69685264.90892076	6069.137821785846	-22.93754403033654	36834433.89983145	526.1309261436274	5313.637333634872	0.9438967549122026	0.8909410839337867	28234741.713398315	5137.334352840758	8512.011855964158	1.124979	21.347904	0.1021957124331302	0.0489039653513158	-0.1446665503	-0.0469359214	-0.0579507562	0.0209098636	-0.0715879356	0.04761783	-0.0521440992	-0.0799092608	-0.0190895828	-0.0705526115	-0.1116207541	0.0146380412	0.0341133682	0.0741536805	0.0916414751	0.0026195635	0.0708807886	0.0671237792	0.0473265458	0.1176786314	0.0807589848	-0.025338877	0.0830984755	0.0803786208	0.0617543114	0.1278892793	-0.05701834	-0.0794503069	0.0235066484	-0.0384618993	0.0122035679	0.0412150503	-0.0736742081	0.0759465195	0.077159929	-0.0214104673	-0.0455022598	0.0413266727	0.0624774206	0.023800484	-0.0672772882	0.0299514777	0.0584972067	-0.0279303686	0.0360913225	-0.0049594009	0.0925315351	0.0244513159	0.0008779543	-0.0208490047	-0.0223124674	0.0514594467	0.1555182665	-0.0103887209	-0.1266122108	-0.0081201151	0.0209246678	0.0079648197	-0.0595375194	-0.102877369	-0.0031415526	0.0613797033	0.1366747643	-0.0275126771	-0.0711126665	-0.0603847467	0.0183284749	-0.0334714028	-7.86843e-05	0.0229703532	0.04538781	0.0763526043	-0.0763270318	-0.0266686797	-0.0366229189	-0.0553518921	-0.0587539783	0.106459889	0.0291856903	-0.0154661294	-0.03994862	-0.0509343958	-0.0718810109	-0.0094146418	0.0490868264	-0.0415748514	0.0137296174	0.0978875301	0.0761488099	0.0040222733	-0.0438332742	-0.0366885589	-0.045628902	0.0580262228	-0.0184050443	0.0140073776	0.0152317884	-0.0569924588	0.0541856629	0.0507806347	-0.0352188859	-0.1613902315	0.0020999627	-0.0359360842	0.081600097	-0.0124343719	-0.0763670258	-0.0546729988	0.0763142389	-0.0333616719	-0.0471756433	-0.0037069794	-0.0184174313	0.0301442282	-0.0520365671	0.0345091289	-0.0780097815	0.0242849995	-0.032916502	0.0253546294	-0.0453273214	0.0076974684	-0.0413802727	-0.1336452258	-0.0316923971	-0.0282815147	0.127351936	-0.0003203734	-0.0272372414	0.1013323315	0.1083473007	0.0188250538	0.0857557399	0.0915907792	0.0013595722	-0.0445593051	-0.0196517254	0.029031636	0.0724847163	0.036676245	-0.0218265152	-0.1017881176	-0.0338391002	-0.1043033254	0.0070017034	0.0252034991	-0.0320003317	-0.0269532877	-0.039991022	-0.0302933192	-0.0736688521	-0.0525646848	-0.1347167277	-0.0246339818	0.0009551359	0.000589989	-0.0498501952	0.0081823653	-0.0014831377	-0.0269482579	-0.0350283409	-0.0424921228	-0.0610130993	-0.0231333548	0.0522989357	-0.0664705836	-0.0730129088	-0.0191110317	0.0484341284	-0.1195691022	0.0928691025	0.039844839	0.0254418606	-0.0042093859	0.0584249403	0.0253686741	-0.1331707896	0.033657843	0.0247475946	-0.0571727782	0.0312090735	-0.1123021806	0.0660219098	0.0334375488	0.0169979048	0.0672917701	0.0450405531	0.0302298907	-0.0109885428	-0.0193262689	0.0178941222	-0.0949302869	0.0562081857	-0.0920255275	0.0810489711	-0.0637140765	0.0413807762	-0.0158011302	0.0	0.0080349117364164	0.0133822427462035	6.455980661200202e-05	0.0001790844209183	0.1413753167400813	0.0176329269545761	0.0003109201129854	0.0199869801833583	-0.0464297393616277	0.0144277695292203	0.0021557206971886	0.0002081605335882	0.0033799318128039	-0.0003400819154177	1.1565570919417186e-07	1.1423939059203857e-05	-0.0006658937250578	-0.0006997853287333	4.896995063103819e-07	4.43414453071353e-07	-0.0002318755962681	9.518821991159998e-05	5.376629214468691e-08	9.060797209939118e-09	0.0	0.0	0.0	0.0	0.0	0.0	0.0	0.0	0.0
8364.721094715194	16.95103865107376	287.33771135019646	69968558.99237336	6118.331889897437	49.19406811159024	37433985.11493594	2420.05633736778	5315.628598058106	1.991264423233588	3.965134003235793	28255907.392493185	5140.396001364392	8556.715656057813	1.25101	23.739506	0.1131002091567755	0.0614119314369778	-0.1426303488	0.0934574727	-0.0303392169	0.0572693659	0.0295184069	0.0629052877	-0.1138975291	-0.0312557711	0.1143568577	-0.0942827977	-0.0826951067	-0.1140368884	0.1208632364	0.0014443329	-0.0486187257	0.0017662185	0.0632739098	0.0832175188	0.0339371586	0.0087319553	-0.0356533097	-0.1083896682	0.0097895742	0.1306849141	0.0690802451	0.0713595569	-0.0764681842	0.1192521177	0.0040954825	-0.0682191269	0.141834042	-0.0780409147	-0.0859572168	0.1356879575	0.0947354414	-0.0953158242	0.0619904244	-0.0616191979	-0.1483026104	-0.033076805	-0.0556231141	0.0803408677	-0.1161386424	0.0058910357	0.0126538888	-0.0904454789	-0.0087945469	-0.0197492691	0.0072820157	-0.0124177808	0.0485606423	0.005693724	0.0814242642	-0.1324677732	-0.0295962803	0.0659734494	0.0172288667	0.0543673604	-0.0877588368	0.0322536774	-0.0307658626	-0.0816101154	-0.0402154463	-0.0792701517	0.0356324026	0.0204502724	0.0149712467	-0.0015150679	0.0823695302	0.0169865631	0.1478899849	-0.0136057959	0.0378612332	0.0405675942	0.0167658345	-0.0915097839	0.0491962257	0.0544732158	-0.0465995617	0.0602772935	0.074459208	-0.0290431078	0.1799358523	-0.0424397988	-0.1094715588	-0.1077314879	0.0262593169	-0.0293004714	0.10862155	-0.0013496986	-0.023175207	-0.0079170275	-0.0068848255	0.0555383408	0.0832389922	0.0968376379	-0.043885794	0.0618222371	0.1032622869	-0.099468888	-0.0195139508	-0.0411625219	-0.0942220761	-0.1430410976	0.0634742955	0.0269121069	-0.135170852	-0.1288427162	0.0694806735	0.063563005	-0.0554501819	-0.0325654092	0.0998996754	0.0248599374	-0.0473948847	0.0241538321	-0.1094935634	-0.0216697477	-0.0764376536	-0.2034626922	-0.0112996465	0.0006696928	-0.0544407349	-0.0446250136	0.106344548	0.0603160559	-0.0698697349	0.0658300186	-0.1132038167	-0.0908797183	-0.0646493304	0.0139363844	-0.0528349449	-0.0729891086	0.0052263387	-0.0482766992	-0.0853383725	0.0868512575	0.0142522437	-0.0922333725	-0.0419969343	-0.0444015279	0.0188506366	0.0307040646	-0.0626656403	-0.0251565937	-0.0886898734	-0.0417361357	-0.0332957702	0.1037099769	-0.0483789777	0.0077056522	-0.0213159394	0.0403466354	-0.0153231296	-0.0196081307	-0.1326209273	0.0928669336	0.0336313673	-0.0281000233	0.0192302156	0.0236238077	-0.0408240091	-0.0709582553	-0.0938400218	0.0105073363	0.0632510559	-0.0895332845	0.1273200227	-0.1483729208	0.1772026891	-0.0495224947	0.0272402149	-0.0305901313	-0.0289886067	0.0608742491	0.0092675724	0.0219984734	0.1463266737	-0.0495488713	-0.0464545492	0.0460966235	0.0046207957	0.0192900026	0.0631909715	0.0962718518	-0.0369916013	-0.0195186508	0.0358306921	-0.0380405266	0.0614534939	0.117124337	-0.1148638894	-0.0923987632	0.0824862614	-0.0667455128	0.0462887143	-0.0225612856	0.0	0.005691836190337	-0.0023430755460794	3.239699921763002e-05	5.490003014635281e-06	0.1148117925124267	-0.0265635242276546	0.0007056208193931	0.0131817476999165	-0.0735919853883189	-0.0271622460266912	0.0054157803133945	0.0007377876092145	0.0041490236877574	0.0007690918749534	5.915023121194898e-07	1.7214397561572013e-05	-0.0005684145583138	9.747916674400004e-05	9.502187949104565e-09	3.230951101030723e-07	4.218062916140717e-05	0.0002740562254295	1.7792054764521531e-09	7.510681469666886e-08	0.0	0.0	0.0	0.0	0.0	0.0	0.0	0.0	0.0
8366.791292549862	2.070197834667852	4.2857190746634615	70003196.53308819	6117.190319763487	-1.1415701339492443	37420017.40820812	1.3031823707248955	5313.738766569975	-1.889831488130767	3.5714630535305494	28235819.679348603	5137.216121302772	8574.487687744888	1.268862	24.078274	0.1011606323882246	0.0632190867661021	-0.0926997864	0.0828511778	0.1019365151	0.0673813553	-0.0874719648	0.0048853384	-0.0026613768	-0.1106213309	0.0843738505	0.0431083567	0.0537990271	0.0736537799	0.0858556298	0.1098741473	0.0942965463	0.0458551953	0.0269723956	0.0495207105	0.0050946574	0.0442149893	-0.0987421707	0.0168708877	0.0701825777	0.0449125573	0.0557982372	0.1411626474	-0.0216748424	-0.0292997417	0.0860322752	-0.0741477003	0.1036976268	-0.0512935428	-0.1102401682	0.0095006676	0.0293157242	0.0195959656	0.0868318282	-0.0325766408	0.0569985788	0.0842801604	-0.0242668848	0.0539050311	-0.1359450775	0.0262007613	0.0121830398	0.0297483706	0.0135026672	0.0419080976	-0.0118717283	0.0508712604	0.1879083786	-0.0472535406	0.0235366467	-0.0381892858	-0.0407658322	-0.0794515147	0.0054252873	-0.0616621771	0.0552728807	0.061473273	-0.033452458	0.1557168627	0.0209184366	-0.0372566068	-0.036544398	-0.0114642654	-0.0898016671	0.0416389921	0.045565332	-0.0403507174	-0.067516216	0.0044158586	-0.0382013192	-0.0418990868	0.0266886966	-0.0293165157	0.015213093	0.005100729	-0.015276154	-0.0214574844	-0.0070377127	0.015902026	0.0462624205	0.0244191847	0.0967388745	0.0449236109	0.0748579029	-0.0292813499	-0.0286900785	-0.0604715412	-0.0439307077	-0.0628858099	0.1010681708	0.0466432979	0.0213689674	0.0060162868	-0.0348267108	0.1153588083	-0.0347163225	0.0324820245	-0.0208054994	-0.1341642144	0.0862247288	-0.0406141151	0.0231419026	0.1024553465	-0.1313575158	-0.0453443723	0.0801539222	0.0501476725	0.0112133328	-0.0254367317	0.0842867566	0.0085538422	0.0342908259	0.0040841908	-0.1394234086	-0.092834959	0.0642747164	-0.0324339041	0.0148760665	0.0742079603	0.0530086408	-0.0732679878	-0.1307334015	-0.0456223708	-0.0693717768	-0.0219771631	-0.042111365	0.0430479907	0.0946263885	-0.0492395458	0.0151739663	-0.0991690045	-0.0206428801	-0.020643234	0.0425204032	0.0082881033	0.1027246822	0.0206522621	0.0164282726	0.0026720336	0.0977038948	-0.0258590875	7.5216e-05	0.0148182278	0.0738462909	0.0765706018	-0.0313037645	-0.0746528745	-0.0298720179	0.0413505864	0.060605994	-0.0184761458	0.0507409876	-0.0686297978	0.0543965448	-0.0545635408	-0.0598992803	-0.0357707298	0.0127984801	-0.0991918194	0.0673910261	-0.0640829915	0.0445709738	0.001606678	0.0170418098	-0.0460340083	-0.0550119967	-0.0977282319	0.0865960282	-0.1133056076	-0.0285947297	0.0339311808	0.0094096308	-0.036507647	-0.0656539625	0.0267014876	0.0446704233	0.0264948884	-0.0023025201	-0.1102436672	0.0004544802	-0.0904252633	0.0186665192	0.0592901529	-0.0758431568	-0.0170334557	-0.0158610868	-0.0256506231	-0.0310864326	0.0025051016	-0.0579560954	-0.0927528101	0.0838550348	-0.0696522155	0.051042886	-0.0292043556	0.0	0.0057606871460649	6.88509557279001e-05	3.318551639483737e-05	4.740454104645261e-09	0.1413140447492082	0.0265022522367815	0.0007023693736219	0.0199696592433812	-0.0457103127442195	0.0278816726440994	0.0020894326911743	0.0007773876694327	0.0033119958536611	-0.0008370278340962	7.006155950519424e-07	1.096931653466832e-05	-0.0005480579275249	2.035663078889997e-05	4.1439241707559035e-10	3.0036749192288855e-07	-3.459203698570981e-05	-7.677266614711698e-05	1.196609022820715e-09	5.894042267336681e-09	0.0	0.0	0.0	0.0	0.0	0.0	0.0	0.0	0.0
8362.656790969537	-4.134501580325377	17.094103317713042	69934028.60354891	6088.648884939317	-28.54143482417021	37071645.24407279	814.6135018223559	5318.085423993079	4.346657423103352	18.893430753819477	28282032.57688764	5139.144853125541	8551.083523019335	1.190456	22.590408	0.0976360150435557	0.0544726917561264	-0.100294553	-0.0355387709	0.1086407948	0.1244014823	0.0278203396	0.0167411807	-0.1499102143	0.0409235889	-0.0482989651	0.0147630491	0.0745349972	0.033149937	0.1268520115	-0.0228482444	-0.0830781763	-0.0840706019	0.0201300676	0.110936777	0.0637436703	0.0596697902	-0.0441228497	0.076068791	-0.0094627474	-0.0055577642	0.1530784565	0.0813120377	0.0370220329	0.0789463192	0.0181095544	-0.0003688955	0.0245757247	-0.0778760757	0.0263301911	-0.0340935769	0.1164738244	0.0616842171	0.0164082843	-0.0824991627	0.0928794393	-0.0140869943	0.058638664	-0.0315441665	-0.0018420746	-0.0269607975	-0.0115595153	0.0733789867	0.0774666565	0.0553885354	-0.0016749568	0.0117309122	-0.1287617501	-0.0422347806	-0.0909431376	-0.0498501663	0.0643122259	-0.0362528633	-0.0617659231	0.0395008655	-0.0242363265	0.0770692219	-0.1174772105	0.0377619756	0.0600557965	0.0397892646	0.02857567	0.108514612	0.0035823923	-0.0225673507	-0.1329763783	-0.0289472352	0.0664972215	-0.0605984001	-0.0139800274	0.0125635608	0.0356417991	0.050549663	-0.0791584969	0.0673082747	0.1180540438	-0.0429698386	-0.0565544272	-0.111959163	-0.0529316377	-0.0778954754	-0.0382236238	-0.0044782871	-0.1317924448	0.0398191135	0.0506330455	0.0046536347	-0.0013385263	0.000759064	0.0258128156	-0.021113507	0.0038515776	-0.1329817997	0.0740739987	0.0142129562	-0.0930324225	0.0343380249	-0.1315176076	0.0431672966	-0.0310670897	-0.0969683549	0.08629048	0.0188358221	-0.1030616129	0.0278932584	0.0228093788	-0.0400588447	-0.0075341675	-0.0593200882	0.0002568498	0.0267201832	-0.0133747355	0.065786361	0.0596758776	-0.1235197405	0.0934472702	-0.0070315736	0.0141143322	-0.095979098	0.0349614514	0.0640301127	-0.0089842208	-0.0121292445	-0.0248919739	-0.0610073097	0.0147946395	0.0051839904	-0.0064534744	0.0782626604	-0.0487419735	0.0662174297	0.0336127025	-0.0256423513	-0.0720720387	-0.0586596864	0.1250052865	0.0071124417	0.0396008748	0.1112079986	-0.0988048499	-0.0561868343	0.0666654096	0.0845494463	-0.006273144	0.01032832	-0.0987480229	0.0104839625	-0.0159903191	-0.0658450077	-0.0032961143	0.1195388733	-0.0708045187	-0.049661587	0.1160997017	-0.0067330626	0.0310751298	0.0357263281	-0.0822950747	-0.0329760285	-0.0027549565	0.0282688539	-0.0960482681	0.0809920379	-0.061696176	0.0225199822	0.0915027635	-0.1429448987	0.0158406091	-0.0854055646	-0.0617664909	0.1341687929	0.0294675884	0.085312616	-0.0105774373	0.0204908316	0.0346709762	0.0159126259	0.1154572616	0.0669743433	0.0151493091	0.0277353382	-0.06948137	0.0712824169	-0.0521851257	0.0464554989	-0.0079222116	-0.0041873397	0.0034897179	-0.0208783958	0.0943654791	-0.0930875949	0.0851541541	-0.0724287524	0.0556274983	-0.0356958649	0.0	0.0082565200785893	0.0024958329325243	6.817012380814826e-05	6.229182027073344e-06	0.1520035762197977	0.0106895314705895	0.0001142660830607	0.0231050871836078	-0.0487873871797859	-0.0030770744355664	0.0023802091478303	9.468387082016288e-06	0.0035669334735292	0.000254937619868	6.499319002401175e-08	1.2723014404583083e-05	0.0002878958214393	0.0008359537489642	6.988186704073008e-07	8.288400400220933e-08	0.0005019881182795	0.0005365801552652	2.519920708937933e-07	2.879182630244367e-07	0.0	0.0	0.0	0.0	0.0	0.0	0.0	0.0	0.0
8358.765583033124	-3.891207936412684	15.141499204401056	69868962.07209909	6100.6801599910605	12.03127505174325	37218298.41450855	144.75157937069957	5317.433178623196	-0.6522453698826212	0.4254240225333173	28275095.609122787	5142.780723950516	8558.167054012894	1.112287	21.107061	0.064078303736226	0.0330814639544245	-0.1076001402	-0.0796999695	0.0387776353	0.0918126998	0.0071309723	0.1159913509	0.0080888853	-0.0493960225	-0.0698908587	-0.0073399828	0.0253580276	-0.0576082598	0.0343573677	-0.0459151702	-0.0570066974	0.0535244479	0.0077386841	0.1525873354	-0.0347108278	-0.0070777257	0.033957691	0.0747588368	0.0550254482	-0.0358415238	0.0844108615	0.0597454528	0.0001206993	0.1495316734	-0.067534021	-0.0350890577	-0.0550349933	0.0794969039	-0.053760403	-0.0196840912	0.1210910005	-0.0104463271	0.0389669577	0.020599827	-0.0766819353	0.1773860432	-0.0458550409	-0.098990702	-0.0893160011	-0.0357411193	-0.0969097774	0.0159848041	-0.0212836837	0.0073437767	0.086900704	0.0177376556	0.0783408183	-0.0085915767	0.0241843395	0.0767670454	0.0527880541	-0.0726995724	-0.0245290093	0.1145237127	-0.0356113288	0.0625445661	0.0836894257	0.1545509901	-0.0176504464	-0.0668929142	0.0147827023	0.0778116619	-0.0035379159	-0.1044747808	0.0339545245	0.1100669761	0.057365981	-0.0338021072	-0.0680281957	0.0415218234	-0.0369593801	-0.036544302	-0.0224780865	-0.0022394572	0.2321749613	0.0131420067	0.0981290465	0.0894267315	-0.1599180358	0.0503741249	-0.0290785797	0.0042625057	-0.0258272025	0.0306051754	-0.0197318141	-0.015492886	0.1116741833	0.0470269071	-0.1016493587	-0.0313219479	-0.0486159863	-0.0457650451	0.0075342378	-0.0618758761	-0.0570583908	-0.022429124	0.0455999112	-0.0007274222	-0.0503015785	-0.0278403671	0.0847078434	-0.0197579631	-0.1520028009	0.0245504508	-0.0354640509	0.0401247873	0.1098260944	-0.0754719407	0.056419718	0.0101209801	-0.0749970313	0.0049236759	-0.1249864216	0.0837211429	0.0625934717	0.0620418637	0.0460609613	0.0091015808	0.0221041269	0.0022808897	-0.0897942154	0.0739290367	-0.0896612389	-0.0947974794	-0.0144668581	0.0961946273	-0.048743996	-0.0851291769	-0.1449411673	-0.0569064222	-0.0233146998	-0.022284952	0.0031857197	-0.121930765	0.0286030445	0.0400409631	0.0698031121	0.0102131746	-0.0394632447	-0.036126954	0.0616263856	-0.0032237526	0.0663610637	0.0232936168	0.1673388079	-0.0714339734	-0.0126867412	0.0410986845	-0.0500749416	-0.1575707131	-0.0163321529	-0.0556838614	0.0046000071	-0.0583265092	0.1237387833	0.0452870024	-0.0206558261	-0.0445958252	-0.0435937396	0.0886736248	-0.082695612	-0.1308001205	-0.0378465765	0.1312789321	-0.0089378311	-0.141334359	0.0127835291	-0.0007895356	-0.0783046657	0.1023466623	0.0410526243	0.0699587014	0.0565972156	0.0564787757	0.0845595515	0.0132232572	-0.0905997597	-0.006354661	0.0342427999	-0.0254758871	-0.0398062825	0.0662094923	0.0456915076	-0.0182231073	0.0102939761	-0.0240913518	-0.0953824523	0.0344570805	-0.0312838174	-0.0934030479	0.0863825404	-0.0750699348	0.0600273217	-0.0420021249	0.0	-0.0012347516797035	-0.0094912717582927	1.5246117105306146e-06	9.008423958976648e-05	0.1295897897759061	-0.0224137864438916	0.0005023778227523	0.0167935136141635	-0.0541697503249025	-0.0053823631451166	0.0029343618502622	2.8969833025909463e-05	0.0035919972729013	2.506379937210028e-05	6.281940389648943e-10	1.2902444408530376e-05	0.0001033157449257	-0.0001845800765136	3.406980464576644e-08	1.0674143149552309e-08	0.0001758143463867	-0.0003261737718928	3.0910684395382536e-08	1.0638932947077638e-07	0.0	0.0	0.0	0.0	0.0	0.0	0.0	0.0	0.0
8360.633223533245	1.8676405001206149	3.4880810376907805	69900187.8984479	6113.871273363407	13.19111337234699	37379421.94725829	174.0054720021116	5318.492102171425	1.0589235482293589	1.1213190809946554	28286358.24085983	5146.322836319918	8570.419948915529	1.209466	22.951162	0.0627788508326482	0.0310038947585465	-0.0697789499	-0.0199480671	-0.0781498191	0.0124003455	0.0125836152	0.0742291926	-0.0155666848	-0.0077198489	-0.0082750692	-0.0701914734	-0.0667749869	0.0538113267	0.0168387914	-0.1200318127	0.06203754	-0.023216526	0.0129066351	0.0403073246	0.0598023034	-0.1362465653	0.0692643727	-0.1034008364	0.0108260906	-0.0653222303	0.0401002838	0.0648216651	-0.0092067601	0.0576898765	0.0133329483	-0.0180626618	-0.0066655545	0.0103893541	-0.0053054101	-0.0215728015	-0.0005029086	-0.0179514483	0.0288941631	-0.0352410319	0.1264966616	-0.0595564814	-0.0820400206	-0.0568333518	-0.0248648472	0.0521143914	0.0067312527	-0.0566831554	0.1080253533	-0.0314306946	-0.0106576677	0.061808049	-0.0487133519	-0.1787752905	0.0507104035	0.0096585801	-0.0070827356	0.0044131798	-0.0342340906	0.0372882876	0.0371564328	-0.0458537587	-0.0910374895	0.030331454	-0.0568721056	-0.0297930775	0.0098021974	-0.0624935118	0.1263395676	-0.0787449135	-0.1266276811	0.1376536655	-0.0267410185	-0.038223514	0.0965834644	0.0563722159	0.0172937489	-0.054138008	0.0546780191	0.1525125245	-0.0974269542	-0.0227040144	0.1829276979	-0.0308110094	-0.0051475904	0.0543966726	0.08112906	-0.0202141631	0.0905250859	0.0498158355	-0.0079989215	0.1812787752	0.0153200409	0.1538339569	0.0452106143	-0.1157474897	-0.0245520026	0.1103692117	0.0485352298	-0.0623656516	0.0896380531	0.0346546922	-0.0110715488	0.047506038	0.0637032135	-0.0117231934	0.0735010467	0.0233185577	-0.0589581161	0.0098742954	-0.0435381677	0.136158878	-0.0445594039	0.0253408786	0.0851895318	0.0167858847	-0.1159298556	0.0101118164	0.0622387567	-0.1011137791	0.0418198489	0.0139331802	0.0812789418	0.0070217688	0.0505706434	-0.0261370799	-0.0276670032	-0.0008092161	-0.018333534	-0.0773803931	0.129686712	0.0106348501	-0.0111708352	0.0015921011	0.0121537831	0.0163302211	0.0333906543	-0.1050995876	0.0612484357	0.1247308795	0.070541803	0.0420198134	-0.1269075106	0.0538706479	-0.0865386933	-0.0038384066	-0.0477479786	-0.0796334502	-0.0785718559	-0.0896016056	0.161702782	0.0048500787	-0.0624424334	0.0433789066	-0.0508870302	-0.0205842112	0.0826869903	0.0420309707	0.0953925828	-0.0457969112	-0.0419478949	-0.0430701043	0.0381559924	0.0762593713	0.02881476	-0.0227067309	-0.0716177284	-0.1156929584	-0.1356253908	-0.1445089849	0.0591762277	-0.0960857184	0.0072465702	0.0368051299	-0.0156694333	-0.0318733109	0.0569903107	0.0873489186	0.0802911636	0.0997217658	0.0390044165	0.0451954483	0.0321142955	-0.0558835951	-0.0517997499	0.0073629691	0.0970363853	0.0162347639	-0.0793662411	-0.0758270808	0.0233988618	-0.0306691114	-0.1187330018	-0.1155071902	-0.0159747029	-0.0936991036	0.0875391733	-0.077570827	0.0642277404	-0.0480904081	0.0	-0.0052757282800399	-0.0040409766003363	2.783330888481276e-05	1.6329491884466324e-05	0.124984591192728	-0.004605198583178	2.1207853990505525e-05	0.0156211480356133	-0.0346241592446716	0.0195455910802309	0.0011988324034003	0.0003820301306756	0.0032469886041589	-0.0003450086687423	1.1903098150740307e-07	1.0542934995537762e-05	0.0003631447148633	0.0002598289699376	6.751109361883426e-08	1.3187408393314744e-07	8.891029368864327e-05	-8.690405269805673e-05	7.905040323800799e-09	7.552314375346621e-09	0.0	0.0	0.0	0.0	0.0	0.0	0.0	0.0	0.0
8356.991279131282	-3.6419444019629736	13.263759026989442	69839303.2394763	6129.727694838794	15.856421475386924	37573561.61287372	251.42610200511163	5318.70634364939	0.214241477964606	0.0458994108804587	28288637.169976264	5144.029517170905	8494.556375873515	1.223771	23.22261	0.0911971179875303	0.0480091977368399	-0.0585678447	0.1030814084	0.0252803719	-0.0770064542	0.0038227141	0.0964084476	0.0002859397	0.0737140781	0.1281504164	0.0610961196	0.0171753702	-0.0196444683	0.0367362408	-0.0280862676	0.0106866288	0.0200354829	-0.0468467449	0.0209450805	0.0598244677	0.0136967747	-0.0833280009	-0.0648838162	0.0238698385	-0.0890917068	-0.0483028624	0.0138594326	0.0126465241	0.0739543798	0.0019129707	-0.0130908465	-0.0116117144	-0.0240017055	0.0504662197	0.0495899086	-0.031662117	8.49402e-05	-0.0523317906	0.0277045194	0.0411651708	-0.0163455977	-0.0976384001	0.0911611418	0.0487841762	-0.021898881	0.0651596479	-0.1119311405	-0.0514908889	0.054112163	0.1398122674	-0.1135358293	-0.0461147161	-0.026253108	-0.0113941856	0.0480899701	-0.0714087979	0.1474967979	-0.0717293962	-0.0683664828	-0.0985486842	0.0234726584	-0.0537384905	0.0618073764	0.0315775536	-0.0329661824	0.0145168944	0.0663135954	0.0323056378	0.0529910437	-0.0336485111	-0.0639631322	-0.1358084564	0.0240367059	0.0847185294	0.0259932121	-0.0187407146	-0.1162347346	-0.0784934923	-0.1141142474	0.1018090123	-0.0211999818	0.0612369771	-0.0052627406	-0.1299712424	-0.0304030373	0.0053234065	0.0460482474	0.072105668	-0.0122593806	-0.0073375104	0.0306977107	-0.1334307861	-0.0060454958	-0.1000337971	-0.0657847536	0.0157930924	0.1664100498	0.0515532571	0.1145410766	0.0470610824	-0.0180777229	0.052875635	0.0590108835	0.0679169652	-0.0482026893	0.0284317672	-0.0356250519	-0.0185450493	0.062846285	-0.0064475468	-0.0978126857	0.0318596448	-0.0548224297	0.0497369245	-0.0744908948	-0.0540054442	0.055032079	-0.0355897963	0.0508445771	-0.0269806105	0.0876773012	0.0169047182	0.0225685755	0.0716074161	-0.0456609545	0.0573694051	0.0198417637	0.1639100147	-0.01382922	0.0790634787	-0.1602598546	0.1269390436	0.083990898	-0.0944627662	-0.0097034778	0.0569026035	0.0338327585	-0.0165273719	-0.0424648903	0.0378443364	-0.0068445858	-0.0079520942	-0.1293714928	-0.0638991569	0.0443204453	-0.067375741	-0.0305085436	0.0907209503	-0.1741109861	0.0022489701	-0.0260120912	0.0668204876	-0.0637446436	0.0984395736	-0.0493195011	0.1061183097	0.0444784775	0.0494304096	0.0006410514	-0.004072984	-0.0707790446	-0.066998174	-0.0737214837	-0.1249778899	0.0872510124	-0.0712110216	-0.0981066323	0.0211781338	0.0067802844	-0.128902658	-0.0566908493	-0.0390631538	-0.1072605309	-0.0086682886	-0.0700839123	0.0614630078	0.0015197947	0.0909021183	0.1115587508	-0.0589880645	0.0039735105	0.0021841385	-0.0733329634	-0.1120979231	0.0747674665	-0.0456195838	0.0990683382	0.1207838512	0.0572266351	-0.0233090523	-0.0528823346	-0.0225610263	-0.0458162247	-0.0225830205	-0.0939757006	0.088623092	-0.0799267552	0.0682148009	-0.0539291185	0.0	-0.0135715921136778	-0.0082958638336379	0.0001841881125	6.882135674626133e-05	0.1248008901229127	-0.0001837010698153	3.3746083051286005e-08	0.0155752621754713	-0.0174546387568312	0.0171695204878403	0.0003046644141314	0.0002947924337823	0.0025950132651706	-0.0006519753389883	4.250718426489088e-07	6.734093846411379e-06	6.215060041880882e-05	-0.0003009941144444	9.059745693022344e-08	3.862697132418439e-09	-0.0002690809048033	-0.0003579911984919	7.240453332976258e-08	1.281576981976979e-07	0.0	0.0	0.0	0.0	0.0	0.0	0.0	0.0	0.0
8366.171643061332	9.18036393005059	84.2790818881739	69992827.96116355	6135.01217924659	5.284484407795389	37638374.43950399	27.92577545623259	5318.64846173858	-0.0578819108095558	0.0033503155989653	28288021.45955417	5144.872046214112	8498.166130310174	1.380085	26.188877	0.0514324745613334	0.0274392361393871	-0.0333571002	-0.0228569513	0.0931117394	0.0269296247	-0.0247963263	0.051970841	-0.0120697126	0.0401000071	-0.0323223322	0.0430677283	0.0914349144	0.0310961885	0.0644958295	-0.0531245625	0.0438186645	-0.0416213636	-0.0480019298	0.1340691161	-0.0151230926	-0.0350731784	-0.0170162109	0.0857768832	-0.0434341298	0.0083302561	0.0233571674	0.0827071371	0.025695006	0.0416883675	0.0967062259	-0.0059473624	-0.0654491625	0.0026944288	-0.0824694457	0.0495973203	-0.1966780442	-0.0861345236	0.0137468593	-0.0644391047	0.0139797274	0.0415406297	0.1313988559	0.0977966411	0.0205816098	-0.0618713239	0.1145412574	-0.0325502301	0.1077536805	-0.0281516143	-0.0290347165	0.0608240392	-0.0164951243	-0.1216926735	-0.0968408464	0.0924294128	-0.0072835539	-0.0434653383	0.0649964884	-0.036755641	-0.1375093614	0.0232403409	-0.0029073128	0.0990108428	-0.0475357809	-0.0199870952	-0.1554324418	0.0406027874	0.0606756276	-0.0252699178	0.0820614704	0.0882785539	0.0899039824	0.1202142412	-0.0338155988	0.0137547505	0.0732426078	0.1125883282	0.052014243	-0.034283759	0.0232672901	0.1104812788	0.0238506024	0.0542663674	0.0366811256	0.0182741869	-0.0869544219	0.0701314169	0.1731303731	0.0039753875	0.1477232512	-0.0692550008	0.0273863698	0.0248160167	-0.0151518322	0.0825799477	-0.0041556958	0.07100416	-0.0235727774	0.008339667	-0.1004067789	0.0158516505	-0.0414009035	0.0059741734	0.0745760721	-0.0715028237	-0.0610039137	0.0389631587	-0.0344255471	-0.082987049	-0.0357680716	0.1369555026	0.0487435676	0.1065832757	0.0024528693	-0.1488125925	0.1530505291	0.1416749166	0.0229265645	0.0594959429	0.0407635354	0.0114399161	-0.0609650612	-0.0063081346	0.0600634561	-0.0990724885	0.0303828257	0.111739211	-0.0302762739	0.0542997405	0.1503387457	-0.0212265614	0.0753172302	0.1092892662	-0.0086992525	-0.0304683226	-0.0013908356	0.0708983792	0.0317747041	-0.0009490806	0.0950337641	-0.0539617919	-0.0060448933	0.0358106817	0.0392412863	-0.0379601677	0.0329199143	0.1165685295	-0.0793778225	0.0628395925	-0.0018692727	0.0146392228	-0.1072627701	-0.0492668919	-0.1904709868	-0.0534962433	-0.016954359	0.1711709079	-0.0241526961	0.020386626	0.0236124131	-0.0204474366	0.0034836543	-0.1069538457	0.0185480715	0.0852871909	0.1008269921	-0.0625247241	0.1275333175	0.0259026715	0.0203675898	-0.0582672338	-0.0171685959	-0.0155270204	-0.080353849	0.0677446701	0.0667476052	-0.0469968365	0.0496490883	0.0192788438	0.0176778512	-0.0490765691	0.0422190805	-0.00858451	-0.052412553	-0.0951384149	0.1252093863	0.141133498	0.0399034541	-0.0810700976	-0.1048728508	-0.1274038534	-0.0930670628	0.0415116981	-0.0154160208	-0.0942327815	0.0896333961	-0.0821333167	0.0719752588	-0.0594879552	0.0	-0.0135868619149164	-1.526980123859982e-05	0.000184602816695	2.331668298663446e-10	0.1462243565464973	0.0214234664235845	0.0004589649136024	0.0213815624474371	-0.021006930706946	-0.0035522919501147	0.0004412911377264	1.2618778098850398e-05	0.0028939838277013	0.0002989705625306	8.938339725992316e-08	8.375142394996668e-06	-0.0001658874370806	-0.0002280380374994	5.2001346546581786e-08	2.7518641781170026e-08	-0.0002672605771055	1.8203276977999728e-06	7.142821607476491e-08	3.313592927377749e-12	0.0	0.0	0.0	0.0	0.0	0.0	0.0	0.0	0.0
8371.454100096755	5.28245703542234	27.90435233108297	70081243.75002676	6121.590143763604	-13.422035482985848	37473865.8882237	180.15103650653117	5318.19723966815	-0.4512220704300489	0.20360135684318	28283221.88001393	5145.176652005076	8635.210156112067	1.522675	28.894703	0.1524327370165052	0.0796038646313302	0.0031162365	-0.0123374533	-0.0896575792	0.066359915	-0.0382863218	-0.0007162966	-0.1052353946	-0.1348985477	-0.0605480567	-0.0519649568	0.0179383422	0.0749041948	0.0448423639	-0.1303070528	0.0576879104	0.0455194906	-0.0159592085	-0.0601151215	0.1310754959	-0.0392249316	0.0530183122	-0.0524145009	-0.0611393783	0.0145048379	0.0021811674	0.0512082171	-0.1202794447	0.0217524191	0.0181246029	-0.0010325571	-0.0312969208	-0.2413973068	-0.038091867	-0.0335657775	-0.1500403289	0.0293544014	-0.1285945269	0.0664676017	-3.01305e-05	-0.0531522898	0.081976026	0.0088273276	0.1105208548	-0.0247689313	0.064924114	0.074136849	0.0411524672	-0.0094982864	-0.0160408502	-0.0558204584	0.0771953716	-0.0237171721	-0.0702712653	0.0825883996	0.0681258271	0.1556109511	-0.028842291	0.0171919266	0.0074035868	-0.076989526	-0.072068376	0.0942429865	-0.0213658292	-0.0705879185	0.0654454432	-0.0129992468	0.0854384917	-0.1802833535	0.0432862889	-0.0919827274	-0.0171956765	-0.127361445	-0.0500182099	-0.0153564491	0.1264014915	-0.0376312568	-0.0666228493	0.0308164003	-0.0776000641	0.0107227061	0.0080885508	-0.0372896214	-0.0862064626	0.0020106072	0.096557153	0.0176330265	0.012770623	-0.0896726166	-0.1031095813	-0.0352616153	0.013699801	-0.0027779076	-0.0633222711	-0.0539144482	0.005396514	0.0876935984	-0.0511421998	-0.0543996824	0.0260638284	-0.0047596623	-0.0047644234	0.1005578085	0.1045050813	-0.0312389462	0.1172280732	0.0447556478	0.0298717223	-0.0577473175	0.1143287459	-0.0227599328	-0.1305891581	0.1618298836	0.0599321255	0.0917380849	0.1490541647	0.0558514674	0.0388245554	0.1213493652	-0.0277034204	0.0439843587	0.0903159734	-0.1221573811	0.0348917399	0.0136050082	-0.036726711	-0.075406027	0.0367531977	0.0192422606	0.0749827046	-0.1197842202	0.055121541	-0.0032855814	0.0013789226	-0.0950651442	0.1678382944	-0.0065382519	0.0061526958	-0.0230820238	0.005323489	0.0365751959	0.0106290327	-0.0760612654	-0.0722384763	0.0471108152	-0.0332639575	0.059627778	0.0515216635	-0.0118672069	0.0706966283	0.005472091	-0.0540019161	0.1168138961	0.2109249198	0.0529197286	-0.0479089025	0.0119298315	-0.0378142952	-0.0678084869	0.0552130362	0.0050765084	0.0190144912	0.0126674433	-0.0135691854	-0.0535074455	0.0686977475	-0.0940008503	-0.0336550413	-0.0698094108	-0.0651861508	0.0021317526	0.1748057123	0.0866915893	0.0802751588	0.0391628287	0.0802231118	-0.0732635977	0.0369476583	0.003530165	0.0605048525	-0.06496916	0.0793427317	-0.1099783042	-0.304477931	0.0230788309	0.0895767715	0.0964309953	-0.0184242868	-0.0154809196	-0.0497782533	-0.1263963802	0.0538926291	-0.0118121754	0.0340327096	-0.0944702927	0.0905692465	-0.0841863878	0.0754966221	-0.0647380696	0.0	0.0102771962310725	0.0238640581459889	0.0001056207623719	0.0005694932711951	0.1350962105755542	-0.011128145970943	0.0001238356327506	0.0182509861118744	-0.0384203720149542	-0.0174134413080082	0.0014761249857674	0.0003032279381874	0.0023512715167764	-0.0005427123109248	2.945366524294452e-07	5.5284777456039935e-06	-0.0015938509534394	-0.0014279635163588	2.039079804051789e-06	2.540360861779685e-06	-0.0002971265816531	-2.986600454760001e-05	8.828420552485633e-08	8.919782276372644e-10	0.0	0.0	0.0	0.0	0.0	0.0	0.0	1.0	0.0
8374.027397767444	2.5732976706894988	6.621860901976	70124334.85855979	6130.925620767014	9.335477003410231	37588248.967377394	87.1511308812013	5319.031294857824	0.8340551896735633	0.6956480594214036	28292093.9156769	5142.818592241525	8633.717887993362	1.528583	29.006807	0.1683857852566008	0.0816782862288466	0.03594667	0.1098137762	-0.0470702643	-0.0394242519	-0.0559426521	0.0266393751	0.0596570918	0.0543176129	0.1009932082	0.025193159	0.0282585441	0.0484080632	0.0071492755	-0.0566885589	0.0154502719	0.0575423581	0.0046672975	0.0354824961	0.0183932504	0.0703015333	-0.0691703781	-0.0866797779	0.0863931256	0.0074749286	-0.0656030671	-0.052130698	0.0238965514	-0.0161738064	-0.0804945761	0.051192803	-0.0442148777	-0.0197709943	0.1045462658	-0.0007382066	0.0806694126	0.0041710263	0.0830666786	-0.0082983366	-0.1330696526	-0.0293848837	0.0861858089	-0.0448558346	0.0092983132	0.098690455	0.0238808569	0.0994108784	0.0525278734	0.0349399501	-0.0443735454	-0.0246542479	0.0854263329	-0.0360933194	0.1301802291	0.0118536268	0.019665427	0.0168694069	0.0185008181	-0.0059974532	0.0471619444	0.1183140362	0.1308816545	-0.0136126907	-0.0092446019	0.1401732637	0.004549573	-0.1631287768	-0.070428217	0.0241403307	0.1174828787	0.0945470381	-0.0180379785	0.0173578853	0.0587963547	0.0140874245	0.0191096684	-0.0179282053	-0.164308758	0.1170677507	-0.086608862	0.1216453389	-0.0327968431	0.1113456914	0.0458286133	-0.0472316986	0.008776566	-0.1235761412	0.0848345608	-0.0485567698	-0.1390061358	0.0250967549	-0.0261916527	-0.0097911888	0.0086818979	-0.0855589444	0.0071854157	0.153646302	0.0721632848	0.0875286794	0.0619630078	0.0187788982	0.0719448245	-0.0075164697	-0.0066227318	0.0084592053	0.0570342059	0.0067936163	0.0838691447	0.0471018096	-0.0158941297	-0.0465507061	0.1225581173	-0.0485680881	-0.1003881251	-0.045236429	0.0208899741	0.0202356699	0.004104898	0.0646980365	0.08242228	-0.1700641143	0.1134431313	-0.0380173048	-0.0075807801	0.0274336984	-0.0122400314	0.0084488144	-0.0333805186	0.0131759283	-0.0449388662	0.0485609054	-0.0262733894	-0.0186717048	-0.0056652282	0.0039104	-0.0328656352	0.057923879	-0.0772418106	0.0675352285	-0.0098314147	-0.0022220022	-0.1486515746	-0.0110643769	0.1081605937	0.0558628515	0.0936202125	-0.1246137514	-0.0165112033	0.1034196878	0.0226424487	0.1284043212	-0.0463122113	0.1152675358	0.0182467017	-0.0055076719	0.0793578729	-0.10730533	-0.0352829158	0.1506466318	-0.0330470305	-0.0391889176	-0.01679726	0.0472527196	-0.0300522945	-0.1478182004	0.0484604104	-0.2232701793	0.0251853809	0.0335237757	-0.0383081821	0.0215976251	-0.045215253	-0.0689522079	0.0552162745	-0.1153022681	0.0347027202	-0.017728248	0.0163400318	-0.0105855889	-0.0539129756	0.0952399564	-0.0604607166	-0.028911414	-0.083499223	0.165022841	-0.0950975252	0.0245392618	0.0032833585	-0.1165237774	-0.1372902381	-0.0256044811	-0.08247762	0.0035160554	-0.0207434166	-0.0946881851	0.0914298658	-0.0860821319	0.0787671932	-0.0696522155	0.0	0.0320375203335316	0.021760324102459	0.0010264027091214	0.000473511705044	0.1242938794693202	-0.010802331106234	0.0001166903573287	0.0154489684735338	-0.0646382724337684	-0.0262179004188142	0.004178106263222	0.0006873783023708	0.001643003061795	-0.0007082684549814	5.016442043217397e-07	2.6994590610677446e-06	-0.0004219880975535	0.0011718628558859	1.3732625530050577e-06	1.7807395447682224e-07	1.4846700061470815e-05	0.0003119732817145	2.2042450271527755e-10	9.732732850375898e-08	0.0	0.0	0.0	0.0	0.0	0.0	0.0	0.0	1.0
8367.143029221956	-6.884368545488542	47.39453027011202	70009082.47145757	6132.155969268647	1.230348501632761	37603336.831437096	1.513757435469981	5318.753498581221	-0.2777962766031123	0.0771707712945529	28289138.778669976	5144.610922595641	8650.666107162917	1.214222	23.04141	0.0753569394967721	0.0397342461293851	-0.0121675734	0.0817695791	0.0836866946	0.0573495161	-0.054387305	-0.0615071522	0.0607627447	0.0467855745	0.0314727378	0.1201085743	0.01209591	0.0671135874	-0.0398517602	0.0606855524	0.0211911897	0.0679838091	0.1146768869	-0.0049951227	-0.0619842493	0.0503166147	-0.1133505608	0.0202279754	0.0448198999	-0.0115806839	0.064370377	0.0072771396	0.0529121422	-0.0300505103	0.007650291	-0.0369975369	0.0001479617	-0.0242616207	0.0683713391	0.0353259976	-0.0801295083	0.06738574	0.10812306	0.0906859553	0.0341862231	0.0502762827	0.0978595332	-0.0783932035	-0.0093666785	0.0545741175	0.0214977232	-0.0294251719	-0.0185139297	0.0811837688	-0.0574294122	0.042351046	-0.0196976434	0.0142525412	-0.0981298622	-0.14136297	-0.1046799789	-0.1164062543	-0.0530374042	-0.0830870891	-0.1175395343	0.0871245198	-0.0133426673	-0.0972829269	-0.1042926059	-0.1226854737	-0.0643009336	0.0308908377	0.0545981597	-0.0827662337	0.1266386518	-0.0889453602	-0.0110974404	-0.0324586472	0.1149748996	0.0285989087	0.0580674081	0.0835594008	-0.0474011724	-0.0530461238	-0.0240705508	0.0030688322	-0.0730932215	-0.1321301405	-0.105580259	0.0067265943	0.003764949	0.0387055692	0.0100177446	-0.1104217451	0.0052665954	-0.0485566853	0.0299841525	0.0234271587	-0.1015863059	0.0266118312	-0.0809996815	-0.0267214929	0.0238493728	0.0996037133	-0.0511265968	0.0476598617	-0.0177707505	-0.0499492126	-0.0515480784	0.060144962	0.0324973474	0.0625735429	-0.0296901809	0.0552754067	-0.0776603414	-0.0126841466	-0.1178094408	-0.0109672143	0.0218053247	-0.0469930332	0.1682984668	-0.020037352	0.0675326064	-0.0542982757	0.0439778241	-0.0162556919	-0.0034719911	0.0175658368	0.011545368	0.081918737	-0.0177728667	-0.1577676251	-0.0280035263	-0.0024262112	-0.0583748209	-0.0182521752	-0.1601013116	0.0729136099	-0.1151497524	-0.0010880118	-0.0152329428	-0.0327341261	-0.0342272994	-0.0074673912	0.0596198637	-0.0726541008	-0.029138737	-0.0713141551	0.1445201811	-0.1243134626	-0.0799443719	0.1709625248	0.0433140988	-0.0459203021	0.0075081572	0.0283724869	0.0891200811	0.0853571636	-0.0078021199	0.0225829541	0.0343160608	-0.0157434785	0.0442119115	0.0459370651	-0.1335434354	0.0288598352	-0.0624268371	-0.0374151162	-0.0693962696	0.0239976042	-0.0183978067	0.1583019991	-0.0623432907	0.1045343468	-0.1315343744	-0.033156844	-0.0215702255	-0.1261679121	-0.0350947049	-0.0199290974	-0.0229499271	-0.0217638695	-0.0931362215	0.0343230344	0.0070200555	0.0978331012	0.0119646394	-0.1447809839	-0.0684436898	0.0466239134	-0.0723216065	-0.041375399	0.0412284261	-0.0605866496	-0.1501291591	0.1238706319	-0.0095990582	0.1069315577	0.0194494773	-0.0948864133	0.0922145392	-0.0878170061	0.0817761076	-0.0742048901	0.0	0.0280155771973937	-0.0040219431361379	0.0007848725657031	1.6176026590326765e-05	0.1447320964602028	0.0204382169908825	0.0004177207137664	0.0209473797457654	-0.0664970519278824	-0.0018587794941139	0.0044218579150994	3.4550612077386637e-06	0.002251002361735	0.0006079992999399	3.6966314872752986e-07	5.067011632536547e-06	-6.500083764238163e-05	0.0003569872599111	1.2743990373884836e-07	4.225108894211256e-09	-9.267376001643752e-07	-1.577343766163519e-05	8.588425795584253e-13	2.4880133566549137e-10	0.0	0.0	0.0	0.0	0.0	0.0	0.0	0.0	0.0
8361.535154798734	-5.607874423221801	31.44825554662525	69915270.14493509	6128.592509710967	-3.563459557680289	37559646.15008537	12.698244019223004	5316.039821938934	-2.713676642286373	7.364040918890644	28260279.38844054	5142.648654075451	8606.440478287173	1.280114	24.291786	0.0445034297904792	0.0266320940164207	0.005287258	-0.0349234392	0.0321926097	0.0579251939	0.0152187414	-0.0149789328	-0.0637259689	0.0744677995	-0.0691896519	0.0489732758	0.0241888962	-0.0199260456	-0.0619496357	0.047279982	-0.0594760418	-0.0516357854	0.1016073606	-0.0143984828	0.0825721326	0.0757589693	0.0036270471	0.0547251632	0.0682991863	0.0845985268	0.0870011181	-0.0268920215	0.024922643	-0.0293951385	-0.0563351078	0.0339193855	0.0207464881	0.0872485682	0.0271370142	-0.0128384866	-0.0831042174	0.0159706403	0.0711528597	-0.0384858706	0.1088902007	0.0225167223	-0.0709180242	0.032284078	-0.0466321635	0.074402176	0.1345181478	-0.0010716719	-0.0198669618	0.1608931913	-0.0455032979	-0.0062811519	-0.0183194264	0.0643040721	0.0434085982	-0.0247630052	0.0283449483	-0.0840140615	-0.0150962212	0.0874032408	0.0646173441	0.0609255472	0.023705848	-0.1077280883	-0.0208229313	-0.0064412895	-0.0313303788	-0.0676849875	-0.1000783573	0.0138953847	-0.0069665886	0.0130333171	0.0797479646	0.0449200276	-0.0600208502	-0.0824215173	-0.0071526486	0.0895734898	0.0016899597	0.0149179232	-0.0717469397	0.0464537709	0.033815385	-0.0493682091	-0.0615666218	0.020592114	-0.0487786078	-0.0094137059	0.0038314221	-0.0200847991	-0.0892252035	-0.0467962674	0.0563041526	-0.1172594833	0.0958353316	0.039871839	0.0537875398	-0.0904907183	-0.1147531673	-0.0271091613	-0.0497027425	0.0349852454	-0.0467344569	-0.0503961362	-0.1478640776	-0.003993378	0.0244649119	-0.0047162659	0.0273744684	-0.0848752549	-0.0227941641	0.0275152671	0.0654933514	-0.0161353304	0.0581047184	-0.1202380846	-0.006243388	0.0781201415	-0.00653006	-0.0327479478	0.0939222431	0.0229739868	-0.0268780498	0.0941888175	0.0662694981	0.0662074288	-0.0260834991	-0.1197710566	-0.0569279444	-0.0202005683	-0.0811462514	-0.0531039362	0.0024399929	0.0156552297	0.0984531566	0.1468685709	-0.060407259	-0.0307338336	-0.0632979582	0.1014211104	-0.0031355473	0.0473058682	0.0266000368	0.0118861709	0.0810822402	0.0217037129	0.0523922316	-0.0115129889	-0.0897111571	0.0805014324	0.0010183248	-0.0490975164	0.0476385022	0.0684923754	0.0081302477	-0.0324277185	0.0443821682	-0.0993359226	-0.0928038714	-0.0699779926	-0.1776572971	0.1312100234	0.1367632777	0.0257878008	-0.1435461899	0.0490881529	0.043624173	-0.0174986313	0.0549702375	0.0567915554	-0.0414251673	-0.0071196472	-0.0445009119	0.0243387624	0.0290211725	0.0394840744	-0.0869318254	0.0298709248	-0.0750174172	-0.0780075216	-0.0710491154	0.0761205677	-0.0205202937	0.2781392242	0.1809152989	-0.0454862108	-0.052319765	-0.0926286786	-0.0815191258	-0.186756416	-0.1208162939	-0.1413751937	0.0921995373	-0.1686062342	-0.1263789801	-0.0950649363	0.0929226147	-0.0893877684	0.08451337	-0.0783724666	0.0	0.0219131911859875	-0.0061023860114061	0.0004801879479536	3.723911503220603e-05	0.1447227327581117	-9.36370209109194e-06	8.767891685071957e-11	0.0209446693769758	-0.0614646543818224	0.0050323975460599	0.0037779037382768	2.532502506159068e-05	0.0019260003080451	-0.0003250020536898	1.056263349026525e-07	3.70947718658982e-06	-0.0004060021403839	-0.0003410013027415	1.1628188847141269e-07	1.6483773799630806e-07	-2.109031787185761e-06	-1.1822941870213858e-06	4.448015079359965e-12	1.3978195446645596e-12	0.0	0.0	0.0	0.0	0.0	0.0	0.0	0.0	0.0
8372.088906673189	10.553751874454974	111.38167862756188	70091872.66124026	6144.399345435906	15.806835724939448	37753643.31619319	249.856055635222	5322.089157757983	6.0493358190487925	36.59446385162673	28324633.00312508	5150.574282082254	8638.130893656988	1.435075	27.232374	0.1498914231253356	0.0842173155013127	0.1377050172	0.0493965839	-0.0481153608	-0.071352863	0.0225978648	0.0054360863	0.0615983415	0.0263083659	0.0447800422	0.0214578771	0.0084533648	-0.0730637148	-0.1110046174	-0.0717134703	0.0221764888	-0.0532902642	-0.0598643294	-0.1281680955	-0.050433267	-0.0835534025	-0.0098574367	-0.0151554393	-0.0379257943	-0.0145595275	-0.1663109691	-0.1554958583	0.0425024591	-0.0801298727	0.0865753448	0.0840100638	0.1099626607	0.056337086	-0.0503137455	0.0164638151	-0.0768355588	0.0918952507	0.035623314	-0.0204195832	0.0477781969	-0.0520426322	0.0407529091	0.0624420513	-0.0843326947	-0.0857617716	-0.1505245612	-0.1081834746	-0.0576367324	0.0421583461	0.0603284276	-0.0802175626	-0.1608297905	-0.0140148254	0.0179938034	-0.0893352082	0.0146126157	-0.1595665757	0.044680295	-0.0292804672	0.080715795	0.0370973032	-0.0190821953	-0.1240811938	0.0034326854	0.00189404	0.0427655769	0.03858629	0.060305109	0.0237175311	-0.0325310267	0.0671524747	0.1149025261	-0.0866066376	0.0107916901	-0.0897476528	0.0183552324	-0.015382195	0.052761464	-0.0147641848	0.1318614957	-0.0163225363	0.1095228804	0.0852920166	-0.0186517752	-0.030108943	0.0210451356	-0.0654005501	-0.0185261328	0.0400430581	0.0060721958	-0.1594543904	-0.0732956859	-0.0754094703	-0.0336770623	-0.0464303326	0.0122677801	0.0060228704	-0.0126941562	0.0028799657	0.0293097114	-0.0197590799	0.0385597749	0.0416154299	0.0235237983	0.095223724	-0.1499808095	-0.0450611073	0.2216009293	0.0078294569	-0.0185151888	0.0906260548	0.0830266736	-0.1570651006	0.1582282125	0.0314939372	0.0064407902	-0.0731460642	-0.0060399908	-0.167057174	-0.1232493506	0.0103662205	-0.0958922327	-0.0259086988	-0.0090198817	-0.0811885008	0.0497477586	0.0143793464	-0.0771220633	-0.1461360686	-0.0139197992	-0.1164970752	-0.0163554338	-0.0478171133	0.0603015913	0.0894381235	-0.065946157	0.1335371208	-0.0191091357	-0.0068795303	-0.0965688219	-0.0734327496	-0.0358826388	0.0960242758	0.0072406064	-0.0917175759	-0.063266928	-0.0025476	-0.0728942655	0.0856289959	0.0167514928	-0.016710068	0.0607989113	-0.0656976558	-0.0033118048	-0.0062163578	-0.0433975026	-0.0889694978	-0.0198595516	-0.0644670956	0.053405744	-0.03640231	-0.0127312146	-0.0583302271	0.0234870673	-0.0592323652	-0.113911336	0.1054792169	-0.0111085273	0.0100696659	0.0362938376	0.1459922776	-0.1066429812	0.0454766696	0.1595771307	-0.0542622949	-0.1150208249	-0.0879851255	0.0714684977	-0.1532779285	-0.1048218501	0.0537106071	-0.1192258888	0.2402705227	0.2605965928	-0.0334350539	-0.0098613985	-0.0996503609	-0.1752455929	-0.1155087473	0.1819405802	-0.2212702259	0.2068383913	-0.1529996307	-0.0235059804	-0.0952237168	0.0935535044	-0.0907914833	0.0869698875	-0.0821333167	0.0	0.0181999291517485	-0.003713262034239	0.0003312374211286	1.3788314934920774e-05	0.1174627587732288	-0.0272599739848829	0.0007431061816564	0.0137974996986177	-0.0208422380249544	0.040622416356868	0.0004343988858888	0.0016501807106707	0.0006599388282056	-0.0012660614798395	1.6029116707333843e-06	4.3551925697338043e-07	-0.0004070992002216	-1.0970598376999871e-06	1.2035402874943221e-12	1.6572975882106637e-07	-0.0003008659070969	-0.0002987568753097	9.052029405324048e-08	8.925567054482417e-08	0.0	0.0	0.0	0.0	0.0	0.0	0.0	0.0	0.0
8363.552132019146	-8.536774654043256	72.87652149391536	69949004.265002	6109.4867790563785	-34.91256637952756	37325828.70346468	1218.8872912049185	5326.125981022691	4.036823264707891	16.295942070486877	28367617.965724923	5152.697019962372	8542.645893319628	1.214262	23.042166	0.0461111171347993	0.0231978330570043	0.100918995	0.0081583112	0.0478350142	-0.050898837	0.0219107679	-0.0887822442	-0.0298009648	0.0865790917	0.0078076037	0.0748131908	0.0125947406	-0.0088351458	-0.0414434611	0.0814675984	-0.0268097302	-0.0670891286	-0.0475913528	-0.0143395183	-0.0047681642	-0.0704570676	-0.0740566559	0.0636568071	-0.0640057589	-0.0340811642	-0.0164139992	-0.065621972	0.1278145906	-0.0346059553	0.0633913439	0.1487069512	-0.083886085	-0.0078898625	-0.0478027087	-0.0261732434	0.024578294	0.1069952998	-0.1004217577	0.1353040987	-0.0686368172	-0.1021423466	-0.0752520007	-0.0135001984	0.064943429	-0.1065648188	-0.14182914	0.1958252929	-0.0335576602	-0.0167297468	-0.1409676313	0.0251211647	-0.0697278467	0.0642620158	0.1306278498	0.0138914737	0.0369690283	-0.0378810447	-0.0965182219	0.0542517666	0.1193198909	0.0379980346	0.0568244937	-0.0637732788	0.0062061955	-0.0613973904	0.1133429967	0.0458307017	-0.0629617598	-0.1181610047	-0.0195903391	-0.1171984573	-0.075571788	0.0567912354	0.0744550317	-0.0362076289	0.0139509731	0.1231499822	0.0085773457	-0.1719497277	0.1369225378	-0.0505066979	0.1219524826	-0.0753117506	0.0051344181	0.0567368956	-0.04704728	-0.0618919987	0.0393518208	0.0257915871	0.0652848549	0.0703772878	-0.0572424062	-0.0447581628	0.0426412626	-0.0198478713	0.0128798446	0.0413872371	0.0131860547	0.047551012	-0.0647316707	0.0116178415	-0.0870091234	0.0302110623	0.0078851315	0.0294491924	-0.0939395152	-0.1215126325	0.1258434864	0.0528053962	-0.1211832519	-0.075572821	-0.0429601737	0.0157908859	0.0457028362	0.1239689266	-0.0441666252	0.049695759	0.0428213843	0.1071086571	-0.1130565913	0.037934469	0.0398221252	-0.1217710647	-0.0530390183	0.1097797868	-0.0059350171	-0.0945907086	0.0640579629	0.008521359	-0.024728226	0.0497330313	0.0062185553	-0.2178596767	-0.0780850063	0.2054206895	-0.0600354203	0.0156988596	-0.0790692517	-0.0082030483	-0.0274634738	-0.0783259709	-0.0325707385	0.0062898543	0.1067378297	0.1001482104	0.144627108	0.0011789371	0.0017477062	-0.046894466	-0.0193841609	-0.1611879826	0.1473325523	0.0861727844	0.0127364029	-0.026667087	-0.0488430262	0.066427694	0.1332886018	-0.0630973897	0.0333015986	0.0246114332	-0.0385330027	-0.1253832822	0.0352678728	0.0044672317	-0.0785349775	0.0332109545	-0.0083383558	-0.0751501302	0.0631634304	0.1042059811	-0.1155529827	-0.0159646463	0.0600060621	0.0313071485	-0.0707370845	-0.1082790792	0.013347616	-0.0663015177	-0.0591107728	0.0433224396	0.1213245465	0.1088061769	0.0756707991	0.0525537359	-0.0406991521	-0.0617489019	-0.0557377278	0.0029977133	0.0594468647	-0.0383119772	0.0494832823	0.0244065992	0.0541471603	-0.095362722	0.094106684	-0.0920255275	0.0891374998	-0.0854679228	0.0	0.0194503005907762	0.0012503714390276	0.0003783141930715	1.5634287355362003e-06	0.1276641448300353	0.0102013860568064	0.00010406827748	0.0162981338751842	-0.0255677364666695	-0.0047254984417151	0.000653709148029	2.233033552265184e-05	0.0010319326414098	0.0003719938132042	1.3837939706220126e-07	1.0648849764070068e-06	-0.000570122418118	-0.0001630232178964	2.6576569573297123e-08	3.250395716407157e-07	-0.0002372057142525	6.366019284440003e-05	5.6266550874038686e-08	4.052620152986201e-09	0.0	0.0	0.0	0.0	0.0	0.0	0.0	0.0	0.0
8350.895702562573	-12.656429456572369	160.18520658919277	69737459.03507805	6091.260988909214	-18.225790147164844	37103460.43500725	332.1794264884911	5319.198742167612	-6.92723885507894	47.98663815531538	28293875.25867751	5146.372249767979	8470.87619410082	1.051319	19.950113	0.0286047192131519	0.0154764083265247	0.066640216	-0.0638865844	0.0409487795	-0.0617480451	0.014972518	-0.1069647626	-0.064249653	0.095141667	-0.1058143073	0.0246672388	0.0075941002	-0.0930938025	0.0050292431	0.0003324785	-0.1076368025	-0.0265536693	0.0106265697	-0.1677889701	0.0422826279	-0.0551516532	0.0223266846	0.0836376543	-0.0356375558	0.0930328262	-0.0685165149	-0.177379427	0.0178970662	0.0093254353	-0.0794357836	0.1160097425	0.0651819296	0.0020338067	0.0160149352	0.0352867783	-0.075317089	-0.0374710726	-0.037362351	0.0452948599	0.1195513511	-0.094725735	-0.0939490516	0.0299918094	-0.0431637394	0.0325641502	0.0146302977	0.0314294505	0.0290023894	-0.0299547604	-0.0234307511	-0.0419360351	-0.1378215425	-0.018865979	0.0946604591	-0.1070803829	0.0191231855	0.0119329426	-0.0423770299	0.0830490422	0.0271123146	0.0397938413	-0.0570597851	-0.0288649836	0.0423313477	0.0592045977	-0.027522979	-0.0291071736	-0.0658645595	0.0558433231	-0.0718415859	-0.0715706351	-0.0496348773	0.0309036577	-0.0280993872	0.0866413025	-0.076995527	-0.1044991844	-0.0452580714	-0.0654861155	0.0506065247	0.0706514743	0.0132254943	0.0952871975	0.108064066	-0.0395370538	0.0733239472	0.0757082337	0.0284580131	0.1104012773	0.0990611074	0.067501791	0.1957756718	-0.031779227	0.0750400859	0.0626820343	0.0020559061	0.1029509909	-0.0860609886	-0.0517330532	-0.0804991984	-0.07068384	-0.0070207451	0.0742595127	-0.1334898482	0.0132383529	-0.036775949	0.0164478998	0.1904176798	-0.0246336639	-0.0147253438	-0.024238662	-0.0318505361	0.0384706676	0.0700322399	-0.0075939739	-0.0920477303	-0.0806382173	0.085220121	-0.0316577512	-0.0091902311	-0.0576505803	0.0099954998	0.0521329933	0.0351099701	-0.0037355002	0.0493335806	0.0024538485	0.0101394196	-0.0433702903	0.0066458886	-0.0873745838	0.0619899055	-0.0099118913	0.1027331029	0.1034937164	-0.0670980504	-0.0094498124	-0.0829064829	0.0692189714	0.0187602552	-0.122271272	0.000198314	0.0695933719	-0.0295153766	0.0550752748	0.0660702029	-0.1316357482	0.0436760359	-0.0673974317	-0.0574950977	-0.0462676585	0.0290213591	-0.1663364987	0.0265795026	0.0249612515	-0.0329326951	0.0353441583	-0.0167940906	0.0795669217	0.0696195494	0.0198884857	0.0369938953	-0.0989215071	0.0086651053	-0.0366906326	0.0435460999	-0.0366231819	-0.0997644363	-0.0161274828	0.0969335036	0.0948502726	-0.1078305623	0.0170456494	0.0798343287	0.0438434644	-0.1099157949	-0.052746426	-0.1069944835	-0.0526200424	-0.0453057848	-0.0412169992	0.0367204786	0.1675056693	-0.0020942342	0.07861956	0.0147260189	-0.0502088882	-0.0427623371	0.0522545109	0.0305133382	0.1075576625	0.0674252419	-0.017048808	-0.0268760225	-0.0954819229	0.0945816942	-0.0930875949	0.0910090062	-0.0883589795	0.0	0.0149734395431124	-0.0044768610476637	0.0002242038917512	2.0042284840089404e-05	0.1376841250586977	0.0100199802286624	0.0001004000037827	0.0189569182931791	-0.0163094771843788	0.0092582592822906	0.0002659990460277	8.571536493812189e-05	0.0009899253095432	-4.200733186659989e-05	1.764615930550659e-09	9.799521184742005e-07	-0.0006201201838311	-4.99977657131e-05	2.4997765763020373e-09	3.845490423947173e-07	-0.0002421929897635	-4.987275510999999e-06	5.8657444290582815e-08	2.48729170226203e-11	0.0	0.0	0.0	0.0	0.0	0.0	0.0	0.0	0.0
8356.658164474775	5.762461912201616	33.2059672895743	69833735.67788291	6134.913672907435	43.65268399822162	37637165.7740266	1905.5568202485936	5320.250333198212	1.0515910305994112	1.1058436956371318	28305063.60789568	5146.9744194346085	8509.874855300128	1.143023	21.690317	0.0653534667269154	0.032463354191815	0.0622769637	-0.0903511522	-0.0087644826	-0.0421454491	0.0849585178	0.0517185385	0.0935279458	-0.0636362308	-0.0751703812	-0.0269772365	-0.0140318934	-0.0700709464	-0.0538601947	-0.0220104859	0.0261035198	0.0123035371	-0.0020062569	-0.1073427908	-0.1871818941	-0.0318564847	0.0785606938	0.0452502828	-0.0213941165	0.0788573322	-0.1466359124	-0.1039244062	-0.0124696216	-0.002598418	-0.0017742519	-0.107531871	-0.055664176	0.0326862799	-0.0447651072	-0.0369262678	0.1453438458	-0.0055342647	0.0835984712	0.0180266377	0.0249487655	0.0919001259	0.0267663254	0.0667344686	0.0461556851	0.0598383367	0.0528712829	0.0387074983	0.0022619062	-0.0030323276	-0.0972070053	-0.041935356	-0.1256296415	-0.0880835769	0.0683874489	0.1194866591	-0.0632148281	0.0778669625	0.0033774629	-0.0496201346	0.0413317355	0.0170454043	0.0335226448	0.0291276693	0.0065775065	-0.0390202833	0.0901552111	-0.08648893	0.0251377111	0.0070468614	-0.0571218093	-0.0376135247	0.0240302039	0.0717567403	-0.045566326	0.0449422594	-0.0581647332	-0.0187357943	-0.017793421	-0.0963100977	-0.0118377229	-0.0138511949	0.0054155328	0.0264908917	0.0814908894	0.0995879461	-0.0993895096	-0.0091604737	-0.0766954353	0.011240379	0.0161306038	0.0314694184	-0.078416582	0.1142330957	-0.1020175409	-0.0067329971	0.0251705161	-0.1552762559	-0.1585258546	-0.08933757	-0.011920955	-0.0843380062	0.0926197278	-0.0137726485	-0.0225176419	0.065111784	-0.0704020185	0.0664276003	0.0449520502	0.1190598472	0.0544678577	0.0312732433	0.0835505311	-0.0423461321	0.0089004363	0.0284668605	0.0004600172	-0.0053828344	-0.0554739972	0.0703152177	0.0022949112	0.0490729169	-0.0096943074	-0.0350272475	-0.0647687211	-0.0164284489	-0.1049219011	0.0114984275	0.148316683	0.0888665444	0.0907901199	0.0747596586	0.1165285015	0.1442195212	0.0015880485	0.0487926502	-0.0284980787	-0.063977325	-0.038865442	0.0544911592	-0.0214222415	0.05249489	-0.0470367578	-0.0540532378	0.0995944296	0.082498835	-0.01084742	-0.0664588123	-0.0119780496	-0.0867730326	0.0005370792	-0.0514544807	0.0578285556	-0.0050947053	-0.0458806657	0.0548874855	-0.0700810776	-0.031097797	0.0301805502	-0.0075592898	0.0326059199	-0.0200783325	0.0407395598	0.1573968271	6.21596e-05	-0.0940166155	0.0251014174	0.0584847767	-0.0115967667	0.0688825967	0.090663468	0.080826961	-0.0694609015	0.0853036827	0.0739624272	0.0788603671	-0.108949734	0.0305953231	0.0341532626	-0.0540286082	-0.0592315176	-0.0565289058	-0.1021988017	0.003727318	-0.0279104194	0.0237479644	-0.0441563992	-0.006185942	-0.0232140258	0.1383370093	0.0127082736	0.0357328083	-0.0086673593	0.0230187128	0.0128644294	-0.0955812949	0.0949781404	-0.0939757006	0.0925781899	-0.0907914833	0.0	0.0177673462959688	0.0027939067528564	0.0003156785944008	7.805914943656599e-06	0.1177849378731537	-0.019899187185544	0.0003959776506453	0.0138732915897826	-0.0228079857798348	-0.006498508595456	0.0005202042153331	4.223061396521552e-05	0.001337457268321	0.0003475319587777	1.207784623719344e-07	1.7887919445846714e-06	-0.000849564776409	-0.0002294445925779	5.2644821063238545e-08	7.217603093148743e-07	-9.593225725801986e-05	0.0001462607325054	9.202997982618905e-09	2.1392201873039613e-08	0.0	0.0	0.0	0.0	0.0	0.0	0.0	0.0	0.0
8359.347967694534	2.689803219758687	7.235041361024201	69878698.44499873	6101.377545105284	-33.536127802150986	37226807.94791499	1124.6718679622045	5318.750529921887	-1.4998032763242009	2.249409867672808	28289107.19954436	5142.69691867868	8515.552262731864	1.08898	20.664789	0.0384067652457561	0.0215007868017264	0.0695234517	-0.0580881445	-0.0900182062	-0.0550164861	-0.0311890663	-0.0319488852	0.0795951343	-0.0873547	-0.0104474685	-0.0964023359	-0.0099260001	-0.0211321755	-0.0890028565	0.0625517776	0.0550435335	-0.0094692212	-0.077848472	-0.048690493	-0.0342914847	0.0588692028	0.0926385715	-0.0175602681	0.0181132509	0.0513056039	-0.1667794736	-0.078994655	0.0182198835	-0.1918484041	-0.0048387939	-0.0199330814	-0.0699982595	-0.0662475889	0.035799078	-0.0728498611	-0.052880503	-0.0012388105	-0.0123148906	-0.1019701455	-0.0421843748	0.0201714425	0.044628598	-0.0606417886	-0.0874213299	0.0178433736	0.0365749486	0.0292797199	0.0021459967	-0.072961973	0.0211078859	0.0722811008	-0.0589457968	-0.0018697932	0.0568643254	-0.0392124077	0.0198784693	0.0231885173	-0.0100238635	0.0658029623	-0.0124297649	-0.0517808668	-0.0653728562	0.0260437602	-0.0505860812	0.0207333172	-0.0119568164	-0.0208107808	-0.1039830224	0.0604702953	0.0059396681	-0.0487694844	0.1327962065	0.0239167848	0.0242014091	0.0150970015	-0.0329305417	0.0166155956	0.0362326094	0.0081034019	0.0062175947	0.0219272442	-0.1056137006	-0.0008200245	-0.0456238669	-0.1269034177	-0.1377583167	-0.0148811572	-0.0962498769	-0.0376844713	-0.1066487963	-0.1140173181	0.0204726061	-0.0015687593	-0.0442904107	-0.0208237616	0.0054559498	-0.1297460229	0.1011355675	-0.0753235383	0.0601163365	-0.0226814621	0.0564357561	-0.0981129428	0.0766690591	0.0410547513	-0.1256983636	0.0301033532	0.1277546036	0.0409647158	0.0614844429	-0.0689691682	0.0980127603	0.115890271	-0.0695076664	0.0247616683	0.0557767495	-0.0320969466	0.0214229719	-0.0451315579	0.0278233741	0.0172392828	-0.0151271906	0.0056945222	-0.064199655	0.0897862165	0.0116893628	0.0972111286	-0.0617594878	-0.020250321	-0.0393765077	0.0324773928	0.0065797336	0.0151761393	0.0971215479	-0.0149224377	-0.0317995986	-0.0924703742	-0.0519274436	0.0448046681	-0.0527906424	-0.0374627509	0.0551270065	0.0025009225	-0.0341466726	-0.0482301526	0.0812018331	0.0446857978	-0.023074763	0.0663715494	-0.0747639894	-0.0704242618	-0.0249870291	-0.0964003937	0.0329068151	0.0931680524	0.0339843644	-0.0923562269	-0.1150429598	-0.0096789056	0.0336474227	0.1282334159	-0.0029482714	0.1328948025	-0.0620884039	0.1122917621	-0.0095028185	-0.0648951565	0.0667635996	0.0111790573	-0.0721630494	0.0896029482	-0.0348351288	0.1346655219	0.1184796965	-0.0016133462	-0.0311637661	-0.0527468229	-0.0123478222	-0.0973391025	-0.0643404942	-0.0538086877	-0.0727327742	-0.0475432798	0.0001349245	-0.04950782	0.0336302558	-0.0533012329	-0.0762502819	0.1333716987	0.0148665817	0.0052447256	-0.0394937316	0.0390788907	0.0225579491	-0.0956608172	0.0952956932	-0.0946881851	0.0938398382	-0.0927528101	0.0	0.0150151341296975	-0.0027522121662713	0.0002254542529328	7.574671808171767e-06	0.1188483348377644	0.0010633969646107	1.1308131043432609e-06	0.0141249266937093	-0.0204060305352697	0.0024019552445651	0.0004164060822063	5.769388996893797e-06	0.0012227831083521	-0.0001146741599689	1.3150162964572878e-08	1.4951985300712237e-06	-0.0010577537251779	-0.0002081889487688	4.3342638389499634e-08	1.1188429431277243e-06	-0.0004168531659264	-0.0003209209086683	1.737665619428628e-07	1.0299022962053881e-07	0.0	0.0	0.0	0.0	0.0	0.0	0.0	0.0	0.0
8358.337645734124	-1.010321960409783	1.0207504636862672	69861808.20009625	6097.217888371862	-4.159656733422708	37176065.97828183	17.30274413990887	5317.915139928626	-0.8353899932617423	0.697876440841854	28280221.435482096	5141.137408090723	8520.39799653249	0.861371	16.34561	0.0437175183977239	0.0280293910129678	0.0357607617	-0.0377125799	-0.0930313908	-0.044539516	-0.0063605952	-0.0760606841	0.0514865151	-0.0699485504	-0.0039642899	-0.1075259987	-0.0129973503	0.0133071462	-0.0063033228	0.1242473864	0.0599034747	-0.0172532275	-0.0446597072	-0.0807624905	-0.0275256738	0.1079927286	0.0855932405	-0.0328230467	-0.0038598275	0.0847302199	-0.0676313861	-0.0470291135	-0.0159574955	-0.0946748589	-0.0021441456	-0.0309918266	-0.0125889638	-0.1344867327	0.1177823463	0.0251216578	0.0825624702	0.1506863698	-0.1265324193	0.0130843523	-0.0422687722	-0.0144309767	0.109971208	0.0098002564	0.0096119401	0.0408635403	0.0066368343	-0.0636387469	-0.0969847576	-0.1176359213	0.018018673	0.0655373942	0.2087371003	0.1104699025	0.0485889416	0.0306886428	0.0722209591	0.0424862166	0.0487011377	-0.0288937157	-0.064143879	-0.0139535358	0.0571765653	0.1080469449	-0.0442096716	0.0119493121	0.062200971	0.0773334257	-0.0208347396	0.0376728718	-0.0027424825	-0.0130569216	0.0458097281	0.0200525739	-0.0026086458	0.0516534263	-0.0064315111	-0.0427921202	0.0549719882	-0.088682675	-0.0125120928	-0.1095037218	0.0107219048	0.0175689553	0.0800139764	-0.0664852385	0.051704437	0.1401473764	-0.1130828568	0.0440684374	-0.042967279	0.0122869358	0.0070175793	-0.0421987652	-0.0022312391	0.0594190056	-0.0872832957	0.0567764669	0.0411639095	-0.0460740241	0.0694911492	-0.0254875095	0.0049911618	-0.1103076153	0.0460178227	-0.0068013384	-0.0928926378	0.0677081118	0.0569350674	0.0291738953	0.1104892842	-0.1650598923	-0.0033090731	0.0618121164	-0.1294688779	0.0631779231	0.0028722621	0.0187889889	0.0665298487	-0.0271009647	-0.0131751385	0.0177799487	0.0284524585	0.1200516493	-0.1972052094	0.0698679492	-0.0308255401	0.0062591908	-0.050493516	-0.0014203738	-0.0048569232	-0.022229141	0.0212939027	-0.1159717747	-0.0942445034	-0.1286828156	0.0157664203	0.0087161176	0.0319057733	-0.0398184185	-0.0237534361	0.0515189952	0.0328006014	0.0135951841	-0.0524065987	7.59236e-05	-0.0517940089	-0.0343938778	0.1013917031	0.0349774215	0.0482895186	-0.0229995751	-0.0191726457	-0.0150790681	-0.0066750696	0.0051131438	-0.0620234998	0.031686555	-0.0870729146	0.0886803646	0.1567824987	-0.0553791052	0.0486662698	0.1048288844	0.01394911	0.0962091825	-0.0344685182	0.1568326909	0.0778837676	0.0730516559	0.0408145794	0.0769367828	-0.023567596	0.1096277819	0.1182971057	-0.0180213266	-0.0472651064	-0.0278122577	-0.0834830005	-0.0673953109	-0.0675997047	-0.0588595973	-0.0165516129	-0.0987109018	-0.0437926261	-0.0641022634	0.0081159696	0.0062106752	0.047632713	0.1670566471	0.0120573913	0.124224722	-0.0026689171	0.0705281011	0.03942301	-0.0957204735	0.0955340889	-0.0952237168	0.0947897599	-0.0942327815	0.0	0.0130242961924693	-0.0019908379372282	0.0001696322913091	3.9634356923070345e-06	0.1448438867596024	0.025995551921838	0.0006757687197209	0.0209797515316285	-0.0222919130146124	-0.0018858824793427	0.000496929385851	3.55655272589178e-06	0.0011808590946137	-4.19240137384e-05	1.7576229279375521e-09	1.394428201331887e-06	-0.0009396797460383	0.0001180739791395	1.3941464549858677e-08	8.829980251146041e-07	-0.0002999462376181	0.0001169069283083	8.99677454612537e-08	1.3667229886482002e-08	0.0	0.0	0.0	0.0	0.0	0.0	0.0	0.0	0.0
8361.512392080127	3.174746346003303	10.079014361461326	69914889.48290953	6094.573542808419	-2.6443455634425845	37143826.66870037	6.99256345889848	5320.366694758559	2.451554829933229	6.010121084168945	28306301.766696118	5142.266650407536	8561.121607591876	0.926655	17.584465	0.0365263962989761	0.0228262757815643	0.0482933432	-0.0297560012	-0.109719777	-0.0217515256	0.0299226706	-0.0878134587	0.0624930839	-0.0554892367	0.0356648096	-0.1178787396	-0.0155242939	0.0209373646	-0.0355030388	0.1643849866	0.0042851166	-0.022187587	-0.1676023652	-0.0293358995	-0.0647464316	0.164482773	0.0967059203	-0.0454336732	0.0088794194	-0.0370896514	-0.065730194	-0.0731988433	0.0214843194	-0.1230090743	0.0690789228	-0.078056218	-0.0215626006	-0.0622003666	-0.0551895381	-0.1444563913	0.1850906429	-0.0508786723	-0.0302578781	-0.1064396007	-0.0655026972	-0.0700059719	0.0218716854	0.0100172556	0.1248135233	0.0839628946	0.0067174602	-0.0155606742	-0.090642314	-0.0797792037	0.058710106	0.0068820731	0.0985485121	0.0768931585	0.0108064307	0.0154673427	0.0071420883	-0.0734807881	0.0127369943	0.0332522688	0.0389418774	-0.0210855677	0.0427972614	-0.0469557553	-0.039046929	0.0554820446	-0.0149046719	0.1064812847	0.0196566458	0.0349664167	-0.0536927874	0.1076558978	-0.066557671	-0.0248700131	0.0032428076	-0.0080554584	0.0851797975	0.0646040593	0.0574965857	-0.0192741926	-0.1430602222	-0.0143206271	-0.1103665461	0.0088762216	-0.0150233289	-0.0041646674	0.0725748066	0.0120151923	0.0467532938	0.0880401374	0.0401483246	0.1338340818	-0.0850890686	0.0261169941	0.0925710911	-0.0631090244	-0.006488052	-0.077070606	0.0255182165	-0.0451873824	0.0885012282	-0.0109978532	0.0177342238	-0.10395254	0.1001010035	-0.0198114753	-0.2026318243	0.0199589627	-0.0190028816	0.0142127939	0.0642241906	-0.1333167032	0.1004637447	0.0235805074	-0.0868905706	0.1159201744	-0.045297879	0.0126559188	0.0370903039	0.0085078757	0.0599934716	0.0022202352	-0.0450433018	0.0218651326	-0.0625871462	0.0448018636	-0.0249727582	0.0527297354	-8.69028e-05	0.1111168938	-0.0643356753	-0.0302767129	-0.1152729008	-0.000434894	0.0862391387	0.0166555363	0.0283693074	-0.0732371319	0.1311474816	-0.0779452533	-0.0426315479	0.0075538078	0.0376182678	0.011534468	-0.1283043031	0.079381367	0.0168435472	-0.0271438464	-0.013305117	0.0625424841	0.0523051729	0.0928009832	-0.09777367	0.074447573	-0.0845989808	0.110915796	0.0399167978	0.1112768684	0.0519146078	-0.0403213807	0.0161649036	-0.0718858188	0.0215060308	-0.0194450413	0.0239328581	0.0235282418	0.0212202388	0.0675901692	-0.0910144815	-0.0014466923	-0.0862044734	0.0689281711	-0.0110937854	0.1368857565	0.10403772	-0.002871852	-0.0527364878	-0.0363042939	0.0409649631	-0.0983262538	-0.0697270112	0.023282131	-0.0140092149	-0.1037264831	-0.0145421441	-0.0805236972	0.0414864002	0.0610887133	0.0669335645	0.0934398058	0.0645665169	0.1230681056	-0.1081673231	-0.0325333389	-0.0663851249	-0.0957602511	0.0956931295	-0.0955812949	0.0954247996	-0.0952237168	0.0	0.0110511625837972	-0.0019731336086721	0.0001221281944535	3.893256237671387e-06	0.1252841522562278	-0.0195597345033746	0.0003825832138425	0.0156961188065616	-0.0256534982671468	-0.0033615852525344	0.0006581019733425	1.1300255410056764e-05	0.0013418504668188	0.0001609913722051	2.5918221924481096e-08	1.8005626753018315e-06	-0.0010112031128071	-7.15233667688e-05	5.1155919939442835e-09	1.0225317353507686e-06	-0.0002998221179041	1.241197139999987e-07	8.989330238450005e-08	1.5405703403441467e-14	0.0	0.0	0.0	0.0	0.0	0.0	0.0	0.0	0.0
8365.053316392428	3.5409243123012857	12.538144985446332	69974116.98608796	6126.141128767782	31.567585959362987	37529605.12958019	996.5124833017712	5321.623841483638	1.2571467250791102	1.5804178883771318	28319680.31024707	5146.7619649481485	8564.378956106872	1.042975	19.791782	0.0510531781960957	0.0260036862907651	0.0453955376	0.0066424429	-0.099470294	-0.0229347386	0.0911720355	-0.064365999	0.035170141	0.0494717623	0.0781634126	-0.1163225133	-0.0265788284	0.063205723	-0.000414575	0.0170172975	-0.0145858967	-0.0838866561	-0.1288565148	-0.1002837114	-0.0186347931	-0.003060451	0.0406650266	-0.0900025433	-0.0251173455	0.0018863713	-0.0754112202	-0.0626365801	0.0857022148	-0.0252530865	0.0498250878	0.0410709685	-0.049652619	-0.1008292793	-0.0775728098	-0.0943401738	-0.0094265922	0.0201179454	0.0476974912	-0.0202862579	0.0124912527	-0.0230348485	-0.0045272399	-0.0071139831	-0.008579219	0.0158578881	-0.0174797761	0.0011216209	-0.0906985307	0.1343291346	-0.0302967261	-0.0259261833	0.1045566571	-0.0190013307	-0.0487583018	0.0543960779	-0.0414994994	0.0579544426	0.1039095835	-0.0362329018	-0.0738794802	-0.0890425201	0.0231285545	-0.0190206341	-0.0028046006	0.0842060392	0.0183948872	0.0593208185	0.0733859713	0.0700204488	0.0032110921	0.0305678912	-0.0339653071	-0.0330255908	-0.0541017077	0.0047058062	-0.0198059731	0.0109035882	0.0942708984	0.0385462678	-0.0429269074	0.0406502192	-0.0444617266	-0.0674932901	-0.1102627208	0.0086609314	0.0865800406	-0.0625697523	0.0567275259	-0.0099858274	0.019119332	0.0113821723	0.1319998541	0.041518651	-0.0508429237	-0.0370278625	0.0249859448	-0.0608328126	-0.0184102697	-0.0113063987	0.105483036	-0.016817893	-0.0485029902	0.0079560652	0.0778838309	-0.0572395245	-0.1107913067	-0.0097348247	0.0665180333	0.0362311229	-0.0358483096	-0.0380659806	0.0898971021	0.0920205073	0.0879013664	0.0738129118	0.0756558329	-0.0005431917	-0.0049862761	0.0049363514	0.0185110048	0.0380511117	-0.0050114101	-0.0392705701	0.0025738636	0.0809735741	-0.0784430816	-0.0123171699	0.0131067414	0.0190506244	-0.0677877099	-0.0264848301	0.0237372755	0.0398595315	0.0468895601	-0.1221816856	0.0462437423	0.0246475296	0.0297059032	-0.0703441916	0.0124193803	0.0398167659	0.0295606618	-0.0082381553	-0.0199430427	0.0395856376	-0.1357097524	-0.0601492304	-0.0205856059	0.0013497454	0.0302229022	0.1338314148	0.0087896487	0.009802472	-0.0521953796	-0.0226779705	0.0253842936	0.0748818382	-0.0914001173	-0.0969476479	-0.1302962388	-0.0195864188	-0.0555664123	-0.0209141234	0.0964353398	-0.0200038613	-0.0081639849	0.0140565337	-0.0052346053	-0.0093511955	-0.1302794164	0.0672008583	-0.0324532496	0.0961098897	0.1036817778	-0.0498998905	-0.0186162968	-0.0337400509	0.0381870206	-0.0596195249	-0.0304273272	0.0338402817	0.1202704941	-0.025907732	-0.0565047026	-0.085969727	0.0468318795	0.0649492428	0.0911400172	0.0753513078	0.0217069236	0.1133895483	-0.050631105	0.0756869248	0.0216229056	-0.0957801421	0.0957726828	-0.0957602511	0.0957428477	-0.0957204735	0.0	0.0117168423666385	0.0006656797828413	0.0001372843950446	4.431295732836418e-07	0.1460665902388882	0.0207824379826604	0.0004319097285031	0.0213354487840152	-0.0313267958053558	-0.0056732975382089	0.0009813681354304	3.218630495704829e-05	0.0011907895510877	-0.0001510609157311	2.2819400261518517e-08	1.4179797549796462e-06	-0.0008687892397392	0.0001424138730679	2.0281711242199955e-08	7.547947430866171e-07	-0.0004849825869528	-0.0001851604690487	2.3520810964743026e-07	3.42843992983346e-08	0.0	0.0	0.0	0.0	0.0	0.0	0.0	0.0	0.0
