trial_type.audcontrol	trial_type.audaffix	trial_type.audroot	trans_x	trans_y	trans_z	rot_x	rot_y	rot_z	c_comp_cor_00	c_comp_cor_01	c_comp_cor_02	c_comp_cor_03	c_comp_cor_04	c_comp_cor_05	c_comp_cor_06	c_comp_cor_07	c_comp_cor_08	c_comp_cor_09	c_comp_cor_10	cosine00	cosine01	cosine02	cosine03	cosine04	intercept
-4.8201825583124345e-15	-2.349599216554732e-10	-5.964636391331449e-06	0.0811986086424841	0.0321985965004352	-0.0681378754425601	0.0031738063262001	-0.0010661172457215	0.0015031980358351	-0.0065920351999998	0.0520636188000004	-0.0736686873000006	0.0506069601000002	-0.1180530591000008	0.0447517069000006	-0.038963947500001	0.0096951890000004	-0.057639000700001	0.0869063864000011	-0.0993022266000006	0.0955612383000012	0.0955538639	0.0955415737000004	0.0955243683000002	0.0955022485000005	1
2.5351196349888207e-14	5.379235244405683e-10	1.3581998992236962e-05	0.0781567047911004	0.0216546451530777	-0.0727475437069388	0.0039572543296284	-0.0011193859961224	0.001322722295003	-0.0344257687000001	0.0086094772999998	-0.0010189308999997	0.1296361242000012	-0.0931432560000006	-0.0292032057000002	0.0323610999000002	-0.0643245487000006	0.0393880776	0.0533500610000007	-0.0406356886	0.0955415737000014	0.0954752155000003	0.0953646527000006	0.0952099364000005	0.0950111383000007	1
-4.2849815791437953e-14	-1.1757064883292004e-09	-2.9485424453307998e-05	0.0645189494006241	0.0492917320160869	-0.0726912629481827	0.0039379865295247	-0.0008758844875919	0.0010767294041296	0.0509821526000006	0.0562903746000004	-0.0710975559000005	0.0082110673999998	-0.0776957727000008	-0.086785192200001	0.0855918534000007	-0.1109904934000012	-0.0284705749000006	-0.0554033286000005	-0.0333037237	0.0955022485000013	0.0953179834000004	0.0950111383000007	0.0945821078000006	0.094031443500001	1
1.0075913923751304e-13	2.399020092878443e-09	5.935055064667691e-05	0.0445609066145224	0.025215458235607	0.0087784626165915	0.0025483080430325	-0.0014009469020916	0.0004332859081661	-0.0649132430000007	-0.0506900726000005	-0.1040993747000009	0.0785002337000006	-0.088959611100001	0.0761109239000009	-0.0269932259	0.1915501398000019	0.0346638841999998	-0.0610969942000004	-0.1784997607000014	0.0954432708000007	0.095082297100001	0.0944816852000013	0.093642948800001	0.092568201900001	1
-1.7523078525986717e-13	-4.349408117432018e-09	-9.77863886040024e-05	-0.0323539153920522	0.0119276467561205	0.0382573850512113	0.0025737916370666	0.0017183270193806	0.000249788901368	-0.0338507460000003	0.0204051849	0.0325830120000003	0.0731299746000008	0.090002399600001	-0.1341094361000014	-0.119719390100001	0.094269551500001	0.1049918430000007	0.072596654800001	-0.1364367770000009	0.095364652700001	0.094768350400001	0.0937772737000013	0.0923955510000012	0.0906289382000011	1
2.664193128298561e-13	6.0153061065571984e-09	0.0001091929362703	-0.006405839737653	0.0170563956849734	0.0031040998932785	0.0029477747071418	0.0010921363458114	0.0004298918980631	0.1019216224000012	0.0782810655000008	-0.0236746090000002	-0.0238149715000005	0.076988933800001	-0.0314075133000003	-0.0388731547000004	-0.0048484411	0.1115986005000012	-0.0383849831000001	-0.0655341192000003	0.0952664105000003	0.0943764019000005	0.0928992083000008	0.0908440203000007	0.088223624800001	1
-1.1830190144800624e-13	-1.1082172856542731e-09	-0.0003135868919461	0.007879174884579	-0.0119158450915103	0.007871046570998	0.0029469300990539	0.0011759498486926	0.0009797705522665	0.107494025200001	0.0134170286000001	0.0003275068999998	-0.0904604384000015	-0.0049484974000002	0.0617635669000007	-0.0741290897000006	-0.0497844192000006	0.0545671707000002	-0.230727365700002	-0.0927355652000006	0.0951485641999997	0.0939067741000003	0.0918491150000006	0.0889934638000009	0.0853646308000009	1
-1.1903144588902177e-12	-3.62435026642136e-08	0.0218099962717711	0.013025375477398	0.0076671859550419	0.0175639851068628	0.0025220035755	0.0010811669443427	0.0009231381931267	0.0574866882000006	-0.1144617392000012	-0.0017318084999999	-0.0315864532000005	-0.0836897351000011	0.0291965902000003	-0.0663526599000003	0.0506901081000004	0.0372307263999999	-0.0259257124	0.0844540173000012	0.0950111383	0.093359853600001	0.0906289382000011	0.0868499729000009	0.082066658300001	1
7.1150622582587924e-12	1.976054801328353e-07	0.2633463207777883	0.0332352762510494	-0.0080906290132399	-0.0010889479763405	0.0029999481226086	0.000804590756268	0.0013922972699123	-0.0996465606000008	-0.0395484986000002	0.0619564204000005	0.0063005876999997	-0.0575169639000007	-0.0446135224000005	-0.0594160495000005	-0.0780760843000008	0.0652915829000004	0.0289997052000005	-0.0385855030000002	0.0948541610000003	0.092736090600001	0.0892409375000011	0.0844206031000009	0.0783466667000008	1
-2.890134387351863e-11	-7.817640390126248e-07	0.6745824132350791	0.0154333044242359	0.0251009070673825	-0.0362508968244119	0.0030083515297772	0.00029208201809	0.0010510629362288	-0.0231046146000002	0.1036049859000014	0.0028175619999997	0.0132767565000003	-0.0051723455000003	-0.0439195679000005	0.0826563745000006	-0.0365023214000003	-0.0479910575000002	-0.0222991387000004	0.0218291478000001	0.0946776645000006	0.092035998300001	0.0876876832000014	0.0817133510000013	0.074223785600001	1
1.0169706775293464e-10	2.713632957008767e-06	0.9758371116423062	-0.003113936574649	0.0562584719450133	-0.0908854834973045	0.0033908575576199	0.0002877829372627	0.0010510160680626	0.1109917406000011	0.0596628245000008	-0.0548021308000011	-0.0848306503000005	-0.0286241858000005	0.0870272901000007	0.1008461511999998	-0.0041542999999997	0.0007119878000007	0.0211260763999999	0.0860083142000006	0.0944816852000012	0.0912601531000003	0.0859720514000012	0.0787371281000007	0.0697192167000006	1
-3.3062875569480593e-10	-8.748365643323788e-06	1.112903517016256	-0.0031433735627501	0.0341846703578172	-0.1023569485102069	0.0036129279858245	0.0001568999957476	0.0010512207235666	0.0051183373999998	-0.1120595018000007	0.0394944156999998	0.0045446155000006	-0.0866041170000014	0.116048055200001	0.1661148643000009	-0.0858653219000009	-0.0084405413999994	-0.0602948655000012	0.1217339093000005	0.0942662634000015	0.0904091936000011	0.0840972192000014	0.075501730800001	0.0648561241000007	1
1.0193384929938911e-09	2.6813161344523447e-05	1.1447259515132655	-0.0030989512323742	0.0456930498646389	-0.1087261223494263	0.0035049525074466	0.0001117065726578	0.0009738077408068	-0.1000385637000009	-0.0208514655999998	0.0781285727000002	-0.0022122204999994	-0.0518292723000008	-0.0097708259000004	0.0917225998999997	-0.1083232047000008	0.0897283207000017	0.0600482207000001	0.0436559744999998	0.0940314435000022	0.0894838202000004	0.0820666583000013	0.0720178090000007	0.0596595157000005	1
-3.0238513810622802e-09	-7.932093514891626e-05	1.1257919341801668	-0.0198760837957222	0.0915964947096924	-0.099095502246686	0.0029478906852587	0.0003429512207519	0.0006449954649275	0.0461993316000002	0.1290836501000016	0.0063457314999996	-0.0105510833999992	0.0207771732000001	0.0098469074999998	0.0922002813999996	-0.0423015810000001	-0.0981759098000003	0.0143715270999995	0.0519674857999999	0.0937772737000026	0.0884847944000004	0.0798841288000012	0.0682968306000006	0.0541561147000004	1
8.712386015624427e-09	0.0002292600055699	1.0892467140896285	-0.0263263994919504	0.0563631671706445	-0.0777509557082979	0.0029478941048189	0.0003539513621001	0.0006449805120403	0.0790135250000009	-0.0934914530000006	-0.0814469164000014	0.0078372357000006	-0.0647900502000011	0.0823580678000006	0.1113101419	0.0153163082000004	0.112154182700002	0.0916802160000005	0.0963567516000004	0.0935038064000014	0.0874129386000009	0.0775536723000015	0.0643510435000008	0.0483742215000005	1
-2.4495538176627692e-08	-0.0006246326792966	1.0554533885390414	-0.0263369922571578	0.0223368805153963	-0.0697138529906467	0.0030323903136907	0.0003619791280492	0.000644953083621	-0.0784702339000007	-0.0340353100000001	0.0030131899999994	0.046301617600001	-0.0008570080000004	-0.0050172236000002	0.0701025793999997	-0.0952016799000008	0.0263901537000008	0.1650915614000014	-0.0742516207000013	0.0932110979000013	0.0862691351000009	0.0750796043000015	0.0601934360000008	0.0423435691000003	1
6.7399893433171e-08	0.0014982552356962	1.0281138210759806	-0.0819767638393387	0.0514379388937554	-0.0597450165908255	0.0026045915454308	0.0004915291074072	-0.0003621402849335	0.0799058188000007	0.0925311520000012	-0.0442636450000009	0.0108020670000007	0.0445655275	-0.0093660917000003	0.1234538697000005	-0.0566018528000003	-1.2906299999138778e-05	-0.0015610832000003	0.0254591355999996	0.0928992083000011	0.0850543252000012	0.0724665061000015	0.0558376933000012	0.0360951694000006	1
-1.817932054039986e-07	-0.0011345635715715	1.0154410098800697	-0.0666642647595827	0.0220991157644897	-0.0431882366200975	0.0023649846470738	-7.201307571431008e-05	-0.0004334160669432	-0.0480722026000006	-0.0856052936000006	-0.0392807074000009	-0.0514408930000001	0.0473304238999999	0.0929249010000008	0.0889038733000001	-0.0232339514000002	-0.0920605050000003	0.0613076342000003	-0.0852021033000016	0.0925682019000008	0.0837695089000011	0.0697192167000017	0.0512981531000009	0.0296611541000002	1
4.810337171901037e-07	0.1171965703912818	0.8890445245989963	0.0322142867436689	0.0222097236981822	-0.0269462501480144	0.0019958093262594	-0.0004049938131453	0.0015099025799018	-0.0572876720000005	0.0332919396000007	0.1039283452000007	0.0193810595000005	0.0051437276999997	0.0096330978	0.1322770028000008	0.0067227883000003	0.1056286969000015	0.0295516933000002	0.0303483100000001	0.0922181468000013	0.0824157435000008	0.066842823300001	0.0465897578000007	0.0230746094000003	1
-1.2486792324890062e-06	0.4876600687498333	0.5147955507343676	0.0122051097245631	0.0427048757749729	-0.0406957565736843	0.0013750204892359	-3.323609710069461e-05	0.0011110239767253	0.094275999200001	0.0233423525000002	0.0586201342000004	-0.0096807608999999	0.0139769077000003	0.0132737193	0.0631185838999998	-0.0556037137000003	0.094639062700001	-0.0079438024000002	0.0238906018000003	0.0918491150000017	0.0809941435000001	0.0638426524000001	0.0417280057999999	0.0163694059999999	1
3.177350752349698e-06	0.8613473736564183	0.1394929479152418	-0.0246931881593745	0.0271255011455041	-0.0153864733221252	0.000431992819607	4.207045237120051e-05	0.0003259906432969	0.0771395233000007	-0.0602995411000007	-0.0244568327000002	-0.1023791073000014	-0.0049897697999997	0.0800389239000008	-0.0084783209000008	0.0882329835000012	-0.084236699100001	0.0036555650000001	0.0516099172000009	0.0914611824000009	0.0795058788999998	0.0607242595999998	0.0367289001999995	0.0095800246999997	1
-7.912069814864252e-06	1.067551439458911	-0.0673369423242622	-0.0301857648799029	0.0214946103226201	-0.0050036262860691	0.0005619843538055	0.0002060426792975	0.0001509421172178	-0.0202092867000001	-0.1632452899000021	0.0942433164000013	-0.0096636644000001	0.0093414518000005	-0.0376761585000003	-0.0351850053000006	-0.0307296191000003	-0.0693000909000013	0.0641077005000008	0.0851704559000013	0.0910544289000016	0.0779521747000004	0.0574934193999996	0.0316088962999993	0.0027413791999996	1
1.9228801141455767e-05	1.1393500588809975	-0.1393651710831902	-0.0146202493196482	0.0213888499448263	-0.0475052869547326	0.0007679863181885	0.0003740283801531	7.385686450886333e-05	-0.1267978086000012	0.0428171412000004	0.0579952505000009	-0.0456061810000007	-0.1074483233000007	0.0187188759000003	0.0432686569000002	-0.0080384984999999	0.0175316431999998	-0.0114522157	0.0868707872000014	0.090628938200001	0.0763343095999999	0.0541561146999993	0.0263848472999989	-0.0041113636000001	1
-4.542687209585376e-05	1.1381371518277557	-0.138091135723316	-0.1382993222098933	0.0005291188115552	0.0458213095186291	-0.0002013235282504	0.0002211610396704	-0.001596977582701	0.0373320150000004	0.0105260017999997	-0.0619094680000005	0.0803985857000007	0.0387887075000006	-0.0319890953000003	-0.159092560400002	-0.0163898993000002	-0.1426803776000019	0.0537609637000008	8.252380000039545e-05	0.0901847978000001	0.0746536153000007	0.0507185253	0.0210739488999999	-0.0109429642000002	1
0.0001033326929764	1.1064943651826953	-0.1065979227557053	-0.1302851497376632	-0.0299285564981648	0.0498363064388765	0.0003790021379887	0.0006582113436867	-0.00152512540772	-0.0595455320000007	-0.1050521797000012	-0.0637680976000005	-0.0205931343000005	0.1306760053000015	-0.100430108400001	-0.0288414844000004	0.0799368675000007	-0.154100411500002	-0.0923358354000008	-0.0273660975999998	0.0897220991999998	0.0729114752000005	0.0471870167999999	0.0156936826999997	-0.0177182917000002	1
-0.0002147552515098	1.069867181556507	-0.0696523890668849	-0.1115374586491274	0.0278068814079254	0.0838475725789912	-0.0003458205399076	0.0003556747547507	-0.0010109387367281	-0.0379723232000004	0.099057940600001	-0.0109556820999998	-0.0686023498000008	0.0810565483000009	0.0064254460000003	0.0034683284000006	0.1137326101000012	0.0507702908000002	-0.0054166387999996	0.1188030755000019	0.0892409374999995	0.0711093231000012	0.0435681289000003	0.0102617584000003	-0.0244025047999996	1
0.0004024912206806	1.039352378529724	-0.0397548725934717	-0.0716176370900438	-0.0099261279991664	0.0556416566786874	-0.0003459028294263	0.0002721240854145	-0.0007159527390624	0.082588063600001	-0.0343913280000007	0.0249319254000003	0.0247366678999999	0.1297437130000018	-0.0680491564000007	-0.1125567291000016	-0.1061218328000011	0.0140348548999996	0.0156008162000004	-0.0518747006	0.0887414118000006	0.0692486424000001	0.0398685627999995	0.0047960561999994	-0.0309612306000005	1
-0.0010002327053909	1.0211729508801253	-0.0201726998348323	-0.0463635021549607	0.0189378484833462	0.0323746095306059	-0.000345930347624	0.0002830846678855	-0.0004904508545254	-0.0794294109000009	-0.0402993795000006	-0.0322776511000001	-0.0783137994000011	0.1114842125000016	-0.0224947040000002	0.0141045681999998	-0.0478356591000005	-0.0130192785000005	-0.0653023411000006	-0.0343838734999999	0.0882236248000009	0.0673309646000001	0.0360951693999994	-0.0006854330000008	-0.0373607416000005	1
0.0317217038232446	0.977490700349552	-0.0092124426206422	-0.0880521529762332	0.0281849219667969	0.0798372746123596	-0.0014410742321694	0.0004698073941342	-0.0018131642889533	0.0126418623	0.1067296893000009	-0.0010094010999998	-0.0314570394000004	0.1041285260000014	-0.0024742300999999	-0.0673000482000007	0.0557819820000006	-0.0470322463000008	-0.0125160382999998	0.0592927682000011	0.0876876832000004	0.0653578680000003	0.0322549358999998	-0.0061646659000003	-0.0435681289000002	1
0.2984573768440623	0.7053458901323274	-0.0038032577053555	-0.0768390946119559	0.0158260273826446	0.0848583537091375	-0.0022337566019502	0.0003177287879492	-0.001547647314405	0.0657835768000004	-0.1116104053000013	0.0368469755000005	0.0482943516000005	0.0966181877000013	-0.0013926030000001	-0.0600031670000006	0.1169265700000012	-0.0810485008000012	-0.1041614321000009	0.0880929507000012	0.0871336971000013	0.0633309768000004	0.0283549737999999	-0.0116236070000004	-0.0495514717000005	1
0.7092423534594902	0.2921578349098007	-0.0013999265728456	-0.0584577034822764	-0.0089240525481259	0.0680061130140793	-0.0018438950110579	0.0001310238650386	-0.0016523816156438	-0.0838024454000007	-0.0007652886999999	0.1006314612000009	-0.0305167768000005	0.0311036754000003	-0.0138476599	-0.0129788935999998	0.0327145399000003	0.1168474147000011	0.0617481587000009	0.0248100072000004	0.0865617806000001	0.0612519591000009	0.0244025048000002	-0.0170442873000001	-0.0552800014000003	1
0.9943881101860664	0.00603386108885	-0.0004234301419163	-0.0804765216352056	0.0536793692375998	0.1028503512274326	-0.0026612855631392	0.0002260507593897	-0.0019162000867714	0.0696699323000005	0.1046579495000008	0.0323296191000003	-0.0508339451000003	0.0274738247000002	-0.0358543278000003	-0.1163693580000009	0.0847144039000008	-0.1402429791000015	-0.0187902693	0.0195663823000002	0.085972051400001	0.0591225262000008	0.0204048480000004	-0.0224088639999998	-0.0607242596000004	1
1.1191878761431433	-0.1191254143511202	-5.664054686585862e-05	-0.0699447217543681	0.0110891891057888	0.1053765341600165	-0.0026591984146962	0.0002809131539947	-0.0021901329566887	0.0774627288000006	-0.1107085121000013	0.0620559189000006	0.0106497425000001	0.0324490894000001	-0.0273530042000004	-0.0999893010000008	0.0283865996	-0.0228764794000003	-0.1271767650000012	0.0223567549000001	0.085364630800001	0.0569444308000008	0.0163694060000004	-0.0276996787999999	-0.0658562496000006	1
1.1444520294358915	-0.1444772204272989	4.892518221911156e-06	-0.0607599991483165	0.0160166916122644	0.0910032622929293	-0.0028390871068064	0.0004496621673891	-0.0018748657079111	-0.0301553533000002	-0.1101223905000013	0.0852845176000007	-0.0692526032000006	-0.0027080683999999	-0.094422762400001	-0.1420889622000016	0.0851981945000009	-0.0496644048000005	0.0261821187000003	0.0270072689000002	0.0847396439000012	0.0547194656000003	0.0123036518000001	-0.0328993162000003	-0.0706495810000009	1
1.1228212625703833	-0.1227537308148005	-1.7376003523287224e-06	-0.0671849571418901	0.0307421766660662	0.1017304535344436	-0.0029885800912448	0.000453337961975	-0.0018983254665232	-0.069294967800001	0.0879322218000009	0.0885357016000008	-0.0561961458000004	-0.0398516416000004	0.0115516474000002	-0.177639539000002	0.1355399441000016	-0.0427379047000004	-0.101293933000001	-0.0215517161000002	0.0840972192000013	0.0524494619000001	0.0082151139	-0.0379906609000005	-0.0750796043000009	1
1.0858550718972908	-0.0860600694642496	7.043002017769858e-07	-0.0788622179596956	0.0166581482890948	0.1114157848251556	-0.0034609388249853	0.0005476047515923	-0.002082058238127	0.0317444560000002	0.0723552021000007	0.0177075989	0.0524734095000006	-0.0480962896000004	0.0169520061000002	-0.2086917708000023	0.0688422464000008	-0.0490265049000005	0.0446928510000006	0.1498862182000016	0.0834374889000006	0.0501362882000004	0.0041113636000002	-0.0429569540000003	-0.0791235388000008	1
1.0526881642335466	-0.0521019312439173	-2.792267445830702e-07	-0.0785108451027983	-0.00358344538924	0.1147238433729863	-0.0028309775705788	0.0005248590624377	-0.0020182627868227	0.0162683501000001	-0.0171212243000003	0.0021875784999998	0.094057836200001	-0.0203036620000003	-0.091783311200001	-0.1593489085000016	-0.0183543630000002	-0.085966640100001	-0.0013553304999999	0.0065900186999999	0.0827605889000005	0.0477818483000006	1.9979305860304624e-16	-0.0477818483000002	-0.0827605889000008	1
1.0264011069083363	-0.0278121792022621	1.0710583949544973e-07	-0.0671273484363862	0.0159514738699179	0.0908771268724001	-0.0024700414348525	0.0004306539717442	-0.0021479701004624	-0.0973264949000011	-0.077615020500001	-0.1240712856000014	-0.0222046876000003	0.0162138719	-0.0890747040000011	-0.0721146897000008	-0.072678307500001	-0.1370914852000016	-0.1038728753000012	0.0361124186000001	0.0820666583000007	0.0453880801000004	-0.0041113635999999	-0.0524494619000006	-0.0859720514000009	1
1.0126126967545377	-0.0133758193096958	-4.1852281411241666e-08	-0.0830674355518265	0.0395975260149434	0.0693766725684382	-0.0022766337720393	0.0003231336343053	-0.0023131372951154	-0.1669395844000018	0.0904441765000011	-0.0632276378000007	-0.0109873559999999	0.0111702985000003	0.0775651331000009	0.0120106026000001	0.1355142019000015	0.0376136930000005	0.0331463570000003	0.0772124923000009	0.0813558400000007	0.0429569540000004	-0.0082151139	-0.0569444308000007	-0.0887414118000009	1
0.8638007696714722	-0.0056239187629854	1.9802310796446168e-08	-0.0673812047758563	-0.0016498950951001	0.0844148486363007	-0.0023010123849252	0.0006542298722931	-0.001502748967034	-0.0488965857000004	0.0101502121999999	-0.0343376847000003	0.0328663643000002	0.0382554358000002	-0.0087446331	0.0192851291000004	-0.0462019085000006	-0.0687671242000008	0.078248399300001	-0.093466867300001	0.0806282803	0.0404904708000007	-0.0123036518	-0.0612519591000005	-0.091054428900001	1
0.475887104570231	-0.0025419298531734	-1.748235495082222e-08	-0.0627610937155656	0.0730606210442499	0.057319764630606	-0.0021990543923426	0.0005318788459362	-0.001707420387471	-0.1227594971000014	0.0664285419000005	-0.0614720037000002	-0.0361069193000001	-0.0245712293000001	-0.0149138701000001	0.079059964600001	0.0635857748000007	-0.0486561065000007	0.0134619789	0.0248028151000003	0.0798841288000013	0.0379906609000003	-0.0163694060000002	-0.0653578680000009	-0.092899208300001	1
0.1134474405491035	-0.0001352861599222	2.9205313548788322e-08	-0.0550166577069148	0.0135083335050007	0.0924358046797235	-0.0022921471567335	-0.0005759573465595	-0.0022201647214692	0.0331025709000002	0.0514725336000003	-0.0357134628000002	0.111359649800001	0.065679113200001	0.1491627798000017	-0.0880191852000013	-0.0701928291000007	-0.0248577476000006	0.0263641402000005	-0.1323702033000012	0.0791235388000011	0.0354595814999997	-0.0204048480000006	-0.0692486424000013	-0.0942662634000015	1
-0.0784700307441466	-0.001650580381338	-5.8236415746251024e-08	-0.0608619170640172	0.0327020272329867	0.1060178160466878	-0.0028472559650043	-0.0002147051145181	-0.0023148156404065	0.0117873329999999	0.0087327341999999	-0.0426107364000001	0.095483959300001	0.060869925400001	-0.083936956700001	0.0504013445000006	0.1003500724000012	0.1266707319000009	-0.1724961980000018	-0.0013962325999995	0.0783466667000013	0.0328993161999997	-0.0244025048000005	-0.0729114752000012	-0.0951485642000011	1
-0.1414621576879584	0.0401528209984079	1.1054960227795442e-07	-0.064289190664681	0.0086839194649694	0.1117832166142278	-0.0032733247012628	-0.0003010666920019	-0.0020979996457831	0.0458694979000006	-0.0094120195000003	-0.0371175491000003	-0.0321864928000007	0.0073913428000003	-0.0178356684000001	-0.1127921339000015	-0.0096279406999998	0.0639673441000003	0.0824173144000012	0.0084478629000004	0.0775536723000002	0.0303119719999994	-0.0283549738000006	-0.0763343096000014	-0.0955415737000014	1
-0.1359909239606603	0.3243514375711036	-1.751589819188186e-07	-0.0500766032409243	-0.0046743613051353	0.0895554901644861	-0.0027905794024612	-7.840415490534055e-05	-0.0018611127766966	-0.0397743558000005	0.0080029527999998	0.0331757024000006	0.0478572302000002	0.1127965364000015	0.0491646507000005	0.0608900870000006	-0.0604605312000006	-0.0107082675000006	-0.0340195155000001	-0.0665843537000003	0.0767447190000006	0.0276996787999998	-0.0322549359000009	-0.0795058789000014	-0.0954432708000012	1
-0.1031889840839008	0.733257555894588	1.4536357345776354e-07	-0.1171392317842807	0.0691071020855394	0.1217632676901985	-0.0031881430747678	-9.408661065967596e-05	-0.0027686643972013	0.1274189284000012	0.0040028029999995	-0.0320188455	-0.1143098683000013	0.0799257967000011	-0.0304025600000002	-0.076034477800001	-0.0148549907000001	0.0840026763000005	-0.0078781208999997	-0.0465175839000001	0.075919973100001	0.0250645863999997	-0.036095169400001	-0.0824157435000014	-0.0948541610000011	1
-0.0665311533190358	1.0068519926188912	4.6297107623168046e-07	-0.0783963653430963	0.0247268614768076	0.1063571977772997	-0.0027931039081936	-8.49260739478166e-05	-0.0022011257473314	-0.0457207568000005	-0.064516691400001	0.1036476549000013	-0.0618619322000008	0.071529338800001	0.0647361412000008	-0.0280020910000003	-0.0219701907000002	-0.0257624718000009	-0.0062780426999998	-0.0673055458000003	0.0750796043000012	0.0224088639999997	-0.0398685628000013	-0.0850543252000017	-0.0937772737000012	1
-0.0375447928768531	1.1231949238855723	-3.4188306054214333e-06	-0.0757123283189717	-0.0053290605924739	0.0866581411596891	-0.0026858744649784	-0.0003083040011993	-0.0023809183906322	0.0546448390000006	-0.0035337845000003	0.1383803009000018	0.0018716261999997	-0.0750533792000009	-0.0783797259000008	0.0335337857000005	-0.0484783119000005	-0.0828807479000014	0.0048854582000003	-0.0502074511000001	0.0742237856000001	0.0197346972999999	-0.0435681289000012	-0.0874129386000013	-0.0922181468000008	1
-0.0188608927786465	1.1440282258266337	1.4658161060868809e-05	-0.0716126499098097	0.0356265586583788	0.0855339133180313	-0.003165073146601	-6.521949010054103e-05	-0.0020736063695869	-0.0436914631000005	-0.0369281275000005	0.0686908254000011	-0.0268347633000002	-0.1173908206000012	0.0227180279000003	0.0458434584000005	0.1489917057000017	-0.0382429843000009	-0.0383569978000002	-0.0182458719999997	0.073352693200001	0.0170442872999997	-0.0471870168000013	-0.0894838202000018	-0.090184797800001	1
-0.0085344810064088	1.120618672616503	-5.303769557243655e-05	-0.0717072616506439	0.0299871249961952	0.0843103089553102	-0.0027718001637588	-0.0002730223805602	-0.0021493794036626	-0.0225770554000001	0.0676325247000006	-0.0882484492000007	0.0081219396999998	-0.0980669013000008	0.0480068798000006	0.0002487451999998	-0.0157553184	-0.0237195586000007	0.0872271841000011	0.1526283124000021	0.0724665060999998	0.0143398484999997	-0.0507185253000013	-0.0912601531000017	-0.0876876832000008	1
-0.0034902119324091	1.0834664973790826	0.0001778267560345	-0.0715531736910723	0.01932095547879	0.0981148200102111	-0.0026681498458292	-0.0001279760684589	-0.0022666792706244	-0.0340477000000004	-0.0263357677000005	-0.0904337658000004	0.1286759595000013	0.0216287358000002	0.0068217355	0.1205019697000014	-0.0022902093000001	-0.0640951270000012	-0.0616146065000005	-0.1151061673000008	0.0715654069000006	0.0116236070000002	-0.0541561147000012	-0.0927360906000014	-0.0847396439000008	1
-0.0012689374265963	1.0507303330774176	-0.0005365784743915	-0.071560049804347	0.0657124933994459	0.0866667375533165	-0.0025931199298586	-9.806547809850382e-05	-0.0022631346541786	-0.0256320377000002	0.0592303491000003	-0.0454337673	-0.0226613546000002	0.0313548010000007	-0.0522767981000005	0.083170610600001	-0.0851438839000009	-0.0139939840000006	0.0633517297000008	0.1351301615000019	0.0706495810000008	0.0088977982	-0.0574934194000014	-0.0939067741000016	-0.0813558400000007	1
-0.0003719292326561	1.0253257967518803	0.0012919111637442	-0.0743338090037756	0.0544282509568606	0.1110950702825741	-0.0029671382894657	0.0003511314270958	-0.0021099830068662	-0.0219374375	0.0513823925000002	-0.0361933323	0.0618092378000006	-0.0253259163	0.0751246055000009	-0.0271113710000003	0.0077445011000001	0.1221198492000007	0.1485928387000019	-0.1130868726000008	0.0697192167000009	0.0061646658999999	-0.0607242596000013	-0.0947683504000017	-0.0775536723000008	1
-4.1662580230208e-05	1.009939378120993	0.0027115421922396	-0.071573490838546	0.0218377367631884	0.1110308633181074	-0.0026331803130848	0.0002948948285674	-0.0021981133808696	0.079390229200001	-0.0345729886000006	-0.0071715327999997	0.0931829816000009	0.0664934180000009	-0.0565224359000006	0.1010647682000012	0.0231864802000003	0.143967322200001	0.0581619606000009	-0.0445632553999999	0.0687745056000004	0.0034264594999999	-0.0638426524000014	-0.0953179834000016	-0.0733526932000007	1
4.3949674744622045e-06	0.8442950818201685	0.1611377784371478	-0.0716963655212055	0.064730525433817	0.109052524565912	-0.003143707257239	0.0002858077851656	-0.0021040546410958	-0.0111598876000001	-0.0023659816000003	0.0548894306000008	-0.1629478525000019	0.0037413802999999	-0.0320616715000002	0.0334339188000005	-0.0711814622000008	0.0184615380999997	-0.0139369257	-0.1229978762000011	0.0678156420000009	0.0006854329999998	-0.0668428233000012	-0.0955538639000014	-0.0687745056000006	1
-2.796752978763988e-06	0.4483211613365692	0.5537790530541874	-0.0717249954755058	0.0470458652469714	0.1110641970824006	-0.0031449336845209	7.095270869854426e-05	-0.002195894323779	0.0458823366000002	0.0627893690000007	0.0227899005000002	-0.0048904636999999	-0.0408463724000007	0.1461439016000015	0.0178986985	-0.1052510390000012	0.016636175	-0.1003502644000011	0.0706898198000006	0.0668428233000005	-0.0020561577999998	-0.0697192167000006	-0.0954752155000009	-0.0638426524000004	1
4.463499005852438e-06	0.0957489349264221	0.9049476575464696	-0.0618558256477535	-0.0041018655258693	0.0879442810132653	-0.0025279563136623	4.57804317863305e-05	-0.0021999462754186	0.0205454821000001	-0.0911798079000007	0.0673462379000003	0.0219109651000004	-0.0596275737000014	-0.0069992485000002	0.131651150900001	0.0294716383000004	-0.0792948735000005	-0.0588863419000008	-0.0811175697000013	0.0658562496000002	-0.0047960562	-0.0724665061000002	-0.0950822971000007	-0.0585824951000005	1
-1.0610843702397465e-05	-0.0858045343339459	1.0859674603989424	-0.0749103733189284	0.0638213968610301	0.0953250406927999	-0.0030030884551949	0.0003570325936486	-0.0023519696411461	-0.0102890247000001	0.0627316314000009	0.0752767636000002	-0.0729152952000002	-0.1554733206000024	-0.0120091661000003	0.0083016238999995	-0.0134775142999999	0.0657911483000011	-0.0243702069000005	0.0316200966999997	0.0648561241000008	-0.007532007	-0.0750796042999999	-0.0943764019000005	-0.0530210836000002	1
2.7210852190025742e-05	-0.1426374157579953	1.1426076927236972	-0.0746634707712841	0.0393986870388689	0.1049071827112593	-0.0028817497785699	0.0002351234078196	-0.0021671690323657	-0.0254084478000003	-0.0163205417999997	-0.0017131008000004	0.123164965300002	-0.1025427941000017	0.122230520500001	0.0256563683999996	0.1199822380000016	-0.0452338193	0.0765719619000005	-0.0752428852000013	0.0638426524000008	-0.0102617583999997	-0.0775536722999997	-0.0933598536000005	-0.0471870168000004	1
-6.958402898754158e-05	-0.1343618466279694	1.1344331043068152	-0.063629482848852	0.0183695340592025	0.0883368285451239	-0.0026058113298033	0.0001980100080258	-0.001926744583168	-0.0507233906000005	0.0073978435000004	-0.0534650587000012	0.060933196300001	0.0196643661999997	-0.0580194042000009	0.0543788795999995	-0.0309702235999999	0.0044052704000005	0.039041821	0.0373253612999999	0.0628160431000005	-0.0129830636000004	-0.0798841288000002	-0.0920359983000007	-0.0411102958000005	1
0.0001748460907195	-0.10073836913952	1.1005628956585245	-0.0714874104881309	0.0735918945796357	0.1212935000310449	-0.0031699472599252	5.68646367429322e-05	-0.0021229152570255	-0.0248877888000004	0.0792760196000009	-0.1458278134000021	-0.0526503954000002	0.0505231819999998	-0.0219293942000005	-0.0178429191000009	-0.2003825690000022	-0.0122946356999997	-0.0463866809000009	-0.1449896565000022	0.0617765075000008	-0.0156936826999999	-0.0820666583	-0.0904091936000005	-0.0348221695000002	1
-0.0004164667444304	-0.0643475469619505	1.0647642139469742	-0.0769156293957417	0.0361734630825327	0.1294900154678376	-0.0031190987187832	0.0003887869908775	-0.0021068987876257	-0.0142516706000001	0.0284043056000007	-0.0505305692000011	0.0486244901000009	0.0499498407000001	0.0861932884000008	-0.013854976300001	0.0845396014000013	0.1691239889000022	0.0178734430999999	-0.0158057679000004	0.0607242596000006	-0.0183913846000003	-0.0840972192000002	-0.0884847944000007	-0.0283549738000002	1
0.000923728742421	-0.0360234591577761	1.0350996745349126	-0.0717027936495633	0.0235347173074686	0.1248947105936098	-0.0028000161816663	0.0004739049020087	-0.0020738446233284	0.0236267007000004	0.0309789083000005	-0.037986884500001	0.0210525086000004	0.0387351031999997	-0.0573550419000008	-0.0002838732000005	-0.1336205597000014	0.0432954866000008	0.1160969583000011	-0.0497347184000009	0.0596595156999997	-0.0210739488999998	-0.0859720514	-0.0862691351000003	-0.0217419656999999	1
-0.002032962463241	-0.0179685185435234	1.0200014943671352	-0.0786327426542638	0.0620582705519443	0.1359685171053554	-0.003620113873543	0.0003481533725619	-0.002293876962835	0.0145639751	-0.0085425392999997	-0.0452575051000008	0.0206602769000008	0.0551458405	-0.0267157828000005	0.1043212020000007	0.1985389940000025	0.1542426739000021	-0.076204906100001	-0.0008248428000002	0.0585824951000008	-0.0237391676999999	-0.0876876832000001	-0.0837695089000003	-0.0150171518999998	1
0.0540495391681856	-0.0080773999346879	0.9540278586780648	-0.0843960137608802	0.037351054796559	0.1313606217736529	-0.0036209393776535	5.915445315887128e-05	-0.0025704031034699	0.0364314085000003	0.0109433183000004	0.0849730612000003	0.0153891326000005	0.0583788762000002	0.0867429958000008	-0.0536017448000011	-0.0593114287000005	0.0815364056000011	0.0417594905000003	0.0365522323	0.0574934194000005	-0.0263848473000001	-0.0892409375000003	-0.0809941435000004	-0.0082151138999998	1
0.3615947604060509	-0.0032806502262311	0.6416858894290398	-0.0746893902439893	0.0133879694459288	0.1113296119470713	-0.0032442708402498	0.0001959846666298	-0.0024551957797928	0.0811805360000008	-0.0742720403000005	0.1403717008000012	0.0232431590000004	0.0206436767999998	-0.0958298143000012	0.0879707712000009	0.0417564816000006	0.1024273051000013	-0.0976808581000011	0.0380388420000002	0.0563925126000003	-0.0290088101000001	-0.0906289382000006	-0.0779521747000004	-0.0013708305999997	1
0.7656317704797144	-0.0011817316862725	0.2355499617510335	-0.0817947869520597	0.0788877917931927	0.1206382170247773	-0.003785933889121	0.0005063413599074	-0.0022920516623973	0.0028634619000001	-0.0010568938000001	0.0701463206000006	-0.1700631158000017	-0.0769610110000012	-0.0767403101000007	-0.0897064021000009	0.0077483148000001	0.0802243840000009	0.0753861962000008	-0.1165597773000014	0.0552800014000006	-0.0316088963000002	-0.0918491150000008	-0.0746536153000006	0.0054805020000001	1
1.0230791273941529	-0.0003378022526061	-0.0227413255388041	-0.07983842711964	0.0215472665782238	0.121264800796511	-0.003377881470414	0.0005245927394833	-0.0024226248664614	0.0487943747000004	-0.0513809608000003	0.092366263700001	0.0583526691000006	-0.0026333784000001	0.0337616761000003	-0.0250197723999998	-0.0281731365000004	0.0674538920000006	-0.1834209454000019	0.1234082178000014	0.0541561147000003	-0.0341829659000001	-0.0928992083000011	-0.0711093231000006	0.0123036518000004	1
1.128125537385006	-3.21143837867048e-05	-0.1280934228212718	-0.0617671604752129	0.0373252534510285	0.094938421297457	-0.0033776629357088	0.0008130292783104	-0.0020886316087949	-0.0345034653000001	-0.0162611262000001	0.0469139130000005	-0.0861269063000012	-0.0581037102000006	-0.0907907320000009	-0.0407453826000001	-0.0635117393000007	0.0880044376000008	0.0565830592000007	0.0294685294000003	0.0530210835999999	-0.0367289002000003	-0.0937772737000013	-0.0673309646000008	0.0190635313000003	1
1.143147281457411	3.0466273373012982e-06	-0.1431503281978028	-0.0973105210241856	0.0818457158817976	0.0290544312640424	-0.0029230058623003	0.0005098849111045	-0.0019727625500155	0.0614195552000006	0.1131692955000013	0.0061794295000003	0.0094368197000002	-0.0602440924000004	0.0700682217000009	0.0846570049000009	0.0307850539000004	-0.026329949	0.0535568122000005	0.1602880924000018	0.0518751419000006	-0.0392446037000004	-0.0944816852000014	-0.0633309768000008	0.0257253786000003	1
1.1174466168698802	-1.0708603437204642e-06	-0.1174455459857904	-0.0969252579797925	0.0327383341945318	0.0278640523324033	-0.0025565964060805	-6.920476529954929e-05	-0.0025785985175303	0.1131444599000013	-0.0920438052000009	-0.0325557005000002	-0.0208660478000004	-0.0348221966000002	0.0793262183000009	0.0942435633000009	-0.0581956333000007	-0.0752669272000005	0.0552875715000005	0.1211133048000012	0.0507185252999997	-0.0417280058000004	-0.0950111383000014	-0.0591225262000008	0.0322549359000002	1
1.0801713401041415	4.6680772720571973e-07	-0.0801718069496603	-0.091044033250031	0.0482814729262617	-0.0337787262010364	-0.0011391486809239	0.0002883899641399	-0.002438839922852	0.0498542448000006	-0.0286755382000002	0.0361325907000006	-0.0449420163000005	-0.1667797345000019	0.0227018527000003	0.2252345185000026	-0.0558263556000007	-0.1138302812000008	0.0628891895000005	-0.0437952184000006	0.0495514716999999	-0.0441770624000003	-0.0953646527000013	-0.0547194656000007	0.0386186257000003	1
1.0480103231105211	-2.0050375704974796e-07	-0.0480101226206781	-0.0688626974821892	0.0888184459740419	0.0214756985348855	-0.0023668393653343	0.0001359242672037	-0.0024708470504799	0.0601414537000006	-0.0197485494000003	-0.0460890044000001	-0.0272027576000002	-0.1776113772000021	-0.0366552117000004	0.077315352800001	-0.0973878565000012	-0.1244292957000012	0.0249587016000001	0.0043267768999998	0.0483742215000006	-0.0465897578000002	-0.0955415737000012	-0.0501362882000005	0.0447837232000006	1
1.0240218554213418	8.218045139663251e-08	-0.0240219376344656	-0.0530133984381955	0.0960311000251865	0.04259719831117	-0.0025028616742737	0.0001253119950743	-0.0022468487108535	0.0446609852000005	-0.0029484309	-0.1372807665000012	0.0088737926000001	-0.0782040421000006	0.0769468707000009	0.0337430879	0.1003873706000012	-0.0575574963000004	0.0932318347000009	-0.0240735824000001	0.0471870168000009	-0.0489641061000008	-0.0955415737000014	-0.045388080100001	0.0507185253000002	1
1.0050985839814626	-3.2845129766138825e-08	-0.0050985511519745	-0.0547543939251793	0.0800295934630962	0.0706412687509474	-0.0031446335390342	0.0002989516270695	-0.0025130366219474	-0.0054162892999999	-0.1445244992000017	-0.0719305039000004	0.0747743139000009	-0.0179746768	0.0204150087000001	0.0035270244	-0.0494153814000006	0.0474977055000003	0.1031535150000009	0.0057329645	0.0459901020000011	-0.0512981531	-0.095364652700001	-0.0404904708000006	0.0563925126000005	1
0.8149875371888795	1.2857836337634538e-08	0.185012449909814	-0.0571999440644646	0.0450216350157286	0.054815035413583	-0.0030020767450994	0.0003566578287746	-0.0024359746656522	-0.0919640803000009	-0.0458898901000003	-0.0021657086999999	0.0240861110000002	0.0010269090999999	-0.0356892937000004	0.1175941240000013	0.0001698590999999	0.0070886162000002	-0.0127049493000003	0.0254568947000002	0.0447837232000003	-0.0535899776000002	-0.095011138300001	-0.0354595815000003	0.0617765075000008	1
0.4102586040912407	-4.9366248860917084e-09	0.5897414008760863	-0.0661150488796094	0.1045879435027083	0.0763849043892726	-0.0035282158027027	0.0002158832907206	-0.0027676336228009	-0.0887696672000009	0.0640371474000008	-0.0289606529000003	-0.0751614810000005	-0.0733205844000011	-0.0465443551000006	-0.0156439422000003	-0.0274870765000002	-0.0270096617	0.0173626528999998	0.0002246378999997	0.0435681289000009	-0.0558376933000003	-0.0944816852000005	-0.0303119720000001	0.066842823300001	1
0.0723544483222878	1.8609887535597046e-09	0.9276455496388104	-0.0830500428747316	0.0523872068523587	0.0970160142235278	-0.0034394354930233	0.0004187604938867	-0.0027667961724599	0.0101508262999999	0.063196474800001	0.0310441905999999	0.1218474293000018	0.0382760905999999	0.0572981362000003	-0.0344996388000009	-0.017232509	-0.0586193452000003	-0.0023098894000003	0.0270866151999999	0.0423435691000006	-0.0580394502000003	-0.0937772737000002	-0.0250645863999997	0.071565406900001	1
-0.0951409780140318	-6.91563548720323e-10	1.0951409790953013	-0.0880408385739603	0.0533347321139665	0.0859022452679313	-0.0035340513073232	0.0006829893083446	-0.0028218032795318	0.0851375647000008	-0.0253803029	-0.0731698956000013	0.0444190316000009	0.0232481853999995	-0.0844623239000013	-0.0059660416000009	-0.0375181811000002	-0.0655744970000002	-0.0285127643000007	-0.052987273600001	0.0411102958000003	-0.0601934360000006	-0.0928992083000001	-0.0197346972999997	0.075919973100001	1
-0.1437871823834638	2.59729212695975e-10	1.1437871809641451	-0.0880867441447466	0.0688359264361358	0.105886441805695	-0.0040468494924228	0.0004830990097248	-0.0027660337158482	-0.0768091625000008	-0.0544001043000001	-0.0846839904000014	-0.1280083017000011	0.0527889921999998	-0.0232534020000005	-0.0008638337000007	0.0275491878000004	0.0043697637000006	-0.0064761253000004	-0.0154235821000006	0.0398685627999999	-0.0622978778000004	-0.0918491149999999	-0.0143398484999995	0.0798841288000012	1
-0.1319930436778564	-1.1318363347263743e-10	1.1319930468064805	-0.0880918059187797	0.0418774612254814	0.0981445823179001	-0.0036161090024687	0.0006560041079966	-0.0027658275345231	-0.0468128493000005	-0.0123093789999996	0.0269789126999996	0.059277057800001	0.0524726042	0.0279686075999999	-0.0666173568000016	0.0021171271000002	0.0555615069000011	0.0145883196999998	-0.0065399603000004	0.0386186257000004	-0.0643510435000006	-0.0906289382	-0.0088977981999997	0.0834374889000011	1
-0.0970885475283762	8.486722598276655e-11	1.0970885394504095	-0.0880147306327791	0.0389336957912848	0.0810664246872787	-0.0035289047076166	0.0004393834685299	-0.0027667382745243	0.0644011193000007	0.0655145888000011	0.0423097263999998	0.0596874947000011	0.1066441551000006	-0.0011261563000003	0.0199562076999993	0.0374958072000007	0.0053165273000006	0.0333535816000001	-0.0407358372000007	0.0373607416000001	-0.0663512432000008	-0.0892409375000002	-0.0034264594999995	0.0865617806000011	1
-0.0618665190687027	-1.2048412969491798e-10	1.0618665396689255	-0.0910039174771815	0.1038324756612641	0.0972157261607132	-0.0039969557233708	0.0003996585686277	-0.0028302166253177	0.1348554809000012	0.0231553843000005	-0.0616581088000011	-0.0756828394000002	-0.0133418070000009	0.0321437679	0.0041158757999995	0.0804144428000008	-0.049316512	-0.0930554747000013	-0.0249234352000006	0.0360951694000004	-0.0682968306000004	-0.0876876831999999	0.0020561578000007	0.0892409375000013	1
-0.0327740999994499	2.0044133919408778e-10	1.032774048100449	-0.0784159999116274	0.0656282517814195	0.0841032658030805	-0.0034991604142688	-9.92536177371811e-05	-0.0029981911106956	0.0500072516000005	-0.122777316800001	0.0411726232	0.0271505518000007	0.0399263266999998	0.0353087916	-0.0198786971000007	-0.0720892415000007	-0.0038775536999996	-0.0033394500000003	0.0350193046999998	0.0348221695000006	-0.0701862042000003	-0.0859720513999999	0.0075320070000007	0.0914611824000012	1
-0.0191124617973994	-2.6293099544323566e-10	1.019112589368412	-0.0607686959325233	0.06246131106873	0.0538127645356211	-0.003232766741705	0.0001750234488266	-0.0027982254832508	-0.0099891167	-0.1257575389000009	0.0375021531999999	-0.0751777308000005	-0.0142425927000007	-0.0720711633000011	0.0516630448999998	0.0095276567000002	0.0225823815000007	0.0105390892999997	0.0414443375	0.0335420038000003	-0.0720178090000007	-0.0840972192000001	0.0129830636000004	0.0932110979000011	1
0.0629445650833427	-5.582595224768522e-12	0.9370551291121446	-0.0881759450930426	0.0950557489315145	0.1006616060876561	-0.0040148000720039	0.0001364010439209	-0.0031887418136482	-0.0683467337000008	0.0701255305000011	0.0762853540000003	-0.129932266200001	-0.0803357479000016	-0.0183289770000003	-0.1058611145000015	0.0458832268000006	0.0444405591000009	-0.0703828740000011	-0.059966229400001	0.0322549359000003	-0.0737901375000005	-0.0820666582999999	0.0183913846000008	0.0944816852000014	1
0.3966492255319678	1.860756528526418e-09	0.6033514841917096	-0.076284019289688	0.0746870718118943	0.0846661242129168	-0.0038608134257264	0.0001420606652344	-0.0028807374851227	0.0268245395000002	0.0299401114000005	0.0148887663999999	0.1079653355000015	-0.056163610300001	0.0868377709000007	-0.1304456944000016	-0.1202830477000013	-0.0604090526000005	0.0119802724999999	0.0506056342000002	0.0309612306000003	-0.0755017308000002	-0.0798841288000001	0.0237391677000008	0.0952664105000012	1
0.7955075755788256	-9.704911288139588e-09	0.2044908444317578	-0.0659138940823426	0.0412095076538166	0.0756987563219985	-0.0034569154379957	0.0003997318908098	-0.0030258257895604	-0.0720956026000008	-0.0379467550000001	-0.1182972174000013	0.0298513249000001	0.0493888553000002	-0.0374380253000005	0.0260008022000002	-0.0015013586000001	-0.0906989518000007	-0.2024242295000024	0.0039749056	0.0296611540999996	-0.0771511802000006	-0.0775536723000006	0.0290088101000006	0.0955612383000013	1
1.03773584149861	3.7825200867582265e-08	-0.0377325277966395	-0.0583701501059147	0.117234193731094	0.0827238765462267	-0.0038241530561826	0.000648119425875	-0.0026752742917686	-0.0155667145000001	0.0878194386000009	-0.0860561649000006	-0.0211676907000001	0.0680788372000009	-0.0268864798000003	-0.0404223329000002	-0.0211716141000003	-0.0741583287000008	0.0392715632000003	0.2003047820000023	0.0283549738000003	-0.0787371281000004	-0.0750796043000007	0.0341829659000005	0.0953646527000014	1
1.1322849030523767	-1.30285340011408e-07	-0.1322912151779072	-0.0466315127698202	0.0552096018354855	0.0743127840177922	-0.0035028524041068	0.0008259233180777	-0.0028090649307142	0.0240124264000002	-0.091658098400001	0.0082054111000001	0.0114626982999999	0.088327421900001	0.0353809187000003	-0.0574770779000005	-0.0023344428000002	-0.1212086453000014	-0.0095493700000001	-0.0811082527000008	0.0270429587000003	-0.0802582690000009	-0.0724665061000009	0.0392446037000002	0.0946776645000009	1
1.141935144111425	4.18010585371069e-07	-0.1419252398942348	-0.0427866257993652	0.0940037181383392	0.0629408379695776	-0.003696830052027	0.0004931241767999	-0.0027715979706047	-0.0606249358000006	0.0781070204000009	0.0577589230000007	0.0001972477	0.0255131639000005	-0.0288285710000003	-0.0329137943000001	0.0527503712000006	0.0649270315000006	-0.0309187937000004	0.0472089089000007	0.0257253786000007	-0.0817133510000008	-0.069719216700001	0.0441770624000003	0.0935038064000012	1
1.1141785094536367	-1.2787213980868836e-06	-0.1141860384671365	-0.0412775557298053	0.0905542181546212	0.0523311355123604	-0.003391396920758	0.0004917644407373	-0.0025131788758101	0.1412128457000017	0.0369075355000003	-0.0508754691000005	-0.0590818019000008	-0.0079716143999999	-0.0216950274000002	-0.0841923133000011	-0.0173692586000001	0.0423861131000005	0.0410777945000004	-0.0453221850000003	0.0244025048	-0.0831011765000013	-0.0668428233000011	0.0489641061000002	0.0918491150000009	1
1.0769420442818478	3.77339873698775e-06	-0.0769767073105326	-0.036332506250715	0.0979621208240368	0.0478344706683624	-0.0033458806073082	0.0004918373062037	-0.0025916877790386	-0.0703707446000007	-0.0746035253000007	0.0223747636000004	-0.0194225964000002	0.058086465700001	0.096477187200001	-0.0471250733000005	-0.0089123723000002	-0.0154357295000002	-0.0009535474000001	0.0701784726000008	0.0230746094000011	-0.0844206031000009	-0.0638426524000009	0.0535899776000002	0.0897220992000009	1
1.045317600223153	-1.0804137884112406e-05	-0.0451050623643373	-0.041051257047641	0.0553087253651789	0.0477308898897912	-0.0029563458542607	0.0004909703032054	-0.0026847814032187	-0.0596906177000005	0.0450076684000006	0.094726065600001	0.0522713378000005	-0.0210350342000001	-0.0434222041000004	-0.0604764841000006	0.0229154457000003	-0.0162546160000001	-0.0091181432000001	-0.0744552329000007	0.0217419657000003	-0.0856705448000011	-0.0607242596000008	0.0580394502000005	0.0871336971000009	1
1.0229472204242789	3.0215112940093368e-05	-0.0234247938378179	-0.0545245619664738	0.1111379195943274	0.0672048091878854	-0.0037353298351267	0.0004937140746434	-0.0027900915338266	0.0419317502000004	0.0733275801000008	0.0137469529000002	-0.0499890672000004	-0.0597715090000007	-0.0431745222000004	-0.0873559421000008	0.0437823524000004	-0.0433330262000004	-0.0367700355000004	0.0152347741000002	0.0204048480000003	-0.0868499729000009	-0.0574934194000005	0.0622978778000008	0.0840972192000011	1
0.9987667539978614	-8.283672845719469e-05	-0.0109257894538834	-0.0487879844593375	0.0915771453556145	0.0649176573284502	-0.0034447441659043	0.0001952363197663	-0.0027491774602311	0.0525390265000005	-0.0140969533	-0.0522939630000005	0.0737158792000008	-0.0741057231000007	0.0323457371000002	-0.1573942882000019	0.0424992497000005	-0.0227583844000003	-0.0551088937000007	-0.0154191445	0.0190635313000006	-0.0879579165000012	-0.0541561147000006	0.0663512432000005	0.0806282803000008	1
0.7835599432617851	0.0002231965311405	-0.0046072644112706	-0.0417822897336889	0.0785475917649735	0.0613041570632759	-0.0030422669481452	0.0001820316744026	-0.0026492333190654	-0.0648026408000005	-0.1135805306000012	-0.0105753359	0.0631569103000006	-0.0214442914	-0.0559054690000006	-0.093969111400001	0.0072916388	0.0447890873000003	0.0197237379000001	0.0365829748000005	0.0177182917000005	-0.0889934638000009	-0.0507185253000005	0.0701862042000006	0.0767447190000008	1
0.3729884081837232	-0.0005722005135305	-0.0017414376687183	-0.0320311565768631	0.0751076357527154	0.0477114039001237	-0.0028837672023037	0.0001896764946942	-0.0025497357085316	-0.095467747400001	-0.0076104486999999	0.0331782570000005	-0.0079097078000002	0.0178561847000004	-0.0628247408000007	0.0033441178	0.0127513513000001	-0.0081565698000003	-0.0802649265000009	-0.0093078647999998	0.0163694060000002	-0.0899557625000013	-0.0471870168000006	0.0737901375000005	0.0724665061000008	1
0.0504448911958274	0.0013424228010807	-0.0005582787803762	-0.0321879933336075	0.1220526612039098	0.0523205639232318	-0.0031470021455473	5.839950783511759e-06	-0.0024400027314162	-0.0116469898	0.1071738560000011	-0.028548031	-0.0510145686000006	-0.0681644322000005	-0.0304205015000003	-0.0647017103000007	0.0528003654000007	-0.0157478744000004	0.0287518526000003	-0.0266948196999999	0.0150171519000003	-0.0908440203000015	-0.0435681289000005	0.0771511802000005	0.0678156420000007	1
-0.1034847257941359	-0.0023043568583329	-0.0001011791504252	-0.034168264017155	0.0841115256593247	0.0332090845318611	-0.0019032467972592	0.0002440206033255	-0.0021227722509274	-0.0001342957999999	-0.0426309938000004	-0.0813676223000005	0.1972500793000021	-0.0568028452000003	-0.0138006019000003	-0.0137939252000003	0.0244848705000004	0.134212503000001	-0.0443056780000005	-0.0394538474	0.0136618075000006	-0.0916575064000014	-0.0398685628000005	0.0802582690000004	0.0628160431000004	1
-0.1445071271453752	0.0836620888342619	5.542699642992718e-06	-0.035650982997382	0.0944514705697087	0.0385353562184033	-0.0024857254965423	0.0002557385526925	-0.0022031886702561	-0.1411827655000015	0.0397700178000004	-0.1320505605000011	-0.0254282023000006	0.0885564446000014	-0.086084512300001	0.0229442805	-0.0746711613000006	0.0758653690000005	-0.0789465628000009	0.0296599990000007	0.0123036518	-0.0923955510000016	-0.0360951694000006	0.0831011765000003	0.0574934194000005	1
-0.1292818836447275	0.4271748889725401	-2.1481495753980582e-06	-0.0321905523585711	0.0934188176040035	0.0358856733690656	-0.0023273132007814	0.000180968317696	-0.0021202927038164	0.0108695944000001	0.1267484125000015	-0.0650969984000003	0.0816197549000006	0.0717711073000012	0.0997820957000011	0.0083681145999998	-0.0185606369	0.0200137411999997	0.0670686753000008	0.0166198177000007	0.0109429641999999	-0.0930575468000015	-0.0322549359000007	0.0856705448000004	0.0518751419000005	1
-0.0938504594438334	0.8178099622835191	8.288034899028675e-07	-0.0319457018590583	0.0697768961947808	0.0373764375312645	-0.0022450630026069	0.0003950063145171	-0.0022325603904175	0.0263005696000004	-0.0359808470000003	-0.0864169034000006	0.0768867995000004	0.0819238179000012	-0.0625859422000008	0.0889152914000008	0.0130543520000002	0.1433559598000011	-0.0472324350000004	-0.0108616831999995	0.0095800246999997	-0.0936429488000014	-0.0283549738000009	0.0879579165000003	0.0459901020000005	1
-0.0584278801283492	1.047991612545602	-3.020115587280785e-07	-0.0292369236156695	0.1325124459521032	0.0404269617589109	-0.0030071316443056	0.0003482526916216	-0.0021619846318701	-0.0696040433000007	0.0138360535999998	-0.0914403258000006	-0.1167157331000015	0.144718669500002	-0.0835658450000009	0.0317968006000001	-0.1309308874000015	0.0472535177999999	-0.0495500298000006	-0.0336553256999999	0.0082151139000007	-0.0941512753000014	-0.024402504800001	0.0899557625000002	0.0398685628000004	1
-0.0319938131236018	1.134898762834479	1.0427963061178774e-07	-0.0373840123118895	0.0949989478178419	0.0372586451605915	-0.0026330002465714	4.7353700428994405e-06	-0.0024570027747856	-0.0367685008000004	0.0948756838000012	0.0320041788000006	-0.0621973456000009	0.1040784780000014	0.2006573082000022	0.0977979519000011	0.0300402354000003	0.1037162646000008	-0.0770537488000007	-0.0220892808999995	0.0068485125999996	-0.0945821078000012	-0.020404848000001	0.0916575064000004	0.0335420038000005	1
-0.0156482176961604	1.14086840750032	-3.493654572317584e-08	-0.0443787509243385	0.0749204862527364	0.0171080634126216	-0.0027568719978398	0.0005248574385675	-0.0024342853981272	-0.0090161254999999	0.0112749923	0.1473722145000019	-0.0150855298000002	0.0212936708000003	-0.0264180857000003	0.0940054686000012	-0.0219882696000002	-0.0360890442000008	0.0334030629000004	-0.1135418057000007	0.0054805019999998	-0.0949350916000011	-0.0163694060000008	0.0930575468000006	0.0270429587000004	1
-0.006907020640501	1.1118319374046135	1.1276060222738362e-08	-0.0420357950069391	0.1170458312000881	0.0095059860533259	-0.0025258438406186	0.0005967990186395	-0.0022152518816612	-0.0497053553000006	0.0714868968000005	0.1093178768000014	-0.1456593123000017	-0.0412589689000004	-0.0296695783000002	0.0232241618	0.0392085278000005	-0.0734081344000012	-0.0991118212000012	-0.2375072922000022	0.0041113636000006	-0.0952099364000019	-0.012303651800001	0.0941512753000001	0.020404848	1
-0.0027511560425246	1.07464410635693	-3.4519579316947403e-09	-0.0426110045805646	0.0842285923938136	0.0480242419382657	-0.0026761382900572	0.0003126667431324	-0.002366084336433	-0.0174285065000002	0.0232618778000003	0.0907721891000012	-0.0066617604000003	0.0206812466000003	0.1682312982000017	-0.0157699994	-0.0979583730000012	0.0136480170999995	-0.0802953377000008	0.0420829144000008	0.0027413791999996	-0.0954064159000011	-0.0082151139000006	0.0949350916000005	0.0136618075000003	1
-0.0009640933273581	1.0433760479450025	9.733841117719116e-10	-0.0397356242831821	0.066836761032291	0.0179505806402746	-0.0023619587849481	0.000473729587593	-0.0023099477936132	-0.0029153776999997	0.0320977453000003	0.1497999864000018	-0.0044590428000001	0.0129171822000003	-0.0635952805000006	0.1098585512000012	0.0934244759000011	0.0043249918999997	0.0837480080000011	0.0008490078000005	0.0013708305999994	-0.0955243683000014	-0.0041113636000006	0.0954064159000005	0.0068485126000001	1
-0.0002530434158433	1.0223617657904616	-2.3551959378443284e-10	-0.048403490253947	0.1307091667889755	0.0192390403876886	-0.0026160112298522	0.000418601388019	-0.0023699608337502	0.1054212636000012	0.0429676795000003	0.0600667598000009	-0.0941092623000011	-0.0870560745000008	0.0763171452000009	-0.0058717895000001	-0.0293097341000003	0.0143420952999997	0.0267657480000004	-0.0294997990999999	1.8553727314011557e-17	-0.0955636965000013	-6.216691477725024e-16	0.0955636965000005	4.698061624501023e-17	1
-1.2492830335534254e-05	1.0103606773200635	3.722000981797172e-11	-0.0414838168321267	0.0681016545921266	0.0151202885813571	-0.0024042623752613	0.0005935271816643	-0.0025162941978942	-0.0474866305000005	-0.1167444545000012	0.0577703771000008	0.0514161393000004	-0.0354007078000001	0.0189175594000001	0.0479033960000003	0.1046240879000011	-0.1764492225000024	-0.0316097518000003	0.0613457152000011	-0.0013708305999999	-0.0955243683000015	0.0041113635999994	0.0954064159000002	-0.0068485126000002	1
9.626684749506392e-07	1.0043396402389169	5.815050772601541e-12	-0.0610658668948793	0.1276327944056853	0.0159003832916791	-0.0029548349079043	0.0008257287796305	-0.002859794034434	-0.0265279003000002	0.0616318122000005	-0.0014975796999997	-0.0544951734000006	0.0106862225000005	-0.0397008439000004	0.0043900138999997	-0.0280540797000002	-0.0906232029000013	0.0401129821000003	0.1466533360000019	-0.0027413791999998	-0.0954064159000015	0.0082151138999995	0.0949350916000003	-0.0136618075	1
-1.231083059703641e-06	1.001628057605011	-9.685232729599907e-12	-0.057015480370169	0.1099275140278464	0.0479559525037421	-0.0034076843842114	0.0005997052415704	-0.0027599898196327	0.0097397475	-0.081313601500001	0.0022892044000004	0.0761914268000009	0.0584746097000009	0.1296049961000014	-0.0033157875000001	0.0883536137000009	-0.1042165097000016	0.1031363389000011	-0.0092872955999996	-0.0041113635999996	-0.095209936400001	0.0123036517999998	0.0941512753000004	-0.0204048480000003	1
3.352126186825087e-06	1.000509759747423	6.431282285308811e-12	-0.0458773422651011	0.062348770988065	0.0166065642163595	-0.0029331770834125	0.0005871519923853	-0.0028291464497976	-0.0699894704000005	0.0152333680000002	0.0507114008000006	0.0465399354000003	0.0112660708000005	-0.0324625206000003	0.0496011916000003	0.0607604949000008	0.0314925287999999	0.1048386652000012	0.0579112172000012	-0.0054805020000007	-0.0949350916000015	0.0163694059999996	0.0930575468000003	-0.0270429587000002	1
-9.8692128647453e-06	1.0000953544870077	-3.4324703289377788e-12	-0.0558882664770697	0.127311271502777	0.0503590313768577	-0.0033862033717256	0.0005876609805588	-0.0027510171609282	0.1407008703000016	-0.0207917125000004	-0.0272032770999999	-0.0328676937000003	0.0004020100000001	-0.0766314921000009	0.0301660965000003	0.1064494974000012	-0.0209362281000006	0.0955219834000012	-0.0094530531999996	-0.0068485126000002	-0.0945821078000012	0.0204048479999999	0.0916575064000006	-0.0335420038000002	1
2.888963341900557e-05	0.9999654517520165	1.655667303403319e-12	-0.0482292173965678	0.0978143733445053	0.0426767277298697	-0.0033532174928233	0.0005791133976836	-0.0027500370787201	-0.0617581491000006	-0.1135262963000013	0.0318109034000005	-0.0624192254000009	0.0219296658000005	0.1237259793000014	-0.0461224811000006	-0.0427926274000005	0.0006356885999994	0.1121585223000013	0.0551388054000009	-0.0082151139000003	-0.0941512753000012	0.0244025047999998	0.0899557625000004	-0.0398685628000005	1
-8.269810370503627e-05	1.0000847848791787	-7.460647635927832e-13	-0.045933054065174	0.0686596400125973	0.0216764820208229	-0.0028911653706849	0.0005990653229858	-0.0028101461072376	0.0004927362	0.0686979037000008	0.1380827286000016	0.0681189962000007	-0.0342961864000002	-0.0503504557000005	0.0740261304000009	0.0588334039000007	-0.0818250005000013	0.0128314795000002	-0.0140043941999997	-0.0095800247000006	-0.0936429488000013	0.0283549737999998	0.0879579165000006	-0.0459901020000003	1
0.0002323442928827	0.9997668421993986	3.25728421551354e-13	-0.0435605910834625	0.1513254471411626	0.0503492908337231	-0.0034917436847085	0.0002065596942357	-0.0026111511802339	0.0903521279000011	-0.0125833279000004	-0.0634530252000002	-0.0229973488000002	-0.0779503680000007	-0.0680746331000007	-0.0446575229000005	-0.0012186743	0.0094347954999995	0.0993184688000012	0.0405800671000007	-0.0109429641999999	-0.0930575468000011	0.0322549359	0.0856705448000005	-0.0518751419000004	1
-0.0006185841839844	1.00061888809812	-1.3403291145494138e-13	-0.0400514311665035	0.0638751620593746	0.0541919201712783	-0.0031899779785035	0.0004279894049579	-0.0025008216370562	-0.0732515020000007	-0.0619450532000007	0.0074436940000002	0.0264625205999999	0.0165623471000001	0.0343339428000003	-0.0188370017000001	-0.0642053803000008	-0.133009005200002	0.0140680016000002	-0.1395439852000012	-0.0123036518000008	-0.0923955510000011	0.0360951694000001	0.0831011765000005	-0.0574934194000006	1
0.0014749837529987	0.9985249077048972	5.676274764474359e-14	-0.0485326335446675	0.1030469118309295	0.0453724728157717	-0.0035779073217699	0.0004641827038463	-0.0026166842622088	0.0170626196000002	0.0607718525000005	-0.0072087086999998	-0.0156453864000003	-0.0038648088999999	-0.087161681700001	0.0114312101000001	-0.0530779471000005	-0.0146533016000006	-0.0020916368999999	0.0275257916000006	-0.0136618075000007	-0.0916575064000012	0.0398685628	0.0802582690000006	-0.0628160431000005	1
-0.0017601500537755	1.0017601878806188	-2.0015509897632423e-14	-0.0485905447274463	0.1145562606061646	0.0643113585228735	-0.0034049512450015	0.0004299361369473	-0.0026047782280027	-0.0041034368	-0.0578135243000006	-0.1062865793000008	-0.0512144124000007	-0.0083662432	0.086863802100001	0.0199725485000002	0.100806330000001	-0.0839513635000014	0.0448513126000006	0.0003842550000004	-0.0150171519000009	-0.090844020300001	0.0435681289000003	0.0771511802000005	-0.0678156420000006	1
0.1044600183242218	0.8955399687930362	1.0097379314713648e-14	-0.0485338599677198	0.0877914667218534	0.0612830370555892	-0.0034936689497185	0.0002631072994236	-0.0026370522848147	-0.0848296095000007	-0.0325369098000004	0.0441579691000006	0.0570096056000005	0.0016789352000001	-0.0570766683000006	-0.0280811797000002	0.0167610139000002	0.0884030186000004	0.089337112100001	-0.0025819541999996	-0.0163694060000005	-0.0899557625000009	0.0471870168000003	0.0737901375000005	-0.0724665061000006	1
0.4659579297412966	0.5340420744884985	-3.576853057351703e-15	-0.0365753242297867	0.0801327251624423	0.0374955743849344	-0.0032330408365113	0.000365651106909	-0.0025669183479607	0.1066634136000011	0.0804645859000007	0.0541231598000006	0.0704033606000006	0.0653336405000008	-0.0026148279	0.0150520805	-0.0278308160000002	-0.1269633501000017	0.0520078256000007	-0.0970435048000008	-0.0177182917000005	-0.0889934638000013	0.0507185253000002	0.0701862042000006	-0.076744719000001	1
0.8461573508345662	0.1538426477140543	-5.098114061261977e-16	-0.0449693069222831	0.154146436046291	0.045596815314937	-0.0036169775447736	0.0003702887331777	-0.0029238406763374	0.0643118743000006	-0.1190521558000013	-0.0350366809000002	-0.1205917527000012	-0.019165125	-0.0326778257000004	0.0101715379	0.1440826800000016	0.0688526919000006	-0.0469313211000005	0.0483992978000005	-0.0190635312999995	-0.0879579165000012	0.0541561147000006	0.0663512432000005	-0.0806282803000009	1
1.0608529751304978	-0.060852974501436	-2.9442814951910285e-15	-0.0389298109881368	0.0906058923613244	0.0441262548938679	-0.0033300146209705	0.0003675105378847	-0.0027079010550303	-0.0030865515999999	-0.0031704218	0.0801886446000007	0.0853748653000009	-0.0356915317000004	0.0281687200000003	-0.1193409569000013	-0.0879572420000009	0.0620152370000005	0.0620251075000006	-0.0551966132000007	-0.020404848	-0.086849972900001	0.0574934194000007	0.0622978778000008	-0.0840972192000011	1
1.1379216724303487	-0.137921673185797	-2.4258731333365522e-15	-0.0373608896079815	0.0900936381917881	0.0375731342862475	-0.0033779078094475	0.0004569607977004	-0.0026392416183205	0.0132593642000001	-0.0261810781000001	-0.0452833382000006	0.0764133429000007	-0.0554107090000005	-0.1091115606000013	-0.0115479198000002	0.0384901618000005	0.1050478152000012	-0.1205010582000014	0.0931028002000009	-0.0217419657000003	-0.0856705448000012	0.0607242596000008	0.0580394502000006	-0.087133697100001	1
1.1391964201301985	-0.1391964186787314	-2.5669722324147533e-15	-0.0516037392693822	0.1381807014060146	0.0529951576991446	-0.0035007827095586	0.0005461936475985	-0.0026805567632926	-0.0672415766000007	0.0594959348000007	-0.1235585300000012	-0.0478345239000005	-0.0085567014000001	-0.0216651489000001	-0.0236259342	-0.0402317250000005	0.0400681963000005	0.0164052438	0.0583396638000004	-0.0230746094000006	-0.0844206031000005	0.0638426524000012	0.0535899776000009	-0.0897220992000008	1
1.1084092983661786	-0.1084093015518326	-3.6953373827966345e-15	-0.0484761291002519	0.0766739080452788	0.060430242027366	-0.0031938069619827	0.0005039612077785	-0.0027927044776798	0.0682843964000008	-0.0490309226000004	0.0013059521999998	0.100163630500001	0.0516208147000005	-0.0428059615000005	0.0101148715000002	0.0287455805000003	0.1119369127000012	-0.0142023226	-0.0111858532000001	-0.0244025048000007	-0.0831011765000007	0.0668428233000011	0.0489641061000009	-0.0918491150000009	1
1.0715729049529734	-0.0715728985535637	8.632611935881025e-16	-0.0483622569600048	0.1104824738148408	0.0480833959962011	-0.003518827718593	0.0004651676507924	-0.0029366893718068	-0.0733419496000007	-0.0225513564000002	0.0098164659999999	-0.095014536800001	0.095743720900001	-0.0426219028000004	-0.0106343091000001	-0.0213147421000002	0.0405775705000004	0.0051648752	-0.0663700331000008	-0.0257253786000002	-0.081713351000001	0.0697192167000009	0.0441770624000006	-0.0935038064000012	1
1.0407927737062437	-0.0407927852722555	-1.444846022526677e-14	-0.0411942345368171	0.1101844019287193	0.0506014228650149	-0.0037099038853722	0.0004614149740139	-0.0026486546496247	0.1034082156000009	0.0717856475000009	0.0204287074	-0.077359623500001	0.0013732988999998	0.0972231901000011	-0.0297788262000003	-0.0348552758000004	-0.0365979339000003	-0.100294133600001	0.0108554062	-0.0270429587000008	-0.080258269000001	0.0724665061000008	0.0392446037000006	-0.094677664500001	1
1.0215508975369194	-0.0215508820167727	3.4800739675996985e-14	-0.0351826833651783	0.1118648368273521	0.0453381325098272	-0.0033562505940603	0.0002121285383632	-0.0024591551700949	-0.0120080570000002	-0.0929917019000009	0.0288342048000003	0.0232876467000003	-0.0052916808000001	0.1041649920000011	-0.0007782146999998	0.0150901712	-0.082506649000001	0.0002823451999999	-0.0058016170000002	-0.0283549738	-0.0787371281000005	0.0750796043000012	0.0341829659000005	-0.0953646527000011	1
0.983695461131199	0.0163045380758002	-1.153143574619316e-13	-0.0350625089626387	0.092107821609616	0.0377094013632871	-0.0033919817212556	0.0003990180733483	-0.0026623367617302	-0.0600973416000006	0.0471174535000006	0.0311661851000002	0.090579809200001	0.0117938469000002	-0.0725721151000008	-0.0184555975000002	-0.0138710418	-0.0269405484000003	0.0190340180000001	0.0675079338000007	-0.0296611541000003	-0.077151180200001	0.077553672300001	0.0290088101000004	-0.0955612383000011	1
0.7253339289716786	0.2746659664359926	3.2849066774592565e-13	-0.0355062566080301	0.1304370941381026	0.0376599712366071	-0.0034599082039321	0.0004461880438106	-0.0027087416983356	0.1394599052000015	0.0420492131000001	-0.0660868109000007	0.0148808579000001	-0.0165030419000001	-0.088393306200001	-0.0339043709000006	-0.0228105397000001	-0.0305842431000005	0.0106337712000001	-0.0815730604000008	-0.0309612306000001	-0.0755017308000012	0.0798841288000007	0.0237391677000001	-0.0952664105000012	1
0.3114632885394474	0.688537264522173	-9.368143520625779e-13	-0.0380952788802343	0.1179766288933161	0.0455991442392613	-0.0035419034053096	0.0004607006242773	-0.0026531952470812	0.0061552516	-0.0833788879000008	-0.0548618712000006	-0.1142916713000015	-0.0295776972000001	0.0291338308000003	-0.0297268234000006	0.0600723855000007	0.0848063160000006	-0.0735357452000008	0.0798214955000011	-0.0322549359000005	-0.0737901375000015	0.0820666583000005	0.0183913845999995	-0.0944816852000012	1
0.0162734895311234	0.9837243444709766	2.6066589968816534e-12	-0.0340240612179203	0.1085444872201867	0.0448843379952427	-0.0035679287985651	0.0004353195288467	-0.0027002335890386	-0.0160888008000001	-0.0028567148000001	0.0619290171000008	0.0820511646000008	-0.103302473600001	0.0443684496000004	-0.0718661337000008	-0.0586988523000006	0.0693872289	0.0069385772000002	0.0310115271000006	-0.0335420038000002	-0.072017809000001	0.0840972192000005	0.0129830635999997	-0.093211097900001	1
-0.1156948159504689	1.1157022940071648	-7.089473511841344e-12	-0.0365073058692219	0.0884223666342614	0.0318371681240989	-0.0033737956720252	0.0005330440272567	-0.0026921118843085	-0.0074580637	-0.0159420940000002	-0.0477796276000002	0.0887319397000006	-0.0643697900000005	-0.0576201029000007	0.0066571948999999	-0.0526834835000005	0.0931101122000004	-0.098408246000001	0.0895612544000013	-0.0348221695000007	-0.0701862042000013	0.0859720514000004	0.0075320069999994	-0.0914611824000009	1
-0.1446790022174706	1.144654973755513	1.8937038867741098e-11	-0.0484298714706316	0.1471139239942123	0.0459896880152552	-0.003686815322372	0.0005328728854656	-0.0026420310556439	-0.0057110910000001	0.0391285105000002	-0.1608148939000014	-0.0513532698000007	-0.0559931247000005	-0.0466838199000005	-0.0098653031000001	-0.090247721300001	0.0020783047999993	-0.0482527998000005	0.0852016157000012	-0.0360951694000008	-0.0682968306000009	0.0876876832000006	0.0020561577999996	-0.0892409375000007	1
-0.1244228182480147	1.1244965479641251	-4.958975118181895e-11	-0.0226178256284435	0.0719426200947019	0.0379756377045771	-0.0032981711184815	0.0006448157553158	-0.0026149485992521	-0.0008410323	0.006919915	-0.0354300735000001	0.1132309721000009	0.1027778881000014	0.0738746817000008	0.1263678480000012	0.0823939782000009	-0.0021060281000005	-0.0176810526999999	-0.0461590445999999	-0.037360741600001	-0.0663512432000012	0.0892409375000004	-0.0034264595000007	-0.0865617806000009	1
-0.0879644962267999	1.087744962922462	1.2730696221897936e-10	-0.0404622760696748	0.1641811141036855	0.054116219246354	-0.0040049604343738	0.0004104457416766	-0.0027181922653283	-0.0087779617000001	0.1027711195000007	-0.0739298951000003	-0.0700019269000008	0.1527700201000021	-0.0482861568000005	0.0348174490000002	-0.0141969208000001	-0.0329005302000009	0.0682482022000008	0.0930184245000015	-0.0386186257	-0.064351043500001	0.0906289382000005	-0.0088977982000005	-0.0834374889000008	1
-0.0536186541731186	1.054229489984965	-3.1982673554629665e-10	-0.0483398344836279	0.0965728613809493	0.0586202501718567	-0.0037719115121263	0.0004377357173032	-0.0027751853089407	0.116096882100001	-0.1042400345000013	0.0314913257000005	0.0315083218000001	0.1281752649000015	0.0919249246000009	0.0412821964000004	-0.0418648254000005	0.0889263840000003	-0.0860647865000006	0.0160205978000005	-0.0398685628000004	-0.0622978778000008	0.0918491150000005	-0.0143398485000005	-0.0798841288000008	1
-0.0287973604754901	1.0273285851093017	7.854718746485967e-10	-0.0309805855855954	0.0868598189086772	0.0315818279685659	-0.0036022204248023	0.0005968175546911	-0.0026729406526689	-0.0505172230000002	-0.0293369799000003	0.0962036164000011	-0.0569399901000008	-0.0063038971999998	-0.0754701095000007	0.0450290309000004	0.0352134532000005	0.1202087687000008	0.0824459858000011	0.048918271300001	-0.0411102958000011	-0.0601934360000011	0.0928992083000005	-0.0197346973000007	-0.0759199731000007	1
-0.013911305189882	1.01431436605404	-1.8788115557123035e-09	-0.0447006424052036	0.1559876532142408	0.0457195532680011	-0.0038458886203306	0.0004568003918175	-0.0027551345850869	0.1424556576000015	0.0611790693000002	0.0036735586000003	-0.0676168148000008	0.0197987428000002	0.0260175773000003	-0.0040707882	-0.0150668756000001	-0.0046979815000005	0.0406467016000007	-0.0659736634000003	-0.0423435691000002	-0.0580394502000009	0.0937772737000005	-0.0250645864000006	-0.0715654069000008	1
-0.0059140591572623	0.8782169780968004	4.350895855743705e-09	-0.0358535375712561	0.0847983194636438	0.0372855384685808	-0.0035170030957392	0.0003683807505164	-0.0027748625165799	-0.0167286548000002	-0.1161173997000014	0.0535491634000007	-0.060541256100001	0.0696007220000009	0.0392274915000004	0.0378814265000002	0.0346757702000003	-0.0853823527000014	-0.0224269702	-0.0089598519999997	-0.0435681289000007	-0.0558376933000012	0.0944816852000005	-0.0303119720000009	-0.0668428233000009	1
-0.0025917989502993	0.4975995560970376	-9.65673443123362e-09	-0.0436398582747733	0.134884056650379	0.0370063850181452	-0.0038547992529049	0.000504001633133	-0.0028530393578726	-0.0166416475000002	0.0629631010000004	0.0959267403000011	-0.0939127512000011	0.0156983977000002	-0.0299771097000002	-0.0187463295000002	0.0205834310000003	0.0039209486999996	-0.0008092836999998	-0.0605456758000004	-0.0447837232	-0.0535899776000011	0.0950111383000006	-0.0354595815000007	-0.0617765075000007	1
-0.0003546030681487	0.1278207769083629	2.0166539068779287e-08	-0.0297107015156827	0.1195970606270721	0.0299245929739413	-0.0036603522680786	0.0004711746792125	-0.0028266471501351	0.0785280199000007	0.0298591898000002	0.080928282100001	-0.0258469159000004	-0.0476715874000003	0.1245854850000013	-0.0488612912000005	-0.0579494964000005	0.0322617874999999	-0.0251006176	0.1158549404000014	-0.0459901020000006	-0.0512981531000011	0.0953646527000008	-0.0404904708000007	-0.0563925126000007	1
-0.0012986878203775	-0.0723739744927125	-3.812038724666993e-08	-0.0284494852889742	0.0815278717702473	0.0018855033578258	-0.0030202085743523	0.0006164448741931	-0.0026100790305746	0.0656351062000007	-0.0051153391000002	0.0342306991000004	0.0422496267000001	-0.1307471701000015	-0.0706216293000008	-0.0252180086000004	-0.1048082766000011	-0.0796322710000012	0.0308441048000005	-0.0293035856000002	-0.0471870168000011	-0.0489641061000012	0.095541573700001	-0.0453880801000006	-0.0507185253000007	1
0.0334414469886694	-0.140354312166669	5.86707210196426e-08	-0.0299922086791329	0.1574639526547668	0.0224086526261682	-0.0034967327669207	0.0006010307815093	-0.0025894582180891	-0.0647094778000007	-0.0652995449000009	-0.1242118038000011	-0.0802171475000009	-0.1316807424000013	-0.0611530712000006	-0.0671724600000009	0.0207296913000002	-0.054000909200001	-0.0474325643000005	0.0160051078000002	-0.0483742214999999	-0.0465897578000011	0.0955415737000011	-0.0501362882000009	-0.0447837232000007	1
0.3040209330358271	-0.1371894946488841	-4.073241291057435e-08	-0.0368750923699257	0.1260568262847674	0.0373526376996829	-0.0036790719571884	0.0003348494756762	-0.0026348997188932	-0.1000010785000011	0.0639989745000007	-0.0577552536000005	0.0751479990000008	-0.0344803754000001	0.0694082428000008	-0.0947782522000013	0.0936026617000013	0.0639097735000004	0.0554665525000006	0.0335982196000005	-0.0495514717000002	-0.044177062400001	0.0953646527000011	-0.0547194656000009	-0.0386186257000007	1
0.7145457883468213	-0.1050979433952017	-1.9710337799304322e-07	-0.0246719548760549	0.1044819753491874	0.0202063887523423	-0.0036788351568884	0.0005178480643742	-0.0026340629371739	0.0417018788000005	0.0589301132000005	-0.0435935471000004	0.0729469993000006	0.0050269657	-0.0182634964000002	0.0172976766000001	-0.0013898988999999	-0.0132949996000002	0.0762519561000009	-0.0307712629000002	-0.0507185253000009	-0.0417280058000006	0.0950111383000011	-0.0591225262000005	-0.0322549359000004	1
0.9971895783723368	-0.0682665551209194	1.3179982000331458e-06	-0.0303130281271248	0.1314595527770891	0.0393679611660226	-0.0036788920800027	0.0004649254832284	-0.0026761581612792	0.0838242611000008	-0.1129576942000014	-0.0140192542	0.0456913942000006	0.0285101236000002	-0.0510170888000006	-0.0020794141999998	-0.0101725827000002	-0.0362690932000005	0.0130316854000001	-0.0120389878000003	-0.0518751419	-0.0392446037000001	0.0944816852000013	-0.0633309768000004	-0.0257253786000003	1
1.1201044938487414	-0.0387679987578295	-5.503412636225238e-06	-0.0328216051306782	0.1203725491304795	0.0139012481999717	-0.003679223567504	0.0002043328849989	-0.0028981372854145	-0.0563542469000005	-0.0777761671000009	-0.0471794329000005	-0.0468689077000006	-0.0446073307000007	-0.0573271566000006	0.0053724275000001	-0.0729473720000009	-0.0124219216	0.0186922660000001	0.0330254933000001	-0.0530210836000008	-0.0367289002	0.0937772737000013	-0.0673309646000005	-0.0190635313000001	1
1.1443747092676453	-0.0195846404071201	1.9592515923045284e-05	-0.0213454502841155	0.1069314099291596	0.0001121438535419	-0.0032961948477656	0.0002119395942623	-0.0029961634903285	-0.1161633152000011	0.0440593837000005	-0.0550220570000007	0.0509193284000005	-0.0927222180000012	0.0456573836000005	-0.0012055179	0.0367446989000004	-0.0625161735000005	0.1087908199000011	-0.0906568094000011	-0.054156114700001	-0.0341829659000002	0.0928992083000012	-0.0711093231000007	-0.0123036518000002	1
1.122345158794412	-0.0089076485150789	-6.430134668049381e-05	-0.035939453739147	0.1810391276877133	0.0015270283012962	-0.0030838014192121	0.0001444511215468	-0.0028862862700809	-0.0610586779000007	0.0870000728000007	-0.0647691924000005	-0.0149045124999998	0.0036192484	-0.0363782329000003	0.0183468708000001	0.0190267567000002	0.0155951327000002	0.0410021495000003	-0.1196677047000015	-0.0552800013999995	-0.0316088963000002	0.0918491150000011	-0.0746536153000008	-0.0054805020000001	1
1.0853341077543148	-0.0036622058348158	0.0002018498677972	-0.028614694926759	0.1172929996409235	-0.0014213618216278	-0.0025220016085613	4.850180226670713e-06	-0.0026570000634338	-0.0366195589000006	0.081605791100001	-0.0060841318000001	0.0180659576000001	0.0160996653	0.1875404513000023	0.0262727652000003	-0.0374605665000004	0.0405088525000005	-0.0684530324000007	-0.0392674248000005	-0.0563925126000006	-0.0290088101000003	0.0906289382000009	-0.0779521747000009	0.0013708305999999	1
1.052261515128052	-0.0013408139194901	-0.0005840824036065	-0.0263179949318727	0.0901999855290112	-0.0136804660463386	-0.0022280610095928	0.0003364638904598	-0.0026591331518918	-0.0115994959	0.0260510364000002	0.0943350187000009	0.0922283730000009	0.0070392204	-0.0435235078000004	0.0725387589000009	-0.0069206982999999	-0.0160826868	0.0641247888000007	-0.0655098057000007	-0.0574934194000007	-0.0263848473000003	0.0892409375000009	-0.0809941435000008	0.0082151139	1
1.0261588712237315	-0.0004001411095433	0.0014083996324334	-0.0196904120155636	0.1389461856221178	-0.0212239933868832	-0.0026672020273695	0.0002310347705057	-0.002649202511912	-0.0095417745000001	0.0549511005000005	0.0747504861000008	-0.1069873698000012	-0.0727602982000011	-0.0146744472000001	0.0756339700000009	-0.0026233096	-0.0091805510999999	-0.0624662955000006	-0.1346346317000017	-0.0585824951000003	-0.0237391677000003	0.0876876832000009	-0.0837695089000009	0.0150171519000001	1
1.0120783126120705	-4.983987255518469e-05	0.0010937086453328	-0.0262108261712372	0.1320824987898994	-0.0055659100364526	-0.0026140882503552	0.000325833360342	-0.0025490848512918	0.0206790022999999	0.0566071757000006	0.0495935902000005	0.0445465333000005	-0.1407168194000018	0.1545410285000017	-0.0572994985000005	-0.0712964230000008	0.0002791868999999	-0.1585225876000017	-0.0222561839000004	-0.0596595157000002	-0.0210739489000002	0.0859720514000008	-0.0862691351000009	0.0217419657000002	1
0.8596663227775493	4.991522688063873e-06	0.1460193696808394	-0.0226374303063892	0.0829722665750825	-0.0159899469154828	-0.0023180679984011	0.0003390047050021	-0.0025911129840212	-0.0174430081000001	-0.0527480430000003	-0.0656832476000009	0.1311273128000012	-0.1692123949000021	-0.0963870830000011	0.0145142071	-0.0145428641	0.0269969400000004	-0.1454584030000016	0.0384304004000002	-0.060724259600001	-0.0183913846000003	0.084097219200001	-0.0884847944000009	0.0283549738000003	1
0.4698656944593286	-2.983899738528135e-06	0.5323451325591068	-0.0217809006709466	0.1478511345817427	-0.0057420752802817	-0.0027236840209282	0.0002510255950953	-0.0025886673715918	-0.1317173425000015	0.076240261700001	-0.1245200171000016	-0.0301998387000001	-0.0503765794000009	-0.0556353899000007	-0.0066088820000006	-0.0755180674000007	-0.0075128657999998	-0.1389584337000018	0.0217007430999998	-0.0617765075000003	-0.0156936827000004	0.0820666583000012	-0.0904091936000009	0.0348221695000004	1
0.1095090486768055	4.382264235560442e-06	0.891232035332263	-0.0221379604309525	0.1232051938360427	0.0028132966999545	-0.0025153783477945	0.0004559967833337	-0.0027789340596441	0.0670024028000007	0.0230538541000004	-0.0682490822000013	0.0891344788000012	0.0396671632	0.1024451711000008	0.0142428494999993	-0.0278762899000001	0.055310170400001	0.0874021119000007	-0.0414783883000008	-0.0628160431000006	-0.0129830636000002	0.0798841288000015	-0.0920359983000008	0.0411102958000004	1
-0.0801321885001676	-1.0005857818096427e-05	1.0803110582796478	-0.0209937002609725	0.1029485393421931	-0.0158626665305671	-0.0026380836624233	0.0003150457005278	-0.0026870912908708	-0.0816110590000009	-0.0949677808000006	-0.0713903570000014	-0.0386072096000002	0.1001456931000005	-0.0245670913000006	0.1132962111000001	-0.0008758414999998	-0.0259544056999997	-0.0335758635000007	-0.0119185986000006	-0.0638426524000006	-0.0102617584000004	0.0775536723000014	-0.0933598536000008	0.0471870168000004	1
-0.1417519320810122	2.5033098012304347e-05	1.1417260867622316	-0.0263958981693399	0.1710495928974623	0.0170999159927313	-0.0030787673152737	0.0001831034696794	-0.0026652268461641	-0.0093462089000002	0.1110700268000015	0.0058174109999995	-0.0912625125000004	0.0726266675000001	0.0333959391000001	0.0860248751000003	0.0207008751000004	0.047488174900001	0.0155329114999999	0.0129565480999997	-0.0648561241000003	-0.0075320069999997	0.0750796043000018	-0.0943764019000003	0.0530210836000009	1
-0.1356465933615579	-6.251574123110601e-05	1.1357104936718223	-0.0262423809730159	0.1103265086183999	-0.0074731444576916	-0.0023791041539369	0.0003081326529998	-0.0026326435053891	0.0658023350000005	-0.0221037245	0.0898517311000003	0.0302543558000007	0.0706224419000002	-0.0293736854000006	0.0331370777999994	-0.1489095140000014	-0.0400511628999999	-0.0433791093000007	0.0318570009999998	-0.0658562496000002	-0.0047960562000001	0.0724665061000015	-0.0950822971000005	0.0585824951000007	1
-0.1026565412720867	0.0001530072221167	1.1025030121492403	-0.0247328605855437	0.1401613421201522	-0.0256375707672885	-0.0026231011133839	0.0003010285223132	-0.0026891138654575	0.1326063574000013	-0.0514986525000004	-0.0147947541000007	-0.0316706975999999	0.0103317522999994	-0.0429127347000008	0.0674786961999996	0.0107992833000004	-0.0386665977999998	-0.0074253837000003	-0.1138526646000017	-0.0668428233	-0.0020561578000004	0.0697192167000013	-0.0954752155000008	0.0638426524000006	1
-0.0660546345378986	-0.000352940459424	1.0664077409494404	-0.0299598119330248	0.1369963362142953	0.009548010367296	-0.0028733634205854	0.0001078136402352	-0.002653355259645	-0.0427542210000006	-0.0687232924000004	-0.033845348400001	-0.1318809494000011	0.0342893142999997	0.1087836395000009	-0.0470387250000016	0.0060261815000002	0.0441344849000009	-0.0313016148000006	-0.0266840892000007	-0.0678156420000004	0.0006854329999996	0.0668428233000014	-0.0955538639000008	0.0687745056000007	1
-0.037211522160098	0.0007575121849874	1.036453941670395	-0.0286650376380915	0.1049268067212101	0.0095621923633616	-0.0028733245451708	0.0001398119650278	-0.0026528100075315	-0.0754933628000009	0.0109269735000005	0.1285535829000007	0.046457878800001	0.0364416835999998	0.0032165163999998	0.0193522452999996	0.0328169881000006	-0.0277633050999998	-0.0029180550000002	0.0447530180000001	-0.0687745056000005	0.0034264595000001	0.0638426524000015	-0.0953179834000004	0.073352693200001	1
-0.0186645652657443	-0.0017434081267134	1.0204080520387395	-0.0171789088357161	0.1014872605191635	-0.0170210146208814	-0.0028280283480187	0.000374129361573	-0.0025659773853725	0.0652032779000007	0.0363760891000007	0.1260922151000006	0.0123481711000004	0.0519590066000001	-0.0381360462000006	0.0297053238999993	0.0149652473000005	0.0140249055000006	0.017260511	0.0339160229	-0.0697192167000005	0.0061646658999994	0.0607242596000011	-0.0947683504000008	0.0775536723000009	1
-0.0084334545509633	0.0459943217290682	0.9624389794061518	-0.0241361233815514	0.1635844622399541	0.0112746987301057	-0.0029930998855244	0.0003079783238472	-0.0026575514501438	0.0987356948000008	0.0377159665000006	-0.0158094178000006	-0.0540520679000001	-0.0192298523000009	0.0635942304000005	0.0344640085999998	0.1248749100000015	-0.0803784070000004	-0.0271309179000004	0.0020223488999997	-0.0706495810000004	0.0088977982000002	0.0574934194000014	-0.0939067741000005	0.0813558400000011	1
-0.003443662906823	0.3406672945113997	0.662776661086679	-0.0278601410295347	0.1129493309395291	0.0159453164941975	-0.0030050511670572	0.0003514489695219	-0.0026269824296788	0.0570961969000007	-0.192551075500002	0.0003353478999997	0.0129155169000002	0.0439403650000001	-0.0436003196000006	-0.0039848151000003	-0.1003518901000012	-0.0278517261000002	0.1110956024000012	0.120645270000001	-0.071565406900001	0.0116236070000006	0.0541561147000011	-0.0927360906000006	0.0847396439000012	1
-0.0012494679721278	0.747695542637732	0.253553466175896	-0.0252910735783873	0.1179915886994253	-0.0253357107535096	-0.0026952181284274	0.000210784304169	-0.002807226532413	-0.0682784305000006	-0.1075227814000012	0.0374811847000004	-0.0420020004000005	-0.0355475953000004	-0.0454003082000005	0.0442542086000003	-0.006724585	0.0020384574999998	0.0217416205000002	0.0612811356000008	-0.0724665061000008	0.0143398485	0.0507185253000002	-0.0912601531000013	0.0876876832000011	1
-0.0003642640003268	1.0141546075236652	-0.0137899924521422	-0.0254116233626577	0.1720012567394505	-0.0241054264246118	-0.0029061882081283	0.0002300381276323	-0.0027781727818738	-0.0825318234000008	-0.0047515841000003	-0.0070188715999997	-0.1380369488000017	-0.0434840393000003	-0.0525271679000005	0.0034176328	-0.0325610225000003	0.0149151647999997	0.0465371564000005	0.0185897085000005	-0.0733526932000004	0.0170442873	0.0471870167999998	-0.0894838202000016	0.0901847978000012	1
-3.947399254882368e-05	1.1254624953186736	-0.1254216449516571	-0.0229624489297324	0.1311163904375976	-0.0201801951629652	-0.0024740578045367	0.0003407278719411	-0.0026080870718543	-0.0823554285000009	0.0174140286	0.0203098237000005	-0.0237523682000005	-0.0521280454000003	0.1251693180000015	-0.0225104037000002	0.0125668469000001	0.0032950197999994	-0.0628770298000004	0.0239380209000008	-0.0742237856000007	0.0197346972999998	0.0435681288999995	-0.0874129386000018	0.092218146800001	1
4.221768332596916e-06	1.1436851089704363	-0.1436989985434769	-0.0190771696938584	0.1012011110028224	-0.0118833347096372	-0.0025248894125061	0.0004961417751982	-0.0024878797901889	-0.105901289600001	0.02283666	0.0352742841000005	0.0994011477000008	-0.0540981112000004	-0.0340772631000003	-0.0586709114000005	-0.0213243005000001	-0.0033839183000006	0.0022670687000002	-0.0730583853000002	-0.0750796043000009	0.0224088639999998	0.0398685627999995	-0.0850543252000017	0.093777273700001	1
-2.737646726571697e-06	1.119233436226138	-0.1191896645945574	-0.0138938962093811	0.1284773071933643	-0.0201051180004725	-0.0025949210335385	0.0004573242966281	-0.0025609133691966	0.0160169694	0.1041547183000008	-0.0716861557000003	0.0642962178000004	0.0078847373000003	-0.0543979218000006	0.0396225438000004	-0.0263717118000002	-0.0711157896000012	-0.106256204700001	0.043876194200001	-0.075919973100001	0.0250645863999998	0.0360951693999994	-0.0824157435000015	0.0948541610000012	1
4.467395822304649e-06	1.0820046719302971	-0.0821593283771782	-0.0484654254838127	0.1480304768538907	0.0352995554054457	-0.0028122301205296	0.0001969459572185	-0.0028057315501355	0.0732937409000008	-0.0384293123000006	-0.1506344393000012	0.0280507397000001	0.0181939602000001	0.0312646828000003	-0.0357622305000002	0.1273123078000013	-0.0108775977000006	0.0259630400000006	-0.0375079023999998	-0.0767447190000013	0.0276996788000005	0.0322549358999999	-0.0795058789000011	0.0954432708000012	1
-1.0723189544279065e-05	1.0495272287057271	-0.0490408184854158	-0.0304925537421783	0.0924164860415707	-0.0024946954665377	-0.0025467698840122	0.0001759013401843	-0.0026707862378195	-0.0084555743999999	-0.1048068331000012	0.0107947645000002	-0.0166655710000005	0.0403864320000004	0.0210400970000003	0.0270678181000004	0.0487396785000004	-0.0359676779000008	0.0472884611000008	-0.053892609	-0.0775536723000017	0.0303119720000003	0.0283549737999996	-0.0763343096000012	0.0955415737000011	1
2.7686842805666283e-05	1.0247205243490851	-0.0258861080347832	-0.0254250788071321	0.1319964833538459	-0.0083575699611339	-0.002707427659436	0.0004400773362393	-0.0026409127275984	-0.0168853061000001	0.0341251611000001	0.1087455601000015	0.0233504663000002	-0.0264179162000002	-0.0490051786000004	0.0122908398000004	0.0285886488000003	0.0248773857999998	-0.0294987568	0.0117735419000006	-0.0783466667000007	0.0328993162000003	0.0244025047999995	-0.0729114752000011	0.0951485642000013	1
-7.128974244666333e-05	1.0079729136320608	-0.0122518798193991	-0.0304854163409092	0.1641247323169365	-0.0113067648977679	-0.0027120016697951	5.006822066460232e-06	-0.0025860017804923	0.1263946472000013	0.0192339247999997	0.0043703901000003	-0.0188979895000002	-0.0200500274	-0.085374598600001	-0.0518041330000006	-0.0160297251000001	0.0337653215999999	0.0028473018000002	-0.0406282571	-0.0791235388000004	0.0354595815	0.0204048479999994	-0.0692486424000012	0.0942662634000011	1
0.0001804400879963	0.831634880388792	-0.005241026275653	-0.0277769167800134	0.1304626304655586	-0.0074367374682396	-0.0026125968647493	0.0003159075781908	-0.0026080980176032	-0.0857877761000008	-0.0521883598000006	-0.0136821594	-0.0588996338000009	-0.0360226052000003	0.1197221118000014	-0.089671622600001	-0.0224222049000003	0.0166609114999997	0.0135518019000003	-0.0130090209999997	-0.0798841288000011	0.0379906609000002	0.0163694059999995	-0.0653578680000013	0.092899208300001	1
-0.0004333442831987	0.4314518205350255	-0.0020150909554006	-0.0219322805414357	0.0990956799709577	-0.028490550238729	-0.0024610706172658	0.0003371714185796	-0.0025760894433132	-0.0049712544	0.0714483221000007	0.1004661876000012	0.0792116455000007	-0.0462065157000005	-0.0344306126000003	0.0315076039000005	0.0264043644000004	-0.0555641148000009	-0.0737579573000006	-0.0174397599999997	-0.0806282803000013	0.0404904708000002	0.0123036517999996	-0.0612519591000008	0.0910544289000011	1
0.0009685411080077	0.0852551991020019	-0.0006670332485801	-0.0161995556887297	0.1710418551982695	-0.0284627947600314	-0.0022511801105968	0.0002647829160201	-0.0024712095816062	0.0717963262000009	-0.0216772069000005	-0.0561548891000003	-0.0274984225000003	-0.1208107254000012	-0.1226867373000013	-0.0031526251999999	0.0507584602000006	0.0653721880000004	0.0302177273000005	0.0361842153000007	-0.0813558400000007	0.0429569540000002	0.0082151138999998	-0.0569444308000008	0.088741411800001	1
-0.0021041161600795	-0.0900290019181956	-0.0001403302853125	-0.0107244920099422	0.1387916637125529	-0.0254859985057589	-0.0023960010761762	3.979855729319565e-06	-0.0024870024406332	-0.0786592994000008	0.0014835580999999	-0.0491399634000004	-0.0124744335000003	-0.0212193315	0.1369882934000016	-0.0913546287000012	0.0035425883000001	0.0425477918000001	0.0281213175000004	-0.0633155981000003	-0.0820666583000007	0.0453880800999999	0.0041113635999996	-0.0524494619000011	0.0859720514000006	1
0.0563800435649547	-0.1432164737654886	3.85915905803758e-06	-0.0066374369981052	0.1222151060942603	-0.0284714790862783	-0.0023109992217893	3.862824805534261e-06	-0.0024770034849521	-0.0488000822000005	0.0495643527000004	0.0628426771000009	0.1469417302000016	0.0081989246000003	-0.0489976669000005	0.0038214928000001	0.0338552626000005	0.0431268225000001	0.0085297975000002	0.0079284215000004	-0.0827605889000004	0.0477818483000002	-2.45907064913848e-16	-0.0477818483000007	0.0827605889000008	1
0.3674411317938693	-0.1333062124737116	-2.367148268905561e-06	-0.006449495681977	0.1701378044506341	-0.0359464769459099	-0.0024080003566674	3.834210802382133e-06	-0.0023540024291932	0.1107430597000012	0.0488991793000002	-0.0311238393000001	0.0036233332	0.0018057276000001	-0.096019914900001	-0.0044007665	-0.0606232227000006	-0.0135138644000002	0.0058962866000001	-0.0266709987000001	-0.0834374889000003	0.0501362882000003	-0.0041113636000003	-0.0429569540000005	0.0791235388000008	1
0.7705708544037289	-0.0992212740882344	1.6586319747387697e-06	-0.010403807486625	0.1811985664342062	-0.0220987703840621	-0.0027466331860165	0.000316281840916	-0.0023890722218317	0.0102972928	-0.0750110282000008	-0.0916081159000008	-0.0417554640000003	9.033050000014988e-05	0.1052197079000012	-0.0060233545	0.0658020177000006	0.092157523400001	0.0269934885000003	0.0634604469000007	-0.0840972192000004	0.0524494619000008	-0.0082151139000001	-0.0379906609000005	0.0750796043000008	1
1.025493061964374	-0.0630150619370863	-1.8501139989061203e-06	-0.0177167835914243	0.1021906874012891	0.0049143186568301	-0.0031349072238239	7.908309425681439e-05	-0.0026048846362371	-0.0577936531000004	-0.0396304212000004	0.0420162867000002	0.0177396399	0.0589413533000006	-0.0807337019000007	-0.102915051600001	-0.0196551136000002	0.0231912234000002	0.1087509529000013	-0.0107285107	-0.0847396439000014	0.0547194656000008	-0.0123036518000001	-0.0328993162000001	0.0706495810000008	1
1.1288136195948733	-0.0351042073972419	1.9083788928311124e-06	-0.0227833835228773	0.1657772611876579	-0.0102257381244619	-0.0034202742620819	0.0001810713156872	-0.0026722023411816	-0.0132132147000002	0.116817297700001	-0.0162670234000001	0.0342809967000005	0.078562093400001	-0.0606699137000006	-0.0792263442000009	0.0392630254000005	-0.0340468863000002	-0.0253850827000003	0.0166570983000002	-0.0853646308000001	0.0569444308000006	-0.0163694060000004	-0.0276996788000003	0.0658562496000007	1
1.142970623318168	-0.0174338287858505	1.6157999977286056e-06	-0.017855446326478	0.1247375052680002	-6.276412503329426e-05	-0.0030897922624515	0.00016704382147	-0.0026177484504435	0.0963647491000011	0.0472170367000006	-0.0460065847000007	-0.0167472768000004	0.0429847213000004	0.0465121043000005	-0.0772423224000008	-0.002694716	0.0409310153000006	-0.0054032328999998	0.0458452719000006	-0.0859720514000017	0.0591225262000008	-0.0204048480000004	-0.022408864	0.0607242596000008	1
1.1169425756791618	-0.0078055730055762	-2.1580662875182293e-05	-0.0128859558832339	0.1079621603335424	-0.0130783168729637	-0.002737616451402	0.0002970828206164	-0.0026170990951692	-0.0474810111000005	-0.0478483398000004	-0.0208064587000003	0.0654156858000006	0.0767175644000008	-0.0115538481000001	0.0138624493000002	0.1120074151000011	-0.0666249953000005	-0.0799723477000009	-0.0166487962	-0.086561780600001	0.0612519591000008	-0.0244025048000004	-0.0170442873000001	0.0552800014000006	1
1.0796661901989006	-0.0031568830684762	0.0001053667046649	-0.0141844214037396	0.1557181605898995	-0.0147082795208173	-0.00305217188583	0.0002579958103511	-0.0026171172994641	-0.0079549574	0.0796097169000007	-0.0609784942000006	-0.0063377566	0.1319536422000016	-0.0752665290000007	-0.0069084652999999	-0.085693904000001	-0.0437623313000003	0.0838965841000008	0.1310394020000015	-0.0871336971000011	0.0633309768000011	-0.0283549738000004	-0.0116236069999998	0.0495514717000007	1
1.0475902553351244	-0.0011305887236419	-0.0003778062414028	-0.0168165351011135	0.1296303120821562	-0.0104120384235244	-0.0029391731380886	0.0002563471306618	-0.0026171292061515	-0.0114691798000001	-0.0474958302000005	-0.0741002295000008	0.0111308131	0.1130650492000013	0.1160721574000013	-0.00846428	0.0647598244000006	-0.0527728014000004	0.0434437295000005	-0.0321025524000002	-0.0876876832000011	0.065357868000001	-0.0322549359000005	-0.0061646659	0.0435681289000004	1
1.023840489154777	-0.0003178305647261	0.0008943278064667	-0.0122806499928737	0.1136238109932745	-0.0294088617232837	-0.0025821696524983	0.0002588801186376	-0.0026171728080395	-0.0310248756000001	0.0308392955000004	0.0925406094000008	0.0586733064000007	0.1317822032000019	-0.0528646690000005	0.0389380798000004	0.1031079854000012	0.0514514170000007	0.090196382600001	0.0653066204000009	-0.0882236248000009	0.0673309646000007	-0.0360951694000008	-0.000685433	0.0373607416000004	1
1.0042308486576017	-2.702710492098101e-05	0.0073972557127277	-0.0178572136345278	0.1673127063017442	-0.0167879198357347	-0.0029772196199388	0.0002218968256832	-0.0026171754548193	0.1793682121000019	0.0114617492999998	0.0319367847000003	-0.0868690820000009	0.0782148806000007	-0.0369692831000003	0.0535735857000009	0.0148393527999999	0.0192520182000003	0.0409504487000006	-0.0476485348000004	-0.088741411800001	0.0692486424000012	-0.0398685628000005	0.0047960562000004	0.0309612306000006	1
0.8102698101381584	2.5086944540702074e-06	0.1946715583904083	-0.0196879459867885	0.1294163001170146	-0.0084047550664938	-0.0028256654116799	0.0002671022344026	-0.0025491288972344	-0.0385480116000004	-0.0755792850000008	0.0609306620000003	-0.1020011660000012	0.100660793100001	0.089227267100001	-0.088046557900001	-0.0880579434000011	0.080828272800001	0.0282347609000003	-0.0670547818000007	-0.089240937500001	0.0711093231000009	-0.0435681289000006	0.0102617584000001	0.0244025048000002	1
0.4043921225830617	-8.81697507664814e-07	0.5974929469976884	-0.0071581316018397	0.1098579549013148	-0.0420567683332125	-0.0025700003561847	4.793372624352932e-06	-0.0025629978310215	0.0120522063	0.077938883900001	0.144751894700001	0.0542745591000009	0.0492357806000005	-0.0064941761000001	-0.0013295942000006	0.1027102478000014	-0.0686437180000003	-0.0318812180000004	0.0349300468000003	-0.0897220992000006	0.0729114752000002	-0.0471870168000006	0.0156936827000001	0.0177182917000001	1
0.0688019706692838	3.972533749105889e-07	0.9318132488388444	-0.0072586122523559	0.1752902152978925	-0.0277897168248711	-0.0028007364355674	0.0002096659518265	-0.0026172166161594	0.1216568421000013	-0.0485623150000004	-0.0152967781000008	-0.0870605767000005	-0.0350680272000006	-0.0837634168000011	-0.0694371033000018	0.0836141151000011	0.0315189712000008	0.0751548022000005	-0.0198420716000005	-0.0901847978000002	0.0746536153000003	-0.0507185253000002	0.0210739489000002	0.0109429642	1
-0.0965055355627524	-1.7599770652510164e-07	1.0966269216456208	-0.0074003711714693	0.1257063658105152	-0.0179261816841184	-0.0029020023029938	5.798833546769952e-06	-0.0026180037936031	-0.0597942695000007	-0.0941134139000006	0.0546066674999998	-0.0648573346000004	0.0618244346000003	0.1123696458000011	-0.089554420100002	-0.0263557807000001	-0.0702047444000003	0.0571911714000003	0.0546751177000002	-0.0906289382000007	0.0763343096000006	-0.0541561147	0.0263848473000003	0.0041113635999999	1
-0.1439535216785865	7.391255032022057e-08	1.1439486941129409	-0.0115904276493515	0.1008241389782247	-0.0400605887282674	-0.0025169987446617	4.685244392401912e-06	-0.002530997781548	-0.0816849054000009	0.0266074634000007	0.1267555976000005	0.0170064337000006	-0.0201332050000007	-0.0424552428000006	0.0124798178999993	0.0573727044000009	-0.0228206118999996	-0.0009061766000003	0.0086065614999997	-0.0910544289000011	0.0779521747000006	-0.0574934194000001	0.0316088963000007	-0.0027413791999998	1
-0.1315122610832512	-3.0151214617730255e-08	1.131514334868232	-0.0233025802332345	0.1759358720049859	-0.026027815283541	-0.003086999620585	6.041187880570001e-06	-0.0026180014518138	0.0563932046000004	0.1108205797000014	0.0874782319000004	-0.0422864355999996	-0.0261164018000008	-0.0163789928000003	0.0002258666999994	0.0342526084000005	-0.0270371428999997	0.0438003942000002	0.0216434949999997	-0.0914611824000005	0.0795058789000011	-0.0607242595999999	0.036728900200001	-0.0095800246999997	1
-0.0967605779400373	1.2019701623527125e-08	1.0967597821312522	-0.0051286341127923	0.1342178383038406	-0.0262743473492727	-0.0024698867436848	8.823299405745581e-05	-0.0026178970256684	0.0424069936000004	-0.0890456558000005	0.0501719729999998	0.0728950887000013	-0.061745535200001	-0.0506529759000008	-0.0577007625000014	-0.0104421179999999	0.0896023288000014	-0.0499187061000008	0.1434020565000012	-0.0918491150000004	0.0809941435000007	-0.0638426524000002	0.0417280058000007	-0.016369406	1
-0.060891866564701	-4.692939630229736e-09	1.060892162991356	-0.0234457744494274	0.1462041463348246	-0.0416830725528866	-0.00288477797107	0.0001767757964145	-0.0026177538946006	-0.1272619559000014	0.0227932495000004	-0.035613836800001	-0.0242655884999997	0.0357967297	-0.071617543000001	-0.0355490888000013	-0.0886586275000007	-0.0336831970999998	-0.0173167464000006	0.0408110242999999	-0.0922181468000005	0.0824157435000008	-0.0668428233000002	0.0465897578000006	-0.0230746094000002	1
-0.0336544891883412	1.7967763424367964e-09	1.0336543458808636	-0.0233556907221121	0.1581317784802824	-0.0110270327807874	-0.0032910041385298	6.808073728160851e-06	-0.0026180001377309	0.0300162283000002	0.0852171503000012	-0.0617423624000011	0.0247274008000008	0.0306839233999998	0.101394819000001	-0.0127283155000007	-0.0004101570999999	-0.0804461313000003	0.1230314981000011	0.0697051091000003	-0.0925682019000013	0.0837695089000015	-0.0697192166999999	0.0512981531000012	-0.0296611541	1
-0.0165966070661063	-6.74949915157403e-10	1.0165967674375875	-0.0037278171777457	0.1118622478538352	-0.0460849587903463	-0.0027037892412267	0.000167038978391	-0.0026177812072291	-0.0293698225000004	-0.0766076635000005	-0.0218995270000009	0.0195080474000005	0.1053774764000008	0.0047156577999997	0.0954865454000001	0.0662911568000008	-0.146872979900001	-0.0320773163000007	-0.0107810163000004	-0.0928992083000008	0.0850543252000007	-0.0724665061000004	0.0558376933000007	-0.0360951694000004	1
-0.0073820733238129	2.486866284545189e-10	1.0073817451572535	-0.0233003549562903	0.1844922971843072	-0.018833596235922	-0.0030900025716214	6.044685322307084e-06	-0.0026179978466908	-0.0291109242000004	0.0906361117000012	-0.0044168590000005	-0.1119730130000006	0.1017530940000009	0.0004226574999998	0.0251507148999995	0.0594928430000008	0.046571201500001	0.0278932015999999	0.0730016667000005	-0.0932110979000005	0.086269135100001	-0.0750796043000003	0.060193436000001	-0.0423435691000002	1
-0.0029647441802708	-8.979415520094114e-11	1.0029654969347606	-0.0195022450983367	0.1237060426795442	-0.0212711479921663	-0.0029260012509806	5.829867124570747e-06	-0.0026180002191546	0.0962762042000009	-0.0089019716999998	0.1111050382000006	0.051761710100001	0.0588291635000001	0.0084630744999998	-0.0194366028000007	-0.1389909690000015	-0.0612151464000003	-0.0083036755000002	0.0631255820000002	-0.0935038064000009	0.0874129386000013	-0.0775536723000002	0.0643510435000013	-0.0483742215000003	1
-0.0010513940586307	3.1696649021067284e-11	1.0010496990334108	-0.0105880643777984	0.1225152244248864	-0.0469289799348484	-0.0026860014570575	5.016057012740233e-06	-0.0026179979249264	0.0818313361000008	-0.0499476421000002	-0.0141337075000008	-0.0198375427999999	-0.0371870737000008	-0.0269818208000005	0.0366809969999995	0.0642528055000009	-0.0153165310999995	-0.0335227420000006	-0.0043228534000004	-0.0937772737000012	0.0884847944000007	-0.0798841288000005	0.0682968306000009	-0.0541561147000006	1
-0.0002869110702322	-1.0913661039571729e-11	1.0002905377405933	-0.0088397593642773	0.2010902702331548	-0.0086031974728077	-0.0031651080924365	-8.19941905458664e-05	-0.0025311368550529	-0.0160573133000003	-0.1081294412000011	0.0120401179999998	-0.0798550656000001	-0.042435662000001	0.0050870127999998	-0.056105861900001	-0.0584674527000007	0.0040771083000002	0.0471528909000002	-0.0357832402000009	-0.0940314434999999	0.0894838202000017	-0.0820666583000001	0.0720178090000013	-0.0596595157000004	1
-1.9615533190996733e-05	3.627950516892845e-12	1.0000124638388506	-0.0010156084418318	0.0958793926692312	-0.0589310737507424	-0.0027049979570367	5.040338763291052e-06	-0.0026179960498413	-0.0793048825000009	-0.0226135884999997	0.1279533298000006	0.0035284513000003	-0.0836549457000015	-0.0044664601000002	0.0664816993000002	-0.0001802506999998	-0.0416864764999999	-0.0227898629000005	-0.0252350116000007	-0.0942662634000015	0.090409193600001	-0.0840972192000004	0.0755017308000012	-0.0648561241000005	1
1.6426465273479305e-06	-1.1648007859598286e-12	1.0000105019778651	-0.0139812713215967	0.1598851947870798	-0.0350618353468374	-0.0029899984084601	5.914345445913501e-06	-0.0026180017596964	-0.0234028699000003	0.1012733980000014	-0.0286854423000008	0.0135377645000007	-0.1768296146000025	-0.0079481499000002	-0.0188025057000007	0.0497781296000006	-0.0738739914000002	-0.0271552941000006	0.0636564209000002	-0.0944816852000012	0.0912601531000013	-0.0859720514000002	0.0787371281000014	-0.0697192167000003	1
-5.767191709943306e-07	3.439786858031201e-13	0.999987123992052	-0.0077776093070691	0.1431202976097846	-0.0243883357362623	-0.0026890041003541	4.896459074875643e-06	-0.0025259998509465	-0.0008878837	-0.0599661534000004	-0.0858416885000014	0.1894692665000027	-0.0795045102000013	-0.0088162586000004	-0.0404422186000011	0.0043257234000001	0.0887037294000012	-0.0343255940000007	-0.0717560300000012	-0.0946776645000004	0.0920359983000013	-0.0876876832000003	0.0817133510000012	-0.0742237856000008	1
2.828046930656086e-07	-1.006924817775866e-13	0.9999802108400468	-0.0094581433514936	0.1432404653457271	-0.0478332885864615	-0.0026743613944784	0.0001120016932969	-0.002617860931066	-0.1150719963000014	-0.0459350295000002	-0.1077314686000017	-2.564139999959594e-05	0.0666587756000004	-0.0562200685000009	0.0247636662999993	-0.0680667913000007	-0.0730595818000002	-0.0400038539000009	0.0101189393999996	-0.0948541610000005	0.0927360906000009	-0.0892409375000006	0.084420603100001	-0.0783466667000009	1
-1.34460766873891e-07	1.6781293156156612e-14	1.00017647839284	-0.0311062015240112	0.1891267305552745	-0.0169645771690052	-0.0029290033868712	5.834572375889332e-06	-0.0026180013080649	-0.0499550865000007	0.1007016576000013	-0.0304582612000007	-0.0616140054999999	0.0073097154999995	0.0628460291000006	0.0119139719999996	0.0562249319000006	0.0002899284000005	0.0031944738999997	-0.0284132751000006	-0.0950111383000007	0.0933598536000015	-0.0906289382000002	0.0868499729000016	-0.0820666583000007	1
5.9400367893738956e-08	-7.630174429511686e-15	0.999612325168608	-0.0166108379775232	0.1309300676877432	-0.0316417993768438	-0.0028168962037913	8.36872166028969e-05	-0.0026178888775921	0.0291531179000001	0.0179777762000003	0.0562243813999999	0.1102881483000018	0.0294258869	-0.0062632122000004	-0.0914344536000019	-0.1328296378000012	-0.0108980910999997	-0.0456628875000009	-0.0233830129000007	-0.0951485642000002	0.0939067741000009	-0.0918491150000007	0.0889934638000012	-0.085364630800001	1
-2.5227325304240877e-08	-6.354003459408823e-15	0.9868150810292806	0.0004584409082478	0.1376160214592796	-0.0732025032380243	-0.0021569989025942	3.823548894266851e-06	-0.0026179986872924	0.0845450444000008	-0.0223304974999999	-0.0546556715000012	0.0008338385000003	-0.0267403816000006	-0.0147102225000005	0.0676404181999996	0.0118436975000003	0.0301785620000009	-0.1197600049000016	-0.0800800164000013	-0.0952664105000006	0.0943764019000004	-0.092899208300001	0.0908440203000008	-0.0882236248000012	1
1.0409102416214611e-08	-3.455090052863203e-15	0.7739624422191428	0.0113134580329449	0.1410550272082096	-0.0926016864476094	-0.0021204673982604	0.0005988968778042	-0.0017878666755445	-0.0253995689	-0.0799852291000007	-0.0797386303000013	-0.0690149479000006	-0.1377325639000019	-0.0159897464000003	0.0863372493000002	-0.0492109364000005	0.055236705100001	0.1621615595000015	-0.1017500566000015	-0.0953646527000015	0.094768350400001	-0.0937772737000008	0.0923955510000008	-0.0906289382000011	1
-4.194842633718666e-09	-4.876421378674194e-15	0.3655131513389591	0.0004654706411031	0.1958359563432045	-0.0365951781149926	-0.002527000072103	2.9805336131316293e-06	-0.0019630021374543	0.0133370631	-0.0266550471000004	-0.0634431830000005	-0.0665745690000004	-0.0711113801000008	0.0063923482	0.0485954314000005	-0.0142669826000002	0.0739113836000007	-0.0423960890000005	-0.0360749523000004	-0.0954432708000005	0.0950822971000014	-0.0944816852000009	0.0936429488000011	-0.0925682019000009	1
1.6626656451943804e-09	-3.122636470121362e-15	0.0467328803743944	-0.008633130190206	0.1307207527368353	-0.0358961493339363	-0.0023476585037771	0.0003046740216708	-0.0022771507071513	-0.0572804050000008	-0.0284594383000003	0.0145525839000003	0.0068864759999998	-0.0231550445000003	0.1810115984000021	-0.0043469888999996	-0.2011120283000025	0.1263186760000009	-0.1549755519000016	-0.0572252450000005	-0.0955022485000013	0.0953179834000014	-0.0950111383000014	0.0945821078000008	-0.094031443500001	1
-6.669459392862579e-10	-3.3601358247893968e-15	-0.1051904629299417	0.0021566242692325	0.1347645750378068	-0.0796494812443038	-0.0020882216926588	0.000265221174605	-0.0021272228715112	-0.0182538604000003	0.105620864700001	0.0016558766000003	0.099253818000001	-0.0152326795999997	-0.0315991910000003	0.1390730840000017	-0.0069345408	-0.0511814471000008	-0.094249035200001	0.0271500667000006	-0.095541573700001	0.0954752155000006	-0.0953646527000017	0.0952099364000005	-0.0950111383000011	1
3.3825237055751245e-10	-2.886579864025407e-15	-0.1438127832626753	-0.0005030763878867	0.1874282237506159	-0.0501467023025985	-0.0025319997671947	5.759378819755455e-06	-0.0021799949417866	0.1029034509000012	0.0114476419999998	-0.0891186102000006	-0.0526013578000006	-0.1122472642000009	-0.0200319037	0.0348475483000005	0.0927417670000011	0.0962464962000007	0.071732909500001	-0.0648229584000003	-0.095561238300001	0.0955538639000008	-0.0955415737000015	0.0955243683000005	-0.0955022485000012	1
